ID,Name,user_id,rating
1,Chapat Ganesh Mandir,78,3
1,Chapat Ganesh Mandir,3490,5
1,Chapat Ganesh Mandir,3491,3
1,Chapat Ganesh Mandir,3757,4
1,Chapat Ganesh Mandir,3758,5
1,Chapat Ganesh Mandir,3759,5
1,Chapat Ganesh Mandir,3760,4
1,Chapat Ganesh Mandir,3761,5
2,Mayadevi Temple,3762,4
2,Mayadevi Temple,2111,5
2,Mayadevi Temple,3629,5
2,Mayadevi Temple,2170,5
2,Mayadevi Temple,3763,5
2,Mayadevi Temple,3675,5
2,Mayadevi Temple,2137,5
2,Mayadevi Temple,3764,5
2,Mayadevi Temple,3762,4
3,Sikali Mandir,3069,5
3,Sikali Mandir,3507,5
3,Sikali Mandir,3508,5
3,Sikali Mandir,1452,4
3,Sikali Mandir,3750,4
3,Sikali Mandir,3751,5
3,Sikali Mandir,45,5
3,Sikali Mandir,3752,5
4,Bala Guru Sadananda,2784,3
4,Bala Guru Sadananda,3765,5
4,Bala Guru Sadananda,2254,4
4,Bala Guru Sadananda,3766,3
4,Bala Guru Sadananda,3767,1
5,21st Century Art Gallery,33,5
5,21st Century Art Gallery,34,5
5,21st Century Art Gallery,35,5
5,21st Century Art Gallery,36,5
5,21st Century Art Gallery,37,5
5,21st Century Art Gallery,38,5
5,21st Century Art Gallery,39,5
5,21st Century Art Gallery,40,5
5,21st Century Art Gallery,33,5
5,21st Century Art Gallery,34,5
5,21st Century Art Gallery,35,5
5,21st Century Art Gallery,36,5
5,21st Century Art Gallery,37,5
5,21st Century Art Gallery,38,5
5,21st Century Art Gallery,39,5
5,21st Century Art Gallery,40,5
6,3D Art World - Interactive Museum,41,3
6,3D Art World - Interactive Museum,42,2
6,3D Art World - Interactive Museum,43,4
6,3D Art World - Interactive Museum,43,4
6,3D Art World - Interactive Museum,3768,5
6,3D Art World - Interactive Museum,3769,4
6,3D Art World - Interactive Museum,3770,1
6,3D Art World - Interactive Museum,3771,4
6,3D Art World - Interactive Museum,3772,2
7,Nyatapola Temple,3773,5
7,Nyatapola Temple,3774,5
7,Nyatapola Temple,3775,5
7,Nyatapola Temple,3609,5
7,Nyatapola Temple,3776,5
7,Nyatapola Temple,3777,5
7,Nyatapola Temple,3778,5
7,Nyatapola Temple,3779,5
8,50 Kilo,3780,4
8,50 Kilo,3781,4
8,50 Kilo,3782,1
8,50 Kilo,3783,5
8,50 Kilo,3784,5
8,50 Kilo,3784,5
8,50 Kilo,3785,1
8,50 Kilo,3786,3
9,52 Bigha,3787,5
9,52 Bigha,3788,5
9,52 Bigha,3789,5
9,52 Bigha,3790,4
9,52 Bigha,3791,5
9,52 Bigha,3792,2
9,52 Bigha,3793,5
9,52 Bigha,3794,2
14,Adventure Art Gallery,72,5
14,Adventure Art Gallery,73,5
14,Adventure Art Gallery,72,5
14,Adventure Art Gallery,73,5
17,AS Handicrafts & Art Gallery,183,5
17,AS Handicrafts & Art Gallery,184,5
18,Auri Bazar,3799,4
18,Auri Bazar,3800,3
18,Auri Bazar,3801,2
18,Auri Bazar,3802,3
18,Auri Bazar,3803,3
18,Auri Bazar,3804,5
18,Auri Bazar,1002,5
18,Auri Bazar,2422,5
19,Aadeshwar Mahadev Temple,44,5
19,Aadeshwar Mahadev Temple,45,4
19,Aadeshwar Mahadev Temple,46,5
19,Aadeshwar Mahadev Temple,47,5
19,Aadeshwar Mahadev Temple,48,5
19,Aadeshwar Mahadev Temple,49,4
19,Aadeshwar Mahadev Temple,50,5
19,Aadeshwar Mahadev Temple,51,5
19,Aadeshwar Mahadev Temple,45,4
22,Aaidungra,3805,5
25,Aane Kuwa,2254,5
26,Ankawa Dam,3806,5
26,Ankawa Dam,3807,5
26,Ankawa Dam,3808,4
26,Ankawa Dam,3809,5
26,Ankawa Dam,3810,5
26,Ankawa Dam,3811,5
26,Ankawa Dam,3812,5
26,Ankawa Dam,3813,5
27,Aapchour Picnic Spot,52,4
27,Aapchour Picnic Spot,53,5
27,Aapchour Picnic Spot,54,5
27,Aapchour Picnic Spot,55,4
27,Aapchour Picnic Spot,56,4
27,Aapchour Picnic Spot,57,5
27,Aapchour Picnic Spot,58,3
27,Aapchour Picnic Spot,58,3
31,Aasha Church,3814,5
31,Aasha Church,3815,1
33,Aatitar,97,5
34,Aauridada Picnic Spot,59,5
34,Aauridada Picnic Spot,60,5
34,Aauridada Picnic Spot,61,5
34,Aauridada Picnic Spot,62,5
35,Abdul Hamidiya Mosque,63,5
35,Abdul Hamidiya Mosque,64,5
35,Abdul Hamidiya Mosque,65,5
35,Abdul Hamidiya Mosque,66,5
35,Abdul Hamidiya Mosque,67,2
35,Abdul Hamidiya Mosque,68,5
35,Abdul Hamidiya Mosque,69,5
35,Abdul Hamidiya Mosque,70,3
35,Abdul Hamidiya Mosque,63,5
35,Abdul Hamidiya Mosque,67,2
35,Abdul Hamidiya Mosque,3816,4
41,Adi Buddha Handicraft,71,1
42,Aesamari Sattal of Taumadhi Square,74,1
42,Aesamari Sattal of Taumadhi Square,74,1
44,Agnishala Temple,75,5
44,Agnishala Temple,76,4
44,Agnishala Temple,77,5
44,Agnishala Temple,78,5
44,Agnishala Temple,79,5
44,Agnishala Temple,80,4
44,Agnishala Temple,81,5
44,Agnishala Temple,82,5
44,Agnishala Temple,75,5
46,Airport Nagar Children’s Park,83,5
46,Airport Nagar Children’s Park,84,5
46,Airport Nagar Children’s Park,85,4
46,Airport Nagar Children’s Park,86,4
46,Airport Nagar Children’s Park,87,4
46,Airport Nagar Children’s Park,88,5
46,Airport Nagar Children’s Park,89,5
46,Airport Nagar Children’s Park,90,5
46,Airport Nagar Children’s Park,87,4
46,Airport Nagar Children’s Park,89,5
46,Airport Nagar Children’s Park,90,5
49,Ajirkot Hill,91,5
49,Ajirkot Hill,92,5
49,Ajirkot Hill,93,5
49,Ajirkot Hill,94,4
49,Ajirkot Hill,95,5
49,Ajirkot Hill,91,5
49,Ajirkot Hill,92,5
49,Ajirkot Hill,93,5
49,Ajirkot Hill,94,4
49,Ajirkot Hill,95,5
51,Akmal Mahira,96,5
51,Akmal Mahira,96,5
58,Amaare Chautara,98,5
59,Amaragadhi Park,99,5
59,Amaragadhi Park,100,5
59,Amaragadhi Park,101,5
59,Amaragadhi Park,102,5
59,Amaragadhi Park,103,5
59,Amaragadhi Park,104,5
59,Amaragadhi Park,105,1
59,Amaragadhi Park,106,5
59,Amaragadhi Park,99,5
61,Amrit Art Gallery,2902,2
61,Amrit Art Gallery,3817,5
63,Anaikot Bhanjyang,3818,5
63,Anaikot Bhanjyang,3819,5
63,Anaikot Bhanjyang,3820,5
64,Ananta Bhumi,107,4
64,Ananta Bhumi,108,1
64,Ananta Bhumi,109,2
64,Ananta Bhumi,110,4
64,Ananta Bhumi,111,5
64,Ananta Bhumi,112,5
64,Ananta Bhumi,113,5
64,Ananta Bhumi,114,5
64,Ananta Bhumi,3821,5
64,Ananta Bhumi,3822,5
64,Ananta Bhumi,3823,5
64,Ananta Bhumi,3824,5
64,Ananta Bhumi,3825,3
64,Ananta Bhumi,3826,5
64,Ananta Bhumi,3827,5
64,Ananta Bhumi,3828,5
66,Ancient Nepal Art Gallery,115,5
66,Ancient Nepal Art Gallery,116,5
66,Ancient Nepal Art Gallery,116,5
67,Ancient Purenwa (Bilash Kunj Durbar),117,4
67,Ancient Purenwa (Bilash Kunj Durbar),118,4
67,Ancient Purenwa (Bilash Kunj Durbar),119,4
67,Ancient Purenwa (Bilash Kunj Durbar),120,5
67,Ancient Purenwa (Bilash Kunj Durbar),119,1
67,Ancient Purenwa (Bilash Kunj Durbar),121,5
67,Ancient Purenwa (Bilash Kunj Durbar),122,4
67,Ancient Purenwa (Bilash Kunj Durbar),123,5
67,Ancient Purenwa (Bilash Kunj Durbar),117,4
67,Ancient Purenwa (Bilash Kunj Durbar),118,4
67,Ancient Purenwa (Bilash Kunj Durbar),119,4
67,Ancient Purenwa (Bilash Kunj Durbar),120,5
67,Ancient Purenwa (Bilash Kunj Durbar),119,1
67,Ancient Purenwa (Bilash Kunj Durbar),121,5
67,Ancient Purenwa (Bilash Kunj Durbar),122,4
67,Ancient Purenwa (Bilash Kunj Durbar),123,5
68,Anikesh Gorkhali Dada,124,1
68,Anikesh Gorkhali Dada,125,5
68,Anikesh Gorkhali Dada,124,1
68,Anikesh Gorkhali Dada,125,5
69,Animal Shelter Park,126,5
74,Annapurna Skate Park,127,5
74,Annapurna Skate Park,128,5
74,Annapurna Skate Park,129,4
74,Annapurna Skate Park,130,5
74,Annapurna Skate Park,131,5
74,Annapurna Skate Park,132,2
74,Annapurna Skate Park,133,4
74,Annapurna Skate Park,134,5
75,Anugrah Pabitra Church,135,5
75,Anugrah Pabitra Church,136,5
75,Anugrah Pabitra Church,137,5
75,Anugrah Pabitra Church,138,5
75,Anugrah Pabitra Church,139,5
75,Anugrah Pabitra Church,140,5
75,Anugrah Pabitra Church,141,5
75,Anugrah Pabitra Church,142,5
75,Anugrah Pabitra Church,137,5
75,Anugrah Pabitra Church,138,5
76,Anush Art Gallery,143,5
76,Anush Art Gallery,144,5
77,Anutha Mahato Memorial Trust,145,5
78,Shivapuri Hill,3482,4
78,Shivapuri Hill,3483,5
78,Shivapuri Hill,3484,4
78,Shivapuri Hill,3485,5
78,Shivapuri Hill,3486,4
78,Shivapuri Hill,3487,5
78,Shivapuri Hill,3488,5
78,Shivapuri Hill,3489,5
79,Api Base Camp,146,4
79,Api Base Camp,147,5
79,Api Base Camp,148,5
79,Api Base Camp,149,5
79,Api Base Camp,150,5
79,Api Base Camp,151,5
79,Api Base Camp,152,5
79,Api Base Camp,153,5
79,Api Base Camp,149,5
81,ArTree Nepal,159,5
81,ArTree Nepal,160,4
81,ArTree Nepal,161,5
81,ArTree Nepal,162,5
81,ArTree Nepal,163,5
81,ArTree Nepal,164,5
81,ArTree Nepal,165,5
81,ArTree Nepal,166,4
82,Aradhana Jyoti Church,154,5
82,Aradhana Jyoti Church,155,5
82,Aradhana Jyoti Church,154,5
82,Aradhana Jyoti Church,155,5
83,Araniko Newa And Traditional Arts,156,5
83,Araniko Newa And Traditional Arts,157,5
83,Araniko Newa And Traditional Arts,158,5
87,Arichour Picnic Spot,3829,4
87,Arichour Picnic Spot,3830,5
87,Arichour Picnic Spot,3831,5
87,Arichour Picnic Spot,3832,4
87,Arichour Picnic Spot,3833,5
87,Arichour Picnic Spot,3834,5
88,Arts Nepal Gallery,3835,5
88,Arts Nepal Gallery,884,5
88,Arts Nepal Gallery,3836,5
88,Arts Nepal Gallery,3837,5
88,Arts Nepal Gallery,3838,5
88,Arts Nepal Gallery,3839,5
88,Arts Nepal Gallery,3840,5
88,Arts Nepal Gallery,3841,5
89,Artudio,167,5
89,Artudio,168,5
89,Artudio,169,5
89,Artudio,170,5
89,Artudio,171,3
89,Artudio,172,5
89,Artudio,173,5
89,Artudio,174,5
89,Artudio,167,5
89,Artudio,169,5
89,Artudio,173,5
92,Aryal Batikaa,175,5
92,Aryal Batikaa,176,3
92,Aryal Batikaa,177,1
92,Aryal Batikaa,178,5
92,Aryal Batikaa,179,5
92,Aryal Batikaa,180,5
92,Aryal Batikaa,181,3
92,Aryal Batikaa,182,5
96,Ibahi Thura Stupa,76,4
96,Ibahi Thura Stupa,1937,4
96,Ibahi Thura Stupa,2899,4
96,Ibahi Thura Stupa,2059,5
96,Ibahi Thura Stupa,2136,4
96,Ibahi Thura Stupa,3842,5
96,Ibahi Thura Stupa,3843,5
96,Ibahi Thura Stupa,807,5
97,Ashoka Handicrafts,185,5
99,Atelier 2 Fine Art Gallery,186,5
103,Aurahi Hanuman Mandir,3846,5
103,Aurahi Hanuman Mandir,974,4
103,Aurahi Hanuman Mandir,3847,4
103,Aurahi Hanuman Mandir,3848,5
103,Aurahi Hanuman Mandir,3849,5
103,Aurahi Hanuman Mandir,3850,3
103,Aurahi Hanuman Mandir,3851,5
103,Aurahi Hanuman Mandir,2656,3
105,Aviation Museum,187,5
105,Aviation Museum,188,3
105,Aviation Museum,189,5
105,Aviation Museum,189,5
105,Aviation Museum,3852,5
105,Aviation Museum,3853,3
105,Aviation Museum,3854,4
105,Aviation Museum,3855,3
105,Aviation Museum,3856,4
105,Aviation Museum,3857,5
106,B.P Park Ilam,190,5
106,B.P Park Ilam,191,5
106,B.P Park Ilam,192,5
106,B.P Park Ilam,193,5
106,B.P Park Ilam,194,4
106,B.P Park Ilam,195,5
106,B.P Park Ilam,194,5
109,Bhusune Jungle,3863,5
111,BK ART Gallery,596,5
111,BK ART Gallery,597,5
111,BK ART Gallery,598,5
111,BK ART Gallery,599,5
111,BK ART Gallery,600,5
111,BK ART Gallery,601,5
111,BK ART Gallery,602,5
111,BK ART Gallery,603,1
111,BK ART Gallery,603,1
115,BP Smriti Pratikshalaya,196,2
115,BP Smriti Pratikshalaya,197,1
115,BP Smriti Pratikshalaya,198,2
115,BP Smriti Pratikshalaya,199,5
115,BP Smriti Pratikshalaya,200,1
115,BP Smriti Pratikshalaya,201,1
115,BP Smriti Pratikshalaya,202,1
115,BP Smriti Pratikshalaya,203,1
116,Buddha Park Boudhanath,650,5
116,Buddha Park Boudhanath,651,5
116,Buddha Park Boudhanath,652,5
116,Buddha Park Boudhanath,653,5
116,Buddha Park Boudhanath,312,5
116,Buddha Park Boudhanath,654,4
116,Buddha Park Boudhanath,655,4
116,Buddha Park Boudhanath,656,4
116,Buddha Park Boudhanath,650,5
116,Buddha Park Boudhanath,651,5
116,Buddha Park Boudhanath,652,5
116,Buddha Park Boudhanath,653,5
116,Buddha Park Boudhanath,312,5
116,Buddha Park Boudhanath,654,4
116,Buddha Park Boudhanath,655,4
116,Buddha Park Boudhanath,656,4
117,Baala Falls,204,5
120,Babu Ratna Stone Carving,3864,4
120,Babu Ratna Stone Carving,3865,4
120,Babu Ratna Stone Carving,3866,5
121,Bachha and Buddha Park,205,5
121,Bachha and Buddha Park,206,5
121,Bachha and Buddha Park,207,4
123,Badrinath Temple,3742,5
123,Badrinath Temple,3743,5
123,Badrinath Temple,3744,5
123,Badrinath Temple,3745,5
123,Badrinath Temple,3746,5
123,Badrinath Temple,3747,5
123,Badrinath Temple,3748,5
123,Badrinath Temple,3749,5
123,Badrinath Temple,3742,5
123,Badrinath Temple,4706,5
123,Badrinath Temple,3743,5
123,Badrinath Temple,3744,5
123,Badrinath Temple,3745,5
123,Badrinath Temple,4707,5
123,Badrinath Temple,3746,5
123,Badrinath Temple,3747,5
126,Bageshwori Nagarkot Suspension Bridge,208,5
126,Bageshwori Nagarkot Suspension Bridge,209,5
126,Bageshwori Nagarkot Suspension Bridge,210,5
126,Bageshwori Nagarkot Suspension Bridge,211,5
126,Bageshwori Nagarkot Suspension Bridge,212,5
126,Bageshwori Nagarkot Suspension Bridge,213,5
126,Bageshwori Nagarkot Suspension Bridge,214,5
126,Bageshwori Nagarkot Suspension Bridge,215,5
129,Bagmati Nagar Park,216,4
129,Bagmati Nagar Park,217,5
129,Bagmati Nagar Park,218,5
129,Bagmati Nagar Park,219,4
129,Bagmati Nagar Park,216,4
138,"Bajhakot (Than Dada, Lekh)",3867,5
138,"Bajhakot (Than Dada, Lekh)",3868,5
138,"Bajhakot (Than Dada, Lekh)",3869,5
138,"Bajhakot (Than Dada, Lekh)",3870,4
138,"Bajhakot (Than Dada, Lekh)",3871,5
139,Bajrabarahi Park,220,5
139,Bajrabarahi Park,221,5
139,Bajrabarahi Park,222,5
139,Bajrabarahi Park,223,5
139,Bajrabarahi Park,224,5
139,Bajrabarahi Park,225,5
139,Bajrabarahi Park,226,5
139,Bajrabarahi Park,227,4
140,Bajrakirti Mahabihar,76,4
140,Bajrakirti Mahabihar,228,5
140,Bajrakirti Mahabihar,229,5
140,Bajrakirti Mahabihar,230,5
140,Bajrakirti Mahabihar,231,5
140,Bajrakirti Mahabihar,232,5
142,Bakaiya Temple,233,5
144,Bal Gauri Mai,2882,5
145,Balaguru Shivalaya Dham,25,3
145,Balaguru Shivalaya Dham,26,5
145,Balaguru Shivalaya Dham,27,1
145,Balaguru Shivalaya Dham,28,4
145,Balaguru Shivalaya Dham,29,5
145,Balaguru Shivalaya Dham,30,5
145,Balaguru Shivalaya Dham,31,4
145,Balaguru Shivalaya Dham,32,3
145,Balaguru Shivalaya Dham,26,5
146,Balaju Park,234,3
146,Balaju Park,235,5
146,Balaju Park,236,4
146,Balaju Park,237,4
146,Balaju Park,238,3
146,Balaju Park,239,5
146,Balaju Park,240,3
146,Balaju Park,241,5
147,Balaute Bhanjyang,3872,5
148,Balbahadur Statue,242,4
148,Balbahadur Statue,243,5
148,Balbahadur Statue,244,3
148,Balbahadur Statue,242,4
148,Balbahadur Statue,243,5
148,Balbahadur Statue,244,3
148,Balbahadur Statue,3873,5
148,Balbahadur Statue,3874,5
148,Balbahadur Statue,3875,4
148,Balbahadur Statue,3876,4
148,Balbahadur Statue,3877,5
149,Balkumari Mandir Chakrabahil,256,5
149,Balkumari Mandir Chakrabahil,76,3
149,Balkumari Mandir Chakrabahil,257,5
150,Balkumari Picnic Spot,245,5
150,Balkumari Picnic Spot,246,3
150,Balkumari Picnic Spot,247,4
150,Balkumari Picnic Spot,248,5
150,Balkumari Picnic Spot,249,3
150,Balkumari Picnic Spot,250,5
150,Balkumari Picnic Spot,251,5
150,Balkumari Picnic Spot,252,5
150,Balkumari Picnic Spot,246,3
150,Balkumari Picnic Spot,3878,5
151,Balkumari Temple,253,5
151,Balkumari Temple,254,4
151,Balkumari Temple,255,5
151,Balkumari Temple,3879,5
151,Balkumari Temple,3880,2
151,Balkumari Temple,3881,5
151,Balkumari Temple,3882,5
151,Balkumari Temple,452,5
153,Balthali View Point,258,5
153,Balthali View Point,259,5
153,Balthali View Point,260,5
153,Balthali View Point,261,4
153,Balthali View Point,262,5
153,Balthali View Point,263,4
153,Balthali View Point,264,4
154,Banasthali Children Park,278,5
154,Banasthali Children Park,279,5
154,Banasthali Children Park,280,5
154,Banasthali Children Park,281,5
154,Banasthali Children Park,282,4
154,Banasthali Children Park,283,5
154,Banasthali Children Park,279,5
156,Banbatika Park,284,5
156,Banbatika Park,285,5
156,Banbatika Park,286,5
156,Banbatika Park,287,4
156,Banbatika Park,288,4
156,Banbatika Park,289,5
156,Banbatika Park,290,5
156,Banbatika Park,291,3
156,Banbatika Park,286,5
156,Banbatika Park,291,3
156,Banbatika Park,3883,4
157,Banbatika Zoo,292,3
157,Banbatika Zoo,293,5
157,Banbatika Zoo,294,4
157,Banbatika Zoo,295,5
157,Banbatika Zoo,296,5
157,Banbatika Zoo,297,4
157,Banbatika Zoo,298,5
157,Banbatika Zoo,299,5
161,Banke National Park,300,4
161,Banke National Park,301,5
161,Banke National Park,302,4
161,Banke National Park,303,5
161,Banke National Park,304,5
161,Banke National Park,305,4
161,Banke National Park,306,4
161,Banke National Park,307,5
168,Barahathwa GhantaGhar,3884,5
169,Barahi Temple Paddha Dang Rapti,316,4
169,Barahi Temple Paddha Dang Rapti,317,5
169,Barahi Temple Paddha Dang Rapti,318,5
169,Barahi Temple Paddha Dang Rapti,319,5
169,Barahi Temple Paddha Dang Rapti,320,3
169,Barahi Temple Paddha Dang Rapti,321,2
169,Barahi Temple Paddha Dang Rapti,322,2
169,Barahi Temple Paddha Dang Rapti,323,5
169,Barahi Temple Paddha Dang Rapti,316,4
169,Barahi Temple Paddha Dang Rapti,317,5
169,Barahi Temple Paddha Dang Rapti,318,5
169,Barahi Temple Paddha Dang Rapti,319,5
169,Barahi Temple Paddha Dang Rapti,320,3
169,Barahi Temple Paddha Dang Rapti,321,2
169,Barahi Temple Paddha Dang Rapti,322,2
169,Barahi Temple Paddha Dang Rapti,323,5
170,Baraily Kul Temple,324,5
170,Baraily Kul Temple,325,5
173,Bardagoriya Kanyaraja Temple,326,3
173,Bardagoriya Kanyaraja Temple,327,4
173,Bardagoriya Kanyaraja Temple,327,4
174,Bardghat Nawalparasi,3885,5
174,Bardghat Nawalparasi,3886,1
175,Bardibas Baptist Church,328,5
175,Bardibas Baptist Church,329,5
175,Bardibas Baptist Church,330,5
175,Bardibas Baptist Church,331,5
175,Bardibas Baptist Church,332,5
175,Bardibas Baptist Church,333,5
175,Bardibas Baptist Church,334,1
175,Bardibas Baptist Church,335,2
175,Bardibas Baptist Church,332,5
177,Barghar Sadak,3887,5
177,Barghar Sadak,3888,1
177,Barghar Sadak,3889,1
177,Barghar Sadak,3890,5
177,Barghar Sadak,3891,4
177,Barghar Sadak,3892,5
177,Barghar Sadak,3893,1
177,Barghar Sadak,3894,5
178,Barhabise Masar,4609,0
178,Barhabise Masar,4610,0
178,Barhabise Masar,4611,0
178,Barhabise Masar,4612,0
178,Barhabise Masar,4613,0
178,Barhabise Masar,4614,0
178,Barhabise Masar,4615,0
178,Barhabise Masar,4616,0
179,Barhawa Picnic Spot,336,2
179,Barhawa Picnic Spot,337,5
179,Barhawa Picnic Spot,338,5
179,Barhawa Picnic Spot,339,4
179,Barhawa Picnic Spot,120,5
179,Barhawa Picnic Spot,340,2
179,Barhawa Picnic Spot,341,4
179,Barhawa Picnic Spot,342,4
180,Barpak Village View Point,343,5
180,Barpak Village View Point,344,5
180,Barpak Village View Point,345,3
180,Barpak Village View Point,346,4
180,Barpak Village View Point,347,5
180,Barpak Village View Point,348,5
180,Barpak Village View Point,349,3
180,Barpak Village View Point,350,1
180,Barpak Village View Point,344,5
180,Barpak Village View Point,3895,5
185,Basipukhu Peace Park,351,4
185,Basipukhu Peace Park,352,1
185,Basipukhu Peace Park,353,5
185,Basipukhu Peace Park,354,3
185,Basipukhu Peace Park,355,4
185,Basipukhu Peace Park,356,5
185,Basipukhu Peace Park,357,3
185,Basipukhu Peace Park,358,3
187,Batase Dada,1439,5
187,Batase Dada,3896,5
187,Batase Dada,3897,4
187,Batase Dada,3898,1
187,Batase Dada,3899,3
187,Batase Dada,3900,5
187,Batase Dada,3901,5
187,Batase Dada,3902,1
189,Batika Fun Park,359,5
189,Batika Fun Park,360,4
189,Batika Fun Park,361,4
189,Batika Fun Park,362,5
189,Batika Fun Park,363,2
189,Batika Fun Park,364,4
189,Batika Fun Park,365,3
189,Batika Fun Park,366,3
190,Vatsala Devi Temple,3000,5
190,Vatsala Devi Temple,3001,5
190,Vatsala Devi Temple,949,5
190,Vatsala Devi Temple,950,5
190,Vatsala Devi Temple,7,4
190,Vatsala Devi Temple,3002,4
190,Vatsala Devi Temple,951,5
190,Vatsala Devi Temple,309,5
193,Bedkot Lake,284,5
193,Bedkot Lake,367,4
193,Bedkot Lake,368,5
193,Bedkot Lake,369,5
193,Bedkot Lake,370,5
193,Bedkot Lake,371,5
193,Bedkot Lake,372,4
193,Bedkot Lake,373,5
194,Bedkot Park,374,5
194,Bedkot Park,375,5
195,Begnas Lake,312,5
195,Begnas Lake,376,5
195,Begnas Lake,377,5
195,Begnas Lake,378,5
195,Begnas Lake,379,5
195,Begnas Lake,380,5
195,Begnas Lake,381,5
195,Begnas Lake,382,5
195,Begnas Lake,2149,5
196,Belpati Temple,383,5
196,Belpati Temple,384,4
196,Belpati Temple,385,5
196,Belpati Temple,386,5
196,Belpati Temple,387,5
196,Belpati Temple,388,5
196,Belpati Temple,389,4
196,Belpati Temple,390,3
204,Bhai Dega Temple,391,5
204,Bhai Dega Temple,392,1
204,Bhai Dega Temple,76,4
204,Bhai Dega Temple,82,5
204,Bhai Dega Temple,393,5
204,Bhai Dega Temple,394,3
204,Bhai Dega Temple,395,5
205,Bhairabsthan Temple,396,4
205,Bhairabsthan Temple,397,5
205,Bhairabsthan Temple,398,5
205,Bhairabsthan Temple,399,5
205,Bhairabsthan Temple,400,4
205,Bhairabsthan Temple,401,5
205,Bhairabsthan Temple,402,5
205,Bhairabsthan Temple,403,5
205,Bhairabsthan Temple,402,5
206,Bhairamkot Temple,404,5
206,Bhairamkot Temple,405,4
206,Bhairamkot Temple,406,5
206,Bhairamkot Temple,407,3
206,Bhairamkot Temple,408,4
206,Bhairamkot Temple,409,5
206,Bhairamkot Temple,410,1
206,Bhairamkot Temple,411,5
209,National Art Gallery,1240,2
209,National Art Gallery,442,4
209,National Art Gallery,1788,4
209,National Art Gallery,2969,5
209,National Art Gallery,3025,4
209,National Art Gallery,3026,4
209,National Art Gallery,3027,3
209,National Art Gallery,3028,5
209,National Art Gallery,1240,2
209,National Art Gallery,442,4
209,National Art Gallery,1788,4
209,National Art Gallery,2969,5
209,National Art Gallery,3025,4
209,National Art Gallery,3026,4
209,National Art Gallery,3027,3
209,National Art Gallery,3028,5
210,Bhaktapur Durbar Square,3621,5
210,Bhaktapur Durbar Square,3622,5
210,Bhaktapur Durbar Square,3623,5
210,Bhaktapur Durbar Square,3624,5
210,Bhaktapur Durbar Square,895,5
210,Bhaktapur Durbar Square,3625,5
210,Bhaktapur Durbar Square,3626,4
210,Bhaktapur Durbar Square,3627,5
210,Bhaktapur Durbar Square,3621,5
210,Bhaktapur Durbar Square,3623,5
210,Bhaktapur Durbar Square,3624,5
210,Bhaktapur Durbar Square,3734,5
210,Bhaktapur Durbar Square,4617,5
210,Bhaktapur Durbar Square,895,5
212,Bhakti Thapa Park,3903,5
213,Bhalabang,412,5
213,Bhalabang,413,5
213,Bhalabang,414,4
214,Bhaleshwar Mahadev Temple,211,5
214,Bhaleshwar Mahadev Temple,415,5
214,Bhaleshwar Mahadev Temple,416,5
214,Bhaleshwar Mahadev Temple,211,5
214,Bhaleshwar Mahadev Temple,380,5
214,Bhaleshwar Mahadev Temple,4618,4
214,Bhaleshwar Mahadev Temple,4619,5
214,Bhaleshwar Mahadev Temple,169,5
214,Bhaleshwar Mahadev Temple,476,5
215,Bhalu Pahad Park,417,4
215,Bhalu Pahad Park,37,5
215,Bhalu Pahad Park,418,5
215,Bhalu Pahad Park,419,2
215,Bhalu Pahad Park,420,5
215,Bhalu Pahad Park,421,5
215,Bhalu Pahad Park,422,5
215,Bhalu Pahad Park,423,3
215,Bhalu Pahad Park,417,4
215,Bhalu Pahad Park,37,5
215,Bhalu Pahad Park,418,5
215,Bhalu Pahad Park,420,5
215,Bhalu Pahad Park,419,2
215,Bhalu Pahad Park,421,5
215,Bhalu Pahad Park,422,5
215,Bhalu Pahad Park,423,3
216,Bhaludhunga Religious Tourism Ecological Park,424,5
216,Bhaludhunga Religious Tourism Ecological Park,425,4
216,Bhaludhunga Religious Tourism Ecological Park,426,5
216,Bhaludhunga Religious Tourism Ecological Park,427,3
216,Bhaludhunga Religious Tourism Ecological Park,428,4
216,Bhaludhunga Religious Tourism Ecological Park,429,5
216,Bhaludhunga Religious Tourism Ecological Park,430,1
216,Bhaludhunga Religious Tourism Ecological Park,431,5
217,Bhandarkhal Garden,432,4
217,Bhandarkhal Garden,433,5
217,Bhandarkhal Garden,434,4
217,Bhandarkhal Garden,435,5
217,Bhandarkhal Garden,436,5
217,Bhandarkhal Garden,437,5
217,Bhandarkhal Garden,438,5
218,Bhandarkhal Jungle,439,5
218,Bhandarkhal Jungle,440,4
218,Bhandarkhal Jungle,441,4
218,Bhandarkhal Jungle,442,3
218,Bhandarkhal Jungle,443,5
218,Bhandarkhal Jungle,444,4
218,Bhandarkhal Jungle,445,5
218,Bhandarkhal Jungle,446,5
219,Bhandarkhal Pokhari,447,3
219,Bhandarkhal Pokhari,448,4
219,Bhandarkhal Pokhari,76,5
219,Bhandarkhal Pokhari,433,5
219,Bhandarkhal Pokhari,449,5
219,Bhandarkhal Pokhari,450,5
219,Bhandarkhal Pokhari,451,3
219,Bhandarkhal Pokhari,438,5
219,Bhandarkhal Pokhari,448,4
219,Bhandarkhal Pokhari,76,5
219,Bhandarkhal Pokhari,433,5
219,Bhandarkhal Pokhari,449,5
219,Bhandarkhal Pokhari,450,5
219,Bhandarkhal Pokhari,447,3
219,Bhandarkhal Pokhari,451,3
219,Bhandarkhal Pokhari,438,5
222,Bhanubhakta Zoological Garden,452,5
222,Bhanubhakta Zoological Garden,453,5
222,Bhanubhakta Zoological Garden,454,5
222,Bhanubhakta Zoological Garden,455,5
228,Bhattarai Chaupari,3904,5
228,Bhattarai Chaupari,3905,5
229,Bhav Art Gallery,326,2
229,Bhav Art Gallery,456,5
229,Bhav Art Gallery,457,5
229,Bhav Art Gallery,458,4
229,Bhav Art Gallery,458,4
232,Bhedabari Grace Church,459,1
232,Bhedabari Grace Church,460,5
233,Bhedetar Bazaar,3906,5
233,Bhedetar Bazaar,3907,5
233,Bhedetar Bazaar,1746,5
233,Bhedetar Bazaar,1777,4
233,Bhedetar Bazaar,3908,5
233,Bhedetar Bazaar,3909,3
233,Bhedetar Bazaar,3910,5
233,Bhedetar Bazaar,3911,5
234,Namje Picnic Spot & Camping Area,3011,5
234,Namje Picnic Spot & Camping Area,3012,5
234,Namje Picnic Spot & Camping Area,3013,5
234,Namje Picnic Spot & Camping Area,3014,5
234,Namje Picnic Spot & Camping Area,3015,5
234,Namje Picnic Spot & Camping Area,3016,3
234,Namje Picnic Spot & Camping Area,3017,5
234,Namje Picnic Spot & Camping Area,3018,5
234,Namje Picnic Spot & Camping Area,3018,5
235,Bhedetar View Tower,3513,5
235,Bhedetar View Tower,1166,3
235,Bhedetar View Tower,3514,5
235,Bhedetar View Tower,3515,5
235,Bhedetar View Tower,3516,5
235,Bhedetar View Tower,3517,5
235,Bhedetar View Tower,3518,5
235,Bhedetar View Tower,3519,5
235,Bhedetar View Tower,1166,3
235,Bhedetar View Tower,3519,5
238,Bhelagudi Wetland,461,4
238,Bhelagudi Wetland,462,5
238,Bhelagudi Wetland,463,3
238,Bhelagudi Wetland,464,2
238,Bhelagudi Wetland,465,5
238,Bhelagudi Wetland,466,5
238,Bhelagudi Wetland,467,3
238,Bhelagudi Wetland,468,5
238,Bhelagudi Wetland,468,5
242,Bhim Sakhuwa,469,5
242,Bhim Sakhuwa,470,5
242,Bhim Sakhuwa,471,5
242,Bhim Sakhuwa,472,5
242,Bhim Sakhuwa,473,4
242,Bhim Sakhuwa,472,5
243,Bhiman's Park,3912,3
243,Bhiman's Park,3913,5
243,Bhiman's Park,3851,5
243,Bhiman's Park,3914,5
243,Bhiman's Park,3915,5
243,Bhiman's Park,3916,3
243,Bhiman's Park,3917,3
243,Bhiman's Park,3918,3
244,Bhimdatta Panta Statue,474,3
247,Bhimphedi Ganesh Temple,475,5
247,Bhimphedi Ganesh Temple,476,5
247,Bhimphedi Ganesh Temple,477,3
247,Bhimphedi Ganesh Temple,478,5
247,Bhimphedi Ganesh Temple,479,5
247,Bhimphedi Ganesh Temple,480,4
247,Bhimphedi Ganesh Temple,481,3
247,Bhimphedi Ganesh Temple,482,5
247,Bhimphedi Ganesh Temple,476,5
251,Bhimsen Thapa Park,486,5
251,Bhimsen Thapa Park,487,3
251,Bhimsen Thapa Park,273,3
251,Bhimsen Thapa Park,488,4
251,Bhimsen Thapa Park,489,4
251,Bhimsen Thapa Park,448,4
251,Bhimsen Thapa Park,490,5
251,Bhimsen Thapa Park,491,5
251,Bhimsen Thapa Park,486,5
252,Bhimsen Temple of Bhaktapur,483,4
252,Bhimsen Temple of Bhaktapur,484,1
252,Bhimsen Temple of Bhaktapur,485,5
253,BhimsenSthan Mandir Khanikhola GaunPalika,492,5
253,BhimsenSthan Mandir Khanikhola GaunPalika,493,4
253,BhimsenSthan Mandir Khanikhola GaunPalika,494,5
253,BhimsenSthan Mandir Khanikhola GaunPalika,495,5
253,BhimsenSthan Mandir Khanikhola GaunPalika,496,1
253,BhimsenSthan Mandir Khanikhola GaunPalika,497,5
253,BhimsenSthan Mandir Khanikhola GaunPalika,498,5
253,BhimsenSthan Mandir Khanikhola GaunPalika,499,5
253,BhimsenSthan Mandir Khanikhola GaunPalika,500,5
253,BhimsenSthan Mandir Khanikhola GaunPalika,493,4
253,BhimsenSthan Mandir Khanikhola GaunPalika,494,5
253,BhimsenSthan Mandir Khanikhola GaunPalika,495,5
253,BhimsenSthan Mandir Khanikhola GaunPalika,496,1
253,BhimsenSthan Mandir Khanikhola GaunPalika,497,5
253,BhimsenSthan Mandir Khanikhola GaunPalika,498,5
253,BhimsenSthan Mandir Khanikhola GaunPalika,499,5
253,BhimsenSthan Mandir Khanikhola GaunPalika,500,5
255,Bhitrikot Natural View Tower,501,5
255,Bhitrikot Natural View Tower,24,5
255,Bhitrikot Natural View Tower,502,5
255,Bhitrikot Natural View Tower,503,3
255,Bhitrikot Natural View Tower,504,5
255,Bhitrikot Natural View Tower,505,5
255,Bhitrikot Natural View Tower,506,1
255,Bhitrikot Natural View Tower,3919,5
255,Bhitrikot Natural View Tower,502,5
261,Bhootnath Mahadev Temple,3920,5
261,Bhootnath Mahadev Temple,3921,5
261,Bhootnath Mahadev Temple,657,5
261,Bhootnath Mahadev Temple,3922,5
261,Bhootnath Mahadev Temple,3923,5
261,Bhootnath Mahadev Temple,3924,5
261,Bhootnath Mahadev Temple,3925,4
261,Bhootnath Mahadev Temple,3926,5
264,Bhorleni Church Kathmandu,507,5
264,Bhorleni Church Kathmandu,508,5
264,Bhorleni Church Kathmandu,509,5
264,Bhorleni Church Kathmandu,510,5
264,Bhorleni Church Kathmandu,511,5
264,Bhorleni Church Kathmandu,512,5
267,Bhoti Khola,513,5
267,Bhoti Khola,513,5
270,Bhramarpura Masjid,514,5
270,Bhramarpura Masjid,515,5
270,Bhramarpura Masjid,516,5
270,Bhramarpura Masjid,517,5
270,Bhramarpura Masjid,518,5
270,Bhramarpura Masjid,519,3
270,Bhramarpura Masjid,271,5
270,Bhramarpura Masjid,520,4
270,Bhramarpura Masjid,514,5
270,Bhramarpura Masjid,517,5
271,Bhrikuti Mandap Park,447,1
271,Bhrikuti Mandap Park,521,5
271,Bhrikuti Mandap Park,241,4
271,Bhrikuti Mandap Park,522,3
271,Bhrikuti Mandap Park,523,4
271,Bhrikuti Mandap Park,524,3
271,Bhrikuti Mandap Park,525,4
271,Bhrikuti Mandap Park,526,4
271,Bhrikuti Mandap Park,521,5
271,Bhrikuti Mandap Park,3933,4
273,Bhubaneshwori Temple,241,3
273,Bhubaneshwori Temple,527,4
273,Bhubaneshwori Temple,528,5
273,Bhubaneshwori Temple,529,5
273,Bhubaneshwori Temple,530,4
273,Bhubaneshwori Temple,236,5
273,Bhubaneshwori Temple,531,5
273,Bhubaneshwori Temple,209,5
273,Bhubaneshwori Temple,3099,5
276,Bhulbhule Canyoning Lamjung,532,5
276,Bhulbhule Canyoning Lamjung,533,5
276,Bhulbhule Canyoning Lamjung,534,5
276,Bhulbhule Canyoning Lamjung,535,4
276,Bhulbhule Canyoning Lamjung,536,5
276,Bhulbhule Canyoning Lamjung,537,5
276,Bhulbhule Canyoning Lamjung,538,3
276,Bhulbhule Canyoning Lamjung,539,4
277,Bhulbhule Waterfall,3934,5
277,Bhulbhule Waterfall,3935,4
277,Bhulbhule Waterfall,3936,5
277,Bhulbhule Waterfall,3937,5
277,Bhulbhule Waterfall,3938,5
277,Bhulbhule Waterfall,3939,5
277,Bhulbhule Waterfall,3940,4
277,Bhulbhule Waterfall,3941,5
279,Bhundole Ground,540,5
279,Bhundole Ground,541,5
279,Bhundole Ground,542,5
279,Bhundole Ground,543,5
279,Bhundole Ground,544,5
279,Bhundole Ground,545,5
279,Bhundole Ground,241,4
279,Bhundole Ground,546,4
279,Bhundole Ground,541,5
279,Bhundole Ground,545,5
279,Bhundole Ground,3609,5
280,Bhurinti Jungle,3942,5
281,Bhurungkhel Green Park,449,4
281,Bhurungkhel Green Park,547,5
281,Bhurungkhel Green Park,548,4
281,Bhurungkhel Green Park,549,5
281,Bhurungkhel Green Park,550,5
281,Bhurungkhel Green Park,551,5
281,Bhurungkhel Green Park,552,4
281,Bhurungkhel Green Park,553,2
287,Bikash Chowk Gaidakot,554,4
289,Bikram Baba Temple,555,5
289,Bikram Baba Temple,556,5
289,Bikram Baba Temple,557,5
289,Bikram Baba Temple,558,5
289,Bikram Baba Temple,559,5
289,Bikram Baba Temple,560,4
289,Bikram Baba Temple,561,4
289,Bikram Baba Temple,562,4
290,Bimalnagar Siddha Cave,3504,5
290,Bimalnagar Siddha Cave,3505,3
290,Bimalnagar Siddha Cave,3506,4
290,Bimalnagar Siddha Cave,3504,5
290,Bimalnagar Siddha Cave,3505,3
290,Bimalnagar Siddha Cave,3943,5
290,Bimalnagar Siddha Cave,924,5
290,Bimalnagar Siddha Cave,3944,5
290,Bimalnagar Siddha Cave,3945,5
290,Bimalnagar Siddha Cave,3946,5
291,Bindhyabasini Temple,3731,5
291,Bindhyabasini Temple,3732,4
291,Bindhyabasini Temple,988,5
291,Bindhyabasini Temple,3733,5
291,Bindhyabasini Temple,3734,4
291,Bindhyabasini Temple,3735,5
291,Bindhyabasini Temple,3736,5
291,Bindhyabasini Temple,3737,5
291,Bindhyabasini Temple,988,5
291,Bindhyabasini Temple,3733,5
291,Bindhyabasini Temple,3732,4
291,Bindhyabasini Temple,3736,5
291,Bindhyabasini Temple,3735,5
291,Bindhyabasini Temple,4701,5
292,Birat Durbar,563,3
292,Birat Durbar,564,4
292,Birat Durbar,565,3
292,Birat Durbar,566,3
292,Birat Durbar,567,4
292,Birat Durbar,568,4
292,Birat Durbar,431,4
292,Birat Durbar,569,4
293,Birendra Aishwarya Park,570,5
293,Birendra Aishwarya Park,571,5
293,Birendra Aishwarya Park,572,5
293,Birendra Aishwarya Park,573,5
293,Birendra Aishwarya Park,574,4
294,Birendra Museum,575,4
294,Birendra Museum,576,1
294,Birendra Museum,577,5
294,Birendra Museum,578,4
294,Birendra Museum,579,5
294,Birendra Museum,580,5
297,Birthplace of Gautam Buddha (Lumbini),3628,5
297,Birthplace of Gautam Buddha (Lumbini),3224,5
297,Birthplace of Gautam Buddha (Lumbini),3629,5
297,Birthplace of Gautam Buddha (Lumbini),3630,5
297,Birthplace of Gautam Buddha (Lumbini),476,5
297,Birthplace of Gautam Buddha (Lumbini),3631,5
297,Birthplace of Gautam Buddha (Lumbini),3632,5
297,Birthplace of Gautam Buddha (Lumbini),312,5
297,Birthplace of Gautam Buddha (Lumbini),3628,5
297,Birthplace of Gautam Buddha (Lumbini),3629,5
297,Birthplace of Gautam Buddha (Lumbini),3630,5
297,Birthplace of Gautam Buddha (Lumbini),476,5
297,Birthplace of Gautam Buddha (Lumbini),3631,5
297,Birthplace of Gautam Buddha (Lumbini),3632,5
297,Birthplace of Gautam Buddha (Lumbini),4623,4
297,Birthplace of Gautam Buddha (Lumbini),312,5
299,Bish Hazari Lake,381,5
299,Bish Hazari Lake,581,4
299,Bish Hazari Lake,582,5
299,Bish Hazari Lake,583,4
299,Bish Hazari Lake,584,3
299,Bish Hazari Lake,585,5
299,Bish Hazari Lake,586,5
299,Bish Hazari Lake,587,4
302,Bishrampur Park,3947,3
302,Bishrampur Park,3948,5
302,Bishrampur Park,3949,3
302,Bishrampur Park,3950,4
302,Bishrampur Park,3951,1
302,Bishrampur Park,3952,1
302,Bishrampur Park,3953,5
302,Bishrampur Park,3954,3
304,Bitthad Valley,588,3
304,Bitthad Valley,589,5
304,Bitthad Valley,590,3
304,Bitthad Valley,591,5
304,Bitthad Valley,592,5
304,Bitthad Valley,593,4
304,Bitthad Valley,594,5
304,Bitthad Valley,595,5
304,Bitthad Valley,595,5
306,Bodal Dada,3955,5
306,Bodal Dada,3956,5
307,Bodgaun,3957,5
307,Bodgaun,3958,5
307,Bodgaun,3959,5
307,Bodgaun,3960,1
307,Bodgaun,3961,5
307,Bodgaun,3962,1
308,Bodhisattva Gallery,3963,5
308,Bodhisattva Gallery,3964,4
308,Bodhisattva Gallery,442,5
308,Bodhisattva Gallery,3602,4
308,Bodhisattva Gallery,3965,5
308,Bodhisattva Gallery,3966,5
308,Bodhisattva Gallery,3967,5
308,Bodhisattva Gallery,3968,5
309,Bogati Mastamandu Temple,609,5
309,Bogati Mastamandu Temple,610,2
309,Bogati Mastamandu Temple,611,5
309,Bogati Mastamandu Temple,612,5
309,Bogati Mastamandu Temple,613,5
311,National Botanical Garden,3969,5
311,National Botanical Garden,3970,4
311,National Botanical Garden,241,4
311,National Botanical Garden,3971,5
311,National Botanical Garden,240,5
311,National Botanical Garden,3972,4
311,National Botanical Garden,2436,4
311,National Botanical Garden,3973,5
314,Bramsthan Temple,621,5
314,Bramsthan Temple,622,5
315,Brass and Bronze Museum,623,1
315,Brass and Bronze Museum,624,5
315,Brass and Bronze Museum,625,5
315,Brass and Bronze Museum,626,3
315,Brass and Bronze Museum,627,3
315,Brass and Bronze Museum,628,5
315,Brass and Bronze Museum,629,5
315,Brass and Bronze Museum,630,5
316,Brindawan Park,631,1
316,Brindawan Park,632,1
316,Brindawan Park,633,5
316,Brindawan Park,634,5
316,Brindawan Park,631,1
316,Brindawan Park,632,1
316,Brindawan Park,633,5
316,Brindawan Park,634,5
317,British Camp Picnic Spot,635,5
317,British Camp Picnic Spot,636,3
317,British Camp Picnic Spot,637,4
317,British Camp Picnic Spot,638,4
317,British Camp Picnic Spot,639,5
317,British Camp Picnic Spot,640,4
317,British Camp Picnic Spot,641,4
317,British Camp Picnic Spot,642,5
319,Buddha Nepal Art Gallery,44,5
319,Buddha Nepal Art Gallery,643,5
319,Buddha Nepal Art Gallery,644,4
319,Buddha Nepal Art Gallery,645,4
319,Buddha Nepal Art Gallery,646,5
319,Buddha Nepal Art Gallery,647,5
319,Buddha Nepal Art Gallery,648,5
319,Buddha Nepal Art Gallery,649,5
319,Buddha Nepal Art Gallery,646,5
322,Buddhijibi Chowk,657,4
322,Buddhijibi Chowk,658,5
322,Buddhijibi Chowk,659,5
322,Buddhijibi Chowk,660,3
322,Buddhijibi Chowk,661,5
322,Buddhijibi Chowk,662,1
322,Buddhijibi Chowk,663,4
322,Buddhijibi Chowk,664,1
322,Buddhijibi Chowk,660,3
323,Budhinanda Tal,672,5
323,Budhinanda Tal,673,5
325,Budha Subba Temple,665,5
325,Budha Subba Temple,666,5
325,Budha Subba Temple,667,5
325,Budha Subba Temple,668,4
325,Budha Subba Temple,669,5
325,Budha Subba Temple,615,5
325,Budha Subba Temple,670,5
325,Budha Subba Temple,671,5
327,Bulbule Taal,674,5
327,Bulbule Taal,302,3
327,Bulbule Taal,675,3
327,Bulbule Taal,676,2
327,Bulbule Taal,677,4
327,Bulbule Taal,678,3
327,Bulbule Taal,679,4
327,Bulbule Taal,680,4
328,Bulu Park,448,4
328,Bulu Park,681,5
328,Bulu Park,682,5
328,Bulu Park,683,4
328,Bulu Park,684,5
328,Bulu Park,685,4
328,Bulu Park,686,4
328,Bulu Park,687,5
330,Butterfly Square,688,3
330,Butterfly Square,689,5
330,Butterfly Square,690,5
330,Butterfly Square,691,5
330,Butterfly Square,692,5
330,Butterfly Square,693,5
330,Butterfly Square,694,5
330,Butterfly Square,688,3
330,Butterfly Square,689,5
330,Butterfly Square,690,5
330,Butterfly Square,691,5
330,Butterfly Square,692,5
330,Butterfly Square,693,5
330,Butterfly Square,694,5
331,Butwal Fulbari (Manimukunda Sen Park),286,5
331,Butwal Fulbari (Manimukunda Sen Park),285,5
331,Butwal Fulbari (Manimukunda Sen Park),421,5
331,Butwal Fulbari (Manimukunda Sen Park),2915,5
331,Butwal Fulbari (Manimukunda Sen Park),303,4
331,Butwal Fulbari (Manimukunda Sen Park),2916,4
331,Butwal Fulbari (Manimukunda Sen Park),2917,5
331,Butwal Fulbari (Manimukunda Sen Park),2918,5
331,Butwal Fulbari (Manimukunda Sen Park),286,5
331,Butwal Fulbari (Manimukunda Sen Park),421,5
331,Butwal Fulbari (Manimukunda Sen Park),2915,5
331,Butwal Fulbari (Manimukunda Sen Park),303,4
331,Butwal Fulbari (Manimukunda Sen Park),2916,4
331,Butwal Fulbari (Manimukunda Sen Park),2917,5
331,Butwal Fulbari (Manimukunda Sen Park),2918,5
331,Butwal Fulbari (Manimukunda Sen Park),3974,4
332,Butwal View Point,695,4
332,Butwal View Point,403,4
332,Butwal View Point,696,3
332,Butwal View Point,697,4
332,Butwal View Point,698,4
332,Butwal View Point,699,4
332,Butwal View Point,700,5
332,Butwal View Point,701,5
333,CG History Museum,717,5
334,CG Unnati Cultural Village,3638,0
334,CG Unnati Cultural Village,3639,0
334,CG Unnati Cultural Village,3640,0
334,CG Unnati Cultural Village,3641,0
334,CG Unnati Cultural Village,3642,0
334,CG Unnati Cultural Village,3643,0
334,CG Unnati Cultural Village,3644,0
334,CG Unnati Cultural Village,3645,0
335,Children Fun Park,866,4
335,Children Fun Park,867,4
335,Children Fun Park,547,5
335,Children Fun Park,868,3
335,Children Fun Park,869,5
335,Children Fun Park,870,3
335,Children Fun Park,871,4
335,Children Fun Park,872,4
335,Children Fun Park,4027,3
338,"Cage of the Tiger, Bardiya National Park",702,5
338,"Cage of the Tiger, Bardiya National Park",703,5
338,"Cage of the Tiger, Bardiya National Park",704,5
339,Calvary Blessing Church-Achham,3983,5
342,Camping Hill,705,5
342,Camping Hill,706,5
342,Camping Hill,707,5
342,Camping Hill,708,1
342,Camping Hill,709,5
342,Camping Hill,710,2
342,Camping Hill,711,4
342,Camping Hill,712,5
342,Camping Hill,3984,5
342,Camping Hill,3985,5
343,Campsite on Upper Marsyangdi Reservoir,713,5
343,Campsite on Upper Marsyangdi Reservoir,713,5
346,Cauliflower & Potato Statue,714,4
346,Cauliflower & Potato Statue,715,3
346,Cauliflower & Potato Statue,716,5
347,Central Zoo,488,4
347,Central Zoo,3230,5
347,Central Zoo,3633,5
347,Central Zoo,3634,5
347,Central Zoo,3635,4
347,Central Zoo,3636,5
347,Central Zoo,3637,4
347,Central Zoo,381,4
347,Central Zoo,3634,5
347,Central Zoo,4624,4
348,Chaap Danda Hiking Start Trail Point,718,5
348,Chaap Danda Hiking Start Trail Point,719,5
348,Chaap Danda Hiking Start Trail Point,720,5
348,Chaap Danda Hiking Start Trail Point,721,5
348,Chaap Danda Hiking Start Trail Point,722,5
348,Chaap Danda Hiking Start Trail Point,723,5
348,Chaap Danda Hiking Start Trail Point,724,5
348,Chaap Danda Hiking Start Trail Point,725,5
348,Chaap Danda Hiking Start Trail Point,718,5
348,Chaap Danda Hiking Start Trail Point,719,5
348,Chaap Danda Hiking Start Trail Point,720,5
348,Chaap Danda Hiking Start Trail Point,721,5
348,Chaap Danda Hiking Start Trail Point,722,5
348,Chaap Danda Hiking Start Trail Point,723,5
348,Chaap Danda Hiking Start Trail Point,724,5
348,Chaap Danda Hiking Start Trail Point,725,5
350,Chainpur Bazar Sankhuwasabha,726,4
350,Chainpur Bazar Sankhuwasabha,727,3
350,Chainpur Bazar Sankhuwasabha,728,5
350,Chainpur Bazar Sankhuwasabha,729,5
350,Chainpur Bazar Sankhuwasabha,730,4
350,Chainpur Bazar Sankhuwasabha,731,4
350,Chainpur Bazar Sankhuwasabha,732,2
350,Chainpur Bazar Sankhuwasabha,733,5
350,Chainpur Bazar Sankhuwasabha,726,4
351,Chainpur Karuwa Park (Zero Point),734,3
351,Chainpur Karuwa Park (Zero Point),309,5
351,Chainpur Karuwa Park (Zero Point),735,1
351,Chainpur Karuwa Park (Zero Point),734,3
351,Chainpur Karuwa Park (Zero Point),309,5
351,Chainpur Karuwa Park (Zero Point),735,1
351,Chainpur Karuwa Park (Zero Point),3986,3
351,Chainpur Karuwa Park (Zero Point),3987,5
351,Chainpur Karuwa Park (Zero Point),3988,5
351,Chainpur Karuwa Park (Zero Point),3989,5
351,Chainpur Karuwa Park (Zero Point),3990,5
353,"Chakhewa,Bhojpur",1,5
353,"Chakhewa,Bhojpur",2,5
353,"Chakhewa,Bhojpur",3,5
353,"Chakhewa,Bhojpur",4,5
353,"Chakhewa,Bhojpur",5,4
353,"Chakhewa,Bhojpur",6,5
353,"Chakhewa,Bhojpur",7,4
353,"Chakhewa,Bhojpur",8,4
354,Chakla Sitganga,736,5
354,Chakla Sitganga,737,2
357,Chaku Christiya Mandali,738,5
357,Chaku Christiya Mandali,739,4
357,Chaku Christiya Mandali,740,5
358,Chame View Point,743,5
358,Chame View Point,744,5
358,Chame View Point,745,4
358,Chame View Point,746,5
359,Chame Art,741,5
359,Chame Art,742,5
359,Chame Art,741,5
359,Chame Art,742,5
360,Chamere Hill,747,5
360,Chamere Hill,747,5
361,Chameri Gufa,748,1
361,Chameri Gufa,749,5
361,Chameri Gufa,750,5
361,Chameri Gufa,751,5
361,Chameri Gufa,752,4
361,Chameri Gufa,312,5
361,Chameri Gufa,753,3
361,Chameri Gufa,754,4
361,Chameri Gufa,748,1
361,Chameri Gufa,749,5
361,Chameri Gufa,750,5
361,Chameri Gufa,751,5
361,Chameri Gufa,753,3
361,Chameri Gufa,752,4
361,Chameri Gufa,312,5
361,Chameri Gufa,754,4
362,"Chamman Chauraha, Kaluwapur",755,5
362,"Chamman Chauraha, Kaluwapur",756,5
362,"Chamman Chauraha, Kaluwapur",757,5
362,"Chamman Chauraha, Kaluwapur",758,3
362,"Chamman Chauraha, Kaluwapur",759,5
362,"Chamman Chauraha, Kaluwapur",760,5
362,"Chamman Chauraha, Kaluwapur",757,5
365,Champadevi Kakani,761,5
365,Champadevi Kakani,762,5
365,Champadevi Kakani,761,5
365,Champadevi Kakani,762,5
366,Champuja Greenery Park/Children Park,433,4
366,Champuja Greenery Park/Children Park,763,5
366,Champuja Greenery Park/Children Park,764,4
366,Champuja Greenery Park/Children Park,765,5
366,Champuja Greenery Park/Children Park,766,5
366,Champuja Greenery Park/Children Park,767,4
366,Champuja Greenery Park/Children Park,768,1
366,Champuja Greenery Park/Children Park,769,5
368,Chanaute Arughat Gorkha,770,5
368,Chanaute Arughat Gorkha,771,5
368,Chanaute Arughat Gorkha,770,5
370,Chandan Chy Bhajani Nepal,772,5
372,Chandeshwori Temple,312,5
372,Chandeshwori Temple,3991,5
372,Chandeshwori Temple,3992,4
372,Chandeshwori Temple,3993,5
372,Chandeshwori Temple,1407,3
372,Chandeshwori Temple,3994,5
372,Chandeshwori Temple,3010,5
372,Chandeshwori Temple,924,5
373,Chandi Than Mandir,773,4
373,Chandi Than Mandir,774,5
373,Chandi Than Mandir,775,5
376,Chandra Arts & Shilalekh,776,5
376,Chandra Arts & Shilalekh,777,5
376,Chandra Arts & Shilalekh,778,5
377,Chandra Bahadur Sunuwar Chock,3995,1
378,Chandragadi Simsar,779,3
378,Chandragadi Simsar,780,5
378,Chandragadi Simsar,781,5
378,Chandragadi Simsar,782,5
378,Chandragadi Simsar,783,1
383,Changesthan Mandir,784,5
383,Changesthan Mandir,785,5
383,Changesthan Mandir,786,5
383,Changesthan Mandir,787,5
383,Changesthan Mandir,788,5
383,Changesthan Mandir,789,5
383,Changesthan Mandir,790,5
383,Changesthan Mandir,791,1
384,Changu Museum,448,5
384,Changu Museum,792,5
384,Changu Museum,793,5
384,Changu Museum,794,5
384,Changu Museum,795,2
384,Changu Museum,796,5
384,Changu Museum,797,4
384,Changu Museum,798,5
384,Changu Museum,1156,5
385,Changu Narayan,3996,5
385,Changu Narayan,3997,5
385,Changu Narayan,1449,4
385,Changu Narayan,3998,5
385,Changu Narayan,3999,5
385,Changu Narayan,4000,4
385,Changu Narayan,3776,5
385,Changu Narayan,4001,5
388,Chankheli Pass,799,5
388,Chankheli Pass,800,5
389,Chapabot Park,801,3
389,Chapabot Park,802,5
389,Chapabot Park,803,5
389,Chapabot Park,801,3
389,Chapabot Park,802,5
389,Chapabot Park,803,5
389,Chapabot Park,4002,3
389,Chapabot Park,4003,4
389,Chapabot Park,4004,5
389,Chapabot Park,4005,3
389,Chapabot Park,4006,5
391,Chapleti,804,5
391,Chapleti,805,5
391,Chapleti,806,5
391,Chapleti,807,5
391,Chapleti,808,3
391,Chapleti,809,4
391,Chapleti,810,5
391,Chapleti,811,3
392,Chapur Chowk / Chandrapur Chowk,812,5
392,Chapur Chowk / Chandrapur Chowk,212,5
392,Chapur Chowk / Chandrapur Chowk,813,5
392,Chapur Chowk / Chandrapur Chowk,814,5
392,Chapur Chowk / Chandrapur Chowk,815,5
392,Chapur Chowk / Chandrapur Chowk,816,2
392,Chapur Chowk / Chandrapur Chowk,817,4
392,Chapur Chowk / Chandrapur Chowk,818,5
392,Chapur Chowk / Chandrapur Chowk,212,5
392,Chapur Chowk / Chandrapur Chowk,813,5
392,Chapur Chowk / Chandrapur Chowk,814,5
392,Chapur Chowk / Chandrapur Chowk,815,5
392,Chapur Chowk / Chandrapur Chowk,818,5
392,Chapur Chowk / Chandrapur Chowk,4007,4
392,Chapur Chowk / Chandrapur Chowk,2445,5
392,Chapur Chowk / Chandrapur Chowk,2033,5
393,Chapur Illaka Forest,819,3
393,Chapur Illaka Forest,820,3
393,Chapur Illaka Forest,821,4
393,Chapur Illaka Forest,822,5
393,Chapur Illaka Forest,823,1
393,Chapur Illaka Forest,824,5
393,Chapur Illaka Forest,825,4
393,Chapur Illaka Forest,826,3
394,Chapurwa Mosque,827,5
394,Chapurwa Mosque,828,5
394,Chapurwa Mosque,829,5
394,Chapurwa Mosque,830,5
394,Chapurwa Mosque,831,5
394,Chapurwa Mosque,832,1
394,Chapurwa Mosque,827,5
394,Chapurwa Mosque,828,5
394,Chapurwa Mosque,829,5
394,Chapurwa Mosque,830,5
394,Chapurwa Mosque,831,5
394,Chapurwa Mosque,832,1
398,Charikot Masjid,833,5
398,Charikot Masjid,833,5
399,"Charkya Lake, Doti",834,1
399,"Charkya Lake, Doti",835,5
399,"Charkya Lake, Doti",836,5
399,"Charkya Lake, Doti",834,1
399,"Charkya Lake, Doti",835,5
400,Charmohharam Pul Faruk,837,5
400,Charmohharam Pul Faruk,837,5
401,"Chaube Mango Garden, Madhopur",838,5
401,"Chaube Mango Garden, Madhopur",839,5
402,Chaugan Phaya,840,5
403,Chaukhutte,841,5
403,Chaukhutte,842,4
403,Chaukhutte,843,5
403,Chaukhutte,844,1
403,Chaukhutte,845,3
403,Chaukhutte,846,4
403,Chaukhutte,847,3
403,Chaukhutte,848,5
406,Chautara View Point,775,5
407,"Chautarbari, Jhargaun, Tanahun",849,5
407,"Chautarbari, Jhargaun, Tanahun",850,5
407,"Chautarbari, Jhargaun, Tanahun",851,3
407,"Chautarbari, Jhargaun, Tanahun",851,3
408,Chautari Community Church (Reformed),852,5
409,Chepang Hill Trek,853,2
409,Chepang Hill Trek,854,4
409,Chepang Hill Trek,855,5
409,Chepang Hill Trek,853,2
409,Chepang Hill Trek,854,4
409,Chepang Hill Trek,855,5
410,Chhabdi Barahi Temple,849,5
410,Chhabdi Barahi Temple,4008,5
410,Chhabdi Barahi Temple,4009,5
410,Chhabdi Barahi Temple,4010,4
410,Chhabdi Barahi Temple,4011,5
410,Chhabdi Barahi Temple,4012,5
410,Chhabdi Barahi Temple,4013,5
410,Chhabdi Barahi Temple,4014,5
412,Chhatreshwori Temple Salyan,856,5
412,Chhatreshwori Temple Salyan,857,5
412,Chhatreshwori Temple Salyan,858,5
412,Chhatreshwori Temple Salyan,4015,5
412,Chhatreshwori Temple Salyan,4016,5
412,Chhatreshwori Temple Salyan,4017,4
412,Chhatreshwori Temple Salyan,4018,2
414,Chhillikot Temple,859,5
414,Chhillikot Temple,860,5
414,Chhillikot Temple,861,5
414,Chhillikot Temple,862,5
414,Chhillikot Temple,699,4
414,Chhillikot Temple,863,5
414,Chhillikot Temple,864,4
414,Chhillikot Temple,865,5
414,Chhillikot Temple,860,5
416,Chhina Jungle (Chhainaa Dhaama),4019,5
416,Chhina Jungle (Chhainaa Dhaama),4020,5
416,Chhina Jungle (Chhainaa Dhaama),4021,4
416,Chhina Jungle (Chhainaa Dhaama),4022,5
416,Chhina Jungle (Chhainaa Dhaama),4023,4
416,Chhina Jungle (Chhainaa Dhaama),4024,4
416,Chhina Jungle (Chhainaa Dhaama),4025,5
416,Chhina Jungle (Chhainaa Dhaama),4026,4
417,Chilancho Stupa,3646,5
417,Chilancho Stupa,2482,5
417,Chilancho Stupa,3647,5
417,Chilancho Stupa,784,5
417,Chilancho Stupa,3648,4
417,Chilancho Stupa,1407,4
417,Chilancho Stupa,924,5
417,Chilancho Stupa,3649,5
423,Children's Art Museum of Nepal (CAM Nepal),873,5
423,Children's Art Museum of Nepal (CAM Nepal),874,5
423,Children's Art Museum of Nepal (CAM Nepal),875,4
423,Children's Art Museum of Nepal (CAM Nepal),876,4
423,Children's Art Museum of Nepal (CAM Nepal),877,3
423,Children's Art Museum of Nepal (CAM Nepal),878,5
423,Children's Art Museum of Nepal (CAM Nepal),879,4
423,Children's Art Museum of Nepal (CAM Nepal),880,5
427,Chisapani Picnic Spot,888,5
427,Chisapani Picnic Spot,889,5
433,Chitwan National Park,890,5
433,Chitwan National Park,891,5
433,Chitwan National Park,892,5
433,Chitwan National Park,893,4
433,Chitwan National Park,751,5
433,Chitwan National Park,894,4
433,Chitwan National Park,895,4
433,Chitwan National Park,896,5
433,Chitwan National Park,3650,5
433,Chitwan National Park,3651,4
433,Chitwan National Park,3652,5
433,Chitwan National Park,3653,5
433,Chitwan National Park,3654,5
433,Chitwan National Park,3655,5
433,Chitwan National Park,3656,5
433,Chitwan National Park,2071,5
433,Chitwan National Park,890,5
433,Chitwan National Park,893,4
433,Chitwan National Park,4029,5
433,Chitwan National Park,751,5
433,Chitwan National Park,894,4
433,Chitwan National Park,895,4
433,Chitwan National Park,3650,5
433,Chitwan National Park,3652,5
433,Chitwan National Park,3653,5
433,Chitwan National Park,3655,5
433,Chitwan National Park,3733,5
438,Chiwang Monastery Solukhumbu,897,5
438,Chiwang Monastery Solukhumbu,898,4
438,Chiwang Monastery Solukhumbu,899,5
438,Chiwang Monastery Solukhumbu,900,5
438,Chiwang Monastery Solukhumbu,901,5
438,Chiwang Monastery Solukhumbu,902,3
438,Chiwang Monastery Solukhumbu,903,5
438,Chiwang Monastery Solukhumbu,904,4
438,Chiwang Monastery Solukhumbu,897,5
439,Chiwong Monastery,897,5
439,Chiwong Monastery,898,4
439,Chiwong Monastery,899,5
439,Chiwong Monastery,900,5
439,Chiwong Monastery,901,5
439,Chiwong Monastery,902,3
439,Chiwong Monastery,903,5
439,Chiwong Monastery,904,4
439,Chiwong Monastery,897,5
441,Chobar Ground,905,4
441,Chobar Ground,906,2
441,Chobar Ground,907,5
441,Chobar Ground,908,5
441,Chobar Ground,909,5
441,Chobar Ground,910,4
441,Chobar Ground,911,4
441,Chobar Ground,912,4
441,Chobar Ground,905,4
441,Chobar Ground,906,2
441,Chobar Ground,907,5
441,Chobar Ground,908,5
441,Chobar Ground,909,5
441,Chobar Ground,910,4
441,Chobar Ground,4030,4
441,Chobar Ground,911,4
442,Cholung Park,913,5
442,Cholung Park,188,5
442,Cholung Park,914,4
442,Cholung Park,915,5
442,Cholung Park,916,5
442,Cholung Park,917,5
442,Cholung Park,431,5
442,Cholung Park,918,5
442,Cholung Park,914,4
444,Chongkor View Point I,919,5
444,Chongkor View Point I,920,4
444,Chongkor View Point I,921,5
444,Chongkor View Point I,922,5
444,Chongkor View Point I,923,5
444,Chongkor View Point I,924,4
444,Chongkor View Point I,925,5
444,Chongkor View Point I,926,5
444,Chongkor View Point I,926,5
446,Choti Masjid Jingadwa-05,927,5
448,Chovar Park,3357,4
448,Chovar Park,4031,5
448,Chovar Park,4032,5
448,Chovar Park,4033,5
448,Chovar Park,4034,5
448,Chovar Park,4035,5
448,Chovar Park,2777,5
448,Chovar Park,2408,4
449,Christ the King Church,4036,3
449,Christ the King Church,4037,4
449,Christ the King Church,4038,4
449,Christ the King Church,4039,5
449,Christ the King Church,4040,5
449,Christ the King Church,4041,5
449,Christ the King Church,4042,5
449,Christ the King Church,4043,5
455,Chuliban Deurali and Mangdinpakha Community Forest,928,5
455,Chuliban Deurali and Mangdinpakha Community Forest,909,4
455,Chuliban Deurali and Mangdinpakha Community Forest,929,5
455,Chuliban Deurali and Mangdinpakha Community Forest,930,3
455,Chuliban Deurali and Mangdinpakha Community Forest,931,5
455,Chuliban Deurali and Mangdinpakha Community Forest,932,5
455,Chuliban Deurali and Mangdinpakha Community Forest,933,5
455,Chuliban Deurali and Mangdinpakha Community Forest,934,5
457,Chumchaur,935,1
457,Chumchaur,936,5
457,Chumchaur,937,5
457,Chumchaur,938,5
457,Chumchaur,935,1
459,Chunikhel Gamcha Church,939,5
459,Chunikhel Gamcha Church,940,5
459,Chunikhel Gamcha Church,941,5
459,Chunikhel Gamcha Church,942,5
459,Chunikhel Gamcha Church,943,4
461,Churiamai Picnic Spot,123,4
461,Churiamai Picnic Spot,944,3
461,Churiamai Picnic Spot,945,3
461,Churiamai Picnic Spot,946,2
461,Churiamai Picnic Spot,947,4
461,Churiamai Picnic Spot,123,4
461,Churiamai Picnic Spot,944,3
461,Churiamai Picnic Spot,945,3
461,Churiamai Picnic Spot,946,2
461,Churiamai Picnic Spot,947,4
462,Chwadi Park,4044,5
463,Chyasalin Mandap,948,5
463,Chyasalin Mandap,949,5
463,Chyasalin Mandap,950,5
463,Chyasalin Mandap,951,5
463,Chyasalin Mandap,952,5
463,Chyasalin Mandap,953,5
463,Chyasalin Mandap,253,5
463,Chyasalin Mandap,954,5
463,Chyasalin Mandap,948,5
463,Chyasalin Mandap,949,5
463,Chyasalin Mandap,950,5
463,Chyasalin Mandap,951,5
463,Chyasalin Mandap,952,5
463,Chyasalin Mandap,953,5
463,Chyasalin Mandap,253,5
463,Chyasalin Mandap,954,5
464,Classic Gallery,955,5
464,Classic Gallery,956,5
464,Classic Gallery,957,5
464,Classic Gallery,958,4
464,Classic Gallery,959,5
464,Classic Gallery,960,5
464,Classic Gallery,961,4
464,Classic Gallery,962,4
464,Classic Gallery,955,5
464,Classic Gallery,956,5
464,Classic Gallery,957,5
464,Classic Gallery,958,4
464,Classic Gallery,959,5
464,Classic Gallery,960,5
464,Classic Gallery,961,4
464,Classic Gallery,962,4
466,Community Hike,963,5
466,Community Hike,964,4
466,Community Hike,80,4
466,Community Hike,965,5
466,Community Hike,966,5
466,Community Hike,967,4
466,Community Hike,968,5
466,Community Hike,969,4
467,Creative Art Gallery,1244,4
467,Creative Art Gallery,241,4
467,Creative Art Gallery,1245,5
467,Creative Art Gallery,1246,1
467,Creative Art Gallery,1247,4
467,Creative Art Gallery,1248,1
467,Creative Art Gallery,1249,5
467,Creative Art Gallery,1250,5
469,Cultural Village,970,5
469,Cultural Village,443,5
469,Cultural Village,971,5
469,Cultural Village,972,5
469,Cultural Village,973,4
469,Cultural Village,974,5
469,Cultural Village,975,5
469,Cultural Village,976,4
469,Cultural Village,970,5
469,Cultural Village,443,5
469,Cultural Village,971,5
469,Cultural Village,972,5
469,Cultural Village,973,4
469,Cultural Village,974,5
469,Cultural Village,975,5
469,Cultural Village,976,4
471,Curio Concern,977,4
471,Curio Concern,978,1
475,DD Park Tanahunsur,1071,2
475,DD Park Tanahunsur,1072,3
476,DEHI ART,1073,5
476,DEHI ART,1074,5
476,DEHI ART,1075,4
476,DEHI ART,1076,4
476,DEHI ART,1077,4
476,DEHI ART,1078,5
476,DEHI ART,1079,5
476,DEHI ART,1080,5
477,DEV ART GALLERY,1088,5
477,DEV ART GALLERY,1089,5
477,DEV ART GALLERY,1090,5
477,DEV ART GALLERY,1091,5
478,DHAMBOJHI Water Park,1092,4
478,DHAMBOJHI Water Park,1093,4
478,DHAMBOJHI Water Park,1094,4
478,DHAMBOJHI Water Park,1095,5
478,DHAMBOJHI Water Park,1096,5
478,DHAMBOJHI Water Park,1097,5
478,DHAMBOJHI Water Park,741,5
478,DHAMBOJHI Water Park,379,5
478,DHAMBOJHI Water Park,1092,4
478,DHAMBOJHI Water Park,1094,4
478,DHAMBOJHI Water Park,4053,4
479,DOBAN PARK,1161,5
481,Dabali Panauti,76,4
481,Dabali Panauti,979,3
481,Dabali Panauti,980,5
481,Dabali Panauti,981,5
481,Dabali Panauti,982,5
481,Dabali Panauti,983,4
481,Dabali Panauti,984,4
481,Dabali Panauti,985,5
486,Dahabang Musikot Rukum West,986,5
486,Dahabang Musikot Rukum West,987,5
488,Dahare Deurali,988,5
488,Dahare Deurali,989,5
488,Dahare Deurali,990,5
488,Dahare Deurali,991,5
488,Dahare Deurali,555,5
488,Dahare Deurali,992,5
488,Dahare Deurali,993,5
488,Dahare Deurali,994,5
488,Dahare Deurali,989,5
490,Daicha Patti Santibinayak Ganesh Mandir,995,5
490,Daicha Patti Santibinayak Ganesh Mandir,996,5
490,Daicha Patti Santibinayak Ganesh Mandir,997,5
492,Dakshin Barahi Park,998,5
492,Dakshin Barahi Park,999,4
492,Dakshin Barahi Park,1000,5
492,Dakshin Barahi Park,1001,3
492,Dakshin Barahi Park,1002,5
492,Dakshin Barahi Park,1003,1
492,Dakshin Barahi Park,1004,3
492,Dakshin Barahi Park,1005,3
492,Dakshin Barahi Park,999,4
493,Dakshindhoka Shanti Park,1006,4
493,Dakshindhoka Shanti Park,1007,5
493,Dakshindhoka Shanti Park,1008,3
493,Dakshindhoka Shanti Park,1009,4
493,Dakshindhoka Shanti Park,1010,3
493,Dakshindhoka Shanti Park,116,2
493,Dakshindhoka Shanti Park,1011,5
493,Dakshindhoka Shanti Park,1012,5
493,Dakshindhoka Shanti Park,1009,4
496,Dalachaur Chautari,1013,4
496,Dalachaur Chautari,1013,4
497,Dalwa Park,1014,1
497,Dalwa Park,1015,4
497,Dalwa Park,1016,1
497,Dalwa Park,1017,5
497,Dalwa Park,1018,4
497,Dalwa Park,1016,1
498,Damak Fun Park,1019,5
498,Damak Fun Park,1020,4
498,Damak Fun Park,1021,5
498,Damak Fun Park,1022,5
498,Damak Fun Park,1023,3
498,Damak Fun Park,1024,5
498,Damak Fun Park,1025,4
498,Damak Fun Park,1026,4
498,Damak Fun Park,1025,4
501,Damphu Danda,924,4
501,Damphu Danda,1027,3
501,Damphu Danda,1028,3
501,Damphu Danda,479,5
501,Damphu Danda,1029,5
501,Damphu Danda,1030,3
504,Daneswor Ghimire Memorial Water Tap,1031,5
504,Daneswor Ghimire Memorial Water Tap,1032,5
504,Daneswor Ghimire Memorial Water Tap,1033,5
504,Daneswor Ghimire Memorial Water Tap,1031,5
504,Daneswor Ghimire Memorial Water Tap,1032,5
504,Daneswor Ghimire Memorial Water Tap,1033,5
506,Dangdunge View Point,1034,5
506,Dangdunge View Point,1034,5
508,Dangisharan Cultural Homestay,1035,5
508,Dangisharan Cultural Homestay,1036,5
508,Dangisharan Cultural Homestay,1037,5
508,Dangisharan Cultural Homestay,1038,5
508,Dangisharan Cultural Homestay,1039,5
508,Dangisharan Cultural Homestay,1040,5
508,Dangisharan Cultural Homestay,1041,5
508,Dangisharan Cultural Homestay,1042,5
508,Dangisharan Cultural Homestay,1035,5
508,Dangisharan Cultural Homestay,1036,5
508,Dangisharan Cultural Homestay,1037,5
508,Dangisharan Cultural Homestay,1038,5
508,Dangisharan Cultural Homestay,1039,5
508,Dangisharan Cultural Homestay,1040,5
508,Dangisharan Cultural Homestay,1042,5
508,Dangisharan Cultural Homestay,1041,5
509,Dangol's Bird Art Gallery & Art Institute,1043,5
509,Dangol's Bird Art Gallery & Art Institute,1044,4
509,Dangol's Bird Art Gallery & Art Institute,1045,5
509,Dangol's Bird Art Gallery & Art Institute,1046,5
509,Dangol's Bird Art Gallery & Art Institute,1047,5
509,Dangol's Bird Art Gallery & Art Institute,1048,5
509,Dangol's Bird Art Gallery & Art Institute,1049,3
509,Dangol's Bird Art Gallery & Art Institute,1043,5
509,Dangol's Bird Art Gallery & Art Institute,1044,4
509,Dangol's Bird Art Gallery & Art Institute,1045,5
509,Dangol's Bird Art Gallery & Art Institute,1046,5
509,Dangol's Bird Art Gallery & Art Institute,1047,5
509,Dangol's Bird Art Gallery & Art Institute,1048,5
509,Dangol's Bird Art Gallery & Art Institute,1049,3
510,Dapcha Bazaar,1050,4
510,Dapcha Bazaar,80,5
510,Dapcha Bazaar,1051,4
510,Dapcha Bazaar,1052,4
510,Dapcha Bazaar,1053,5
510,Dapcha Bazaar,1054,5
510,Dapcha Bazaar,1055,4
510,Dapcha Bazaar,1056,5
510,Dapcha Bazaar,80,5
513,Darkhaswa Park,1057,5
513,Darkhaswa Park,1058,5
513,Darkhaswa Park,1059,3
513,Darkhaswa Park,1060,1
513,Darkhaswa Park,1061,5
513,Darkhaswa Park,1062,5
513,Darkhaswa Park,1063,1
513,Darkhaswa Park,1064,5
514,Darul Huda Madarsa,4054,5
514,Darul Huda Madarsa,4055,5
514,Darul Huda Madarsa,4056,5
514,Darul Huda Madarsa,4057,3
520,Daunne Devi Temple,1065,4
520,Daunne Devi Temple,1066,4
520,Daunne Devi Temple,400,4
520,Daunne Devi Temple,1067,4
520,Daunne Devi Temple,1068,5
520,Daunne Devi Temple,1069,5
520,Daunne Devi Temple,290,5
520,Daunne Devi Temple,1070,5
524,Dendi Sherpa Lookout Point,1081,5
527,Deukot View Tower,1082,5
527,Deukot View Tower,1083,5
527,Deukot View Tower,1084,5
527,Deukot View Tower,1085,1
527,Deukot View Tower,1086,5
527,Deukot View Tower,1087,5
527,Deukot View Tower,1082,5
527,Deukot View Tower,1083,5
527,Deukot View Tower,1084,5
527,Deukot View Tower,1085,1
527,Deukot View Tower,1086,5
527,Deukot View Tower,1087,5
530,Supa Deurali Temple,2112,4
530,Supa Deurali Temple,208,5
530,Supa Deurali Temple,3543,3
530,Supa Deurali Temple,3544,5
530,Supa Deurali Temple,3545,5
530,Supa Deurali Temple,3546,5
530,Supa Deurali Temple,3547,5
530,Supa Deurali Temple,303,3
534,Dhanush Sagar Pond,1098,5
534,Dhanush Sagar Pond,671,5
534,Dhanush Sagar Pond,657,5
534,Dhanush Sagar Pond,1099,4
534,Dhanush Sagar Pond,1100,5
534,Dhanush Sagar Pond,1101,4
534,Dhanush Sagar Pond,1102,3
534,Dhanush Sagar Pond,1103,4
534,Dhanush Sagar Pond,1098,5
534,Dhanush Sagar Pond,671,5
534,Dhanush Sagar Pond,657,5
534,Dhanush Sagar Pond,1099,4
534,Dhanush Sagar Pond,1100,5
534,Dhanush Sagar Pond,1101,4
534,Dhanush Sagar Pond,1102,3
534,Dhanush Sagar Pond,1103,4
537,Dhanushadham Botanical Garden,1104,5
537,Dhanushadham Botanical Garden,1105,5
537,Dhanushadham Botanical Garden,1106,5
537,Dhanushadham Botanical Garden,1107,5
537,Dhanushadham Botanical Garden,1108,3
537,Dhanushadham Botanical Garden,1109,3
537,Dhanushadham Botanical Garden,1110,3
537,Dhanushadham Botanical Garden,1111,5
537,Dhanushadham Botanical Garden,1112,1
537,Dhanushadham Botanical Garden,1113,1
537,Dhanushadham Botanical Garden,1114,3
537,Dhanushadham Botanical Garden,1115,5
537,Dhanushadham Botanical Garden,1116,4
537,Dhanushadham Botanical Garden,1117,4
537,Dhanushadham Botanical Garden,1104,5
537,Dhanushadham Botanical Garden,1118,4
537,Dhanushadham Botanical Garden,1119,3
537,Dhanushadham Botanical Garden,1120,5
537,Dhanushadham Botanical Garden,1121,4
537,Dhanushadham Botanical Garden,1122,5
537,Dhanushadham Botanical Garden,1123,2
537,Dhanushadham Botanical Garden,1124,5
537,Dhanushadham Botanical Garden,1124,5
540,Dhap Bazaar,1125,5
540,Dhap Bazaar,1126,4
540,Dhap Bazaar,1127,5
540,Dhap Bazaar,1128,4
540,Dhap Bazaar,1129,4
540,Dhap Bazaar,1130,5
540,Dhap Bazaar,788,4
540,Dhap Bazaar,1131,3
541,"Dhap Dam, Shivapuri National Park",1132,5
541,"Dhap Dam, Shivapuri National Park",1133,3
541,"Dhap Dam, Shivapuri National Park",1134,5
541,"Dhap Dam, Shivapuri National Park",1135,5
541,"Dhap Dam, Shivapuri National Park",1136,5
541,"Dhap Dam, Shivapuri National Park",1137,4
541,"Dhap Dam, Shivapuri National Park",1138,5
541,"Dhap Dam, Shivapuri National Park",1139,2
542,Dhap Pokhari Ilam,1140,5
542,Dhap Pokhari Ilam,1141,4
542,Dhap Pokhari Ilam,1140,5
542,Dhap Pokhari Ilam,1141,4
544,Dhara Pani Picnic Spot,4137,5
544,Dhara Pani Picnic Spot,4138,5
544,Dhara Pani Picnic Spot,4139,5
544,Dhara Pani Picnic Spot,4140,5
544,Dhara Pani Picnic Spot,4141,5
544,Dhara Pani Picnic Spot,4142,5
544,Dhara Pani Picnic Spot,3815,5
547,Dhunge Dhara Bode,1142,5
547,Dhunge Dhara Bode,1143,5
547,Dhunge Dhara Bode,1144,5
547,Dhunge Dhara Bode,1145,4
547,Dhunge Dhara Bode,1146,1
547,Dhunge Dhara Bode,1147,5
548,Digre Saikumari Temple Rukum,1148,5
548,Digre Saikumari Temple Rukum,1149,4
548,Digre Saikumari Temple Rukum,1150,5
548,Digre Saikumari Temple Rukum,1151,5
548,Digre Saikumari Temple Rukum,1152,5
548,Digre Saikumari Temple Rukum,1153,5
548,Digre Saikumari Temple Rukum,1154,5
548,Digre Saikumari Temple Rukum,320,3
548,Digre Saikumari Temple Rukum,1148,5
548,Digre Saikumari Temple Rukum,1149,4
548,Digre Saikumari Temple Rukum,1150,5
548,Digre Saikumari Temple Rukum,1151,5
548,Digre Saikumari Temple Rukum,1152,5
548,Digre Saikumari Temple Rukum,1153,5
548,Digre Saikumari Temple Rukum,1154,5
548,Digre Saikumari Temple Rukum,320,3
549,Digu Bhairava Temple,1155,5
549,Digu Bhairava Temple,1156,5
549,Digu Bhairava Temple,1157,5
549,Digu Bhairava Temple,356,5
549,Digu Bhairava Temple,1158,5
549,Digu Bhairava Temple,1159,5
549,Digu Bhairava Temple,1160,5
549,Digu Bhairava Temple,253,5
552,Doleshwar Mahadev Temple,895,5
552,Doleshwar Mahadev Temple,1168,5
552,Doleshwar Mahadev Temple,381,5
552,Doleshwar Mahadev Temple,1471,5
552,Doleshwar Mahadev Temple,1220,5
552,Doleshwar Mahadev Temple,3657,5
552,Doleshwar Mahadev Temple,3658,5
552,Doleshwar Mahadev Temple,670,5
552,Doleshwar Mahadev Temple,895,5
552,Doleshwar Mahadev Temple,1168,5
552,Doleshwar Mahadev Temple,4633,5
555,G Art Gallery,1170,5
555,G Art Gallery,1171,5
555,G Art Gallery,1172,5
555,G Art Gallery,1173,5
555,G Art Gallery,1174,5
555,G Art Gallery,1175,5
555,G Art Gallery,1176,5
555,G Art Gallery,1177,5
555,G Art Gallery,1171,5
556,G.Creek Church Kasala Rolpa,1169,4
557,Gaindakot-6 Playground,1199,4
557,Gaindakot-6 Playground,1200,4
557,Gaindakot-6 Playground,1201,5
557,Gaindakot-6 Playground,1202,5
557,Gaindakot-6 Playground,1203,4
557,Gaindakot-6 Playground,1204,4
558,Ganesh Temple Nawadurgatole,4507,5
558,Ganesh Temple Nawadurgatole,4508,5
558,Ganesh Temple Nawadurgatole,4509,5
558,Ganesh Temple Nawadurgatole,4510,5
558,Ganesh Temple Nawadurgatole,4511,5
558,Ganesh Temple Nawadurgatole,4512,5
558,Ganesh Temple Nawadurgatole,4513,5
558,Ganesh Temple Nawadurgatole,4514,5
559,Ganeshu Palace White House,1265,5
559,Ganeshu Palace White House,1266,5
559,Ganeshu Palace White House,1267,5
559,Ganeshu Palace White House,1268,5
559,Ganeshu Palace White House,1269,3
559,Ganeshu Palace White House,1270,5
559,Ganeshu Palace White House,1271,5
562,Gharap Zhong View Point,991,5
563,Ghausia Jama Masjid Bhimdatta Nagar,1356,5
564,Ghausia Masjid Dhangadhi,1356,5
564,Ghausia Masjid Dhangadhi,1357,5
564,Ghausia Masjid Dhangadhi,1356,5
564,Ghausia Masjid Dhangadhi,1356,5
564,Ghausia Masjid Dhangadhi,1357,5
567,GKII Jemaat Oelbima,1387,5
567,GKII Jemaat Oelbima,1388,5
567,GKII Jemaat Oelbima,1389,5
568,Greater Grace Church Kathmandu Nepal,1463,5
568,Greater Grace Church Kathmandu Nepal,1464,5
568,Greater Grace Church Kathmandu Nepal,1465,5
568,Greater Grace Church Kathmandu Nepal,1466,4
568,Greater Grace Church Kathmandu Nepal,1467,4
568,Greater Grace Church Kathmandu Nepal,1468,5
568,Greater Grace Church Kathmandu Nepal,1469,5
568,Greater Grace Church Kathmandu Nepal,1470,2
572,"Gagan Batika, Nagbahal",1178,4
572,"Gagan Batika, Nagbahal",1179,4
572,"Gagan Batika, Nagbahal",1180,5
572,"Gagan Batika, Nagbahal",1181,3
572,"Gagan Batika, Nagbahal",1182,5
572,"Gagan Batika, Nagbahal",1183,5
572,"Gagan Batika, Nagbahal",1184,5
572,"Gagan Batika, Nagbahal",1185,5
573,Gahana Pokhari Pond,1186,5
573,Gahana Pokhari Pond,917,5
573,Gahana Pokhari Pond,1094,5
573,Gahana Pokhari Pond,1187,3
573,Gahana Pokhari Pond,1188,3
573,Gahana Pokhari Pond,948,5
573,Gahana Pokhari Pond,1189,5
573,Gahana Pokhari Pond,1190,4
573,Gahana Pokhari Pond,1204,4
574,Gaighat Falls,1191,4
574,Gaighat Falls,1192,5
574,Gaighat Falls,1193,5
574,Gaighat Falls,1194,4
574,Gaighat Falls,1195,5
574,Gaighat Falls,1196,5
574,Gaighat Falls,1197,3
574,Gaighat Falls,1198,5
574,Gaighat Falls,4515,3
577,Gairibari Jharana,1205,4
577,Gairibari Jharana,1206,4
577,Gairibari Jharana,1207,4
577,Gairibari Jharana,1208,4
577,Gairibari Jharana,1209,4
577,Gairibari Jharana,1210,3
577,Gairibari Jharana,1211,3
577,Gairibari Jharana,1212,5
581,"Gairikhoriya (Koiralaphant), Lamjung",1213,5
581,"Gairikhoriya (Koiralaphant), Lamjung",1214,5
581,"Gairikhoriya (Koiralaphant), Lamjung",1215,5
581,"Gairikhoriya (Koiralaphant), Lamjung",1216,5
581,"Gairikhoriya (Koiralaphant), Lamjung",1214,5
581,"Gairikhoriya (Koiralaphant), Lamjung",1217,4
581,"Gairikhoriya (Koiralaphant), Lamjung",1213,5
581,"Gairikhoriya (Koiralaphant), Lamjung",1214,5
581,"Gairikhoriya (Koiralaphant), Lamjung",1215,5
581,"Gairikhoriya (Koiralaphant), Lamjung",1216,5
581,"Gairikhoriya (Koiralaphant), Lamjung",1214,5
581,"Gairikhoriya (Koiralaphant), Lamjung",1217,4
585,Gajendra Memorial Hospital,4516,5
585,Gajendra Memorial Hospital,4517,5
587,Gajuri 6 Milantar,1218,2
587,Gajuri 6 Milantar,1219,1
592,Galeshwor Temple,528,5
592,Galeshwor Temple,1220,5
592,Galeshwor Temple,1221,2
592,Galeshwor Temple,4518,5
592,Galeshwor Temple,1975,5
592,Galeshwor Temple,1971,5
592,Galeshwor Temple,4519,4
592,Galeshwor Temple,4520,4
593,Galgatha AG Church Bauniya,265,5
593,Galgatha AG Church Bauniya,266,5
593,Galgatha AG Church Bauniya,267,5
593,Galgatha AG Church Bauniya,268,5
593,Galgatha AG Church Bauniya,269,5
593,Galgatha AG Church Bauniya,265,5
593,Galgatha AG Church Bauniya,266,5
593,Galgatha AG Church Bauniya,267,5
593,Galgatha AG Church Bauniya,268,5
593,Galgatha AG Church Bauniya,269,5
594,Galgatha Church,1222,2
594,Galgatha Church,79,5
594,Galgatha Church,79,5
594,Galgatha Church,1223,5
594,Galgatha Church,1224,5
594,Galgatha Church,1225,5
594,Galgatha Church,1226,5
594,Galgatha Church,1227,5
596,Galkot AG Church,1228,5
596,Galkot AG Church,1229,5
596,Galkot AG Church,1230,5
596,Galkot AG Church,4521,5
596,Galkot AG Church,4522,5
596,Galkot AG Church,4523,5
596,Galkot AG Church,4524,1
599,Galkot Durbar,1191,5
599,Galkot Durbar,1231,5
599,Galkot Durbar,1232,5
599,Galkot Durbar,1233,5
599,Galkot Durbar,1234,5
599,Galkot Durbar,1235,5
599,Galkot Durbar,1236,5
599,Galkot Durbar,673,5
601,Gallery Mcube,1237,5
601,Gallery Mcube,1238,5
601,Gallery Mcube,1239,5
601,Gallery Mcube,1240,4
601,Gallery Mcube,1241,5
601,Gallery Mcube,241,4
601,Gallery Mcube,1242,5
601,Gallery Mcube,1243,4
603,Gallery of Creatives,1244,4
603,Gallery of Creatives,241,4
603,Gallery of Creatives,1245,5
603,Gallery of Creatives,1246,1
603,Gallery of Creatives,1247,4
603,Gallery of Creatives,1248,1
603,Gallery of Creatives,1249,5
603,Gallery of Creatives,1250,5
604,Galli Masta Shrine,881,5
604,Galli Masta Shrine,882,4
604,Galli Masta Shrine,76,4
604,Galli Masta Shrine,883,5
604,Galli Masta Shrine,884,5
604,Galli Masta Shrine,885,5
604,Galli Masta Shrine,886,5
604,Galli Masta Shrine,887,5
605,Gamcha Pipal Bottom,1251,5
605,Gamcha Pipal Bottom,1252,5
605,Gamcha Pipal Bottom,1253,3
605,Gamcha Pipal Bottom,262,5
605,Gamcha Pipal Bottom,1254,1
605,Gamcha Pipal Bottom,1255,5
607,Gandaki Village Trekking & Travel,4525,5
617,Ganeshman Pillar,1256,3
617,Ganeshman Pillar,1257,2
617,Ganeshman Pillar,1258,5
617,Ganeshman Pillar,4530,2
617,Ganeshman Pillar,4531,3
617,Ganeshman Pillar,4532,5
618,Ganeshman Singh Park,543,4
618,Ganeshman Singh Park,1259,4
618,Ganeshman Singh Park,1260,5
618,Ganeshman Singh Park,1261,4
618,Ganeshman Singh Park,1262,3
618,Ganeshman Singh Park,7,4
618,Ganeshman Singh Park,1263,4
618,Ganeshman Singh Park,1264,3
618,Ganeshman Singh Park,1260,5
624,GangaJamuna Temple,1272,5
624,GangaJamuna Temple,1273,4
624,GangaJamuna Temple,1274,5
624,GangaJamuna Temple,1273,4
624,GangaJamuna Temple,4533,4
624,GangaJamuna Temple,4534,4
624,GangaJamuna Temple,4535,5
624,GangaJamuna Temple,4536,5
624,GangaJamuna Temple,1495,5
625,Gangapur-3 Masjid,1275,1
625,Gangapur-3 Masjid,1275,1
627,Gangata Park,1276,5
627,Gangata Park,1277,5
627,Gangata Park,1278,1
627,Gangata Park,1279,4
627,Gangata Park,1280,5
627,Gangata Park,1281,5
628,Gangate Peace and Children Park,1282,4
628,Gangate Peace and Children Park,1283,4
628,Gangate Peace and Children Park,1284,4
628,Gangate Peace and Children Park,4537,5
628,Gangate Peace and Children Park,4516,5
628,Gangate Peace and Children Park,4538,5
628,Gangate Peace and Children Park,4539,5
628,Gangate Peace and Children Park,4540,5
629,Gardash Village,1285,5
629,Gardash Village,1286,5
629,Gardash Village,1287,5
629,Gardash Village,1288,1
629,Gardash Village,1289,1
629,Gardash Village,1290,5
631,Garden of Dreams,1291,5
631,Garden of Dreams,1292,4
631,Garden of Dreams,1293,4
631,Garden of Dreams,3659,4
631,Garden of Dreams,3660,4
631,Garden of Dreams,3661,5
631,Garden of Dreams,3662,4
631,Garden of Dreams,3663,5
631,Garden of Dreams,1292,4
631,Garden of Dreams,3659,4
631,Garden of Dreams,4634,4
633,Garjura Park,1294,5
633,Garjura Park,1295,5
633,Garjura Park,1296,5
633,Garjura Park,1629,4
633,Garjura Park,4541,5
633,Garjura Park,4542,5
633,Garjura Park,4543,3
633,Garjura Park,4544,3
635,Garuda Laxmipur Nepal,1297,5
637,Garve Chhanga,1298,5
640,Gatti Kulo,1299,5
642,Gaur Shivalaya Pokhari Park,671,5
642,Gaur Shivalaya Pokhari Park,338,5
642,Gaur Shivalaya Pokhari Park,1300,5
642,Gaur Shivalaya Pokhari Park,1301,5
642,Gaur Shivalaya Pokhari Park,1302,5
642,Gaur Shivalaya Pokhari Park,1303,5
642,Gaur Shivalaya Pokhari Park,1304,3
642,Gaur Shivalaya Pokhari Park,123,4
645,Gaurati Picnic Spot,775,5
645,Gaurati Picnic Spot,1305,5
647,Gauri Shankar Krishi Farm,4545,5
647,Gauri Shankar Krishi Farm,4546,5
648,Gaurighat Park Lakeside,1306,5
648,Gaurighat Park Lakeside,1307,5
648,Gaurighat Park Lakeside,1308,4
648,Gaurighat Park Lakeside,1309,5
648,Gaurighat Park Lakeside,1310,5
648,Gaurighat Park Lakeside,187,5
648,Gaurighat Park Lakeside,1311,5
648,Gaurighat Park Lakeside,1312,5
649,Gaurishankar Art & Publicity,1313,5
649,Gaurishankar Art & Publicity,1314,5
649,Gaurishankar Art & Publicity,4547,4
649,Gaurishankar Art & Publicity,4548,5
653,Gaushala Bazaar,1315,5
653,Gaushala Bazaar,1316,5
653,Gaushala Bazaar,1317,4
653,Gaushala Bazaar,1318,5
653,Gaushala Bazaar,1319,5
653,Gaushala Bazaar,1320,4
653,Gaushala Bazaar,1321,3
653,Gaushala Bazaar,1322,5
653,Gaushala Bazaar,1323,5
653,Gaushala Bazaar,1323,5
654,Gaushala Ground,75,3
654,Gaushala Ground,1324,4
654,Gaushala Ground,1325,2
654,Gaushala Ground,1326,5
654,Gaushala Ground,1327,5
654,Gaushala Ground,1328,5
654,Gaushala Ground,1329,5
654,Gaushala Ground,1330,5
659,Gautam Gift Emporium,1331,5
659,Gautam Gift Emporium,1332,5
662,Gauthali Danda Park,1333,4
662,Gauthali Danda Park,742,5
662,Gauthali Danda Park,1334,5
662,Gauthali Danda Park,1335,5
662,Gauthali Danda Park,997,5
662,Gauthali Danda Park,1336,5
662,Gauthali Danda Park,1337,3
662,Gauthali Danda Park,1338,5
665,Geruwa - 01 Bagahipur Bardiya,1339,5
665,Geruwa - 01 Bagahipur Bardiya,1340,5
665,Geruwa - 01 Bagahipur Bardiya,1341,4
665,Geruwa - 01 Bagahipur Bardiya,1342,1
665,Geruwa - 01 Bagahipur Bardiya,1343,5
665,Geruwa - 01 Bagahipur Bardiya,1344,5
665,Geruwa - 01 Bagahipur Bardiya,1345,1
665,Geruwa - 01 Bagahipur Bardiya,1346,5
666,Ghadi Chhap Picnic Spot,188,5
668,Ghalegaun Bhagwati Temple,1347,5
668,Ghalegaun Bhagwati Temple,1348,4
668,Ghalegaun Bhagwati Temple,1349,4
668,Ghalegaun Bhagwati Temple,1350,5
668,Ghalegaun Bhagwati Temple,823,5
668,Ghalegaun Bhagwati Temple,1351,2
668,Ghalegaun Bhagwati Temple,1352,5
668,Ghalegaun Bhagwati Temple,1353,5
673,Ghattekhola Church of Christ,1354,5
673,Ghattekhola Church of Christ,1355,5
676,Ghoda Ghodi Temple,284,4
676,Ghoda Ghodi Temple,1358,4
676,Ghoda Ghodi Temple,1359,3
676,Ghoda Ghodi Temple,1360,5
676,Ghoda Ghodi Temple,1361,3
676,Ghoda Ghodi Temple,1362,3
676,Ghoda Ghodi Temple,1363,3
676,Ghoda Ghodi Temple,1364,5
677,Ghodaghodi Lake,1365,4
677,Ghodaghodi Lake,1366,5
677,Ghodaghodi Lake,678,3
677,Ghodaghodi Lake,1365,4
677,Ghodaghodi Lake,4554,5
677,Ghodaghodi Lake,1119,3
677,Ghodaghodi Lake,2325,5
677,Ghodaghodi Lake,4555,3
677,Ghodaghodi Lake,1220,4
682,Ghordaura View Point,699,5
682,Ghordaura View Point,856,4
682,Ghordaura View Point,861,4
682,Ghordaura View Point,1367,5
682,Ghordaura View Point,1368,5
682,Ghordaura View Point,302,5
682,Ghordaura View Point,1369,4
682,Ghordaura View Point,1370,3
682,Ghordaura View Point,1370,3
686,Ghumauri Community Park & Picnic Spot,1371,5
686,Ghumauri Community Park & Picnic Spot,1372,4
686,Ghumauri Community Park & Picnic Spot,1373,2
686,Ghumauri Community Park & Picnic Spot,1374,5
686,Ghumauri Community Park & Picnic Spot,1375,4
686,Ghumauri Community Park & Picnic Spot,1376,5
686,Ghumauri Community Park & Picnic Spot,1377,3
686,Ghumauri Community Park & Picnic Spot,1378,5
686,Ghumauri Community Park & Picnic Spot,1371,5
686,Ghumauri Community Park & Picnic Spot,1372,4
686,Ghumauri Community Park & Picnic Spot,1373,2
686,Ghumauri Community Park & Picnic Spot,1374,5
686,Ghumauri Community Park & Picnic Spot,1375,4
686,Ghumauri Community Park & Picnic Spot,1376,5
686,Ghumauri Community Park & Picnic Spot,1377,3
686,Ghumauri Community Park & Picnic Spot,1378,5
687,Ghyoi Lisang Peace Park,312,5
687,Ghyoi Lisang Peace Park,1379,5
687,Ghyoi Lisang Peace Park,1380,5
687,Ghyoi Lisang Peace Park,1381,5
687,Ghyoi Lisang Peace Park,1382,5
687,Ghyoi Lisang Peace Park,1383,5
687,Ghyoi Lisang Peace Park,1384,5
687,Ghyoi Lisang Peace Park,1385,4
687,Ghyoi Lisang Peace Park,1380,5
688,Gimdibesi Chautari,1386,3
693,Godak Baptist Church,1390,5
693,Godak Baptist Church,1391,5
694,Godawari Kunda,380,5
694,Godawari Kunda,1263,5
694,Godawari Kunda,720,5
694,Godawari Kunda,1392,5
694,Godawari Kunda,1393,5
694,Godawari Kunda,1394,3
694,Godawari Kunda,75,4
694,Godawari Kunda,1395,5
699,Gokarna Hills,1396,5
699,Gokarna Hills,1397,4
699,Gokarna Hills,1398,3
699,Gokarna Hills,1399,5
699,Gokarna Hills,1400,5
699,Gokarna Hills,1401,5
699,Gokarna Hills,1402,5
699,Gokarna Hills,1403,5
700,Gokarneshwor Mahadev Temple,890,5
700,Gokarneshwor Mahadev Temple,381,5
700,Gokarneshwor Mahadev Temple,1404,4
700,Gokarneshwor Mahadev Temple,1405,5
700,Gokarneshwor Mahadev Temple,1406,5
700,Gokarneshwor Mahadev Temple,1407,4
700,Gokarneshwor Mahadev Temple,1408,5
700,Gokarneshwor Mahadev Temple,1409,4
700,Gokarneshwor Mahadev Temple,1404,4
700,Gokarneshwor Mahadev Temple,1408,5
700,Gokarneshwor Mahadev Temple,4563,4
705,Golbazar Jama Masjid,1410,5
705,Golbazar Jama Masjid,1411,5
708,Golfutar Sunrise Point,997,5
708,Golfutar Sunrise Point,1412,5
708,Golfutar Sunrise Point,1413,5
710,Google Point,1414,5
710,Google Point,1415,3
710,Google Point,1416,5
710,Google Point,1417,4
710,Google Point,1418,3
710,Google Point,1419,4
710,Google Point,1420,5
710,Google Point,1421,5
712,Gopal Fun Park,1422,3
712,Gopal Fun Park,1423,4
712,Gopal Fun Park,1424,3
712,Gopal Fun Park,1425,5
712,Gopal Fun Park,1426,4
712,Gopal Fun Park,1427,5
712,Gopal Fun Park,1428,3
712,Gopal Fun Park,1429,4
712,Gopal Fun Park,1422,3
712,Gopal Fun Park,1427,5
712,Gopal Fun Park,4565,4
716,Gorkha International Travels & Treks,1430,5
716,Gorkha International Travels & Treks,1431,5
716,Gorkha International Travels & Treks,1432,5
716,Gorkha International Travels & Treks,1433,5
716,Gorkha International Travels & Treks,1434,5
716,Gorkha International Travels & Treks,1435,5
716,Gorkha International Travels & Treks,1436,5
716,Gorkha International Travels & Treks,1437,5
716,Gorkha International Travels & Treks,1430,5
716,Gorkha International Travels & Treks,1431,5
716,Gorkha International Travels & Treks,1433,5
716,Gorkha International Travels & Treks,4574,5
717,Gorkha Museum,4635,5
717,Gorkha Museum,4636,4
717,Gorkha Museum,4637,5
717,Gorkha Museum,4638,4
717,Gorkha Museum,856,4
717,Gorkha Museum,4639,5
717,Gorkha Museum,4640,5
717,Gorkha Museum,4641,5
721,Gorkhali's Sansari Dada,125,5
721,Gorkhali's Sansari Dada,1438,1
723,Gosaikunda Lake,1439,5
723,Gosaikunda Lake,1440,5
723,Gosaikunda Lake,396,4
723,Gosaikunda Lake,1441,5
723,Gosaikunda Lake,1442,5
723,Gosaikunda Lake,1443,5
723,Gosaikunda Lake,1444,5
723,Gosaikunda Lake,1445,5
723,Gosaikunda Lake,1439,5
723,Gosaikunda Lake,1440,5
723,Gosaikunda Lake,396,4
725,Gosaithan Picnic Spot,1446,4
725,Gosaithan Picnic Spot,1447,3
725,Gosaithan Picnic Spot,1448,4
725,Gosaithan Picnic Spot,1446,4
726,Gothatar Water Fun Park,1449,5
726,Gothatar Water Fun Park,1450,2
726,Gothatar Water Fun Park,1451,4
726,Gothatar Water Fun Park,1452,4
726,Gothatar Water Fun Park,1453,1
726,Gothatar Water Fun Park,1454,5
726,Gothatar Water Fun Park,1455,5
726,Gothatar Water Fun Park,1456,5
726,Gothatar Water Fun Park,1451,4
726,Gothatar Water Fun Park,1452,4
732,Grace Community Church,4576,5
733,Grace Joshua Nissi Church Panchkhal,1457,1
733,Grace Joshua Nissi Church Panchkhal,1458,5
733,Grace Joshua Nissi Church Panchkhal,1459,5
736,Great Machhapuchhre Trail (GMT),1460,4
736,Great Machhapuchhre Trail (GMT),1461,2
736,Great Machhapuchhre Trail (GMT),1462,5
736,Great Machhapuchhre Trail (GMT),4577,3
736,Great Machhapuchhre Trail (GMT),2208,5
736,Great Machhapuchhre Trail (GMT),4578,5
736,Great Machhapuchhre Trail (GMT),4579,5
736,Great Machhapuchhre Trail (GMT),1309,5
737,Green Park Karunyahi,4580,2
737,Green Park Karunyahi,4581,5
741,Guhyeshwari Shaktipeeth Temple,187,5
741,Guhyeshwari Shaktipeeth Temple,1471,5
741,Guhyeshwari Shaktipeeth Temple,1472,5
741,Guhyeshwari Shaktipeeth Temple,1473,5
741,Guhyeshwari Shaktipeeth Temple,1474,5
741,Guhyeshwari Shaktipeeth Temple,1475,4
741,Guhyeshwari Shaktipeeth Temple,1476,5
741,Guhyeshwari Shaktipeeth Temple,380,5
741,Guhyeshwari Shaktipeeth Temple,1474,5
744,Gujara Fun Park (Rautaha),1477,4
744,Gujara Fun Park (Rautaha),1478,5
744,Gujara Fun Park (Rautaha),1479,5
744,Gujara Fun Park (Rautaha),1480,2
744,Gujara Fun Park (Rautaha),1481,3
744,Gujara Fun Park (Rautaha),1482,2
744,Gujara Fun Park (Rautaha),1483,5
749,Gulmi Kabre,1484,1
749,Gulmi Kabre,1485,5
749,Gulmi Kabre,1486,5
751,Gulmidarbar Rural Municipality,1487,5
751,Gulmidarbar Rural Municipality,1488,4
751,Gulmidarbar Rural Municipality,1489,5
751,Gulmidarbar Rural Municipality,1490,3
751,Gulmidarbar Rural Municipality,1491,3
751,Gulmidarbar Rural Municipality,1492,3
753,Gumba - Ganga Jamuna View Point,1493,5
753,Gumba - Ganga Jamuna View Point,1494,5
753,Gumba - Ganga Jamuna View Point,1495,5
753,Gumba - Ganga Jamuna View Point,1496,5
755,Gumba Park,1497,4
759,Gupta Daha,1498,5
759,Gupta Daha,1499,5
759,Gupta Daha,537,3
759,Gupta Daha,1500,5
759,Gupta Daha,1501,5
763,Guranse Bhume Aama Samuha Museum,376,5
763,Guranse Bhume Aama Samuha Museum,1502,5
765,Gurkha Smarak Salmedada,1503,4
765,Gurkha Smarak Salmedada,1504,5
766,Gurkhali Stone Park,1505,5
769,Gurung Museum,1672,2
769,Gurung Museum,1673,3
769,Gurung Museum,1674,5
769,Gurung Museum,1675,5
769,Gurung Museum,1676,1
769,Gurung Museum,1677,5
769,Gurung Museum,1678,5
769,Gurung Museum,1678,5
769,Gurung Museum,1672,2
769,Gurung Museum,1673,3
769,Gurung Museum,1674,5
769,Gurung Museum,1675,5
769,Gurung Museum,1676,1
769,Gurung Museum,1677,5
769,Gurung Museum,1678,5
769,Gurung Museum,1678,5
774,Gyan BDR Singh Memorial Library,1506,5
775,Gyandi Open Resort & Picnic Spot,699,4
775,Gyandi Open Resort & Picnic Spot,1417,5
775,Gyandi Open Resort & Picnic Spot,1507,5
776,Gyanlal Handcraft,1508,5
776,Gyanlal Handcraft,1509,5
776,Gyanlal Handcraft,1510,5
776,Gyanlal Handcraft,1511,2
776,Gyanlal Handcraft,1512,5
776,Gyanlal Handcraft,1512,5
776,Gyanlal Handcraft,1513,5
779,H.N.K.-N.PA-8 Joginiya1 Park,1514,5
780,Hashmati Masjid Nepalgunj,1356,5
782,Himalayan Trekkers Pvt. Ltd.,1660,5
782,Himalayan Trekkers Pvt. Ltd.,1661,5
782,Himalayan Trekkers Pvt. Ltd.,1662,5
782,Himalayan Trekkers Pvt. Ltd.,1663,5
782,Himalayan Trekkers Pvt. Ltd.,1664,5
782,Himalayan Trekkers Pvt. Ltd.,1665,5
782,Himalayan Trekkers Pvt. Ltd.,1666,5
782,Himalayan Trekkers Pvt. Ltd.,1667,5
783,Holy Art Gallery,3588,5
783,Holy Art Gallery,3589,5
783,Holy Art Gallery,3590,5
783,Holy Art Gallery,3591,5
783,Holy Art Gallery,3592,5
783,Holy Art Gallery,3593,5
783,Holy Art Gallery,3594,5
783,Holy Art Gallery,3595,5
784,Hope Church Butwal,1690,5
784,Hope Church Butwal,1691,5
784,Hope Church Butwal,1692,1
784,Hope Church Butwal,1693,5
784,Hope Church Butwal,1694,5
784,Hope Church Butwal,1695,5
784,Hope Church Butwal,1696,5
784,Hope Church Butwal,1697,5
788,Haldibari Chowk (Bhajan Chowk),1515,4
788,Haldibari Chowk (Bhajan Chowk),1516,3
788,Haldibari Chowk (Bhajan Chowk),1517,5
788,Haldibari Chowk (Bhajan Chowk),1518,3
788,Haldibari Chowk (Bhajan Chowk),1519,5
788,Haldibari Chowk (Bhajan Chowk),1520,5
788,Haldibari Chowk (Bhajan Chowk),1521,5
791,Halhale Picnic Park,1522,5
791,Halhale Picnic Park,1523,5
794,Hampal Jaljala,503,5
794,Hampal Jaljala,1524,5
794,Hampal Jaljala,1525,5
794,Hampal Jaljala,1526,5
794,Hampal Jaljala,1527,5
794,Hampal Jaljala,1528,5
794,Hampal Jaljala,1529,5
794,Hampal Jaljala,1530,5
799,Hangthuwa Siran Gaun,1531,5
800,Hans Pokhari,1532,5
800,Hans Pokhari,952,5
800,Hans Pokhari,1533,5
800,Hans Pokhari,1534,3
800,Hans Pokhari,1535,5
800,Hans Pokhari,1536,5
800,Hans Pokhari,1537,5
800,Hans Pokhari,1538,4
805,Hanuman Statue Baglung,1191,4
808,Haraincha Chowk,1539,1
808,Haraincha Chowk,1540,1
808,Haraincha Chowk,1541,5
808,Haraincha Chowk,1542,4
808,Haraincha Chowk,1543,5
808,Haraincha Chowk,1544,4
808,Haraincha Chowk,1545,4
808,Haraincha Chowk,1546,3
809,Haramain Masjid,1547,1
809,Haramain Masjid,1548,5
809,Haramain Masjid,1549,1
809,Haramain Masjid,1550,5
809,Haramain Masjid,1551,5
809,Haramain Masjid,1552,5
809,Haramain Masjid,1553,5
809,Haramain Masjid,1554,3
810,Hari Art Sunchandi,1555,5
811,Harichandi Kalika Temple,1558,5
811,Harichandi Kalika Temple,1559,5
812,Harihar Snan Ghat,1560,5
813,Hariharpurgadhi Darbar,1561,5
813,Hariharpurgadhi Darbar,1562,5
813,Hariharpurgadhi Darbar,1563,5
813,Hariharpurgadhi Darbar,1564,5
813,Hariharpurgadhi Darbar,116,3
813,Hariharpurgadhi Darbar,1565,5
813,Hariharpurgadhi Darbar,1566,5
813,Hariharpurgadhi Darbar,1567,1
814,Haripur Prasansa Church,1568,5
814,Haripur Prasansa Church,1569,1
816,Harishankar Mandir,1556,5
816,Harishankar Mandir,82,5
816,Harishankar Mandir,1557,4
817,Harisiddhi Bhawani Mandir,1406,5
817,Harisiddhi Bhawani Mandir,76,4
817,Harisiddhi Bhawani Mandir,448,4
817,Harisiddhi Bhawani Mandir,1570,5
817,Harisiddhi Bhawani Mandir,1571,5
817,Harisiddhi Bhawani Mandir,1572,5
817,Harisiddhi Bhawani Mandir,767,5
817,Harisiddhi Bhawani Mandir,1573,5
820,Harkathwa Tola,1574,3
821,Harleo Picnic Spot,1575,5
822,Harnamadi New Men Church,1576,5
822,Harnamadi New Men Church,1577,5
826,Harvest Bible Church Bhaktapur,1578,3
832,"Hattigade, Sundarbazar-3 Lamjung",1579,4
832,"Hattigade, Sundarbazar-3 Lamjung",1580,5
832,"Hattigade, Sundarbazar-3 Lamjung",1581,5
832,"Hattigade, Sundarbazar-3 Lamjung",1582,5
835,Hattilek,1583,4
835,Hattilek,1584,5
838,"Hatuwagadhi Durbar, Ghoretar",1585,5
838,"Hatuwagadhi Durbar, Ghoretar",1586,5
838,"Hatuwagadhi Durbar, Ghoretar",1587,5
841,Heaven Water Park,1588,5
841,Heaven Water Park,1589,4
841,Heaven Water Park,911,3
841,Heaven Water Park,1590,3
841,Heaven Water Park,1591,5
841,Heaven Water Park,1592,3
841,Heaven Water Park,1593,5
841,Heaven Water Park,1594,4
842,Hebron Church Bhimdattanagar,1595,5
842,Hebron Church Bhimdattanagar,1596,5
842,Hebron Church Bhimdattanagar,1597,5
842,Hebron Church Bhimdattanagar,1598,5
842,Hebron Church Bhimdattanagar,1599,5
842,Hebron Church Bhimdattanagar,1600,5
846,Hem Narayan Park,1601,5
846,Hem Narayan Park,1602,5
846,Hem Narayan Park,1603,5
846,Hem Narayan Park,1604,1
846,Hem Narayan Park,1605,4
846,Hem Narayan Park,1606,5
846,Hem Narayan Park,1607,5
846,Hem Narayan Park,1608,5
850,Hiking Annapurna Tours and Travels,1609,5
850,Hiking Annapurna Tours and Travels,1610,5
850,Hiking Annapurna Tours and Travels,1611,5
850,Hiking Annapurna Tours and Travels,1612,5
850,Hiking Annapurna Tours and Travels,1613,5
850,Hiking Annapurna Tours and Travels,1614,5
850,Hiking Annapurna Tours and Travels,1615,3
850,Hiking Annapurna Tours and Travels,1616,1
857,Hilihang Durbar Square Limbuwan,1617,5
857,Hilihang Durbar Square Limbuwan,1618,5
857,Hilihang Durbar Square Limbuwan,1619,4
857,Hilihang Durbar Square Limbuwan,914,4
857,Hilihang Durbar Square Limbuwan,1620,5
857,Hilihang Durbar Square Limbuwan,1621,5
857,Hilihang Durbar Square Limbuwan,1622,5
857,Hilihang Durbar Square Limbuwan,1623,5
859,Hill Park Butwal,1624,5
859,Hill Park Butwal,1625,4
859,Hill Park Butwal,284,5
859,Hill Park Butwal,1481,5
859,Hill Park Butwal,1626,4
859,Hill Park Butwal,1627,5
859,Hill Park Butwal,1628,4
859,Hill Park Butwal,1629,4
864,Himalayan Art Gallery Jhamsikhel,448,4
864,Himalayan Art Gallery Jhamsikhel,1630,5
864,Himalayan Art Gallery Jhamsikhel,547,4
864,Himalayan Art Gallery Jhamsikhel,1631,5
864,Himalayan Art Gallery Jhamsikhel,1632,3
864,Himalayan Art Gallery Jhamsikhel,1633,5
864,Himalayan Art Gallery Jhamsikhel,1634,5
864,Himalayan Art Gallery Jhamsikhel,1635,5
864,Himalayan Art Gallery Jhamsikhel,1636,5
864,Himalayan Art Gallery Jhamsikhel,1637,5
864,Himalayan Art Gallery Jhamsikhel,1638,5
864,Himalayan Art Gallery Jhamsikhel,1639,2
864,Himalayan Art Gallery Jhamsikhel,1640,4
866,Himalayan Arughat Bagaicha Church,1641,5
867,Himalayan Companion Treks and Expedition,1642,5
867,Himalayan Companion Treks and Expedition,1643,5
867,Himalayan Companion Treks and Expedition,1644,3
867,Himalayan Companion Treks and Expedition,1645,1
867,Himalayan Companion Treks and Expedition,1646,4
867,Himalayan Companion Treks and Expedition,1647,5
867,Himalayan Companion Treks and Expedition,1648,5
867,Himalayan Companion Treks and Expedition,1649,3
868,Himalayan Namobuddha Travel & Treks,1650,5
868,Himalayan Namobuddha Travel & Treks,1651,5
868,Himalayan Namobuddha Travel & Treks,1652,5
868,Himalayan Namobuddha Travel & Treks,1653,5
868,Himalayan Namobuddha Travel & Treks,1654,5
868,Himalayan Namobuddha Travel & Treks,1655,5
868,Himalayan Namobuddha Travel & Treks,1656,5
868,Himalayan Namobuddha Travel & Treks,1657,5
869,Himalayan Spirit Academy,1658,5
869,Himalayan Spirit Academy,1659,3
873,Himalika Camp/Resort,4642,0
873,Himalika Camp/Resort,4643,0
873,Himalika Camp/Resort,4644,0
873,Himalika Camp/Resort,4645,0
873,Himalika Camp/Resort,4646,0
873,Himalika Camp/Resort,4647,0
873,Himalika Camp/Resort,4648,0
873,Himalika Camp/Resort,4649,0
877,Historical Balthra Pond,1668,5
877,Historical Balthra Pond,1669,5
877,Historical Balthra Pond,1670,5
878,"Historical Museum, Ghale Gaun",1671,5
882,Holesung Park,1679,3
882,Holesung Park,916,2
882,Holesung Park,1680,3
882,Holesung Park,1681,3
882,Holesung Park,1682,4
882,Holesung Park,1683,5
882,Holesung Park,1684,5
882,Holesung Park,1685,3
884,Holy Life Church (Prembasti),1686,5
884,Holy Life Church (Prembasti),1687,5
885,Holy New Life Church,1688,5
887,Homestay Koich,1689,5
890,Hosanna Church Gorkha Nepal,1698,5
890,Hosanna Church Gorkha Nepal,1699,5
890,Hosanna Church Gorkha Nepal,1700,5
892,Hotel Mountain Lake,3703,0
892,Hotel Mountain Lake,3704,0
892,Hotel Mountain Lake,3705,0
892,Hotel Mountain Lake,991,0
892,Hotel Mountain Lake,2137,0
892,Hotel Mountain Lake,3706,0
892,Hotel Mountain Lake,3707,0
892,Hotel Mountain Lake,3708,0
895,Humla Resort and Spa,1703,4
895,Humla Resort and Spa,1704,4
895,Humla Resort and Spa,1705,4
896,Humla Chang La Valley Trek,1701,1
896,Humla Chang La Valley Trek,1702,5
902,"I Lan Joyti Church, Jajarkot, Chepka",1706,5
902,"I Lan Joyti Church, Jajarkot, Chepka",1707,5
903,IMS Church Bhimphedi,1578,3
903,IMS Church Bhimphedi,1736,1
904,IMS Zion Church Sikta,1737,5
904,IMS Zion Church Sikta,1738,5
904,IMS Zion Church Sikta,1739,5
905,ISKCON Birgunj,1780,5
905,ISKCON Birgunj,1781,5
905,ISKCON Birgunj,1782,5
905,ISKCON Birgunj,1783,5
905,ISKCON Birgunj,1784,5
905,ISKCON Birgunj,1785,5
905,ISKCON Birgunj,1786,5
905,ISKCON Birgunj,1787,5
906,ISKCON Dhangadi,1795,5
906,ISKCON Dhangadi,1796,5
906,ISKCON Dhangadi,1797,5
906,ISKCON Dhangadi,1798,5
906,ISKCON Dhangadi,1243,4
906,ISKCON Dhangadi,1799,5
906,ISKCON Dhangadi,1800,5
906,ISKCON Dhangadi,1801,5
908,Iceland Trekking & Expedition Pvt. Ltd.,1708,5
908,Iceland Trekking & Expedition Pvt. Ltd.,1709,5
908,Iceland Trekking & Expedition Pvt. Ltd.,1710,5
908,Iceland Trekking & Expedition Pvt. Ltd.,1711,5
908,Iceland Trekking & Expedition Pvt. Ltd.,1712,5
908,Iceland Trekking & Expedition Pvt. Ltd.,1713,5
908,Iceland Trekking & Expedition Pvt. Ltd.,1714,5
908,Iceland Trekking & Expedition Pvt. Ltd.,1715,2
909,Ichchhakamana Goddess Temple,1716,5
909,Ichchhakamana Goddess Temple,1717,3
911,IchhaKamana Mandir,1718,4
911,IchhaKamana Mandir,1719,5
911,IchhaKamana Mandir,1720,5
911,IchhaKamana Mandir,1721,5
911,IchhaKamana Mandir,398,4
911,IchhaKamana Mandir,948,5
911,IchhaKamana Mandir,1722,5
911,IchhaKamana Mandir,1723,4
916,Imadol Masjid,1724,5
916,Imadol Masjid,1725,5
916,Imadol Masjid,1726,5
916,Imadol Masjid,1727,5
916,Imadol Masjid,1728,5
916,Imadol Masjid,1729,5
916,Imadol Masjid,1730,5
916,Imadol Masjid,1731,5
919,Immanuel Bible Missionary Church Barhabise,1732,5
919,Immanuel Bible Missionary Church Barhabise,1733,5
919,Immanuel Bible Missionary Church Barhabise,1734,5
921,Immanuel Church - Hile,1735,5
925,Imukhel Bal Udhyan,76,4
925,Imukhel Bal Udhyan,1740,4
925,Imukhel Bal Udhyan,1135,5
925,Imukhel Bal Udhyan,1741,5
925,Imukhel Bal Udhyan,494,3
927,Inaruwa New Bus Park,1742,1
927,Inaruwa New Bus Park,1743,3
927,Inaruwa New Bus Park,1725,5
927,Inaruwa New Bus Park,1744,3
927,Inaruwa New Bus Park,1745,4
927,Inaruwa New Bus Park,1746,5
927,Inaruwa New Bus Park,1747,5
927,Inaruwa New Bus Park,1748,4
928,Inaruwa Sunsari Fish Market,1749,5
930,Indra Sarovar,1750,4
930,Indra Sarovar,1751,3
930,Indra Sarovar,1752,5
930,Indra Sarovar,1753,1
930,Indra Sarovar,1754,5
930,Indra Sarovar,1755,4
930,Indra Sarovar,1756,1
930,Indra Sarovar,1757,5
932,Indrasarobar Lake,312,5
932,Indrasarobar Lake,1758,4
932,Indrasarobar Lake,1759,5
932,Indrasarobar Lake,1760,5
932,Indrasarobar Lake,1761,5
932,Indrasarobar Lake,1762,4
932,Indrasarobar Lake,436,5
932,Indrasarobar Lake,586,5
933,Indrawati Suspension Bridge,557,5
933,Indrawati Suspension Bridge,262,5
934,Indrawati-10 Forest,1763,5
934,Indrawati-10 Forest,1764,1
934,Indrawati-10 Forest,1765,1
936,Indreni Lake,1766,4
936,Indreni Lake,1767,4
936,Indreni Lake,1768,3
936,Indreni Lake,1769,5
936,Indreni Lake,1770,5
936,Indreni Lake,1771,5
936,Indreni Lake,1772,5
936,Indreni Lake,1773,4
937,Ishalaya Catholic Church,1240,5
937,Ishalaya Catholic Church,1774,5
937,Ishalaya Catholic Church,1775,5
937,Ishalaya Catholic Church,1776,5
937,Ishalaya Catholic Church,1777,4
937,Ishalaya Catholic Church,1778,5
937,Ishalaya Catholic Church,1393,5
937,Ishalaya Catholic Church,1779,4
938,ISKCON Chitwan,1788,4
938,ISKCON Chitwan,1789,5
938,ISKCON Chitwan,557,5
938,ISKCON Chitwan,1790,4
938,ISKCON Chitwan,1791,5
938,ISKCON Chitwan,1792,5
938,ISKCON Chitwan,1793,5
938,ISKCON Chitwan,1794,3
942,Isma Ratapokhara,1802,1
942,Isma Ratapokhara,1803,5
943,Ismakot,1804,5
943,Ismakot,1805,5
943,Ismakot,1806,5
943,Ismakot,1807,4
943,Ismakot,1808,5
943,Ismakot,1809,5
945,Itahara Chowk,1810,5
945,Itahara Chowk,1811,4
945,Itahara Chowk,1812,4
945,Itahara Chowk,1813,3
945,Itahara Chowk,1814,2
945,Itahara Chowk,1815,5
945,Itahara Chowk,1816,5
945,Itahara Chowk,1817,1
946,Itahari Matrix,1818,5
946,Itahari Matrix,1819,4
946,Itahari Matrix,1820,5
946,Itahari Matrix,1821,5
946,Itahari Matrix,1822,5
946,Itahari Matrix,1823,3
946,Itahari Matrix,1824,5
946,Itahari Matrix,1825,5
947,Itahari Roundabout,1826,5
947,Itahari Roundabout,1827,5
947,Itahari Roundabout,1828,5
947,Itahari Roundabout,1829,4
947,Itahari Roundabout,1830,3
947,Itahari Roundabout,1831,5
947,Itahari Roundabout,932,4
947,Itahari Roundabout,1832,5
950,Itumbaha Museum,1407,3
950,Itumbaha Museum,1239,5
950,Itumbaha Museum,1406,4
952,J.P Vetwal Smriti Park,1711,2
952,J.P Vetwal Smriti Park,1833,5
952,J.P Vetwal Smriti Park,1834,5
952,J.P Vetwal Smriti Park,1835,5
952,J.P Vetwal Smriti Park,1836,1
952,J.P Vetwal Smriti Park,1837,3
952,J.P Vetwal Smriti Park,1838,5
952,J.P Vetwal Smriti Park,1839,5
959,Jagadol Jhanda Park,918,5
959,Jagadol Jhanda Park,1840,5
959,Jagadol Jhanda Park,1094,5
959,Jagadol Jhanda Park,76,4
959,Jagadol Jhanda Park,1841,4
959,Jagadol Jhanda Park,1842,5
959,Jagadol Jhanda Park,1843,4
959,Jagadol Jhanda Park,1844,4
960,Jagadulla Khola-Thuli Bheri Confluence,1845,5
960,Jagadulla Khola-Thuli Bheri Confluence,1846,3
961,Jagadulla Taal,1847,5
961,Jagadulla Taal,1848,5
961,Jagadulla Taal,1849,5
961,Jagadulla Taal,1850,3
961,Jagadulla Taal,1851,5
964,Jagannath Temple Bhaktapur,1852,5
964,Jagannath Temple Bhaktapur,1853,4
964,Jagannath Temple Bhaktapur,1854,5
966,Jagarnathpur Stadium,1855,5
967,Jagat Sundar Statue,1856,5
968,Jagatpur Parsa Nepal,1857,5
968,Jagatpur Parsa Nepal,1858,1
968,Jagatpur Parsa Nepal,1859,5
968,Jagatpur Parsa Nepal,1860,5
968,Jagatpur Parsa Nepal,1861,4
968,Jagatpur Parsa Nepal,1862,4
968,Jagatpur Parsa Nepal,1863,5
968,Jagatpur Parsa Nepal,1864,1
969,Jagdishpur Bird Sanctuary,534,3
969,Jagdishpur Bird Sanctuary,1865,4
969,Jagdishpur Bird Sanctuary,1866,5
969,Jagdishpur Bird Sanctuary,571,5
969,Jagdishpur Bird Sanctuary,1867,5
969,Jagdishpur Bird Sanctuary,1868,5
969,Jagdishpur Bird Sanctuary,1869,5
969,Jagdishpur Bird Sanctuary,1870,5
976,Jajarkot Risang,1871,5
978,Jakhor Lake,697,4
978,Jakhor Lake,1872,3
978,Jakhor Lake,1873,4
978,Jakhor Lake,1874,3
978,Jakhor Lake,1875,5
978,Jakhor Lake,1876,5
978,Jakhor Lake,1877,4
978,Jakhor Lake,1878,5
980,Jalapa Cultural Museum,1879,4
983,Jalbire Jharna,312,5
983,Jalbire Jharna,1880,4
983,Jalbire Jharna,1881,5
983,Jalbire Jharna,1882,1
983,Jalbire Jharna,1883,4
983,Jalbire Jharna,895,4
983,Jalbire Jharna,1884,5
983,Jalbire Jharna,1885,3
984,Jaleshwar Haat Bazaar,662,1
984,Jaleshwar Haat Bazaar,1886,4
984,Jaleshwar Haat Bazaar,1887,5
984,Jaleshwar Haat Bazaar,1888,2
984,Jaleshwar Haat Bazaar,1889,5
984,Jaleshwar Haat Bazaar,1890,4
984,Jaleshwar Haat Bazaar,1891,3
984,Jaleshwar Haat Bazaar,1892,4
986,Jaljale Bazar Dailekh,1893,4
989,Jalpa Park,1894,4
989,Jalpa Park,1757,5
989,Jalpa Park,1895,1
989,Jalpa Park,1896,5
989,Jalpa Park,1897,5
991,Kanyam Photo Point,2088,4
991,Kanyam Photo Point,2089,5
991,Kanyam Photo Point,224,5
991,Kanyam Photo Point,2090,5
991,Kanyam Photo Point,2091,4
991,Kanyam Photo Point,2092,5
991,Kanyam Photo Point,2093,5
991,Kanyam Photo Point,2094,5
993,KU Corner,2319,5
993,KU Corner,2320,4
993,KU Corner,2321,5
993,KU Corner,2322,4
993,KU Corner,2323,5
993,KU Corner,2324,4
994,Kabilas Chauki Dada,1904,5
994,Kabilas Chauki Dada,1905,5
994,Kabilas Chauki Dada,1906,5
994,Kabilas Chauki Dada,1907,1
994,Kabilas Chauki Dada,1908,3
994,Kabilas Chauki Dada,1909,4
994,Kabilas Chauki Dada,1910,4
994,Kabilas Chauki Dada,1911,5
995,Kabristaan Dewanganj Sunsari,1912,5
998,Kage Dada,1913,5
1002,Kailashpuri Forest Garden,1914,4
1002,Kailashpuri Forest Garden,1915,4
1002,Kailashpuri Forest Garden,1159,5
1002,Kailashpuri Forest Garden,1916,5
1002,Kailashpuri Forest Garden,1917,4
1002,Kailashpuri Forest Garden,1918,5
1002,Kailashpuri Forest Garden,1919,5
1002,Kailashpuri Forest Garden,1920,5
1003,Kailpal Temple Chamsal,1921,5
1003,Kailpal Temple Chamsal,1922,5
1003,Kailpal Temple Chamsal,1923,5
1004,Kaiser Mahal Palace,476,5
1004,Kaiser Mahal Palace,534,5
1004,Kaiser Mahal Palace,2185,2
1005,Kaji Kalu Pandey Dada,312,5
1005,Kaji Kalu Pandey Dada,1850,4
1005,Kaji Kalu Pandey Dada,239,5
1005,Kaji Kalu Pandey Dada,7,3
1005,Kaji Kalu Pandey Dada,1924,5
1005,Kaji Kalu Pandey Dada,1925,5
1005,Kaji Kalu Pandey Dada,1756,3
1005,Kaji Kalu Pandey Dada,1926,4
1006,Kajin Sara Lake (Singar Lake),1927,5
1006,Kajin Sara Lake (Singar Lake),1928,5
1006,Kajin Sara Lake (Singar Lake),1929,5
1006,Kajin Sara Lake (Singar Lake),1930,5
1006,Kajin Sara Lake (Singar Lake),1931,5
1006,Kajin Sara Lake (Singar Lake),1932,3
1006,Kajin Sara Lake (Singar Lake),1933,5
1006,Kajin Sara Lake (Singar Lake),1934,4
1009,Kakani Thai Memorial Park,1570,4
1009,Kakani Thai Memorial Park,1408,5
1009,Kakani Thai Memorial Park,1935,2
1009,Kakani Thai Memorial Park,381,5
1009,Kakani Thai Memorial Park,1936,5
1009,Kakani Thai Memorial Park,1937,3
1009,Kakani Thai Memorial Park,1938,5
1009,Kakani Thai Memorial Park,1939,5
1011,Kakhbari (Sauraha),1940,3
1011,Kakhbari (Sauraha),1941,5
1011,Kakhbari (Sauraha),1034,5
1011,Kakhbari (Sauraha),1942,1
1013,Kakre Bihar,2070,4
1013,Kakre Bihar,674,5
1013,Kakre Bihar,2071,4
1013,Kakre Bihar,1351,5
1013,Kakre Bihar,2072,5
1013,Kakre Bihar,2073,5
1013,Kakre Bihar,2074,5
1013,Kakre Bihar,2075,4
1015,Kala Premi Art House,1943,5
1016,Kalaiya 3 Gangapur Bara,1944,5
1016,Kalaiya 3 Gangapur Bara,1945,5
1016,Kalaiya 3 Gangapur Bara,1946,5
1016,Kalaiya 3 Gangapur Bara,1947,1
1016,Kalaiya 3 Gangapur Bara,1948,3
1016,Kalaiya 3 Gangapur Bara,1949,5
1016,Kalaiya 3 Gangapur Bara,1950,5
1018,Kalaiya Calvary Church,1951,5
1018,Kalaiya Calvary Church,1952,1
1018,Kalaiya Calvary Church,1953,5
1020,Kalawati Art Garden,1199,5
1020,Kalawati Art Garden,1954,5
1020,Kalawati Art Garden,1955,5
1020,Kalawati Art Garden,1956,5
1020,Kalawati Art Garden,1957,5
1020,Kalawati Art Garden,1958,5
1020,Kalawati Art Garden,1959,5
1020,Kalawati Art Garden,1960,1
1020,Kalawati Art Garden,1199,5
1024,Kali Temple Haldibari-2 Jhapa,1965,4
1024,Kali Temple Haldibari-2 Jhapa,1966,3
1024,Kali Temple Haldibari-2 Jhapa,1967,5
1025,Kali Cave Mahadev Temple,1961,5
1025,Kali Cave Mahadev Temple,1962,5
1025,Kali Cave Mahadev Temple,1963,5
1025,Kali Cave Mahadev Temple,1964,5
1026,Kalika Bhagwati Community Forest,1968,3
1026,Kalika Bhagwati Community Forest,1929,4
1026,Kalika Bhagwati Community Forest,1969,5
1026,Kalika Bhagwati Community Forest,1970,5
1026,Kalika Bhagwati Community Forest,678,5
1026,Kalika Bhagwati Community Forest,1971,5
1026,Kalika Bhagwati Community Forest,1972,5
1026,Kalika Bhagwati Community Forest,1973,5
1026,Kalika Bhagwati Community Forest,1974,5
1026,Kalika Bhagwati Community Forest,1975,5
1026,Kalika Bhagwati Community Forest,1976,5
1030,"Kalika Park, Budhanilkantha-8",1977,4
1030,"Kalika Park, Budhanilkantha-8",1978,5
1030,"Kalika Park, Budhanilkantha-8",1979,5
1030,"Kalika Park, Budhanilkantha-8",1980,5
1030,"Kalika Park, Budhanilkantha-8",1182,5
1030,"Kalika Park, Budhanilkantha-8",1981,3
1030,"Kalika Park, Budhanilkantha-8",1982,5
1030,"Kalika Park, Budhanilkantha-8",1983,4
1032,Kalikamai Temple,1984,4
1032,Kalikamai Temple,1985,5
1032,Kalikamai Temple,1986,5
1032,Kalikamai Temple,1987,5
1032,Kalikamai Temple,1988,2
1032,Kalikamai Temple,1989,5
1032,Kalikamai Temple,1990,1
1032,Kalikamai Temple,1991,1
1033,Kalikasthan Mandir,1992,5
1033,Kalikasthan Mandir,241,4
1033,Kalikasthan Mandir,1993,5
1033,Kalikasthan Mandir,1994,5
1033,Kalikasthan Mandir,1995,5
1033,Kalikasthan Mandir,1996,5
1033,Kalikasthan Mandir,1997,5
1033,Kalikasthan Mandir,1998,5
1035,Kalikot Khalla,1999,5
1035,Kalikot Khalla,2000,4
1037,Kalimati Gangamala Temple,2001,4
1037,Kalimati Gangamala Temple,2002,5
1037,Kalimati Gangamala Temple,2003,5
1037,Kalimati Gangamala Temple,2004,5
1037,Kalimati Gangamala Temple,2005,5
1037,Kalimati Gangamala Temple,2006,4
1037,Kalimati Gangamala Temple,2007,1
1037,Kalimati Gangamala Temple,2008,1
1040,Kalu Pandey Museum,2009,5
1040,Kalu Pandey Museum,2010,4
1040,Kalu Pandey Museum,2011,5
1040,Kalu Pandey Museum,2012,5
1040,Kalu Pandey Museum,2013,5
1040,Kalu Pandey Museum,2014,5
1040,Kalu Pandey Museum,2015,5
1040,Kalu Pandey Museum,2016,5
1041,"Kalyanpur Church,Saptari",2017,3
1041,"Kalyanpur Church,Saptari",2018,5
1044,Kamal Pokhari,7,5
1044,Kamal Pokhari,543,4
1044,Kamal Pokhari,604,4
1044,Kamal Pokhari,605,4
1044,Kamal Pokhari,253,5
1044,Kamal Pokhari,606,4
1044,Kamal Pokhari,607,4
1044,Kamal Pokhari,608,4
1044,Kamal Pokhari,2019,5
1044,Kamal Pokhari,2020,5
1044,Kamal Pokhari,2021,5
1044,Kamal Pokhari,2022,4
1044,Kamal Pokhari,2023,4
1044,Kamal Pokhari,381,5
1044,Kamal Pokhari,2024,4
1044,Kamal Pokhari,2025,5
1044,Kamal Pokhari,381,5
1044,Kamal Pokhari,531,4
1044,Kamal Pokhari,2026,5
1044,Kamal Pokhari,2027,3
1044,Kamal Pokhari,1358,3
1044,Kamal Pokhari,1042,5
1044,Kamal Pokhari,2028,5
1044,Kamal Pokhari,2029,4
1051,Kanchanpur Saptari Arch,2030,5
1051,Kanchanpur Saptari Arch,2031,4
1051,Kanchanpur Saptari Arch,2032,1
1053,Kandara Mandir,2033,5
1053,Kandara Mandir,2034,5
1053,Kandara Mandir,2035,5
1053,Kandara Mandir,2036,5
1054,Kanepokhari (Ear Pond),2037,3
1054,Kanepokhari (Ear Pond),2038,5
1054,Kanepokhari (Ear Pond),2039,4
1054,Kanepokhari (Ear Pond),2040,4
1054,Kanepokhari (Ear Pond),2041,4
1054,Kanepokhari (Ear Pond),2042,5
1054,Kanepokhari (Ear Pond),2043,5
1054,Kanepokhari (Ear Pond),2044,5
1055,Kanepokhari Park,2045,1
1055,Kanepokhari Park,2046,5
1055,Kanepokhari Park,2047,5
1057,Kankai Mai Temples,236,5
1057,Kankai Mai Temples,2048,5
1057,Kankai Mai Temples,2049,5
1057,Kankai Mai Temples,2050,5
1057,Kankai Mai Temples,2051,4
1057,Kankai Mai Temples,2052,4
1057,Kankai Mai Temples,2053,4
1057,Kankai Mai Temples,2054,5
1058,Kankali Picnic Spot,2055,4
1058,Kankali Picnic Spot,2056,5
1058,Kankali Picnic Spot,2057,5
1058,Kankali Picnic Spot,2058,5
1058,Kankali Picnic Spot,2059,4
1058,Kankali Picnic Spot,2060,5
1058,Kankali Picnic Spot,2061,4
1058,Kankali Picnic Spot,948,4
1060,Kankali View Tower 2,587,3
1060,Kankali View Tower 2,2062,5
1060,Kankali View Tower 2,2063,5
1060,Kankali View Tower 2,2064,5
1061,Kanke Deurali Temple,2065,5
1061,Kanke Deurali Temple,2066,5
1061,Kanke Deurali Temple,2067,5
1061,Kanke Deurali Temple,2068,3
1061,Kanke Deurali Temple,2069,5
1063,Kanti Tal (Puraini Talau/Lake),2076,4
1063,Kanti Tal (Puraini Talau/Lake),2077,5
1063,Kanti Tal (Puraini Talau/Lake),2078,5
1063,Kanti Tal (Puraini Talau/Lake),2079,4
1063,Kanti Tal (Puraini Talau/Lake),2080,5
1063,Kanti Tal (Puraini Talau/Lake),2081,5
1063,Kanti Tal (Puraini Talau/Lake),2082,5
1063,Kanti Tal (Puraini Talau/Lake),2083,5
1064,Kantipur Art Gallery,2084,5
1064,Kantipur Art Gallery,2085,5
1065,Kantrang,2086,5
1065,Kantrang,2087,5
1065,Kantrang,2086,5
1068,Kapersthan Mahankal Hike Point,2095,5
1068,Kapersthan Mahankal Hike Point,2096,5
1068,Kapersthan Mahankal Hike Point,2097,5
1068,Kapersthan Mahankal Hike Point,2098,5
1070,Kapilvastu Avinash Church,2099,5
1070,Kapilvastu Avinash Church,2100,5
1070,Kapilvastu Avinash Church,2101,5
1070,Kapilvastu Avinash Church,1868,4
1071,Kapilvastu Museum,2102,4
1071,Kapilvastu Museum,2103,5
1071,Kapilvastu Museum,2104,5
1071,Kapilvastu Museum,2105,5
1071,Kapilvastu Museum,2106,5
1071,Kapilvastu Museum,2107,5
1071,Kapilvastu Museum,2108,5
1071,Kapilvastu Museum,2109,4
1072,Kapilvastu Park - Ancient Buddhist Site,2110,5
1072,Kapilvastu Park - Ancient Buddhist Site,2111,5
1072,Kapilvastu Park - Ancient Buddhist Site,2112,4
1072,Kapilvastu Park - Ancient Buddhist Site,2113,5
1072,Kapilvastu Park - Ancient Buddhist Site,2114,3
1072,Kapilvastu Park - Ancient Buddhist Site,2115,3
1072,Kapilvastu Park - Ancient Buddhist Site,2116,5
1072,Kapilvastu Park - Ancient Buddhist Site,2117,5
1077,Karpureshwar Park,1333,4
1077,Karpureshwar Park,534,5
1077,Karpureshwar Park,2118,3
1080,Kashitar Park and Picnic Spot,2119,4
1080,Kashitar Park and Picnic Spot,1644,4
1080,Kashitar Park and Picnic Spot,2120,4
1080,Kashitar Park and Picnic Spot,2121,5
1080,Kashitar Park and Picnic Spot,2122,5
1082,Kaskikot Kalika Temple,2123,4
1082,Kaskikot Kalika Temple,2124,5
1082,Kaskikot Kalika Temple,2125,5
1083,Kaskikot Palace,2126,5
1083,Kaskikot Palace,2127,5
1083,Kaskikot Palace,2128,5
1083,Kaskikot Palace,2129,5
1083,Kaskikot Palace,1325,5
1083,Kaskikot Palace,2130,4
1083,Kaskikot Palace,2131,5
1083,Kaskikot Palace,2132,4
1084,Kasthamandap,2133,5
1084,Kasthamandap,488,5
1084,Kasthamandap,2134,5
1084,Kasthamandap,2135,5
1084,Kasthamandap,2136,5
1084,Kasthamandap,2137,4
1084,Kasthamandap,253,5
1084,Kasthamandap,2138,4
1085,Kathekhola -05 Gausara,2139,5
1085,Kathekhola -05 Gausara,2140,5
1086,Kathmandu Art House,2141,5
1086,Kathmandu Art House,2142,5
1086,Kathmandu Art House,2143,5
1086,Kathmandu Art House,2144,5
1086,Kathmandu Art House,2145,5
1086,Kathmandu Art House,2146,5
1086,Kathmandu Art House,2147,5
1086,Kathmandu Art House,2148,5
1087,Kathmandu Durbar Square,4653,5
1087,Kathmandu Durbar Square,895,4
1087,Kathmandu Durbar Square,1292,4
1087,Kathmandu Durbar Square,4654,5
1087,Kathmandu Durbar Square,4655,5
1087,Kathmandu Durbar Square,2617,5
1087,Kathmandu Durbar Square,210,5
1087,Kathmandu Durbar Square,3005,4
1088,Kathmandu Fun Park,2149,4
1088,Kathmandu Fun Park,2150,5
1088,Kathmandu Fun Park,667,5
1088,Kathmandu Fun Park,167,5
1088,Kathmandu Fun Park,2151,5
1088,Kathmandu Fun Park,2152,1
1088,Kathmandu Fun Park,2153,3
1088,Kathmandu Fun Park,2154,4
1088,Kathmandu Fun Park,253,4
1088,Kathmandu Fun Park,2155,4
1088,Kathmandu Fun Park,2156,4
1088,Kathmandu Fun Park,2157,5
1088,Kathmandu Fun Park,2158,1
1088,Kathmandu Fun Park,2159,3
1088,Kathmandu Fun Park,1358,3
1088,Kathmandu Fun Park,2160,5
1092,Katyayani Mandir,2161,5
1092,Katyayani Mandir,2162,5
1092,Katyayani Mandir,2163,5
1092,Katyayani Mandir,2164,5
1092,Katyayani Mandir,2165,5
1092,Katyayani Mandir,2166,4
1092,Katyayani Mandir,2167,5
1092,Katyayani Mandir,2168,1
1093,Kaude Lek,2169,5
1093,Kaude Lek,2170,5
1093,Kaude Lek,2171,5
1093,Kaude Lek,2172,4
1093,Kaude Lek,2173,4
1093,Kaude Lek,2174,5
1093,Kaude Lek,2175,5
1093,Kaude Lek,2176,5
1096,Kavre Roshi Rural Municipality,3442,4
1096,Kavre Roshi Rural Municipality,3,1
1096,Kavre Roshi Rural Municipality,1762,5
1096,Kavre Roshi Rural Municipality,3443,5
1096,Kavre Roshi Rural Municipality,811,1
1096,Kavre Roshi Rural Municipality,3444,5
1096,Kavre Roshi Rural Municipality,116,3
1096,Kavre Roshi Rural Municipality,3445,4
1098,Kawasoti Skate Park,2177,4
1098,Kawasoti Skate Park,2178,4
1098,Kawasoti Skate Park,2179,5
1098,Kawasoti Skate Park,2180,3
1098,Kawasoti Skate Park,2181,5
1098,Kawasoti Skate Park,2182,1
1098,Kawasoti Skate Park,2183,5
1098,Kawasoti Skate Park,2184,4
1103,Pokhari Bazar (Khandbari),614,3
1103,Pokhari Bazar (Khandbari),615,5
1103,Pokhari Bazar (Khandbari),608,4
1103,Pokhari Bazar (Khandbari),616,5
1103,Pokhari Bazar (Khandbari),617,5
1103,Pokhari Bazar (Khandbari),618,5
1103,Pokhari Bazar (Khandbari),619,5
1103,Pokhari Bazar (Khandbari),620,5
1103,Pokhari Bazar (Khandbari),2186,5
1103,Pokhari Bazar (Khandbari),2187,5
1103,Pokhari Bazar (Khandbari),2188,5
1105,Khadim Khadra Bridge,2189,5
1105,Khadim Khadra Bridge,2190,4
1105,Khadim Khadra Bridge,2191,5
1105,Khadim Khadra Bridge,2192,5
1105,Khadim Khadra Bridge,2193,5
1105,Khadim Khadra Bridge,2194,5
1106,Khadkawar Picnic Spot,2195,5
1108,Khalanga Gumba,678,5
1108,Khalanga Gumba,2196,4
1108,Khalanga Gumba,250,4
1108,Khalanga Gumba,2197,5
1108,Khalanga Gumba,2198,5
1108,Khalanga Gumba,2199,5
1108,Khalanga Gumba,2200,5
1108,Khalanga Gumba,2201,3
1113,Khani Khola Bridge,2202,2
1113,Khani Khola Bridge,2203,3
1125,Khiun Pokhari,2204,5
1125,Khiun Pokhari,2205,5
1125,Khiun Pokhari,2206,5
1126,Khojpur Babaji Kuti Kabir Temple,2207,5
1127,Khopra Trek Nepal,2208,5
1130,Simpani Gairee,2209,5
1131,Khukuri House Gallery,2210,5
1133,Khungai Nepal,2211,5
1133,Khungai Nepal,2212,5
1133,Khungai Nepal,2213,1
1133,Khungai Nepal,2214,5
1133,Khungai Nepal,2215,3
1133,Khungai Nepal,2216,5
1133,Khungai Nepal,2217,4
1133,Khungai Nepal,1992,5
1134,Khurkot Picnic Spot & Children's Park,2218,5
1134,Khurkot Picnic Spot & Children's Park,2219,5
1134,Khurkot Picnic Spot & Children's Park,2220,5
1135,Khusibu Children Park,2221,4
1135,Khusibu Children Park,2222,4
1135,Khusibu Children Park,2222,5
1135,Khusibu Children Park,2223,5
1135,Khusibu Children Park,2224,5
1135,Khusibu Children Park,2225,5
1135,Khusibu Children Park,2226,3
1135,Khusibu Children Park,2227,5
1136,Khusibu Masjid Nayabazar,2228,5
1136,Khusibu Masjid Nayabazar,2229,5
1136,Khusibu Masjid Nayabazar,2230,5
1136,Khusibu Masjid Nayabazar,2231,5
1136,Khusibu Masjid Nayabazar,2232,3
1136,Khusibu Masjid Nayabazar,2233,5
1136,Khusibu Masjid Nayabazar,2234,5
1136,Khusibu Masjid Nayabazar,2235,5
1137,Khuwalung,1586,3
1137,Khuwalung,2236,5
1137,Khuwalung,2237,4
1137,Khuwalung,2238,5
1137,Khuwalung,2239,5
1137,Khuwalung,2240,3
1137,Khuwalung,2241,5
1137,Khuwalung,2242,5
1138,KI Singh 4 Wayal Shiva Temple,2243,3
1138,KI Singh 4 Wayal Shiva Temple,2244,5
1138,KI Singh 4 Wayal Shiva Temple,2245,5
1138,KI Singh 4 Wayal Shiva Temple,2246,5
1138,KI Singh 4 Wayal Shiva Temple,2247,1
1140,King Birendra Circle Statue,2248,4
1140,King Birendra Circle Statue,2249,4
1140,King Birendra Circle Statue,2250,5
1140,King Birendra Circle Statue,2251,5
1140,King Birendra Circle Statue,2252,4
1140,King Birendra Circle Statue,2253,3
1140,King Birendra Circle Statue,2254,5
1140,King Birendra Circle Statue,2255,4
1141,King Janak Monument,2256,5
1141,King Janak Monument,2257,4
1141,King Janak Monument,2258,5
1141,King Janak Monument,1929,5
1141,King Janak Monument,2259,5
1141,King Janak Monument,2260,5
1141,King Janak Monument,2007,2
1141,King Janak Monument,2261,5
1142,King Prithvi Narayan Shah Statue,76,4
1142,King Prithvi Narayan Shah Statue,3279,5
1142,King Prithvi Narayan Shah Statue,3280,5
1142,King Prithvi Narayan Shah Statue,3281,5
1142,King Prithvi Narayan Shah Statue,3282,5
1142,King Prithvi Narayan Shah Statue,1102,4
1142,King Prithvi Narayan Shah Statue,1968,5
1142,King Prithvi Narayan Shah Statue,3283,5
1145,Kirnekharka Tower,678,5
1146,Kisunpur Mosque,2262,5
1146,Kisunpur Mosque,2263,5
1146,Kisunpur Mosque,2264,5
1146,Kisunpur Mosque,2265,5
1146,Kisunpur Mosque,2266,5
1146,Kisunpur Mosque,2267,5
1146,Kisunpur Mosque,2268,1
1146,Kisunpur Mosque,2269,5
1147,Kiul Dunamis Church,2270,5
1147,Kiul Dunamis Church,2271,5
1148,Kohalpur Chowk,1325,5
1148,Kohalpur Chowk,2272,3
1148,Kohalpur Chowk,819,4
1148,Kohalpur Chowk,679,4
1148,Kohalpur Chowk,2273,4
1148,Kohalpur Chowk,302,4
1148,Kohalpur Chowk,916,5
1148,Kohalpur Chowk,2274,5
1149,Kohalpur Community Church,2275,5
1149,Kohalpur Community Church,2276,5
1149,Kohalpur Community Church,2277,5
1149,Kohalpur Community Church,2278,5
1149,Kohalpur Community Church,490,5
1149,Kohalpur Community Church,2279,3
1149,Kohalpur Community Church,2280,5
1149,Kohalpur Community Church,2281,5
1151,Koilabas Sky Cycling,2282,5
1151,Koilabas Sky Cycling,2283,3
1151,Koilabas Sky Cycling,2284,5
1153,Kokhe Danda,2285,5
1153,Kokhe Danda,2286,5
1153,Kokhe Danda,2287,4
1153,Kokhe Danda,2208,5
1153,Kokhe Danda,2288,5
1153,Kokhe Danda,2289,5
1153,Kokhe Danda,2290,5
1153,Kokhe Danda,2291,5
1158,Konjyosom Pratima,2292,4
1158,Konjyosom Pratima,2293,5
1158,Konjyosom Pratima,1760,5
1158,Konjyosom Pratima,2294,5
1158,Konjyosom Pratima,2295,5
1158,Konjyosom Pratima,2296,5
1158,Konjyosom Pratima,2020,5
1158,Konjyosom Pratima,2297,4
1159,Kopan Monastery,3669,5
1159,Kopan Monastery,3670,5
1159,Kopan Monastery,3671,5
1159,Kopan Monastery,3672,5
1159,Kopan Monastery,3673,5
1159,Kopan Monastery,2311,5
1159,Kopan Monastery,3674,4
1159,Kopan Monastery,3675,5
1159,Kopan Monastery,3669,5
1159,Kopan Monastery,3672,5
1159,Kopan Monastery,3674,4
1159,Kopan Monastery,3601,5
1160,Kori Hill,2298,5
1160,Kori Hill,1369,5
1160,Kori Hill,2299,5
1160,Kori Hill,2300,5
1160,Kori Hill,2301,4
1160,Kori Hill,2302,5
1160,Kori Hill,2303,5
1160,Kori Hill,146,4
1161,Koshi Tappu Wildlife Reserve,3676,4
1161,Koshi Tappu Wildlife Reserve,3677,5
1161,Koshi Tappu Wildlife Reserve,3678,4
1161,Koshi Tappu Wildlife Reserve,443,5
1161,Koshi Tappu Wildlife Reserve,3679,2
1161,Koshi Tappu Wildlife Reserve,3680,5
1161,Koshi Tappu Wildlife Reserve,3681,5
1161,Koshi Tappu Wildlife Reserve,3682,5
1165,Kranti Dwar,2304,5
1165,Kranti Dwar,1351,4
1165,Kranti Dwar,1300,4
1165,Kranti Dwar,123,4
1165,Kranti Dwar,2305,5
1165,Kranti Dwar,2306,5
1165,Kranti Dwar,2307,4
1165,Kranti Dwar,2308,5
1168,Kripalu Udhyan,441,5
1168,Kripalu Udhyan,2309,5
1168,Kripalu Udhyan,2097,5
1168,Kripalu Udhyan,2310,5
1168,Kripalu Udhyan,2311,5
1168,Kripalu Udhyan,2312,5
1168,Kripalu Udhyan,2313,5
1168,Kripalu Udhyan,2314,5
1169,Krishna Bahadur Malla Chwok,2315,5
1169,Krishna Bahadur Malla Chwok,2316,4
1169,Krishna Bahadur Malla Chwok,2317,5
1169,Krishna Bahadur Malla Chwok,2318,5
1176,Kulekhani III Picnic Spot,2325,3
1176,Kulekhani III Picnic Spot,2326,5
1177,Kulpani Park,2315,4
1177,Kulpani Park,699,4
1177,Kulpani Park,2327,5
1177,Kulpani Park,2328,1
1177,Kulpani Park,2329,3
1177,Kulpani Park,2330,5
1177,Kulpani Park,2331,5
1177,Kulpani Park,2332,5
1179,Kumakh Hill,2333,1
1179,Kumakh Hill,2334,1
1179,Kumakh Hill,2335,5
1182,Kumari Chaur Park,2336,5
1182,Kumari Chaur Park,2337,4
1182,Kumari Chaur Park,2338,3
1182,Kumari Chaur Park,2339,5
1182,Kumari Chaur Park,602,5
1182,Kumari Chaur Park,2340,5
1182,Kumari Chaur Park,2341,5
1182,Kumari Chaur Park,2342,5
1183,Kumari Ghar,3683,5
1183,Kumari Ghar,3684,5
1183,Kumari Ghar,1471,5
1183,Kumari Ghar,312,5
1183,Kumari Ghar,624,5
1183,Kumari Ghar,3685,5
1183,Kumari Ghar,3686,4
1183,Kumari Ghar,3687,5
1183,Kumari Ghar,3684,5
1183,Kumari Ghar,2137,5
1184,Kumari Gift & Art Gallery,2343,5
1184,Kumari Gift & Art Gallery,2344,5
1184,Kumari Gift & Art Gallery,2345,4
1184,Kumari Gift & Art Gallery,80,4
1184,Kumari Gift & Art Gallery,2346,4
1184,Kumari Gift & Art Gallery,2347,4
1184,Kumari Gift & Art Gallery,2348,4
1184,Kumari Gift & Art Gallery,2349,2
1187,Kumrang Church,2350,5
1187,Kumrang Church,2351,5
1189,Kundol Bhagawati Temple,2352,5
1189,Kundol Bhagawati Temple,2353,1
1189,Kundol Bhagawati Temple,2354,5
1189,Kundol Bhagawati Temple,2355,4
1189,Kundol Bhagawati Temple,2356,4
1189,Kundol Bhagawati Temple,2357,5
1189,Kundol Bhagawati Temple,2358,5
1189,Kundol Bhagawati Temple,2359,3
1193,Kushma Art Project,2360,5
1193,Kushma Art Project,2361,5
1193,Kushma Art Project,2362,5
1193,Kushma Art Project,2363,5
1193,Kushma Art Project,2364,5
1193,Kushma Art Project,2365,5
1193,Kushma Art Project,94,5
1194,Kusma Hill View Point,2366,4
1194,Kusma Hill View Point,2367,5
1194,Kusma Hill View Point,2368,5
1194,Kusma Hill View Point,2369,5
1194,Kusma Hill View Point,2370,5
1194,Kusma Hill View Point,2371,5
1194,Kusma Hill View Point,2372,3
1194,Kusma Hill View Point,2373,2
1196,Kuwa Khola Temple,1575,5
1198,Kyabung,2374,5
1202,Lipe Hill,2521,5
1202,Lipe Hill,2522,5
1202,Lipe Hill,2523,5
1202,Lipe Hill,2524,5
1202,Lipe Hill,2525,5
1202,Lipe Hill,2526,5
1203,LOTUS THANKA ART HANDICRAFTS,2544,5
1203,LOTUS THANKA ART HANDICRAFTS,2545,5
1203,LOTUS THANKA ART HANDICRAFTS,2546,1
1203,LOTUS THANKA ART HANDICRAFTS,2547,5
1203,LOTUS THANKA ART HANDICRAFTS,2548,5
1203,LOTUS THANKA ART HANDICRAFTS,2549,5
1203,LOTUS THANKA ART HANDICRAFTS,2550,5
1203,LOTUS THANKA ART HANDICRAFTS,2551,5
1206,Ladari Fun Park,2375,4
1206,Ladari Fun Park,2376,4
1206,Ladari Fun Park,2377,1
1206,Ladari Fun Park,2378,4
1206,Ladari Fun Park,2379,3
1206,Ladari Fun Park,2380,2
1206,Ladari Fun Park,2381,5
1206,Ladari Fun Park,2382,5
1211,Lakhan Thapa View Tower,2388,4
1211,Lakhan Thapa View Tower,2389,5
1211,Lakhan Thapa View Tower,2390,5
1211,Lakhan Thapa View Tower,2391,3
1211,Lakhan Thapa View Tower,2392,5
1211,Lakhan Thapa View Tower,2393,5
1212,"Lakheba, Thulopatal",2394,5
1212,"Lakheba, Thulopatal",2086,5
1213,Lalbabu Majhi,2395,1
1216,Laligurans Stamba,916,5
1216,Laligurans Stamba,2396,4
1216,Laligurans Stamba,2397,3
1217,Lalita & Lalit Bdr. Thapa Memorial Stadium,2398,3
1217,Lalita & Lalit Bdr. Thapa Memorial Stadium,2399,5
1217,Lalita & Lalit Bdr. Thapa Memorial Stadium,2400,3
1217,Lalita & Lalit Bdr. Thapa Memorial Stadium,2401,5
1217,Lalita & Lalit Bdr. Thapa Memorial Stadium,2402,5
1217,Lalita & Lalit Bdr. Thapa Memorial Stadium,2403,5
1217,Lalita & Lalit Bdr. Thapa Memorial Stadium,2404,5
1217,Lalita & Lalit Bdr. Thapa Memorial Stadium,2405,5
1220,Lalitpur Metro Park,2406,5
1220,Lalitpur Metro Park,2407,4
1220,Lalitpur Metro Park,2408,4
1220,Lalitpur Metro Park,763,5
1220,Lalitpur Metro Park,2409,5
1220,Lalitpur Metro Park,2410,3
1220,Lalitpur Metro Park,2411,5
1220,Lalitpur Metro Park,2412,5
1221,Lalitpur-Makawanpur District Border,2413,3
1222,Lamahi Biodiversity Park,2414,5
1222,Lamahi Biodiversity Park,2415,4
1222,Lamahi Biodiversity Park,2416,5
1222,Lamahi Biodiversity Park,2417,4
1222,Lamahi Biodiversity Park,2418,3
1222,Lamahi Biodiversity Park,2419,5
1222,Lamahi Biodiversity Park,2420,4
1222,Lamahi Biodiversity Park,2421,2
1224,Lamahi View Tower,699,3
1224,Lamahi View Tower,2423,4
1224,Lamahi View Tower,2424,4
1224,Lamahi View Tower,2425,5
1224,Lamahi View Tower,2426,5
1224,Lamahi View Tower,2427,5
1224,Lamahi View Tower,2428,3
1224,Lamahi View Tower,2429,3
1225,Lamahi Hill Viewpoint,2422,5
1228,Lamgau Garden House,2430,5
1229,Lamichhane Kul Mandir & Cultural Museum,2431,4
1229,Lamichhane Kul Mandir & Cultural Museum,2432,5
1229,Lamichhane Kul Mandir & Cultural Museum,2433,5
1230,Lamidada Holy Church,2434,5
1230,Lamidada Holy Church,2435,3
1232,Lamjung Durbar,2436,5
1232,Lamjung Durbar,2118,5
1232,Lamjung Durbar,2437,5
1232,Lamjung Durbar,2438,5
1232,Lamjung Durbar,1333,5
1232,Lamjung Durbar,2439,4
1232,Lamjung Durbar,2440,5
1232,Lamjung Durbar,2441,5
1233,Lamjung Gairi Church,2442,5
1233,Lamjung Gairi Church,2443,1
1233,Lamjung Gairi Church,2444,5
1234,Lamjung Pathibhara Temple,2445,5
1234,Lamjung Pathibhara Temple,2446,5
1234,Lamjung Pathibhara Temple,2447,5
1234,Lamjung Pathibhara Temple,2448,5
1234,Lamjung Pathibhara Temple,2449,5
1237,Lamki Buspark,2450,3
1237,Lamki Buspark,2451,4
1237,Lamki Buspark,2452,5
1237,Lamki Buspark,2453,4
1237,Lamki Buspark,1259,3
1237,Lamki Buspark,2454,3
1237,Lamki Buspark,2455,3
1237,Lamki Buspark,2456,3
1238,Lamki Chuha Wada Partappur,2457,1
1238,Lamki Chuha Wada Partappur,2458,5
1240,Lampuja Rolpa,2459,3
1240,Lampuja Rolpa,2460,5
1240,Lampuja Rolpa,2461,5
1240,Lampuja Rolpa,24,5
1240,Lampuja Rolpa,2462,5
1240,Lampuja Rolpa,2463,5
1240,Lampuja Rolpa,2464,2
1240,Lampuja Rolpa,2465,5
1242,"Landstar View, Panchkhal, Bhamarkot",2466,5
1242,"Landstar View, Panchkhal, Bhamarkot",2467,3
1242,"Landstar View, Panchkhal, Bhamarkot",2468,5
1243,Lane Nerubon Statue,1350,5
1248,"Lapha, Pachal Jharana",2469,5
1248,"Lapha, Pachal Jharana",2470,1
1248,"Lapha, Pachal Jharana",2471,1
1248,"Lapha, Pachal Jharana",2472,5
1248,"Lapha, Pachal Jharana",2473,1
1248,"Lapha, Pachal Jharana",2474,1
1248,"Lapha, Pachal Jharana",2475,5
1248,"Lapha, Pachal Jharana",2476,1
1250,Lapis Thanka & Art Gallery Shop,2477,4
1250,Lapis Thanka & Art Gallery Shop,2478,5
1250,Lapis Thanka & Art Gallery Shop,2479,5
1250,Lapis Thanka & Art Gallery Shop,2480,5
1250,Lapis Thanka & Art Gallery Shop,2481,5
1250,Lapis Thanka & Art Gallery Shop,2482,5
1250,Lapis Thanka & Art Gallery Shop,2483,5
1250,Lapis Thanka & Art Gallery Shop,2484,5
1253,Latihs Art & Decoration Gallery,2485,5
1254,Laudasur Gufa,2486,5
1254,Laudasur Gufa,2487,4
1254,Laudasur Gufa,2488,5
1254,Laudasur Gufa,2489,1
1254,Laudasur Gufa,2490,4
1254,Laudasur Gufa,478,4
1254,Laudasur Gufa,2491,5
1254,Laudasur Gufa,2492,5
1256,Laxmi Narayan Mandir,2501,5
1256,Laxmi Narayan Mandir,2502,3
1256,Laxmi Narayan Mandir,2503,5
1256,Laxmi Narayan Mandir,2504,5
1256,Laxmi Narayan Mandir,2505,5
1256,Laxmi Narayan Mandir,2506,5
1256,Laxmi Narayan Mandir,2507,5
1256,Laxmi Narayan Mandir,2508,4
1258,Laxmi Temple Geruwaha - 01,2509,5
1258,Laxmi Temple Geruwaha - 01,2510,1
1259,Laxminya Dam (Bandh),2511,5
1261,"Lekdanda Nisdi-7, Jyamire, Hubas, Palpa",2512,3
1262,Letang Immanuel Church,2513,5
1268,Limbu Museum,2514,2
1268,Limbu Museum,2515,1
1268,Limbu Museum,2516,5
1268,Limbu Museum,2517,3
1268,Limbu Museum,2518,2
1268,Limbu Museum,2519,5
1268,Limbu Museum,494,3
1268,Limbu Museum,2520,5
1272,Little Star Fun Park with Family Restro Banepa,2527,5
1272,Little Star Fun Park with Family Restro Banepa,2528,3
1272,Little Star Fun Park with Family Restro Banepa,2529,5
1272,Little Star Fun Park with Family Restro Banepa,2530,5
1272,Little Star Fun Park with Family Restro Banepa,2531,5
1272,Little Star Fun Park with Family Restro Banepa,2532,4
1272,Little Star Fun Park with Family Restro Banepa,2533,3
1272,Little Star Fun Park with Family Restro Banepa,2534,5
1273,Little Green Park,2383,4
1273,Little Green Park,2149,5
1273,Little Green Park,2384,4
1273,Little Green Park,241,4
1273,Little Green Park,448,3
1273,Little Green Park,2385,5
1273,Little Green Park,2386,4
1273,Little Green Park,2387,5
1275,Living God Church,2535,5
1275,Living God Church,2536,5
1275,Living God Church,2537,5
1275,Living God Church,2538,5
1275,Living God Church,2539,5
1277,Living Traditions Museum,2540,5
1277,Living Traditions Museum,1788,4
1281,Logos Presbyterian Church,2541,5
1283,Loharpatti 3 Mahadaiya Brahmasthan Temple,2542,5
1284,Loharpatty Kalab,2543,5
1292,Love Dadha,443,5
1292,Love Dadha,2552,4
1292,Love Dadha,2553,4
1292,Love Dadha,2554,3
1292,Love Dadha,2555,4
1292,Love Dadha,2556,5
1292,Love Dadha,2557,5
1292,Love Dadha,1994,1
1293,Love Danda (Tripura Sundari Tauthali),624,5
1293,Love Danda (Tripura Sundari Tauthali),2044,5
1293,Love Danda (Tripura Sundari Tauthali),2558,5
1293,Love Danda (Tripura Sundari Tauthali),2559,5
1293,Love Danda (Tripura Sundari Tauthali),2560,5
1293,Love Danda (Tripura Sundari Tauthali),2561,5
1293,Love Danda (Tripura Sundari Tauthali),2562,5
1293,Love Danda (Tripura Sundari Tauthali),2563,5
1297,Lowa Art Gallery & Book Shop,2564,5
1297,Lowa Art Gallery & Book Shop,2565,5
1297,Lowa Art Gallery & Book Shop,2566,5
1297,Lowa Art Gallery & Book Shop,2567,5
1298,Lower Chandretar,2568,4
1300,Lucknow Mutiny Memorial Park,571,5
1300,Lucknow Mutiny Memorial Park,2569,5
1300,Lucknow Mutiny Memorial Park,2570,4
1302,Lukuwa Dada,2571,3
1305,Lumbini Crane Sanctuary,2572,3
1305,Lumbini Crane Sanctuary,1050,5
1305,Lumbini Crane Sanctuary,2573,5
1305,Lumbini Crane Sanctuary,2574,1
1305,Lumbini Crane Sanctuary,2575,5
1305,Lumbini Crane Sanctuary,2576,5
1305,Lumbini Crane Sanctuary,2577,4
1305,Lumbini Crane Sanctuary,2578,5
1307,Lumbini Sanskritik Ahle Hadis Mosque,2579,5
1307,Lumbini Sanskritik Ahle Hadis Mosque,2580,5
1307,Lumbini Sanskritik Ahle Hadis Mosque,2581,5
1309,Lumbini Selfie Point,918,5
1309,Lumbini Selfie Point,2582,4
1309,Lumbini Selfie Point,2583,5
1309,Lumbini Selfie Point,2584,5
1309,Lumbini Selfie Point,547,5
1309,Lumbini Selfie Point,1788,4
1309,Lumbini Selfie Point,2585,5
1309,Lumbini Selfie Point,2586,5
1313,Luu Jhya,2587,5
1313,Luu Jhya,2588,5
1315,Madina Masjid Modarasa Qadria,2676,5
1315,Madina Masjid Modarasa Qadria,673,5
1315,Madina Masjid Modarasa Qadria,2677,5
1315,Madina Masjid Modarasa Qadria,2678,5
1315,Madina Masjid Modarasa Qadria,2679,5
1315,Madina Masjid Modarasa Qadria,2680,5
1315,Madina Masjid Modarasa Qadria,2681,5
1315,Madina Masjid Modarasa Qadria,2682,5
1315,Madina Masjid Modarasa Qadria,1356,5
1316,Madrasa Sirajul Uloom,2683,5
1316,Madrasa Sirajul Uloom,2684,5
1316,Madrasa Sirajul Uloom,2685,5
1316,Madrasa Sirajul Uloom,2686,5
1316,Madrasa Sirajul Uloom,2687,5
1316,Madrasa Sirajul Uloom,2688,5
1316,Madrasa Sirajul Uloom,2689,5
1316,Madrasa Sirajul Uloom,2690,5
1318,Manebhanjyang Circle,2187,5
1318,Manebhanjyang Circle,2867,5
1318,Manebhanjyang Circle,2868,1
1318,Manebhanjyang Circle,2869,1
1318,Manebhanjyang Circle,2870,4
1318,Manebhanjyang Circle,2871,1
1318,Manebhanjyang Circle,2872,5
1318,Manebhanjyang Circle,2873,5
1318,Manebhanjyang Circle,2874,5
1319,Mas Islamic Video,2580,5
1320,Masjid Shukrauli MayaDevi,1356,5
1320,Masjid Shukrauli MayaDevi,2942,5
1322,MDS Museum and Agro Farming,2967,4
1322,MDS Museum and Agro Farming,2968,4
1322,MDS Museum and Agro Farming,2969,1
1322,MDS Museum and Agro Farming,2970,3
1322,MDS Museum and Agro Farming,2971,5
1322,MDS Museum and Agro Farming,2972,4
1322,MDS Museum and Agro Farming,2973,5
1322,MDS Museum and Agro Farming,2974,3
1325,Maa Saroswti Mandir Pathsala Tilathi,2589,3
1325,Maa Saroswti Mandir Pathsala Tilathi,2590,5
1325,Maa Saroswti Mandir Pathsala Tilathi,2591,5
1325,Maa Saroswti Mandir Pathsala Tilathi,2592,5
1325,Maa Saroswti Mandir Pathsala Tilathi,2593,5
1325,Maa Saroswti Mandir Pathsala Tilathi,2594,5
1325,Maa Saroswti Mandir Pathsala Tilathi,2595,5
1325,Maa Saroswti Mandir Pathsala Tilathi,2596,5
1326,Maafi Temple,2597,5
1329,Machchhegaun Christian Assembly,2598,5
1329,Machchhegaun Christian Assembly,2599,5
1329,Machchhegaun Christian Assembly,2600,5
1329,Machchhegaun Christian Assembly,2601,5
1329,Machchhegaun Christian Assembly,2602,5
1329,Machchhegaun Christian Assembly,2603,5
1329,Machchhegaun Christian Assembly,2604,5
1329,Machchhegaun Christian Assembly,2605,5
1331,Machedi Pratixyalaye,2606,1
1331,Machedi Pratixyalaye,2607,5
1332,Machhapuchhre Village Inn,376,5
1332,Machhapuchhre Village Inn,2608,5
1332,Machhapuchhre Village Inn,2609,5
1332,Machhapuchhre Village Inn,2610,5
1332,Machhapuchhre Village Inn,2611,5
1332,Machhapuchhre Village Inn,2612,5
1332,Machhapuchhre Village Inn,2613,5
1332,Machhapuchhre Village Inn,2614,5
1333,Machhapuchre Baptist Church,2615,4
1333,Machhapuchre Baptist Church,2616,5
1335,Madan Bhandari Memorial Park,2617,5
1335,Madan Bhandari Memorial Park,2618,4
1335,Madan Bhandari Memorial Park,2619,5
1335,Madan Bhandari Memorial Park,1409,3
1335,Madan Bhandari Memorial Park,2620,5
1335,Madan Bhandari Memorial Park,2621,5
1335,Madan Bhandari Memorial Park,245,5
1335,Madan Bhandari Memorial Park,273,4
1337,Madar Baba Masjid,2622,5
1337,Madar Baba Masjid,2623,5
1337,Madar Baba Masjid,2624,3
1337,Madar Baba Masjid,2625,5
1337,Madar Baba Masjid,2626,5
1337,Madar Baba Masjid,2627,3
1337,Madar Baba Masjid,2628,3
1337,Madar Baba Masjid,2629,5
1338,Madarasatul Taswid & Noorani Masjid,2630,4
1338,Madarasatul Taswid & Noorani Masjid,2631,5
1338,Madarasatul Taswid & Noorani Masjid,2632,5
1338,Madarasatul Taswid & Noorani Masjid,2633,5
1339,Madarsa Imdad-ul Ghorba,2634,5
1339,Madarsa Imdad-ul Ghorba,2635,5
1339,Madarsa Imdad-ul Ghorba,2636,5
1339,Madarsa Imdad-ul Ghorba,2637,5
1339,Madarsa Imdad-ul Ghorba,2638,5
1339,Madarsa Imdad-ul Ghorba,2639,5
1339,Madarsa Imdad-ul Ghorba,2640,5
1339,Madarsa Imdad-ul Ghorba,2641,5
1345,Madhav Narayan Municipality,2642,5
1345,Madhav Narayan Municipality,2643,5
1345,Madhav Narayan Municipality,2644,1
1345,Madhav Narayan Municipality,2645,5
1345,Madhav Narayan Municipality,2646,5
1345,Madhav Narayan Municipality,2647,1
1345,Madhav Narayan Municipality,2648,1
1345,Madhav Narayan Municipality,2649,3
1346,Madhesi Park,2650,5
1346,Madhesi Park,2651,5
1346,Madhesi Park,2652,4
1346,Madhesi Park,2653,5
1346,Madhesi Park,2654,5
1346,Madhesi Park,2655,3
1346,Madhesi Park,1602,5
1346,Madhesi Park,2656,4
1347,Madhupuri Baptist Church,2657,5
1347,Madhupuri Baptist Church,2658,5
1347,Madhupuri Baptist Church,2659,5
1347,Madhupuri Baptist Church,2660,1
1347,Madhupuri Baptist Church,2661,4
1347,Madhupuri Baptist Church,2662,5
1347,Madhupuri Baptist Church,2663,5
1347,Madhupuri Baptist Church,2664,5
1350,MadhyaNepal-4 Lamjung Shisaghat,2665,4
1350,MadhyaNepal-4 Lamjung Shisaghat,2666,5
1355,Madi Bridge Rolpa Road,2668,5
1355,Madi Bridge Rolpa Road,2464,3
1357,Madi View Tower,974,4
1357,Madi View Tower,2669,1
1357,Madi View Tower,2670,5
1357,Madi View Tower,2671,4
1357,Madi View Tower,2672,3
1357,Madi View Tower,2673,5
1357,Madi View Tower,2674,4
1357,Madi View Tower,2675,5
1358,Madi Bagha Sankhuwasabha,2667,5
1368,Magical Nepal (P) Ltd.,2691,5
1368,Magical Nepal (P) Ltd.,2692,5
1368,Magical Nepal (P) Ltd.,2693,5
1368,Magical Nepal (P) Ltd.,2694,5
1368,Magical Nepal (P) Ltd.,2695,5
1368,Magical Nepal (P) Ltd.,2696,5
1368,Magical Nepal (P) Ltd.,2697,5
1368,Magical Nepal (P) Ltd.,2698,5
1373,Mahabuddha Temple,442,5
1373,Mahabuddha Temple,2699,5
1373,Mahabuddha Temple,253,5
1373,Mahabuddha Temple,2700,5
1373,Mahabuddha Temple,2701,3
1373,Mahabuddha Temple,2143,5
1373,Mahabuddha Temple,2702,5
1373,Mahabuddha Temple,2703,5
1383,Mahakali Bridge,1162,5
1383,Mahakali Bridge,1163,5
1383,Mahakali Bridge,1164,4
1383,Mahakali Bridge,608,5
1383,Mahakali Bridge,1165,5
1383,Mahakali Bridge,1166,3
1383,Mahakali Bridge,678,4
1383,Mahakali Bridge,1167,5
1394,Mahankal Dada Gajaram Hiking Trail Start Point,2704,5
1394,Mahankal Dada Gajaram Hiking Trail Start Point,2705,5
1396,Mahara-Paswan Tole Pokhari,2712,3
1396,Mahara-Paswan Tole Pokhari,2713,5
1397,Maharaja Mani Mukund Sen Palace Ruins,2706,4
1397,Maharaja Mani Mukund Sen Palace Ruins,2707,5
1397,Maharaja Mani Mukund Sen Palace Ruins,2708,5
1397,Maharaja Mani Mukund Sen Palace Ruins,2709,5
1397,Maharaja Mani Mukund Sen Palace Ruins,2710,5
1397,Maharaja Mani Mukund Sen Palace Ruins,2711,5
1399,"Mahat Gau, Rukum East (Pokhardanda)",2714,5
1399,"Mahat Gau, Rukum East (Pokhardanda)",2715,3
1399,"Mahat Gau, Rukum East (Pokhardanda)",2716,5
1399,"Mahat Gau, Rukum East (Pokhardanda)",2717,5
1399,"Mahat Gau, Rukum East (Pokhardanda)",2718,5
1399,"Mahat Gau, Rukum East (Pokhardanda)",1150,5
1399,"Mahat Gau, Rukum East (Pokhardanda)",2719,1
1399,"Mahat Gau, Rukum East (Pokhardanda)",2720,5
1401,Mahendra Park & Mini Zoo,2721,5
1401,Mahendra Park & Mini Zoo,1094,5
1401,Mahendra Park & Mini Zoo,2722,5
1401,Mahendra Park & Mini Zoo,2723,5
1401,Mahendra Park & Mini Zoo,2724,1
1401,Mahendra Park & Mini Zoo,2725,5
1401,Mahendra Park & Mini Zoo,2726,3
1401,Mahendra Park & Mini Zoo,2727,4
1401,Mahendra Park & Mini Zoo,2728,4
1406,Mahendranagar Park,2729,4
1406,Mahendranagar Park,2730,3
1406,Mahendranagar Park,2731,3
1406,Mahendranagar Park,2732,5
1406,Mahendranagar Park,2733,3
1406,Mahendranagar Park,2734,4
1406,Mahendranagar Park,2735,4
1406,Mahendranagar Park,2736,4
1406,Mahendranagar Park,2737,3
1406,Mahendranagar Park,2738,2
1406,Mahendranagar Park,2739,5
1406,Mahendranagar Park,2740,5
1406,Mahendranagar Park,2741,5
1406,Mahendranagar Park,2742,2
1406,Mahendranagar Park,2743,4
1406,Mahendranagar Park,2744,4
1413,Mahottari Durga Mandir,2745,1
1413,Mahottari Durga Mandir,2746,5
1413,Mahottari Durga Mandir,2747,5
1414,Mahottari Field,2746,5
1415,Mahuwari Pokhari,2748,3
1415,Mahuwari Pokhari,2749,2
1415,Mahuwari Pokhari,2750,5
1415,Mahuwari Pokhari,2751,5
1415,Mahuwari Pokhari,2752,5
1415,Mahuwari Pokhari,2753,5
1415,Mahuwari Pokhari,2754,5
1415,Mahuwari Pokhari,2755,5
1418,Maidan Sataun,2756,2
1418,Maidan Sataun,2757,5
1418,Maidan Sataun,2758,5
1418,Maidan Sataun,2759,5
1418,Maidan Sataun,2760,4
1418,Maidan Sataun,2761,2
1418,Maidan Sataun,2762,1
1418,Maidan Sataun,2763,2
1420,Maipokhari Temple,1369,4
1420,Maipokhari Temple,2764,5
1420,Maipokhari Temple,2765,5
1420,Maipokhari Temple,2766,5
1420,Maipokhari Temple,2767,5
1420,Maipokhari Temple,1182,5
1420,Maipokhari Temple,2768,5
1420,Maipokhari Temple,2769,5
1424,Maisthan Park,547,5
1424,Maisthan Park,2770,5
1424,Maisthan Park,2771,4
1424,Maisthan Park,2772,5
1424,Maisthan Park,2773,4
1424,Maisthan Park,2774,5
1424,Maisthan Park,2775,5
1424,Maisthan Park,2776,1
1426,Maitidevi Temple,2777,5
1426,Maitidevi Temple,2778,5
1426,Maitidevi Temple,2779,5
1428,Maiyung Danda,2780,5
1428,Maiyung Danda,2781,5
1428,Maiyung Danda,2782,4
1428,Maiyung Danda,2783,5
1428,Maiyung Danda,2784,4
1428,Maiyung Danda,2785,5
1428,Maiyung Danda,2786,5
1428,Maiyung Danda,2787,4
1429,Majeya Memorial Stadium,2788,5
1433,Majuwa Hiking Junction (Majuwa Hiking Junction),2789,4
1433,Majuwa Hiking Junction (Majuwa Hiking Junction),2790,5
1433,Majuwa Hiking Junction (Majuwa Hiking Junction),2791,4
1433,Majuwa Hiking Junction (Majuwa Hiking Junction),2792,4
1433,Majuwa Hiking Junction (Majuwa Hiking Junction),2793,3
1433,Majuwa Hiking Junction (Majuwa Hiking Junction),2794,5
1433,Majuwa Hiking Junction (Majuwa Hiking Junction),2795,5
1433,Majuwa Hiking Junction (Majuwa Hiking Junction),2796,5
1435,Makaju Painting Showroom,2797,5
1435,Makaju Painting Showroom,2798,5
1437,Makalu Barun National Park,3688,5
1437,Makalu Barun National Park,3689,5
1437,Makalu Barun National Park,3690,5
1437,Makalu Barun National Park,3691,5
1437,Makalu Barun National Park,3692,4
1437,Makalu Barun National Park,3693,5
1437,Makalu Barun National Park,3694,5
1437,Makalu Barun National Park,3695,5
1437,Makalu Barun National Park,3688,5
1437,Makalu Barun National Park,3689,5
1437,Makalu Barun National Park,3690,5
1437,Makalu Barun National Park,3691,5
1437,Makalu Barun National Park,3692,4
1437,Makalu Barun National Park,3693,5
1437,Makalu Barun National Park,3694,5
1437,Makalu Barun National Park,3695,5
1438,Makalu Base Camp Trek,2799,3
1439,Makawanpur Gadhi,2800,4
1439,Makawanpur Gadhi,2801,4
1439,Makawanpur Gadhi,476,5
1439,Makawanpur Gadhi,2802,5
1439,Makawanpur Gadhi,2803,5
1439,Makawanpur Gadhi,2804,5
1439,Makawanpur Gadhi,2805,5
1439,Makawanpur Gadhi,2806,5
1443,Makwanpur Prasansa Mandali,2807,5
1443,Makwanpur Prasansa Mandali,2808,5
1449,Malarani Temple,2809,5
1449,Malarani Temple,2810,1
1449,Malarani Temple,2811,5
1449,Malarani Temple,2812,5
1449,Malarani Temple,2813,5
1449,Malarani Temple,2814,5
1449,Malarani Temple,2815,5
1449,Malarani Temple,2816,5
1450,Male Bagar Church,2817,5
1450,Male Bagar Church,2818,3
1450,Male Bagar Church,2819,5
1450,Male Bagar Church,2820,4
1450,Male Bagar Church,2821,5
1450,Male Bagar Church,1382,1
1450,Male Bagar Church,2822,4
1451,Malekhu Adventure Beach Resort,3696,0
1451,Malekhu Adventure Beach Resort,795,0
1451,Malekhu Adventure Beach Resort,3697,0
1451,Malekhu Adventure Beach Resort,3698,0
1451,Malekhu Adventure Beach Resort,3699,0
1451,Malekhu Adventure Beach Resort,3700,0
1451,Malekhu Adventure Beach Resort,3701,0
1451,Malekhu Adventure Beach Resort,3702,0
1459,Malikarjun Temple,4719,5
1459,Malikarjun Temple,4720,5
1459,Malikarjun Temple,4721,5
1459,Malikarjun Temple,4722,5
1459,Malikarjun Temple,4723,5
1459,Malikarjun Temple,4724,3
1459,Malikarjun Temple,4725,5
1459,Malikarjun Temple,4726,5
1460,Malikarjun Dham,2823,1
1460,Malikarjun Dham,2824,5
1460,Malikarjun Dham,2825,4
1460,Malikarjun Dham,2826,5
1460,Malikarjun Dham,2827,5
1460,Malikarjun Dham,2828,5
1460,Malikarjun Dham,100,4
1460,Malikarjun Dham,2730,5
1464,Malmala Devi Temple,2829,4
1464,Malmala Devi Temple,2830,4
1464,Malmala Devi Temple,2831,5
1464,Malmala Devi Temple,2832,5
1464,Malmala Devi Temple,2833,5
1464,Malmala Devi Temple,2834,5
1464,Malmala Devi Temple,2835,5
1464,Malmala Devi Temple,2836,5
1465,Malti Chowk (Malatai Chauk),2493,5
1465,Malti Chowk (Malatai Chauk),2494,5
1465,Malti Chowk (Malatai Chauk),2495,5
1465,Malti Chowk (Malatai Chauk),2496,5
1465,Malti Chowk (Malatai Chauk),2497,5
1465,Malti Chowk (Malatai Chauk),2498,4
1465,Malti Chowk (Malatai Chauk),2499,3
1465,Malti Chowk (Malatai Chauk),2500,5
1467,Malyangdi Khola,2837,4
1469,Manahari Peace Park,2838,3
1469,Manahari Peace Park,2839,5
1469,Manahari Peace Park,2840,5
1469,Manahari Peace Park,2841,5
1469,Manahari Peace Park,2842,4
1469,Manahari Peace Park,2843,5
1469,Manahari Peace Park,2844,5
1469,Manahari Peace Park,1086,5
1471,Manakamana Shiv Mandir,2845,5
1471,Manakamana Shiv Mandir,2846,5
1471,Manakamana Shiv Mandir,2847,5
1471,Manakamana Shiv Mandir,2848,5
1471,Manakamana Shiv Mandir,2849,5
1471,Manakamana Shiv Mandir,2850,5
1471,Manakamana Shiv Mandir,2851,5
1471,Manakamana Shiv Mandir,2852,1
1472,Manakamana Temple,2149,5
1472,Manakamana Temple,3226,5
1472,Manakamana Temple,4659,5
1472,Manakamana Temple,4660,5
1472,Manakamana Temple,4392,5
1472,Manakamana Temple,1420,5
1472,Manakamana Temple,4661,5
1472,Manakamana Temple,4662,5
1474,Manang Culture Museum,2853,2
1474,Manang Culture Museum,2854,5
1474,Manang Culture Museum,2855,4
1474,Manang Culture Museum,2856,4
1474,Manang Culture Museum,2857,5
1475,Manang Entrance Gate,2858,5
1475,Manang Entrance Gate,2859,4
1479,Manda Phalcha,522,3
1479,Manda Phalcha,2860,5
1479,Manda Phalcha,2861,5
1479,Manda Phalcha,76,3
1479,Manda Phalcha,2862,5
1480,Mandan Deupur Municipality Gate (Ward No. 1),2863,5
1480,Mandan Deupur Municipality Gate (Ward No. 1),2864,5
1480,Mandan Deupur Municipality Gate (Ward No. 1),2865,5
1482,Mane Kandh,2866,5
1486,Manekharka Church,2875,5
1487,Manga Hiti,391,5
1487,Manga Hiti,2876,5
1487,Manga Hiti,2877,5
1487,Manga Hiti,2878,5
1487,Manga Hiti,2879,4
1487,Manga Hiti,2860,5
1487,Manga Hiti,2880,5
1487,Manga Hiti,2881,3
1488,Mangal Dharmadweep Mahavihar (Jhaur Bahi),312,5
1488,Mangal Dharmadweep Mahavihar (Jhaur Bahi),1898,5
1488,Mangal Dharmadweep Mahavihar (Jhaur Bahi),1899,5
1488,Mangal Dharmadweep Mahavihar (Jhaur Bahi),1900,5
1488,Mangal Dharmadweep Mahavihar (Jhaur Bahi),1901,4
1488,Mangal Dharmadweep Mahavihar (Jhaur Bahi),1902,5
1488,Mangal Dharmadweep Mahavihar (Jhaur Bahi),1903,5
1488,Mangal Dharmadweep Mahavihar (Jhaur Bahi),1157,5
1489,Mangala Indrani Park,2885,5
1490,Mangala Ghat Suspended Bridge,2883,5
1490,Mangala Ghat Suspended Bridge,2884,5
1495,Mangalsen Historic Palace,2886,5
1495,Mangalsen Historic Palace,2887,5
1495,Mangalsen Historic Palace,2888,5
1495,Mangalsen Historic Palace,2889,3
1495,Mangalsen Historic Palace,2890,5
1495,Mangalsen Historic Palace,2891,1
1495,Mangalsen Historic Palace,2421,2
1495,Mangalsen Historic Palace,2892,4
1496,Mangsebung 3 Ilam,2893,5
1496,Mangsebung 3 Ilam,2894,5
1496,Mangsebung 3 Ilam,2895,5
1496,Mangsebung 3 Ilam,2896,1
1496,Mangsebung 3 Ilam,1002,5
1497,Mani Chaitya,2897,5
1497,Mani Chaitya,2898,5
1499,Mani Khola Picnic Park,2899,4
1499,Mani Khola Picnic Park,2900,4
1499,Mani Khola Picnic Park,2901,5
1499,Mani Khola Picnic Park,2902,1
1499,Mani Khola Picnic Park,2903,5
1499,Mani Khola Picnic Park,2904,5
1499,Mani Khola Picnic Park,2905,4
1499,Mani Khola Picnic Park,2906,3
1500,Mani Mandap,76,4
1500,Mani Mandap,2876,5
1500,Mani Mandap,2907,4
1500,Mani Mandap,2908,3
1501,Mani Mandap Mahabihar,76,4
1501,Mani Mandap Mahabihar,2876,5
1501,Mani Mandap Mahabihar,2907,4
1501,Mani Mandap Mahabihar,2908,3
1505,Manilal Smriti Viewpoint,1968,4
1505,Manilal Smriti Viewpoint,2909,4
1505,Manilal Smriti Viewpoint,1929,4
1505,Manilal Smriti Viewpoint,2910,4
1505,Manilal Smriti Viewpoint,2911,5
1505,Manilal Smriti Viewpoint,2912,5
1505,Manilal Smriti Viewpoint,2913,5
1505,Manilal Smriti Viewpoint,2914,5
1508,Manishankar Mandir,2919,5
1516,Manung Dada,2920,5
1516,Manung Dada,2921,5
1516,Manung Dada,916,3
1516,Manung Dada,417,4
1516,Manung Dada,2922,5
1516,Manung Dada,2923,5
1516,Manung Dada,2924,5
1516,Manung Dada,2925,5
1519,Marchawari Mai Mandir,2926,5
1519,Marchawari Mai Mandir,2927,5
1519,Marchawari Mai Mandir,2928,2
1519,Marchawari Mai Mandir,2929,3
1519,Marchawari Mai Mandir,2930,4
1519,Marchawari Mai Mandir,2931,5
1519,Marchawari Mai Mandir,2932,5
1519,Marchawari Mai Mandir,2933,4
1525,Martha's Macrame,2934,5
1525,Martha's Macrame,2935,5
1526,Martyr Rudra Pakhrin Memorial Park,2936,4
1526,Martyr Rudra Pakhrin Memorial Park,2937,4
1526,Martyr Rudra Pakhrin Memorial Park,2938,3
1526,Martyr Rudra Pakhrin Memorial Park,2939,3
1526,Martyr Rudra Pakhrin Memorial Park,2940,5
1526,Martyr Rudra Pakhrin Memorial Park,2761,5
1526,Martyr Rudra Pakhrin Memorial Park,1566,5
1526,Martyr Rudra Pakhrin Memorial Park,2941,5
1527,Martyrs Memorial Park,4663,5
1527,Martyrs Memorial Park,4664,5
1527,Martyrs Memorial Park,2413,5
1530,Masta 7 Lataun Bajhang,2943,2
1530,Masta 7 Lataun Bajhang,2944,5
1533,Masta Temple Bhandari Gaun Bhatekhola Bajhang,2945,5
1533,Masta Temple Bhandari Gaun Bhatekhola Bajhang,2946,5
1533,Masta Temple Bhandari Gaun Bhatekhola Bajhang,2947,5
1535,Mathagadhi Fort,2948,5
1535,Mathagadhi Fort,535,4
1538,Mattalo Kaji,2949,5
1538,Mattalo Kaji,2949,4
1539,Maula Kalika Temple,2950,5
1539,Maula Kalika Temple,2951,5
1539,Maula Kalika Temple,2952,5
1539,Maula Kalika Temple,2953,4
1539,Maula Kalika Temple,2954,5
1539,Maula Kalika Temple,2955,5
1539,Maula Kalika Temple,2956,5
1539,Maula Kalika Temple,2957,5
1540,Maulapur Picnic Park,2958,4
1540,Maulapur Picnic Park,2959,5
1540,Maulapur Picnic Park,2960,3
1540,Maulapur Picnic Park,2961,4
1540,Maulapur Picnic Park,2642,5
1540,Maulapur Picnic Park,2962,5
1540,Maulapur Picnic Park,2963,5
1540,Maulapur Picnic Park,2964,5
1544,Mayo Ko Bartan,2965,4
1544,Mayo Ko Bartan,2966,5
1548,Meghma Monastery,2975,5
1548,Meghma Monastery,2976,5
1548,Meghma Monastery,2977,5
1548,Meghma Monastery,2978,5
1548,Meghma Monastery,2979,5
1548,Meghma Monastery,2980,5
1548,Meghma Monastery,2981,4
1548,Meghma Monastery,2982,5
1553,Melauli Park,2983,5
1554,Mero Canvas,2984,5
1554,Mero Canvas,2985,5
1554,Mero Canvas,2986,5
1554,Mero Canvas,2987,5
1554,Mero Canvas,2988,5
1554,Mero Canvas,2989,5
1554,Mero Canvas,2990,5
1554,Mero Canvas,2991,5
1555,Methur Chaudhary Park,2992,4
1559,Miku Nepal,2993,4
1559,Miku Nepal,442,3
1559,Miku Nepal,2994,5
1559,Miku Nepal,2995,4
1559,Miku Nepal,2996,5
1559,Miku Nepal,2997,5
1559,Miku Nepal,2998,4
1559,Miku Nepal,1556,4
1561,Muktinath Temple,2071,5
1561,Muktinath Temple,3633,5
1561,Muktinath Temple,3738,5
1561,Muktinath Temple,3739,5
1561,Muktinath Temple,1220,5
1561,Muktinath Temple,3740,5
1561,Muktinath Temple,751,5
1561,Muktinath Temple,3741,5
1561,Muktinath Temple,2071,5
1561,Muktinath Temple,3633,5
1561,Muktinath Temple,4702,5
1561,Muktinath Temple,4703,3
1566,Naagdaha Ichchhakamana,948,4
1566,Naagdaha Ichchhakamana,3003,1
1566,Naagdaha Ichchhakamana,3004,5
1567,Nag Daha,3005,4
1567,Nag Daha,3006,4
1567,Nag Daha,2800,4
1567,Nag Daha,3007,3
1567,Nag Daha,3008,5
1567,Nag Daha,1450,2
1567,Nag Daha,3009,5
1567,Nag Daha,3010,4
1569,Narayanchaur Park Naxal,3019,4
1569,Narayanchaur Park Naxal,3020,3
1569,Narayanchaur Park Naxal,1239,4
1569,Narayanchaur Park Naxal,3021,5
1569,Narayanchaur Park Naxal,3022,5
1569,Narayanchaur Park Naxal,3023,5
1569,Narayanchaur Park Naxal,3024,5
1569,Narayanchaur Park Naxal,2384,3
1570,New Baneshwor Park,187,4
1570,New Baneshwor Park,2900,4
1570,New Baneshwor Park,3033,5
1571,Nigoo Pukhu (Dui Pokhari),3034,5
1571,Nigoo Pukhu (Dui Pokhari),3035,5
1571,Nigoo Pukhu (Dui Pokhari),7,4
1571,Nigoo Pukhu (Dui Pokhari),3036,5
1571,Nigoo Pukhu (Dui Pokhari),3037,4
1571,Nigoo Pukhu (Dui Pokhari),3038,4
1571,Nigoo Pukhu (Dui Pokhari),2280,4
1571,Nigoo Pukhu (Dui Pokhari),3039,5
1572,Nil Barahi Temple,3040,2
1572,Nil Barahi Temple,448,4
1572,Nil Barahi Temple,3041,5
1572,Nil Barahi Temple,3042,5
1572,Nil Barahi Temple,3043,5
1572,Nil Barahi Temple,3044,4
1572,Nil Barahi Temple,3045,4
1572,Nil Barahi Temple,3046,5
1573,Nil Saraswati Mandir,1094,5
1573,Nil Saraswati Mandir,45,4
1573,Nil Saraswati Mandir,875,5
1573,Nil Saraswati Mandir,3029,4
1573,Nil Saraswati Mandir,3030,5
1573,Nil Saraswati Mandir,2516,5
1573,Nil Saraswati Mandir,3031,5
1573,Nil Saraswati Mandir,3032,5
1574,Nuwakot Durbar Square,3047,5
1574,Nuwakot Durbar Square,3048,5
1574,Nuwakot Durbar Square,3049,3
1574,Nuwakot Durbar Square,1452,4
1574,Nuwakot Durbar Square,476,5
1574,Nuwakot Durbar Square,3050,4
1574,Nuwakot Durbar Square,3051,5
1574,Nuwakot Durbar Square,3052,5
1575,Nuwakot Palace,3053,4
1575,Nuwakot Palace,3054,4
1575,Nuwakot Palace,2800,4
1575,Nuwakot Palace,3055,4
1575,Nuwakot Palace,531,4
1575,Nuwakot Palace,3056,5
1575,Nuwakot Palace,2993,4
1575,Nuwakot Palace,3057,3
1576,Nyatapola Temple,3773,5
1576,Nyatapola Temple,3774,5
1576,Nyatapola Temple,3775,5
1576,Nyatapola Temple,3609,5
1576,Nyatapola Temple,3776,5
1576,Nyatapola Temple,3777,5
1576,Nyatapola Temple,3778,5
1576,Nyatapola Temple,3779,5
1577,OOPS! NEPAL - First FEC Funpark in Nepal,3065,5
1577,OOPS! NEPAL - First FEC Funpark in Nepal,3066,1
1577,OOPS! NEPAL - First FEC Funpark in Nepal,3067,3
1577,OOPS! NEPAL - First FEC Funpark in Nepal,3068,5
1577,OOPS! NEPAL - First FEC Funpark in Nepal,3069,5
1577,OOPS! NEPAL - First FEC Funpark in Nepal,3070,4
1577,OOPS! NEPAL - First FEC Funpark in Nepal,3071,3
1577,OOPS! NEPAL - First FEC Funpark in Nepal,3072,5
1578,Okhaldhunga Historical Museum,3058,5
1578,Okhaldhunga Historical Museum,788,5
1578,Okhaldhunga Historical Museum,3059,5
1578,Okhaldhunga Historical Museum,3060,5
1581,Old Royal Palace,3061,1
1581,Old Royal Palace,3062,4
1581,Old Royal Palace,3063,2
1581,Old Royal Palace,3709,4
1581,Old Royal Palace,3710,5
1581,Old Royal Palace,3711,3
1581,Old Royal Palace,3712,1
1581,Old Royal Palace,3713,1
1581,Old Royal Palace,3061,1
1581,Old Royal Palace,3063,2
1581,Old Royal Palace,3710,5
1586,One Tree Hill Valley Viewpoint Sindhuli,3064,5
1587,Osho Shree Krishna Ashram,3073,4
1587,Osho Shree Krishna Ashram,3074,3
1587,Osho Shree Krishna Ashram,3075,5
1587,Osho Shree Krishna Ashram,1919,5
1587,Osho Shree Krishna Ashram,3076,3
1587,Osho Shree Krishna Ashram,3077,5
1587,Osho Shree Krishna Ashram,3078,5
1587,Osho Shree Krishna Ashram,3079,4
1588,Oskar Chowk 'Yalambar Park',3080,5
1588,Oskar Chowk 'Yalambar Park',3081,5
1589,Our Lady Of Assumption Church,3082,5
1589,Our Lady Of Assumption Church,3083,5
1589,Our Lady Of Assumption Church,3084,5
1589,Our Lady Of Assumption Church,3085,5
1589,Our Lady Of Assumption Church,3086,5
1589,Our Lady Of Assumption Church,3087,5
1589,Our Lady Of Assumption Church,3088,4
1589,Our Lady Of Assumption Church,3089,4
1590,Panauti Community Picnic Spot,3139,5
1590,Panauti Community Picnic Spot,3140,5
1593,Petbharwa Math Rautahat Nepal,2747,5
1594,PIA Park Lele,381,5
1594,PIA Park Lele,3718,2
1594,PIA Park Lele,3719,3
1594,PIA Park Lele,3720,5
1594,PIA Park Lele,235,4
1594,PIA Park Lele,3721,4
1594,PIA Park Lele,428,4
1594,PIA Park Lele,3722,5
1594,PIA Park Lele,381,5
1594,PIA Park Lele,3718,2
1594,PIA Park Lele,3719,3
1594,PIA Park Lele,3720,5
1594,PIA Park Lele,235,4
1594,PIA Park Lele,3721,4
1594,PIA Park Lele,428,4
1594,PIA Park Lele,3722,5
1595,Praken Gompa,3271,5
1595,Praken Gompa,3272,5
1595,Praken Gompa,3273,5
1595,Praken Gompa,3274,5
1595,Praken Gompa,3275,5
1595,Praken Gompa,3276,5
1595,Praken Gompa,3277,5
1595,Praken Gompa,3278,5
1596,Pachabhaiya Zoological Park/Wildlife Rescue Center,3090,5
1598,Pachali Bhairab Mandir,720,5
1598,Pachali Bhairab Mandir,2149,5
1598,Pachali Bhairab Mandir,3492,5
1598,Pachali Bhairab Mandir,3493,5
1598,Pachali Bhairab Mandir,2860,5
1598,Pachali Bhairab Mandir,3494,3
1598,Pachali Bhairab Mandir,45,4
1598,Pachali Bhairab Mandir,3495,4
1600,Pachvaiya Zoo And Wild Conservation Area,3091,2
1600,Pachvaiya Zoo And Wild Conservation Area,3092,2
1600,Pachvaiya Zoo And Wild Conservation Area,3093,5
1600,Pachvaiya Zoo And Wild Conservation Area,3094,5
1602,Padampur Park (Bhimwali Park),3095,4
1602,Padampur Park (Bhimwali Park),3096,5
1602,Padampur Park (Bhimwali Park),3097,5
1602,Padampur Park (Bhimwali Park),3098,5
1602,Padampur Park (Bhimwali Park),3099,4
1602,Padampur Park (Bhimwali Park),2063,5
1602,Padampur Park (Bhimwali Park),3100,5
1602,Padampur Park (Bhimwali Park),3101,5
1604,Padhere Dada Mosque,3102,1
1605,Padma Sundar Lawoti Park,3103,3
1605,Padma Sundar Lawoti Park,3104,5
1605,Padma Sundar Lawoti Park,3105,5
1605,Padma Sundar Lawoti Park,1110,3
1605,Padma Sundar Lawoti Park,3106,5
1605,Padma Sundar Lawoti Park,3107,4
1605,Padma Sundar Lawoti Park,3108,5
1605,Padma Sundar Lawoti Park,3109,5
1610,Pakhribas Picnic Spot,3110,4
1610,Pakhribas Picnic Spot,913,5
1610,Pakhribas Picnic Spot,3111,5
1610,Pakhribas Picnic Spot,3112,4
1610,Pakhribas Picnic Spot,3113,3
1610,Pakhribas Picnic Spot,3114,4
1610,Pakhribas Picnic Spot,3115,5
1610,Pakhribas Picnic Spot,3116,5
1611,Pakucha Hiking Trail,3117,4
1612,Pakuwa Khola Trekking Route,1766,5
1612,Pakuwa Khola Trekking Route,3118,5
1612,Pakuwa Khola Trekking Route,3119,5
1612,Pakuwa Khola Trekking Route,3120,5
1613,Palanchowk Bhagwati Tower Picnic Spot,3121,5
1613,Palanchowk Bhagwati Tower Picnic Spot,3122,5
1613,Palanchowk Bhagwati Tower Picnic Spot,3123,5
1613,Palanchowk Bhagwati Tower Picnic Spot,3124,4
1613,Palanchowk Bhagwati Tower Picnic Spot,3125,5
1613,Palanchowk Bhagwati Tower Picnic Spot,3126,5
1613,Palanchowk Bhagwati Tower Picnic Spot,3127,5
1613,Palanchowk Bhagwati Tower Picnic Spot,3128,3
1614,Palpa Durbar & Museum,750,5
1614,Palpa Durbar & Museum,1628,5
1614,Palpa Durbar & Museum,3129,5
1614,Palpa Durbar & Museum,3130,5
1614,Palpa Durbar & Museum,3131,5
1614,Palpa Durbar & Museum,3132,4
1614,Palpa Durbar & Museum,3133,4
1614,Palpa Durbar & Museum,3134,3
1617,Palpasa Art Gallery,3135,4
1617,Palpasa Art Gallery,3136,1
1617,Palpasa Art Gallery,3137,5
1618,Palung Gadhi,3138,5
1621,Panauti Durbar Square,381,5
1621,Panauti Durbar Square,3141,5
1621,Panauti Durbar Square,220,4
1625,Pancha Batika,3142,5
1625,Pancha Batika,3143,3
1625,Pancha Batika,3144,5
1625,Pancha Batika,3145,5
1625,Pancha Batika,3146,5
1625,Pancha Batika,3147,5
1625,Pancha Batika,3148,4
1625,Pancha Batika,3149,3
1626,Panchadeval Picnic Spot,3150,5
1626,Panchadeval Picnic Spot,80,3
1626,Panchadeval Picnic Spot,3151,4
1626,Panchadeval Picnic Spot,3152,4
1626,Panchadeval Picnic Spot,3153,4
1626,Panchadeval Picnic Spot,3154,5
1626,Panchadeval Picnic Spot,3155,4
1626,Panchadeval Picnic Spot,3156,4
1627,"Panchadhura Temple,Bardibas",3157,3
1627,"Panchadhura Temple,Bardibas",2897,5
1627,"Panchadhura Temple,Bardibas",3158,3
1627,"Panchadhura Temple,Bardibas",3159,5
1627,"Panchadhura Temple,Bardibas",3160,5
1627,"Panchadhura Temple,Bardibas",3161,4
1627,"Panchadhura Temple,Bardibas",3162,5
1627,"Panchadhura Temple,Bardibas",2777,4
1628,Panchakanya Mai Temple,3163,5
1630,Panchpokhari Stupa (MANI Stupa),1452,3
1631,Pandav Gufa Fields,3164,5
1631,Pandav Gufa Fields,3165,1
1631,Pandav Gufa Fields,3166,5
1631,Pandav Gufa Fields,3167,5
1633,Pangboche Monastery,9,5
1633,Pangboche Monastery,10,5
1633,Pangboche Monastery,11,4
1633,Pangboche Monastery,12,5
1633,Pangboche Monastery,13,5
1633,Pangboche Monastery,14,5
1633,Pangboche Monastery,15,5
1633,Pangboche Monastery,16,5
1634,"Pangsang Vanjyang, Ruby Valley",3168,5
1634,"Pangsang Vanjyang, Ruby Valley",3169,3
1634,"Pangsang Vanjyang, Ruby Valley",3170,5
1634,"Pangsang Vanjyang, Ruby Valley",3171,5
1634,"Pangsang Vanjyang, Ruby Valley",3172,5
1636,Panpiyahh Park,3173,5
1636,Panpiyahh Park,3174,4
1637,Papechung Dada,3175,5
1638,Parasi Clock Tower,3176,5
1638,Parasi Clock Tower,3177,5
1638,Parasi Clock Tower,3178,3
1638,Parasi Clock Tower,3179,4
1638,Parasi Clock Tower,3180,5
1638,Parasi Clock Tower,3181,4
1638,Parasi Clock Tower,3182,5
1638,Parasi Clock Tower,3183,4
1639,Parbat Beni,3184,5
1639,Parbat Beni,3185,4
1639,Parbat Beni,3186,5
1639,Parbat Beni,3187,5
1639,Parbat Beni,3188,5
1641,Paroha Lakeview Picnic Spot,3189,5
1641,Paroha Lakeview Picnic Spot,3190,5
1643,Parsa Gadhi Temple,3191,5
1643,Parsa Gadhi Temple,3192,4
1643,Parsa Gadhi Temple,3193,5
1643,Parsa Gadhi Temple,3194,5
1643,Parsa Gadhi Temple,3195,5
1643,Parsa Gadhi Temple,3196,5
1643,Parsa Gadhi Temple,3197,1
1643,Parsa Gadhi Temple,1116,5
1646,Patan Dhoka Chautara,908,5
1646,Patan Dhoka Chautara,3114,4
1648,Patan Museum,3204,5
1648,Patan Museum,3205,5
1648,Patan Museum,3206,5
1648,Patan Museum,3714,5
1648,Patan Museum,3715,5
1648,Patan Museum,2137,5
1648,Patan Museum,3716,5
1648,Patan Museum,3717,5
1648,Patan Museum,3715,5
1651,Pathibhara Art Gallery,3207,5
1651,Pathibhara Art Gallery,3208,3
1651,Pathibhara Art Gallery,3209,4
1651,Pathibhara Art Gallery,3210,1
1652,Pathlaiya Park,3211,5
1652,Pathlaiya Park,3212,5
1652,Pathlaiya Park,272,2
1652,Pathlaiya Park,3213,3
1652,Pathlaiya Park,3214,3
1652,Pathlaiya Park,3215,5
1652,Pathlaiya Park,2903,5
1652,Pathlaiya Park,3216,5
1654,Petare Daha,3217,5
1657,Phedap Manggena Yak,3218,5
1657,Phedap Manggena Yak,3219,4
1658,Phedii,3220,3
1658,Phedii,3221,2
1658,Phedii,3222,5
1658,Phedii,3223,5
1659,Phewa Lake,3224,5
1659,Phewa Lake,1292,4
1659,Phewa Lake,3225,4
1659,Phewa Lake,3226,5
1659,Phewa Lake,210,5
1659,Phewa Lake,3227,5
1659,Phewa Lake,3228,5
1659,Phewa Lake,3229,5
1660,Phidim Bazar,3230,4
1660,Phidim Bazar,3231,3
1660,Phidim Bazar,3232,5
1660,Phidim Bazar,678,4
1660,Phidim Bazar,3233,5
1660,Phidim Bazar,3234,4
1660,Phidim Bazar,668,5
1660,Phidim Bazar,3235,5
1661,Phulchowki,3236,4
1661,Phulchowki,3237,4
1661,Phulchowki,1940,5
1661,Phulchowki,76,4
1661,Phulchowki,3238,5
1661,Phulchowki,3239,4
1661,Phulchowki,3240,5
1661,Phulchowki,2417,5
1664,Pigeon Hill Resort,487,1
1664,Pigeon Hill Resort,3241,1
1664,Pigeon Hill Resort,3242,2
1664,Pigeon Hill Resort,3243,5
1664,Pigeon Hill Resort,3244,4
1664,Pigeon Hill Resort,3245,4
1664,Pigeon Hill Resort,2115,3
1664,Pigeon Hill Resort,3246,4
1666,Pikey Base Camp,3247,3
1666,Pikey Base Camp,3248,5
1666,Pikey Base Camp,3249,4
1666,Pikey Base Camp,788,4
1666,Pikey Base Camp,3250,5
1666,Pikey Base Camp,3251,4
1666,Pikey Base Camp,3252,5
1666,Pikey Base Camp,3253,4
1667,Pilot Baba Ashram,3254,5
1667,Pilot Baba Ashram,545,5
1667,Pilot Baba Ashram,1742,5
1667,Pilot Baba Ashram,667,5
1667,Pilot Baba Ashram,3255,4
1667,Pilot Baba Ashram,1187,4
1667,Pilot Baba Ashram,3256,4
1667,Pilot Baba Ashram,1450,4
1669,Pingal Park,75,3
1669,Pingal Park,3257,5
1669,Pingal Park,251,5
1669,Pingal Park,3236,3
1669,Pingal Park,3258,5
1669,Pingal Park,3259,5
1669,Pingal Park,3260,5
1669,Pingal Park,3261,5
1671,Piple Kalika Mandir,3262,5
1671,Piple Kalika Mandir,3263,5
1679,Poudeldada,3264,5
1679,Poudeldada,3265,5
1679,Poudeldada,3266,5
1679,Poudeldada,3267,5
1681,Pradhan Dada,3268,5
1681,Pradhan Dada,3269,5
1681,Pradhan Dada,3270,4
1682,Pradhan Senapati Badabir Statue,494,4
1684,Prithivi Narayan Shah Statue,76,4
1684,Prithivi Narayan Shah Statue,3279,5
1684,Prithivi Narayan Shah Statue,3280,5
1684,Prithivi Narayan Shah Statue,3281,5
1684,Prithivi Narayan Shah Statue,3282,5
1684,Prithivi Narayan Shah Statue,1102,4
1684,Prithivi Narayan Shah Statue,1968,5
1684,Prithivi Narayan Shah Statue,3283,5
1687,Pumdikot Shiva Statue,3723,5
1687,Pumdikot Shiva Statue,3724,5
1687,Pumdikot Shiva Statue,3725,5
1687,Pumdikot Shiva Statue,3726,5
1687,Pumdikot Shiva Statue,3727,5
1687,Pumdikot Shiva Statue,3728,5
1687,Pumdikot Shiva Statue,3729,5
1687,Pumdikot Shiva Statue,3730,5
1687,Pumdikot Shiva Statue,3725,5
1687,Pumdikot Shiva Statue,3724,5
1687,Pumdikot Shiva Statue,3728,5
1687,Pumdikot Shiva Statue,4679,5
1687,Pumdikot Shiva Statue,749,5
1688,Pun Community Museum,2289,5
1689,Puranche Dolakha,765,5
1691,Purna Museum of Newa Art,3284,5
1691,Purna Museum of Newa Art,3285,5
1691,Purna Museum of Newa Art,3286,5
1692,Purnachandi Mandir,3496,5
1692,Purnachandi Mandir,3010,5
1692,Purnachandi Mandir,253,5
1692,Purnachandi Mandir,76,4
1692,Purnachandi Mandir,3497,5
1692,Purnachandi Mandir,1189,3
1692,Purnachandi Mandir,3498,3
1692,Purnachandi Mandir,309,4
1693,Pushpalal Memorial Park,3287,4
1693,Pushpalal Memorial Park,549,5
1693,Pushpalal Memorial Park,2842,4
1693,Pushpalal Memorial Park,3288,3
1693,Pushpalal Memorial Park,3289,5
1693,Pushpalal Memorial Park,79,5
1693,Pushpalal Memorial Park,3290,5
1693,Pushpalal Memorial Park,3291,5
1695,RICH Museum of Craft and Design,3413,4
1695,RICH Museum of Craft and Design,3414,5
1696,RN Joshi Museum / Park Gallery,3426,4
1696,RN Joshi Museum / Park Gallery,3427,4
1696,RN Joshi Museum / Park Gallery,3428,4
1696,RN Joshi Museum / Park Gallery,3429,4
1696,RN Joshi Museum / Park Gallery,3430,5
1696,RN Joshi Museum / Park Gallery,3431,4
1696,RN Joshi Museum / Park Gallery,3432,4
1696,RN Joshi Museum / Park Gallery,3433,4
1699,Rasa Taal,3292,4
1699,Rasa Taal,1422,3
1699,Rasa Taal,1425,5
1699,Rasa Taal,3293,5
1699,Rasa Taal,3294,5
1699,Rasa Taal,3295,4
1699,Rasa Taal,3296,4
1699,Rasa Taal,3297,4
1700,Raatmaate Chautari,3298,5
1700,Raatmaate Chautari,3298,5
1701,Rabi Stand Gate,1766,5
1701,Rabi Stand Gate,3299,5
1701,Rabi Stand Gate,3300,3
1701,Rabi Stand Gate,3301,5
1701,Rabi Stand Gate,3302,1
1701,Rabi Stand Gate,3303,4
1701,Rabi Stand Gate,3304,5
1701,Rabi Stand Gate,3305,5
1702,Radha Krishna Temple,3306,5
1702,Radha Krishna Temple,3307,3
1702,Radha Krishna Temple,3308,5
1702,Radha Krishna Temple,3309,4
1702,Radha Krishna Temple,3310,5
1702,Radha Krishna Temple,3311,5
1702,Radha Krishna Temple,3312,5
1702,Radha Krishna Temple,3313,5
1708,Rainaskot,3314,5
1708,Rainaskot,3315,5
1708,Rainaskot,3316,5
1709,Rainbow Thanka Gallery,3317,5
1709,Rainbow Thanka Gallery,3318,5
1710,"Rajaji Maharaj Temple,Kanchanrup,Saptari",3319,5
1710,"Rajaji Maharaj Temple,Kanchanrup,Saptari",3320,5
1710,"Rajaji Maharaj Temple,Kanchanrup,Saptari",3321,5
1716,Raktakali Memorial Park,3322,4
1716,Raktakali Memorial Park,3323,5
1721,Ram Sita Vivah Mandap,3499,5
1721,Ram Sita Vivah Mandap,3500,5
1721,Ram Sita Vivah Mandap,3501,5
1721,Ram Sita Vivah Mandap,1100,5
1721,Ram Sita Vivah Mandap,3367,5
1721,Ram Sita Vivah Mandap,3240,5
1721,Ram Sita Vivah Mandap,3502,5
1721,Ram Sita Vivah Mandap,3503,5
1722,Ramagrama Relic Stupa,3324,5
1722,Ramagrama Relic Stupa,3177,5
1722,Ramagrama Relic Stupa,3325,5
1722,Ramagrama Relic Stupa,3326,4
1722,Ramagrama Relic Stupa,3327,5
1722,Ramagrama Relic Stupa,3328,4
1722,Ramagrama Relic Stupa,3329,5
1722,Ramagrama Relic Stupa,3330,5
1724,Ramapithecus Park,3331,5
1724,Ramapithecus Park,3332,4
1724,Ramapithecus Park,3333,4
1724,Ramapithecus Park,3334,5
1724,Ramapithecus Park,3335,5
1724,Ramapithecus Park,3336,5
1724,Ramapithecus Park,3337,5
1724,Ramapithecus Park,2115,3
1725,Ramaroshan Lake,3338,5
1725,Ramaroshan Lake,1163,5
1725,Ramaroshan Lake,3339,5
1725,Ramaroshan Lake,3340,5
1725,Ramaroshan Lake,3341,4
1725,Ramaroshan Lake,3342,5
1725,Ramaroshan Lake,3343,5
1725,Ramaroshan Lake,2718,5
1726,Ramaroshan Patal,3344,5
1726,Ramaroshan Patal,3345,5
1726,Ramaroshan Patal,3346,5
1726,Ramaroshan Patal,3347,5
1726,Ramaroshan Patal,3348,4
1726,Ramaroshan Patal,3349,5
1726,Ramaroshan Patal,104,4
1726,Ramaroshan Patal,3350,5
1727,Rambha Top,3351,4
1728,Ramche Stone Park,3352,4
1728,Ramche Stone Park,3353,4
1728,Ramche Stone Park,3354,5
1728,Ramche Stone Park,3355,5
1728,Ramche Stone Park,1013,5
1728,Ramche Stone Park,3356,5
1735,Rani Mahal,285,5
1735,Rani Mahal,3380,4
1735,Rani Mahal,3381,5
1735,Rani Mahal,3382,5
1735,Rani Mahal,3099,3
1735,Rani Mahal,3130,4
1735,Rani Mahal,1162,4
1735,Rani Mahal,3383,5
1737,Rani Pokhari,2133,5
1737,Rani Pokhari,3357,5
1737,Rani Pokhari,3358,4
1737,Rani Pokhari,2021,5
1737,Rani Pokhari,1977,4
1737,Rani Pokhari,488,5
1737,Rani Pokhari,2149,5
1737,Rani Pokhari,253,5
1739,Raniban Simikot,3359,4
1739,Raniban Simikot,3360,5
1739,Raniban Simikot,3361,5
1739,Raniban Simikot,3362,5
1739,Raniban Simikot,3363,4
1741,Ranigunj Royal Palace,3364,5
1741,Ranigunj Royal Palace,3365,5
1741,Ranigunj Royal Palace,3366,1
1741,Ranigunj Royal Palace,3367,4
1741,Ranigunj Royal Palace,3368,1
1741,Ranigunj Royal Palace,3369,1
1741,Ranigunj Royal Palace,3370,5
1741,Ranigunj Royal Palace,3371,5
1742,Ranipokhari of Bhaktapur,3358,4
1742,Ranipokhari of Bhaktapur,2133,5
1742,Ranipokhari of Bhaktapur,3357,5
1742,Ranipokhari of Bhaktapur,2021,5
1742,Ranipokhari of Bhaktapur,1977,4
1742,Ranipokhari of Bhaktapur,488,5
1742,Ranipokhari of Bhaktapur,2149,5
1742,Ranipokhari of Bhaktapur,253,5
1744,Raniwas Picnic Park,3372,5
1744,Raniwas Picnic Park,3373,5
1744,Raniwas Picnic Park,3374,5
1744,Raniwas Picnic Park,3375,5
1744,Raniwas Picnic Park,3376,5
1744,Raniwas Picnic Park,3377,5
1744,Raniwas Picnic Park,3378,5
1744,Raniwas Picnic Park,3379,5
1746,Rapti River,3384,5
1746,Rapti River,3385,5
1746,Rapti River,3386,5
1746,Rapti River,3387,5
1746,Rapti River,3388,3
1746,Rapti River,3389,3
1746,Rapti River,3390,5
1746,Rapti River,3391,5
1749,Rastriya Majhi Sangrahalaya,3392,4
1751,Ratan Khola Waterfall,2705,5
1751,Ratan Khola Waterfall,3393,5
1757,Republic Memorial,3394,4
1757,Republic Memorial,442,4
1757,Republic Memorial,3395,4
1757,Republic Memorial,480,4
1757,Republic Memorial,3396,5
1757,Republic Memorial,3397,5
1757,Republic Memorial,3398,5
1757,Republic Memorial,3399,5
1758,Resunga Foot Trail,208,5
1758,Resunga Foot Trail,3400,5
1758,Resunga Foot Trail,3401,5
1758,Resunga Foot Trail,3402,5
1758,Resunga Foot Trail,3403,5
1758,Resunga Foot Trail,3404,4
1758,Resunga Foot Trail,3405,5
1758,Resunga Foot Trail,2068,3
1760,Resunga Yagyashala Mandir,208,5
1760,Resunga Yagyashala Mandir,3406,5
1760,Resunga Yagyashala Mandir,916,5
1762,Reva Art Gallery,2149,4
1762,Reva Art Gallery,3407,5
1762,Reva Art Gallery,3408,5
1762,Reva Art Gallery,3409,5
1762,Reva Art Gallery,3410,5
1762,Reva Art Gallery,3411,5
1762,Reva Art Gallery,3412,5
1762,Reva Art Gallery,3006,4
1763,Ridi Bazaar,3415,4
1763,Ridi Bazaar,3416,5
1763,Ridi Bazaar,3417,5
1764,Rincheling Thanka Gallery and Art School,3418,5
1764,Rincheling Thanka Gallery and Art School,3419,5
1764,Rincheling Thanka Gallery and Art School,3420,5
1764,Rincheling Thanka Gallery and Art School,3421,5
1764,Rincheling Thanka Gallery and Art School,3422,5
1764,Rincheling Thanka Gallery and Art School,3423,5
1764,Rincheling Thanka Gallery and Art School,3424,5
1764,Rincheling Thanka Gallery and Art School,3425,5
1767,Rock Garden Rolpa,1369,4
1767,Rock Garden Rolpa,2459,4
1767,Rock Garden Rolpa,3434,4
1767,Rock Garden Rolpa,2315,3
1767,Rock Garden Rolpa,3435,3
1767,Rock Garden Rolpa,3436,5
1767,Rock Garden Rolpa,3437,5
1767,Rock Garden Rolpa,3438,3
1768,Rohini River Dam Site,571,4
1768,Rohini River Dam Site,3439,5
1768,Rohini River Dam Site,3440,4
1772,Roshan Art Gallery,3441,5
1774,Royal Beach Camp,3446,5
1774,Royal Beach Camp,3447,5
1774,Royal Beach Camp,3448,5
1774,Royal Beach Camp,3449,5
1774,Royal Beach Camp,3450,5
1774,Royal Beach Camp,3433,4
1774,Royal Beach Camp,3451,5
1774,Royal Beach Camp,3452,4
1781,Salbari Park,3453,5
1781,Salbari Park,3454,5
1781,Salbari Park,3455,5
1781,Salbari Park,3456,5
1781,Salbari Park,410,4
1781,Salbari Park,3457,4
1781,Salbari Park,3458,5
1781,Salbari Park,1619,5
1782,SanoGadi Picnic Spot,586,4
1782,SanoGadi Picnic Spot,2842,5
1782,SanoGadi Picnic Spot,3459,5
1782,SanoGadi Picnic Spot,3460,3
1782,SanoGadi Picnic Spot,3461,3
1782,SanoGadi Picnic Spot,3462,4
1782,SanoGadi Picnic Spot,3463,5
1782,SanoGadi Picnic Spot,3464,5
1786,Sataun Chandi Kalika Temple,3465,5
1786,Sataun Chandi Kalika Temple,3466,4
1786,Sataun Chandi Kalika Temple,3467,5
1786,Sataun Chandi Kalika Temple,3468,5
1786,Sataun Chandi Kalika Temple,3469,5
1786,Sataun Chandi Kalika Temple,2758,5
1786,Sataun Chandi Kalika Temple,3470,5
1786,Sataun Chandi Kalika Temple,3471,5
1787,Sauraha Tharu Village,750,5
1787,Sauraha Tharu Village,3472,5
1787,Sauraha Tharu Village,3473,5
1788,Sawarikot View Point,3474,5
1788,Sawarikot View Point,699,4
1788,Sawarikot View Point,3475,5
1788,Sawarikot View Point,3476,5
1788,Sawarikot View Point,1000,5
1788,Sawarikot View Point,3477,5
1788,Sawarikot View Point,3478,4
1788,Sawarikot View Point,3479,5
1791,Shankha Park,239,5
1791,Shankha Park,1994,4
1791,Shankha Park,75,4
1791,Shankha Park,3480,4
1791,Shankha Park,2766,5
1791,Shankha Park,1977,4
1791,Shankha Park,1405,5
1791,Shankha Park,3481,5
1792,Sindhuli Gadhi War Museum,3509,5
1792,Sindhuli Gadhi War Museum,856,5
1792,Sindhuli Gadhi War Museum,3009,5
1792,Sindhuli Gadhi War Museum,522,4
1792,Sindhuli Gadhi War Museum,3510,5
1792,Sindhuli Gadhi War Museum,3511,5
1792,Sindhuli Gadhi War Museum,1351,4
1792,Sindhuli Gadhi War Museum,3512,4
1794,Sukhani Sahid Statue,3524,3
1794,Sukhani Sahid Statue,3525,3
1794,Sukhani Sahid Statue,3526,5
1794,Sukhani Sahid Statue,3527,5
1794,Sukhani Sahid Statue,3528,5
1794,Sukhani Sahid Statue,3529,4
1794,Sukhani Sahid Statue,3530,4
1794,Sukhani Sahid Statue,3531,5
1795,Sunchhahari Natural Waterfall,3532,5
1795,Sunchhahari Natural Waterfall,3533,4
1795,Sunchhahari Natural Waterfall,3534,5
1795,Sunchhahari Natural Waterfall,3535,5
1798,Sunkoshi River,3536,5
1798,Sunkoshi River,3537,5
1798,Sunkoshi River,3538,5
1798,Sunkoshi River,3539,5
1798,Sunkoshi River,3540,5
1798,Sunkoshi River,3030,5
1798,Sunkoshi River,3541,5
1798,Sunkoshi River,3542,5
1801,Syange Waterfall,3548,4
1801,Syange Waterfall,3549,5
1801,Syange Waterfall,713,5
1801,Syange Waterfall,3550,5
1801,Syange Waterfall,1741,5
1801,Syange Waterfall,3551,3
1801,Syange Waterfall,3552,4
1801,Syange Waterfall,3553,5
1802,Takpa Gallery Lazimpat,3554,5
1802,Takpa Gallery Lazimpat,3555,5
1802,Takpa Gallery Lazimpat,3556,5
1802,Takpa Gallery Lazimpat,3557,5
1802,Takpa Gallery Lazimpat,3558,5
1802,Takpa Gallery Lazimpat,3559,5
1802,Takpa Gallery Lazimpat,3560,5
1802,Takpa Gallery Lazimpat,2141,4
1803,Tal Barahi Temple,3732,5
1803,Tal Barahi Temple,3730,5
1803,Tal Barahi Temple,4737,5
1803,Tal Barahi Temple,4738,5
1803,Tal Barahi Temple,4739,5
1803,Tal Barahi Temple,3675,4
1803,Tal Barahi Temple,3684,5
1803,Tal Barahi Temple,4740,5
1806,Taleju Bell (Tagoun Ghan),391,4
1806,Taleju Bell (Tagoun Ghan),3561,5
1806,Taleju Bell (Tagoun Ghan),3562,4
1806,Taleju Bell (Tagoun Ghan),2256,4
1806,Taleju Bell (Tagoun Ghan),3563,5
1806,Taleju Bell (Tagoun Ghan),82,4
1806,Taleju Bell (Tagoun Ghan),76,5
1806,Taleju Bell (Tagoun Ghan),3564,4
1809,Tansen Bazaar Palpa,3133,5
1809,Tansen Bazaar Palpa,398,5
1809,Tansen Bazaar Palpa,3565,5
1809,Tansen Bazaar Palpa,3566,5
1809,Tansen Bazaar Palpa,3567,5
1809,Tansen Bazaar Palpa,3568,5
1809,Tansen Bazaar Palpa,3569,3
1809,Tansen Bazaar Palpa,421,5
1811,Taplejung Samrakshyan Smriti Park,678,2
1811,Taplejung Samrakshyan Smriti Park,3570,5
1811,Taplejung Samrakshyan Smriti Park,3571,4
1811,Taplejung Samrakshyan Smriti Park,3572,4
1811,Taplejung Samrakshyan Smriti Park,3573,5
1811,Taplejung Samrakshyan Smriti Park,3574,1
1812,Taragaon Next,1042,5
1812,Taragaon Next,3753,4
1812,Taragaon Next,3754,5
1812,Taragaon Next,3718,5
1812,Taragaon Next,761,5
1812,Taragaon Next,1976,4
1812,Taragaon Next,3755,5
1812,Taragaon Next,3756,5
1812,Taragaon Next,1042,5
1814,Tarakeshwor Viewpoint,241,4
1814,Tarakeshwor Viewpoint,1556,4
1814,Tarakeshwor Viewpoint,3575,4
1814,Tarakeshwor Viewpoint,3576,5
1814,Tarakeshwor Viewpoint,3577,5
1814,Tarakeshwor Viewpoint,3578,4
1814,Tarakeshwor Viewpoint,3579,5
1814,Tarakeshwor Viewpoint,3580,5
1815,Tarebhir View Point,3581,3
1815,Tarebhir View Point,3582,5
1815,Tarebhir View Point,3576,4
1815,Tarebhir View Point,3583,5
1815,Tarebhir View Point,3584,4
1815,Tarebhir View Point,3585,2
1815,Tarebhir View Point,3586,5
1815,Tarebhir View Point,3587,5
1818,Statue of King Bhupatindra Malla,950,5
1818,Statue of King Bhupatindra Malla,951,5
1818,Statue of King Bhupatindra Malla,452,5
1818,Statue of King Bhupatindra Malla,3520,5
1818,Statue of King Bhupatindra Malla,2878,5
1818,Statue of King Bhupatindra Malla,3521,5
1818,Statue of King Bhupatindra Malla,3522,5
1818,Statue of King Bhupatindra Malla,3523,5
1820,Todke Jharna,2089,5
1820,Todke Jharna,2766,5
1820,Todke Jharna,3596,3
1820,Todke Jharna,1073,5
1820,Todke Jharna,3597,5
1820,Todke Jharna,3598,5
1820,Todke Jharna,3599,4
1820,Todke Jharna,3600,5
1824,Tusa Hiti,3601,5
1824,Tusa Hiti,3602,5
1824,Tusa Hiti,3603,5
1825,Ugrachandi Statue Bhaktapur Durbar Square,950,5
1825,Ugrachandi Statue Bhaktapur Durbar Square,951,5
1825,Ugrachandi Statue Bhaktapur Durbar Square,452,5
1825,Ugrachandi Statue Bhaktapur Durbar Square,3520,5
1825,Ugrachandi Statue Bhaktapur Durbar Square,2878,5
1825,Ugrachandi Statue Bhaktapur Durbar Square,3521,5
1825,Ugrachandi Statue Bhaktapur Durbar Square,3522,5
1825,Ugrachandi Statue Bhaktapur Durbar Square,3523,5
1826,Ugrachandi Mandir Patan,76,3
1826,Ugrachandi Mandir Patan,442,4
1826,Ugrachandi Mandir Patan,1940,4
1826,Ugrachandi Mandir Patan,3604,5
1827,Uma Maheshwor Temple Kirtipur,3605,5
1827,Uma Maheshwor Temple Kirtipur,488,4
1827,Uma Maheshwor Temple Kirtipur,3606,5
1827,Uma Maheshwor Temple Kirtipur,253,5
1827,Uma Maheshwor Temple Kirtipur,3607,5
1827,Uma Maheshwor Temple Kirtipur,3608,5
1827,Uma Maheshwor Temple Kirtipur,544,5
1827,Uma Maheshwor Temple Kirtipur,3609,5
1828,Uperdangadi Chitwan,3612,5
1828,Uperdangadi Chitwan,3613,5
1828,Uperdangadi Chitwan,3614,1
1828,Uperdangadi Chitwan,3615,4
1828,Uperdangadi Chitwan,3616,4
1828,Uperdangadi Chitwan,3617,4
1828,Uperdangadi Chitwan,3618,5
1828,Uperdangadi Chitwan,1209,5
1833,Baluwakhani (Pashupati Kshetra Vikash Kosh),3198,4
1833,Baluwakhani (Pashupati Kshetra Vikash Kosh),3199,4
1833,Baluwakhani (Pashupati Kshetra Vikash Kosh),3200,1
1833,Baluwakhani (Pashupati Kshetra Vikash Kosh),2842,5
1833,Baluwakhani (Pashupati Kshetra Vikash Kosh),3201,4
1833,Baluwakhani (Pashupati Kshetra Vikash Kosh),3202,4
1833,Baluwakhani (Pashupati Kshetra Vikash Kosh),3203,4
1833,Baluwakhani (Pashupati Kshetra Vikash Kosh),391,4
1835,Barahi Ajima Temple,308,5
1835,Barahi Ajima Temple,309,5
1835,Barahi Ajima Temple,310,5
1835,Barahi Ajima Temple,311,5
1835,Barahi Ajima Temple,312,5
1835,Barahi Ajima Temple,313,3
1835,Barahi Ajima Temple,314,5
1835,Barahi Ajima Temple,315,3
1837,Kailashnath Mahadev Statue,3664,5
1837,Kailashnath Mahadev Statue,1471,5
1837,Kailashnath Mahadev Statue,3665,3
1837,Kailashnath Mahadev Statue,208,4
1837,Kailashnath Mahadev Statue,3084,5
1837,Kailashnath Mahadev Statue,3666,4
1837,Kailashnath Mahadev Statue,3667,5
1837,Kailashnath Mahadev Statue,3668,5
1837,Kailashnath Mahadev Statue,3664,5
1837,Kailashnath Mahadev Statue,1471,5
1837,Kailashnath Mahadev Statue,3665,3
1837,Kailashnath Mahadev Statue,208,4
1837,Kailashnath Mahadev Statue,3084,5
1837,Kailashnath Mahadev Statue,3666,4
1837,Kailashnath Mahadev Statue,3667,5
1837,Kailashnath Mahadev Statue,3668,5
1839,Mountain View Salyan,2999,5
1842,Bindhyabasini Temple,3731,5
1842,Bindhyabasini Temple,3732,4
1842,Bindhyabasini Temple,988,5
1842,Bindhyabasini Temple,3733,5
1842,Bindhyabasini Temple,3734,4
1842,Bindhyabasini Temple,3735,5
1842,Bindhyabasini Temple,3736,5
1842,Bindhyabasini Temple,3737,5
1842,Bindhyabasini Temple,988,5
1842,Bindhyabasini Temple,3733,5
1842,Bindhyabasini Temple,3732,4
1842,Bindhyabasini Temple,3736,5
1842,Bindhyabasini Temple,3735,5
1842,Bindhyabasini Temple,4701,5
1845,Wakupati Narayan Temple,312,5
1845,Wakupati Narayan Temple,253,5
1845,Wakupati Narayan Temple,3044,4
1845,Wakupati Narayan Temple,2136,5
1845,Wakupati Narayan Temple,1903,5
1845,Wakupati Narayan Temple,3619,2
1845,Wakupati Narayan Temple,3620,5
1845,Wakupati Narayan Temple,3032,5
1846,Banbatika Park,284,5
1846,Banbatika Park,285,5
1846,Banbatika Park,286,5
1846,Banbatika Park,287,4
1846,Banbatika Park,288,4
1846,Banbatika Park,289,5
1846,Banbatika Park,290,5
1846,Banbatika Park,291,3
1846,Banbatika Park,286,5
1846,Banbatika Park,291,3
1846,Banbatika Park,3883,4
1847,Banaskhandi Temple,270,5
1847,Banaskhandi Temple,271,5
1847,Banaskhandi Temple,272,4
1847,Banaskhandi Temple,273,5
1847,Banaskhandi Temple,274,4
1847,Banaskhandi Temple,275,5
1847,Banaskhandi Temple,276,5
1847,Banaskhandi Temple,277,4
1852,Yalamber Chowk,17,5
1852,Yalamber Chowk,18,5
1852,Yalamber Chowk,19,4
1852,Yalamber Chowk,20,5
1852,Yalamber Chowk,21,5
1852,Yalamber Chowk,22,2
1852,Yalamber Chowk,23,5
1852,Yalamber Chowk,24,5
1855,UN Park,76,3
1855,UN Park,3610,5
1855,UN Park,3611,5
