id,name,address,latitude,longitude,rating,second_word,types
1514,Garden of Dreams,"P877+MR2, Tridevi Sadak, Kathmandu 44600, Nepal",27.7141261,85.3145041,4.2,Tridevi Sadak,"tourist_attraction, park, point_of_interest, establishment"
,Swayambhu Buddha Park - Ring Road,"Kathmandu 44600, Nepal",27.716145,85.2838866,4.5,Nepal,"park, tourist_attraction, point_of_interest, establishment"
,Narayanhiti Royal Palace,"Narayanhiti Path, Kathmandu 44600, Nepal",27.7148218,85.3180841,4.4,Kathmandu,"museum, point_of_interest, establishment"
,Kathmandu Guide,"Paknajol Marg, Kathmandu 44600, Nepal",27.7172237,85.3090963,4.0,Kathmandu,"tourist_attraction, museum, hindu_temple, travel_agency, place_of_worship, point_of_interest, establishment"
,Ratna Park,"रत्न पार्क पथ, Kathmandu 44600, Nepal",27.7060531,85.3148081,3.9,Kathmandu,"park, tourist_attraction, point_of_interest, establishment"
,छतिकोट दरबार-बाजुरा,"9845+9V3, Bajura 10600, Nepal",29.3558565,81.3096089,3.8,Bajura,"museum, point_of_interest, establishment"
,Nag Pokhari,"MCFM+M8H, Bhaktapur 44800, Nepal",27.6741945,85.4333464,4.1,Bhaktapur,"park, point_of_interest, establishment"
,National Art Museum,"MCCH+W55, Durbar square Durbar Square, Bhaktapur 44800, Nepal",27.6721934,85.4281506,4.2,Durbar square Durbar Square,"tourist_attraction, museum, point_of_interest, establishment"
,मयुर झ्याल,"MCFP+87C, Bhaktapur 44800, Nepal",27.6733036,85.4356439,4.7,Bhaktapur,"museum, point_of_interest, establishment"
,Bhaktapur Art Gallery,"MCCH+W55, Bhaktapur 44800, Nepal",27.6722594,85.4279759,4.6,Bhaktapur,"art_gallery, museum, point_of_interest, establishment"
,Wood Carving Museum,"MCFP+85P, Mako Galli, Bhaktapur 44800, Nepal",27.6733339,85.4353738,4.2,Mako Galli,"museum, point_of_interest, establishment"
,Kamal pokhari,"MCGQ+RHM, Kamal Pokhari Path, Bhaktapur 44800, Nepal",27.6768477,85.4384818,4.3,Kamal Pokhari Path,"park, point_of_interest, establishment"
,Elephant Breeding Center,"Baadreni Road Royal Chitwan NP., Bharatpur 44204, Nepal",27.5819444,84.4630556,4.1,Bharatpur,"tourist_attraction, park, food, point_of_interest, establishment"
,Shey Phoksundo National Park,"Suligad, Dolpa Suligad, 21400, Nepal",29.4532191,82.8013965,4.3,Dolpa Suligad,"tourist_attraction, park, point_of_interest, establishment"
,Gorkha Museum,"Rani Pokhari Maarga, Gorkha 34000, Nepal",27.9987262,84.6244287,4.4,Gorkha,"museum, tourist_attraction, point_of_interest, establishment"
,Gorkha Palace,"2J3H+QGF, Gorkha Bazar 34000, Nepal",28.0044263,84.6288075,4.5,Gorkha,"museum, point_of_interest, establishment"
,Bhaludhunga Religious Tourism Ecological Park,"WWG6+6P7, Ilam 57300, Nepal",26.9255355,87.9117984,4.2,Ilam,"park, point_of_interest, establishment"
,National Museum of Nepal,"Museum Marg, Kathmandu 44600, Nepal",27.7057922,85.2895261,4.3,Kathmandu,"tourist_attraction, museum, point_of_interest, establishment"
,Bhandarkhal Jungle,"P85R+VR4, Pashupati Nath Road, Kathmandu 44621, Nepal",27.7096468,85.3420728,4.2,Pashupati Nath Road,"park, tourist_attraction, point_of_interest, establishment"
,Bhrikuti Mandap Park,"P829+GF6, Pradarshani Marg, Kathmandu 44600, Nepal",27.701292,85.3186434,3.9,Pradarshani Marg,"park, tourist_attraction, point_of_interest, establishment"
,Kathmandu Fun Park,"Pradarshani Marg, Kathmandu 44600, Nepal",27.701377,85.3203981,4.0,Kathmandu,"amusement_park, tourist_attraction, park, point_of_interest, establishment"
,Patan Museum,"M8FG+944, भिन्द्यो क्व - सौग: लँ, Lalitpur 44700, Nepal",27.6733773,85.3253361,4.6,भिन्द्यो क्व - सौग: लँ,"tourist_attraction, museum, point_of_interest, establishment"
,Aqua Freak Nepal,"Bagamati Tripureswor Bridge, Lalitpur 44600, Nepal",27.6904776,85.3094065,4.2,Lalitpur,"aquarium, tourist_attraction, point_of_interest, establishment"
,Parsa National Park,"Parsa Wildlife Reserve, 44202, Nepal",27.4760099,84.7942091,4.2,44202,"park, point_of_interest, establishment"
,Mallarani pyuthan,"3VPR+6R9, Pyuthan 22300, Nepal",28.0855417,82.8921088,4.3,Pyuthan,"park, point_of_interest, establishment"
,"Puspalal Birth Place, Ramechhap","83J9+6H4, Ramechhap 45400, Nepal",27.3305111,86.068947,4.0,Ramechhap,"park, point_of_interest, establishment"
,Sindhuli Gadhi Small Fort,"7XJ3+3WP, Dhulikhel Sindhuli Bhittamod Rajmarg, Bhadrakali 45900, Nepal",27.2802152,85.9548275,4.4,Dhulikhel Sindhuli Bhittamod Rajmarg,"tourist_attraction, museum, point_of_interest, establishment"
,Hem Narayan Park,"M666+FV6, Siraha 56500, Nepal",26.6611672,86.2121261,4.2,Siraha,"park, point_of_interest, establishment"
,Kalika Bhagwati Community Forest,"7J47+892, Bhagawati Path, Baglung 33300, Nepal",28.2557602,83.6133779,4.0,Bhagawati Path,"park, point_of_interest, establishment"
,Taksar Bazar टक्सार बजार,"Bhojpur Sadak, Bhojpur 57000, Nepal",27.1573375,87.0509521,4.2,Bhojpur,"museum, point_of_interest, establishment"
,Sindhuligadi Memorial Park,"7XJ4+2GQ, Dhulikhel Sindhuli Bhittamod Rajmarg, Jalkanya 45900, Nepal",27.2800772,85.9563604,4.4,Dhulikhel Sindhuli Bhittamod Rajmarg,"park, point_of_interest, establishment"
,Birendra Aishwarya Park,"7J72+XF7, Baglung 33300, Nepal",28.2649155,83.60118,4.8,Baglung,"park, point_of_interest, establishment"
,"Baglung Municipality-2, Purano Bus park, Yashora Park","7J72+WJF, Baglung 33300, Nepal",28.2648102,83.601561,2.0,Baglung,"park, point_of_interest, establishment"
,Rudra lake Baglung Nepal,"7HGJ+XJH, Baglung 33300, Nepal",28.2774326,83.581615,5.0,Baglung,"park, point_of_interest, establishment"
,१००००० लिटरको पानी टंकी,"7HWP+MH5, फेदी, Baglung, Nepal",28.2966493,83.586496,5.0,फेदी,"park, point_of_interest, establishment"
,Rudraman Gurung Memorial Park(रुद्रमान गुरुङ स्मृतिपार्क,"Baglung-10, Bhakunde, Nepal",28.2774326,83.581615,5.0,Bhakunde,"park, point_of_interest, establishment"
,Farmers Father DevDhawal Park,"7J47+R2, Baglung 33300, Nepal",28.2570579,83.6125858,5.0,Baglung,"park, point_of_interest, establishment"
,सल्लेनी पाखा सामुदायिक बन,"8H2H+8R5, Unnamed Road, Baglung 33300, Nepal",28.3007654,83.5796088,5.0,Unnamed Road,"park, point_of_interest, establishment"
,Bhimpokhara,"7GQH+XXX, Baglung 33300, Nepal",28.29,83.53,4.7,Baglung,"park, point_of_interest, establishment"
,Sansaarkot संसारकोट तितौरे,"7HW2+48H titaure sansar kot, Baglung 33300, Nepal",28.2953026,83.5508645,4.7,Baglung,"park, point_of_interest, establishment"
,मंगलेको डाँडा,"7HHH+9R8, Baglung 33300, Nepal",28.2784187,83.5795731,5.0,Baglung,"park, point_of_interest, establishment"
,UK KRISHI TATHA PASHUPANCHI FARM,"7JH2+GRX, Baglung 33300, Nepal",28.2788634,83.6021242,5.0,Baglung,"park, point_of_interest, establishment"
,Sahid Smriti Park DHAULAGIRI BAGLUNG,"7J64+GFF, Baglung 33300, Nepal",28.2613157,83.6061683,0.0,Baglung,"park, point_of_interest, establishment"
,B.P. Smriti Park,"Yog Nath Kandel's Home, Baglung 33300, Nepal",28.2666073,83.6060378,0.0,Baglung,"park, point_of_interest, establishment"
,Kripa,"7H8X+2J2, Baglung 33300, Nepal",28.2648024,83.5985629,0.0,Baglung,"park, point_of_interest, establishment"
,Hariyali park,"7J92+PWV, Baglung 33300, Nepal",28.269357,83.6022898,0.0,Baglung,"park, point_of_interest, establishment"
,Birendra Aishworya Park,"7JG2+535, Baglung 33300, Nepal",28.2753953,83.6002499,0.0,Baglung,"park, point_of_interest, establishment"
,Ismriti prak,"7J84+GC7, Baglung 33300, Nepal",28.2662807,83.6060455,0.0,Baglung,"park, point_of_interest, establishment"
,"Mannaya, Dhimi","7H95+6GQ, Baglung 33300, Nepal",28.2680787,83.5588605,0.0,Baglung,"park, point_of_interest, establishment"
,Aashish thapa,"7HGJ+XJH, Baglung 33300, Nepal",28.2774326,83.581615,0.0,Baglung,"park, point_of_interest, establishment"
,Sansaarkot संसारकोट,"बा न पा ७, तितौरे, Baglung, Nepal",28.2774326,83.581615,0.0,तितौरे,"park, point_of_interest, establishment"
,Maire khola jharana (Waterfall),"972C+HWR, Bajura 10600, Nepal",29.3514949,81.2722595,5.0,Bajura,"park, point_of_interest, establishment"
,Banke National Park,"Banke National Park, 21900, Nepal",28.1758206,81.8879884,,21900,"premise, park, point_of_interest, establishment"
,Sahid Smriti Udyan,"MCFF+CXP, Unnamed Road, Bhaktapur 44800, Nepal",27.6735852,85.4249554,4.2,Unnamed Road,"park, point_of_interest, establishment"
,Inacho ईनाचो,"MCCM+XJV, Bhaktapur 44800, Nepal",27.6724809,85.4340592,4.2,Bhaktapur,"park, point_of_interest, establishment"
,गणेश चौतारी Ganesh Choutari,"MCF4+F48, Unnamed Road, Bhaktapur 44800, Nepal",27.6736737,85.4054584,4.7,Unnamed Road,"park, point_of_interest, establishment"
,Bhoula pukhu,"MCFJ+WMG Bholachhen Pond, Bhaktapur 44800, Nepal",27.6748115,85.4317032,5.0,Bhaktapur,"park, point_of_interest, establishment"
,"Kamal Binayak, Bhaktapur","MCGQ+P3X Pokhari, Kamalbinayak, Bhaktapur 44800, Nepal",27.6768477,85.4384818,4.8,Kamalbinayak,"park, point_of_interest, establishment"
,Jhaukhel pipal boat झाैखेल पिपल बाेट,"MCPJ+Q2W, Bhaktapur 44800, Nepal",27.6869946,85.4301197,4.7,Bhaktapur,"park, point_of_interest, establishment"
,Jagat Sundar Statue,"MCCG+XRG, Bhaktapur 44800, Nepal",27.6724393,85.4270837,5.0,Bhaktapur,"park, point_of_interest, establishment"
,Dugure Ground,"MCFR+X48, Bhaktapur 44800, Nepal",27.6749088,85.4403228,0.0,Bhaktapur,"park, point_of_interest, establishment"
,Single Bar,"MCGJ+MHM, Bhaktapur 44800, Nepal",27.6767052,85.4314316,0.0,Bhaktapur,"park, point_of_interest, establishment"
,Temple park,"MCF4+RVW, Bhaktapur 44800, Nepal",27.6745439,85.4074859,0.0,Bhaktapur,"park, point_of_interest, establishment"
,Pipalbot,"MCC8+JP7, Nagarkot Road, Bhaktapur 44800, Nepal",27.6715355,85.4167828,0.0,Nagarkot Road,"park, point_of_interest, establishment"
,Shahid udyan,"MCCH+CW4 Smriti Nagar, Bhaktapur 44800, Nepal",27.6710221,85.4298197,0.0,Bhaktapur,"park, point_of_interest, establishment"
,Changu Narayan,"MCFG+WX2, Bhaktapur 44800, Nepal",27.674766,85.4273979,5.0,Bhaktapur,"park, point_of_interest, establishment"
,फुलबारी,"MCCV+4MP, Bhaktapur 44800, Nepal",27.6703326,85.4441932,0.0,Bhaktapur,"park, point_of_interest, establishment"
,Gamcha Pipal Bot,"M94R+WM4, Thimi-Biruwa Rd, Bhaktapur, Nepal",27.6572562,85.3917093,4.0,Thimi-Biruwa Rd,"park, point_of_interest, establishment"
,sallaghari,"MCF6+P94, Nagarkot Rd, Bhaktapur 44800, Nepal",27.6739946,85.4113633,0.0,Nagarkot Rd,"park, point_of_interest, establishment"
,Suchana tole,"Bhaktapur 32701, Nepal",27.6634375,85.3781875,5.0,Nepal,"park, point_of_interest, establishment"
,Baniya Danda Naya Basti,"Bhaktapur, Nepal",27.6843543,85.4622264,5.0,Nepal,"park, point_of_interest, establishment"
,Rabin homes,"MCFG+QWP, Bhaktapur 44800, Nepal",27.6744697,85.4273127,0.0,Bhaktapur,"park, point_of_interest, establishment"
,"Itapako, taralan chok","MCG7+77J, Nagarkot Rd, Bhaktapur 44800, Nepal",27.6757188,85.4131511,0.0,Nagarkot Rd,"park, point_of_interest, establishment"
,tenge,"MCFG+WX2, Bhaktapur 44800, Nepal",27.674766,85.4273979,0.0,Bhaktapur,"park, point_of_interest, establishment"
,Bagmara,"MCCH+CW4, Bhaktapur 44800, Nepal",27.6710221,85.4298197,0.0,Bhaktapur,"park, point_of_interest, establishment"
,जरायोटार,"53H2+5XV, Bhojpur 57000, Nepal",27.1779842,87.0524338,0.0,Bhojpur,"park, point_of_interest, establishment"
,Mahendra park,"5352+2F2, Bhojpur Sadak, Bhojpur 57000, Nepal",27.1575046,87.0511301,5.0,Bhojpur Sadak,"park, point_of_interest, establishment"
,Sahid Memorial Park,"529X+JR3, Bhojpur 57000, Nepal",27.1690194,87.049539,4.0,Bhojpur,"park, point_of_interest, establishment"
,Tharpu Dada,"52QH+7MQ, Bhojpur 57000, Nepal",27.188537,87.030407,0.0,Bhojpur,"park, point_of_interest, establishment"
,Dhap kharka,"52XX+GFR, Bhojpur 57000, Nepal",27.1988617,87.0486487,0.0,Bhojpur,"park, point_of_interest, establishment"
,Magar Bari,"52PG+V8P, Bhojpur 57000, Nepal",27.1872118,87.0258364,0.0,Bhojpur,"park, point_of_interest, establishment"
,School Dada Park,"52QW+49, Bhojpur 57000, Nepal",27.187781,87.045901,0.0,Bhojpur,"park, point_of_interest, establishment"
,Bar Danda,"52PF+9PR, Bhojpur 57000, Nepal",27.1859926,87.024262,0.0,Bhojpur,"park, point_of_interest, establishment"
,Dawan चौक,"6226+XV7, Bhojpur 57000, Nepal",27.2024621,87.0122539,0.0,Bhojpur,"park, point_of_interest, establishment"
,Ramailo Dada (Aakash Memorial),"52RH+678, Bhojpur 57000, Nepal",27.1905262,87.0281944,0.0,Bhojpur,"park, point_of_interest, establishment"
,Pipal Bot,"52QG+8XX, Bhojpur 57000, Nepal",27.1883599,87.0273852,0.0,Bhojpur,"park, point_of_interest, establishment"
,Balaute बलौटे बजार,"6262+2XF, Balaute Bazar Dawan, Bhojpur 57000, Nepal",27.2099918,87.0025084,0.0,Balaute Bazar Dawan,"park, point_of_interest, establishment"
,Piple Dada,"52J7+MWW, Bhojpur 57000, Nepal",27.1817266,87.0148388,0.0,Bhojpur,"park, point_of_interest, establishment"
,Halhale,"3WQQ+4JM, Bhojpur 57000, Nepal",27.0878267,86.9390365,0.0,Bhojpur,"park, point_of_interest, establishment"
,Bantawa Niwas,"52PG+XH9, Bhojpur 57000, Nepal",27.1874575,87.0264966,0.0,Bhojpur,"park, point_of_interest, establishment"
,Khamare Dobato,"52QF+7WQ, Bhojpur 57000, Nepal",27.1882067,87.024852,0.0,Bhojpur,"park, point_of_interest, establishment"
,Chhimalung,"54R2+8W5, Bhojpur 57000, Nepal",27.1907718,87.1023746,0.0,Bhojpur,"park, point_of_interest, establishment"
,Spring water source,"53H2+5XV, Bhojpur 57000, Nepal",27.1779842,87.0524338,0.0,Bhojpur,"park, point_of_interest, establishment"
,Balaute Bhanjyang,"8XV2+8F5, Bhojpur 57000, Nepal",27.3432608,86.9512359,5.0,Bhojpur,"park, point_of_interest, establishment"
,Mundum Trail,"7XC2+83J, Bhojpur 57000, Nepal",27.270833,86.9501513,5.0,Bhojpur,"park, point_of_interest, establishment"
,Wild Adventure Resort,"Badrehani 8, Sauraha, Chitwan 44202, Nepal",27.5779533,84.4747772,4.4,Sauraha,"lodging, park, restaurant, food, point_of_interest, establishment"
,Sarang Wildlife Sanctuary,"27, Meghauli, Chitwan 44210, Nepal",27.5761575,84.2144993,4.2,Meghauli,"zoo, lodging, restaurant, park, food, point_of_interest, establishment"
,Dhanushadham Protected Forest,"R3V2+X5F, Dhanusadham 45600, Nepal",26.8449378,86.0504111,4.2,Dhanusadham,"park, point_of_interest, establishment"
,Dhanushadham Botanical Garden,"Dhanusha dham.3, Dhanusadham 45600, Nepal",26.8703606,86.0445641,4.3,Dhanusadham,"park, point_of_interest, establishment"
,Tinkune Park Dharapani,"W24R+5JC, Dhanusadham 45600, Nepal",26.9054473,86.0415017,5.0,Dhanusadham,"park, point_of_interest, establishment"
,"Jugeshwarpur, Tree Place","R24P+27F, Dhanusadham 45600, Nepal",26.805053,86.0356809,3.7,Dhanusadham,"park, point_of_interest, establishment"
,Jehovah Intersection,"W323+PG3, Dhanusadham 45600, Nepal",26.9017515,86.0537983,5.0,Dhanusadham,"park, point_of_interest, establishment"
,डाँडा टोल चोक धनुषा,"W24J+5PQ, Dhanusadham 45600, Nepal",26.9062857,86.032086,0.0,Dhanusadham,"park, point_of_interest, establishment"
,Dolpo Buddha Hotel,"45GP+Q7H, Dolpa, Dho 1, Nepal",29.1269276,83.18574,0.0,Dolpa,"campground, park, lodging, point_of_interest, establishment"
,The Gurkhaz Rock Garden & Stone Park (Love Park),"Gorkha 34000, Nepal",27.9969906,84.630357,5.0,Nepal,"park, point_of_interest, establishment"
,Children Park,"2J36+JCJ, Unnamed Road, Gorkha 34000, Nepal",28.0040974,84.6110049,3.9,Unnamed Road,"park, point_of_interest, establishment"
,Gurkhali Stone Park,"Gorkha-6, Gorkha, Nepal",27.9958005,84.6283638,5.0,Gorkha,"park, point_of_interest, establishment"
,Dumsheree Gorkha,"2JHF+4PX, Gorkha 34000, Nepal",28.0278656,84.6243656,0.0,Gorkha,"park, point_of_interest, establishment"
,चिया बारी,"WW7C+3X4, Ilam 57300, Nepal",26.9126304,87.9224488,4.2,Ilam,"park, point_of_interest, establishment"
,"Love Danda, Ilam","Ilam Tea Factory, Near, Ilam 57300, Nepal",26.9097744,87.9222912,4.4,Near,"park, point_of_interest, establishment"
,New Zealand Park,"WWFC+WPX, Ilam 57300, Nepal",26.9248629,87.921854,5.0,Ilam,"park, point_of_interest, establishment"
,Workout Park,"WW8F+9HX, Unnamed Road, Ilam 57300, Nepal",26.9159904,87.923978,3.5,Unnamed Road,"park, point_of_interest, establishment"
,B. P. Park,"WW5G+75R, Ilam 57300, Nepal",26.908232,87.9253824,4.9,Ilam,"park, point_of_interest, establishment"
,Statue of Martyr Ratna Kumar Bantawa Rai,"WW5F+94G, Ilam 57300, Nepal",26.9084359,87.9228189,4.1,Ilam,"park, point_of_interest, establishment"
,Sukilumba Park,"VWH4+PP, Ilam 57300, Nepal",26.8793571,87.906842,4.0,Ilam,"park, point_of_interest, establishment"
,Karki Park,"WW8H+VP3, Ranabir Gurung Marg, Ilam 57300, Nepal",26.9171323,87.9293008,3.8,Ranabir Gurung Marg,"park, point_of_interest, establishment"
,Tea garden view hand,"WW5C+XXF, Ilam 57300, Nepal",26.9099323,87.9224316,4.6,Ilam,"park, point_of_interest, establishment"
,"Barhabise masar,ilam","VVGQ+MF, Ilam 57300, Nepal",26.8766875,87.8886875,5.0,Ilam,"park, point_of_interest, establishment"
,Shrastha Park,"WW5G+GW3, Ilam 57300, Nepal",26.9087517,87.9272872,3.0,Ilam,"park, point_of_interest, establishment"
,Bisauni Dhunga,"WW5C+XXF Tea garden view hand, Ilam 57300, Nepal",26.9103204,87.9221493,5.0,Ilam,"park, point_of_interest, establishment"
,Janaki Chock,"WW5H+36C, Ilam 57300, Nepal",26.9081342,87.9276691,0.0,Ilam,"park, point_of_interest, establishment"
,"Nar Bahadur Samarung's Tea garden","Ilam 57300, Nepal",26.9256953,87.857104,5.0,Nepal,"park, point_of_interest, establishment"
,Deurali,"WWC9+3GV, Ilam 57300, Nepal",26.9202464,87.9187975,0.0,Ilam,"park, point_of_interest, establishment"
,"Padam kanta's tea garden 🏡","VV76+PMG, Ilam 57300, Nepal",26.8643133,87.8617117,0.0,Ilam,"park, point_of_interest, establishment"
,Statue of Martyr Bam Prasad Bantawa,"WW5F+GF5, Ilam 57300, Nepal",26.9087678,87.9237453,0.0,Ilam,"park, point_of_interest, establishment"
,Rajbanshi tol,"J37F+337, Himali Chowk Bus Stop, Jhapa, Mechi Hwy, Bhadrapur 57200, Nepal",26.6126567,88.0726716,0.0,Himali Chowk Bus Stop,"park, point_of_interest, establishment"
,देवरीया वनस्पति उध्यान कैलाली,"MJPC+3JW, Kailali, Dhandaghi, Dhangadhi, Nepal",28.685244,80.621591,4.2,Kailali,"park, point_of_interest, establishment"
,सुन्तला बगैचा(घरखेडा)🍊,"Chure 01 Kailali Chure 01, 10900, Nepal",29.0033162,80.6676659,5.0,10900,"park, point_of_interest, establishment"
,"Khadgaun vokunday,kaskikot, Nepal","7VGR+9V5, Khadgakot, Kaskikot, Nepal",28.2758836,83.8922191,4.7,Khadgakot,"park, point_of_interest, establishment"
,Sankhamul Park,"Kathmandu 44600, Nepal",27.6788847,85.3312506,4.1,Nepal,"park, point_of_interest, establishment"
,Tinkune Park,"Ring Rd, Kathmandu 44600, Nepal",27.6853659,85.3488678,3.5,Kathmandu,"park, point_of_interest, establishment"
,Madan Bhandari Smriti Vatika,"Kathmandu 44600, Nepal",27.681429,85.3433998,4.3,Nepal,"park, point_of_interest, establishment"
,BUDDHA PARK Boudhanath,"44600, Kathmandu, Nepal",27.7223837,85.3614813,4.5,Kathmandu,"park, tourist_attraction, point_of_interest, establishment"
,Suryamukhi Park,"Kathmandu 44600, Nepal",27.6905987,85.3670526,4.1,Nepal,"park, point_of_interest, establishment"
,Balaju Park,"P8M2+GFM, Trishuli Hwy, Kathmandu 44600, Nepal",27.7338465,85.3011804,4.1,Trishuli Hwy,"park, amusement_park, tourist_attraction, point_of_interest, establishment"
,Buddha park,"M7RV+326, Kathmandu 44600, Nepal",27.6902968,85.2928922,4.7,Kathmandu,"park, point_of_interest, establishment"
,Shankha Park,"P8MV+93R, Pragati Tole Marg, Kathmandu 44600, Nepal",27.7334797,85.3426304,4.2,Pragati Tole Marg,"park, point_of_interest, establishment"
,New Baneshwor Park,"M8QP+X7M, Kathmandu 44600, Nepal",27.6899742,85.3356834,3.8,Kathmandu,"park, point_of_interest, establishment"
,Kamal Pokhari Park,"P86G+49X, Kamal Pokhari St, Kathmandu 44600, Nepal",27.7103591,85.3259695,4.4,Kamal Pokhari St,"park, point_of_interest, establishment"
,Narayanchaur Park Naxal,"Sama Marga, Kathmandu 44600, Nepal",27.7145886,85.3255148,4.4,Kathmandu,"park, point_of_interest, establishment"
,Jump KTM Indoor Trampoline Park,"Dhumbarahi Marg, Kathmandu 44600, Nepal",27.7346197,85.3462353,4.0,Kathmandu,"amusement_park, park, point_of_interest, establishment"
,Switzerland Park Aloknagar,"M8MQ+3F4, Unnamed Road, Kathmandu 44600, Nepal",27.6826285,85.3386885,4.2,Unnamed Road,"park, point_of_interest, establishment"
,Namuna Park,"M9Q7+HH5, Kathmandu 44600, Nepal",27.6888768,85.3639724,4.1,Kathmandu,"park, point_of_interest, establishment"
,Raniban Park,"P7PQ+GGX Ward no 1, Raniban Park, Nagarjung, Kathmandu 44600, Nepal",27.7363667,85.2888608,4.3,Raniban Park,"park, point_of_interest, establishment"
,Khusibu Children Park,"P892+465, Kathmandu 44600, Nepal",27.7177548,85.3006209,4.2,Kathmandu,"park, point_of_interest, establishment"
,Bhurungkhel Green Park,"P853+VWW, Burakhya Marg, Kathmandu 44600, Nepal",27.7097317,85.3048404,3.8,Burakhya Marg,"park, point_of_interest, establishment"
,Children’s Park,"P8WW+5VW, Kathmandu 44600, Nepal",27.7454886,85.3472111,4.0,Kathmandu,"park, point_of_interest, establishment"
,Samakhusi Children Park,"P8F7+JC5, Road, Kathmandu 44600, Nepal",27.7240061,85.3136197,3.8,Road,"park, point_of_interest, establishment"
,Apple Ground Public Park Narephat,"M992+HHW, Kathmandu 44600, Nepal",27.6684625,85.3517663,4.0,Kathmandu,"park, point_of_interest, establishment"
,Shanti Park,"P977+J3P, Boudha Rd Nayabasti, Kathmandu 44600, Nepal",27.7138328,85.3630829,3.8,Boudha Rd Nayabasti,"park, point_of_interest, establishment"
,Bhadrakali park,"M8X8+MXR, Kathmandu 44600, Nepal",27.6992387,85.3173864,4.0,Kathmandu,"park, point_of_interest, establishment"
,Pushpalal Memorial Park,"P853+X5J, Pushpalal Path, Kathmandu 44600, Nepal",27.7099652,85.3028848,4.0,Pushpalal Path,"park, point_of_interest, establishment"
,Kripalu Udhyan,"Kathmandu 44600, Nepal",27.707939,85.345415,4.6,Nepal,"park, point_of_interest, establishment"
,Shanti Park,"P8J8+GQW, Kathmandu 44600, Nepal",27.7313634,85.3169568,3.4,Kathmandu,"park, point_of_interest, establishment"
,Mitra Park,"M7RV+3FM, Gaurishankar Sadak, Kathmandu 44600, Nepal",27.690445,85.2935547,3.9,Gaurishankar Sadak,"park, point_of_interest, establishment"
,Kumari Chaur Park,"P994+28Q, Kathmandu 44600, Nepal",27.7174624,85.3558678,3.9,Kathmandu,"park, point_of_interest, establishment"
,The Handigaun Triangle (dhungedhara) park,"Handigaun Marg, Kathmandu 44600, Nepal",27.7187081,85.3371799,3.9,Kathmandu,"park, point_of_interest, establishment"
,Dovan Park,"M8HM+GX2, Kathmandu 44600, Nepal",27.6788056,85.3345194,4.2,Kathmandu,"park, point_of_interest, establishment"
,Janamaitri Park (Pepsicola Town Plan),"गौरीपुत्र मार्ग, Kathmandu 44600, Nepal",27.6920404,85.364882,4.2,Kathmandu,"park, point_of_interest, establishment"
,Sahayoginagar Park,"M8JP+2VH, Kathmandu 44600, Nepal",27.6798765,85.3370561,4.3,Kathmandu,"park, point_of_interest, establishment"
,Salik Chowk Park,"M7WG+PVP, Kathmandu 44600, Nepal",27.6968398,85.2771942,4.1,Kathmandu,"park, point_of_interest, establishment"
,Earthquake Memorial park,"P74Q+G9M, Kathmandu 44600, Nepal",27.7065081,85.2884511,4.9,Kathmandu,"park, point_of_interest, establishment"
,Ranibari Community Forest,"Kathmandu 44600, Nepal",27.7308175,85.321047,4.4,Nepal,"park, point_of_interest, establishment"
,Airport Nagar Children’s Park,"Kathmandu 44600, Nepal",27.7024696,85.3660836,4.5,Nepal,"park, point_of_interest, establishment"
,Bancharetar Chowk (बन्चरे टार चोक),"P979+G89, Kathmandu 44600, Nepal",27.7137883,85.3683668,4.5,Kathmandu,"park, point_of_interest, establishment"
,Whoopee Land Amusement Water Park,"Kathmandu 44600, Nepal",27.6620256,85.2875264,4.1,Nepal,"amusement_park, park, lodging, restaurant, food, point_of_interest, establishment"
,Ghyoi Lisang Peace Park,"P9C6+XHF, Unnamed Road, Kathmandu 44600, Nepal",27.7224362,85.3614313,4.7,Unnamed Road,"park, point_of_interest, establishment"
,Bagmati Nagar Park,"P975+WWP, Kathmandu 44600, Nepal",27.714826,85.359817,4.5,Kathmandu,"park, point_of_interest, establishment"
,Miku Nepal,"Narayanchaur, Kathmandu 44604, Nepal",27.7148397,85.3249456,4.2,Kathmandu,"park, store, point_of_interest, establishment"
,Setopool Park,"P83P+683, Kathmandu 44600, Nepal",27.70302,85.3358048,4.7,Kathmandu,"park, point_of_interest, establishment"
,Dharahara Park धरहरा बगैचा,"P827+55C, Shundara marg, Kathmandu 44600, Nepal",27.7006755,85.3130526,4.3,Shundara marg,"park, point_of_interest, establishment"
,Nepal Rastra Bank Sworna Jayanti Park,"P8FJ+R7M, Kathmandu 44600, Nepal",27.7245933,85.3306724,4.7,Kathmandu,"park, point_of_interest, establishment"
,Pasupatinath forest,"Unnamed Road, Kathmandu 44600, Nepal",27.7112392,85.3518243,4.5,Kathmandu,"park, point_of_interest, establishment"
,Bhugol Park,"P834+PX3, Infront of bishal bazar, near basantpur, नयाँ सडक, Kathmandu, Nepal",27.704272,85.307417,4.3,Infront of bishal bazar,"park, point_of_interest, establishment"
,pashupatinath park,"44600, Kathmandu 44600, Nepal",27.7102241,85.3494938,5.0,Kathmandu,"park, point_of_interest, establishment"
,khotang bazar,"2VR2+45P, 2, Khotang Bazar 56200, Nepal",27.0403397,86.8504639,0.0,2,"park, point_of_interest, establishment"
,UN Park,"M8PG+6GJ, Park Ln, Lalitpur 44700, Nepal",27.6855826,85.3262662,3.9,Park Ln,"park, point_of_interest, establishment"
,Yaualakhel Park,"M8H5+44J, Lalitpur 44701, Nepal",27.6778486,85.3077674,4.0,Lalitpur,"park, point_of_interest, establishment"
,Jawalakhel Park,"M8F7+897, Lalitpur 44600, Nepal",27.6732833,85.3134109,4.3,Lalitpur,"park, point_of_interest, establishment"
,"Kusunti Height, Bista Pakha Park","M866+4G5, Lalitpur 44700, Nepal",27.6595799,85.3113759,4.0,Lalitpur,"park, point_of_interest, establishment"
,Manmohan Park,"M7JX+VRV, Lalitpur 44600, Nepal",27.6822363,85.2995521,3.6,Lalitpur,"park, point_of_interest, establishment"
,Syosyo Hajurba Chowk Park,"M866+93V, Kusunti-13, Hajurba Chowk, Kusunti Kumar Peeth Marg, Lalitpur 44700, Nepal",27.6607405,85.3100864,4.2,Kusunti-13,"park, point_of_interest, establishment"
,Guita Open Garden,"M8CM+JC7, Lalitpur 44600, Nepal",27.6715494,85.3335605,4.1,Lalitpur,"park, point_of_interest, establishment"
,Duniya Danda Green Park,"M827+3QP, Lalitpur 44700, Nepal",27.6502044,85.314441,3.8,Lalitpur,"park, point_of_interest, establishment"
,Lalitpur Metro Park,"M8G8+MJ2 Jhanakhya Metro Park झनाख्यः मेत्रो पार्क, Lalitpur 44600, Nepal",27.6767753,85.3164651,4.7,Lalitpur,"park, point_of_interest, establishment"
,Sahid Smarak Park,"M8Q2+8GM, Lalitpur 44600, Nepal",27.6883469,85.3013095,3.8,Lalitpur,"park, point_of_interest, establishment"
,Safal Park,"M864+FXP, Lalitpur 44600, Nepal",27.6612102,85.3074545,4.0,Lalitpur,"park, point_of_interest, establishment"
,Jwagal Children Park / Jwagala Machakhya,"M8PC+CHP, Lalitpur 44600, Nepal",27.6866,85.3219281,4.0,Lalitpur,"park, point_of_interest, establishment"
,Butterfly square,"Lalitpur 44600, Nepal",27.673398,85.315603,4.7,Nepal,"park, point_of_interest, establishment"
,"Imadol, Bhojhepokhari","M87X+WFM, बोजे पोखरी मार्ग, Lalitpur 44600, Nepal",27.6648369,85.3486734,4.3,बोजे पोखरी मार्ग,"park, point_of_interest, establishment"
,Shovahiti(ढुङ्गेधारा),"M848+RGW, Lalitpur 44700, Nepal",27.6571154,85.3163243,3.7,Lalitpur,"park, point_of_interest, establishment"
,Shanti Batika,"M8C6+8PC, Lalitpur 44600, Nepal",27.6708246,85.3117779,4.1,Lalitpur,"park, point_of_interest, establishment"
,Bagdole Batika,"M77W+VPW, Bagdol Rd, Lalitpur 44600, Nepal",27.6647495,85.2968308,4.2,Bagdol Rd,"park, point_of_interest, establishment"
,dadathok park,"Lalitpur, Nepal",27.6331875,85.3823125,4.1,Nepal,"park, point_of_interest, establishment"
,Park बगैँचा,"M8C6+7RG, Lalitpur 44600, Nepal",27.6707077,85.3119828,4.0,Lalitpur,"park, point_of_interest, establishment"
,"Gagan Batika, Nagbahal","M8GF+8G5, Nagabahal - Nyadha Galli, Lalitpur 44600, Nepal",27.6757678,85.3238613,4.5,Nagabahal - Nyadha Galli,"park, point_of_interest, establishment"
,Patan Dhoka Chautara (चौतारी),"M8HC+C9H, Campus Rd, Lalitpur 44700, Nepal",27.6784528,85.3209749,4.5,Campus Rd,"park, point_of_interest, establishment"
,Park बगैँचा,"M8C8+QM3, Lalitpur 44600, Nepal",27.6718051,85.3167772,4.0,Lalitpur,"park, point_of_interest, establishment"
,Pocket park,"M8F7+XV3, Lalitpur 44600, Nepal",27.674891,85.3146708,5.0,Lalitpur,"park, point_of_interest, establishment"
,Park बगैचा,"M885+QC7, Ekantakuna Rd, Lalitpur 44600, Nepal",27.666975,85.308411,4.0,Ekantakuna Rd,"park, point_of_interest, establishment"
,Hattiban,"J8XM+HHW, गोदावरी रोड़, Lalitpur 44700, Nepal",27.6484973,85.3335739,4.8,गोदावरी रोड़,"park, point_of_interest, establishment"
,Park,"M8G5+68G, Lamochaur Sadak, Lalitpur 44600, Nepal",27.6755722,85.3083139,5.0,Lamochaur Sadak,"park, point_of_interest, establishment"
,Playground Park,"M8HJ+7MV Bangalamukhi, Sankhamul - Balkumari Rd, Lalitpur 44700, Nepal",27.6784653,85.3316199,3.0,Sankhamul - Balkumari Rd,"park, point_of_interest, establishment"
,Imukhel Bal Udhyan,"M8HG+9GV, Lalitpur 44600, Nepal",27.6784968,85.3261163,4.2,Lalitpur,"park, point_of_interest, establishment"
,Children’s park,"M85F+GV4, Lalitpur 44700, Nepal",27.6587525,85.3247183,4.5,Lalitpur,"park, point_of_interest, establishment"
,Lamochaur Jhamsikhel Park,"M8G5+PGP, Jhamsikhel Road, Lalitpur 44600, Nepal",27.6765137,85.3089261,3.3,Jhamsikhel Road,"park, point_of_interest, establishment"
,Jhanakhya Metro Park झनाख्यः मेत्रो पार्क,"M8G8+JJC, Lalitpur 44600, Nepal",27.6765719,85.3165,4.2,Lalitpur,"park, point_of_interest, establishment"
,Shant Vawan Uddhan,"M8J4+35W, Milap Rd, Lalitpur 44600, Nepal",27.6802361,85.3054521,4.0,Milap Rd,"park, point_of_interest, establishment"
,RN Joshi Museum / Park Gallery,"Opposite to Jhamsikhel Road, Pulchowk, Lalitpur 44600, Nepal",27.6754787,85.3159635,3.5,Pulchowk,"tourist_attraction, art_gallery, museum, point_of_interest, establishment"
,Public Fitness Park,"J8MQ+WXC, Lalitpur 44700, Nepal",27.6349745,85.3399475,5.0,Lalitpur,"park, point_of_interest, establishment"
,Mahalaxmisthan,"M869+VGQ, M869+H8C Mahalaxmisthan Chowk, Lalitpur 44700, Nepal",27.661345,85.3183185,4.0,M869+H8C Mahalaxmisthan Chowk,"park, point_of_interest, establishment"
,Ganeshman Singh Park गणेशमान सिंह पार्क,"Administrative staff college, Lalitpur 44600, Nepal",27.670977,85.3121766,4.0,Lalitpur,"park, point_of_interest, establishment"
,Small park,"M8C6+8PC Shanti Batika, Lalitpur 44600, Nepal",27.6708704,85.3118591,3.0,Lalitpur,"park, point_of_interest, establishment"
,Khusi The Happiness,"J8VH+WPF, Airawat, Lalitpur 44700, Nepal",27.6448163,85.3293102,4.2,Airawat,"park, point_of_interest, establishment"
,lagankhel,"M88C+GV8, Lalitpur 44700, Nepal",27.6662809,85.3222121,4.0,Lalitpur,"park, point_of_interest, establishment"
,King Birendra Circle Statue,"M8F7+4CX, Lalitpur 44600, Nepal",27.6728544,85.3136146,4.3,Lalitpur,"park, point_of_interest, establishment"
,"Ookhar Bot, sitapakha, Lalitpur","J8XR+64H, Ookharko Bot, Sitapakha, Lalitpur, Nepal",27.6480741,85.3403555,5.0,Ookharko Bot,"park, point_of_interest, establishment"
,"E's Nest Bike Park","Lalitpur 44600, Nepal",27.677599,85.300297,3.4,Nepal,"park, point_of_interest, establishment"
,Ji Swā Chuka,"M8FG+948, Lalitpur 44700, Nepal",27.6733286,85.3255595,4.0,Lalitpur,"park, point_of_interest, establishment"
,Dhadkhola,"Harraboat Lamjung, Tarkughat 33600, Nepal",28.1180855,84.4403973,0.0,Tarkughat,"park, point_of_interest, establishment"
,Martyr Rudra Pakhrin Memorial Park,"C39F+M5H, Makwanpurgadhi, Nepal",27.4191828,85.0729705,4.6,Makwanpurgadhi,"park, point_of_interest, establishment"
,Nachai,"M288+MM7, Manang 33500, Nepal",28.666667,84.016667,0.0,Manang,"park, point_of_interest, establishment"
,Milarepa Memorial Park,"M28G+857, Manang Sadak, Bhraka 33500, Nepal",28.6657967,84.0254185,5.0,Manang Sadak,"park, point_of_interest, establishment"
,Thorang peak,"QXCJ+83M, Tanki Manang 33500, Nepal",28.7708273,83.9801738,4.0,Tanki,"park, point_of_interest, establishment"
,Thorang La Pass,"QWVQ+CFQ, Thorong Phedi - Thorong La Rd, Tanki Manang 33500, Nepal",28.7935762,83.9387337,4.9,Thorong Phedi - Thorong La Rd,"park, point_of_interest, establishment"
,Gangapurna Lookout,"M259+MV8, Manang 33500, Nepal",28.65904,84.0199,0.0,Manang,"park, point_of_interest, establishment"
,Blue Lake,"J3R8+RCR, Upper Manang 33500, Nepal",28.6421108,84.0660141,5.0,Upper,"park, point_of_interest, establishment"
,Dendi Sherpa Lookout Point,"M259+MV8, Manang 33500, Nepal",28.6591295,84.0197269,5.0,Manang,"park, point_of_interest, establishment"
,Balbahadur statue,"8G44+3QG, Harkapur-Okhaldhunga Road, Siddhicharan 56100, Nepal",27.3051782,86.5069525,4.3,Harkapur-Okhaldhunga Road,"park, point_of_interest, establishment"
,BHUSUNE JUNGLE,"7FGR+85G, Harkapur-Okhaldhunga Road, Siddhicharan 56100, Nepal",27.2758147,86.4904445,5.0,Harkapur-Okhaldhunga Road,"park, point_of_interest, establishment"
,HILEPANI हिलेपानी,"Harkapur-Okhaldhunga Road, 56100, Nepal",27.1696277,86.4303379,3.9,56100,"park, point_of_interest, establishment"
,Palpa fun park,"RMC5+4X5 Palpa dawnpawa, Rahabas Jhadewa Sadak, Humin 32500, Nepal",27.820255,83.659997,0.0,Rahabas Jhadewa Sadak,"park, point_of_interest, establishment"
,Parbat singh ka bera,"6MFX+VF3 Parbat singh ka bera, asana 33400, Nepal",28.2246464,83.6986568,0.0,asana,"park, point_of_interest, establishment"
,Hariyali Park,"4WWP+42C, Belwa Parsauni 44400, Nepal",27.1454461,84.9350603,5.0,Belwa,"park, point_of_interest, establishment"
,YB chok,"4RQM+3HM, Pyuthan 22300, Nepal",28.1377115,82.8339308,5.0,Pyuthan,"park, point_of_interest, establishment"
,बाइसधारा मुल (Baaisdhara Mul),"4W69+5CJ, Pyuthan 22300, Nepal",28.1104517,82.9185066,4.6,Pyuthan,"park, point_of_interest, establishment"
,बजेनी,"4RHP+8GM, Pyuthan 22300, Nepal",28.1283469,82.8362814,5.0,Pyuthan,"park, point_of_interest, establishment"
,चर्के पिङ चौतारा,"4RMM+WQP, Pyuthan 22300, Nepal",28.134603,82.834922,5.0,Pyuthan,"park, point_of_interest, establishment"
,"Sahid Smirti Park, Gajuri","4V55+7R2, Pyuthan 22300, Nepal",28.1081469,82.8595214,2.0,Pyuthan,"park, point_of_interest, establishment"
,Ganesh Mandir Park,"3VPJ+63P, Pyuthan 22300, Nepal",28.085595,82.8802133,0.0,Pyuthan,"park, point_of_interest, establishment"
,Bhalabang,"4Q3M+HJP, Pyuthan 22300, Nepal",28.1039634,82.7840712,4.5,Pyuthan,"park, point_of_interest, establishment"
,Chautara juction,"3QXP+6C, Pyuthan 22300, Nepal",28.0980025,82.7860517,0.0,Pyuthan,"park, point_of_interest, establishment"
,सोमरे धारा,"4RQM+M6G, Pyuthan 22300, Nepal",28.1391788,82.8330631,5.0,Pyuthan,"park, point_of_interest, establishment"
,Pratikshya laye,"3VGR+8H, Pyuthan 22300, Nepal",28.0758409,82.8914752,0.0,Pyuthan,"park, point_of_interest, establishment"
,Rattari,"4V23+M87, Pyuthan 22300, Nepal",28.1016595,82.8532928,0.0,Pyuthan,"park, point_of_interest, establishment"
,Okhaldhunga chaur,"3QVQ+8Q, Pyuthan 22300, Nepal",28.0932658,82.7893934,0.0,Pyuthan,"park, point_of_interest, establishment"
,LAXMAN HOUSE,"5VCG+8QF, Pyuthan 22300, Nepal",28.1708889,82.8764444,0.0,Pyuthan,"park, point_of_interest, establishment"
,धाईरे,"5V4V+RV7, Pyuthan 22300, Nepal",28.157048,82.8946831,0.0,Pyuthan,"park, point_of_interest, establishment"
,Gajuri,"4V23+M87, Pyuthan 22300, Nepal",28.1016595,82.8532928,0.0,Pyuthan,"park, point_of_interest, establishment"
,द्वार खोला,"5VCQ+X84, Pyuthan 22300, Nepal",28.1723944,82.8883297,0.0,Pyuthan,"park, point_of_interest, establishment"
,Pokhrel newas,"4V23+M87, Pyuthan 22300, Nepal",28.1016595,82.8532928,0.0,Pyuthan,"park, point_of_interest, establishment"
,Sundar foam house,"4W72+FQF, Pyuthan 22300, Nepal",28.1136814,82.9019164,0.0,Pyuthan,"park, point_of_interest, establishment"
,Mallarani,"4V23+M87, Pyuthan 22300, Nepal",28.1016595,82.8532928,0.0,Pyuthan,"park, point_of_interest, establishment"
,Damti suspension bridge,"4WW4+5XX, Pyuthan 22300, Nepal",28.1454996,82.90748,0.0,Pyuthan,"park, point_of_interest, establishment"
,BITAR RASAM PARK बिटार रासम पार्क,"Ramechhap Rd, Ramechhap 45400, Nepal",27.3642715,86.0769488,3.7,Ramechhap,"park, point_of_interest, establishment"
,Dadako Park,"74WR+XM8, Ramechhap 45400, Nepal",27.2974055,86.1417017,5.0,Ramechhap,"park, point_of_interest, establishment"
,Thulaghar danda park ठुलाघरडाँडा पार्क,"83VC+JWW, Ramechhap 45400, Nepal",27.3440411,86.0725477,5.0,Ramechhap,"park, point_of_interest, establishment"
,madhya pahadi lokmarga-Dahoo,"8493+PHF, Ramechhap 45400, Nepal",27.319307,86.1039189,5.0,Ramechhap,"park, point_of_interest, establishment"
,Udayanarayan Smriti Park(उदयनारायण स्मृति पार्क),"83VC+JWW, Ramechhap 45400, Nepal",27.3441137,86.0723364,5.0,Ramechhap,"park, point_of_interest, establishment"
,गौतम कुमार हायू,"73XV+W44, Ramechhap 45400, Nepal",27.299752,86.0928148,0.0,Ramechhap,"park, point_of_interest, establishment"
,यात्रु प्रतिक्षालय मन्थलि,"93X7+GX9, Ramechhap, Manthali 45400, Nepal",27.3987883,86.0649895,3.0,Ramechhap,"park, point_of_interest, establishment"
,Salle,"9324+MPV, Ramechhap 45400, Nepal",27.3517252,86.056784,0.0,Ramechhap,"park, point_of_interest, establishment"
,DADA GAUN,"8493+PHF, Ramechhap 45400, Nepal",27.319307,86.1039189,0.0,Ramechhap,"park, point_of_interest, establishment"
,Damakur,"Rolpa municipality 8 damakur, Nepal",28.3044851,82.6363356,0.0,Nepal,"park, point_of_interest, establishment"
,Tamri,"Rolpa municipality 09 Tamari, Bhawang 22100, Nepal",28.3292768,82.6365484,0.0,Bhawang,"park, point_of_interest, establishment"
,"Suryapura chok,Rupandehi,Tilottama-8","Suryapura chok, Rupandehi ,Tilottama-8, Tilottama 32900, Nepal",27.6166849,83.4895596,4.7,Rupandehi,"park, point_of_interest, establishment"
,Childern Park,"M633+RQF, Siraha 56500, Nepal",26.6545699,86.2044216,3.8,Siraha,"park, point_of_interest, establishment"
,Madhesi Park,"M659+JWW, Siraha 56500, Nepal",26.6591132,86.2198197,4.1,Siraha,"park, point_of_interest, establishment"
,Dahipauri,"J5QP+V4X, Siraha 56500, Nepal",26.6397409,86.1853474,5.0,Siraha,"park, point_of_interest, establishment"
,Children garden Gulariya.,"M6MM+WHQ, Siraha 56500, Nepal",26.6848255,86.2339918,4.0,Siraha,"park, point_of_interest, establishment"
,Siraha,"J5QP+V4X, Siraha 56500, Nepal",26.6397409,86.1853474,0.0,Siraha,"park, point_of_interest, establishment"
,No one,"M6M4+C32, Siraha 56500, Nepal",26.6834605,86.2058054,0.0,Siraha,"park, point_of_interest, establishment"
,Lauwa pokhari,"M7C6+58X, Siraha 56500, Nepal",26.670476,86.2608655,0.0,Siraha,"park, point_of_interest, establishment"
,Thenghi clean water State deep Boring,"M6CM+9VF, Thenghi, Siraha 09, Nepal",26.6709467,86.2346827,0.0,Thenghi,"park, point_of_interest, establishment"
,Nahar Singh syaraha,"J5QP+V4X Nahar Singh, Siraha 56500, Nepal",26.6397409,86.1853474,0.0,Siraha,"park, point_of_interest, establishment"
,Gauri shankar krishi farm.khairtoka,"Siraha 56500, Nepal",26.6253848,86.1746094,5.0,Nepal,"park, point_of_interest, establishment"
,Dilip home,"J5VP+C65, Siraha 56500, Nepal",26.6444144,86.186282,5.0,Siraha,"park, point_of_interest, establishment"
,Mahisotha,"J5QP+V4X Highway, Siraha 56500, Nepal",26.6397409,86.1853474,5.0,Siraha,"park, point_of_interest, establishment"
,ROMAN RONY HOME 🏠,"J5VP+HGH Nepal ward no 5 Barerwa, Siraha 56500, Nepal",26.6439337,86.1863541,0.0,Siraha,"park, point_of_interest, establishment"
,Torpee toll,"M644+27H, Siraha 56500, Nepal",26.6550633,86.2057458,5.0,Siraha,"park, point_of_interest, establishment"
,naresh home,"J5QP+V4X, Siraha 56500, Nepal",26.6397409,86.1853474,0.0,Siraha,"park, point_of_interest, establishment"
,shyam mahara D.S.P,"M6C9+C84, Siraha 56500, Nepal",26.6710206,86.2183402,3.2,Siraha,"park, point_of_interest, establishment"
,portaha village,"J5QP+V4X, Siraha 56500, Nepal",26.6397409,86.1853474,0.0,Siraha,"park, point_of_interest, establishment"
,Goit pappu,"M56W+RPV, Siraha 56500, Nepal",26.662121,86.1967879,0.0,Siraha,"park, point_of_interest, establishment"
,Maidan Sataun,"4R5J+39W, Syangja Satuan road, Putalibazar 33800, Nepal",28.1077394,83.8309407,3.8,Syangja Satuan road,"park, point_of_interest, establishment"
,Upper Bhujunge 360° view point,"Syangja-lamage-Rahaley-Chandisthan, Putalibazar 33800, Nepal",28.1006799,83.8424311,5.0,Putalibazar,"park, point_of_interest, establishment"
,BP Smirti Pratikshalaya(balti more),"VRHP+6PQ, Syangja Chapakot Rd, Chapakot 33800, Nepal",27.8780895,83.8368543,5.0,Syangja Chapakot Rd,"park, point_of_interest, establishment"
,Macchang waterfall,"4V66+MP9, Syangja- Sataun Road, Putalibazar 33800, Nepal",28.1116717,83.8618687,0.0,Syangja- Sataun Road,"park, point_of_interest, establishment"
,DD Park Tanahunsur,"28GC+QV, Tanahunsur, Nepal",28.0269113,84.3221541,2.5,Tanahunsur,"park, point_of_interest, establishment"
,Kanchenjunga Conservation Area,"JWHM+799, Lelep,Taplejung,Mechi, Tapethok, Nepal",27.6281668,87.9334803,4.5,Lelep,"park, point_of_interest, establishment"
,ghaprakharka झाप्राखर्क मालिका,"8G4X+4G, Baglung 33200, Nepal",28.3053125,83.5488125,5.0,Baglung,"park, point_of_interest, establishment"
,Lamgau garden house,"7HMR+W6, Baglung 33300, Nepal",28.284778,83.590536,5.0,Baglung,"park, point_of_interest, establishment"
,Shree Nepal forest,"5W4W+962, Belwa Parsauni 44400, Nepal",27.1558761,84.9455183,0.0,Belwa,"park, point_of_interest, establishment"
,दिवा विश्राम स्थल,"Nuwakot Sadak 12, Bidur 44900, Nepal",27.88673,85.1030421,0.0,Bidur,"park, point_of_interest, establishment"
,अर्धनारेशोवर गोठाटार पार्क,"Gothatar, Kageshwari Manohara, 8, Kathmandu 44600, Nepal",27.7033779,85.3843709,4.5,Kageshwari Manohara,"park, point_of_interest, establishment"
,Finear Art Gallery,"MCCH+H4V, Ichhu Galli, Bhaktapur 44800, Nepal",27.6714725,85.4278354,4.5,Ichhu Galli,"art_gallery, point_of_interest, establishment"
,Kathmandu Art House,"सात घुम्ती मार्ग, Kathmandu 44600, Nepal",27.7152136,85.3092047,4.7,Kathmandu,"art_gallery, point_of_interest, establishment"
,Siddhartha Art Gallery,"Babermahal Revisited premises, Tanka Prasad Ghumti Sadak, Kathmandu 44617, Nepal",27.6944534,85.3226963,4.5,Tanka Prasad Ghumti Sadak,"art_gallery, tourist_attraction, point_of_interest, establishment"
,Universal Art Gallery,"Thamel Dabali Marg, Kathmandu 44600, Nepal",27.7151628,85.311494,5.0,Kathmandu,"art_gallery, point_of_interest, establishment"
,Buddha Nepal Art Gallery,"Infront Of Global IME Bank, Chaksibari Marg, Kathmandu 44600, Nepal",27.7164864,85.3101423,4.8,Chaksibari Marg,"art_gallery, store, point_of_interest, establishment"
,"Takpa Gallery, lazimpat","Nursery Rd, Kathmandu 44600, Nepal",27.720725,85.3186361,4.9,Kathmandu,"art_gallery, point_of_interest, establishment"
,Arts Nepal Gallery - Art Gallery in Nepal,"सगरमाथा बजार, Paryatan Marg, Kathmandu 44600, Nepal",27.7150598,85.3108008,4.9,Paryatan Marg,"art_gallery, store, point_of_interest, establishment"
,Freedom Art Gallery,"ठमेल भगवती मार्ग, Kathmandu 44600, Nepal",27.7157566,85.3116134,4.9,Kathmandu,"art_gallery, point_of_interest, establishment"
,Nepali Gallery,"Krian Niwas, Bhattarai Marg 1, Kathmandu 44600, Nepal",27.6819119,85.3320678,4.6,Bhattarai,"art_gallery, point_of_interest, establishment"
,Museum Of Nepali Art,"Kathmandu 44600, Nepal",27.7150613,85.3099101,4.6,Nepal,"museum, point_of_interest, establishment"
,BK ART Gallery,"२ कुमारी माई मार्ग, Kathmandu 44600, Nepal",27.7204288,85.3200854,4.3,Kathmandu,"art_gallery, store, point_of_interest, establishment"
,Nupur Art Gallery Center Pvt. Ltd.,"सात घुम्ती मार्ग 3-15, Kathmandu 44600, Nepal",27.7156625,85.3099435,5.0,Kathmandu,"shopping_mall, art_gallery, food, point_of_interest, establishment"
,Fine Arts,"P876+QM7, Tridevi Sadak, Kathmandu 44600, Nepal",27.7144654,85.311674,5.0,Tridevi Sadak,"art_gallery, point_of_interest, establishment"
,Thang Ku Artist,"P9FC+GCP, Kathmandu 44602, Nepal",27.7238263,85.3710812,5.0,Kathmandu,"art_gallery, point_of_interest, establishment"
,Swoyambhu Art Gallery,"Kathmandu 44600, Nepal",27.7148322,85.3102272,5.0,Nepal,"art_gallery, point_of_interest, establishment"
,ArTree Nepal,"M8V7+X58, Samarpan Marg, Kathmandu 44600, Nepal",27.6948949,85.312953,4.6,Samarpan Marg,"art_gallery, point_of_interest, establishment"
,Mithila Yain Art Gallery,"P876+92X, J.P Road, Kathmandu 44600, Nepal",27.713479,85.310125,4.0,J.P Road,"art_gallery, point_of_interest, establishment"
,Himalayan Arts/Thangka Gallery,"Ashok Galli 26, Kathmandu 44600, Nepal",27.712748,85.3113666,4.6,Kathmandu,"art_gallery, store, point_of_interest, establishment"
,Shangri-La Art Gallery,"Chaksibari Marg, Kathmandu 44600, Nepal",27.7160865,85.3101087,5.0,Kathmandu,"art_gallery, point_of_interest, establishment"
,Woodcraft Gallery,"सात घुम्ती मार्ग, Kathmandu 44600, Nepal",27.715202,85.3092083,4.7,Kathmandu,"art_gallery, point_of_interest, establishment"
,Everest Art Gallery,"Bansbari Rd, P.O.Box No. 9614, Kathmandu 44600, Nepal",27.7453378,85.341891,4.1,P.O.Box,"art_gallery, point_of_interest, establishment"
,Artudio,"P76Q+JVQ, Chhauni Hospital Rd, Kathmandu 44600, Nepal",27.7116145,85.2897088,4.5,Chhauni Hospital Rd,"art_gallery, point_of_interest, establishment"
,Tiny Art Gallery Thamel,"Thamel Marg, Kathmandu 44600, Nepal",27.7118606,85.3110677,5.0,Kathmandu,"art_gallery, store, point_of_interest, establishment"
,Kantipur Art Gallery,"seven corner, सात घुम्ती मार्ग, Kathmandu 44600, Nepal",27.7159196,85.3096773,5.0,सात घुम्ती मार्ग,"art_gallery, point_of_interest, establishment"
,Nepalian Art,"Pasang Lamu Marg, Kathmandu, Nepal",27.7254334,85.3618108,5.0,Kathmandu,"art_gallery, point_of_interest, establishment"
,The Art Gallery Cafe,"Yetakha Baha:, Gangalal Marg, Kathmandu 46000, Nepal",27.7067966,85.3064786,4.9,Gangalal Marg,"art_gallery, cafe, store, food, point_of_interest, establishment"
,Kumari Gift & Art Gallery,"P834+RC8, Gangalal Marg , Pyaphal Kathmandu , Maru, Nepal",27.7045463,85.3060248,4.0,Gangalal Marg,"art_gallery, store, point_of_interest, establishment"
,"Nabin Art Creation, New Buspark","P8M6+QFR, Kathmandu 44600, Nepal",27.7344886,85.311154,5.0,Kathmandu,"art_gallery, point_of_interest, establishment"
,Anush Art Gallery,"chibal, Kathmandu 44600, Nepal",27.713323,85.311124,5.0,Kathmandu,"art_gallery, point_of_interest, establishment"
,Yang Yang Thanka Art Private Limited,"Thamel Marg 26, Kathmandu 44600, Nepal",27.7176529,85.3118285,4.0,Kathmandu,"art_gallery, point_of_interest, establishment"
,"Dangol's Bird Art Gallery & art institute","Kathmandu 44600, Nepal",27.6931503,85.2893099,4.5,Nepal,"art_gallery, point_of_interest, establishment"
,THE HIMALAYAN ART GALLERY,"दरबार मार्ग सडक, Kathmandu 44600, Nepal",27.7121072,85.317899,5.0,Kathmandu,"art_gallery, furniture_store, home_goods_store, store, point_of_interest, establishment"
,21st century art gallery,"Kathmandu 44600, Nepal",27.715548,85.3094968,4.6,Nepal,"art_gallery, museum, point_of_interest, establishment"
,Rincheling Thanka Gallery and Art School,"Boudha Rd, Kathmandu 44602, Nepal",27.722027,85.362487,4.7,Kathmandu,"art_gallery, point_of_interest, establishment"
,New Himalayan Art Gallery,"P869+FGP, पर्यटक मार्ग, Kathmandu 44600, Nepal",27.7112103,85.318802,4.2,पर्यटक मार्ग,"art_gallery, museum, point_of_interest, establishment"
,Art Nepal,"P8G8+6QC, Bal Kumari Marg, Kathmandu 44600, Nepal",27.7255601,85.3169041,5.0,Bal Kumari Marg,"art_gallery, point_of_interest, establishment"
,Atelier 2 Fine Art Gallery,"Dallu Aawas Marg, Kathmandu 44600, Nepal",27.7090434,85.2958004,5.0,Kathmandu,"art_gallery, museum, point_of_interest, establishment"
,Lapis Thanka & Art Gallery Shop,"Tridevi Sadak, Kathmandu 44600, Nepal",27.7144161,85.3118797,4.9,Kathmandu,"museum, point_of_interest, store, establishment"
,Bhav Art Gallery,"Ward No. 3 (Near to Shivapuri Higher Secondary School, Shimana Marga, Kathmandu 44600, Nepal",27.7298617,85.328801,4.0,Shimana Marga,"art_gallery, point_of_interest, establishment"
,Rainbow Thanka Gallery,"Thamel Marg 453, Kathmandu 00977, Nepal",27.7151667,85.3115293,5.0,Kathmandu,"art_gallery, museum, point_of_interest, store, establishment"
,LA gallery,"Unnamed Road, Kathmandu 44600, Nepal",27.7224593,85.3618253,2.9,Kathmandu,"art_gallery, point_of_interest, establishment"
,Reva Art Gallery,"M8GG+3CC durbar square, Lalitpur, Nepal",27.6752292,85.3258866,4.9,Lalitpur,"art_gallery, point_of_interest, establishment"
,The Spiritual Arts,"Thaina-6, Lalitpur 44700, Nepal",27.6695101,85.3262453,4.9,Lalitpur,"art_gallery, point_of_interest, establishment"
,Classic gallery,"M8HG+P79, Chakupat Rd, Lalitpur 44600, Nepal",27.6792967,85.3257494,4.2,Chakupat Rd,"art_gallery, point_of_interest, establishment"
,Dipak Art Gallery,"M849+CMV, Lalitpur 44700, Nepal",27.6561069,85.3191794,5.0,Lalitpur,"art_gallery, point_of_interest, establishment"
,AS Handicrafts & Art Gallery,"Gakyaba Marga, Lalitpur 44700, Nepal",27.6713409,85.3201495,5.0,Lalitpur,"art_gallery, point_of_interest, establishment"
,Araniko Newa And Traditional Arts,"Patan durbar square,krishna temple, Lalitpur 44600, Nepal",27.6738129,85.3249196,5.0,krishna temple,"art_gallery, point_of_interest, establishment"
,Himalayan Art Gallery Jhamsikhel,"Opposite Vivanta Hotel, Jhamsikhel Road 3, Lalitpur 44600, Nepal",27.6767742,85.3102178,4.2,Jhamsikhel,"art_gallery, museum, point_of_interest, establishment"
,Thanka Art Gallery,"Kwalakhu Rd, Lalitpur 44700, Nepal",27.6741911,85.3245895,4.1,Lalitpur,"art_gallery, museum, point_of_interest, establishment"
,ADVENTURE ART GALLERY,"भिन्द्यो क्व - सौग: लँ, Lalitpur 44700, Nepal",27.6740859,85.3252345,5.0,Lalitpur,"art_gallery, museum, point_of_interest, store, establishment"
,Mithila Things Art gallery,"M8GC+PPJ, Lalitpur 44600, Nepal",27.6768328,85.3217531,5.0,Lalitpur,"art_gallery, point_of_interest, establishment"
,ART DECOR,"M8M9+59F, Lalitpur 44700, Nepal",27.6829574,85.3183737,5.0,Lalitpur,"art_gallery, point_of_interest, establishment"
,Gallery of Creatives,"Sanepa Chowk, Lalitpur 44600, Nepal",27.6851703,85.30711,3.8,Lalitpur,"art_gallery, point_of_interest, establishment"
,Gallery Station,"Lalitpur 44600, Nepal",27.6777601,85.3145745,0.0,Nepal,"art_gallery, point_of_interest, establishment"
,HUNGRY EYE ART GALLERY,"Lalitpur 44700, Nepal",27.6783642,85.3113835,0.0,Nepal,"art_gallery, museum, point_of_interest, establishment"
,Brush Strokes Art Gallery,"Lalitpur 44600, Nepal",27.6786833,85.3104654,0.0,Nepal,"art_gallery, point_of_interest, establishment"
,The Idyllic Paintings,"M899+F2W, Lalitpur 44600, Nepal",27.6687445,85.3175768,0.0,Lalitpur,"art_gallery, point_of_interest, establishment"
,Prints of Nepali Art,"M8M7+F2H, Bakhundol, Lalitpur 44600, Nepal",27.6837129,85.3126378,5.0,Bakhundol,"art_gallery, point_of_interest, establishment"
,Nuwakot 3D Art Museum,"buspark, Nuwakot 44900, Nepal",27.9038104,85.1444163,0.0,Nuwakot,"museum, point_of_interest, establishment"
,Sachin Art Gallery,"Syangja- Sataun Road, Putalibazar 33800, Nepal",28.1043191,83.8738888,0.0,Putalibazar,"art_gallery, point_of_interest, establishment"
,Zorig Thangka Gallery,"Charumati Vihar, Kathmandu 44602, Nepal",27.7213159,85.361306,4.8,Kathmandu,"art_gallery, point_of_interest, store, establishment"
,Chitra Nepal,"Kathmandu 44600, Nepal",27.7243947,85.3224065,5.0,Nepal,"art_gallery, point_of_interest, establishment"
,Shrestha Art Gallery,"Siddhartha Sadak, Kathmandu 44600, Nepal",27.7109732,85.2938535,5.0,Kathmandu,"art_gallery, point_of_interest, establishment"
,Newa Gallery,"Temple, Kathmandu 00977, Nepal",27.7152926,85.290278,5.0,Kathmandu,"art_gallery, home_goods_store, point_of_interest, store, establishment"
,Art of Nepalaya,"Kathmandu 44600, Nepal",27.7105952,85.3116353,0.0,Nepal,"art_gallery, point_of_interest, establishment"
,Arjun Nepali Arghakhanchi,"Arghakhanchi malarani -8, chhahara, Nepal",28.0732956,83.0484613,0.0,chhahara,"museum, point_of_interest, establishment"
,Shree Shreedharacharya Saligram Museum,"7HWQ+44X, Baglung, Nepal",28.2953507,83.5878706,4.6,Baglung,"museum, point_of_interest, establishment"
,हिलियापानी धारो,"7HMC+3J9, Baglung 33300, Nepal",28.2826616,83.5716231,5.0,Baglung,"museum, point_of_interest, establishment"
,कुमलेको पहरो,"7HMF+63X, Baglung 33300, Nepal",28.2831065,83.5727261,5.0,Baglung,"museum, point_of_interest, establishment"
,Brass and Bronze Museum,"Bhaktapur 44800, Nepal",27.6735419,85.4357212,4.1,Nepal,"museum, point_of_interest, establishment"
,"Falaicha Art,Culture And Museum Stay","Bhojpur 57000, Nepal",27.1567158,87.0843056,5.0,Nepal,"museum, point_of_interest, establishment"
,सहिद अजबलाल ऐसमारक,"R3J4+MRP, Dhanusadham 45600, Nepal",26.8317219,86.0570743,3.5,Dhanusadham,"museum, point_of_interest, establishment"
,Taragaon Next,"Boudhanath Sadak, Kathmandu 44600, Nepal",27.7201823,85.3561869,4.2,Kathmandu,"museum, point_of_interest, establishment"
,The City Museum Kathmandu,"P869+F82, पर्यटक मार्ग, Kathmandu 44600, Nepal",27.7111816,85.3182855,2.5,पर्यटक मार्ग,"art_gallery, museum, point_of_interest, establishment"
,Aviation Museum,"44600, Kathmandu, Nepal",27.6938316,85.3538524,4.0,Kathmandu,"museum, tourist_attraction, point_of_interest, establishment"
,Military Museum,"Kathmandu 44600, Nepal",27.7065591,85.289711,4.4,Nepal,"tourist_attraction, museum, point_of_interest, establishment"
,Birendra Museum,"Kot Square, Gangalal Marg, Kathmandu 44600, Nepal",27.7040812,85.3073134,4.0,Gangalal Marg,"museum, point_of_interest, establishment"
,Tribhuvan Museum,"P834+PW9, Kathmandu 44600, Nepal",27.7042985,85.3073738,4.5,Kathmandu,"museum, point_of_interest, establishment"
,Natural History Museum,"P77Q+M46 Natural Science Museum of Tribhuvan University, Swayambhu Cir Rd, Kathmandu 44600, Nepal",27.7145936,85.2879659,4.2,Swayambhu Cir Rd,"museum, tourist_attraction, point_of_interest, establishment"
,Shree Sadan,"Palace Museum, Kathmandu 44600, Nepal",27.7151866,85.3208639,3.9,Kathmandu,"museum, point_of_interest, establishment"
,Purna Museum of Newa Art,"Kupondole Hts Rd, Lalitpur 44700, Nepal",27.6835819,85.318023,5.0,Lalitpur,"museum, point_of_interest, establishment"
,RICH museum of Craft and Design,"J8M9+949, Lalitpur 44700, Nepal",27.6334191,85.3178297,4.5,Lalitpur,"museum, point_of_interest, establishment"
,Limbu Museum,"M848+QCC, Timba Sirak Factory, Lalitpur 44700, Nepal",27.6568711,85.3160227,3.7,Timba Sirak Factory,"museum, point_of_interest, establishment"
,दुपाःत्वाः पुखुसि फल्चा ( Phukhusi Phalcha ),"Lalitpur 44600, Nepal",27.6695813,85.330258,5.0,Nepal,"museum, point_of_interest, establishment"
,Newa stone craft,"M8CJ+29V, Bhinchhen Baha Marg Uttar, Lalitpur 44600, Nepal",27.6701056,85.3308545,4.7,Bhinchhen Baha Marg Uttar,"museum, point_of_interest, establishment"
,TIBETAN SINGINGBOWL CENTER,"भिन्द्यो क्व, Bhimshen ,(Bangalaamukhi marga, Lalitpur 44600, Nepal",27.674199,85.3252728,4.8,Bhimshen,"museum, point_of_interest, establishment"
,Dhalachhen,"M89H+JMJ, Tyagal - Lalitpur Rd, Lalitpur 44600, Nepal",27.6690774,85.3291483,4.0,Tyagal - Lalitpur Rd,"museum, point_of_interest, establishment"
,Khukuri house gallery,"Patan industrial estate, Lalitpur 44700, Nepal",27.664022,85.3265519,5.0,Lalitpur,"museum, point_of_interest, establishment"
,NIRVANA THANGKA GALLERY,"क्वाल्खु, Lalitpur 44700, Nepal",27.6746172,85.3249087,3.3,Lalitpur,"museum, point_of_interest, establishment"
,PEACE GALLERY IMPEX,"M8GF+3HW, धलायचा लँ, Lalitpur 44700, Nepal",27.6752292,85.3239631,4.0,धलायचा लँ,"museum, point_of_interest, establishment"
,TARA ART CONCERN,"M8FF+RQ5, Kwalakhu Rd, Lalitpur 44700, Nepal",27.6745021,85.3244867,5.0,Kwalakhu Rd,"museum, point_of_interest, establishment"
,Shakya Siddhartha Thanka Painting School,"M8FF+XWV, Kwalakhu Rd, Lalitpur 44700, Nepal",27.674972,85.3248044,5.0,Kwalakhu Rd,"museum, point_of_interest, establishment"
,Gyanlal Handcraft,"M8CG+RQ7, Lalitpur 44700, Nepal",27.6720413,85.3269305,4.6,Lalitpur,"museum, point_of_interest, establishment"
,Nepalese Crafts Pvt. Ltd.,"Patan Industrial Estate, Thulo Chakra, Lalitpur 44700, Nepal",27.6624185,85.3245447,4.3,Thulo Chakra,"museum, point_of_interest, establishment"
,PATAN FINE ART,"M8FF+VX9, Kwalakhu Nhoolan Marg, Lalitpur 44700, Nepal",27.6745993,85.3249616,0.0,Kwalakhu Nhoolan Marg,"museum, point_of_interest, establishment"
,इतिहास हस्तकला,"M8FF+JW6, भिन्द्यो क्व - सौग: लँ, Lalitpur 44700, Nepal",27.6740334,85.3247752,3.0,भिन्द्यो क्व - सौग: लँ,"museum, point_of_interest, establishment"
,Bodhisattva International,"House no 91, Diamond Marg, Lalitpur 44600, Nepal",27.6837017,85.3179958,0.0,Diamond Marg,"museum, point_of_interest, establishment"
,Babu Ratna Stone Carving,"मंगलबजार रोड, Lalitpur 44700, Nepal",27.6690297,85.3289959,4.3,Lalitpur,"museum, point_of_interest, establishment"
,Adi Buddha Handicraft,"PatakwoGalli, Lalitpur 44600, Nepal",27.6736156,85.3262615,1.0,Lalitpur,"museum, point_of_interest, establishment"
,The Unique Handicraft अनुपम हस्तकला,"Kwalakhu Rd, Lalitpur 44700, Nepal",27.6740611,85.324218,2.5,Lalitpur,"museum, point_of_interest, establishment"
,Satyamohan Joshi Loksahitya Sangrahalaya,"M8FG+3PX, Lalitpur 44600, Nepal",27.6726257,85.3267868,0.0,Lalitpur,"museum, point_of_interest, establishment"
,Utpala Arts,"M8GC+GV9, धलायचा लँ, Lalitpur 44600, Nepal",27.6763445,85.3222694,4.7,धलायचा लँ,"museum, point_of_interest, store, establishment"
,Gautam Gift Emporium,"22 Kwalakhu rd, near Golden Temple, Lalitpur 44600, Nepal",27.6752072,85.3247581,5.0,near Golden Temple,"museum, point_of_interest, store, establishment"
,Pwasya Metal Craft,"Ward no. 12 Tangal, Lalitpur 44700, Nepal",27.6692539,85.3244157,5.0,Lalitpur,"museum, point_of_interest, establishment"
,JUJU HANDICRAFT EXPORTERS,"Chakupat-11, Lalitpur 44700, Nepal",27.6803221,85.3253013,0.0,Lalitpur,"museum, point_of_interest, establishment"
,Ashoka Handicrafts,"Nagbahal, Khachhen 44700, Lalitpur 44700, Nepal",27.6754538,85.3236608,5.0,Khachhen,"art_gallery, museum, point_of_interest, store, establishment"
,Seolee Handicraft,"M87H+C3G, Deepawali Marg, Lalitpur 44700, Nepal",27.6635727,85.3277043,0.0,Deepawali Marg,"museum, point_of_interest, establishment"
,Manang Culture Museum,"M28F+4MQ, Tanki Manang 33500, Nepal",28.6653597,84.024244,4.0,Tanki,"museum, point_of_interest, establishment"
,Shiv Temple Lalparsa Ghat,"QPMV+WP2, Lal Parsa, Bihar 845433, India",26.7847675,84.7442684,4.5,Lal Parsa,"museum, point_of_interest, establishment"
,single mango tree,"4V69+WJW, Pyuthan 22300, Nepal",28.1123578,82.8690674,0.0,Pyuthan,"museum, point_of_interest, establishment"
,Tarakhase pokhari,"8477+5HG, Ramechhap Road, Ramechhap 45400, Nepal",27.3129484,86.113946,3.3,Ramechhap Road,"museum, point_of_interest, establishment"
,Sindhuli Gadhi War Museum,"7XH4+QCP Sindhuligadi Memorial Park, Dhulikhel Sindhuli Bhittamod Rajmarg, Jalkanya 45900, Nepal",27.2794969,85.9561365,4.5,Dhulikhel Sindhuli Bhittamod Rajmarg,"museum, point_of_interest, establishment"
,Chaurasia Tole,"J5HR+63M, Siraha 56500, Nepal",26.6280983,86.1901659,0.0,Siraha,"museum, point_of_interest, establishment"
,Bindash dj (Bali yadav),"J5QP+V4X nabraj 5, Siraha 56500, Nepal",26.6397409,86.1853474,0.0,Siraha,"museum, point_of_interest, establishment"
,Saka new plat,"M6MJ+8R7, Siraha 56500, Nepal",26.6832938,86.2320519,0.0,Siraha,"museum, point_of_interest, establishment"
,Everest Science Center Nepal,"Barju - 5, Sitagunj, Sunsari, Nepal Sitagunj, Nepal",26.4476094,87.2126916,3.6,Sitagunj,"museum, point_of_interest, establishment"
,Central Zoo,"Jawalakhel Rd, Lalitpur 44600, Nepal",27.672704,85.3118294,4.0,Lalitpur,"zoo, point_of_interest, establishment"
,Golfutar Sunrise Point,"P8CF+HQ6, Kathmandu 44600, Nepal",27.7456033,85.3487589,5.0,Kathmandu,"park, point_of_interest, establishment"
,Nepal Trek Hub,"Bal Kumari Marg, Kathmandu 44600, Nepal",27.7259526,85.3176154,5.0,Kathmandu,"travel_agency, park, point_of_interest, establishment"
,By Mountain People | unlock your next trekking adventure,"Kathmandu 44600, Nepal",27.7267295,85.3150398,4.9,Nepal,"travel_agency, park, store, point_of_interest, establishment"
,Sandakpur View Tower,"Ilam 57300, Nepal",27.1046917,88.001054,4.5,Nepal,"park, point_of_interest, establishment"
,Maitighar Mandala,"M8VC+R5R, Kathmandu 44600, Nepal",27.6944693,85.3203174,4.2,Kathmandu,"park, point_of_interest, establishment"
,Shahid Dharma Bhakta Statue,"P86Q+VG7, Kathmandu 44600, Nepal",27.7121558,85.3387878,4.0,Kathmandu,"park, point_of_interest, establishment"
,Bakhetro Samabeshi Bakhra Utpadan Firm,"Dudesota khola Dang, Ghorahi 22400, Nepal",28.0576212,82.4734103,5.0,Ghorahi,"zoo, point_of_interest, establishment"
,Nepal Wildlife Resort Pvt Ltd,"2nd Floor bhagbanbahal, Kathmandu 44600, Nepal",27.7153902,85.3123293,4.3,Kathmandu,"zoo, park, point_of_interest, establishment"
,Zebra House,"M9Q5+45J, Kathmandu 44600, Nepal",27.687829,85.357882,3.0,Kathmandu,"zoo, point_of_interest, establishment"
,Bhaktapur Durbar Square LAYAKU,"Bhaktapur 44800, Nepal",27.6722475,85.4274454,4.8,Nepal,"museum, point_of_interest, establishment"
,The Peacock Shop,"Behind Dattatraya Temple Near the Peacock Window, Bhaktapur 44800, Nepal",27.6732197,85.4358238,4.9,Bhaktapur,"tourist_attraction, museum, store, place_of_worship, point_of_interest, establishment"
,LOTUS THANKA ART HANDICRAFTS,"Shree Gha Bihar Rd, Kathmandu 44600, Nepal",27.7094017,85.3098541,4.8,Kathmandu,"museum, point_of_interest, store, establishment"
,The Precious Arts,"Chushika, Hakha Bahal Galli, Lalitpur 44600, Nepal",27.6726296,85.3266042,4.9,Hakha Bahal Galli,"art_gallery, store, point_of_interest, establishment"
,Bhraka Gomba.,"M25R+H95, Manang Sadak, Bhraka 33500, Nepal",28.6588589,84.0410151,4.8,Manang Sadak,"museum, point_of_interest, establishment"
,Curio Concern,"Durbar Marg, Kathmandu 44600, Nepal",27.711452,85.3174464,2.5,Kathmandu,"art_gallery, jewelry_store, furniture_store, home_goods_store, store, point_of_interest, establishment"
,Blue Moon Curio Shop,"Ganesh Man Building, J.P Road, Kathmandu 44600, Nepal",27.7135107,85.3100631,4.5,J.P Road,"art_gallery, store, point_of_interest, establishment"
,"Children's Art Museum of Nepal (CAM Nepal)","P86C+CWC Buddha Air Building (Top Floor, Hattisar Sadak, Kathmandu 44600, Nepal",27.7110516,85.322258,4.2,Hattisar Sadak,"museum, point_of_interest, establishment"
,Khaling Bhumethan2 (चोप्रा),"Solukhumbu, Juving 2, Mapay Dudkoshi 1, 56000, Nepal",27.5988971,86.6924815,5.0,Juving,"museum, point_of_interest, establishment"
,श्री सुपा देउराली मन्दिर (अर्घाखाँची ),"W42P+3GJ, Sitapur, Arghakhanchi, सन्धिखर्क-गोरुसिंगे सडक, सितापुर 32700, नेपाल",27.90022,83.13627,4.6,Sitapur,
,Radha Krishna Temple Mayurbasti,"Bardiya badhaiyatal -8 ,Mayurbasti, 21800, नेपाल",28.3102323,81.4278984,5.0,Mayurbasti,
,काठमाडौं फन भ्याली,"अरनिको राजमार्ग Bhaktapur, अरनिको राजमार्ग Bhaktapur, सुर्यविनायक 44805, नेपाल",27.6467707,85.4670261,3.9,अरनिको राजमार्ग Bhaktapur,
,"Shalom A G. Church , Bhojpur","Bhojpur Municipality - 06, भोजपुर 57000, नेपाल",27.1779842,87.0524338,0.0,भोजपुर,
,ट्रीनिटी चर्च,"Beni Chock, Saradpur, Bharatpur-9, Chitwan, Nepal, 44200, नेपाल",27.6642258,84.434135,2.5,Saradpur,
,Tripureshwor Shiva Mandir,"Bharatpur-9 Sharadpur, Chitwan, भरतपुर 44207, नेपाल",27.6596905,84.4412453,4.7,Chitwan,
,शे-फोक्सुन्डो राष्ट्रिय निकुञ्ज,"Suligad, Dolpa Suligad, 21400, नेपाल",29.4532191,82.8013965,4.3,Dolpa Suligad,
,Nareshwor gorkha,"M975+J48, Gorkha 44600, नेपाल",27.6640693,85.3577914,0.0,Gorkha,
,खप्तड राष्ट्रिय निकुञ्ज,"10800, नेपाल",29.3782752,81.1416691,4.5,नेपाल,
,हुपी ल्याण्ड जल उद्यान,"Kathmandu 44600, नेपाल",27.6620256,85.2875264,4.1,नेपाल,
,Calvary Blessing Church-Achham,"6454+826, साकोट 10700, नेपाल",29.2082877,81.1043465,5.0,साकोट,
,Ramaroshan Patal,"6C4Q+J44, 10700, नेपाल",29.2065143,81.4378249,4.3,10700,
,जुमा मस्जिद मालकोट,"6G43+9WJ जुमा मस्जिद, मालकोट 21300, नेपाल",29.2059597,81.5047772,0.0,मालकोट,
,"राष्ट्रिय संग्रहालय, छाउनी","Museum Marg, काठमाडौँ 44600, नेपाल",27.7057922,85.2895261,4.3,काठमाडौँ,
,सदर चिडियाखाना,"Jawalakhel Rd, ललितपुर 44600, नेपाल",27.672704,85.3118294,4.0,ललितपुर,
,नेपाल अक्वा स्टडियो,"Lazimpat Rd, काठमाडौँ 44600, नेपाल",27.7237678,85.3216457,4.9,काठमाडौँ,
,G Art Gallery,"sundarbasti, tallo vangal, बुढानीलकण्ठ 44600, नेपाल",27.7473528,85.3519197,4.9,tallo vangal,
,"Temple ,achham","53QJ+F6, साकोट 10700, नेपाल",29.189982,81.0813116,5.0,साकोट,
,Achham Nepal binayak,"8822+MXP, 10700, नेपाल",29.3017043,81.3024528,0.0,10700,
,Badatadi Picnic Spot,"RHWW+FF, दुल्लु 21600, नेपाल",28.8461861,81.5962345,0.0,दुल्लु,
,Ramaroshan Lake,"10700, नेपाल",29.233918,81.4688798,4.4,नेपाल,
,नरपानी पिक्निक स्थल,"W46W+M55, सन्धिखर्क-गोरुसिंगे सडक, सन्धीखर्क 32700, नेपाल",27.9116477,83.1454962,4.4,सन्धिखर्क-गोरुसिंगे सडक,
,द वोन्डरल्याण्ड,"J8H4+37, कार्यविनायक 44700, नेपाल",27.6276875,85.3056875,4.0,कार्यविनायक,
,सन्धिखर्क सुसमाचारका चर्च,"X4MH+Q7R, सन्धीखर्क 32700, नेपाल",27.984412,83.1280732,4.3,सन्धीखर्क,
,Islamiya faijunnabi jama masjid,"X5J3+Q38, सन्धीखर्क 32700, नेपाल",27.9819185,83.1527453,3.0,सन्धीखर्क,
,Razan bodey haouseyyy,"26VR+7X, रेसुङ्गा 32600, नेपाल",28.0423095,83.2421209,0.0,रेसुङ्गा,
,Shrestha Aquarium House,"X4GF+GQW, सन्धीखर्क 32700, नेपाल",27.9763873,83.1244543,3.4,सन्धीखर्क,
,लाहुरे टाँसिएको भिर,"V4XM+H3M, सितापुर 32700, नेपाल",27.8989692,83.1326776,4.2,सितापुर,
,Argakhanchi Rock Garden,"24FX+79H, सन्धीखर्क 32700, नेपाल",28.0231931,83.1484697,4.4,सन्धीखर्क,
,Deurali Arghakhanchi,"25XX+JVW, Deurali Chauri Rd, भगवती 32600, नेपाल",28.0491242,83.1997125,4.9,Deurali Chauri Rd,
,जीप पार्क चौक,"7H9X+V93, क्याम्पस रोड, बागलुङ 33300, नेपाल",28.2696375,83.5984261,3.9,क्याम्पस रोड,
,बुद्द हिल Buddha Hill,"7HMG+3Q6 Buddha Hill, बुद्ध, हिल 33300, नेपाल",28.282671,83.576902,4.7,बुद्ध,
,Nepal christian baglung church,"7H8R+J5V, बागलुङ 33300, नेपाल",28.2666138,83.5904232,4.0,बागलुङ,
,Manilal Smriti Viewpoint,"7J84+Q4J, Unnamed Road, 33300, नेपाल",28.2669696,83.6052784,4.6,Unnamed Road,
,Abdul Rahman Masjid ram rekha Baglung,"7J83+4CM, बागलुङ 33300, नेपाल",28.265389,83.6036399,4.8,बागलुङ,
,श्री श्रीधराचार्य शालिग्राम संग्राहलय,"7HWQ+44X, बागलुङ, नेपाल",28.2953507,83.5878706,4.6,बागलुङ,
,Sarkari ban(pala),"7GCV+W4, पाला 33300, नेपाल",28.272319,83.5428145,0.0,पाला,
,Bhakunde Fish Market,"6JQ5+579, भकुण्डे 33300, नेपाल",28.237925,83.6082346,4.5,भकुण्डे,
,कालिका भगवती मन्दिर,"7J47+5C8, बागलुङ 33300, नेपाल",28.2554203,83.6135628,4.7,बागलुङ,
,पञ्चकोट बाग्लुङ्ग,"बागलुङ 33300, नेपाल",28.2889122,83.5784161,4.4,नेपाल,
,JYUTALI BAITADI,"GF99+CGM, Khalanga 10200, नेपाल",29.5185787,80.4688061,5.0,Khalanga,
,Bethshalom Church,"P82C+4G9, काठमाडौँ 44600, नेपाल",27.7002536,85.3213627,5.0,काठमाडौँ,
,Baitadi khakardhar,"GF99+CGM, Khalanga 10200, नेपाल",29.5185787,80.4688061,5.0,Khalanga,
,Bairatpur Mosque,"भतौडा 44400, नेपाल",27.0341554,84.9615296,4.5,नेपाल,
,ईजर,"8JCP+7G, अमरगढी 10300, नेपाल",29.3206897,80.6363362,0.0,अमरगढी,
,Friends Aquatics Nepal,"मध्यपुर थिमि 44600, नेपाल",27.6799846,85.3763028,4.3,नेपाल,
,श्री नीगलासैनी भगवती मन्दिर,"GFG8+6J6, Khalanga 10207, नेपाल",29.5255495,80.4665035,4.7,Khalanga,
,"Pipalkot,Baitadi","HFV2+63X, श्रीकेदार 10200, नेपाल",29.5929514,80.4512259,5.0,श्रीकेदार,
,देस्कोवेरी वोर्ल्ड तरेक,"Kaldhara Marg, काठमाडौँ 44600, नेपाल",27.7157974,85.3083157,5.0,काठमाडौँ,
,Bhundole Ground,"J6PX+RQW, दक्षिणकाली 44600, नेपाल",27.637105,85.2494561,4.4,दक्षिणकाली,
,बारिल झरना Baril waterfall,"H5H5+FR6, जयपृथ्वी 10500, नेपाल",29.578671,81.1595118,4.5,जयपृथ्वी,
,"Ananta Mukti Church, Bajhang, Nepal (अनन्त मुक्ति चर्च)","Ringrode, जयपृथ्वी 10500, नेपाल",29.5509403,81.200997,3.0,जयपृथ्वी,
,Chainpur bajhang,"H52X+QHJ, जयपृथ्वी 10500, नेपाल",29.5519527,81.1988883,4.4,जयपृथ्वी,
,(धौलिगाड)( लघुजलविद्युत),"H2RG+7V, लेखगाउँ 10500, नेपाल",29.5906907,81.0271282,5.0,लेखगाउँ,
,राष्ट्रिय कला सङ्ग्रहालय,"MCCH+W55, Durbar square Durbar Square, भक्तपुर 44800, नेपाल",27.6721934,85.4281506,4.2,Durbar square Durbar Square,
,Bhaktapur Aquarium,"सुर्यविनायक 44800, नेपाल",27.6639935,85.4261263,3.9,नेपाल,
,Masta temple Bhandari gaun bhatekhola Bajhang,"H64X+555, भाटेखोला 10500, नेपाल",29.5553965,81.2479838,5.0,भाटेखोला,
,Bhopur Darbar (Bhopur Palace),"H645+VFV, जयपृथ्वी 10500, नेपाल",29.5572377,81.2086771,4.3,जयपृथ्वी,
,"Jayaprithvinagar, Bajhang","G4J3+W93, कडेल 10500, नेपाल",29.5322548,81.1034166,4.3,कडेल,
,"Lokhada, Khaptad-channa Bajhang","C48V+G58, 10500, नेपाल",29.4162974,81.1429634,5.0,10500,
,Vajra Fulbari Nagar Udhyan (Dikulpuja Park),"Chapagaun to, F24, झरुवाराशी 44700, नेपाल",27.6074903,85.3331856,4.3,F24,
,"Church of Lord's Grace","बडीमालिका 10600, नेपाल",29.456993,81.4791511,4.2,नेपाल,
,Nuri Jama Masjid Nabin,"Q2VG+VC, कजरा रमौल 45600, नेपाल",26.7945691,86.0261703,5.0,कजरा,
,राष्ट्रिय काष्ठकला सङ्ग्रहालय,"MCFP+86P, भक्तपुर 44800, नेपाल",27.673326,85.435567,4.6,भक्तपुर,
,"Tribeni patan, Bajura","P9W3+5Q4, Kailashmandau 44600, नेपाल",27.7453826,85.3544733,4.0,Kailashmandau,
,Jarayotar Statue,"562V+CC4, जरायोटार 57000, नेपाल",27.1510047,87.2435763,4.3,जरायोटार,
,Khopra Trek Nepal,"Pattipa, Bagdol, ललितपुर 44600, नेपाल",27.6708563,85.3011228,5.0,Bagdol,
,सल्लाघारी पिकनिक स्थल,"PF5Q+J28, नगरकोट पदयात्रा मार्ग, महामञ्जुश्री नगरकोट, नेपाल",27.7090273,85.4875642,4.2,नगरकोट पदयात्रा मार्ग,
,Kakrabari,"Doleshwor-Aashapur Rd, सुर्यविनायक, नेपाल",27.6344015,85.4636161,4.6,सुर्यविनायक,
,बाँके राष्ट्रिय निकुञ्ज,"Banke, 21904, नेपाल",28.2276507,81.7072105,4.1,21904,
,Wonderland Water Park,"4M75+26, Ratna Rajmarg H12 (Nepalganj-Surkhet Road), नेपालगञ्ज 21900, नेपाल",28.1122643,81.6581918,4.0,Ratna Rajmarg H12 (Nepalganj-Surkhet Road),
,"Balidan AG Church, Sikta","बाँके राष्ट्रिय निकुञ्ज, Sikta, Raptisonari-1, नेपाल",28.0343512,81.9795524,5.0,Sikta,
,श्री बागेश्वरी मंदिर,"नेपालगञ्ज 21900, नेपाल",28.0617648,81.6237633,4.5,नेपाल,
,HASHMATI MASJID UP MAHA NAGAR PALIKA 5 NEPALGUNJ BANKE NEPAL,"3J3M+X8P, नेपालगञ्ज 21900, नेपाल",28.0549688,81.6333349,5.0,नेपालगञ्ज,
,भानुभक्त चोक,"3J7H+M7F, New Rd, नेपालगञ्ज 21900, नेपाल",28.0640907,81.6282014,0.0,New Rd,
,Ramblers Nepal Trekkng And Adventure Pvt. Ltd.,"3J6Q+9FW, नेपालगञ्ज 21900, नेपाल",28.0609983,81.6387091,3.8,नेपालगञ्ज,
,Picnic park,"बाँसगढी 21800, नेपाल",28.3490936,81.7221675,4.8,नेपाल,
,Banke National Park,"7MQ7+HWG, बाँसगढी 21904, नेपाल",28.288941,81.6648169,4.3,बाँसगढी,
,बर्दिया राष्ट्रिय निकुञ्ज,नेपाल,28.3648644,81.5596427,4.4,,
,Shanti Church,"C8PP+Q5G, महेन्द्र राजमार्ग, नेउलापुर 21800, नेपाल",28.4369346,81.3354598,5.0,महेन्द्र राजमार्ग,
,Masjid bilal gorakh chaura bardiya,"5CR5+R6M, Munalbasti 21800, नेपाल",28.1920652,81.4080453,5.0,Munalbasti,
,"Tharu Cultural Museum, Bardiya National Park, Thakurdwara","F63V+28H, ठाकुरद्धारा 21800, नेपाल",28.45258,81.2433413,4.0,ठाकुरद्धारा,
,"Cage of the Tiger, Bardiya National Park","F63R+3HH, 21800, नेपाल",28.4526575,81.2414824,5.0,21800,
,"Ambassa, Entry Point of Bardiya National Park","G86G+924, नेउलापुर 21800, नेपाल",28.5107288,81.3251272,4.2,नेउलापुर,
,Chautari Community Church (Reformed),"MCCG+8JG, भक्तपुर 44800, नेपाल",27.6708014,85.4266027,5.0,भक्तपुर,
,भक्तपुर दरबार क्षेत्र,"Durbar square, भक्तपुर 44800, नेपाल",27.67207,85.4282951,4.6,भक्तपुर,
,भक्तपुर जामे मस्जिद,"MC9M+W8Q, अरनिको राजमार्ग, भक्तपुर 44800, नेपाल",27.6698252,85.4333642,4.0,अरनिको राजमार्ग,
,भक्तपुर कला ग्यालरी,"MCCH+W55, भक्तपुर 44800, नेपाल",27.6722594,85.4279759,4.6,भक्तपुर,
,वाकुपति नारायण मन्दिर,"MCFP+8RW, भक्तपुर 44800, नेपाल",27.6733709,85.4370815,4.7,भक्तपुर,
,पचपन्न झ्याले दरवार,"Durbar Square, भक्तपुर 44800, नेपाल",27.6721673,85.4285799,4.7,भक्तपुर,
,Bhaktapur Trekking Store,"भक्तपुर 44800, नेपाल",27.6702998,85.4282695,5.0,नेपाल,
,नील बाराही बनभोज स्थल,"M9WW+5M6, मध्यपुर थिमि 44600, नेपाल",27.695404,85.3966293,4.1,मध्यपुर,
,रानीकोट,"JCFH+V62, अनन्तलिङ्गेश्वर, नेपाल",27.6246392,85.4280041,4.3,अनन्तलिङ्गेश्वर,
,Suntale,"63J5+VHH, भोजपुर 57000, नेपाल",27.2321898,87.0589991,3.8,भोजपुर,
,Temke dada,"54R2+8W5, 57000, नेपाल",27.1907718,87.1023746,4.0,57000,
,AQUA CLOSET,"Nagaun dobato, कीर्तिपुर 44618, नेपाल",27.6748205,85.2781001,4.4,कीर्तिपुर,
,सिद्धकाली मन्दिर,"52FW+88P, भोजपुर 57000, नेपाल",27.1733185,87.0458387,4.4,भोजपुर,
,Bhojpur bajar,"52CX+FF5, भोजपुर 57000, नेपाल",27.1711367,87.0487306,4.4,भोजपुर,
,चखेवा CHAKHEWA,"5WXH+W66, भोजपुर 57000, नेपाल",27.1997846,86.9280252,4.5,भोजपुर,
,"Chakhewa, Bhojpur","6W2M+F36, 57000, नेपाल",27.2014599,86.9331294,4.5,57000,
,चितवन राष्ट्रिय निकुञ्ज,नेपाल,27.519285,84.3135318,4.4,,
,James World Fun Park,"Adhwait Chok, Lanku, भरतपुर 44207, नेपाल",27.6767952,84.4068844,3.9,Lanku,
,Makki Jame Masjid مسجد,"MCRC+CRP, भरतपुर 44200, नेपाल",27.6909815,84.4220117,4.5,भरतपुर,
,थारु सांस्कृतिक संग्रहालय तथा अनुसन्धान केन्द्र,"रत्‍ननगर 44200, नेपाल",27.5823711,84.5077146,4.1,नेपाल,
,Chitwan National Park (Sauraha),"HFFV+Q6W, रत्‍ननगर 44200, नेपाल",27.5743603,84.4933382,4.5,रत्‍ननगर,
,Nepal Aquarium & Decoration House,"MCXG+RWH, Pragati Path, भरतपुर 44207, नेपाल",27.699603,84.4273097,4.0,Pragati Path,
,Creative Art Gallery,"HFGV+XM4, Baadreni Road, रत्‍ननगर 44200, नेपाल",27.5773864,84.4942165,3.7,Baadreni Road,
,गैंडा प्रतिमा,"HFGV+WJX, रत्‍ननगर 44204, नेपाल",27.577371,84.4941048,4.4,रत्‍ननगर,
,"The Chitwan Jungle Guides(Crazy Tiger's Trek & Tours)","Bachhaili Road, रत्‍ननगर 44204, नेपाल",27.5766502,84.4965941,4.6,रत्‍ननगर,
,SanoGadi Picnic Spot,"भरतपुर 44200, नेपाल",27.6938142,84.358316,4.1,नेपाल,
,टिकौली जंगल,"JFG7+9CV, भरतपुर 44204, नेपाल",27.6259771,84.4635565,4.3,भरतपुर,
,"Amaragadhi Park, Dadeldhura","7HRX+W85, अमरगढी 10300, नेपाल",29.2922668,80.5983538,4.5,अमरगढी,
,Dream World Amusement Pvt. Ltd.,"Ghumaune Tol, चन्द्रागिरी 7, नेपाल",27.6862568,85.2182448,4.9,चन्द्रागिरी,
,"New India Church of God, Dedaldura, Nepal","H14, 10300, नेपाल",29.3507534,80.6063778,4.0,10300,
,अमरगढी किल्ला,"7HXP+VFP, H14, अमरगढी 10300, नेपाल",29.2997091,80.5861974,4.4,H14,
,GHAUSIA JAMA MASJID Bhimdatta Nagar Palika 4 Street (Gali) No (1) MahindraNagar Dist. KanchanPur SudurPashchim ( Nepal ),"X58J+5Q8, Hospital Link, भीमदत्त 10400, नेपाल",28.96546,80.1819578,5.0,Hospital Link,
,Mahendranagar museum,"X59Q+W9V, भीमदत्त 10400, नेपाल",28.969822,80.1884121,3.8,भीमदत्त,
,उग्रतारा मन्दिर,"8JJ3+QWX श्री उग्रतारा भगवती मन्दिर, H14, अमरगढी 10300, नेपाल",29.3345505,80.6036245,4.7,H14,
,Bhimdatta Panta Statue,"7HXQ+3JX, गडी मार्ग, अमरगढी 10300, नेपाल",29.2976952,80.5891414,3.0,गडी मार्ग,
,डडेलधुरा,"डडेलधुरा, नेपाल",29.2188245,80.4993857,,नेपाल,
,एडभेन्चर ट्रेक्स नेपाल प्रा लि,"ठमेल मार्ग, काठमाडौँ 44600, नेपाल",27.713566,85.3112769,5.0,काठमाडौँ,
,Danda khali,"3H89+V4, बुडर 10900, नेपाल",29.0671962,80.5677505,0.0,बुडर,
,घासको मेला-भुड्डीसल्ला,"9QPW+3R, 10200, नेपाल",29.3851875,80.7970625,5.0,10200,
,Barhakune Park,"3FFP+W4R, घोराही 22400, नेपाल",28.0748617,82.4852598,4.6,घोराही,
,Dream Park,"घोराही 22400, नेपाल",28.0046875,82.4981875,4.4,नेपाल,
,Balidan AG Church Ghorahi Dang,"2FQH+VHV, घोराही 22400, नेपाल",28.0397103,82.4789578,4.5,घोराही,
,Sawarikot View Point,"2HF2+42R, लक्ष्मीपुर 22400, नेपाल",28.022852,82.550008,4.4,लक्ष्मीपुर,
,Al salfiya zama mosque,"2FWQ+5R6, Nayabazar Rd, घोराही 22400, नेपाल",28.0454136,82.4895251,4.3,Nayabazar Rd,
,"थारू साँस्कृतिक संग्रहालय, चखौरा","हेकुली 22412, नेपाल",28.116195,82.2019462,4.1,नेपाल,
,Happy Fish Aquarium Dang,"Gorakshya Toll, Deupur Road, लमही 00977, नेपाल",27.8730077,82.5158099,3.7,Deupur Road,
,Poshan Arts,"47HX+W67, तुलसीपुर 22412, नेपाल",28.1297746,82.2980424,4.8,तुलसीपुर,
,Pandaveshwor Mahadev Temple,"XCCW+J2X, घोराही - धर्ना सडक, धरना 22400, नेपाल",27.9716145,82.4450958,4.5,घोराही - धर्ना सडक,
,BP Chowk,"2FVG+46, घोराही 22400, नेपाल",28.0384607,82.4888854,3.9,घोराही,
,Shahid Netralal Chowk,"2FQP+QM5, F015, घोराही 22400, नेपाल",28.0393923,82.4867423,3.9,F015,
,Hattikharka,"3G99+CP, घोराही 22400, नेपाल",28.0685794,82.5193116,4.5,घोराही,
,Sisne Khola Picnic Spot,"2GG6+JM4, घोराही 22400, नेपाल",28.02652,82.5116878,5.0,घोराही,
,पानीको इनार,"WX47+G975, WX47+G7, मिथिला 45600, नेपाल",26.9058968,85.9632062,4.0,WX47+G7,
,Dhanushadham Church,"R3P6+8X7, धनुषाधाम 45600, नेपाल",26.835801,86.0623246,3.0,धनुषाधाम,
,Dhanusha Dham To Way,"QW7H+4P5, जनकपुर 45600, नेपाल",26.7627621,85.9293596,4.7,जनकपुर,
,धनुष द्वार गेट धनुषाधाम,"R2JW+374, धनुषाधाम 2, नेपाल",26.8301258,86.0457121,4.2,धनुषाधाम,
,Noori Jama Masjid,"W23J+GWC, धनुषाधाम 45600, नेपाल",26.9038178,86.0323054,5.0,धनुषाधाम,
,Janaki Mandir Historical Museum And Janaki Animation,"Unnamed Road, 45600, नेपाल",26.7301842,85.9253389,4.4,45600,
,Janakpur aquarium house,"PWFF+VV6, जनकपुर 45600, नेपाल",26.7246574,85.9246464,3.8,जनकपुर,
,Sunaina Mithila Art Gallery,"PWJG+4CC, जनकपुर 45600, नेपाल",26.7303108,85.9260225,4.8,जनकपुर,
,Shree Hanuman Ram Janaki Mandir,"kumhara Dhanusha 45608Yagyabhumi,, धनुषाधाम 45600, नेपाल",26.884309,86.0390301,4.9,,
,King Janak Monument,"PWVC+6M7, जनकपुर 45600, नेपाल",26.7430337,85.9216811,4.5,जनकपुर,
,धनुषाधाम संरक्षित वन,"R3V2+X5F, धनुषाधाम 45600, नेपाल",26.8449378,86.0504111,4.2,धनुषाधाम,
,ट्रेक नेपाल,"p886+429, काठमाडौँ 44600, नेपाल",27.7152409,85.310043,4.9,काठमाडौँ,
,Champuja Greenery Park/Children Park,"45500, भिमेश्वर नगरपालिका, नेपाल",27.6779445,86.0786748,4.5,भिमेश्वर नगरपालिका,
,Pokhari/पोखरी,"M3GF+FGP, भिमेश्वर नगरपालिका 45500, नेपाल",27.6762001,86.0735732,0.0,भिमेश्वर,
,Dolakha Church,"G4VX+Q7M, हावा 45500, नेपाल",27.5444627,86.1481685,5.0,हावा,
,"द्वाल्खा भिमदेउ, दोलखा भीमसेन मन्दिर","M3HG+5HW, भिमेश्वर नगरपालिका 45500, नेपाल",27.6779789,86.0764479,4.6,भिमेश्वर,
,Aqsa masjid,"M27W+7J, भिमेश्वर नगरपालिका 45500, नेपाल",27.6632548,86.0465325,5.0,भिमेश्वर,
,G.Sagar Aquarium,"गुणकामदेव मार्ग, काठमाडौँ 44614, नेपाल",27.7017294,85.3052411,4.1,काठमाडौँ,
,Dolpo Art Gallery,"P9G9+MWX, बौद्ध सडक, काठमाडौँ 44602, नेपाल",27.7267552,85.3698507,4.8,बौद्ध सडक,
,Sailungeshwor Mahadev,"HX6F+HRR, शैलुङेश्वोर 45500, नेपाल",27.5614829,85.9745015,4.6,शैलुङेश्वोर,
,Kharidhunga Picnic Sport,"PW3Q+X99, तौथली, नेपाल",27.7048377,85.9384948,4.4,तौथली,
,Bhorle Waterfall - भोर्ले झरना,"Q54Q+296, चरिकोट - लामबगर सडक, सुनखानी 45500, नेपाल",27.7550492,86.1883761,4.9,चरिकोट - लामबगर सडक,
,NIM Dolpa Himalayan Church,"XQVR+CFX, Jiun 21400, नेपाल",28.9936413,82.791237,5.0,Jiun,
,Upper Dolpa Trek,"C3MW+7X9, साल्दाङ 21400, नेपाल",29.433172,83.097497,4.1,साल्दाङ,
,Jama Masjid Baluwa,"MW9G+J57, कञ्चनरुप 56400, नेपाल",26.6690297,86.9254081,3.9,कञ्चनरुप,
,Dolpo Museum डोल्पो संग्राहलय,"C3GC+75, साल्दाङ 21400, नेपाल",29.42557,83.0705315,5.0,साल्दाङ,
,Upper Dolpo Nepal,"Saldang 21400 Dolpo, 21400, नेपाल",29.3495942,82.9649802,4.8,21400,
,Maafi Temple,"2HG5+4XH, कालिका 21400, नेपाल",29.0253037,82.5599773,5.0,कालिका,
,डोल्पा,"डोल्पा, नेपाल",29.0538532,83.0790865,,नेपाल,
,Upper Dolpo Trek,"Dolpo, साल्दाङ 21400, नेपाल",29.3796513,83.122279,4.0,साल्दाङ,
,Bhimsen Thapa Park,"Bhimsen Park, Unnamed Road, 34000, नेपाल",28.0161464,84.6454358,4.2,Unnamed Road,
,गोरखा संग्रालय,"Rani Pokhari Maarga, गोरखा 34000, नेपाल",27.9987262,84.6244287,4.4,गोरखा,
,Masjid Gorkha,"गोरखा 34000, नेपाल",27.9935621,84.6283767,5.0,नेपाल,
,Gorakhnath Temple,"M9RP+J73, मध्यपुर थिमि 44600, नेपाल",27.6915042,85.3856631,4.3,मध्यपुर,
,Trekking in Nepal Info ( P. ) Ltd.,"भक्तपुर दरबार क्षेत्र, भक्तपुर 44800, नेपाल",27.6721761,85.4284397,4.4,भक्तपुर,
,Monkey trail,"P7C8+738, Unnamed Road, नागार्जुन 44600, नेपाल",27.7206504,85.2652078,4.3,Unnamed Road,
,Garjura Park,"रेसुङ्गा 32600, नेपाल",28.0777908,83.2536718,4.4,नेपाल,
,Resunga Fun Park,"37H3+48X Resunga park, रेसुङ्गा 32600, नेपाल",28.0786431,83.2526608,4.5,रेसुङ्गा,
,Shalom,"XF9X+2PH, आलमदेवी 33800, नेपाल",27.9675602,83.4993723,5.0,आलमदेवी,
,Gulmi,"36CQ+MVX, रेसुङ्गा 32600, नेपाल",28.071732,83.2396642,4.4,रेसुङ्गा,
,Tamghas masjid,"369R+37F, Tamghas, रेसुङ्गा 32600, नेपाल",28.0676722,83.2406554,5.0,Tamghas,
,Musikot Palace मुसिकोट दरवार,"5768+7Q4, Musikot 32600, नेपाल",28.1605624,83.2668933,4.5,Musikot,
,Pokharel Animal and Agricultural Farm,"VFM4+9F6, Deurali 32500, नेपाल",27.8834098,83.456153,5.0,Deurali,
,Get Fish Aquarium,"J992+GV, गोदावरी 44700, नेपाल",27.618808,85.3520538,4.2,गोदावरी,
,bhagwati mandir thama (sumanbc),"35MV+42R, gulmi 6, रेसुङ्गा 32600, नेपाल",28.0828625,83.1925156,0.0,gulmi,
,Timure Taal,"492H+6P5, शान्तिपुर 32600, नेपाल",28.1005141,83.3793654,4.2,शान्तिपुर,
,गुल्मी,"गुल्मी, नेपाल",28.088934,83.2934086,,नेपाल,
,Pulkamukh Gulmi,"38RR+32F, Unnamed Road, तुराङ 32600, नेपाल",28.0901835,83.3400603,3.9,Unnamed Road,
,Resunga Foot Trail,"378C+8PP, रेसुङ्गा 32600, नेपाल",28.065847,83.2718422,4.3,रेसुङ्गा,
,KankeDeurali tourism spot purkotdaha gulmi,"43FC+95H, भनभने 32600, नेपाल",28.1234335,83.0704842,3.8,भनभने,
,Somai_Danda,"26JG+F9, भगवती 32600, नेपाल",28.0312038,83.2259353,5.0,भगवती,
,मुर्मा सिरान,"G2PQ+FWM, Rara lake, रारा, नेपाल",29.5362068,82.0397864,4.8,Rara lake,
,"ग्रेस चर्च,श्रीनगर हुम्ला, Grace Church Adanchuli Rural Municipality Humla","MV67+Q57 ग्रेस चर्च, श्रीनगर 21000, नेपाल",29.6619971,81.862877,5.0,श्रीनगर,
,हुम्ला,"हुम्ला, नेपाल",30.0051731,81.9534815,,नेपाल,
,"Limi Valley, Humla","2X43+399, ठेहे 21000, नेपाल",30.0051731,81.9534815,0.0,ठेहे,
,यालबाङ गुम्बा,"3J69+9C6, लिमी ल्हाप्चा सडक, मुचू 21000, नेपाल",30.0608684,81.6184289,4.7,लिमी ल्हाप्चा सडक,
,SU FLOWERHORN AQUARIUM,"02, Lazimpat, 44600, नेपाल",27.7196446,85.3183573,3.5,Lazimpat,
,Thehe humla,"5X8G+V47, ठेहे 21000, नेपाल",30.167168,81.9752995,5.0,ठेहे,
,Humla chang la valley trek,"XV5W+Q5C, बरगाउँ 21000, नेपाल",29.9594469,81.8954011,3.0,बरगाउँ,
,HIMALAYAN TREKKERS PVT.LTD,"POB. No: 20620, ठमेल मार्ग 26, काठमाडौँ 44600, नेपाल",27.7151201,85.3113085,4.9,ठमेल,
,लिमी,"लिमी, नेपाल",30.3070715,81.647344,,नेपाल,
,हिमालय सीनरी ट्रेकहरू प्राइवेट लिमिटेड,"Chhetrapati, काठमाडौँ 44600, नेपाल",27.7120932,85.3074167,4.7,काठमाडौँ,
,Himalayan Companion Treks and Expedition,"Mhepi 29, काठमाडौँ 44600, नेपाल",27.7269229,85.3111875,4.1,काठमाडौँ,
,Magical Nepal (P) Ltd.,"ठमेल मार्ग, काठमाडौँ 44600, नेपाल",27.7159329,85.3117579,4.9,काठमाडौँ,
,सिमिकोट,"सिमिकोट 21000, नेपाल",29.9862834,81.8333656,,नेपाल,
,Raling Hotel,"सिमिकोट 21000, नेपाल",29.972497,81.8182818,3.8,नेपाल,
,simikot humla,"सिमिकोट 21000, नेपाल",29.9862834,81.8333656,5.0,नेपाल,
,Rara National Park,"G3FH+GGX Rara Lake, रारा 21100, नेपाल",29.5238567,82.0788445,4.4,रारा,
,"Aul puma, Humla","Q2R4+CG5, गोठी 21000, नेपाल",29.7910152,82.0063566,3.0,गोठी,
,Fun Park Ilam,"WW5J+V2R, ईलाम 57300, नेपाल",26.9096976,87.9297417,4.0,ईलाम,
,हिमालय क्रुसेड पेन्तीकोस्टल चर्च इलाम,"VWPF+7J9, ईलाम 57300, नेपाल",26.8856467,87.9241379,4.2,ईलाम,
,इलाम भ्यू टावर,"Panitanki, ईलाम 57300, नेपाल",26.9141056,87.9274384,4.2,ईलाम,
,"Pahadi jama masjid, ilam nagar palika","WW3F+2W4, ईलाम 57300, नेपाल",26.9017096,87.9237209,3.0,ईलाम,
,चियाबारी कटेज,"WW7G+VFM Ilam, Bazar 57300, नेपाल",26.9147055,87.9261745,3.9,Bazar,
,Ilam Art,"WW5G+XXV, ईलाम 57300, नेपाल",26.9099915,87.9274266,0.0,ईलाम,
,सिंहबाहिनी मन्दिर,"WW4H+H3G, मेची राजमार्ग, ईलाम 57300, नेपाल",26.906431,87.9276968,4.6,मेची राजमार्ग,
,The Triangle,"WW6G+855, ईलाम 57300, नेपाल",26.9107605,87.92549,4.5,ईलाम,
,East Nepal Adventure Trekking & tour,"Bhanupath Ilam, Bazar 57300, नेपाल",26.9078005,87.9238777,5.0,Bazar,
,Todke Jharna,"2WVW+JFR, ईलाम 57300, नेपाल",27.0441079,87.9461457,4.4,ईलाम,
,Chapabot park,"PC39+R82, High School Bus Stand, चाँगुनारायण 44802, नेपाल",27.7045163,85.4182586,4.1,High School Bus Stand,
,Church,"P9JP+JPQ, जनसुधार मार्ग, गोकर्णेश्वर 44600, नेपाल",27.7316138,85.3868602,0.0,जनसुधार मार्ग,
,Jajarkot Risang,"खलङ्गा 21500, नेपाल",28.708275,82.1994492,5.0,नेपाल,
,कश्मीरी जामा मस्जिद नेपाल काठमाडौं,"P859+G33, दरवार मार्ग, काठमाडौँ 44600, नेपाल",27.7087615,85.3176462,4.6,दरवार मार्ग,
,Barekot 7 luhag Jajarkot,"P8H6+HG6, काठमाडौँ 44600, नेपाल",27.7289146,85.3112622,5.0,काठमाडौँ,
,तिर हने jajarkot को राजाले,"M6FF+62, कोटजहारी 22000, नेपाल",28.6731144,82.2225179,5.0,कोटजहारी,
,Salbari Park,"M2G7+366, Charali- Sanischare Rd, शनि अर्जुन 57205, नेपाल",26.6751638,88.0130266,4.3,Charali- Sanischare Rd,
,ह्याप्पील्याण्ड फनपार्क,"MV4X+4HQ, कन्काई 57200, नेपाल",26.6553354,87.8989824,4.2,कन्काई,
,New Church Bhangbari Jhapa,"MMXW+MJJ, दमक 57217, नेपाल",26.6992166,87.696525,5.0,दमक,
,आदर्श टोल,"HV3R+FGP, Surunga - Jhapa Rd, शरणामती 57200, नेपाल",26.5538365,87.8916127,4.7,Surunga - Jhapa Rd,
,Jama Masjid,"Jhapa Gaunpalika 3, शरणामती 57200, नेपाल",26.5455087,87.8942451,0.0,शरणामती,
,Jhapa Natak Ghar,"MX2G+586, बिर्तामोड 57204, नेपाल",26.6504229,87.975756,4.4,बिर्तामोड,
,Jamunkhadi Zoo,"MW36+6XX Jamunbadi Wetland Area, कन्काई 57200, नेपाल",26.6531057,87.9124977,3.9,कन्काई,
,Exotic Aquariums and Pet Shop,"MM5X+Q53, दमक 57217, नेपाल",26.6593994,87.6979017,4.6,दमक,
,DEHI ART,"Ward office road, West of Manisha Polyclinic, Mechinagar 6, नेपाल",26.6473659,88.1532933,4.5,West of Manisha Polyclinic,
,Durgapur Jhapa,"JWMF+VMQ, कन्काई 57200, नेपाल",26.6392992,87.9287896,3.7,कन्काई,
,यलम्बर चोक Yalamber Chowk,"MM7V+X25, Pashupati Oil Rd, दमक 57217, नेपाल",26.6648816,87.6926156,4.1,Pashupati Oil Rd,
,झापा चोक,"G3QP+QPG, भद्रपुर 57200, नेपाल",26.5394291,88.0868179,5.0,भद्रपुर,
,Trek 8586,"Ilaka Road, बिर्तामोड 57204, नेपाल",26.6425567,87.9960388,4.9,बिर्तामोड,
,Minimountain Picnic Spot,"Q4FW+CG3, जिर्मले 57200, नेपाल",26.7735143,88.1462922,3.9,जिर्मले,
,"Pragati Tol Danda, East-West Highway","J5W5+CV9, मेचीनगर, नेपाल",26.6460254,88.1597233,3.9,मेचीनगर,
,Jumla Botanical Garden Dhitachaur,"76C4+Q98, देपालगाउँ 21200, नेपाल",29.2719153,82.2059395,5.0,देपालगाउँ,
,Nepal Jagriti Church,"P9CF+XFF, गोकर्णेश्वर 44600, नेपाल",27.7224265,85.3736831,5.0,गोकर्णेश्वर,
,जुम्ला,"जुम्ला, नेपाल",29.2889218,82.3017728,,नेपाल,
,नेपाली जामे मस्जीद,"Jame Market, दरवार मार्ग, काठमाडौँ 44600, नेपाल",27.7068043,85.3166468,4.6,दरवार मार्ग,
,"गुह्येश्वरी शक्तिपीठ मन्दिर, काठमाण्डौं","P963+G93, काठमाडौँ 44621, नेपाल",27.7112609,85.3534316,4.6,काठमाडौँ,
,Jumla valley,"75FM+WCQ, चन्दननाथ 21200, नेपाल",29.2748377,82.183599,4.5,चन्दननाथ,
,"Sinja Valley , Jumla","C268+HR, कनकासुन्दरी 21200, नेपाल",29.4114697,82.0171216,4.6,कनकासुन्दरी,
,"Hemraj's House","75FH+FV8, jumla marga, चन्दननाथ 21200, नेपाल",29.2736648,82.1796897,0.0,jumla marga,
,रारा ताल,"रारा ताल, रारा 21100, नेपाल",29.5238567,82.0788445,4.7,रारा,
,Picnic sport jumla,"75WP+92J, चन्दननाथ 21200, नेपाल",29.29597,82.1850172,5.0,चन्दननाथ,
,Simkhada picnic spot,"75WP+92, चन्दननाथ 21200, नेपाल",29.2959197,82.185034,5.0,चन्दननाथ,
,Khali Chaur,"पातरासी 21200, नेपाल",29.3584662,82.1606537,4.5,नेपाल,
,टीकापुर पार्क,"F4PH+P63, टिकापुर 10901, नेपाल",28.4867707,81.1280537,4.3,टिकापुर,
,धनगढी फन सिटी प्रा. लि,"Bhansar Rd, धनगढी 10900, नेपाल",28.6929426,80.5566861,4.0,धनगढी,
,Alpha Church,"J5H4+8P, लम्की चुहा, नेपाल",28.6285231,81.1560598,5.0,लम्की चुहा,
,Jakhor Lake,"PJ4C+RVQ, धनगढी 10900, नेपाल",28.7070775,80.6222412,4.0,धनगढी,
,Noori Jama Masjid PashupatiTol Dhangadhi (1) District Kailali SudurPashchim (Nepal),"Santoshi Road, धनगढी 10900, नेपाल",28.7012365,80.588241,4.2,धनगढी,
,The Dhangadhi 3D Art Museum,"धनगढी 10900, नेपाल",28.7097596,80.5765835,3.8,नेपाल,
,Maheshpur,"Andaiya badaipur, धनगढी 10911, नेपाल",28.7559515,80.8087056,4.0,धनगढी,
,"New Ocean View Aquariums & Pet Shop, Dhangadhi","धनगढी 10900, नेपाल",28.7085446,80.5757235,4.6,नेपाल,
,Roshan art gallery,"धनगढी 10900, नेपाल",28.7066993,80.5897058,5.0,नेपाल,
,श्री बेहडा बाबा मन्दिर,"10900, नेपाल",28.7395886,80.7064898,4.4,नेपाल,
,Lovely Chok,"धनगढी 10900, नेपाल",28.7164815,80.5950823,3.8,नेपाल,
,राजकाँडा,"VVHQ+XXX, मोहन्याल 10900, नेपाल",28.88,80.89,4.0,मोहन्याल,
,Valka kund picnic spot,"QJHW+35, अत्तरीया 10900, नेपाल",28.7776902,80.6454625,4.2,अत्तरीया,
,मितेरी पार्क,"6X28+GFV, पोखरा 33700, नेपाल",28.2013727,83.9661579,4.2,पोखरा,
,पोखरा डिज्नील्याण्ड,"Lakeside Khara, पोखरा 33700, नेपाल",28.2182839,83.9581569,4.1,पोखरा,
,St. Anne’s Catholic Church,"6XFM+9P5, गणेशमान सिंह मार्ग, पोखरा 33700, नेपाल",28.2233822,83.9843868,4.3,गणेशमान सिंह मार्ग,
,"Polyang, Kaski","Unnamed Road, 33700, 33700, नेपाल",28.1086002,84.2164607,4.3,33700,
,Masjid Aqsa,"6266+4HF, पोखरा 33700, नेपाल",28.2102967,84.0114232,4.6,पोखरा,
,अन्तर्राष्ट्रिय पर्वतीय संग्रहालय,"पोखरा 33700, नेपाल",28.1893016,83.9797849,4.4,नेपाल,
,पोखरा जनावर क्षेत्र,"5454+5H2, लेखनाथ 33700, नेपाल",28.1578917,84.1064056,3.1,लेखनाथ,
,पोखरा अक्वायरियम,"Nayabazar Rd, पोखरा 33700, नेपाल",28.2199902,83.9899451,3.9,पोखरा,
,सरीया आर्ट ग्यालेरी,"Hotel yellow pagoda, पोखरा 33700, नेपाल",28.1965344,83.9701116,4.7,पोखरा,
,विन्ध्यवासिनी मन्दिर,"Pokhara-Baglung Hwy Bindhyabasini, पोखरा 33700, नेपाल",28.2377642,83.984173,4.6,पोखरा,
,Kaskikot Palace,"7WC3+RXX, कास्कीकोट 33700, नेपाल",28.2721091,83.9049714,4.5,कास्कीकोट,
,The Mountain House Treks & expedition Pvt.Ltd - Trekking in Pokhara Nepal,"Nahar Marg street no 32, पोखरा 33700, नेपाल",28.2130688,83.9658096,5.0,पोखरा,
,कास्कीकोट पिक्निक स्पट,"7W8G+Q4, पोखरा 33700, नेपाल",28.266974,83.925286,4.9,पोखरा,
,"Kori Hill,कोरी डाँडा","C59H+796, नमर्जुंग 33700, नेपाल",28.4181717,84.1783894,4.6,नमर्जुंग,
,रत्न पार्क,"रत्न पार्क पथ, काठमाडौँ 44600, नेपाल",27.7060531,85.3148081,3.9,काठमाडौँ,
,काठमाडौं फन पार्क,"प्रदर्शनी मार्ग, काठमाडौँ 44600, नेपाल",27.701377,85.3203981,4.0,काठमाडौँ,
,GREATER GRACE CHURCH KATHMANDU NEPAL,"pepsicola काठमाडौ महानगर पालिका ३२ पेप्सिकोला, 44600, नेपाल",27.6872969,85.3648296,3.7,44600,
,स्वप्न बगैँचा,"P877+MR2, त्रिदेवी सडक, काठमाडौँ 44600, नेपाल",27.7141261,85.3145041,4.2,त्रिदेवी सडक,
,तारागाउँ संस्कृति सङ्ग्रहालय,"बौद्धनाथ सडक, काठमाडौँ 44600, नेपाल",27.7201823,85.3561869,4.2,काठमाडौँ,
,पशुपतिनाथ मन्दिर,"पशुपतिनाथ मार्ग, काठमाडौँ 44600, नेपाल",27.710512,85.3488125,4.7,काठमाडौँ,
,काठमाडौं दरबार क्षेत्र,"काठमाडौँ 44600, नेपाल",27.7042737,85.307463,4.5,नेपाल,
,पाटन दरबार क्षेत्र,"ललितपुर 44600, नेपाल",27.6726981,85.3253211,4.6,नेपाल,
,Nepal Trekking Experts Pvt. Ltd.,"Amrit Marg,Thamel, Post Box: 23437, काठमाडौँ 44600, नेपाल",27.7157787,85.3128545,5.0,Thamel,
,शंख पार्क,"P8MV+93R, Pragati Tole Marg, काठमाडौँ 44600, नेपाल",27.7334797,85.3426304,4.2,Pragati Tole Marg,
,Kavre,"Layaku Rajmanch, Layaku, बनेपा 45210, नेपाल",27.6337163,85.5193611,4.4,Layaku,
,"Nepali Evangelical Church (NEC), Banepa, Kavre, Nepal","JGM8+CGQ, बनेपा 45210, नेपाल",27.6335873,85.516362,5.0,बनेपा,
,TINDHARA JHARANA WATERFALL BASE,"पाँगु 45200, नेपाल",27.487874,85.5652426,4.5,नेपाल,
,पनौती संग्रहालय,"HGP8+2V7, Indreshwor Temple Square, पनौती 45209, नेपाल",27.5850271,85.51709,4.4,Indreshwor Temple Square,
,Maa Chandeshwori Aquariums,"Banepa kwolan tole, बनेपा 45210, नेपाल",27.6330743,85.5186673,4.5,बनेपा,
,इथुली फल्चा:,"MC8X+PPV, Unnamed Road, 44800, नेपाल",27.6668549,85.4492827,5.0,Unnamed Road,
,Panauti Durbar Square पनौती दरबार क्षेत्र,"HGP8+255, पनौती 45209, नेपाल",27.5850165,85.5154733,4.6,पनौती,
,काभ्रेपलान्चोक,"काभ्रेपलान्चोक, नेपाल",27.5285353,85.643487,,नेपाल,
,Achakhel,"JGJG+WW6, Ghokechaur Marg, बनेपा 45210, नेपाल",27.6322896,85.5272634,0.0,Ghokechaur Marg,
,Community Hike,"community hike, Sanga, पनौती, नेपाल",27.6416498,85.4778176,4.6,Sanga,
,PANAUTI COMMUNITY PICNIC SPOT,"पनौती 45209, नेपाल",27.5980103,85.4993294,5.0,नेपाल,
,"Manebhanjyang park, Sakela Gaaunpalika, khotang","56200, नेपाल",27.1601655,86.851728,4.6,नेपाल,
,"Hantolung Park, Nunthala","6Q7V+GFP, दिक्तेल 56200, नेपाल",27.2518125,86.7468125,0.0,दिक्तेल,
,साब्रु एलाेहीम मण्डली,"8Q2X+WF, खार्मी 56200, नेपाल",27.3023309,86.7986598,0.0,खार्मी,
,खोटांग बजार,"खोटांग बजार 56200, नेपाल",27.026608,86.8471308,,नेपाल,
,Haleshi Mahadev Temple,"5JVC+4V7, महादेवस्थान 56200, नेपाल",27.1927785,86.6221567,4.8,महादेवस्थान,
,Diktel Bazar,"दिक्तेल 56200, नेपाल",27.2231286,86.7878354,4.4,नेपाल,
,Mundhum Trail,"5WXH+Q9X, 57000, नेपाल",27.1994849,86.9284717,4.9,57000,
,Thalthale Picnic Spot,"2XJ4+H3, धोत्लेखानी, नेपाल",27.03143,86.955213,5.0,धोत्लेखानी,
,Rupakot Danda रुपाकोट डांडा,"7Q6J+JX7, दिक्तेल 56200, नेपाल",27.2615401,86.7824351,4.7,दिक्तेल,
,यु एन पार्क,"M8PG+6GJ, Park Ln, ललितपुर 44700, नेपाल",27.6855826,85.3262662,3.9,Park Ln,
,Our Lady Of Assumption Church,"M8F4+3J4, Jhamsikhel Road, ललितपुर 44700, नेपाल",27.6726342,85.306591,4.6,Jhamsikhel Road,
,Jame Masjid Patan,"M8FH+4VG, ललितपुर 44700, नेपाल",27.672801,85.3297129,4.5,ललितपुर,
,पाटन संग्रहालय,"M8FG+944, भिन्द्यो क्व - सौग: लँ, ललितपुर 44700, नेपाल",27.6733773,85.3253361,4.6,भिन्द्यो क्व - सौग: लँ,
,NEW AQARIUM CENTRE,"Hospital Rd, ललितपुर 44700, नेपाल",27.6691469,85.3217997,4.1,ललितपुर,
,कृष्ण मन्दिर,"M8FF+CXG, ललितपुर 44700, नेपाल",27.673565,85.3249533,4.7,ललितपुर,
,Balkumari Picnic Spot,"J8HC+RPQ Balkumari Temple, ललितपुर 44700, नेपाल",27.6295823,85.321853,4.1,ललितपुर,
,पदयात्रा नेपालका लागि,"Bharma Kumari Marga, काठमाडौँ 44600, नेपाल",27.7131801,85.3124974,4.6,काठमाडौँ,
,"Gairikhoriya(Koiralaphant),Lamjung,Nepal.","48XF+FGX, Koiralaphant 33600, नेपाल",28.1487347,84.3238547,4.8,Koiralaphant,
,फिस्टेल ड्रीम पार्क,"5XGR+2G7, बागमारा रोड, पोखरा 33700, नेपाल",28.174387,83.9925495,4.1,बागमारा रोड,
,The Church of Children of Light,"36RW+P7P, समिभन्ज्यांग 33600, नेपाल",28.0918378,84.2456939,5.0,समिभन्ज्यांग,
,Lamjung Durbar,"6978+7Q3, वेसीशहर 33600, नेपाल",28.2131351,84.3669256,4.4,वेसीशहर,
,फैजन ए मुस्किल कुशा मुसल्ला,"69HH+H46, वेसीशहर 33600, नेपाल",28.2289239,84.3777857,5.0,वेसीशहर,
,SHILPI MUSEUM,"वेसीशहर 33600, नेपाल",28.205943,84.3707288,5.0,नेपाल,
,Akaladevi Mandir अकलादेवी मन्दिर,"5C6Q+3G9, डुम्रे-बेसिशहर-चामे राजमार्ग, भोटेओडार 33600, नेपाल",28.1601589,84.4388693,4.6,डुम्रे-बेसिशहर-चामे राजमार्ग,
,Bhulbhule Canyoning Lamjung,"79RG+MGR, खुदी 33600, नेपाल",28.2917289,84.3762741,4.5,खुदी,
,LIPE HILL,"इलाम पोखरी 33600, नेपाल",28.2359081,84.5570933,5.0,नेपाल,
,Campsite on Upper Marsyangdi reservoir,"8C72+9RW, बाहुनडाँडा 33600, नेपाल",28.3134908,84.4020769,5.0,बाहुनडाँडा,
,शहीद स्मारक पार्क,"CXVX+2R, हेटौडा 44100, नेपाल",27.4430853,84.9999735,4.3,हेटौडा,
,Adventure World Hetauda,"CXVX+2R, हेटौडा 44100, नेपाल",27.4423914,85.0003456,5.0,हेटौडा,
,Makwanpur Prasansa Mandali,"C26M+6WG, हेटौडा 44107, नेपाल",27.4105998,85.0348503,5.0,हेटौडा,
,जामे मस्जिद,"C2GP+MGQ, हेटौडा 44107, नेपाल",27.4267056,85.0364788,4.2,हेटौडा,
,"Frn's Aquarium","श्री भुटनदेवी उच्च माध्यमिक विद्यालय, हेटौडा 44107, नेपाल",27.428594,85.0352454,4.9,हेटौडा,
,पशुपती मन्दिर,"C29M+MFM, हेटौडा 44107, नेपाल",27.4192101,85.0336847,4.6,हेटौडा,
,Martyrs Memorial Park,"C2V2+V6J शहीद स्तम्भ, हेटौडा 44100, नेपाल",27.4420456,84.9999012,4.3,हेटौडा,
,Makawanpur Gadhi,"C46W+CX5, मकवानपुरगढी 44100, नेपाल",27.4110229,85.1474859,4.4,मकवानपुरगढी,
,सगरमाथा पैदल यात्रा ट्रेकहरू र अभियान,"Pandey Chap Bus Park Kirtipur -15, 44100, नेपाल",27.655663,85.276063,4.5,44100,
,Makawanpur Gadi Picnic Spot,"C562+J6C, Trail to Makwanpur Gadhi, मकवानपुरगढी 44100, नेपाल",27.4115616,85.1505069,4.5,Trail to Makwanpur Gadhi,
,कुवापानी डाँडा,"FWMP+VM3, हेटौडा 44100, नेपाल",27.4846314,84.936665,4.3,हेटौडा,
,New kachan,"94VF+WJR, नमर्जुंग 33700, नेपाल",28.394857,84.124008,0.0,नमर्जुंग,
,Tanki Manang,"M2C7+H8M, मनाङ गाविस 33500, नेपाल",28.6714712,84.0133118,4.7,मनाङ,
,मनाङ संस्कृति संग्रहालय,"M28F+4MQ, टंकी मनांङ् 33500, नेपाल",28.6653597,84.024244,4.0,टंकी,
,अन्नपुर्ण संरक्षण क्षेत्र,"R2C8+5MX, जोमसोम 33100, नेपाल",28.8204837,84.0167423,4.6,जोमसोम,
,Samriddhi Aquarium,"5XVW+RC3, पोखरा 33700, नेपाल",28.194521,83.9960592,5.0,पोखरा,
,श्री मुक्तिनाथ मन्दिर,"Muktinath-Chumig Gyatsa Pilgrimage Site, मुक्तिनाथ 33100, नेपाल",28.8169466,83.871798,4.7,मुक्तिनाथ,
,थोरङ्गला भञ्ज्याङ,"QWVQ+CFQ, Thorong Phedi - Thorong La Rd, टंकी मनांङ् 33500, नेपाल",28.7935762,83.9387337,4.9,Thorong Phedi - Thorong La Rd,
,Hotel Mountain Lake,"M27G+P6H, टंकी मनांङ् 33500, नेपाल",28.6643135,84.0256055,4.2,टंकी,
,Itahara Chowk ईटहरा चोँक,"GJP7+XGM, इटहरा 56600, नेपाल",26.5374614,87.6137972,4.1,इटहरा,
,यिप्पी ल्याण्ड,"इटहरी 56705, नेपाल",26.6989948,87.2924747,4.3,नेपाल,
,Biratnagar Pravat Church,"Biratnagar Sub-Metropolitan -5, Kanchanbari, Morang, Koshi, नेपाल",26.4839258,87.2728828,0.0,Kanchanbari,
,बेतना सिमसार,"MC5J+PR8, बेलवारी 56600, नेपाल",26.6592765,87.4320678,4.2,बेलवारी,
,"जामा मस्जिद ,विराटनगर","Sarochiya Road, विराटनगर 56613, नेपाल",26.4582407,87.2775471,4.5,विराटनगर,
,एभरेष्ट साईन्स सेन्टर,"Barju - 5, Sitagunj, Sunsari, Nepal Sitagunj, नेपाल",26.4476094,87.2126916,3.6,Sitagunj,
,"Biratnagar Aquarium ""Modern Aquatic Pet""","हिमालय हलको छेउमा, Biratnagar - 9, Himalaya Rd बिराटनगर - ९, हिमालय रोड (महेन्द्र चोक, विराटनगर, नेपाल",26.4541004,87.278561,4.8,Biratnagar,
,"Bajrangbali Temple, Gramthan - 7, Morang, Nepal","H8XV+849, बनिगामा रोड, वनिगामा 56600, नेपाल",26.5982809,87.3428583,5.0,बनिगामा रोड,
,Jirikhimti chowk morang,"MG6R+6WM Dash Khola, Dans Morangi Bridge, पथरी शनिश्चरे 56600, नेपाल",26.660576,87.5422845,5.0,Dans Morangi Bridge,
,ताल तलया,"P822+323, इटहरी, नेपाल",26.7001495,87.3000599,4.2,इटहरी,
,Morang,"FG45+PXC, रङ्गेली 56600, नेपाल",26.4568026,87.5099057,5.0,रङ्गेली,
,Madan Bhandari Memorial Park,"चित्रवन 44200, नेपाल",27.6553012,84.2844909,4.2,नेपाल,
,Anugrah Pabitra Church ( अनुग्रह पवित्र चर्च ) - Biblical Church at Nawalparasi,"School chowk, गैंडाकोट 33000, नेपाल",27.697503,84.3072928,5.0,गैंडाकोट,
,सीजी शाश्वतधाम,"33004, Dumkauli 33004, नेपाल",27.6772404,84.2113584,4.2,Dumkauli,
,Narayani River Amaltari,"H34R+FQQ, कावासोती 33007, नेपाल",27.556206,84.0919986,5.0,कावासोती,
,Parsa Nepali Jame Masjid,"JH48+VGV, Sichai Rd, खैरहानी 44200, नेपाल",27.6072261,84.5663111,4.3,Sichai Rd,
,Tharu Cultural Museum,"Gairi Bypass, कावासोती 33000, नेपाल",27.6252614,84.1587752,4.4,कावासोती,
,Kalawati Art Garden,"P93Q+MC6, VijayaNagar Marg, I 33000, नेपाल",27.7041755,84.3885186,4.5,VijayaNagar Marg,
,"Raju Arts, Parasi, Nawalparasi","GMJ8+97V, रामग्राम 33007, नेपाल",27.530988,83.6656641,4.0,रामग्राम,
,Riders Mountain Bike Station and Kids Cycle Store,"Bharatpur 3, Kamalnagar, 44200, नेपाल",27.6947346,84.420453,4.8,Kamalnagar,
,British Camp Picnic Spot,"गैंडाकोट 33000, नेपाल",27.7217236,84.4269785,4.3,नेपाल,
,"Arelighari dhodeni, Nawalparasi","Arelighari dhodeni to, गैंडाकोट 33000, नेपाल",27.7505808,84.3817729,4.0,गैंडाकोट,
,जम्दार बाजेको घर घलान बाजे,"W598+QC8, बिदुर 44900, नेपाल",27.9194201,85.1660825,0.0,बिदुर,
,SB,"पासाङ ल्हामु राजमार्ग, बिदुर 44900, नेपाल",27.9407509,85.1572659,5.0,बिदुर,
,Battar New Vision Church Inarpati,"Inarpati, Bidur-6, बिदुर 44900, नेपाल",27.9043554,85.1531216,4.0,Bidur-6,
,नुवाकोट सात-तले दरबार,"W577+FRQ, नुवाकोट सडक, बिदुर 44900, नेपाल",27.9137229,85.1646211,4.4,नुवाकोट सडक,
,"Jame Masjid Devighat, Nuwakot","V466+456, बिदुर 44900, नेपाल",27.8602799,85.1103951,3.8,बिदुर,
,Nuwakot Durbar Square Museum,"W5F7+FP, बिदुर 44900, नेपाल",27.9236376,85.1643118,4.9,बिदुर,
,श्री भैरबी मन्दिर नुवाकोट,"W577+2FC, बिदुर 44900, नेपाल",27.9125607,85.1636143,4.6,बिदुर,
,Nuwakot Durbar Square,"W577+FRX, नुवाकोट सडक, बिदुर 44900, नेपाल",27.9137359,85.1646101,4.4,नुवाकोट सडक,
,Siltanki Nuwakot,"W5V4+4QR, बिदुर 44900, नेपाल",27.9428708,85.1568824,4.2,बिदुर,
,D-Siltank picnic spot,"बिदुर 44900, नेपाल",27.9421887,85.1582905,4.3,नेपाल,
,ककनी भ्यू प्वाइन्ट,"ककनी 44900, नेपाल",27.8142941,85.2686545,4.2,नेपाल,
,Sidhicharan Park,"8F9X+3XF, सगरमाथा राजमार्ग, कटारी 56100, नेपाल",27.3176885,86.4999211,4.1,सगरमाथा राजमार्ग,
,"Birendra Park, Okahdlhunga","56100, सिद्धिचरण, नेपाल",27.3157808,86.4972739,4.4,सिद्धिचरण,
,Aarohan church,"8GC4+964, सिद्धिचरण 56100, नेपाल",27.3211426,86.5056085,0.0,सिद्धिचरण,
,ओखल्ढुङ्गा टुडिखेल,"सिद्धिचरण 56100, नेपाल",27.3143202,86.502892,4.1,नेपाल,
,Okhaldhunga Historical Museum,"8G2V+586, सिद्धिचरण 56100, नेपाल",27.3004068,86.5432686,5.0,सिद्धिचरण,
,"Shiva Temple, Okahdlhunga","56100, सिद्धिचरण, नेपाल",27.3131221,86.5025156,4.0,सिद्धिचरण,
,Historical Okhaldhunga,"8F9X+3WP, सिद्धिचरण 56100, नेपाल",27.317724,86.4998222,4.9,सिद्धिचरण,
,नेपाल ट्रेक हब,"Bal Kumari Marg, काठमाडौँ 44600, नेपाल",27.7259526,85.3176154,5.0,काठमाडौँ,
,Thamdanda,"8GJ8+692, सिद्धिचरण 56100, नेपाल",27.3305157,86.5158917,4.8,सिद्धिचरण,
,Ramapithecus Park,"PFP8+F73, H10, दोभान 32500, नेपाल",27.736148,83.4656855,4.3,H10,
,वन वाटिका,"MF3J+3XV, तिलोत्तमा 32907, नेपाल",27.6527416,83.4824252,4.1,तिलोत्तमा,
,"World mission society church of god- Tansen,palpa (विश्व सुसमाचार समाज परमेश्‍वरको मण्डली तानसेन ,पाल्पा)","VG9R+66, तानसेन 32500, नेपाल",27.868037,83.5405929,4.9,तानसेन,
,Palpa Durbar & Museum,"तानसेन 32500, नेपाल",27.867475,83.5453295,4.3,नेपाल,
,Masjid,"VGF8+2XH, तानसेन 32500, नेपाल",27.8725305,83.5174738,4.5,तानसेन,
,Banbatika Zoo,"MF3P+J33, तिलोत्तमा 32907, नेपाल",27.6540046,83.4851772,4.1,तिलोत्तमा,
,Butwal Aquirium And Plant House,"MFP8+8PW E W, महेन्द्र राजमार्ग, बुटवल 32907, नेपाल",27.6858584,83.4668131,3.8,महेन्द्र राजमार्ग,
,Nepalese fine art gallery,"VH94+63F, Tansen mission road, नेपाल",27.8680292,83.5552002,0.0,Tansen mission road,
,Bhairabsthan Temple,"VF9H+VGM, तानसेन-तम्घास सडक, भैरवस्थान 32500, नेपाल",27.8697108,83.4787868,4.7,तानसेन-तम्घास सडक,
,Butwal Bike Station,"Horizon Chowk Bus Stop, H10, बुटवल 32907, नेपाल",27.6788842,83.4647928,4.3,H10,
,Nuwakot,"PCGW+C4, दोभान 32907, नेपाल",27.7260625,83.4453125,4.1,दोभान,
,अथवा पार्क,"6PG2+QW9, Unnamed Road, कुश्मा 33400, नेपाल",28.2269157,83.7023663,4.2,Unnamed Road,
,Nepal Evangelical Patichaur Church,"7PFP+GVX, Deuraali, राम्जा सडक, पातिचौर 33400, नेपाल",28.2738485,83.7371998,5.0,Deuraali,
,Ramesh Parbat,"3G2J+HJM, स्यूजा 22400, नेपाल",28.0520283,82.5321839,4.0,स्यूजा,
,Raza Jama Masjid,"6M7H+7F6, कुश्मा 33400, नेपाल",28.2131421,83.6786692,3.4,कुश्मा,
,Gupteswor Gupha (गुप्तेश्वर गुफा),"गुप्तेश्वोर पदमार्ग Shivalaya-8,Kusma,Parbat,Nepal, कुश्मा 33400, नेपाल",28.2274065,83.6746259,4.6,Kusma,
,भूपतीन्द्र मल्ल प्रतिमा,"MCCH+R85, भक्तपुर 44800, नेपाल",27.6720189,85.4283481,4.9,भक्तपुर,
,Durlung Kot,"कुश्मा 33400, नेपाल",28.2533235,83.6885371,4.4,नेपाल,
,Kokhe Danda,"भुक्तान्गले, नेपाल",28.372265,83.6860682,4.8,नेपाल,
,Gyandi Open Resort & Picnic Spot,"कुश्मा 33400, नेपाल",28.2063712,83.6799905,4.7,नेपाल,
,Malyangdi Khola,"5MXM+VCH, कुश्मा 33400, नेपाल",28.1996761,83.683612,4.0,कुश्मा,
,पर्सा राष्ट्रिय निकुञ्ज,"8VF7+88M, अमलेखगञ्ज, नेपाल",27.3233433,84.8632908,4.4,अमलेखगञ्ज,
,Thrill Factory & Water Park,"3W55+P7G, त्रिभुवन राजपथ, वीरगञ्ज 44300, नेपाल",27.0594915,84.9087791,3.9,त्रिभुवन राजपथ,
,New Apostolic Church Jeetpur,"4XM4+RX5, गढीमाई 44400, नेपाल",27.1345274,84.9574162,4.8,गढीमाई,
,Jama Masjid Parsa,"3J35+P85, Unnamed Road, Mahuawa Sagrauwa, Bihar 845306, भारत",27.0542473,84.6084355,4.4,Unnamed Road,
,"Brahma Kumaris sub-centre, Murali Bagaicha, Birgunj, Parsa","2V9P+6RP, बिरगंज बाइपास रोड, वीरगञ्ज 44300, नेपाल",27.0180824,84.8871364,3.5,बिरगंज बाइपास रोड,
,Aqua Fish World,"गढीमाई 44400, नेपाल",27.1641297,84.9782205,4.2,नेपाल,
,Parsa gadhi temple,"4VP4+W2J, बागेश्वरी तित्रोना 44300, नेपाल",27.1373241,84.855038,4.6,बागेश्वरी,
,घण्टाघर,"वीरगञ्ज 44300, नेपाल",27.0149613,84.8788959,4.3,नेपाल,
,Shankaracharya Prawesh Dwar शंकराचार्य प्रवेश द्वार,"XVR5+9C6, AH42, वीरगञ्ज, नेपाल",26.9909069,84.8585381,4.4,AH42,
,Jagriti AG Church,"3VRJ+FWQ Helipad, प्यूठान 22300, नेपाल",28.0912521,82.8823801,1.0,प्यूठान,
,रावतगाउँ नर्सरी (RawatGaun Nursery),"2FH4+283, घोराही 22400, नेपाल",28.0275062,82.4557907,0.0,घोराही,
,Nepal fishmandu,"Redhon pool, काठमाडौँ 44600, नेपाल",27.7420283,85.3109494,4.1,काठमाडौँ,
,श्री स्वर्गद्वारी मन्दिर,"Swargadwari Municipality, प्यूठान 22300, नेपाल",28.1216987,82.6745237,4.5,प्यूठान,
,Swargadwari pyuthan,"4MCF+CJP, स्वर्गद्वारीखाल 22300, नेपाल",28.1210861,82.6740408,4.5,स्वर्गद्वारीखाल,
,तिलौराकोट कपिलवस्तु,"H3G3+G37, कपिलवस्तु 32800, नेपाल",27.5762958,83.0526809,4.5,कपिलवस्तु,
,नेपाल ट्रेकिङ मार्गहरू पदयात्राहरू र अभियान प्राइवेट लिमिटेड,"Attached building of LOD gate, ठमेल मार्ग, काठमाडौँ 44600, नेपाल",27.7160149,85.3115312,4.9,ठमेल मार्ग,
,Banskhola picnic spot,"3VR3+6JQ, प्यूठान 22300, नेपाल",28.0905996,82.8541154,4.8,प्यूठान,
,Bharosa Gospel Church Ramechhap ️,"83FJ+Q7M, रामेछाप 45400, नेपाल",27.3251544,86.0803388,5.0,रामेछाप,
,RAMECHHAP ARUKHARKEY,"85F2+GR3, रामेछाप 45400, नेपाल",27.3237431,86.1520712,4.5,रामेछाप,
,Ramechhap,"Ramechhap 8, रामेछाप 45400, नेपाल",27.3253952,86.0821281,5.0,रामेछाप,
,Batase,"W878+GXR, कटारी 56300, नेपाल",26.9138643,86.317392,0.0,कटारी,
,Taarakeshor Mahadev Temple,"8477+7JC, रामेछाप 45400, नेपाल",27.313199,86.1140179,5.0,रामेछाप,
,"Manthali, Ramechhap","93M7+X9C, रामेछाप 45400, नेपाल",27.3849284,86.0633828,4.4,रामेछाप,
,सगरमाथा आधार शिविर ट्रेकिङ,"अमृत मार्ग, काठमाडौँ 44600, नेपाल",27.7159436,85.3127654,5.0,काठमाडौँ,
,लाङ्गटाङ्ग राष्ट्रिय निकुञ्ज,"Helambu, 45007, नेपाल",28.1288506,85.5438048,4.6,45007,
,Yubra church ministry,"yubra charch naukunda 2, नेपाल",28.0067491,85.3002578,5.0,नेपाल,
,"Gatlang Village Rasuwa, Nepal.","5779+56M, Gatlang, स्याप्रु बेसी 45000, नेपाल",28.1629624,85.2680497,4.6,Gatlang,
,रसुवागढी,"45000, नेपाल",28.2776297,85.3776517,4.2,नेपाल,
,S.S ART gallery,"J87G+9PG, ठेचो 44700, नेपाल",27.6134395,85.3268138,5.0,ठेचो,
,Rasuwagadhi Temple,"नेपाली भंसार कार्यालय, 45000, नेपाल",28.2778206,85.3775422,4.0,45000,
,Way to Thulo Sybru (Gosaikunda to Langtang Trek),"492C+477, 45000, नेपाल",28.1002855,85.3706823,5.0,45000,
,Majuwa hiking junction(मजुवा हाइकिङ जक्सन),"X5WX+MJ6, पासाङ् ल्हामु राजमार्ग, लहरेपौवा 45000, नेपाल",27.9966614,85.1990095,4.4,पासाङ् ल्हामु राजमार्ग,
,Lampuja Rolpa,"to, लिवाङ 22100, नेपाल",28.2652853,82.6907408,4.5,लिवाङ,
,Bethel Church Rolpa,"8J2R+76X, लिवाङ 22100, नेपाल",28.3007462,82.6405964,5.0,लिवाङ,
,View Tower Liwang Rolpa Nepal,"7M78+PW6, लिवाङ्ग 22100, नेपाल",28.2642951,82.6672633,4.2,लिवाङ्ग,
,Badakhola,"F994+XCV, कोटबारा 22200, नेपाल",28.4699807,82.3560389,0.0,कोटबारा,
,जनयुद्ध सङ्ग्रालय गैरिगाउ तिला रोल्पा,"8GC3+M2C, गैरीगाउँ 22100, नेपाल",28.3216991,82.5025481,3.0,गैरीगाउँ,
,R. R. AQUARIUM HOUSE,"चक्रपथ, काठमाडौँ 44600, नेपाल",27.70236,85.340812,3.9,काठमाडौँ,
,Ota Rolpa Nepal,"CC8Q+447, Ota 22100, नेपाल",28.4153002,82.4377818,4.0,Ota,
,Darbot Rolpa दार्बोट रोल्पा,"8GGQ+XR, दार्बोट, कोटगाउँ, नेपाल",28.3275624,82.5383158,4.1,दार्बोट,
,ROLPA,"7JXM+X8W, लिवाङ 22100, नेपाल",28.3,82.633333,0.0,लिवाङ,
,Satdobato,"7MC9+W56, Unnamed Road, लिवाङ 22100, नेपाल",28.2722786,82.6678916,4.1,Unnamed Road,
,Sankha Rukum,"Sankha 7 Rukum, Musikot 7, 22000, नेपाल",28.6137435,82.5094666,5.0,Musikot,
,कुरिखोला खेत प्रेम के.सी,"H9M7+WF, पेउघा 22000, नेपाल",28.5848026,82.363645,5.0,पेउघा,
,Koinonia Rukum Church,"West Part, Musikot - 7, नेपाल",28.6093429,82.5187044,4.0,Musikot,
,"Gupta daha, rukum east.","PJRR+W5, सिस्ने 22000, नेपाल",28.7423069,82.6403869,4.5,सिस्ने,
,मोर मान्छ जलाउने ठाउँ,"M6G4+94, पुर्तिमकाडा 22000, नेपाल",28.6759283,82.2052937,0.0,पुर्तिमकाडा,
,"Digre saikumari temple, rukum","JFJG+7FH, मुसीकोट 22000, नेपाल",28.6306774,82.4762193,4.5,मुसीकोट,
,कमल दह,"JJ8G+M67, रुकुमकोट 22000, नेपाल",28.6166696,82.625551,4.3,रुकुमकोट,
,Labang लाबाङ,"GMJ7+PPP, महत 22000, नेपाल",28.5318439,82.6643374,5.0,महत,
,"मणिमुकन्द सेन उद्यान, फुलबारी","Mayarani Palace, महेन्द्र राजमार्ग, बुटवल 32907, नेपाल",27.7062467,83.4561877,4.1,महेन्द्र राजमार्ग,
,Lumbini Aqwa Park and Resort,"Belhaiya 1, सिद्धार्थनगर 32900, नेपाल",27.4861831,83.4628829,4.0,सिद्धार्थनगर,
,HOPE CHURCH BUTWAL,"Unnamed Road, तिलोत्तमा 32900, नेपाल",27.6431938,83.5314308,4.5,तिलोत्तमा,
,Jama Masjid Rahmaniya,"GC4X+GQ8, सिद्धार्थनगर 32900, नेपाल",27.5063452,83.4494516,4.3,सिद्धार्थनगर,
,Siddhartha statue,"F7FG+G8C, Unnamed Road, लुम्बिनी साँस्कृतिक 32900, नेपाल",27.4738007,83.2757573,4.6,Unnamed Road,
,Karki Aquarium Plant and Pet House,"Baniya Marg, तिलोत्तमा 32907, नेपाल",27.647404,83.4718136,4.3,तिलोत्तमा,
,Nahakul Arts Studio & gallery,"Narayanpath 8, Narayan path 8, सिद्धार्थनगर 32900, नेपाल",27.5107439,83.4518504,5.0,Narayan,
,माया देवी मन्दिर,"F79G+V83, तौलिहवा रोड, लुम्बिनी साँस्कृतिक 32900, नेपाल",27.4696415,83.2757848,4.7,तौलिहवा रोड,
,"विश्व शान्ति स्तूप , लुम्बिनी","F7XG+HG6, लुम्बिनी साँस्कृतिक 32914, नेपाल",27.4989036,83.2762721,4.6,लुम्बिनी,
,हिल पार्क,"MFWC+8M8, बुटवल 32907, नेपाल",27.6957886,83.4716902,4.1,बुटवल,
,Sisnepatal Salyan,"CXVJ+QX, माझ काँडा 22200, नेपाल",28.4444608,81.9823834,5.0,माझ,
,Mulpani,"68WX+82M, धन्वाङ 22200, नेपाल",28.2458271,82.3475474,0.0,धन्वाङ,
,"Aijalon AG Church Darimjyula, Salyan","Chhatrshwari- 3 Darimjyula, नेपाल",28.3282531,82.2504456,4.2,नेपाल,
,Jatapani salyan,"शारदा 22200, नेपाल",28.408707,82.114544,4.0,नेपाल,
,GHULSHAN E RAZA JAMA MASJID JITATHAN Chhatreshwori Ruralmunicipality 7 Dict. Salyan Karnali(6) ( NEPAL ),"76PQ+P5R, छायाँक्षेत्र 22200, नेपाल",28.2868731,82.2379119,5.0,छायाँक्षेत्र,
,"Salyan , Pipalneta","Santi Road, शारदा 22200, नेपाल",28.3795639,82.1531947,4.3,शारदा,
,mountain view salyan,"7QMH+XV2, सल्यान 33700, नेपाल",28.2848883,83.7796317,5.0,सल्यान,
,Nayapul Trekking Starting Point,"Baglung Rajmarg, सल्यान 33400, नेपाल",28.2964095,83.7676708,4.2,सल्यान,
,Viral Malneta Picnic Spot,"C59Q+HP, शारदा 22200, नेपाल",28.4189035,82.1893527,0.0,शारदा,
,Salyan hill,"H8RR+767, 44700, नेपाल",27.590662,85.3405339,5.0,44700,
,सिन्धुलीगढी मेमोरियल पार्क,"7XJ4+2GQ, Dhulikhel Sindhuli Bhittamod Rajmarg, जलकन्या 45900, नेपाल",27.2800772,85.9563604,4.4,Dhulikhel Sindhuli Bhittamod Rajmarg,
,"Nepali Evangelical Church (NEC), Sindhuli,Pipal Danda, Nepal","9VRJ+RH3, झाँगाझोली रातामाटा 45900, नेपाल",27.3920078,85.8814372,4.4,झाँगाझोली,
,सिन्धुली गढी दरबार क्षेत्र,"7XJ3+3WP, Dhulikhel Sindhuli Bhittamod Rajmarg, भद्रकाली 45900, नेपाल",27.2802152,85.9548275,4.4,Dhulikhel Sindhuli Bhittamod Rajmarg,
,Sindhuli Jame Masjid Sindhuli,"6W76+74V, कमलामाई 45900, नेपाल",27.2131998,85.9102899,5.0,कमलामाई,
,सिन्धुली गढी युद्ध संग्रहालय,"7XH4+QCP सिन्धुलीगढी मेमोरियल पार्क, Dhulikhel Sindhuli Bhittamod Rajmarg, जलकन्या 45900, नेपाल",27.2794969,85.9561365,4.5,Dhulikhel Sindhuli Bhittamod Rajmarg,
,Seti Devi Mirror Temple मुलकोट रिट्ठेभीर,"9WVH+V6, पुरानो झाँगाझोली 45900, नेपाल",27.3978539,85.9234111,4.5,पुरानो,
,Kalapani park,"3WCP+4WX, बि.पी.राजमार्ग, बर्दिबास 45700, नेपाल",27.0703594,85.9373452,4.2,बि.पी.राजमार्ग,
,चौतारा बुद्ध पार्क,"Q828+5P, Tarakeshwar 45306, नेपाल",27.7856541,85.7050907,4.5,Tarakeshwar,
,christian house,"WMJ8+H45, थाम्पालकोट, नेपाल",27.931444,85.6655901,0.0,थाम्पालकोट,
,Sindhupalchowk,"WMJ8+H45, थाम्पालकोट, नेपाल",27.9312893,85.6654124,4.5,थाम्पालकोट,
,Charikot masjid,"M27W+8M8, भिमेश्वर नगरपालिका 45500, नेपाल",27.6632817,86.0466595,5.0,भिमेश्वर,
,Shree Uhgrachandi Bhagabati,"MG5P+W5H, नाला उग्रचन्डी 45200, नेपाल",27.6598199,85.5354724,4.0,नाला,
,Jay Bageshwori (Palchoki Mai) Temple,"VHM5+P42, पाल्चोक, नेपाल",27.884267,85.557757,4.6,पाल्चोक,
,कैलाशनाथ महादेव मूर्ति,"Sanga, सुर्यविनायक 44800, नेपाल",27.6460679,85.4741948,4.5,सुर्यविनायक,
,नाङ्गले बजार,"QG65+4R7, शाँखुबाट मेलम्ची-हेलम्बु सडक जोडनेबाटो, शङ्खरापुर 44600, नेपाल",27.7602938,85.5095496,4.5,शाँखुबाट मेलम्ची-हेलम्बु सडक जोडनेबाटो,
,पाँच पोखरी,"2PR8+QJ5, गोल्चे, नेपाल",28.0418875,85.7166094,4.8,गोल्चे,
,पिकनिक मैदान जहरसिङपौवा,"PFXW+7P8, शङ्खरापुर, नेपाल",27.7481604,85.4968339,4.3,शङ्खरापुर,
,नगरकोट पानोरमिक हाइकिङ ट्रेल,"PGJH+649, Nagarkot Dandagoan Hwy, बालुवापाटी देउपुर 44812, नेपाल",27.7305368,85.5278724,4.3,Nagarkot Dandagoan Hwy,
,Batika Fun Park,"PCHM+HFF, लहान 56500, नेपाल",26.7289352,86.4336586,3.6,लहान,
,Siraha Church,"M645+4FJ, २ नं. रोड, सिराहा 56500, नेपाल",26.6553155,86.2087028,2.0,२ नं. रोड,
,सिराहा,"सिराहा, नेपाल",26.6397409,86.1853474,,नेपाल,
,"Jama Masjid,Purab Tola","J5VV+XX7, सिराहा 56500, नेपाल",26.6449064,86.1949557,4.5,सिराहा,
,Crown Aquatics Nepal,"Mhepi Marg, काठमाडौँ 44600, नेपाल",27.7273849,85.3093281,4.5,काठमाडौँ,
,Shree Sarshwarnath Temple and Hindu Society,"M6M2+JW4, सिराहा 56500, नेपाल",26.6840049,86.2023857,4.6,सिराहा,
,Salhesh Temple,"M646+V99, सिराहा 56500, नेपाल",26.6571922,86.2110011,4.2,सिराहा,
,हरियाली पार्क,"रेडियो नेपाल मार्ग, धरान 56700, नेपाल",26.8013632,87.2737183,4.0,धरान,
,St. John Bosco Catholic Church (सेन्ट जोन बोस्को क्याथोलिक चर्च),"Laxmi Sadak 1, धरान 56700, नेपाल",26.824306,87.2849953,4.8,धरान,
,Tarahara Bazar,"High School Road, इटहरी 56705, नेपाल",26.7041711,87.2729826,4.2,इटहरी,
,जामे मस्जिद इनरुवा,"J42X+5G9 Jame masjid, Road, इनरुवा 56710, नेपाल",26.6004082,87.1488702,4.3,Road,
,कोशी टप्पु वन्यजन्तु आरक्ष,"M222+J79, वैरवा 56713, नेपाल",26.6515465,87.0007499,4.2,वैरवा,
,कल्पना एक्वारियम तथा पेट शप,"aaetabare road, इटहरी 56705, नेपाल",26.6634905,87.2763321,4.1,इटहरी,
,Itahari art,"इटहरी 00977, नेपाल",26.6427393,87.2747558,5.0,नेपाल,
,बराहक्षेत्र मन्दिर,"बराहक्षेत्र, नेपाल",26.8764451,87.1658868,4.6,नेपाल,
,Phushre Statue,"R7RR+F8X, धरान 56700, नेपाल",26.8412371,87.2909071,4.8,धरान,
,पिण्डेश्वर शिव मन्दिर,"R78V+239, पिण्डेश्वर पथ, धरान 56700, नेपाल",26.8136694,87.2945367,4.5,पिण्डेश्वर पथ,
,दानाबारी,"R8HG+CCH, धरान 56700, नेपाल",26.8285703,87.326108,4.3,धरान,
,Bhedetar Picnic Area,"V886+6XG, Unnamed Road, माहाभारत 56800, नेपाल",26.8655708,87.3124447,4.5,Unnamed Road,
,Tirtha भिर,"R89F+CW8, धरान 56700, नेपाल",26.8185355,87.3248328,4.8,धरान,
,Bulbule Park,"HJJ9+VCQ, वीरेन्द्रनगर 21700, नेपाल",28.5822032,81.618594,4.0,वीरेन्द्रनगर,
,Birendranagar Church,"JJ8H+FH7, बिरेन्द्रनगर 44200, नेपाल",27.616153,84.628927,5.0,बिरेन्द्रनगर,
,काँक्रेविहार,"काँक्रेविहार मन्दिर, Buddha Path - 6 6, वीरेन्द्रनगर 21700, नेपाल",28.5644175,81.6214028,4.4,Buddha,
,"बि. पि. कोइराला मेमोरियल प्लानेटरियम, अब्जरभेटरी र विज्ञान संग्रालय","M7GM+5MC, Kirtipur Rd, कीर्तिपुर 44618, नेपाल",27.6754417,85.2841342,4.0,Kirtipur Rd,
,Tiger Lily Petting farm,"अनन्तलिङ्गेश्वर, नेपाल",27.6554526,85.3729041,4.1,नेपाल,
,Deutibajai temple,"JF25+J9Q, Kushadevi -1, 45200, नेपाल",27.6015875,85.4584844,3.7,Kushadevi -1,
,घण्टाघर सुर्खेत,"HJXC+328, Unnamed Road, वीरेन्द्रनगर 21700, नेपाल",28.5976573,81.6200618,4.1,Unnamed Road,
,सूर्योदय साहसिक ट्रेक र अभियान पी लिमिटेड,"पकनाजोल मार्ग, काठमाडौँ 44600, नेपाल",27.7169437,85.3088429,5.0,काठमाडौँ,
,भस्मासुर डाँडा,"J6XM+R9G, दक्षिणकाली 44600, नेपाल",27.6495653,85.2334457,4.7,दक्षिणकाली,
,Bhalu pahad Park,"4VV5+2H5, भाटखोला 33800, नेपाल",28.1425205,83.8589996,4.2,भाटखोला,
,Syangja View Tower,"4V8G+Q9C, Siddartha Rajmarg, पुतलीबजार 33800, नेपाल",28.1150051,83.8752773,4.3,Siddartha Rajmarg,
,"St.Mary's Believers Eastern Church Galyang Bazar Syangja","Galyang municipality Galyang municipality, जगत्रदेवी 33815, नेपाल",27.9447243,83.6768524,3.6,जगत्रदेवी,
,"Ahle Sunnat Jame Masjid, putali bazar syangja","3VXF+F34, पुतलीबजार 33800, नेपाल",28.0987322,83.8726771,0.0,पुतलीबजार,
,Sataun Chandi Kalika,"4R2P+2MV, पुतलीबजार 33800, नेपाल",28.100121,83.8366833,4.7,पुतलीबजार,
,Thaple Viewpoint,"दरौं 33800, नेपाल",28.123644,83.8089121,4.8,नेपाल,
,"बि.पी. चोक, स्याङ्जा बजार (B.P. Chowk, Syangja Bazar)","3VX9+6C9, H10, पुतलीबजार 33800, नेपाल",28.0979626,83.8686492,4.0,H10,
,"Women's trek Nepal","पोखरा 33700, नेपाल",28.21288,83.971119,5.0,नेपाल,
,कुविण्डे खेत,"पोखरा 33700, नेपाल",28.1892655,83.8983155,4.1,नेपाल,
,"Nepali Evangelical Church (NEC) Dumre, Bandipur, Tanahun, Nepal नेपाली सुसमाचारीय मण्डली, दुम्रे, बन्दीपुर, तनहु, नेपाल","X98X+HM7, वन्दीपुर 33914, नेपाल",27.9664076,84.3991675,5.0,वन्दीपुर,
,Tanahunsur Village,"Bhanu Marg, तनहुँसुर 19503, नेपाल",28.0346373,84.3419123,4.1,तनहुँसुर,
,Ghausiya Jamiya Masjid,"23WG+695, पृथ्वी राजमार्ग, शुक्लगण्डकी, नेपाल",28.0455195,84.0759747,5.0,पृथ्वी राजमार्ग,
,Bhanubhakta Zoological Garden भानुभक्त प्राणी उद्यान,"X9Q3+9FF, H04, घाँसीकुवा, नेपाल",27.9884917,84.3536405,5.0,H04,
,Chhabdi Barahi Temple (छाब्दी बाराही मन्दिर),"X86F+4PM, ब्यास, नेपाल",27.9603353,84.3242988,4.6,ब्यास,
,Tanahunsur Durbar,"28PR+P6F, तनहुँसुर, नेपाल",28.0368068,84.340547,4.6,तनहुँसुर,
,Shakti Trek - Bhorletar,"5688+9WG, भोर्लेटार 33700, नेपाल",28.1659325,84.2173403,0.0,भोर्लेटार,
,Udaya Garden,"XC4C+6P3, वन्दीपुर, नेपाल",27.9555155,84.4218039,4.3,वन्दीपुर,
,"Chautarbari, Jhargaun, Tanahun","WC6J+344, वन्दीपुर, नेपाल",27.9101394,84.430342,4.3,वन्दीपुर,
,"सहिद स्मृति पार्क, ताप्लेजुङ","फुङलिङ 57500, नेपाल",27.3528607,87.6697753,4.0,नेपाल,
,Christiya Baptist Church Taplejung,"9M69+4Q3, फुङलिङ 57500, नेपाल",27.3604147,87.6692762,5.0,फुङलिङ,
,Taplejung Samrakshyan Smriti Park,"फुङलिङ 57500, नेपाल",27.3530361,87.668412,3.5,नेपाल,
,ताप्लेजुङ गेष्ट हाउस एण्ड होटल पाथिभरा,"Phungling 4, फुङलिङ 57500, नेपाल",27.355003,87.6690246,4.8,फुङलिङ,
,Pathivara mandir,"9M39+J55, फुङलिङ 57500, नेपाल",27.3540207,87.6679765,4.5,फुङलिङ,
,Juwel Aquarium,"परोपकार मार्ग, काठमाडौँ 44600, नेपाल",27.7021763,85.3041923,3.9,काठमाडौँ,
,Taplejung,"9M37+X97, फुङलिङ 57500, नेपाल",27.3549134,87.663413,1.0,फुङलिङ,
,Pomujong Yak,"Negraden GBS 1, Taplejong District., निधुरादीन, नेपाल",27.2774953,87.6690551,3.3,Taplejong District.,
,Jhakri Cave Picnic Spot (झाँक्री गुफा बनभोज स्थल),"6JWJ+MP, खाम्लालुङ 57500, नेपाल",27.2467175,87.6317838,4.5,खाम्लालुङ,
,Phungphunge waterfall (फुङफुङ्गे झरना ताप्लेजुङ्ग),"GJ2J+J2J, फुङलिङ 57500, नेपाल",27.5015905,87.6300226,4.6,फुङलिङ,
,Cholung Park,"4CH5+HF6, F40, तामाफोक 56800, नेपाल",27.1289039,87.4086394,4.5,F40,
,Lamchee Aahal,"6JGW+CGV, संक्रान्ती बजार 57500, नेपाल",27.2261081,87.6462945,0.0,संक्रान्ती,
,Mount Bether Church,"5GP7+PG6, म्याङ्गलुङ्ग 57100, नेपाल",27.1867877,87.513772,4.5,म्याङ्गलुङ्ग,
,"Aathrai-6, Chuhandada Tehrathum","6M3H+MG8, चुहान डाँडा 57500, नेपाल",27.2041611,87.6788351,4.5,चुहान,
,"Yuma Museum , युमा संग्रहालय","4CH5+JP4, फुलेक 57500, नेपाल",27.1290161,87.4093147,4.6,फुलेक,
,Himali Art gallery,"बेलवारी 56600, नेपाल",26.6589123,87.4144921,5.0,नेपाल,
,पाथिभरा मन्दिर तेह्रथुम सङ्खुवासभा सिमाना,"Basantapur-Gupha-Dobhan Sadak, तामाफोक 56900, नेपाल",27.1770844,87.4244112,4.6,तामाफोक,
,Laligurans Stamba,"4CM5+Q5C, F40, तामाफोक 56800, नेपाल",27.1344306,87.4078985,4.3,F40,
,Tinjure dada,"5FH2+FCH, Basantapur-Gupha-Dobhan Sadak, तामाफोक 56900, नेपाल",27.1786837,87.4511115,4.2,Basantapur-Gupha-Dobhan Sadak,
,Tute Deurali टुटे देऊराली,"5C65+2C7, Basantapur-Gupha-Dobhan Sadak, तामाफोक, नेपाल",27.160032,87.408549,4.2,Basantapur-Gupha-Dobhan Sadak,
,RR garden,"5C87+PFV, 56900, नेपाल",27.1668557,87.4136605,4.0,56900,
,Nepal udaypur gaighat,"QMX7+4MJ, त्रियुगा 56300, नेपाल",26.797828,86.664139,3.2,त्रियुगा,
,SDA church Udaypur damouti,"PJRG+95, त्रियुगा 56400, नेपाल",26.7409599,86.6254092,5.0,त्रियुगा,
,"Gaighat, Udayapur","QMRX+MH3, त्रियुगा 56300, नेपाल",26.7916261,86.6989185,4.1,त्रियुगा,
,"थारु संग्रहालय, उदयपुर","Unnamed Road, तपेश्वोरी 56300, नेपाल",26.7308605,86.9906951,4.6,तपेश्वोरी,
,बोजिनी ड्याम तथा पिकनिक स्थल,"MFVX+3FW, महामञ्जुश्री नगरकोट, नेपाल",27.6927496,85.4986914,4.1,महामञ्जुश्री नगरकोट,
,कहियोकाल अत traffic प्रहरी रहै है,"P947+287, सुखिपुर 56500, नेपाल",26.7050318,86.3632941,5.0,सुखिपुर,
,Pathlaiya Park,"5XXJ+Q82, गढीमाई 44400, नेपाल",27.1993883,84.9807538,4.0,गढीमाई,
,Bethel Community Church,"44RJ+8FH, कोल्हवी 44400, नेपाल",27.1407975,85.1312216,4.3,कोल्हवी,
,"Baala Falls - Bardev, Konjyosom","HC4F+XHG, भर्देव 45200, नेपाल",27.5574441,85.4239543,5.0,भर्देव,
,बाराही अजिमा मन्दिर,"MC8F+JFP बाराही मन्दिर, भक्तपुर 44800, नेपाल",27.6668034,85.4239506,4.6,भक्तपुर,
,Bara Ropani Chok,"M96Q+VQ5 Hinchok, अनन्तलिङ्गेश्वर, नेपाल",27.6621477,85.3894711,4.0,अनन्तलिङ्गेश्वर,
,Narba Treks & Expeditions(p)Ltd.,"Chhetrapati, काठमाडौँ 00977, नेपाल",27.7103752,85.3095583,4.9,काठमाडौँ,
,Mahendranagar Park,"X57H+876, भीमदत्त 10400, नेपाल",28.963285,80.1781355,4.0,भीमदत्त,
,Kanchan church,"X56X+848, भीमदत्त 10400, नेपाल",28.9607909,80.1978517,5.0,भीमदत्त,
,बाह्रमासे झरना ( Evergreen Waterfall),"35FM+W53, भीमदत्त 10400, नेपाल",29.0747581,80.1829286,4.4,भीमदत्त,
,शुक्ला फाँटा राष्ट्रिय निकुञ्ज,"V743+5QF, 10400, नेपाल",28.8554386,80.254435,4.4,10400,
,Gps Aquarium & Interior Decor,"X57J+H79, Street-3, भीमदत्त 10400, नेपाल",28.9639192,80.18078,3.4,Street-3,
,g,"Near, irrigation Office, Gadda Highway, भीमदत्त 10400, नेपाल",28.9740294,80.1763381,0.0,irrigation Office,
,Shree siddhanath mandir,"12, BilashPur, Kanchanpur, बेलौरी 10400, नेपाल",28.7568852,80.3093133,4.0,BilashPur,
,"Mountain Routes | Trekking in Nepal | Everest Trek, Annapurna Trek and Helicopter Tour in Nepal","Nayarn Gopal Sadak, काठमाडौँ 44600, नेपाल",27.7299645,85.3249263,5.0,काठमाडौँ,
,Pyarataal Picnic Spot,"HG85+9MX, पुनर्वास 262902, नेपाल",28.5659935,80.5092438,4.3,पुनर्वास,
,हरियाली पार्क,"P8FX+WQJ, काठमाडौँ 44600, नेपाल",27.7248274,85.3494029,3.9,काठमाडौँ,
,Chhahari Retreat,"बुढानीलकण्ठ 44600, नेपाल",27.7860222,85.3545219,4.5,नेपाल,
,Chhahari Nepal for Mental Health,"ललितपुर 44700, नेपाल",27.6706662,85.3072984,5.0,नेपाल,
,चित्तधर हृदय प्रतिमा,"M8X2+C53, काठमाडौँ 44600, नेपाल",27.6985023,85.3004313,3.9,काठमाडौँ,
,Good Luck Trekking Shop,"P866+GV5, काठमाडौँ 44600, नेपाल",27.7112541,85.3122262,5.0,काठमाडौँ,
,चंपा देवी शिखर सम्मेलन,"J7W3+9RF, Champa Devi Trail, दक्षिणकाली 44600, नेपाल",27.6459375,85.2545439,4.4,Champa Devi Trail,
,नीलबाराही मन्दिर,"M9XV+PFG Municipality, मध्यपुर थिमि 44600, नेपाल",27.6993794,85.3969391,4.5,मध्यपुर,
,OOPS! NEPAL - First FEC funpark in Nepal,"Pipalbot, काठमाडौँ 44600, नेपाल",27.7235625,85.3390625,4.1,काठमाडौँ,
,Underwater Aquaria,"Chabahil Ganesh Marg, काठमाडौँ 44600, नेपाल",27.717425,85.3420406,4.2,काठमाडौँ,
,Himal,"WW6F+FFF, ईलाम 1, नेपाल",26.9111769,87.9236747,0.0,ईलाम,
,Nawadurga Aquarium,"MCFM+4F9, Inacho - Hanumanghat Rd, भक्तपुर 44800, नेपाल",27.6727927,85.4336757,3.5,Inacho - Hanumanghat Rd,
,"Torchi's garden","Mugu - 4, मुगु 21100, नेपाल",29.8085576,82.5185837,4.0,मुगु,
,💒Apostle Grace church♥️🇳🇵,"RG59+CCG, मुगु 21100, नेपाल",29.8085576,82.5185837,0.0,मुगु,
,Jame Masjid,"P78V+H3X Nepal, Takiya Galli, काठमाडौँ 44600, नेपाल",27.7164338,85.2927384,4.8,Takiya Galli,
,Gurung forest,"Mangala bare, प्रकाशपुर 56713, नेपाल",26.690849,87.0994317,0.0,प्रकाशपुर,
,Online Art Gallery And Paintings For Sale,"Bibek photo studio, My business address, कोहलपुर, नेपाल",28.1952837,81.6895771,2.0,My business address,
,Khesmalika Temple,"RG59+CCG, मुगु 21100, नेपाल",29.8085576,82.5185837,0.0,मुगु,
,मुगु,"मुगु, नेपाल",29.8085576,82.5185837,,नेपाल,
,रारा राष्ट्रिय निकुञ्ज मुगु,"G455+XM7, G465+6QJ, Rara, Lake Road, पिना 21100, नेपाल",29.5105875,82.1093906,4.5,G465+6QJ,
,सगरमाथा राष्ट्रिय निकुञ्ज,नेपाल,27.9324234,86.7013894,4.6,,
,Salom church,"56000, नेपाल",27.4499069,86.7052194,4.5,नेपाल,
,Solukhumbu district,"GH2P+VC9, दुधकुण्ड 56000, नेपाल",27.5021648,86.5861206,4.1,दुधकुण्ड,
,सगरमाथा राष्ट्रिय निकुञ्ज संग्रहालय,"RP37+6W5, Namche Marg, नाम्चे 56000, नेपाल",27.8030238,86.7148518,4.6,Namche Marg,
,Norbu Art Gallery,"Khumjung Marg, खुम्जुंग 56000, नेपाल",27.8193614,86.7161416,5.0,खुम्जुंग,
,Jwalamai Temple Tamakhani Solukhumbu,"GHM5+X8P, दुधकुण्ड 56000, नेपाल",27.5349712,86.5583406,4.7,दुधकुण्ड,
,National Luminary Pasang Lhamu Memorial Gate,"Lukla - Everest Base Camp Trekking Route 28, चौरीखर्क 56000, नेपाल",27.692305,86.7279717,4.6,चौरीखर्क,
,सगरमाथा भ्यु प्वाईन्ट,"QPV8+C97, Lukla - Everest Base Camp Trekking Route, नाम्चे 56000, नेपाल",27.7935331,86.7159345,4.5,Lukla - Everest Base Camp Trekking Route,
,NECHA,"9J3P+M7F, नेचा बेतघारी बिदेसी 56000, नेपाल",27.3541999,86.6356747,4.4,नेचा,
,Pikey Peak,"दुधकुण्ड 56000, नेपाल",27.533536,86.4743921,4.7,नेपाल,
,Ratna Park रत्नपार्क,"6QFQ+7C5, दिक्तेल सडक, दिक्तेल 56200, नेपाल",27.2231409,86.7886273,4.0,दिक्तेल सडक,
,Tokha Keba Fun Park,"Q86H+4MH, टोखा 44608, नेपाल",27.7624098,85.3283556,3.7,टोखा,
,Aradhana Baptist church Khotang,"8V53+M6P, बासपानी 56200, नेपाल",27.3091997,86.853079,5.0,बासपानी,
,Phuyal gaau,"5R5X+G7H, 56200, नेपाल",27.1588468,86.848245,5.0,56200,
,Alchhe Dhunga अल्छे ढुंगा,"6QGR+8JJ, दिक्तेल 56200, नेपाल",27.2252334,86.7921602,4.7,दिक्तेल,
,Dharma Peak,"CRQC+Q65, Sautang 56000, नेपाल",27.4393895,86.8206155,4.5,Sautang,
,Bhurinti jungle,"M36C+P83, भिमेश्वर नगरपालिका 45500, नेपाल",27.6617551,86.0708008,5.0,भिमेश्वर,
,दोलखा बजार,"M3HF+3CG भीमेश्वोर नगरपालिका-२, भिमेश्वर नगरपालिका 45500, नेपाल",27.6776966,86.0735766,5.0,भिमेश्वर,
,Kuri Valley,"P2WJ+PP2, Kalinchwok Rd, भिमेश्वर नगरपालिका 45500, नेपाल",27.7467661,86.031773,3.5,Kalinchwok Rd,
,Everest Base Camp Trailhead,"J6MJ+QV3, जिरी 45500, नेपाल",27.634389,86.2321722,4.6,जिरी,
,Padma Sundar Lawoti park,"27, 1482242 87, फिदिम, नेपाल",27.1205687,87.7664934,4.0,1482242,
,खोल्याङ,"4RC7+P9, रानीटार 57400, नेपाल",27.1218116,87.8134766,0.0,रानीटार,
,पारान प्रार्थना भवन,"6QPJ+CR5, पञ्चमी 57400, नेपाल",27.2360241,87.7821125,5.0,पञ्चमी,
,साँधुटार पांचथर,"फिदिम 57400, नेपाल",27.0782115,87.8133817,4.4,नेपाल,
,चामुघाट समाधिस्थल देउमाई खाेला चमैता इलाम,"2R2P+94, चमैटा 57300, नेपाल",27.0009158,87.8351503,0.0,चमैटा,
,संसरी डाँडा,"XQHQ+2GV, 57300, नेपाल",26.9776214,87.7887896,5.0,57300,
,Niwachaba Picnic Spot,"3M3G+WC5, यासोक 57400, नेपाल",27.0547641,87.676118,4.7,यासोक,
,Bhairamkot Temple,"X43Q+G4X, टुप्चे 44900, नेपाल",27.9538597,85.1378628,4.2,टुप्चे,
,Rasuwa Treks and Expedition,"P876+PGW, ठमेल मार्ग, काठमाडौँ 44600, नेपाल",27.7143536,85.3113133,5.0,ठमेल मार्ग,
,Balawa park,"PQVP+C65, Balawa - Janakpur Rd, बलवा 45700, नेपाल",26.7435073,85.785614,3.9,Balawa - Janakpur Rd,
,Navjiwan Church,"MR32+25X, जलेश्वर 45700, नेपाल",26.6526077,85.800494,3.7,जलेश्वर,
,तेलीवा पोखरी,"PR47+FX7, डाम्हीमराई 45700, नेपाल",26.7065587,85.8145788,4.5,डाम्हीमराई,
,Bhramarpura Masjid,"loharpatti-7,Mahottari,Nepal bhramarpura-5, Mahattori 45700, नेपाल",26.7243828,85.8527831,4.1,Mahottari,
,Mahottari Durga Mandir,"MRP8+Q2F, महोत्तरी 45700, नेपाल",26.6869098,85.8150373,4.4,महोत्तरी,
,जलेश्वर महादेव मन्दिर,"जलेश्वर 45700, नेपाल",26.6510489,85.7969523,4.5,नेपाल,
,कोटघर,"M6R7+XQX, चन्द्रागिरी 44600, नेपाल",27.6924965,85.2144823,4.3,चन्द्रागिरी,
,Maathillo Keurinitar Mode (माथिल्लो केउरिनिटार मोड),"8M3F+32, पोखरे 56100, नेपाल",27.3026723,86.6725155,0.0,पोखरे,
,Manipal Janakpur,"QW47+J2C, Unnamed Road, जनकपुर 45600, नेपाल",26.7577857,85.9147567,4.3,Unnamed Road,
,Temple,"Dhanushadham, Janakpur, नेपाल",26.8248746,86.0286513,5.0,Janakpur,
,"Hebron Church Urlabari - Morang, Nepal","MJ5M+M44, Unnamed Road, उर्लाबारी 56604, नेपाल",26.6591378,87.6328362,5.0,Unnamed Road,
,"Thekitol, Morang, madrasa","C9G6+HQ, पोखरिया 56600, नेपाल",26.428283,87.3613479,0.0,पोखरिया,
,"Faith Church, Nepal Chitwan","JHC5+34R, Sai Chowk - Chaipur Rd, खैरहानी 44204, नेपाल",27.6202343,84.5577561,5.0,Sai Chowk - Chaipur Rd,
,Shesnath,"Ganeshthan, भरतपुर 44200, नेपाल",27.706111,84.4429832,4.4,भरतपुर,
,BHIRLAKHURI VIEW POINT,"7HFQ+Q5V, रात्माटा-ढिकिचौर पैदल मार्ग, बागलुङ 33300, नेपाल",28.2744796,83.5879346,4.4,रात्माटा-ढिकिचौर पैदल मार्ग,
,"डोप्का खाल, ताँदी Dopka Khal Tandi","VF4F+M3V, तुर्माखाँद 10700, नेपाल",28.8567483,81.4726624,0.0,तुर्माखाँद, zoo
,Angel Aquarium House,"Samakhusi Marg, काठमाडौँ 44611, नेपाल",27.7302708,85.3149344,3.9,काठमाडौँ, aquarium
,रोमाञ्चक नेपाल पदयात्राहरू र अभियान प्रा। लिमिटेड,"Chaksibari Marga 29, काठमाडौँ 44600, नेपाल",27.715686,85.3091922,4.9,काठमाडौँ, trek
,ठुलासेन,"262M+48, मङ्गलसेन 10700, नेपाल",29.0003009,81.2332971,1.0,मङ्गलसेन, hike
,Balkot Pauwa,"X68R+P7C, F134, बलकोट 32700, नेपाल",27.9668223,83.240652,4.1,F134, museum
,पानी धारा,"VJX3+JHQ, 10100, नेपाल",29.8990758,80.6039938,0.0,10100, amusement_park
,"Dhamena village, Bajhang","J756+PPQ, Talkot 10500, नेपाल",29.6093367,81.2618517,3.6,Talkot, tourist_attraction
,भिराडिल साकुरा पार्क,"M7MC+J55, चन्द्रागिरी 44600, नेपाल",27.6840052,85.2704763,4.4,चन्द्रागिरी, park
,Mahendra Park & Mini Zoo (महेन्द्र पार्क तथा चिडियाखाना),"3J4F+587, नेपालगञ्ज 21900, नेपाल",28.0554088,81.6232916,4.0,नेपालगञ्ज, zoo
,Harvest Bible Church Bhaktapur,"MCJX+MF7, Saraswati Sthan Rd, महामञ्जुश्री नगरकोट, नेपाल",27.6816442,85.4487069,0.0,Saraswati Sthan Rd, church
,लुः ध्वाका,"MCCH+R8X, भक्तपुर 44800, नेपाल",27.6721136,85.4283739,4.6,भक्तपुर, tourist_attraction
,यक्षेश्वर महादेव मन्दिर (पशुपतिनाथ भक्तपुर),"MCCH+P98, भक्तपुर 44800, नेपाल",27.6717975,85.4284498,4.5,भक्तपुर, hindu_temple
,नेचर ट्रेक नेपाल,"MCJW+M3Q, नगरकोट सडक, भक्तपुर 44800, नेपाल",27.6817006,85.445227,4.8,नगरकोट सडक, trek
,Deaurali,"53H2+5XV, भोजपुर 6, नेपाल",27.1779842,87.0524338,0.0,भोजपुर, church
,Temke Danda (टेम्के डांडा),"56200, नेपाल",27.1709046,86.9131207,4.5,नेपाल, tourist_attraction
,Bodhisattva Gallery,"ललितपुर 44600, नेपाल",27.6837039,85.3180087,4.8,नेपाल, art_gallery
,शिव धाम परिगाउँ Dadeldhura Nepal,"5758+CJX, परशुराम 10300, नेपाल",29.1586014,80.2666209,5.0,परशुराम, hindu_temple
,Dolalgath Picnic,"JPQ5+2V7, भुम्लुटार 45215, नेपाल",27.6375406,85.7096738,3.7,भुम्लुटार, picnic
,Sallaghari,"3HMF+74, बुडर 10800, नेपाल",29.0831386,80.572844,0.0,बुडर, hike
,Shahid Lakhan Thapa Park,"2FWP+6RQ, घोराही 22400, नेपाल",28.0455804,82.4871117,3.8,घोराही, park
,Ghordaura View Point,"2GWM+M3M, घोराही 22400, नेपाल",28.0467105,82.5326767,4.3,घोराही, tourist_attraction
,शहीद गेट,"2FQP+W7G, Shahid Rd, घोराही 22400, नेपाल",28.0398086,82.4856912,4.5,Shahid Rd, monument
,Adventure Trip Tour and Travels,"Vishkarma chowk, जनकपुर 45600, नेपाल",26.7226526,85.9230265,4.9,जनकपुर, trek
,घोडाखोर चौरी फर्म,"3MGQ+F5, पहाडा 21400, नेपाल",29.0762094,82.6877553,0.0,पहाडा, zoo
,गोरखा स्मारक संग्रहालय,"6XWQ+FCW, Lamachaur Rd, पोखरा 33700, नेपाल",28.2461936,83.9885414,4.3,Lamachaur Rd, museum
,गोरखा दरबार,"2J3H+QGF, गोरखा बजार 34000, नेपाल",28.0044263,84.6288075,4.5,गोरखा, monument
,तल्लो धारा,"369R+929, रेसुङ्गा 32600, नेपाल",28.0684125,83.2400974,3.0,रेसुङ्गा, amusement_park
,"Shivalaya Pulkamukh, Gulmi","38QQ+VQ2, बलिथुम 32600, नेपाल",28.0896223,83.339387,4.5,बलिथुम, hindu_temple
,बाघदुला चौतारी,"QXR5+7H, साया 21000, नेपाल",29.7906963,81.9589858,0.0,साया, amusement_park
,फ़ुकछहड़ी Phukchahadi,"7M3J+5R, फुकोट 21300, नेपाल",29.2529876,81.6820253,0.0,फुकोट, amusement_park
,Namtales,"Nepal narayanamtales, चाँगुनारायण 44600, नेपाल",27.7129225,85.4444802,0.0,चाँगुनारायण, park
,Heaven Water Park,"JXGC+9VM, बिर्तामोड 57204, नेपाल",26.6259697,87.9721747,3.9,बिर्तामोड, amusement_park
,Kirat Mang-Poglung Manghim,"PPF2+F75, दमक 57200, नेपाल",26.7236441,87.7007229,4.4,दमक, museum
,Sadhukuti Temple Jhapa,"P26V+J27, Kalish Than Road, बुधवारे 57200, नेपाल",26.7115155,88.0425632,4.6,Kalish Than Road, hindu_temple
,Purbeli marga Get,"AH2 Subidar Dambar Bahadur Marg, दमक 57217, नेपाल",26.6609973,87.6798061,0.0,दमक, hike
,Khalanga Gumba,"75HG+9RW, चन्दननाथ 21200, नेपाल",29.2784915,82.1770829,4.3,चन्दननाथ, tourist_attraction
,Jurethum mandir,"9485+F8, हेटौडा 44100, नेपाल",27.3661429,85.108321,0.0,हेटौडा, hindu_temple
,Kaski Nepal,"7268+VMQ, पोखरा 33700, नेपाल",28.2622146,84.0167423,0.0,पोखरा, tourist_attraction
,स्वयम्भू बुद्ध पार्क,"काठमाडौँ 44600, नेपाल",27.716145,85.2838866,4.5,नेपाल, tourist_attraction
,Nagarkot Dhulikhel Trekking,"MGCQ+P2, नाला उग्रचन्डी 45200, नेपाल",27.6718297,85.537525,5.0,नाला, trek
,Animals kingdom,"RQ83+PR8, त्रियुगा 56300, नेपाल",26.8167898,86.7545807,0.0,त्रियुगा, zoo
,Khotang khotehang Nepal,"2VX5+V34, खोटांग बजार 56200, नेपाल",27.0496495,86.8576976,0.0,खोटांग, historic_site
,phisss nepal,"ललितपुर 44700, नेपाल",27.6716792,85.3373681,4.9,नेपाल, aquarium
,बालकुमारी मन्दिर,"M8CP+Q97, ललितपुर 44700, नेपाल",27.6719173,85.3359114,4.4,ललितपुर, hindu_temple
,नेचर ट्रेल ट्राभल र ट्रेकिङ एजेन्सी,"Tikavidyashram Marga, ललितपुर 44700, नेपाल",27.6838017,85.3101872,4.9,ललितपुर, trek
,Lamjung Gairi Church,"5CW3+F68, वेसीशहर 33600, नेपाल",28.1961746,84.4030739,3.7,वेसीशहर, church
,KHAIRENI AQUARIUM,"WG2Q+P4H, आँबु खैरेनी, नेपाल",27.9018403,84.537902,0.0,आँबु खैरेनी, aquarium
,Nangsa Art Gallery Pvt. Ltd.,"P996+RCH, Boudhadwar Marg, काठमाडौँ 44600, नेपाल",27.7195725,85.3610943,4.3,Boudhadwar Marg, art_gallery
,Manishankar Mandir,"4GQG+JMC, Lamjung, नेपाल",28.1390732,84.5266397,5.0,Lamjung, hindu_temple
,Lamidada Holy Church,"C448+8WV, मकवानपुरगढी 44100, नेपाल",27.4059209,85.1171923,4.0,मकवानपुरगढी, church
,प्राकृतिक इतिहास संग्रहालय,"P77Q+M46 Natural Science Museum of Tribhuvan University, Swayambhu Cir Rd, काठमाडौँ 44600, नेपाल",27.7145936,85.2879659,4.2,Swayambhu Cir Rd, museum
,Water park,"J4X3+6WG, ङावल 33500, नेपाल",28.6482492,84.1044965,0.0,ङावल, amusement_park
,नेपाल ईसाइ मण्डली,"कालो पुल, काठमाडौँ 44600, नेपाल",27.71249,85.335627,4.3,काठमाडौँ, church
,Forest places of animals,"6PMQ+5C, कुश्मा 33400, नेपाल",28.233619,83.737217,0.0,कुश्मा, zoo
,मनाङ गाविस,"मनाङ गाविस 33500, नेपाल",28.666667,84.016667,,नेपाल, monument
,Manang,"M288+MM7, मनाङ गाविस 33500, नेपाल",28.666667,84.016667,0.0,मनाङ, historic_site
,Chongkor View Point I,"M25C+P5C, 33500, नेपाल",28.6593138,84.0203848,4.6,33500, hike
,Ramailo रमाइलो,"JF8X+9F4, कानेपोखरी- रंगेली रोड, वयरवन 56600, नेपाल",26.615878,87.498718,4.1,कानेपोखरी- रंगेली रोड, tourist_attraction
,Shree Ramjanaki Mandir,"F062 Haraicha-7 Pacham, Morang, वनिगामा 56600, नेपाल",26.6215611,87.3726599,0.0,Morang, hindu_temple
,Khadim Khadra Bridge,"C66X+9R9, विराटनगर 56613, नेपाल",26.4109237,87.2496236,4.8,विराटनगर, trek
,Fountain Eco Park,"F76P+73W, विराटनगर 56613, नेपाल",26.4607491,87.2852092,3.9,विराटनगर, picnic
,Bal Udhyaan Forest Park,"M42J+CMQ, Devachuli-Kawasoti Rd, कावासोती 33000, नेपाल",27.6510799,84.1317212,4.4,Devachuli-Kawasoti Rd, park
,Safari Chitwan,"G9H3+MM4 Route Patithani, 44200, नेपाल",27.529131,84.3542049,0.0,44200, tourist_attraction
,Mahalakshmi,"W577+5M6, Durbar Square, बिदुर 44900, नेपाल",27.9129432,85.1641425,0.0,Durbar Square, hindu_temple
,Butwal water Park and Resort P. Ltd,"Janakinagar , 02, बुटवल 32900, नेपाल",27.6588747,83.4701764,3.8,02, amusement_park
,Piple kalika mandir,"RHWH+C6R, Unnamed Road, तानसेन 32500, नेपाल",27.8461088,83.5780285,5.0,Unnamed Road, hindu_temple
,MODERN FISH AQUARIUM,"2V6F+VRF, GP Road, वीरगञ्ज 44300, नेपाल",27.0121884,84.8745732,5.0,GP Road, aquarium
,प्यूठान,"प्यूठान 22300, नेपाल",28.1016595,82.8532928,,नेपाल, trek
,Satyawati trek trail,"2FVX+49, लिम्घा 32600, नेपाल",28.0428519,83.49844,0.0,लिम्घा, trek
,प्यूठान,"प्यूठान, 22300, नेपाल",28.1031994,82.8548258,,22300, trek
,नेपाल आर्मी चेक पोस्ट,"X6X5+M2P, पासाङ् ल्हामु राजमार्ग, लहरेपौवा 45000, नेपाल",27.9992171,85.2075634,4.2,पासाङ् ल्हामु राजमार्ग, park
,"भाँङ्गे झरना, रसुवा","डाँडागाउँ 45000, नेपाल",28.0385773,85.1911684,4.4,नेपाल, amusement_park
,Shree RadhaKrishna Temple,"X6X4+8PJ, पासाङ् ल्हामु राजमार्ग, लहरेपौवा 45000, नेपाल",27.99833,85.206758,4.0,पासाङ् ल्हामु राजमार्ग, hindu_temple
,Thurpa rolpa,"8GQM+JVW, 22100, नेपाल",28.3391249,82.5346928,3.0,22100, tourist_attraction
,Tso rolpa trek route,"VCHJ+H39, Unnamed Road, गौरी शंकर 45500, नेपाल",27.8789037,86.4302205,5.0,Unnamed Road, trek
,डिग्रा देबि साइकुमारी देबि मन्दिर,"HHW2+QC3, मुसीकोट 22000, नेपाल",28.5968757,82.5510469,5.0,मुसीकोट, mosque
,Mukteshwar Shiva Temple,"MC3M+FM, Butwal = 19 Rupandehi NEPAL, बुटवल 32907, नेपाल",27.6562055,83.4341526,4.4,Butwal = 19 Rupandehi NEPAL, hindu_temple
,सल्यानचौर,"C62R+HRC, शारदा 22200, नेपाल",28.4014261,82.2420028,4.5,शारदा, hike
,Kala Ghar Sindhuli कला घर सिन्धुली,"8W8W+44X, झाँगाझोली रातामाटा 45900, नेपाल",27.3153718,85.945364,5.0,झाँगाझोली, art_gallery
,सिन्धुली गढी किल्ला(ठूलोगढी),"7XH4+7J4, भद्रकाली 45900, नेपाल",27.2781295,85.9565729,4.3,भद्रकाली, historic_site
,"prayer church, nagarkot","PG89+R5X, नगरकोट सडक, महामञ्जुश्री नगरकोट 44812, नेपाल",27.7171735,85.518019,3.0,नगरकोट सडक, church
,बी.पी. संग्रहालय,"PCX8+J8V, गोकर्णेश्वर 44600, नेपाल",27.7491135,85.4157953,4.1,गोकर्णेश्वर, museum
,Helambu Great Trail,"WGVG+QCX, Unnamed Road, इचोक, नेपाल",27.9444859,85.5261206,4.7,Unnamed Road, historic_site
,Lahan siraha Nepal,"PFCJ+JJ5, लहान 56500, नेपाल",26.7215224,86.4816147,3.3,लहान, tourist_attraction
,Siraha Masjid,"M658+4FX, सिराहा 56500, नेपाल",26.657862,86.216327,5.0,सिराहा, mosque
,MITHILA AQUARIUM,"PWGR+V73, Murli chowk, जनकपुर 45600, नेपाल",26.7271466,85.9406745,1.0,Murli chowk, aquarium
,Noori Masjid MRj.masudululoom,"G46G+W2J, हरिनगरा, नेपाल",26.5123304,87.125058,4.3,हरिनगरा, mosque
,Pakuwa khola,"R7M7+4Q9, धरान 56700, नेपाल",26.8327972,87.264471,5.0,धरान, trek
,Sahid Park,"M7JC+QH9, कीर्तिपुर 44600, नेपाल",27.681907,85.2714891,4.6,कीर्तिपुर, park
,Believers Eastern Church,"M776+2RF, Prithvi Chowk, कीर्तिपुर 44600, नेपाल",27.6625541,85.2620329,4.6,Prithvi Chowk, church
,स्वरेक मैदान,"2PFP+W5F, स्वरेक 33801, नेपाल",28.0247899,83.7354332,4.4,स्वरेक, tourist_attraction
,palpa,"WHH3+5Q, यम्घा 33800, नेपाल",27.9279507,83.5544768,0.0,यम्घा, museum
,Subha Bihani Krishi tatha Pasupanchi fram,"XP47+MFJ, तीनदोबाटे 33801, नेपाल",27.9567202,83.7136414,4.3,तीनदोबाटे, zoo
,Shivalaye tample G.M2 batuwa pipalpari,"WMM2+8P7, Syangja Mirmi Sadak, जगत्रदेवी 33800, नेपाल",27.9332816,83.6517987,5.0,Syangja Mirmi Sadak, hindu_temple
,Manung Dada,"X68W+45, H04, ब्यास, नेपाल",27.967886,84.245773,4.5,H04, park
,Deurali देउराली,"FQ26+JFJ, फुङलिङ 57500, नेपाल",27.451593,87.7611437,3.0,फुङलिङ, zoo
,Thang heem,"4MHC+H76, रानी गाउँ 57400, नेपाल",27.1288621,87.6696156,0.0,रानी, church
,"शिवथान मन्दिर (Shivathan Temple) Amdim, Tehrathum","5F5J+F79, 57500, नेपाल",27.1586547,87.4807398,5.0,57500, hindu_temple
,Gyathum bridge,"VGPQ+8H, इचोक, नेपाल",27.8858321,85.5389584,0.0,इचोक, historic_site
,"सिसाघारी सिमसार तथा पर्यापर्यटन क्षेत्र कटारी -५ ,उदयपुर","Unnamed Road, कटारी 56300, नेपाल",26.9627847,86.405515,4.1,कटारी, park
,प्रगतिशिल मिश्रित समूह पोखरी,"QVQ7+8CR, बेल्टार बसाहा 56300, नेपाल",26.7883722,86.8635183,0.0,बेल्टार, aquarium
,Ganesh Temple,"QJQM+HPW, त्रियुगा 56300, नेपाल",26.7889782,86.6343362,5.0,त्रियुगा, hindu_temple
,Nayatola Masjid,"2VGR+47V, वीरगञ्ज 44400, नेपाल",27.0253608,84.8906683,4.3,वीरगञ्ज, mosque
,simal bot chok,"5233+FCP, गढीमाई 44400, नेपाल",27.1537158,85.0035773,4.7,गढीमाई, museum
,सिद्धबाबा मन्दिर,"भीमदत्त 10400, नेपाल",29.0640231,80.1325406,4.5,नेपाल, hindu_temple
,Mahendra statue park,"X58J+WMX, भीमदत्त 10400, नेपाल",28.9673712,80.1817243,2.0,भीमदत्त, monument
,One Tree Hill,"2677+9R, भीमदत्त 10400, नेपाल",29.0134442,80.2145669,0.0,भीमदत्त, hike
,Haramain Masjid مسجد,"J985+RVV, गोदावरी 44700, नेपाल",27.6170931,85.359575,3.7,गोदावरी, mosque
,स्वस्थानी मन्दिर,"M79R+RCQ, कीर्तिपुर 44600, नेपाल",27.6695962,85.2911248,4.3,कीर्तिपुर, hindu_temple
,Chovar gate,"M7CR+892, कीर्तिपुर 44600, नेपाल",27.6707572,85.2908822,0.0,कीर्तिपुर, hike
,Babai church,"7GMX+5FM, बाँसगढी 21800, नेपाल",28.2829686,81.5486728,0.0,बाँसगढी, church
,सामुदायिक ट्रेकहरू र अभियान प्रा। लिमिटेड,"Solu Dada, Kathmandu 10105, नेपाल",27.7342384,85.3643224,4.9,Kathmandu, trek
,समाईला,"V6C2+VX, ढिमे 21500, नेपाल",28.8721534,82.2023986,3.3,ढिमे, tourist_attraction
,Yanjakot,"7463+7J5, थुमाकोडाँडा 33700, नेपाल",28.2606277,84.1041006,4.3,थुमाकोडाँडा, monument
,Traditional Gurung Museum,"CQ5H+4H, घान्द्रुक 33700, नेपाल",28.4078696,83.7788968,0.0,घान्द्रुक, museum
,Summir Cover Gap,"G856+V5G, रोवा 21100, नेपाल",29.5096875,82.3104531,0.0,रोवा, hike
,Padhere dada,"5X38+74, गोगने 57000, नेपाल",27.1531712,86.9653701,1.0,गोगने, mosque
,"Nuptse East, 7804 m. First ascent 2003.","XV8P+V6M ЮВ стена, खुम्जुंग 56000, नेपाल",27.9672192,86.8855391,5.0,खुम्जुंग, zoo
,Baspani,"4G7V+JRR, 56300, नेपाल",27.1141203,86.5445027,0.0,56300, mosque
,Dudiley Tol,"9RH7+376, राखा बाङ्देल 56200, नेपाल",27.3776639,86.8131298,5.0,राखा, museum
,Lungthung Stone Monument,"X4RR+85, खैराङ 57000, नेपाल",26.9908532,87.1404018,0.0,खैराङ, monument
,Mahottari Field,"MRQC+HG5, महोत्तरी 45700, नेपाल",26.6888974,85.8213478,5.0,महोत्तरी, park
,Mahottari,"Q9CR+VFC, गोकर्णेश्वर 8, नेपाल",27.7721218,85.3912182,0.0,गोकर्णेश्वर, church
,ToteshworBhantabari Road,"2R37+PJC, बर्दिबास 45700, नेपाल",27.0045463,85.8141349,4.1,बर्दिबास, tourist_attraction
,Morang Aadhunik krishi Farm,"C77V+4G5, विराटनगर 56613, नेपाल",26.4127598,87.2938482,3.6,विराटनगर, picnic
,Shaktikhor jharana,"PJHF+J62, Unnamed Road, शक्तिखोर 44204, नेपाल",27.7290185,84.6230185,4.4,Unnamed Road, hike
,3B gallery,"Shreenagar Tole 2, बागलुङ 33300, नेपाल",28.2723125,83.5988302,0.0,बागलुङ, art_gallery
,ठुल्धारा,"VH4X+RW, दुल्लु 21600, नेपाल",28.8570301,81.5998179,1.0,दुल्लु, amusement_park
,तालामरा आर्यघाट,"3FG8+RQ, लयाटी 10700, नेपाल",29.0770721,81.4669661,0.0,लयाटी, museum
,Bhardev Nissi Church,"G9XG+94, भर्देव 44700, नेपाल",27.548477,85.3753014,5.0,भर्देव, church
,Bhamak,"MJ5C+X5, रुद्रेश्वर 10200, नेपाल",29.659986,80.620386,0.0,रुद्रेश्वर, trek
,"Bitthad Settlement, Bajhang","GQX4+63G, 10500, नेपाल",29.5480735,80.7552045,0.0,10500, tourist_attraction
,Jhota Darbar,"F2C2+V5F, भैरबनाथ 10500, नेपाल",29.472184,81.0004102,5.0,भैरबनाथ, museum
,Golden Aquaiam Sea World,"Simalgair Rd, near Aptek, Tiraha, Pithoragarh, Uttarakhand 262501, भारत",29.5839558,80.2029151,4.0,near Aptek, aquarium
,Tsum Valley Trek,"चाक्सीवारी मार्ग, काठमाडौँ 44600, नेपाल",27.715193,85.310262,4.2,काठमाडौँ, trek
,DHAMBOJHI Water Park,"नेपालगञ्ज 21900, नेपाल",28.0752578,81.6291556,4.0,नेपाल, park
,बाँके राष्ट्रिय निकुञ्ज कार्यालय,"4RF9+JHV, महादेवपुरी 21900, नेपाल",28.1241043,81.8189161,4.2,महादेवपुरी, historic_site
,Krishna khane pani Sewa,"4MCQ+QP, नेपालगञ्ज 21900, नेपाल",28.1219456,81.6893272,0.0,नेपालगञ्ज, hike
,"Bardiya National Park Office, Thakurdwara","Thakurdwara Road, 21800, नेपाल",28.4528817,81.2427123,4.4,21800, trek
,सिकारह गाउँ को चोक(धढवर),"8C58+7HH, मगरागढी 21800, नेपाल",28.3081772,81.4164843,0.0,मगरागढी, hike
,दत्तात्रय मन्दिर,"Mako Galli, भक्तपुर 44800, नेपाल",27.6734282,85.4353568,4.7,भक्तपुर, hindu_temple
,Sudal LandPlotstop,"MCFG+WX2, भक्तपुर 44800, नेपाल",27.674766,85.4273979,0.0,भक्तपुर, hike
,वन्य जन्तु आरक्षण एरिया,"QXHW+WM3, तपेश्वोरी 56300, नेपाल",26.7797555,86.9966568,0.0,तपेश्वोरी, zoo
,"Dharan Aquarium, Con:532457","गौतम पथ, धरान 56700, नेपाल",26.8123674,87.2832361,4.3,धरान, aquarium
,Sivalaye 8 bhojpur,"53F3+Q34, भोजपुर 57000, नेपाल",27.1751588,87.0526647,0.0,भोजपुर, hindu_temple
,अन्तर्राष्ट्रिय कृष्णभावनामृत संघ (इस्कोन),"MFX2+PPQ, Baseni, Bharatpur 11, भरतपुर, नेपाल",27.6995322,84.4519975,4.8,Baseni, hindu_temple
,Kankali Picnic Spot,"खैरहानी 44200, नेपाल",27.6522236,84.5697703,4.3,नेपाल, picnic
,Ambika Aquarium Shop,"JJWC+M2Q, पाँचखाल 45212, नेपाल",27.6467352,85.6201242,5.0,पाँचखाल, aquarium
,डोलेश्वर (विमलेश्वर) महादेव मन्दिर (केदारनाथ),"JCQQ+G9V, Suryebinayak - Doleswor Rd, सुर्यविनायक 45200, नेपाल",27.6388506,85.438405,4.6,Suryebinayak - Doleswor Rd, hindu_temple
,Radha krishna temple,"38MQ+W5H, बलिथुम 32600, नेपाल",28.0848014,83.3379939,4.8,बलिथुम, hindu_temple
,Upallo Humla Karnali,"5874+F9F, मुचू, नेपाल",30.1636753,81.3059182,0.0,मुचू, park
,Panidhara,"P8R8+74, घेत्मा 22000, नेपाल",28.7406213,82.3146129,0.0,घेत्मा, amusement_park
,भार ढुङ्गा लुहागा(ओलि कुल देवता),"P8J5+HVP, Jajarkot Barekot, Luhagha 44600, नेपाल",27.7314515,85.3096937,0.0,Jajarkot Barekot, hindu_temple
,Shrijanga chowk,"JXWF+FP8, बिर्तामोड 57204, नेपाल",26.64512,87.9748705,4.8,बिर्तामोड, museum
,Sukhani Sahid Statue,"M2G6+6P7 Salbari Park, शनि अर्जुन 57205, नेपाल",26.6755365,88.0117985,4.1,शनि, monument
,Pack and Pedal Nepal,"Anarmani-3, Birtamode, Jhapa, P.B.O 57204, बिर्तामोड 57204, नेपाल",26.6467544,87.9940586,4.6,Birtamode, trek
,Mosque,"Chandannath Muncipility-05, चन्दननाथ 21200, नेपाल",29.275418,82.1847479,1.0,चन्दननाथ, mosque
,Taalcha jumla,"857V+FQ, चन्दननाथ 21200, नेपाल",29.3137187,82.1944516,0.0,चन्दननाथ, hike
,Tripathi Kulayen Mandir,"Hemja 6 Kaski, 33700, नेपाल",28.2809919,83.9181849,5.0,33700, hindu_temple
,Annapurna Base Camp Trek,"ठमेल मार्ग, काठमाडौँ 44600, नेपाल",27.7148119,85.3112851,5.0,काठमाडौँ, hike
,देविस्थान पिक्निक स्थल,"kali temple, धुलिखेल 45200, नेपाल",27.6100834,85.5684388,4.0,धुलिखेल, picnic
,Khotang डिकुवा,"5GFR+F75, च्यास्मिटार 56200, नेपाल",27.1588151,86.5093037,4.0,च्यास्मिटार, hindu_temple
,मूल चोक,"मू चुक:, ललितपुर 44700, नेपाल",27.6729158,85.3251921,4.8,ललितपुर, historic_site
,"Turlungkot Gadi, Duradada Lamjung","58FM+6Q8, Unnamed Road, दुराडांडा 33600, नेपाल",28.1730411,84.3344393,4.5,Unnamed Road, park
,Abhishek Methodist Church,"3F87+W9W, डुम्रे-बेसिशहर-चामे राजमार्ग, पुरकोट, नेपाल",28.0673871,84.4634208,5.0,डुम्रे-बेसिशहर-चामे राजमार्ग, church
,"Historical Museum, Ghale Gaun","78H5+8GG, घले गाउँ 33600, नेपाल",28.2779705,84.3087414,5.0,घले, museum
,Bishwa Art,"Harikunja road Hetauda-2, हेटौडा 44107, नेपाल",27.4308097,85.0353314,4.2,हेटौडा, art_gallery
,Gangate Peace and Children Park,"V5R2+J83, बिदुर 44900, नेपाल",27.8915126,85.1507998,4.6,बिदुर, park
,Trek Bikes Nepal,"Panipokhari, काठमाडौँ 44600, नेपाल",27.7286232,85.3251467,4.2,काठमाडौँ, trek
,"Bashyal toll,palpa","VJVG+XX3, bashyaltoll 32500, नेपाल",27.8948972,83.6274288,5.0,bashyaltoll, hike
,Nepali art & painting gallery,"Lazimpat Sadak, काठमाडौँ 44600, नेपाल",27.7282336,85.3246457,0.0,काठमाडौँ, art_gallery
,Mohare Danda Trek,"काठमाडौँ 44600, नेपाल",28.3717883,83.6796143,4.9,नेपाल, trek
,Sudeep,"4JPX+XH, Kurgha Parbat 33400, नेपाल",28.1374135,83.6488814,0.0,Kurgha, hike
,Rest stop,"8Q6M+8W, ठोरी 44300, नेपाल",27.3108519,84.7848613,5.0,ठोरी, hike
,जौलिपोखरी,"6RRG+9J8, सिर्पा 22100, नेपाल",28.240909,82.8265691,0.0,सिर्पा, amusement_park
,Kalikasthan rasuwa,"X6P5+7W5 Kalika-2, लहरेपौवा 45000, नेपाल",27.9856374,85.2098543,2.0,लहरेपौवा, hindu_temple
,Community church rolpa liwang,"8J3R+2CM, Unnamed Road, लिवाङ 22100, नेपाल",28.3025984,82.6410495,3.3,Unnamed Road, church
,ब्राहा ठान,"6RF5+8R2, सिर्पा 22100, नेपाल",28.2232523,82.8095247,0.0,सिर्पा, hindu_temple
,Rolwaling Trek Pvt Ltd,"Naxal, Bhagwati Bahal, Dugad Marg, काठमाडौँ, नेपाल",27.7120419,85.3277827,5.0,Bhagwati Bahal, trek
,Dolanga Takura दोलङ्गा टाकुरा,"RCPQ+XFG, आठबिसकोट 22000, नेपाल",28.8374331,82.4387069,5.0,आठबिसकोट, picnic
,Picnic Ground,"MF4P+232, तिलोत्तमा 32907, नेपाल",27.6550247,83.4851544,5.0,तिलोत्तमा, picnic
,Muji Haddi Ram ko ghar,"HJHG+25V, वीरेन्द्रनगर 21700, नेपाल",28.5776106,81.6254283,0.0,वीरेन्द्रनगर, zoo
,Chhatreshwori Temple Salyan,"868R+Q7W, छायाँक्षेत्र 22200, नेपाल",28.3169917,82.2406976,4.4,छायाँक्षेत्र, hindu_temple
,कुपिन्दे दह,"C375+V5W, कुभिन्डेदह 22200, नेपाल",28.4147457,82.0579416,4.4,कुभिन्डेदह, monument
,साली ट्रेकिङ सेवा,"Ishaneswor Marg, काठमाडौँ 44600, नेपाल",27.6927239,85.2645446,4.7,काठमाडौँ, trek
,Pokhari बाेहाेरेटार पाेखरी,"CV5V+4M2, झाँगाझोली रातामाटा 45900, नेपाल",27.4077668,85.8941475,4.0,झाँगाझोली, amusement_park
,Sindhuli Baptist Church,"6WH9+3QM, कमलामाई 45900, नेपाल",27.2276966,85.9194164,4.0,कमलामाई, church
,Chhumber jharna,"WMRQ+XM5, नेपाल",27.9423893,85.6892479,0.0,नेपाल, hike
,Jama Masjid Shishwa Harinagar 5 Sunsari,"G35M+84, बसन्तपुर 56713, नेपाल",26.5084537,87.0825227,3.0,बसन्तपुर, mosque
,माछा पालन केन्द्र,"माछा पालन केन्द्र, मजुवा सर्लाही मार्ग, साँखर 33800, नेपाल",27.8819162,83.9272428,5.0,मजुवा सर्लाही मार्ग, aquarium
,"Bagaicha, 2 syangja","3VPQ+78X, पुतलीबजार 33800, नेपाल",28.0857259,83.8883661,0.0,पुतलीबजार, hike
,Patan Park,"Patan Park(公园, ब्यास 33900, नेपाल",27.9687535,84.2663703,3.7,ब्यास, park
,Thaman Art Galery,"पोखरा 33700, नेपाल",28.2124505,83.9557993,5.0,नेपाल, art_gallery
,Tanahun baindi,"VWJV+Q4, गाजरकोट 33800, नेपाल",27.8819733,83.9427933,0.0,गाजरकोट, hike
,ज्योतिषी Jotishi Taplejung,"8MJ6+QV, फुङलिङ 57500, नेपाल",27.3319485,87.6621906,5.0,फुङलिङ, hindu_temple
,Fun Land,"Bhadrakali Road, काठमाडौँ 44600, नेपाल",27.6975641,85.3190336,3.9,काठमाडौँ, amusement_park
,Jame Masjid Dhankuta जामे मस्जिद धनकुटा,"X8FV+RVR, धनकुटा 56800, नेपाल",26.9746992,87.3446677,0.0,धनकुटा, mosque
,Tinjure Danda,"Tinjure Danda, तामाफोक 56900, नेपाल",27.1713889,87.4027778,4.5,तामाफोक, trek
,Batase,"2GG8+7G, ओखरे 57500, नेपाल",27.0252929,87.5167599,0.0,ओखरे, hike
,Parsa National Park office,"Aadhabhar 44400, नेपाल",27.2299128,84.9875371,4.3,नेपाल, park
,Prashurampur Masjid,"W2MR+6PR, Bara, परशुरामपुर 44400, नेपाल",26.9331129,85.0417302,4.1,Bara, mosque
,Dk farm house,"Q7GF+76C, बेलडन्डी 10400, नेपाल",28.7756971,80.2730042,0.0,बेलडन्डी, zoo
,"Nepal Presbyterian Church, Chunikhel","J8C4+9R8 Anand Tole, कार्यविनायक 44700, नेपाल",27.6208661,85.3071146,4.2,कार्यविनायक, church
,"Pana, Rara, mugu,","F4WW+94, पिना 21100, नेपाल",29.4959356,82.1453349,0.0,पिना, church
,Mosque JAMA MASZID,"G3V3+HG6, कपिलवस्तु 32800, नेपाल",27.5439156,83.0537313,4.7,कपिलवस्तु, mosque
,St.Mark Believers Eastern church,"Salleri 5, नेपाल",27.4950192,86.5823749,0.0,नेपाल, church
,शेर्पा संस्कृति संग्रहालय,"RP47+2PQ, Everest Base Camp Trekking Rte, नाम्चे 56000, नेपाल",27.8050953,86.7143442,4.7,Everest Base Camp Trekking Rte, museum
,Gita Aquarium House,"Janak Chowk Bus Stop, जनकपुर 45600, नेपाल",26.7291617,85.9277633,3.5,जनकपुर, aquarium
,"Panchadhura Temple, Bardibas","2V39+7HR, बर्दिबास 45701, नेपाल",27.0032219,85.8689164,4.5,बर्दिबास, monument
,Mini Shimla,"PV9W+XQ, जनकपुर 45700, नेपाल",26.7199523,85.8969642,4.9,जनकपुर, picnic
,Mithilani Ghar Mithila Art gallery,"Dewan Pokhari South Face, जनकपुर 45600, नेपाल",26.7443703,85.9203997,4.9,जनकपुर, art_gallery
,Nocha Pokhari,"Unnamed Road, 45600, नेपाल",26.6961102,85.9336253,4.2,45600, picnic
,नाग पोखरी,"MCFM+M8H, भक्तपुर 44800, नेपाल",27.6741945,85.4333464,4.1,भक्तपुर,", park"
,Collossi Church,"MCHM+3MW, भक्तपुर 44800, नेपाल",27.677726,85.4341893,5.0,भक्तपुर,", church"
,पालिखेल ल्हो हिती,"MCCM+W8X, भक्तपुर 44800, नेपाल",27.672361,85.4333601,4.2,भक्तपुर,", tourist_attraction"
,Naya Planning Park,"मध्यपुर थिमि 44600, नेपाल",27.6898512,85.3711258,4.3,नेपाल,", park"
,"Upasana Church, Thimi, Bhaktapur","मध्यपुर ठिमी 44811, नेपाल",27.6773723,85.3881205,4.8,नेपाल,", church"
,बालकुमारी मन्दिर (क्वलाखु द्यः),"M9GP+84P, मध्यपुर थिमि 44600, नेपाल",27.675825,85.3853204,4.6,मध्यपुर,", tourist_attraction"
,Guppies kingdom,"मध्यपुर थिमि 44600, नेपाल",27.6729501,85.3791573,4.8,नेपाल,", aquarium"
,Mithila Art Center,"मध्यपुर थिमि 44800, नेपाल",27.680827,85.3935282,5.0,नेपाल,", art_gallery"
,शंखधर शख्वा मूर्ति,"M9FP+94R, मध्यपुर थिमि, नेपाल",27.673491,85.3852731,4.2,मध्यपुर थिमि,", monument"
,बुद्ध शान्ति पार्क (शान्ति डाँडा),"PG52+WX3, नगरकोट सडक, महामञ्जुश्री नगरकोट 44812, नेपाल",27.709765,85.5024153,4.3,नगरकोट सडक,", park"
,नगरकोट झरना,"PF4P+C54, नगरकोट पदयात्रा मार्ग, महामञ्जुश्री नगरकोट 44600, नेपाल",27.7060142,85.4854567,4.3,नगरकोट पदयात्रा मार्ग,", tourist_attraction"
,S.R Aquarium,"भक्तपुर 44600, नेपाल",27.6992699,85.4680101,4.5,नेपाल,", aquarium"
,महाकाली मन्दिर,"MCGJ+9G5, नगरकोट सडक, भक्तपुर 44800, नेपाल",27.6758774,85.4313614,4.4,नगरकोट सडक,", hindu_temple"
,नगरकोट भ्यू टावर,"44804, नेपाल",27.6921895,85.5199332,4.2,नेपाल,", monument"
,Madhyapur animal farm,"M9HR+WV5 Friendship park, मध्यपुर ठिमी 44600, नेपाल",27.6799106,85.3931551,0.0,मध्यपुर,", zoo"
,चाँगु नारायण मन्दिर,"PC8H+H38, चाँगुनारायण 44600, नेपाल",27.7163249,85.4278221,4.7,चाँगुनारायण,", hindu_temple"
,Changunarayan Forest,"PC7G+G65, Changu Narayan Southern Trail, चाँगुनारायण 44600, नेपाल",27.7137719,85.4256077,5.0,Changu Narayan Southern Trail,", trek"
,चाँगुनारायण पिकनिक स्थल,"Changunarayan Rd, चाँगुनारायण 44600, नेपाल",27.7170146,85.4314923,3.7,चाँगुनारायण,", picnic"
,Ganeshman Singh Smriti Batika,"MC66+6PG, सुर्यविनायक, नेपाल",27.6605627,85.411841,4.1,सुर्यविनायक,", park"
,सूर्यविनायक गणेश मन्दिर,"MC4F+F9V, सुर्यविनायक, नेपाल",27.656246,85.423476,4.6,सुर्यविनायक,", hindu_temple"
,Siddha Pokhari (Ta Pukhu),"Siddha Pokhari, भक्तपुर 44800, नेपाल",27.6719607,85.4210488,4.5,भक्तपुर,", historic_site"
,सूर्यविनायक वनभोज स्थल,"MC4F+JFR, सुर्यविनायक, नेपाल",27.6566223,85.4236314,4.0,सुर्यविनायक,", picnic"
,काष्ठकला सङ्ग्रहालय,"MCFP+85P, Mako Galli, भक्तपुर 44800, नेपाल",27.6733339,85.4353738,4.2,Mako Galli,", museum"
,Koinonia Bhaktapur Church,"MC95+F5M, सुर्यविनायक 44800, नेपाल",27.6687039,85.4079419,5.0,सुर्यविनायक,", church"
,"विष्णु देवी मन्दिर, भाजंगाल, कीर्तिपुर","कीर्तिपुर 44618, नेपाल",27.6692723,85.2863393,4.6,नेपाल,", hindu_temple"
,Nepal Trek Ways Pvt. Ltd.,"Tekhacho 4, भक्तपुर 44800, नेपाल",27.6699109,85.4255732,4.5,भक्तपुर,", trek"
,Madrasa Dare Arqam,"M9HQ+CQ8 Kamerotaar planing, मध्यपुर ठिमी 44600, नेपाल",27.6785227,85.3894716,4.5,मध्यपुर,", mosque"
,One Day Interactive 3D Museum,"M9GX+6CP, मध्यपुर थिमि, नेपाल",27.6755479,85.3984758,2.6,मध्यपुर थिमि,", museum"
,Sanothimi,"M9JC+FR3, पुरानो बाटो, मध्यपुर थिमि 44600, नेपाल",27.6811478,85.3720428,4.3,पुरानो बाटो,", historic_site"
,Trekadviser Pvt.Ltd.,"भक्तपुर 44800, नेपाल",27.6898824,85.4133837,5.0,नेपाल,", trek"
,सुन्दरीजल झरना,"QC8F+X9P, Chisapani Trek, गोकर्णेश्वर 44600, नेपाल",27.7674538,85.4234458,4.5,Chisapani Trek,", park"
,Sundarijal church,"PCV7+R2V, गोकर्णेश्वर 44600, नेपाल",27.7445352,85.4125543,5.0,गोकर्णेश्वर,", church"
,ईन्द्रायणी मन्दिर,"MCFG+7PG, भक्तपुर 2, नेपाल",27.673167,85.426814,4.5,भक्तपुर,", hindu_temple"
,सुन्दरीजल बाध,"QCCG+P9M, Chisapani Trek, गोकर्णेश्वर 44600, नेपाल",27.7718462,85.4259073,4.4,Chisapani Trek,", historic_site"
,Sundarijal-Chisapani Trek,"Sundarijal-Chisapani Trek, नेपाल",27.791617,85.4357231,,नेपाल,", trek"
,Sundarijal,"QCV7+RG5, गोकर्णेश्वर 44600, नेपाल",27.794522,85.4138521,4.5,गोकर्णेश्वर,", hike"
,Liwali,"MC9R+RH2, भक्तपुर 44800, नेपाल",27.6695052,85.4414015,0.0,भक्तपुर,", church"
,Aquatic Life Culture,"MCCQ+734, Maheshwari Chowk, भक्तपुर 44800, नेपाल",27.6706365,85.4376976,3.0,Maheshwari Chowk,", aquarium"
,सिद्धि वत्सला मन्दिर,"MCCH+RG6, भक्तपुर 44800, नेपाल",27.6720314,85.4287688,4.7,भक्तपुर,", hindu_temple"
,Itahari Roundabout,"M78G+75Q, इटहरी 56705, नेपाल",26.6629347,87.274534,4.7,इटहरी,", tourist_attraction"
,Noori Jaama Masjid,"M75H+R4M, इटहरी 56705, नेपाल",26.6595886,87.2778028,3.7,इटहरी,", mosque"
,Itahari Matrix,"M79Q+JHG, तालतलैया मार्ग, इटहरी 56705, नेपाल",26.6691823,87.2889445,4.5,तालतलैया मार्ग,", museum"
,Itahari Aquarium,"आइतबारे पथ 4, इटहरी 56705, नेपाल",26.6655161,87.2719744,5.0,इटहरी,", aquarium"
,Muktidham ᤕᤢᤔᤠ,"M76P+C28, इटहरी 56705, नेपाल",26.661055,87.2849995,4.5,इटहरी,", hindu_temple"
,गोकुलम रिसोर्ट,"J7WR+X2R, सुन्दर दुलारी 56705, नेपाल",26.6474791,87.2900214,4.0,सुन्दर,", picnic"
,वि. पी. पार्क,"R7WV+F63 Sardu Khola, धरान 56700, नेपाल",26.8461322,87.2930399,4.1,धरान,", park"
,ध​रान घण्टाघर,"R76P+M4M घण्टाघर, देशी लाईन, धरान 56700, नेपाल",26.8117069,87.2852886,4.3,देशी लाईन,", monument"
,राधा कृष्ण मन्दिर,"F7CM+VQ8, विराटनगर 56613, नेपाल",26.4721669,87.2844631,4.3,विराटनगर,", hindu_temple"
,शंख पार्क,"Bhedetar - Rajarani - Rabi - Ranke, भेडेटार 56804, नेपाल",26.8578935,87.32085,4.1,भेडेटार,", park"
,भेडेटार भ्यू टावर,"Charles Point, Dharan Dhankuta Hwy, धरान 56804, नेपाल",26.861125,87.3192823,4.3,Dharan Dhankuta Hwy,", amusement_park"
,Living Church Bhaktapur,"MCF3+CM3, Srijana Nagar, भक्तपुर 44800, नेपाल",27.6736151,85.4041061,0.0,Srijana Nagar,", church"
,भेडेटार बजार,"V859+QV7, कोशी राजमार्ग, भेडेटार 56804, नेपाल",26.8594058,87.3196591,4.3,कोशी राजमार्ग,", mosque"
,House of Bettas and guppies,"R77M+35X, गौतम पथ, धरान 56700, नेपाल",26.8127565,87.2829685,2.0,गौतम पथ,", aquarium"
,𑐨𑐿𑐮 𑐡𑑂𑐫𑑅 (भैरवनाथ मन्दिर),"Taumadhi Square, भक्तपुर 44800, नेपाल",27.6710131,85.4295141,4.9,भक्तपुर,", hindu_temple"
,योसिंखेल भैरबस्थान,"MC9J+H29, भक्तपुर 44800, नेपाल",27.6689112,85.4301039,4.7,भक्तपुर,", historic_site"
,न्यातपोल मन्दिर,"Taumadhi Square, भक्तपुर 44800, नेपाल",27.6713593,85.4293285,4.7,भक्तपुर,", tourist_attraction"
,इस्कन भक्तपुर,"MCCF+F4G, भक्तपुर 44800, नेपाल",27.6711905,85.4228279,4.6,भक्तपुर,", mosque"
,iTrekNepal,"Byasi Gate, नगरकोट सडक, भक्तपुर 44800, नेपाल",27.6748931,85.4279609,4.6,नगरकोट सडक,", trek"
,Bhaktapur.com,"Libali-8, Bhaktapur Municipality, भक्तपुर 44800, नेपाल",27.6716109,85.43823,4.3,Bhaktapur Municipality,", historic_site"
,Creative arts and crafts hub,"भक्तपुर 44800, नेपाल",27.6700939,85.4381802,0.0,नेपाल,", art_gallery"
,Dakshin Barahi Park,"M99P+29Q, अनन्तलिङ्गेश्वर, नेपाल",27.6675878,85.3859708,4.3,अनन्तलिङ्गेश्वर,", park"
,Pokhari danda,"JCXR+C5C, सुर्यविनायक, नेपाल",27.6485692,85.4403878,3.8,सुर्यविनायक,", hike"
,KamaalSin Chhaanaa,"579V+MW, मङ्गलसेन 10700, नेपाल",29.1691367,81.2948383,2.0,मङ्गलसेन,", park"
,अछाम दरबार ( मङल्सेन दरबार ) आर्मी ब्यारेक,"47R4+VH4, मङ्गलसेन 10700, नेपाल",29.1421439,81.2564536,4.2,मङ्गलसेन,", tourist_attraction"
,Mangalsem,"464H+XWH, मङ्गलसेन 10700, नेपाल",29.1074324,81.229853,0.0,मङ्गलसेन,", tourist_attraction"
,Sannikot Temple,"47V4+8G2, मङ्गलसेन 10700, नेपाल",29.1432534,81.2562713,3.0,मङ्गलसेन,", mosque"
,Lovely dada,"F53V+QP8, 10500, नेपाल",29.4544214,81.1943296,0.0,10500,", zoo"
,श्री कोकिला देवी मन्दिर/Kokila devi mandir (तिरुवा टोल),"Mangalsen nagarpalika ward no 14 kalagaun roll, नेपाल",29.1570698,81.3330847,5.0,नेपाल,", hindu_temple"
,Mangalsen Historic palace,"47Q4+QCW, मङ्गलसेन 10700, नेपाल",29.1394778,81.2560857,3.7,मङ्गलसेन,", monument"
,कुन्तिवण्डाली,"464H+XWH, मङ्गलसेन 10700, नेपाल",29.107441,81.2298513,0.0,मङ्गलसेन,", trek"
,Janali Falls (जनाली झरना),"37RP+63G jharna, मङ्गलसेन 10700, नेपाल",29.0905625,81.2851875,4.2,मङ्गलसेन,", picnic"
,काला खोला,"38HG+962, 10700, नेपाल",29.0783898,81.3255262,5.0,10700,", hike"
,Dudamukh Baghkhor Park,"MG75+M2H, नाला उग्रचन्डी 45200, नेपाल",27.6641987,85.507612,4.2,नाला,", park"
,आराधना चर्च,"PJW5+HH, भिमटार, नेपाल",27.7465731,85.608873,5.0,भिमटार,", church"
,हात्तीसँडे डाँडा,"G45H+G8, भिमफेदी 44100, नेपाल",27.5088352,85.1283443,5.0,भिमफेदी,", tourist_attraction"
,स्वयम्भू महाचैत्य,"P77R+X52, BHAGANPAU 44600, नेपाल",27.7148996,85.2903957,4.6,BHAGANPAU,", monument"
,Chovar park,"M76V+HXJ, कीर्तिपुर 44600, नेपाल",27.661756,85.2942256,4.5,कीर्तिपुर,", park"
,Machchhegaun Christian Assembly,"M69X+883, चन्द्रागिरी 44618, नेपाल",27.6682547,85.2482964,4.7,चन्द्रागिरी,", church"
,chaur pokhari,"Q625+3M8, छत्रे देउराली 45100, नेपाल",27.7501509,85.2091923,2.3,छत्रे,", tourist_attraction"
,Shantada ramaroshan achham,"6C32+HH3, 10700, नेपाल",29.2038979,81.4014198,0.0,10700,", park"
,रामारोशन,"रामारोशन 10700, नेपाल",29.23,81.46,,नेपाल,", tourist_attraction"
,Kinnimini patan,"साँफेवगर 10700, नेपाल",29.2421875,81.4544375,4.0,नेपाल,", tourist_attraction"
,रामारोशन,"रामारोशन, नेपाल",29.2038979,81.4014198,,नेपाल,", tourist_attraction"
,"🕉️ Baachalaa Thaan , Achham, ramaroshan","6CQG+WQG, 10700, नेपाल",29.2398161,81.4269459,0.0,10700,", hindu_temple"
,Gamcha prakash church,"M94R+GHH, Thimi-Biruwa Rd, अनन्तलिङ्गेश्वर, नेपाल",27.657279,85.3915751,0.0,Thimi-Biruwa Rd,", church"
,पाँडेको कटेज,"JJF7+VXX, पाँचखाल 45212, नेपाल",27.6248234,85.615874,5.0,पाँचखाल,", tourist_attraction"
,Dullu Museum,"VJF5+8CP, Unnamed Road, दुल्लु 21600, नेपाल",28.8733353,81.6085898,5.0,Unnamed Road,", museum"
,Hobby Aquarium,"P824+J3H, Guna Kamdev Marg, काठमाडौँ 44614, नेपाल",27.701564,85.305222,3.8,Guna Kamdev Marg,", aquarium"
,Baahal,"PFJ6+2VH, शङ्खरापुर 44600, नेपाल",27.7300643,85.4622415,4.5,शङ्खरापुर,", historic_site"
,घ्याम्पे डाँडा वनभोज स्थल,"JCQF+6W3, अनन्तलिङ्गेश्वर, नेपाल",27.6381719,85.4253785,3.8,अनन्तलिङ्गेश्वर,", picnic"
,Shahid park,"JC3W+6CX, र्‍याले 45200, नेपाल",27.6031225,85.4460997,4.7,र्‍याले,", park"
,आलडिल,"GRX7+CJ, कार्त्तिके देउराली 45200, नेपाल",27.5485043,85.8140236,4.5,कार्त्तिके,", tourist_attraction"
,"1.देवल, History monument","9X49+FV, धापा 21200, नेपाल",29.3562059,81.9696563,5.0,धापा,", monument"
,Dhurbe dado,"MJ54+QHV, पाँचखाल 45212, नेपाल",27.6594887,85.6064253,5.0,पाँचखाल,", historic_site"
,साहसिक पर्वतीय नेपाल ट्रेकिङ र चढाई (पी) लिमिटेड,"अमृत मार्ग, काठमाडौँ 44600, नेपाल",27.7160419,85.3128484,4.8,काठमाडौँ,", trek"
,"Payal view'","55CQ+2X5, पाइल 10700, नेपाल",29.17,81.19,5.0,पाइल,", park"
,Christiya Aaradhana Church,"66J8+RH7, साँफेवगर 10700, नेपाल",29.2320437,81.2164307,5.0,साँफेवगर,", church"
,Achham jayagadh kalika,"672F+4QH, 10700, नेपाल",29.2003096,81.2744956,0.0,10700,", tourist_attraction"
,साँफेबगर विमानस्थल,"66P8+M75, H18, साँफेवगर 10700, नेपाल",29.236625,81.2157365,4.0,H18,", mosque"
,shailesh mobile gallery,"achham achham sanfe, साँफेवगर 10702, नेपाल",29.2352473,81.2084183,0.0,साँफेवगर,", art_gallery"
,The print house,"RPR5+4QX, नारायण नगरपालिका 21600, नेपाल",28.8403486,81.7094891,3.0,नारायण,", art_gallery"
,Baidhyanath Dham Temple (वैद्यनाथ धाम),"6673+8JJ मन्दिर, बैजनाथ 10700, नेपाल",29.213146,81.2040304,4.4,बैजनाथ,", hindu_temple"
,Shannikot Temple,"65H2+R56, साँफेवगर 10700, नेपाल",29.2295255,81.1503883,4.3,साँफेवगर,", monument"
,खप्तड राष्ट्रिय निकुञ्ज कार्यालय,"Khaptad Baba Paidal Marg, 10800, नेपाल",29.3868103,81.1480375,4.5,10800,", amusement_park"
,खप्पर दह मन्दिर,"Khaptad - Rara Paidal Marg, 10800, नेपाल",29.3869594,81.1699091,5.0,10800,", church"
,खप्तड ताल,"खप्तड ताल, 10500, नेपाल",29.3867328,81.1687205,4.3,10500,", tourist_attraction"
,पाँचपिप्ले (पोखरी),"MJJM+88H, जैसीथोक मण्डन, नेपाल",27.6808204,85.6333577,0.0,जैसीथोक मण्डन,", park"
,Jump Jhamsikhel Indoor Trampoline Park,"Bakhundole, ललितपुर 44600, नेपाल",27.6830355,85.3101159,3.9,ललितपुर,", amusement_park"
,"Jhaukhel Nazarin Church, Nepal","MCQJ+GFG, चाँगुनारायण 44800, नेपाल",27.6883895,85.4311324,4.0,चाँगुनारायण,", church"
,Yalmu jharana,"RV9V+58, गाठी 45302, नेपाल",27.8179735,85.8933596,4.2,गाठी,", tourist_attraction"
,चाँगु संग्रहालय,"PC8H+HM5, Mandir Walkway, चाँगुनारायण 44600, नेपाल",27.7163961,85.4292452,4.4,Mandir Walkway,", monument"
,"Pipse, Chyomthali पिप्से, च्योम्थली","VFHW+3M6, Gyalthum Pipse Golphubhanjyang Kutumsang Road, थाकनी, नेपाल",27.8776628,85.4966462,3.8,Gyalthum Pipse Golphubhanjyang Kutumsang Road,", historic_site"
,हामी ट्रेक नेपाल (पृ) लिमिटेड,"चाक्सीवारी मार्ग 16, काठमाडौँ 44600, नेपाल",27.7151701,85.3103372,5.0,काठमाडौँ,", trek"
,Ramche Stone Park,"Sitalbasti tinpiple, gramin sadak, पात्लेखेत 45200, नेपाल",27.6007901,85.5927162,4.7,gramin sadak,", tourist_attraction"
,श्री शैलेश्‍वरी मन्दिर,"सिलगढी मुख्येमार्ग, दिपायल सिलगढी 10800, नेपाल",29.2665922,80.980882,4.5,दिपायल,", monument"
,Simali,"QWQV+WFV, Ramsikhar Jhala, पहलमानपुर, नेपाल",28.7898749,80.9436871,4.3,Ramsikhar Jhala,", picnic"
,बैकुण्ठपुरी संग्रहालय,"X56G+7F, सन्धीखर्क 32700, नेपाल",27.960564,83.176133,4.2,सन्धीखर्क,", museum"
,नरीकला कृषि तथा पशुपालन फर्म,"V93V+M9, फेक 32500, नेपाल",27.8541875,83.3934375,5.0,फेक,", zoo"
,Sandhikharka Tattoo House,"Hall line 1, सन्धीखर्क 32700, नेपाल",27.9764761,83.1265024,0.0,सन्धीखर्क,", art_gallery"
,Ganesh Temple,"X4CG+V3V, सन्धीखर्क 32700, नेपाल",27.9722267,83.1251677,4.5,सन्धीखर्क,", hindu_temple"
,Sandhikharka View Tower,"X4FC+V97, Kura Road, सन्धीखर्क 32700, नेपाल",27.9746503,83.1209141,3.4,Kura Road,", historic_site"
,Arghakhanchi,"X4GJ+GM, सन्धीखर्क 32700, नेपाल",27.9763333,83.1317319,4.8,सन्धीखर्क,", trek"
,VIEW TOWER (घोर्लासी),"Shandhikharka Municipality 9, 32712, नेपाल",28.0237143,83.0775129,5.0,32712,", picnic"
,Sainamaina Spring Water World and Resort,"Bayarkatti, सैनामैना 32900, नेपाल",27.6787554,83.3148771,3.9,सैनामैना,", amusement_park"
,Galgatha church (Jurauni),"QQXG+JRQ, गोबरडिहा 22400, नेपाल",27.7990151,82.777067,4.6,गोबरडिहा,", church"
,Sit Khola,"WW2C+FX, जुलुके 32700, नेपाल",27.9010365,82.9234049,3.5,जुलुके,", tourist_attraction"
,Bangesal Masjid,"WR5V+532, बाङ्गेसाल, नेपाल",27.9078912,82.8427074,5.0,बाङ्गेसाल,", mosque"
,Kharkatti riparian area,"RP8G+8P3, Dulaiya Rd, गोबरडिहा 22404, नेपाल",27.8157695,82.7268024,5.0,Dulaiya Rd,", zoo"
,Buddhist Monument,"VHF2+XC4, श्रीनगर हिल पथ, तानसेन 32500, नेपाल",27.874,83.551,4.0,श्रीनगर हिल पथ,", monument"
,शितगंगा,"शितगंगा, नेपाल",27.8345196,83.0626083,,नेपाल,", historic_site"
,Chakla sitganga,"R3M7+Q4Q, ठाडा 32700, नेपाल",27.8344664,83.0628506,3.5,ठाडा,", historic_site"
,खेल मैदान काल्धारे,"RRG6+P6, सिद्धरा 32700, नेपाल",27.8264605,82.8114163,0.0,सिद्धरा,", picnic"
,lahare(लहरे) foot trail,"V5RH+MCX, धतिवाङ 32700, नेपाल",27.8917378,83.1786131,5.0,धतिवाङ,", hike"
,Santi Bagaicha,"X4CG+W5C, सन्धिखर्क-गोरुसिंगे सडक, सन्धीखर्क 32700, नेपाल",27.9723084,83.1253783,4.1,सन्धिखर्क-गोरुसिंगे सडक,", park"
,भूमिकास्थान,"भूमिकास्थान, नेपाल",27.9933729,83.0133837,,नेपाल,", tourist_attraction"
,सन्धिखर्क मस्जिद,"X4GF+2FR, सन्धीखर्क 32700, नेपाल",27.9751083,83.1235764,3.5,सन्धीखर्क,", mosque"
,kafalneti,"4246+G5, गोखुङ्गा 44600, नेपाल",28.1063125,83.0104375,5.0,गोखुङ्गा,", museum"
,Arghakhanchi nepal,"V4VC+HRR, Mandre 32700, नेपाल",27.8939888,83.1220074,3.7,Mandre,", art_gallery"
,छेडा पोखरा थुम्को,"23M9+MMF, धारापानी 32700, नेपाल",28.0341993,83.069166,5.0,धारापानी,", hike"
,Ninthumdada,"263H+HR, छत्रगंज 32600, नेपाल",28.0039417,83.2296059,4.5,छत्रगंज,", park"
,तम्घास मसीही चर्च,"367X+C34, रेसुङ्गा 32600, नेपाल",28.0635148,83.2476599,4.2,रेसुङ्गा,", church"
,Subhani jama masjit,"Unnamed Road, 32700, 32700, नेपाल",27.9638849,83.2620438,5.0,32700,", mosque"
,"माझपानी शिवालय मन्दिर, तारुभतेरा","25JX+JFQ, भगवती 32700, नेपाल",28.0315854,83.1987289,5.0,भगवती,", hindu_temple"
,छत्रदेव,"छत्रदेव, नेपाल",27.9818624,83.2324835,,नेपाल,", historic_site"
,Trekking spot Basantapur,"PG42+JH, देवदह नगरपालिका 32907, नेपाल",27.7065574,83.5014206,4.2,देवदह,", trek"
,Paulapata picnic spot पोउलापाटा पिकनिक ठाउँ,"Sandhikharka-5 wangla, saldada वङ्गला, सालडाँडा, धोरपाटन, सन्धीखर्क ५, नेपाल",27.9496571,83.1924831,5.0,saldada वङ्गला,", picnic"
,Panini -8,"W6V6+Q7, पाली 32700, नेपाल",27.9455939,83.2100177,0.0,पाली,", park"
,NOORI MASJID (khanchi),"X4GX+W9, सन्धीखर्क 32700, नेपाल",27.9772346,83.1485546,1.0,सन्धीखर्क,", mosque"
,Panini Tapobhumi,"V823+RM7, पोखराथोक, नेपाल",27.852035,83.3041747,4.0,पोखराथोक,", hindu_temple"
,"Panini- 05 Maidan, Arghakhanchi","W63P+GVR, मैदान 32700, नेपाल",27.9038638,83.2371332,0.0,मैदान,", monument"
,"Shikhardanda,panini,nepal","W5WF+73, सन्धीखर्क 32700, नेपाल",27.9456718,83.1726418,0.0,सन्धीखर्क,", trek"
,Panini 1 Simle Rajupani (Tijuka Rukha) Arghakhanchi,"V7MR+VMV, पणेना 32700, नेपाल",27.8847377,83.2916813,0.0,पणेना,", trek"
,"Badhunga, चौपारी","Arghakhanchi, panini-6, Badunga, नेपाल",27.8990515,83.2237671,5.0,panini-6,", picnic"
,Rock Garden /झल्याकोट,"3564+53G, 32600, नेपाल",28.0604469,83.1551903,4.0,32600,", park"
,Malarani Temple,"6 ghera malarani arghakhanchi, हंसपुर, नेपाल",28.0675838,83.0961241,4.4,हंसपुर,", church"
,Tiger Chowok,"7H9X+7M2, Mahendra Path, बागलुङ 33300, नेपाल",28.2681262,83.5991368,4.0,Mahendra Path,", zoo"
,Bishal fish store (aquarium),"baglung Buspark 2, पोखरा 33700, नेपाल",28.2328824,83.9828074,5.0,पोखरा 33700,", aquarium"
,Galkot Durbar,"6CQF+936, हरिचौर 33300, नेपाल",28.2384093,83.4226508,4.6,हरिचौर 33300,", park"
,स्वस्थ ताजा मूलको पानी,"6JRV+RRJ Nayapul Bus Stop, Baglung Rajmarg, कुश्मा 33400, नेपाल",28.2420772,83.6445192,0.0,Baglung Rajmarg,", amusement_park"
,Galkot AG Church,"6CHH+96H, हरिचौर 33300, नेपाल",28.2284409,83.4281199,4.4,हरिचौर 33300,", church"
,Galkot Art Museum,"6CH3+WPP, हरिचौर 33300, नेपाल",28.2298361,83.4043278,4.1,हरिचौर 33300,", art_gallery"
,श्री नन्दीश्वरसूर्यमन्दिर,"6C89+G6M, हरिचौर 33300, नेपाल",28.2163198,83.4180436,4.5,हरिचौर 33300,", hindu_temple"
,Gaighat Falls,"7C7J+553, हरिचौर 33300, नेपाल",28.2628992,83.4304299,4.4,हरिचौर 33300,", trek"
,Bareng fun park,"4GR6+G2, धुल्लुबास्कोट 33300, नेपाल",28.1413515,83.5100862,5.0,धुल्लुबास्कोट 33300,", park"
,Anugraha Baptist church,"4J79+R75, जैदी 33400, नेपाल",28.1145201,83.6182437,5.0,जैदी 33400,", church"
,जैमूनी,"जैमूनी, नेपाल",28.1831784,83.6134596,,नेपाल,", mosque"
,Paiyun art & tech,"7H7X+QR6, बागलुङ 33300, नेपाल",28.2644195,83.5995009,5.0,बागलुङ 33300,", art_gallery"
,Dhorpatan Hunting Reserve,"F3V5+WV, स्यालपाखे 33300, नेपाल",28.4947535,83.059632,4.6,स्यालपाखे 33300,", park"
,ढोरपाटन शिकार आरक्ष,"22000, नेपाल",28.5856157,82.9931607,4.4,नेपाल,", tourist_attraction"
,Madarsha gulshane raja burtibang baglung,"85P6+2C9 Prabhu Bank, बुर्तिबाङ-बोङ्गादोभान सडक, बुर्तिबाङ 33300, नेपाल",28.3350371,83.1611028,5.0,बुर्तिबाङ-बोङ्गादोभान सडक,", mosque"
,Uttarganga Baraha Temple,"F2MQ+868, स्यालपाखे 33300, नेपाल",28.4832958,83.0380756,4.4,स्यालपाखे 33300,", hindu_temple"
,"पञ्चकोट धाम, बागलुङ","7HQH+H7F, बागलुङ 33300, नेपाल",28.2889329,83.5781813,4.4,बागलुङ 33300,", monument"
,Dhorpatan,"Dhorpatan, 33300, नेपाल",28.500139,83.064537,,33300,", historic_site"
,बरेङ बजार,"बरेङ बजार, 33300, नेपाल",28.1281727,83.5113518,,33300,", tourist_attraction"
,वरेङ,"वरेङ, 33300, नेपाल",28.1599473,83.4899053,,33300,", historic_site"
,Bogati Thar,"8H4V+87V, Baglung-Beni Rd, बेनी 33400, नेपाल",28.3058708,83.5931659,5.0,Baglung-Beni Rd,", historic_site"
,भुते छहरा,"8H3P+JJ2, Baglung-Beni Rd, बेनी 33200, नेपाल",28.304007,83.5865147,0.0,Baglung-Beni Rd,", historic_site"
,Tiger Statue (बाघको सालिक),"बागलुङ 33300, नेपाल",28.2681257,83.5991348,4.7,नेपाल,", historic_site"
,Bareng Rural municipality Office,"4FPX+F4H, 33300, नेपाल",28.1361851,83.4979069,3.2,33300,", trek"
,नेवार भञ्ज्याङ,"4F2G+3X, ग्वाधा 33300, नेपाल",28.1002204,83.4774091,0.0,ग्वाधा 33300,", hike"
,कुमले पाखो,"7HMF+5J3, बागलुङ 33300, नेपाल",28.2828892,83.5740341,0.0,बागलुङ 33300,", tourist_attraction"
,Kathekola phaparkhet baglung nepal,"7FHR+HCJ, तंग्राम 33300, नेपाल",28.2789714,83.4910242,0.0,तंग्राम 33300,", tourist_attraction"
,H.Abubaqar siddiq mosalla masjid,"8HX8+2QF, Near campus chok sixamarg raod, बेनी, नेपाल",28.3474713,83.5669364,5.0,Near campus chok sixamarg raod,", mosque"
,shakyajetha arts and digital photo vidwo service baglung,"infront of disteict administration office, बागलुङ 33300, नेपाल",28.2660896,83.5971265,5.0,बागलुङ 33300,", art_gallery"
,Kailash,"7H79+4P9, Kathakhola, बागलुङ 33300, नेपाल",28.2627917,83.5693526,5.0,Kathakhola,", hindu_temple"
,"Tinchule View Point, Asauje, Dhamja, Baglung","8FCM+397, अर्गल 33200, नेपाल",28.3201631,83.4834359,0.0,अर्गल 33200,", trek"
,Halhale हलहले,"6F8W+25, दुधिलाभाटी 33300, नेपाल",28.2153216,83.4961149,5.0,दुधिलाभाटी 33300,", picnic"
,घोच्चाको डाँडा,"958X+MX9, खुंगा 33300, नेपाल",28.366667,83.2,0.0,खुंगा 33300,", park"
,बगैंचा,"95PQ+RP, बुंगदोभान 33300, नेपाल",28.3870875,83.1893359,2.0,बुंगदोभान 33300,", church"
,तमान,"तमान, 33300, नेपाल",28.3945882,83.2512698,,33300,", tourist_attraction"
,Manakamana Mandir,"32600, नेपाल",28.2454886,83.25102,4.0,नेपाल,", museum"
,"Kalimati, Nabi","9, नेपाल",28.500139,83.064537,0.0,नेपाल,", zoo"
,तमानखोला,"तमानखोला, नेपाल",28.4380182,83.2276309,,नेपाल,", hindu_temple"
,Ascend Treks & Destination Management Co.,"7WCV+WHF Sajha, Baglung Rajmarg, पोखरा 33700, नेपाल",28.2722071,83.9438406,5.0,Baglung Rajmarg,", trek"
,Picnic Spot,"85F5+885, मध्य पहाडी लोकमार्ग, शेरा 33300, नेपाल",28.3213667,83.1580328,0.0,मध्य पहाडी लोकमार्ग,", picnic"
,हसेगुम,"97XG+6R, मुना 33300, नेपाल",28.3980666,83.2770776,0.0,मुना 33300,", hike"
,Khiun pokhari,"33300, नेपाल",28.2943125,83.3601875,5.0,नेपाल,", park"
,ताराखोला,"ताराखोला, नेपाल",28.3114254,83.4113108,,नेपाल,", tourist_attraction"
,Durga bhawani mandir,"8C66+HGF, Tara khola 4, बागलुङ 33300, नेपाल",28.3114254,83.4113108,0.0,Tara khola 4,", mosque"
,Tarakhola Multipropose Rainbow Trout Fish Farm,"33300, नेपाल",28.3079924,83.4103817,4.5,नेपाल,", aquarium"
,Tinchule Temple,"994W+M47, 33200, नेपाल",28.3566603,83.3952983,5.0,33200,", hindu_temple"
,Lalita & Lalit Bdr. Thapa Memorial Stadium,"6CC2+WFF, Malma - Pandapkhani Highway, मल्म 33300, नेपाल",28.2223091,83.4011728,4.1,Malma - Pandapkhani Highway,", monument"
,Teuwa,"6CH3+WPP, हरिचौर 33300, नेपाल",28.2302083,83.40382,4.0,हरिचौर 33300,", picnic"
,तारागाँउ पदमार्ग,"33300, नेपाल",28.310184,83.4119465,0.0,नेपाल,", hike"
,बस्नेरा चौर,"92JG+RV, बोहरागाउँ 33300, नेपाल",28.3820177,83.0272025,4.8,बोहरागाउँ 33300,", park"
,घोडा बान्ने रह (प्रख्यात पौडी स्थान),"सेरा सडक, 33300, नेपाल",28.3289849,83.1579369,2.0,33300,", amusement_park"
,"Hossana Church, Khadu, Baglung","84W3+F7G, 33300, नेपाल",28.3461668,83.1031942,4.0,33300,", church"
,निसी,"निसी 33300, नेपाल",28.4069244,83.0059224,,नेपाल,", tourist_attraction"
,सिद्धार्थ आर्ट ग्यालरी,"Babermahal Revisited premises, टंक प्रसाद घुम्ती सडक, काठमाडौँ 44617, नेपाल",27.6944534,85.3226963,4.5,टंक प्रसाद घुम्ती सडक,", art_gallery"
,देवी मन्दिर,"75Q4+WF4 बडिगाड गाउँपालिका ९ खहरे सौरपानी, हिल 33300, नेपाल",28.2897674,83.1562153,5.0,हिल 33300,", hindu_temple"
,Jugjakhola,"935Q+M82, 33300, नेपाल",28.3591339,83.0882666,5.0,33300,", monument"
,निसीखोला,"निसीखोला, नेपाल",28.4074527,83.0059928,,नेपाल,", historic_site"
,अस्मता डाँडा,"C23F+938, sinukhung 33300, नेपाल",28.4034125,83.0227031,5.0,sinukhung 33300,", trek"
,विश्वासीहरूलाई चर्च,"57MM+C4V, बुर्तीबाङ मार्ग, वामीटक्सार 32600, नेपाल",28.1836403,83.2828214,3.5,बुर्तीबाङ मार्ग,", church"
,Badigad Rural Municipality,"Wadigad-5, ग्वालीचौर 32600, नेपाल",28.2448156,83.217021,4.1,ग्वालीचौर 32600,", zoo"
,शिव मन्दिर,"75R5+83M बडिगाड गाउँपालिका ९ खहरे बासपाटा, हिल 33300, नेपाल",28.2908356,83.1576603,5.0,हिल 33300,", hindu_temple"
,वडिगाड,"वडिगाड, नेपाल",28.2447834,83.2175217,,नेपाल,", historic_site"
,Kathpate,"GFQ4+VG6, Khalanga 10200, नेपाल",29.539655,80.4562702,5.0,Khalanga 10200,", park"
,D.B. ARTS Home,"RVJX+GFR, मोहन्याल 10900, नेपाल",28.831355,80.8986502,0.0,मोहन्याल 10900,", art_gallery"
,Jai Shree Bahugade,"Dash Rath chand Nagar Palika ,Ward No. 9 Dungra Baitadi,NEPAL, दशरथचन्द 10200, नेपाल",29.5412969,80.3963399,5.0,Ward No. 9 Dungra Baitadi,", hindu_temple"
,Sahed Dashrathchand memorial trust baitadi,"HC53+9V, दशरथचन्द 10200, नेपाल",29.5583806,80.4046331,0.0,दशरथचन्द 10200,", monument"
,दशरथ चन्दको जन्मस्थल,"HC54+4QG, दशरथचन्द 10200, नेपाल",29.5578002,80.4069122,5.0,दशरथचन्द 10200,", historic_site"
,डंसिली बजार चोक,"CG5X+44X, पाटन 10200, नेपाल",29.4078652,80.5478448,5.0,पाटन 10200,", park"
,क्वाइनोनिया पाटन मण्डली,"M899+PWV, ललितपुर 44600, नेपाल",27.6693712,85.3194504,5.0,ललितपुर 44600,", church"
,"Pant Tourism Area Patan ,Baitadi","9JVW+WM2, पाटन 10300, नेपाल",29.3947621,80.6466543,0.0,पाटन 10300,", tourist_attraction"
,Baitadi Patan 1 ganesh pur shree kalsaini temple,"CGG4+PR, पाटन 10200, नेपाल",29.426754,80.5070634,3.7,पाटन 10200,", hindu_temple"
,"chill hill's","पाटन 10200, नेपाल",29.4758647,80.5444853,5.0,नेपाल,", trek"
,Melauli park,"CC97+HVC, मेलौली 10200, नेपाल",29.4180863,80.4141233,5.0,मेलौली 10200,", park"
,मर्छले चर्चुरा ओझा निवाश,"CC6V+5GJ, मेलौली 10300, नेपाल",29.4104518,80.4437781,0.0,मेलौली 10300,", church"
,मेलौली,"मेलौली, नेपाल",29.4104518,80.4437781,,नेपाल,", tourist_attraction"
,Melauli Bhagwati Mandir Melauli,"CC97+HV6, मेलौली 10200, नेपाल",29.4189107,80.4146479,4.3,मेलौली 10200,", mosque"
,कुरुकुटिया,"GG8R+C9, बसुलिङ 10200, नेपाल",29.5152649,80.542409,0.0,बसुलिङ 10200,", museum"
,Live Aquatics Nepal,"P823+7M7 Kohity Jaisidewol, काठमाडौँ 44602, नेपाल",27.7006732,85.3041822,4.3,काठमाडौँ 44602,", aquarium"
,"Melauli Municipality, Melauli, Baitadi","CC96+39M, मेलौली 10200, नेपाल",29.4177411,80.4109098,4.5,मेलौली 10200,", picnic"
,Audi niwas bhatyadi,"9FJR+MF, मेलौली 10300, नेपाल",29.3817176,80.4911583,5.0,मेलौली 10300,", hike"
,Children Park,"GQW4+9PP, 10500, नेपाल",29.5459638,80.7568207,5.0,10500,", park"
,Bashyakhaya Purchaudi Baitadi Nepal,"JPXJ+X7V, 10200, नेपाल",29.6499759,80.7306601,3.0,10200,", church"
,RAULESHWOR KEDARHAM BAITADI,"GHXR+9HC, बिजयपुर 10200, नेपाल",29.5484328,80.5914039,4.3,बिजयपुर 10200,", hindu_temple"
,Purchaudi Municipality,"GH2Q+G82, पाटन 10200, नेपाल",29.5012645,80.5882803,4.4,पाटन 10200,", monument"
,Picnic spot,"QFQW+GPW, अपी 10100, नेपाल",29.7888733,80.4968151,0.0,अपी 10100,", picnic"
,Sunderbasti,"22P8+2GX, Sunderbasti, कलैया 44400, नेपाल",27.0351099,85.016348,5.0,Sunderbasti,", tourist_attraction"
,مصلى صابر أحمد,"P853+2RV, काठमाडौँ 44600, नेपाल",27.7076269,85.3045239,5.0,काठमाडौँ 44600,", mosque"
,Museum Durbar,"P835+J9R, लायकू मार्ग, काठमाडौँ 44600, नेपाल",27.7041166,85.3083833,4.2,लायकू मार्ग,", museum"
,बिन्दाबासिनी मन्दिर,"MF2P+CF5, सुर्यविनायक, नेपाल",27.6509178,85.4866228,4.3,सुर्यविनायक,", hindu_temple"
,Dugahiti,"PFH7+RG3, शङ्खरापुर 44600, नेपाल",27.7295195,85.4637824,4.3,शङ्खरापुर 44600,", historic_site"
,Trek all Nepal,"बौद्ध - जोरपाटी सडक, काठमाडौँ 44600, नेपाल",27.72528,85.3610769,5.0,काठमाडौँ 44600,", trek"
,सिते डाँडा,"Changunarayan 8, नेपाल",27.6820748,85.4943435,5.0,नेपाल,", park"
,Agape church,"baneshwor 44600, नेपाल",27.7035802,85.3370761,3.0,नेपाल,", church"
,Kursi Dada,"HGVJ+X7C, Gairi Gau Rd, पनौती 45209, नेपाल",27.5949373,85.5306442,4.9,Gairi Gau Rd,", tourist_attraction"
,"Daicha Patti, Santibinayak Ganesh Mandir, Balkot","shanti binyak road, अनन्तलिङ्गेश्वर, नेपाल",27.6630764,85.3786085,5.0,अनन्तलिङ्गेश्वर,", hindu_temple"
,Sigas Rural Municipality,"Garje, Mahakali Hwy 3, 10205, नेपाल",29.4535521,80.7847054,4.8,Mahakali Hwy 3,", historic_site"
,भट्टिडाँडा,"धुलिखेल 45200, नेपाल",27.6190776,85.5760437,5.0,नेपाल,", picnic"
,lamikande park,"898P+GQ2, Bhageshwar VDC 10300, नेपाल",29.3162524,80.3868912,5.0,Bhageshwar VDC 10300,", park"
,Shivnath Temple,"C85X+5JQ, Khalanga 10200, नेपाल",29.4079548,80.349124,4.3,Khalanga 10200,", church"
,शिवनाथ,"शिवनाथ 10200, नेपाल",29.43,80.38,,नेपाल,", tourist_attraction"
,Baitadi,"97GV+GJQ, शिवनाथ 10200, नेपाल",29.3763361,80.2941194,0.0,शिवनाथ 10200,", tourist_attraction"
,शिर्जनशिल सामुदायिक बन स्वल्पला बैतडी,"9949+F85, Khalanga 10200, नेपाल",29.3561334,80.3683708,5.0,Khalanga 10200,", hike"
,Pancheshwar Fishing,"Khai kot, near cwc, Nidil, Uttarakhand 262524, भारत",29.4404895,80.242849,4.9,near cwc,", park"
,Sera Gado Bhauni,"G92P+7HC, Khalanga 10200, नेपाल",29.5006989,80.3864003,0.0,Khalanga 10200,", church"
,Palpasa Art Gallery,"महामञ्जुश्री नगरकोट 44800, नेपाल",27.6982567,85.4837846,3.3,नेपाल,", art_gallery"
,Temple,"C7M6+F54, पञ्चेश्वोर 10200, नेपाल",29.4336281,80.2604387,5.0,पञ्चेश्वोर 10200,", hindu_temple"
,पञ्चेश्वोर,"पञ्चेश्वोर, नेपाल",29.4204877,80.2655846,,नेपाल,", monument"
,त्रिपुरा सुन्दरी मन्दिर,"H95V+479, Pujaragaun, दशरथचन्द, नेपाल",29.5577734,80.3932938,4.8,Pujaragaun,", monument"
,Pancheshwar Mahadev,"Salla, Khai Kot Talla, Uttarakhand 262529, भारत",29.4449823,80.2425768,4.6,Khai Kot Talla,", picnic"
,पिपल चौतारी सेन्टर पार्क,"JF6G+VRQ, न्वाली 10200, नेपाल",29.6122137,80.4771039,0.0,न्वाली 10200,", park"
,डिलाशैनी,"डिलाशैनी 10200, नेपाल",29.65,80.6,,नेपाल,", tourist_attraction"
,Islamiya Masjid,"4V9Q+4XP, बसडिलवा 44300, नेपाल",27.1178861,84.8899499,2.7,बसडिलवा 44300,", mosque"
,3D Art World - Interactive Museum,"M82R+PW2, महालक्ष्मी 44700, नेपाल",27.6510185,85.3441141,4.1,महालक्ष्मी 44700,", museum"
,विन्दवासिनी मन्दिर,"J9QV+7WQ, अनन्तलिङ्गेश्वर, नेपाल",27.638213,85.3948503,4.4,अनन्तलिङ्गेश्वर,", hindu_temple"
,"Dabali Panauti, डबली पनौती","HGP8+448, Aghatole, पनौती 7, नेपाल",27.5852775,85.5153278,4.5,Aghatole,", historic_site"
,Gosainkunda Trek,"श्री गोसाइँ कुन्ड महादेव, 45000, नेपाल",28.0851756,85.4139412,4.7,45000,", trek"
,Simaldada,"JGJF+JGG, Banepa-RabiOpi Road, बनेपा 45210, नेपाल",27.6315525,85.5238431,0.0,Banepa-RabiOpi Road,", hike"
,तारेभिर डाडा,"9GC2+225, बिगुटार 56100, नेपाल",27.37,86.5,5.0,बिगुटार 56100,", tourist_attraction"
,Raulakedar Temple,"Khalanga 10200, नेपाल",29.5185787,80.4688061,1.5,नेपाल,", mosque"
,डाडाथोक सामुदायिक पार्क,"J9MM+556, डाँडागाउँ 22200, नेपाल",27.6329873,85.3828416,5.0,डाँडागाउँ 22200,", museum"
,Deurali Dada देउराली डाँडा,"J64R+4CR, दक्षिणकाली 44600, नेपाल",27.6053522,85.2410267,0.0,दक्षिणकाली 44600,", historic_site"
,Batase Dada,"पनौती 45209, नेपाल",27.6004541,85.5502558,4.3,नेपाल,", trek"
,Poudeldada,"चाँगुनारायण 44600, नेपाल",27.7086301,85.4413903,5.0,नेपाल,", picnic"
,Talu Dadha,"JF3G+WH2, कुशादेवी 45200, नेपाल",27.6047641,85.4763958,5.0,कुशादेवी 45200,", hike"
,अयांरी मेलो,"577Q+76G, मङ्गलसेन 10700, नेपाल",29.1631916,81.2880805,0.0,मङ्गलसेन 10700,", hike"
,ओखडयाँनको गड़ो,"68X4+P52, 10700, नेपाल",29.2492611,81.3053912,0.0,10700,", park"
,"Pan's Pets Paradise","काठमाडौँ 44600, नेपाल",27.7303311,85.3153339,4.8,नेपाल,", aquarium"
,उषामैया को दरवार (बाँणासुर दरबार),"J75G+JX8, दक्षिणकाली 44600, नेपाल",27.6090358,85.2774567,5.0,दक्षिणकाली 44600,", historic_site"
,Sanfebagar,"66VC+F29, साँफेवगर 10700, नेपाल",29.2436572,81.2201498,4.5,साँफेवगर 10700,", trek"
,Thala dada,"27FR+3FC, धकारी 10700, नेपाल",29.0226819,81.2911264,0.0,धकारी 10700,", park"
,kamalbazaar market,"482V+CPX, कुइका 10700, नेपाल",29.101107,81.3443744,0.0,कुइका 10700,", tourist_attraction"
,कमलबजार,"कमलबजार, 10700, नेपाल",29.101107,81.3443744,,10700,", mosque"
,मष्टा देवताकाे मन्दिर,"28V5+58G, कमल बजार सडक, कुइका 10700, नेपाल",29.0429274,81.3083364,3.7,कमल बजार सडक,", hindu_temple"
,मैठामण्डु मैदान,"6C3P+9V, बाटुलासैन 10700, नेपाल",29.203448,81.4372203,5.0,बाटुलासैन 10700,", park"
,पन्चदेवल मन्दिर र पर्यटकीय स्थल,"39QV+F77, H 18, बिनायक 10700, नेपाल",29.0886658,81.3931757,3.8,H 18,", church"
,पन्चदेवल विनायक,"पन्चदेवल विनायक, नेपाल",29.1141277,81.4561911,,नेपाल,", tourist_attraction"
,बिनायक,"बिनायक 10700, नेपाल",29.1120292,81.3894297,,नेपाल,", mosque"
,Aqua Haven,"Imadol, Mahalaxmi-1, lalitpur 44700, नेपाल",27.6641925,85.3374482,4.9,Mahalaxmi-1,", aquarium"
,Shivamandir,"39PW+QRF, बिनायक 10700, नेपाल",29.0869242,81.3970419,0.0,बिनायक 10700,", hindu_temple"
,पञ्चदेवल विनायक नगरपालिका कार्यालय,"39PW+Q92, H 18, बिनायक 10700, नेपाल",29.0868769,81.395879,4.0,H 18,", monument"
,Dhaku ढाकु,"38CJ+J5F, 10700, नेपाल",29.0715734,81.3304288,0.0,10700,", hike"
,Chaukhutte,"सिलगढी-साँफेबगर राजमार्ग, सानागाउँ 10800, नेपाल",29.2603141,81.0999752,3.8,सानागाउँ 10800,", park"
,चन्द्रागिरि मनोरञ्जन उद्यान,"M673+XWR, फाखेल 44600, नेपाल",27.6649761,85.2047796,4.1,फाखेल 44600,", amusement_park"
,चौरपाटी,"चौरपाटी, नेपाल",29.2307785,81.1476644,,नेपाल,", tourist_attraction"
,Kala Premi Art House,"Kiwachock, सुर्यविनायक, नेपाल",27.6575007,85.4010549,5.0,सुर्यविनायक,", art_gallery"
,मेल्लेख,"मेल्लेख, नेपाल",29.2281826,81.2840696,,नेपाल,", tourist_attraction"
,"मेल्लेख गाउँपालिका,विन्देबासीनी अछाम","773M+Q99, साँफेवगर 10700, नेपाल",29.2544733,81.2834666,4.4,साँफेवगर 10700,", mosque"
,पितमरी धारा,"R87P+32, बिद्यापुर 21700, नेपाल",28.812666,81.3351117,0.0,बिद्यापुर 21700,", amusement_park"
,धकारी,"धकारी 10700, नेपाल",29.0,81.27,,नेपाल,", tourist_attraction"
,दक्षिणकाली मन्दिर,"फर्पिङ-कुलेखानी सडक, दक्षिणकाली 44600, नेपाल",27.605107,85.2634699,4.6,दक्षिणकाली 44600,", hindu_temple"
,जाल्पा देवि मन्दिर,"X7XC+74F, धकारी 10700, नेपाल",28.9981911,81.2703398,4.1,धकारी 10700,", monument"
,नेपाल आधार शिविर ट्रेकहरू,"Sohrakhutte, काठमाडौँ 44600, नेपाल",27.7189819,85.3089918,4.6,काठमाडौँ 44600,", trek"
,तुर्माखाँद,"तुर्माखाँद 10700, नेपाल",28.933333,81.366667,,नेपाल,", tourist_attraction"
,Turmakhad Rural Municipality Achham Nepal,"W9W9+24Q तुर्माखाँद गाउँपालिका, तुर्माखाँद 10700, नेपाल",28.9450763,81.36787,4.0,तुर्माखाँद 10700,", mosque"
,Traditional Thangka Paintings Workshop And Gallery,"Taumadhi Tole, भक्तपुर, नेपाल",27.6708007,85.4294977,5.0,भक्तपुर,", art_gallery"
,आचार्य खत्री कुल मन्दिर,"J82P+8RW, चापागा‌‍‍उँ 44700, नेपाल",27.6009384,85.3382077,5.0,चापागा‌‍‍उँ 44700,", hindu_temple"
,चनाैटे पाटी,"PJ75+C36, महादेवस्थान मन्डन 45200, नेपाल",27.7135251,85.6076276,4.3,महादेवस्थान मन्डन 45200,", historic_site"
,Thumki Football Ground,"Panauti-11, बल्थली, नेपाल",27.5597018,85.5327476,4.0,बल्थली,", picnic"
,बान्निगढी जयगढ,"बान्निगढी जयगढ, 10700, नेपाल",29.2003096,81.2744956,,10700,", park"
,Madatiya Mosque,"F42M+9W7, Madatiya, Nepal, Madatiya, भारत",27.4509016,83.1348472,4.9,Madatiya,", mosque"
,DAK GALLERY,"साँफेवगर 10700, नेपाल",29.2351751,81.2069314,4.0,नेपाल,", art_gallery"
,Chandika Devi Temple,"662J+2MV, H18, साँफेवगर 10700, नेपाल",29.2001188,81.2316602,4.5,H18,", hindu_temple"
,Sitganga Jadibuti uddhan,"RQRH+473, लालमटिया 22404, नेपाल",27.8402719,82.7781732,0.0,लालमटिया 22404,", park"
,सिलिङखाेला,"VR3J+F88, सिद्धरा 32700, नेपाल",27.8536573,82.8308298,0.0,सिद्धरा 32700,", amusement_park"
,"मुसीबाङ, अर्घाखाँची","Q4GP+RJ2, सिमलपानी 32800, नेपाल",27.7770127,83.1365252,4.7,सिमलपानी 32800,", tourist_attraction"
,Rajiya Mandir,"R399+87Q, ठाडा 32700, नेपाल",27.8182971,83.0682601,4.3,ठाडा 32700,", museum"
,Kudan Stupa Site,"G2HR+4F7, कपिलवस्तु 32800, नेपाल",27.5277864,83.0411721,4.7,कपिलवस्तु 32800,", monument"
,Arichour Picnic Sport,"W3C7+68V, धनचौर 32700, नेपाल",27.9206042,83.063299,4.7,धनचौर 32700,", picnic"
,Chhatradev-2 ward office arghakhanchi,"बलकोट 32700, नेपाल",27.9722217,83.2537025,5.0,नेपाल,", art_gallery"
,Arghakhanchi chhatradev 2 chayandada,"X6JJ+PXX, chayandada, 2, नेपाल",27.9818624,83.2324835,0.0,chayandada,", art_gallery"
,Ranipokhari,"X8JQ+CG, हर्दिनेता 32600, नेपाल",27.9810625,83.3388125,3.7,हर्दिनेता 32600,", amusement_park"
,Ancient Nepal Art Gallery,"P875+W9M, पकनाजोल मार्ग, 43Kathmandu 44600, नेपाल",27.7148281,85.3084387,5.0,पकनाजोल मार्ग,", art_gallery"
,Galkot batasedada malm-7,"6CR8+5GP, हरिचौर 33300, नेपाल",28.2404718,83.4163226,0.0,हरिचौर 33300,", park"
,ballon festival,"6WJ7+4V, कास्कीकोट 33700, नेपाल",28.2301037,83.9141462,3.0,कास्कीकोट 33700,", amusement_park"
,Nimata(ban),"7GFP+CP6, पाला 33300, नेपाल",28.2741633,83.5359973,0.0,पाला 33300,", zoo"
,Rumalbari Picnic Spot,"3FW9+F2P, ग्वाधा 33300, नेपाल",28.0962078,83.4675715,0.0,ग्वाधा 33300,", picnic"
,"Barsha Babyland,Gift & Aquarium House","Be.Na.Pa.8, बेनी 33300, नेपाल",28.3481111,83.5668779,0.0,बेनी 33300,", aquarium"
,Hill dahare picnic territory,"7HJ4+RF4, पाला 33300, नेपाल",28.2820191,83.5562155,0.0,पाला 33300,", picnic"
,Shambala Thanka Art,"पोखरा 33700, नेपाल",28.2106725,83.9572583,5.0,नेपाल,", art_gallery"
,सोरबाङ,"954W+3P, खुंगा 33300, नेपाल",28.355202,83.196837,5.0,खुंगा 33300,", trek"
,Dambu Picnic Spot,"C858+HC, डाँडाँगाँऊ 33200, नेपाल",28.4088944,83.3160813,0.0,डाँडाँगाँऊ 33200,", picnic"
,New khadka fance stor,"8C66+XFH Bridge, 40m 33300, नेपाल",28.3124353,83.411229,0.0,40m 33300,", mosque"
,ताराखोला बहुउद्देश्यीय सभा हल,"7CQF+WM2, अर्गल 33300, नेपाल",28.2900964,83.4231017,5.0,अर्गल 33300,", museum"
,Upallo nangi उपल्लो नाङ्गी,"89F8+43, तारा गाविस 33300, नेपाल",28.3227695,83.3652144,5.0,तारा गाविस 33300,", picnic"
,Baglung,"85J6+Q38, बुर्तिबाङ 33300, नेपाल",28.3319009,83.1602101,5.0,बुर्तिबाङ 33300,", park"
,"Daneswor Ghimire Memorial Water Tap, Poudi Amarahi","6752+GCF, Daneswor Ghimire Memorial Water Tap, पौदी अमराही 32600, नेपाल",28.2088163,83.2510483,5.0,Daneswor Ghimire Memorial Water Tap,", amusement_park"
,Balami Temple (बलामी कूल मन्दिर),"66GR+83R, बागलुङ 33300, नेपाल",28.2258584,83.2401342,2.3,बागलुङ 33300,", hindu_temple"
,"Muchhock Church (Sirdi church Daugter's church)","4MM7+MXP, मुचोक, नेपाल",28.1342226,84.6649553,5.0,मुचोक,", church"
,Jagganath mandir ganjari baitadi Nepal,"HCFM+49R, दशरथचन्द 10200, नेपाल",29.57286,80.4333521,4.7,दशरथचन्द 10200,", hindu_temple"
,Bailcheura pilal,"JC3X+XG, दशरथचन्द 10200, नेपाल",29.6044739,80.4485514,0.0,दशरथचन्द 10200,", trek"
,Tiger house,"49R4+GC, परशुराम 10300, नेपाल",29.1415391,80.3550534,5.0,परशुराम 10300,", zoo"
,HOUSE OF FISHES,"F072, महालक्ष्मी, नेपाल",27.6615309,85.3426253,4.1,महालक्ष्मी,", aquarium"
,शाक्यमुनि बुद्ध प्रतिमूर्ति,"M8GF+J38, Nyakhachowk - Tapahiti Galli, ललितपुर 44600, नेपाल",27.6765483,85.3227053,4.3,Nyakhachowk - Tapahiti Galli,", monument"
,Haruwaikhali,"CC96+8H7, मेलौली 10200, नेपाल",29.4189987,80.4120234,0.0,मेलौली 10200,", trek"
,"sungadi khada pipal chautari ,Bitkam","JF3R+7V6, न्वाली 10200, नेपाल",29.6031546,80.4921544,5.0,न्वाली 10200,", tourist_attraction"
,दहताल,"HPJV+6G, बुमिराज 10200, नेपाल",29.5805068,80.743869,0.0,बुमिराज 10200,", trek"
,पुर्चौडी,"पुर्चौडी, नेपाल",29.5827911,80.7034125,,नेपाल,", picnic"
,Bajrabarahi Picnic Spots,"J84H+CPQ Bajrabarahi Community Forest, चापागा‌‍‍उँ 44700, नेपाल",27.6048211,85.3296528,2.0,चापागा‌‍‍उँ 44700,", picnic"
,शिगास मन्दिर,"Chuwagadh Baitadi, Seti Hwy, 10200, नेपाल",29.448186,80.767585,3.9,Seti Hwy,", tourist_attraction"
,Samigish,"M9CM+7H6, अनन्तलिङ्गेश्वर, नेपाल",27.6711341,85.3840248,0.0,अनन्तलिङ्गेश्वर,", aquarium"
,"Beth-Shalom Maharajgunj Church, Basundhara","P8QM+VHP, काठमाडौँ 44600, नेपाल",27.739653,85.3339678,5.0,काठमाडौँ 44600,", church"
,उदयदेव महाराज मंदिर,"C77P+WX6, पञ्चेश्वोर 10200, नेपाल",29.4147258,80.2873802,5.0,पञ्चेश्वोर 10200,", hindu_temple"
,देउराली डाँडा,"353W+JPJ, डाँडागाउँ 45000, नेपाल",28.0540998,85.1967742,4.0,डाँडागाउँ 45000,", tourist_attraction"
,गद्दी बैठक,"P834+HMW, काठमाडौँ 44600, नेपाल",27.7039986,85.3067169,4.4,काठमाडौँ 44600,", historic_site"
,Deurali dada(prak),"W3FG+5J, खड्ग भन्ज्यांग 44900, नेपाल",27.9229167,85.0765783,0.0,खड्ग भन्ज्यांग 44900,", trek"
,Dolalghat Picnic Beach,"JPV4+WG2, दोलालघाट 45215, नेपाल",27.6447627,85.7062708,4.4,दोलालघाट 45215,", picnic"
,जेष्ठ नागरिक पिपल चौतारा,"G5VQ+8QV, जयपृथ्वी 10500, नेपाल",29.5433615,81.1894282,3.3,जयपृथ्वी 10500,", park"
,भृकुटी फन पार्क Bhrikuti Fun Park,"P829+RV9, Red Cross Marg, काठमाडौँ 44600, नेपाल",27.7016993,85.3197267,3.3,Red Cross Marg,", amusement_park"
,Church,"H652+GM3, जयपृथ्वी 10500, नेपाल",29.5587599,81.2016749,2.5,जयपृथ्वी 10500,", church"
,जयपृथ्वी,"जयपृथ्वी 10500, नेपाल",29.5193488,81.1857736,,नेपाल,", tourist_attraction"
,जयपृथ्वी,"जयपृथ्वी, 10500, नेपाल",29.5194019,81.1857589,,10500,", tourist_attraction"
,आर जे फोटो स्टुडियो एन्ड स्टेसनरी,"FXCW+PWM, F49, भैरबनाथ 10500, नेपाल",29.4718238,80.9973033,5.0,F49,", art_gallery"
,जयपृथ्वी एफ.एम ९६.३ मेगाहर्ज बझाङ,"जयपृथ्वी 10500, नेपाल",29.5506636,81.1979921,5.0,नेपाल,", monument"
,Jayaprithivi Municipality,"Chainpur-10, नेपाल",29.5433607,81.1901292,4.7,नेपाल,", monument"
,शुरेश बोहरा house.निवास लिसनपूर टोल भाराभिड बझाङ,"GQWF+VWH, 10500, नेपाल",29.547193,80.7748747,5.0,10500,", park"
,"Bungal, bajhang","HV45+GWG, 10500, नेपाल",29.5563036,80.8598296,0.0,10500,", church"
,Baddi Jyawan,"10500, नेपाल",29.6601246,80.8761764,5.0,नेपाल,", hindu_temple"
,बुंगल,"बुंगल, 10500, नेपाल",29.6345956,80.938893,,10500,", historic_site"
,Bungal Municipality( बुंगल नगरपालिका),"JV57+C76, देउलीकोट 10500, नेपाल",29.6085357,80.8631374,3.9,देउलीकोट 10500,", trek"
,गुर्जेभञ्ज्याङ्ग,"Bidur-Tokha Road, 44900, नेपाल",27.8135955,85.3157258,4.3,44900,", hike"
,बझाङ,"बझाङ, नेपाल",29.776669,81.2518833,,नेपाल,", park"
,Jayanti Falls Dantola Talkot जयन्ती झरना दातोला तलकोट,"J85X+6RP, दन्तोला 10500, नेपाल",29.6080999,81.3495816,5.0,दन्तोला 10500,", amusement_park"
,Purna Sthapana A.G. Mandali (पुर्ण स्थापना ए.जी. मण्डली),"Ward Number 5, Bhaktapur, Talkot 10500, नेपाल",29.6070124,81.3216028,5.0,Bhaktapur,", church"
,Bhedi goth Sotapatan,"9GWF+9X, बडीमालिका 10600, नेपाल",29.3959241,81.5249109,0.0,बडीमालिका 10600,", zoo"
,तलकोट,"तलकोट, नेपाल",29.6071758,81.3195059,,नेपाल,", monument"
,Gyan BDR Singh Memorial Library,"H656+644, जयपृथ्वी 10500, नेपाल",29.5584985,81.209583,5.0,जयपृथ्वी 10500,", monument"
,Talkot,"J88C+XPC, Talkot 10500, नेपाल",29.61743,81.321777,4.5,Talkot 10500,", trek"
,भृकुटी मण्डप पार्क,"P829+GF6, प्रदर्शनी मार्ग, काठमाडौँ 44600, नेपाल",27.701292,85.3186434,3.9,प्रदर्शनी मार्ग,", park"
,Bapyu Dada,"JFC7+CPF, साँगा 45200, नेपाल",27.621059,85.46429,0.0,साँगा 45200,", tourist_attraction"
,मष्टा,"मष्टा, नेपाल",29.5457894,81.264707,,नेपाल,", trek"
,Lugada-6 Bajhang,"J88C+XPC, Talkot 10500, नेपाल",29.61743,81.321777,0.0,Talkot 10500,", trek"
,Duner Temple Vatagau,"Bajhang, chhanna bhatgau word no 5, नेपाल",29.442372,81.1693458,5.0,chhanna bhatgau word no 5,", hindu_temple"
,Yashimansh rokaya brothers property,"F37P+85, कोइरालाकोट 10500, नेपाल",29.4633392,81.0853974,5.0,कोइरालाकोट 10500,", park"
,थलारा,"थलारा, नेपाल",29.4592704,81.0576012,,नेपाल,", tourist_attraction"
,Banawali bhagawati mandir ( bhattas and bohara) tample,"Thalara 1, dhadegada, नेपाल",29.4319864,80.9270009,5.0,dhadegada,", hindu_temple"
,बिपिरा जंगल,"F38Q+27, कोइरालाकोट 10500, नेपाल",29.4650594,81.0881892,5.0,कोइरालाकोट 10500,", trek"
,Sudhi Khola,"F2M7+86P, F49, भैरबनाथ 10500, नेपाल",29.4833287,81.0130787,5.0,F49,", hike"
,Lalitpur Binay Church (Main Gate),"J8RC+F4H, Chibahal Dolahiti Marg, ललितपुर 44700, नेपाल",27.6411952,85.3203564,0.0,Chibahal Dolahiti Marg,", church"
,Bitthad Valley,"GQW4+V84, 10500, नेपाल",29.5471393,80.7558283,4.4,10500,", tourist_attraction"
,Sri Bhagawati temple (mada),"10500, नेपाल",29.5215708,80.8320381,3.3,नेपाल,", hindu_temple"
,Surma bajhang,"M329+2X5, सुर्मा 10500, नेपाल",29.65,81.07,4.2,सुर्मा 10500,", park"
,सुर्मा,"सुर्मा 10500, नेपाल",29.65,81.07,,नेपाल,", tourist_attraction"
,"Daulichaur 01,Surma Bajhang","J4J5+285, जयपृथ्वी 10500, नेपाल",29.6300125,81.1083594,0.0,जयपृथ्वी 10500,", tourist_attraction"
,Surma Devi Temple,"J3VH+58C, सुर्मा 10500, नेपाल",29.6429465,81.0782671,4.2,सुर्मा 10500,", hindu_temple"
,mauribagar bazzar,"F2RQ+HFG, चौधारी 10500, नेपाल",29.4914368,81.0387075,5.0,चौधारी 10500,", park"
,छबिसपाथिभेरा,"छबिसपाथिभेरा, 10500, नेपाल",29.5619272,81.0544855,,10500,", tourist_attraction"
,Kalika Devi Mandir Juji Bajhang,"F2XV+PVP, F49, चौधारी 10500, नेपाल",29.4993393,81.0446884,4.3,F49,", hindu_temple"
,बालबालिकाको मनोरञ्जन पार्क,"P829+CVJ, प्रदर्शनी मार्ग, काठमाडौँ 44600, नेपाल",27.7010756,85.3196435,4.0,प्रदर्शनी मार्ग,", amusement_park"
,दुर्गाथली,"दुर्गाथली, 10500, नेपाल",29.485517,81.0504191,,10500,", tourist_attraction"
,Durgathali,"F3P2+653, चौधारी 10500, नेपाल",29.485517,81.0504191,0.0,चौधारी 10500,", monument"
,Shiva park,"GM38+PWH, Kolti - Pandusen Rd, कोल्टी 10600, नेपाल",29.5040698,81.6676376,0.0,Kolti - Pandusen Rd,", park"
,Preritiya Jiwanko Roti Mandali (Church of Apostolic life of Bread),"GM3J+RCF, 10600, नेपाल",29.5045517,81.6810587,0.0,10600,", church"
,Buddhinanda tal (nejar),"JHX4+C2, कोल्टी 10600, नेपाल",29.6485004,81.5550669,3.3,कोल्टी 10600,", tourist_attraction"
,Masgid-e-Bilal,"FMR9+Q5X, कोटिला 10600, नेपाल",29.490791,81.6682914,0.0,कोटिला 10600,", mosque"
,बडिमालिका,"GJ2V+FGJ, कोल्टी 10600, नेपाल",29.5012078,81.6437802,4.5,कोल्टी 10600,", mosque"
,बुढीनन्दा,"बुढीनन्दा, 10600, नेपाल",29.5042137,81.6709156,,10600,", historic_site"
,Mandan deupur 04 sarbhajang,"PH5G+3CG, नयाँगाउँ देउपुर 45200, नेपाल",27.7076773,85.576066,5.0,नयाँगाउँ देउपुर 45200,", picnic"
,Jhini bajura,"GPFX+4F8, बांधु 10600, नेपाल",29.5227883,81.748713,0.0,बांधु 10600,", hike"
,त्रिभुवन पार्क,"H02, चन्द्रागिरी 44600, नेपाल",27.689954,85.220857,4.0,चन्द्रागिरी 44600,", park"
,Jiyajor belivers church,"4J5V+MCQ, लालबन्दी 45800, नेपाल",27.1092427,85.6436046,3.5,लालबन्दी 45800,", church"
,बडिमालिका जाने बाटो (way to badimalika Bajura),"984M+MG4, Bamka 10600, नेपाल",29.357489,81.3340341,4.5,Bamka 10600,", tourist_attraction"
,DEV ART GALLERY,"Manamaiju, napi, तारकेश्वर 44600, नेपाल",27.7486017,85.3139557,5.0,napi,", art_gallery"
,बडिमालिका,"8FWG+RX5, बडीमालिका 10600, नेपाल",29.3470165,81.4774948,4.6,बडीमालिका 10600,", trek"
,"Seralwada villege, bajura barabhis (सेरालवाड़ा)","87JR+JF, बाह्रबिस 10600, नेपाल",29.331507,81.291139,3.7,बाह्रबिस 10600,", hike"
,Budhiganga municipality 10 Selapakha Bajura,"Budhiganga municipality 10, selapakha, नेपाल",29.4200763,81.4278984,0.0,selapakha,", park"
,बुढीगंगा,"बुढीगंगा 10600, नेपाल",29.39,81.48,,नेपाल,", tourist_attraction"
,Bisarbhora duga toll nepal jama mosque,"P48M+V56, बिसरभोरा 45600, नेपाल",26.717125,86.1328697,0.0,बिसरभोरा 45600,", mosque"
,बज्रयोगिनी मन्दिर,"PFV8+CVH, कागेश्वरी मनोहरा 44600, नेपाल",27.7435501,85.4672361,4.7,कागेश्वरी मनोहरा 44600,", hindu_temple"
,Pradhan Senapati Badabir Statue,"QF2W+PR, शङ्खरापुर 44600, नेपाल",27.7518178,85.4970723,4.0,शङ्खरापुर 44600,", monument"
,Bhyagute Khola,"J7F2+R3P, दक्षिणकाली 44600, नेपाल",27.6245833,85.250192,0.0,दक्षिणकाली 44600,", historic_site"
,Bhagaban Thumko,"H8JC+MM, चापागा‌‍‍उँ 44700, नेपाल",27.5817305,85.3217039,5.0,चापागा‌‍‍उँ 44700,", hike"
,बाजुरा मार्तडी,"CCCH+25J, बडीमालिका 10600, नेपाल",29.4200763,81.4278984,5.0,बडीमालिका 10600,", park"
,"Church of Lords's Grace - II","FG5C+X8V, बडीमालिका 10600, नेपाल",29.4599996,81.5207945,5.0,बडीमालिका 10600,", church"
,Jiulekhi Mashta Griha Bhandar श्री जिउलेखी मष्टा गृह भण्डार तथा चतुर्साल,"98V6+973, Bajura 10600, नेपाल",29.3933652,81.3106642,5.0,Bajura 10600,", hindu_temple"
,Nepalgram Adventure,"काठमाडौँ 44600, नेपाल",27.7256467,85.3425996,5.0,नेपाल,", trek"
,Gumba - The Last Village Of Bajura,"MM2M+284, बिच्छया 10600, नेपाल",29.65,81.683333,0.0,बिच्छया 10600,", hike"
,Deora,"Deora, कैलाशमाडौँ 21300, नेपाल",29.3533333,81.5533333,3.8,कैलाशमाडौँ 21300,", park"
,Bethlehem AG Church,"9MWM+RH5, गोत्री 10600, नेपाल",29.3970184,81.6839754,5.0,गोत्री 10600,", church"
,Pandav Gufa Fields,"9XQJ+WR7, Unnamed Road, धापा 21200, नेपाल",29.3897783,81.9820615,4.0,Unnamed Road,", tourist_attraction"
,गुफा टाकुरा भ्यु पोइन्ट,"MFRR+CGQ, महामञ्जुश्री नगरकोट, नेपाल",27.691097,85.491364,5.0,महामञ्जुश्री नगरकोट,", trek"
,Way to Patal gufa,"QFPV+Q7G, भोटेचौर, नेपाल",27.7869301,85.493196,4.0,भोटेचौर,", hike"
,माझ लेख,"9QHQ+H5, ढोलागोहे 21300, नेपाल",29.3789094,81.7879752,0.0,ढोलागोहे 21300,", park"
,New Hope Susamachar Church Dhamena,"Talkot-2, धमेना, नेपाल",29.5042265,81.7933027,5.0,धमेना,", church"
,Bajura nepal,"FP4M+X2W, 10600, नेपाल",29.4574774,81.7325746,4.0,10600,", tourist_attraction"
,khunka daha,"FQ68+R4M, Jukot 10600, नेपाल",29.4620797,81.7652883,5.0,Jukot 10600,", museum"
,धुरिछडा झरना,"9845+9V9, Bajura 10600, नेपाल",29.355909,81.3097231,0.0,Bajura 10600,", tourist_attraction"
,"Jame Masjid , Inaruwa-7, Chandbela","Hatiya Line, चाँदवेला 56709, नेपाल",26.6182358,87.2250646,5.0,चाँदवेला 56709,", mosque"
,पाण्डे निवास (Krrishpande ),"CCCH+25J, Bajura 10600, नेपाल",29.4200763,81.4278984,0.0,Bajura 10600,", hindu_temple"
,Khaptad Chhededaha Rural Municipality 6 maitola,"दोगड़ी 10600, नेपाल",29.4206557,81.2852367,3.7,नेपाल,", monument"
,खप्तड छेडेदह,"खप्तड छेडेदह, नेपाल",29.4227006,81.2851789,,नेपाल,", historic_site"
,Bulu Park,"चापागा‌‍‍उँ 44700, नेपाल",27.6011061,85.3265959,4.1,नेपाल,", park"
,Oracle Key Ministry-Zera-Bajura,"10600, नेपाल",29.4928758,81.7578738,0.0,नेपाल,", church"
,ईर्खु चौकी मोड,"QMHV+F6, चौतारा 45306, नेपाल",27.7475348,85.7493518,4.0,चौतारा 45306,", tourist_attraction"
,Jame Masjid Inarwari,"V6JJ+GJ9 Bazar, Inarwari 44500, नेपाल",26.8812818,85.2316672,5.0,Inarwari 44500,", mosque"
,Gairi Pipal,"J46P+QJP, Kawaswati 33000, नेपाल",27.6111592,84.1366267,0.0,Kawaswati 33000,", historic_site"
,Ulleri Gaun Raykhor,"FGC4+5X, पाखापानी 33200, नेपाल",28.4704265,83.5074026,5.0,पाखापानी 33200,", historic_site"
,जगन्नाथ,"जगन्नाथ 10600, नेपाल",29.4530495,81.6747295,,नेपाल,", park"
,जलजीवालय आर,"P9C7+4PW, बौद्ध सडक, काठमाडौँ 44600, नेपाल",27.7203738,85.3643187,4.2,बौद्ध सडक,", aquarium"
,भट्टका धारा,"FP3G+9H8, जगन्नाथ 10600, नेपाल",29.4534127,81.7264594,0.0,जगन्नाथ 10600,", historic_site"
,Nepalgunj City Church Nepal,"3JC9+97F, H 12, नेपालगञ्ज 21900, नेपाल",28.070916,81.6181887,5.0,H 12,", church"
,Shyamanand art and craft museums,"2JXC+6W4, नेपालगञ्ज 21900, नेपाल",28.0480085,81.6223289,4.0,नेपालगञ्ज 21900,", museum"
,Nepa Aquarium & Pets,"3J8H+8GQ QFX Compound, New Rd, नेपालगञ्ज 00977, नेपाल",28.0658293,81.6288623,4.0,New Rd,", aquarium"
,अमन पाल्तु जनावर घर र ट्रेडिंग,"3JFM+648, नेपालगञ्ज 21900, नेपाल",28.0730452,81.6328352,3.9,नेपालगञ्ज 21900,", aquarium"
,Nepalgunj,"3JQQ+4R3, Bhirkuti nagar, नेपालगञ्ज 21900, नेपाल",28.0878224,81.6394557,4.4,Bhirkuti nagar,", hindu_temple"
,Birendra Statue,"3J8G+PGR, Birendra Chowk, नेपालगञ्ज 21900, नेपाल",28.0668747,81.6262739,4.7,Birendra Chowk,", monument"
,वि.पि. चाेक (B.P. Chowk),"3J69+7P3, Unnamed Road, नेपालगञ्ज 21900, नेपाल",28.060631,81.619299,4.1,Unnamed Road,", historic_site"
,Kanti Tal (Puraini Talau/Lake),"3M63+7GM, नेपालगञ्ज 21900, नेपाल",28.0607002,81.6538044,4.2,नेपालगञ्ज 21900,", hike"
,"Kohalpur Park, Kohalpur 2","6M2H+HF5, महेन्द्र राजमार्ग, कोहलपुर 21904, नेपाल",28.202557,81.6794319,4.5,महेन्द्र राजमार्ग,", park"
,Kohalpur Community Church,"5MVP+9JC, Ntv Road, कोहलपुर 21904, नेपाल",28.1934294,81.6865529,4.8,Ntv Road,", church"
,Kohalpur Chowk,"5MWR+456, H 12, कोहलपुर 21904, नेपाल",28.1987699,81.690946,4.1,H 12,", tourist_attraction"
,Noori Jama Mosque,"5MP3+J42, कोहलपुर 21904, नेपाल",28.1869824,81.6529844,1.0,कोहलपुर 21904,", mosque"
,Aquarium Kohalpur,"5MQP+VCH, कोहलपुर 21904, नेपाल",28.189694,81.6860763,5.0,कोहलपुर 21904,", aquarium"
,Shiva Mandir (शिव मन्दिर ),"5MRH+3V9, कोहलपुर 21904, नेपाल",28.1901687,81.6797364,4.6,कोहलपुर 21904,", hindu_temple"
,Maitahawa chock,"6M59+VQV, कोहलपुर 21904, नेपाल",28.2097306,81.6694118,0.0,कोहलपुर 21904,", trek"
,Khadkawar Picnic Spot,"6P67+P67, कोहलपुर 21904, नेपाल",28.2117883,81.7130522,5.0,कोहलपुर 21904,", picnic"
,Banke National Park Khadgawar Hattisar,"6PMH+652, Unnamed Road, कोहलपुर 21904, नेपाल",28.233003,81.727894,4.1,Unnamed Road,", hike"
,Simpani Park,"45500, भिमेश्वर नगरपालिका, नेपाल",27.669723,86.0449926,4.1,भिमेश्वर नगरपालिका,", park"
,नरैनापुर,"नरैनापुर 21900, नेपाल",27.93,81.86,,नेपाल,", tourist_attraction"
,Masjid,"VVPF+HH5, नरैनापुर 21900, नेपाल",27.886397,81.8739702,4.0,नरैनापुर 21900,", mosque"
,QAYYUM KHAN,"2MHX+8F7, नेपालगञ्ज 21900, नेपाल",28.0282929,81.6986566,4.0,नेपालगञ्ज 21900,", museum"
,Picnic Farm & Resort,"PGP3+R3 Shankharapur, Kathmandu 44600, नेपाल",27.7370625,85.5026875,4.0,Kathmandu 44600,", picnic"
,Shreenewas,"MFXM+R2P, Saraswatisthan Rd, महामञ्जुश्री नगरकोट 44804, नेपाल",27.6995786,85.4825689,5.0,Saraswatisthan Rd,", hike"
,अमेलीया चोक,"X6C6+GG, सतबरिया 22400, नेपाल",27.9714678,82.2113666,5.0,सतबरिया 22400,", park"
,राप्ती सोनारी,"राप्ती सोनारी, नेपाल",28.0577911,81.9059636,,नेपाल,", tourist_attraction"
,Jafri Masjid Jafar Purwa Banke,"Unnamed Road, 21900, नेपाल",28.0225028,81.6991564,5.0,21900,", mosque"
,Prayash Bangur Farm,"2CXW+C8M, घोराही 22400, नेपाल",28.0485945,82.4458111,0.0,घोराही 22400,", zoo"
,पोख्राथान मन्दिर pokhrathan mandir,"XQHH+V76, 21900, नेपाल",27.9796528,81.7781466,5.0,21900,", hindu_temple"
,नेपाल ट्रेकिङ कम्पनी प्रा लिमिटेड,"Chhetrapati Chowk, पकनाजोल मार्ग, काठमाडौँ 44600, नेपाल",27.7113238,85.3085351,4.7,पकनाजोल मार्ग,", trek"
,Dhakeri Picnic Spot,"4QW8+XRQ, महेन्द्र राजमार्ग, महादेवपुरी 21900, नेपाल",28.1474581,81.7670992,3.6,महेन्द्र राजमार्ग,", picnic"
,Delhi Pahiro,"32PW+W8, पञ्चकुले 21900, नेपाल",28.0873422,82.0458007,0.0,पञ्चकुले 21900,", hike"
,Baijanath Vatika बैजनाथ वाटिका,"5J88+682, 21915, नेपाल",28.1655187,81.6157596,3.8,21915,", park"
,"Salvation Church, Baijanath","6MGF+X6, कोहलपुर 21904, नेपाल",28.2271822,81.6736091,5.0,कोहलपुर 21904,", church"
,Banke,"6HHR+P7, बाँसगढी 21904, नेपाल",28.2293734,81.5905984,3.8,बाँसगढी 21904,", tourist_attraction"
,"Hayaat Jama Masjid(हयात् जामा मस्जिद)khajura-8,Ghiya Street","5H6R+7FR, रानियापुर 21900, नेपाल",28.1602386,81.5906459,5.0,रानियापुर 21900,", mosque"
,NB Aquarium House,"M9Q8+549, TOWN PLANNING, OLD, काठमाडौँ 44600, नेपाल",27.6879155,85.3653744,4.6,TOWN PLANNING,", aquarium"
,Khajura Minipark And Restro.,"Gulariya - Nepalganj Hwy, 21900, नेपाल",28.1259459,81.5798493,4.0,21900,", park"
,"Victory AG Church, Khajura","21900, नेपाल",28.1223464,81.5746497,5.0,नेपाल,", church"
,Dharmaraj,"Khajura 2 , 21900, नेपाल",28.0807101,81.5446376,4.5,21900,", hindu_temple"
,Pulchok Khajur Banke,"3HQ3+J4J, 21900, नेपाल",28.0890796,81.5527535,0.0,21900,", monument"
,Khajura Rural Municipality,"4HCP+57G, 21900, नेपाल",28.1204333,81.5857169,5.0,21900,", historic_site"
,Khajura Computer Education Center Banke ( खजुरा बाँके ),"21900, नेपाल",28.1257048,81.574688,4.2,नेपाल,", trek"
,FGT Church Nepalgunj,"3JCP+HCR, नेपालगञ्ज 21900, नेपाल",28.071482,81.6359961,4.6,नेपालगञ्ज 21900,", church"
,डुडुवा,"डुडुवा, नेपाल",28.0198604,81.6947513,,नेपाल,", tourist_attraction"
,BADI HALBALDOLI MASJID,"HALBALDOLI, DUDUWA 3, नेपाल",28.0315856,81.7012795,5.0,DUDUWA 3,", mosque"
,Mahakal mandir,"2JCX+V3Q, हिर्मीनिया 21900, नेपाल",28.0222176,81.6477356,4.5,हिर्मीनिया 21900,", hike"
,New Life Gospel Church,"MP86+G55, दमक 57217, नेपाल",26.6662267,87.7105252,5.0,दमक 57217,", church"
,Janaki Batika,"PWJG+3MJ, Janaki Mandir Marg, जनकपुर 45600, नेपाल",26.7302052,85.9266526,4.1,Janaki Mandir Marg,", tourist_attraction"
,बरकाती मस्जिद جامع مسجد جنکپور,"PWHG+X28, जानकी मंदिर मार्ग, जनकपुर 45600, नेपाल",26.7299182,85.9250849,5.0,जानकी मंदिर मार्ग,", mosque"
,Ram Janaki Temple,"5MXR+QG4, कोहलपुर 21904, नेपाल",28.1993958,81.6913295,4.6,कोहलपुर 21904,", hindu_temple"
,श्री राम जानकी विवाह मण्डप,"PWJF+9XQ, जनकपुर 45600, नेपाल",26.7308986,85.9249777,4.6,जनकपुर 45600,", monument"
,जानकी मन्दिर,"Janaki chok, जनकपुर 45600, नेपाल",26.7303858,85.9255589,4.6,जनकपुर 45600,", historic_site"
,Kakhbari,"JFQ3+57, सुर्यविनायक, नेपाल",27.637913,85.453231,3.5,सुर्यविनायक,", hike"
,सरोवर,"2X3M+VP, कलैया 44400, नेपाल",27.0050335,84.9847057,4.0,कलैया 44400,", park"
,Kalaiya calvary church,"2XJW+8RR, कलैया 44400, नेपाल",27.0301206,84.9971654,3.7,कलैया 44400,", church"
,Kalaiya,"22J5+W4J, कलैया 44400, नेपाल",27.0323339,85.0077526,0.0,कलैया 44400,", church"
,कलैया,"कलैया 44400, नेपाल",27.0323339,85.0077526,,नेपाल,", tourist_attraction"
,Bhawanipur Jame Masjid,"22R2+V2J, कलैया 44400, नेपाल",27.0422435,85.0000342,4.4,कलैया 44400,", mosque"
,Belpati Temple,"22H2+9X8, कलैया 44400, नेपाल",27.0284191,85.0024377,4.6,कलैया 44400,", hindu_temple"
,कलैया घण्टाघर,"कलैया 44400, नेपाल",27.0324722,85.0027217,4.0,नेपाल,", monument"
,बराई चौतारा,"QWWP+92J, पिडा 45100, नेपाल",27.7959543,84.9350064,5.0,पिडा 45100,", historic_site"
,Kalapatthar Trekking Store,"सात घुम्ती मार्ग 3, काठमाडौँ 44600, नेपाल",27.7156609,85.3100099,4.1,काठमाडौँ 44600,", trek"
,Bharat Chowk,"बिरगंज-कलैया रोड, कलैया 44400, नेपाल",27.0322498,85.0026745,4.0,कलैया 44400,", hike"
,"Brindaban, Jitpur Simara","4254+4JH, इनर्वासिरा 44400, नेपाल",27.1078156,85.0066193,0.0,इनर्वासिरा 44400,", tourist_attraction"
,Jeetpur Mosque,"गढीमाई 44400, नेपाल",27.1307091,84.9563471,5.0,नेपाल,", mosque"
,Dipak house,"W446+PM6, सिम्रौनगढ 44400, नेपाल",26.9067822,85.1116264,0.0,सिम्रौनगढ 44400,", zoo"
,Prestige Art Gallery,"2VGM+VWJ, वीरगञ्ज 44300, नेपाल",27.0272014,84.884773,0.0,वीरगञ्ज 44300,", art_gallery"
,Simara Thani Mai Temple,"5X9H+RR7, गढीमाई 44400, नेपाल",27.169894,84.9797041,4.3,गढीमाई 44400,", hindu_temple"
,बुद्ध चोक,"हेटौडा 44107, नेपाल",27.4309782,85.0319392,4.3,नेपाल,", monument"
,जीतपुर सिमरा,"जीतपुर सिमरा, नेपाल",27.166499,84.9792233,,नेपाल,", historic_site"
,राधाकृष्ण पिकनिक पार्क,"44400, गढीमाई, नेपाल",27.1698108,84.969922,3.9,गढीमाई,", picnic"
,पार्क,"33RR+WMQ, हरैया 44400, नेपाल",27.0929604,85.0921788,5.0,हरैया 44400,", park"
,"Kolhabi Pani Tanki,Kolhabi","35FH+6JM, कोल्हवी 44400, नेपाल",27.0730875,85.1790469,0.0,कोल्हवी 44400,", tourist_attraction"
,Masjid Mosque,"343H+WX4, 44400, नेपाल",27.0547681,85.1300124,0.0,44400,", mosque"
,Bhim Sakhuwa ( भिम सखुवा ),"45QF+9MQ, Road, कोल्हवी 44400, नेपाल",27.1384551,85.1742369,4.8,Road,", museum"
,Kolhabi Temple,"35FF+GPW, कोल्हवी 44400, नेपाल",27.0738581,85.1743334,4.0,कोल्हवी 44400,", hindu_temple"
,गढीमाई मन्दिर,"महागढीमाई 44405, नेपाल",26.9934073,85.047285,4.5,नेपाल,", monument"
,"Jamuni River Camping Site,Kolhabi,Bara","35Q8+C2J, कोल्हवी 44400, नेपाल",27.0885773,85.1650299,5.0,कोल्हवी 44400,", hike"
,Nijgadh pani tanki,"652Q+XM9, निजगढ 44401, नेपाल",27.2029309,85.1887212,4.5,निजगढ 44401,", park"
,Nijgadh Christian church,"55JQ+CH7, निजगढ 44401, नेपाल",27.1810998,85.1888678,5.0,निजगढ 44401,", church"
,Riverside Picnic Spot Nijgadh Bara,"65XG+9CR, निजगढ 44401, नेपाल",27.2484809,85.1760139,3.4,निजगढ 44401,", tourist_attraction"
,Gulshan E Madina Masjid,"55HJ+W6V, Shanti Tole Rd, निजगढ 44401, नेपाल",27.1798724,85.1805417,4.3,Shanti Tole Rd,", mosque"
,Nijgadh,"निजगढ 44401, नेपाल",27.2066797,85.1271907,4.3,नेपाल,", museum"
,Shree Krishna Pranami Mandir,"Aananda Bhumi, Nijgadh - 8 00977, नेपाल",27.1811197,85.1855895,4.2,Nijgadh - 8 00977,", hindu_temple"
,Nijgadh bara nepal,"Sahid Chock Nijgadh, Bazar, नेपाल",27.1807157,85.1787682,4.1,Bazar,", trek"
,तामागढि गेट,"55J8+244, AH2, निजगढ 44401, नेपाल",27.1800102,85.165337,4.2,AH2,", hike"
,Charmohharam pul Faruk,"W3C7+X7V, हर्दिया 44400, नेपाल",26.9224965,85.0631636,5.0,हर्दिया 44400,", park"
,Betauna masjid,"Mahagadhimai ,betauna 8, नेपाल",26.970327,85.0893745,3.1,betauna 8,", mosque"
,Rampati Devi Samadhi,"X228+M7R, पिप्राढि गोठ 44400, नेपाल",26.9517711,85.0156587,0.0,पिप्राढि गोठ 44400,", museum"
,मोहोरी पिक्क्निक स्पोर्ट Mohori Picnic Ground,"65WG+R3F, निजगढ 44401, नेपाल",27.2470505,85.1751799,4.1,निजगढ 44401,", picnic"
,Sagar,"X3Q3+4MM, महागढीमाई 44400, नेपाल",26.9874551,85.0541672,0.0,महागढीमाई 44400,", hike"
,Raniwas Picnic Park,"V4R7+4M4, सिम्रौनगढ 44400, नेपाल",26.89007,85.114632,5.0,सिम्रौनगढ 44400,", park"
,जमुनी नहर,"X4RM+7Q9, खोपवा 44400, नेपाल",26.9906544,85.1344976,0.0,खोपवा 44400,", amusement_park"
,Raniwash Darbar,"V4Q7+PV7, सिम्रौनगढ 44400, नेपाल",26.8892986,85.1146741,4.4,सिम्रौनगढ 44400,", church"
,Jame Masjid,"V4PJ+X56, Unnamed Road, सिम्रौनगढ 44400, नेपाल",26.8874168,85.1303835,5.0,Unnamed Road,", mosque"
,कंकाली मन्दिर,"V4PJ+WQ4, सिम्रौनगढ 44400, नेपाल",26.8872763,85.1319057,4.5,सिम्रौनगढ 44400,", hindu_temple"
,Believers Eastern Church mallikpur raghopur vaishali,"H834+Q8J, Rampur Road, Mallikpur, Chauradano, Bihar 844508, भारत",26.8473958,85.0103032,5.0,Rampur Road,", church"
,पचरौता,"पचरौता, नेपाल",26.8873852,85.0714328,,नेपाल,", tourist_attraction"
,Jamme Masjid Pakadiya Chikani,"V3F5+2Q8, पकडिया चिकनी 44400, नेपाल",26.8725405,85.0594381,4.7,पकडिया चिकनी 44400,", mosque"
,Pachagachiya Temple,"V2RX+HM6, हर्दिया 44400, नेपाल",26.8914388,85.0491441,3.7,हर्दिया 44400,", hindu_temple"
,Bichli Pokhara (Yadav Tolla) Bankatwa,"R3P7+574, बिहार, भारत",26.8353994,85.0631908,5.0,बिहार,", hike"
,Sunil.Sah.Triveni,"2W8H+42H, फेटा 44400, नेपाल",27.0153069,84.9276249,4.2,फेटा 44400,", park"
,Bethel Community Church,"33RF+G4W, हरैया 44400, नेपाल",27.0913465,85.0728454,5.0,हरैया 44400,", church"
,Pheta Masjid,"2W2X+4G7, फेटा 44400, नेपाल",27.0002864,84.9487884,4.5,फेटा 44400,", mosque"
,Ashokbatika Cemetery,"2V9F+34H, वीरगञ्ज 44300, नेपाल",27.01773,84.8729058,0.0,वीरगञ्ज 44300,", museum"
,प्रभु शिव मन्दिर [एचएम],"2X22+VFH, फेटा 44400, नेपाल",27.0021052,84.9512073,4.3,फेटा 44400,", hindu_temple"
,Bishrampur Park,"XVRW+73W, विश्रामपुर 44400, नेपाल",26.9907397,84.8952017,0.0,विश्रामपुर 44400,", park"
,Koinonia Church,"2V2G+VH2, वीरगञ्ज 44300, नेपाल",27.0021282,84.8764976,4.1,वीरगञ्ज 44300,", church"
,विश्रामपुर,"विश्रामपुर, नेपाल",26.9841212,84.890664,,नेपाल,", tourist_attraction"
,Full Baari Garden jhabaraha,"5WFH+XPF, Unnamed Road, बेलवा पर्सौनी 44300, नेपाल",27.1749384,84.9292939,0.0,Unnamed Road,", tourist_attraction"
,विश्रामपुर,"विश्रामपुर, नेपाल",26.98409,84.8906505,,नेपाल,", tourist_attraction"
,Bishrampur jama masjid khudiyatola,"XVJM+6GW, विश्रामपुर, नेपाल",26.9806045,84.8838321,5.0,विश्रामपुर,", mosque"
,Itumbaha Museum,"P845+M6M, काठमाडौँ 44600, नेपाल",27.7066493,85.3080452,4.3,काठमाडौँ 44600,", museum"
,"Shiva Temple Bishrampur(शिव मन्दिर, बिश्रामपुर)","बिश्रामपुर 44500, नेपाल",27.007523,85.362874,3.3,नेपाल,", hindu_temple"
,Musharwa,"XVHQ+2JG, विश्रामपुर, नेपाल",26.9775431,84.8891097,4.0,विश्रामपुर,", historic_site"
,Gol Park,"59V2+6R9, गुलरिया 21800, नेपाल",28.1930462,81.3521126,4.4,गुलरिया 21800,", park"
,Shanti niwas AG church,"6962+2MF, गुलरिया 21800, नेपाल",28.2100868,81.3516914,5.0,गुलरिया 21800,", church"
,Masjid,"Gulariya - Nepalganj Hwy, 21800, नेपाल",28.1837417,81.3946772,5.0,21800,", mosque"
,Radha Krishna Temple,"6865+9J8, गुलरिया 21800, नेपाल",28.2109187,81.3090891,4.8,गुलरिया 21800,", hindu_temple"
,Gulariya Bardiya,"685Q+9VJ, Gulariya 7, गुलरिया, नेपाल",28.2061118,81.3358883,4.4,Gulariya 7,", monument"
,Geruwa - 01 Bagahipur Bardiya,"पाताभार 21800, नेपाल",28.5456639,81.2146333,4.1,नेपाल,", historic_site"
,Balapur Picnic Spot,"69PC+CHX, गुलरिया 21800, नेपाल",28.2361055,81.3715096,0.0,गुलरिया 21800,", picnic"
,Aradhna Church Madhuwan 7 Bardiya,"7799+5P8, सानोश्री ताराताल 21800, नेपाल",28.2679257,81.2693455,5.0,सानोश्री ताराताल 21800,", church"
,तिनकुने भिउ पोइन्ट (दृश्य स्थल || बर्दिया राष्ट्रिय निकुञ्ज),"F6HR+C59, नेउलापुर 21800, नेपाल",28.4785347,81.2404899,4.3,नेउलापुर 21800,", tourist_attraction"
,Madhuban Municipality Office,"pragati bazar Road , Madhuwan-6, 21800, नेपाल",28.2973829,81.2711206,4.4,Madhuwan-6,", mosque"
,Madhuwan-1,"C65P+M9P, 21800, नेपाल",28.4092114,81.2359702,3.5,21800,", hindu_temple"
,jhabahi,"F5P8+4MJ, राजापुर 21800, नेपाल",28.4853478,81.166638,5.0,राजापुर 21800,", park"
,Baniya pur,"94HG+642, राजापुर, नेपाल",28.3780148,81.1252975,0.0,राजापुर,", church"
,Rajapur Chowk,"C3GW+J33, Rajapur Road 4, राजापुर 21800, नेपाल",28.4300195,81.0920607,4.0,Rajapur Road 4,", tourist_attraction"
,Shri Durga tatha Ram Janaki Temple,"C3HV+H4F, Rajapur Road, राजापुर 21811, नेपाल",28.428978,81.0928274,0.0,Rajapur Road,", mosque"
,Rajapur nepal,"राजापुर 21800, नेपाल",28.4303507,81.0908869,4.0,नेपाल,", art_gallery"
,Ganesh Baba Temple,"Rajapur Road Ghumna Ghau, राजापुर 21800, नेपाल",28.4189832,81.0925985,4.8,राजापुर 21800,", hindu_temple"
,Khadak Chowk खड्क चोक,"G4M9+98X, टिकापुर 10901, नेपाल",28.5334775,81.118356,4.1,टिकापुर 10901,", monument"
,Rajapur,"C3JV+VWC, राजापुर 21800, नेपाल",28.4321778,81.094773,3.9,राजापुर 21800,", trek"
,Barghar Sadak बरघर सडक,"C5W4+GF, राजापुर 21800, नेपाल",28.446362,81.1561946,0.0,राजापुर 21800,", hike"
,बढैया ताल,"Barhaiya Lake, 21800, नेपाल",28.1951295,81.5173624,3.7,21800,", amusement_park"
,"Bijaya Church Thakur Baba 5, Takiya(Bardiya)","Unnamed Road, 21800, नेपाल",28.4118895,81.295025,0.0,21800,", church"
,ठाकुरबाबा,"ठाकुरबाबा, 21800, नेपाल",28.4516726,81.3228855,,21800,", tourist_attraction"
,Shahipur Bardiya Thakurbaba municipality 5,"98V2+R59, 21800, नेपाल",28.3945027,81.3004674,5.0,21800,", mosque"
,Thakurbaba Temple,"C7X3+XV4, ठाकुरद्धारा 21800, नेपाल",28.4498948,81.254685,4.5,ठाकुरद्धारा 21800,", hindu_temple"
,"बर्दिया राष्ट्रिय निकुञ्जको प्रवेशद्वार, ठाकुरद्वारा","F62V+V72, 21800, नेपाल",28.4521322,81.2431341,4.6,21800,", historic_site"
,khristiya church,"7G3J+F55, बाँसगढी 21800, नेपाल",28.2536451,81.5304969,5.0,बाँसगढी 21800,", church"
,"Bansagadhi,3 gudhi cawok masjid","6HG4+FV, बाँसगढी 21800, नेपाल",28.2262799,81.5572321,5.0,बाँसगढी 21800,", mosque"
,Tharu Cultural centre,"6GWC+WM8, बाँसगढी 21800, नेपाल",28.2472846,81.5216882,5.0,बाँसगढी 21800,", museum"
,Buddha Statue,"6GPJ+V8F, महेन्द्र राजमार्ग, बाँसगढी 21800, नेपाल",28.2380268,81.5307842,5.0,महेन्द्र राजमार्ग,", monument"
,Mahadewa,"7H6V+X2M, बाँसगढी 21800, नेपाल",28.2624686,81.5925427,1.0,बाँसगढी 21800,", trek"
,Chamere hill,"9PQ6+4P4, बाँसगढी 21800, नेपाल",28.387771,81.7118146,5.0,बाँसगढी 21800,", hike"
,Bardiya,"8C6H+35R, धधबार 21800, नेपाल",28.3102323,81.4278984,0.0,धधबार 21800,", church"
,AURI BAZAR,"Barbardiya -08 Auri Bardiya Nepal, 21804, नेपाल",28.3533168,81.4329969,3.6,21804,", monument"
,Aryal Batikaa,"Gulariya - Nepalganj Hwy 7, 21900, नेपाल",28.1542051,81.5205865,4.0,21900,", park"
,बढैया ताल भ्यू टावर एण्ड बोटिङ्ग,"Barhaiya Lake, 21800, नेपाल",28.2002033,81.5149267,4.0,21800,", tourist_attraction"
,बढैयाताल,"बढैयाताल, नेपाल",28.1846335,81.4806277,,नेपाल,", tourist_attraction"
,Thulodafe,"3FVQ+FMX, Danphe madanchok, 21800, नेपाल",28.093726,81.4892264,3.0,Danphe madanchok,", trek"
,Geruwa 6 bardiya,"C59M+J6, राजापुर 21800, नेपाल",28.4190354,81.1830697,0.0,राजापुर 21800,", church"
,Geruwa Rural Municipality Office,"F5GQ+5JP, राजापुर 21800, नेपाल",28.4754638,81.1890998,4.1,राजापुर 21800,", mosque"
,Jor Chautari Bagiya Tol Nauranga,"C57P+57R, 21800, नेपाल",28.4129913,81.1856376,4.6,21800,", hindu_temple"
,Intake Park,"Unnamed Road, 21800, नेपाल",28.5880879,81.2481422,4.0,21800,", picnic"
,चाँगुनारायण पार्क,"Changunarayan Rd, चाँगुनारायण 44804, नेपाल",27.7182628,85.4314318,4.0,चाँगुनारायण 44804,", park"
,Himalaya Spiritual And Adventure Treks,"Balambu , ChanguNarayan 4, Bhaktapur 44800, नेपाल",27.7161625,85.4285155,4.8,ChanguNarayan 4,", trek"
,Suryabinayak chowk ( सूर्यविनायक चोक),"MC8G+76P, सुर्यविनायक 44800, नेपाल",27.6657158,85.4255881,4.5,सुर्यविनायक 44800,", historic_site"
,Mundum Trail Starting Point,"5WXH+RC8, Chakhewa 57000, नेपाल",27.1995375,86.9285781,4.2,Chakhewa 57000,", hike"
,"Shadananda's Garden and Park","944P+RP6, दिङ्गला - तुम्लिङ्गटार मार्ग, षडानन्द 57000, नेपाल",27.3570476,87.1367757,0.0,दिङ्गला - तुम्लिङ्गटार मार्ग,", park"
,लभिङ हिल,"खाँदबारी 56900, नेपाल",27.3871611,87.2069111,4.4,नेपाल,", amusement_park"
,Dingla Baptist Church ✝️,"945G+3R, षडानन्द 57000, नेपाल",27.3576012,87.1269778,5.0,षडानन्द 57000,", church"
,षडानन्द,"षडानन्द, नेपाल",27.3379433,87.0974696,,नेपाल,", tourist_attraction"
,Khanbari Mosjid,"96V6+3R7, Khanbari Moktarpur Kaliganj Gazipur, खाँदबारी, नेपाल",27.392669,87.2120599,0.0,Khanbari Moktarpur Kaliganj Gazipur,", mosque"
,NyaaCha_PaSa,"कीर्तिपुर 44600, नेपाल",27.6698031,85.2782148,4.6,नेपाल,", aquarium"
,श्री धनेश्वर महादेव मन्दिर,"45209, नेपाल",27.618161,85.5225405,4.5,नेपाल,", hindu_temple"
,( बालगुरु षडानन्दको शालीक) Statue of Balaguru shadananda,"944P+RR2, षडानन्द 57000, नेपाल",27.3570005,87.1370185,3.2,षडानन्द 57000,", monument"
,Dingla bajar,"944P+R8H, षडानन्द 57000, नेपाल",27.3570577,87.1358611,4.2,षडानन्द 57000,", historic_site"
,रामचन्द्र मन्दिर,"945P+3P2, षडानन्द 57000, नेपाल",27.3576534,87.1368398,3.9,षडानन्द 57000,", historic_site"
,Harleo Picnic Spot,"C5PG+PXJ, खाँदबारी 56900, नेपाल",27.4368253,87.1773978,5.0,खाँदबारी 56900,", picnic"
,Ayaan Aquarium,"M8JM+V3R, Shankhamul Marga, काठमाडौँ 44600, नेपाल",27.6822514,85.3326139,3.1,Shankhamul Marga,", aquarium"
,Tsamaya Art gallery,"tyanglaphat chowk, कीर्तिपुर 44600, नेपाल",27.6814149,85.2790908,5.0,कीर्तिपुर 44600,", art_gallery"
,म्हेपि अजिमा मन्दिर,"Mhepi Marg, काठमाडौँ 44600, नेपाल",27.7274733,85.3085223,4.5,काठमाडौँ 44600,", hindu_temple"
,सहिद स्मृति पार्क,"529X+JR3, भोजपुर 57000, नेपाल",27.1690194,87.049539,4.0,भोजपुर 57000,", park"
,रामप्रसाद राई,"रामप्रसाद राई, 57000, नेपाल",27.0580239,87.0439271,,57000,", tourist_attraction"
,अनुप राई,"53H2+5XV, भोजपुर 57000, नेपाल",27.1779842,87.0524338,0.0,भोजपुर 57000,", tourist_attraction"
,Amarhaat Zoo,"R7JR+F9M, धरान 56700, नेपाल",26.8305516,87.2912167,5.0,धरान 56700,", zoo"
,नेपाली ग्यालरी,"Krian Niwas, Bhattarai Marg 1, काठमाडौँ 44600, नेपाल",27.6819119,85.3320678,4.6,Bhattarai Marg 1,", art_gallery"
,Rangi Art Gallery,"P886+65X, चाक्सीवारी मार्ग, काठमाडौँ 44600, नेपाल",27.7156054,85.3105015,4.6,चाक्सीवारी मार्ग,", art_gallery"
,रामप्रसादराई गाउँपालिका,"32JH+HCG, बैकुण्ठे 57000, नेपाल",27.0814444,87.0285874,4.2,बैकुण्ठे 57000,", monument"
,हतुवागढी गाउँपालिका,"Hatuwagadhi - 1, Ghodetar Bazzar, नेपाल",27.02151,87.1210367,4.0,Ghodetar Bazzar,", park"
,Aashis Nissi Church Burkha आशिष निस्सी चर्च बुर्खा,"W5P8+64, छिन्ताङ 56800, नेपाल",26.9355032,87.1653382,0.0,छिन्ताङ 56800,", church"
,हतुवागढी,"हतुवागढी, नेपाल",27.0096598,87.1102983,,नेपाल,", tourist_attraction"
,Madarsha Tahfejul Quran Jame Masjid Mahuli Bazar Saptari Nepal,"JRW9+7FV, बकधौवा 56400, नेपाल",26.6457458,86.8186826,3.8,बकधौवा 56400,", mosque"
,"सरस्वती मन्दिर , चण्डी डाँडा","25M9+R9J, होम्तांग 57000, नेपाल",27.0345961,87.168401,4.0,होम्तांग 57000,", hindu_temple"
,"Hatuwagadhi Durbar, Ghoretar","24F8+2W2, रानीबास 57000, नेपाल",27.0225254,87.1172724,5.0,रानीबास 57000,", monument"
,Hatuwagadhi Rural Municipality,"रानीबास 57000, नेपाल",27.0214593,87.1209448,2.0,नेपाल,", trek"
,कार्की गाउँ चोउँतारो,"55J7+46R, याकू 57000, नेपाल",27.1803516,87.1630151,5.0,याकू 57000,", park"
,धाप पँधेरा,"242G+PJ, खैराङ 57000, नेपाल",27.0017514,87.126532,0.0,खैराङ 57000,", amusement_park"
,पौवादुङमा,"पौवादुङमा, 57000, नेपाल",27.1803379,87.1348497,,57000,", tourist_attraction"
,पौवादुङमा गाउँपालिका,"545Q+F85, Tiwaribhangyang-Manedada Road, च्यांग्रे 57000, नेपाल",27.1586303,87.138336,4.8,Tiwaribhangyang-Manedada Road,", mosque"
,एओन एक्वारियम सप,"M8M9+FGW, Kupondol, ललितपुर, नेपाल",27.6837389,85.3188291,3.8,Kupondol,", aquarium"
,कार्की गाउँ देबिथान,"55QF+W3Q, भोजपुर 57000, नेपाल",27.1898299,87.1727418,5.0,भोजपुर 57000,", hindu_temple"
,ठूलो बुद्ध मूर्ति,"373F+F7P, पाख्रीवास 56800, नेपाल",27.0537124,87.2732173,4.4,पाख्रीवास 56800,", monument"
,Maiyung danda,"8266+QV, Maiyung 57000, नेपाल",27.3119375,87.0121875,4.8,Maiyung 57000,", hike"
,Pandey kuwa,"95MH+32, खाँदबारी 56900, नेपाल",27.3827117,87.1775446,5.0,खाँदबारी 56900,", amusement_park"
,Hebron Church chaukidada,"C3CF+FC, कुलुङा 57000, नेपाल",27.421348,87.0734341,5.0,कुलुङा 57000,", church"
,Phedii,"CX4H+Q6, दोभाने 57000, नेपाल",27.4068982,86.9780714,3.8,दोभाने 57000,", tourist_attraction"
,Salpasilichho Rural Municipality,"C38F+586, चौकीडांडा 56900, नेपाल",27.415898,87.0721697,4.0,चौकीडांडा 56900,", mosque"
,पशुपति मन्दिर,"6XFM+VMX, भोजपुर 57000, नेपाल",27.2247476,86.9841842,4.4,भोजपुर 57000,", hindu_temple"
,साल्पासिलिछो,"साल्पासिलिछो, नेपाल",27.4129885,87.0707127,,नेपाल,", monument"
,Salpa pokhari,"CWWM+QJ, दोभाने 56900, नेपाल",27.4469096,86.9340567,4.9,दोभाने 56900,", trek"
,सुन्तले डाँडा भ्यू टावर,"63G6+X8, भोजपुर 57000, नेपाल",27.2274524,87.0607807,5.0,भोजपुर 57000,", tourist_attraction"
,Masjid Ahl-e -hadees Aurahwa kapilvastu nepal,"GWRH+696, Unnamed Road, Aurahiya 32800, नेपाल",27.5405309,82.9283821,3.7,Unnamed Road,", mosque"
,करुणामय मन्दिर,"5342+RR, भोजपुर 57000, नेपाल",27.1580311,87.0516948,0.0,भोजपुर 57000,", hindu_temple"
,Arun Thapa Statue,"अरुण थापा चोक, 44700, नेपाल",27.6808129,85.310304,4.1,44700,", monument"
,अरुण ट्रेकहरू र अभियान पी लिमिटेड,"Dhumbarahi Marg, बुढानीलकण्ठ 44600, नेपाल",27.7337043,85.3473939,4.1,बुढानीलकण्ठ 44600,", trek"
,Botanikal,"2XMV+4V7, 57000, नेपाल",27.0327796,86.9946636,4.8,57000,", park"
,Jiwan jyoti church,"V3J3+CR4, 56300, नेपाल",26.8810186,87.0545745,5.0,56300,", church"
,आमचोक,"आमचोक, नेपाल",26.930544,87.034383,,नेपाल,", tourist_attraction"
,Aamchowk Municipality Office,"57000, नेपाल",26.9766478,86.9788207,4.3,नेपाल,", mosque"
,Masjid Aaisha Bentai Aabubakar,"JQF3+WF7, महेन्द्र राजमार्ग, सितापुर 56400, नेपाल",26.6247913,86.753667,0.0,महेन्द्र राजमार्ग,", mosque"
,तीनखोप्रे कुलो मुहान,"R344+56, रामपुर ठोक्सिला 56300, नेपाल",26.8053911,87.0555169,5.0,रामपुर ठोक्सिला 56300,", museum"
,महाशक्तिशाली माता मन्दिर,"22F7+XCP, २ युँ, भोजपुर 57000, नेपाल",27.0249249,87.013597,5.0,२ युँ,", hindu_temple"
,Bhojpur Aambote pul,"Pawala 5, नेपाल",26.9453179,87.0285674,0.0,नेपाल,", trek"
,भरतपुर सुसमाचारका चर्च,"MCWW+VMX, भरतपुर 44200, नेपाल",27.6972487,84.4467524,4.1,भरतपुर 44200,", church"
,हात्ती प्रजनन तथा तालिम केन्द्र,"Baadreni Road Royal Chitwan NP., भरतपुर 44204, नेपाल",27.5819444,84.4630556,4.1,भरतपुर 44204,", tourist_attraction"
,बुद्ध प्रतिमा,"PC2F+39X, भरतपुर 44200, नेपाल",27.7002456,84.4234779,4.3,भरतपुर 44200,", monument"
,Resting ground,"MCR9+PHV, भरतपुर 44207, नेपाल",27.6917574,84.4184629,4.3,भरतपुर 44207,", historic_site"
,trek tours Chitwan National Park,"सौराहा रोड 6, रत्‍ननगर 44600, नेपाल",27.5768906,84.495381,4.4,रत्‍ननगर 44600,", trek"
,Tiger taal (tiger lake ),"MFJ8+P2, भरतपुर 44200, नेपाल",27.6818628,84.4650803,4.5,भरतपुर 44200,", hike"
,Tikauli Eco-Culture Park,"JFCM+F73, Unnamed Road, रत्‍ननगर 44204, नेपाल",27.6211335,84.4831649,4.2,Unnamed Road,", park"
,निप्पनि चर्च,"JGH2+2V9, रत्‍ननगर 44204, नेपाल",27.6275404,84.5022329,4.2,रत्‍ननगर 44204,", church"
,"'D DECORE AQUARIUM HOUSE","JG96+7HX, sauraha Sauraha chock, रत्‍ननगर, नेपाल",27.6182422,84.5114908,4.4,sauraha Sauraha chock,", aquarium"
,कृष्ण प्रणामी मन्दिर टिकौली,"JFJV+FC5, महेन्द्र राजमार्ग, रत्‍ननगर 44204, नेपाल",27.6311492,84.4936217,4.6,महेन्द्र राजमार्ग,", hindu_temple"
,Jungle guide service,"रत्‍ननगर 44204, नेपाल",27.5745459,84.5019253,4.8,नेपाल,", hike"
,Lankaline Church,"MGG5+C66, जुटपानी रोड, जुटपानी 44204, नेपाल",27.6760466,84.5080221,4.5,जुटपानी रोड,", church"
,मौलाकालिका मन्दिर,"PCH5+2F5, Kalika Mandir Trail, गैंडाकोट 33000, नेपाल",27.7274651,84.408739,4.6,Kalika Mandir Trail,", tourist_attraction"
,Chitwan Trails,"Astha chowk, Safal marga 12, भरतपुर 44200, नेपाल",27.6717852,84.4491063,4.4,Safal marga 12,", trek"
,Mani Khola Picnic Park,"MF5Q+6RW, जुटपानी 44200, नेपाल",27.6581096,84.489583,4.1,जुटपानी 44200,", picnic"
,बिन्दवासिनी पार्क खैरहनी चितवन,"JHG6+V3P, Jyamire-Chainpur Rd, खैरहानी 44204, नेपाल",27.6272075,84.5601998,3.9,Jyamire-Chainpur Rd,", park"
,Holy Life Church (Prembasti),"JM37+498 Rapti municipality-4 Prembasti, भण्डारा 44200, नेपाल",27.6027661,84.6634442,5.0,भण्डारा 44200,", church"
,Chitwan nepal,"JH9F+WRH, jiwanpur, खैरहानी 10, नेपाल",27.6198017,84.5746243,5.0,jiwanpur,", tourist_attraction"
,Fish O Farm CAARP,"Khairahani 10, कठार 44200, नेपाल",27.5875299,84.6194439,4.5,कठार 44200,", aquarium"
,Laxmi Narayan Mandir लक्ष्मी नारायण मन्दिर,"JM22+5RC, भण्डारा 44200, नेपाल",27.6004269,84.6520046,4.7,भण्डारा 44200,", hindu_temple"
,चितवन राष्ट्रिय निकुञ्ज कार्यालय,"G8XJ+V3C, 44200, नेपाल",27.549692,84.330144,4.5,44200,", monument"
,Dhamili Prayer Hill,"JM9M+JJ, पिप्ले 44200, नेपाल",27.6190057,84.6841159,5.0,पिप्ले 44200,", hike"
,Ladari Fun Park,"JHMC+W86, खैरहानी 44200, नेपाल",27.6347787,84.5707721,4.1,खैरहानी 44200,", park"
,Wildlife Museum,"HFFX+PJG, रत्‍ननगर 44200, नेपाल",27.5743066,84.499076,4.4,रत्‍ननगर 44200,", zoo"
,Lucky Aquarium and pet shop,"JH5C+VP4, खैरहानी 44200, नेपाल",27.6096399,84.5718213,5.0,खैरहानी 44200,", aquarium"
,Kankali Temple,"Khairahani -4, नेपाल",27.6706263,84.578401,4.1,नेपाल,", hindu_temple"
,हात्ती चोक,"HFJV+HPM, रत्‍ननगर 44204, नेपाल",27.5814533,84.4943043,4.3,रत्‍ननगर 44204,", monument"
,Madi View Tower,"44600, भरतपुर 44200, नेपाल",27.4140009,84.3761333,4.2,भरतपुर 44200,", park"
,BELIEVERS EASTERN CHURCH MADI,"F855+576, माडी 44200, नेपाल",27.4579179,84.3081272,4.0,माडी 44200,", church"
,माडी,"माडी, नेपाल",27.4129236,84.375233,,नेपाल,", tourist_attraction"
,धोवाह मस्जित,"F88C+W25, माडी 44200, नेपाल",27.4672711,84.3201108,3.0,माडी 44200,", mosque"
,Animal Shelter Park,"MF5Q+6JV, जुटपानी 44200, नेपाल",27.6581222,84.4890337,5.0,जुटपानी 44200,", zoo"
,Godek Mandir dropati nagar Madi,"F7R7+X6P, Unnamed Road, माडी 44200, नेपाल",27.4924575,84.2630645,4.6,Unnamed Road,", hindu_temple"
,Chitwan wild trek,"भरतपुर 44200, नेपाल",27.5813156,84.4929056,4.0,नेपाल,", trek"
,"Way to Indrabasti, Madi,Chitwan","C9MQ+9C, माडी 44200, नेपाल",27.43341,84.388539,0.0,माडी 44200,", hike"
,Nepali Evangelical Church (NEC Church),"चित्रवन 44200, नेपाल",27.6535277,84.327469,4.2,नेपाल,", church"
,इच्छाकामना मन्दिर,"VJCF+HWG, दारेचोक, नेपाल",27.8714276,84.6248136,4.3,दारेचोक,", hindu_temple"
,इच्छाकामना मन्दिर,"चण्डी भञ्ज्याङ 44200, नेपाल",27.8344916,84.5964056,4.4,नेपाल,", monument"
,"Ichchhakamana Rural Municipality, Office of the Municipal Executive","VJCG+5JG, दारेचोक, नेपाल",27.8704587,84.6264747,4.2,दारेचोक,", historic_site"
,Ichchhakamana-4 Bajha Gau,"VH9M+3RM, Lamidanda, 4, नेपाल",27.8677189,84.5845576,4.0,Lamidanda,", trek"
,Bimalnagar Siddha (गुफा),"WCX9+8J, वन्दीपुर, नेपाल",27.9483053,84.4190425,4.4,वन्दीपुर,", picnic"
,"बसपार्क, डडेल्धुरा","7HWR+V6F, अमरगढी 10300, नेपाल",29.2971914,80.5905546,3.6,अमरगढी 10300,", park"
,Aaradhana Preritiya Christian Church,"अमरगढी 10300, नेपाल",29.3002422,80.5877708,0.0,नेपाल,", church"
,Kailpal Temple Chamsal,"no.3, Dadeldhura, Amargadhi Municipality ward, अमरगढी, नेपाल",29.28157,80.5616646,5.0,Dadeldhura,", hindu_temple"
,Sahid Smriti Park,"26WH+5M5, परशुराम 10400, नेपाल",29.045385,80.2292473,4.0,परशुराम 10400,", park"
,Galagatha AG Church,"4F9J+QP8, परशुराम 10300, नेपाल",29.119364,80.4818481,3.8,परशुराम 10300,", church"
,Aaidungra,"Parashuram,08, नेपाल",29.0590574,80.2770329,5.0,08,", tourist_attraction"
,परशुराम,"परशुराम, नेपाल",29.1138891,80.3213106,,नेपाल,", tourist_attraction"
,Tarakot-Dadeldhura Nepal ताराकोट डडेलधुरा,"357P+FX9, भीमदत्त 10400, नेपाल",29.0636512,80.1874692,5.0,भीमदत्त 10400,", tourist_attraction"
,"परशुराम धाम, डडेलधुरा","572C+58W, परशुराम 10300, नेपाल",29.1504911,80.2708162,4.6,परशुराम 10300,", mosque"
,Sudan Arts&Photo,"49H3+MPG, परशुराम 10300, नेपाल",29.1292078,80.354371,5.0,परशुराम 10300,", art_gallery"
,Shree Parshuram Statue,"572C+4MG, परशुराम 10300, नेपाल",29.1503005,80.2717147,3.3,परशुराम 10300,", monument"
,Batase Waterfall,"2C2X+54F, कृष्णपुर 10400, नेपाल",29.0004341,80.4478041,4.5,कृष्णपुर 10400,", hike"
,Dadikhel Deurali डाँडीखेल देउराली,"J69V+5HR, दक्षिणकाली 44600, नेपाल",27.6179819,85.2438813,4.5,दक्षिणकाली 44600,", park"
,प्रशस्त जीवन मण्डली,"M7RX+XFG, काठमाडौँ 44614, नेपाल",27.6924383,85.2986894,3.4,काठमाडौँ 44614,", church"
,Land sudal,"MFJJ+C4, महामञ्जुश्री नगरकोट, नेपाल",27.6807046,85.4802911,0.0,महामञ्जुश्री नगरकोट,", tourist_attraction"
,Masjid Al-Tawheed,"P979+FW4, Kathmandu 44600, नेपाल",27.7136263,85.3698298,4.0,Kathmandu 44600,", mosque"
,The Nepal Aquarium House,"Road, काठमाडौँ 44600, नेपाल",27.70455,85.3419399,4.5,काठमाडौँ 44600,", aquarium"
,टुँडाल देवी मन्दिर,"काठमाडौँ 44600, नेपाल",27.7267004,85.3352446,4.4,नेपाल,", hindu_temple"
,"Dadeldhura, Aalital","4G4F+39X, आलिताल 10300, नेपाल",29.1052411,80.5234906,4.8,आलिताल 10300,", monument"
,Dhital khatry,"P6Q9+35, छत्रे देउराली 45100, नेपाल",27.7376744,85.2179707,5.0,छत्रे देउराली 45100,", historic_site"
,Actual Adventure Nepal Trekking,"केशर महल, Tridevi Marga, काठमाडौँ 44600, नेपाल",27.7146597,85.3139475,4.9,Tridevi Marga,", trek"
,Saiter dil,"J9J3+29P, गोदावरी 44700, नेपाल",27.6300918,85.353445,5.0,गोदावरी 44700,", hike"
,Changathali prvesh dwar (narkate chowk),"Changathali Rd, महालक्ष्मी, नेपाल",27.647438,85.3663914,3.3,महालक्ष्मी,", tourist_attraction"
,भालेश्वर महादेव मन्दिर,"M684+95W, Chitlang Thankot, 44600, नेपाल",27.6659818,85.2054394,4.6,Chitlang Thankot,", hindu_temple"
,देउराली डाँडा,"WXPQ+GH, धुवाकोट 45100, नेपाल",27.9363666,84.9889157,4.5,धुवाकोट 45100,", tourist_attraction"
,Dewal (Ancient history ),"8JHV+5XJ, 10300, नेपाल",29.3279627,80.6449039,0.0,10300,", museum"
,गाढानीलो,"अमर चित्रकर मार्ग, काठमाडौँ 44600, नेपाल",27.7131615,85.2943528,4.5,काठमाडौँ 44600,", aquarium"
,नवदुर्गा द्यः छेँ,"भक्तपुर 44800, नेपाल",27.6751674,85.4357767,4.7,नेपाल,", hindu_temple"
,नवदुर्गा,"नवदुर्गा, नेपाल",29.3158931,80.7558248,,नेपाल,", monument"
,नवदुर्गा गाविस,"नवदुर्गा गाविस 10300, नेपाल",29.33,80.7,,नेपाल,", monument"
,sahid bhim datta pant statue,"8H5R+GC7, अमरगढी 10300, नेपाल",29.3087981,80.5910567,0.0,अमरगढी 10300,", monument"
,Dapcha Bazaar,"Shree krishna mandir, काशीखण्ड 45200, नेपाल",27.5531117,85.6076882,4.5,काशीखण्ड 45200,", historic_site"
,Thulopadero kandanidada,"625X+5HJ Rakhi dada, लेखनाथ 33700, नेपाल",28.2079555,84.0488793,0.0,लेखनाथ 33700,", historic_site"
,Nava durga mandir gaheta,"XPM5+6JG, थुमपोखरा 33801, नेपाल",27.983113,83.7090323,0.0,थुमपोखरा 33801,", historic_site"
,Panchadeval Picnic Spot,"H9XP+MCJ, गोदावरी 44709, नेपाल",27.5992024,85.3860305,3.8,गोदावरी 44709,", picnic"
,Deurali,"M63H+W95, Matatirtha-Macchegaun Road, चन्द्रागिरी 44600, नेपाल",27.6547527,85.2284866,0.0,Matatirtha-Macchegaun Road,", hike"
,Chaumala Valkaa (Natural Running Water),"QPCM+6PH, Dhabai 10900, नेपाल",28.7705562,80.7343576,0.0,Dhabai 10900,", amusement_park"
,Ajayameru Dadeldhura,"9JH2+X2R, अजयमेरु 10300, नेपाल",29.38,80.6,5.0,अजयमेरु 10300,", church"
,अजयमेरु,"अजयमेरु 10300, नेपाल",29.38,80.6,,नेपाल,", tourist_attraction"
,गन्यापधुरा गाउँपलिका,"10300, नेपाल",29.279153,80.6761211,4.1,नेपाल,", tourist_attraction"
,लाटा गन्याप मन्दिर गन्यापधुरा गाउँपालिका Lataganyap Temple Ganyapdhura RM,"Ganyapdhura Rural Municipality-2, गन्यापधुरा गाउँपालिका-२, नेपाल",29.2792233,80.6759603,5.0,गन्यापधुरा गाउँपालिका-२,", hindu_temple"
,Nature,"5JH5+22, घण्टेश्वर 10800, नेपाल",29.1773041,80.6074888,3.5,घण्टेश्वर 10800,", trek"
,Hotel Parkinn Dailekh,"RPW7+CQ4, नारायण नगरपालिका 21600, नेपाल",28.8459787,81.7144758,4.6,नारायण नगरपालिका 21600,", park"
,Full Gospel Church,"RPX8+5H6, नारायण नगरपालिका 21600, नेपाल",28.8475276,81.7177931,5.0,नारायण नगरपालिका 21600,", church"
,"Dailekh Fort ,दैलेख गढी","RPR5+6WQ, नारायण नगरपालिका 21600, नेपाल",28.8374475,81.7082737,3.7,नारायण नगरपालिका 21600,", tourist_attraction"
,MADINA MASJID MODARASA QADRIA KURA BHAIRABI GAONPALIKA (3) Badalamji DADIMADI District. DAILEKH KARNALI Province (6) NEPAL,"WJ3J+H4Q gaupalika, दुल्लु 21600, नेपाल",28.9039513,81.6302777,5.0,दुल्लु 21600,", mosque"
,दैलेख Dailekh Heart of Nepal,"WQP5+GPR, भवानी 21600, नेपाल",28.9363514,81.7592709,3.7,भवानी 21600,", museum"
,कला नेपाल,"सगरमाथा बजार, पर्यटन मार्ग, काठमाडौँ 44600, नेपाल",27.7150598,85.3108008,4.9,पर्यटन मार्ग,", art_gallery"
,बेलासपुर मन्दिर दैलेख,"Mandir, Belaspur Mandir, नारायण नगरपालिका 21600, नेपाल",28.8579794,81.7276393,4.1,Belaspur Mandir,", hindu_temple"
,"पञ्चदेवल,दैलेख","VP6F+P8F, नारायण नगरपालिका 21600, नेपाल",28.8618225,81.7233061,4.5,नारायण नगरपालिका 21600,", monument"
,"Lohare, Dailekh","RP7Q+F9, बिन्ध्याबासिनी 21600, नेपाल",28.8137297,81.738476,0.0,बिन्ध्याबासिनी 21600,", hike"
,Baleshwor Park,"VJH5+6GX, दुल्लु 21600, नेपाल",28.8781139,81.608872,5.0,दुल्लु 21600,", park"
,GKII Jemaat Oelbima,"RT 12 RW 06 Dusun 3 Desa, दुल्लु, नेपाल",28.8527045,81.5815776,5.0,दुल्लु,", church"
,तल्लो डुङ्गेश्वर,"QHHJ+VGV, 21600, नेपाल",28.779734,81.5812969,4.1,21600,", tourist_attraction"
,Malika Temple,"RJ3R+36, दुल्लु 21600, नेपाल",28.8027249,81.6405817,5.0,दुल्लु 21600,", hindu_temple"
,"माथिल्लो डुङ्गेश्वर बजार, दैलेख","Duneshwor khola bridge, दैलेख सडक, 21600, नेपाल",28.7600161,81.6629383,3.9,दैलेख सडक,", monument"
,दैलेख,"दैलेख, नेपाल",28.9261863,81.647344,,नेपाल,", historic_site"
,दुल्लु,"दुल्लु, नेपाल",28.8527045,81.5815776,,नेपाल,", historic_site"
,"दुल्लु नगरपालिकाको कार्यालय, दुल्लू दैलेख","VJ53+37P, दुल्लु 21600, नेपाल",28.857701,81.6032113,3.1,दुल्लु 21600,", historic_site"
,धुलेश्वर मन्दिर,"VJQ8+VF4, दुल्लु 21600, नेपाल",28.8896445,81.6161883,4.5,दुल्लु 21600,", historic_site"
,Deuti than,"VJCX+V8, रावतकोट 21600, नेपाल",28.8721522,81.6483716,5.0,रावतकोट 21600,", historic_site"
,मुसेटाकुराको डाडो,"VJ57+JJ5, दुल्लु 21600, नेपाल",28.8590196,81.6140992,0.0,दुल्लु 21600,", trek"
,ओखलढुङ्गा,"VJ6C+44P, दुल्लु 21600, नेपाल",28.8603324,81.6203348,0.0,दुल्लु 21600,", hike"
,Galchuka dada nimayal,"2F82+Q9X, सिगौदी 21600, नेपाल",29.0164483,81.4514234,4.2,सिगौदी 21600,", park"
,Dream Church,"Hattiban Marg, ललितपुर 44600, नेपाल",27.6477056,85.3317494,5.0,ललितपुर 44600,", church"
,"Jaljale Bazar, Dailekh","VM8G+48Q, नारायण नगरपालिका 21600, नेपाल",28.8653476,81.6758682,4.0,नारायण नगरपालिका 21600,", tourist_attraction"
,Adhikari temple,"2G82+F3C, तीलेपाटा 21600, नेपाल",29.0161829,81.5001847,3.5,तीलेपाटा 21600,", hindu_temple"
,Aathbis municipality 9 dailekh,"2GXM+X8W, सिंहासैन गा.वि.स. 21600, नेपाल",29.05,81.533333,0.0,सिंहासैन गा.वि.स. 21600,", picnic"
,Dharampur 8 lalu kalikot,"4HW3+2GM, लालु 21300, नेपाल",29.1450772,81.5538046,0.0,लालु 21300,", hike"
,Dhuleshwor Park,"VJR9+29, दुल्लु 21600, नेपाल",28.8900137,81.6184331,0.0,दुल्लु 21600,", park"
,Bhairabi Rural Municipality Office,"WJFF+WW5, Dailekh, Bhairabi Rural Municipality, दुल्लु, नेपाल",28.924773,81.6248281,3.3,Dailekh,", picnic"
,Nermal Arts Dailekh,"RPP5+G9Q, नारायण नगरपालिका 21600, नेपाल",28.8363541,81.7084702,0.0,नारायण नगरपालिका 21600,", art_gallery"
,"महाबु धाम,दैलेख-कालिकोट","2Q63+QG5, बालुवाटार 21600, नेपाल",29.0118939,81.7538439,4.8,बालुवाटार 21600,", hindu_temple"
,महावु,"महावु, नेपाल",28.9138754,81.6630831,,नेपाल,", trek"
,"Mahabu Bhanjyang,Dailekh-Kalikot Border","2Q63+QG5, बालुवाटार 21600, नेपाल",29.0125458,81.7526599,0.0,बालुवाटार 21600,", trek"
,रानीमत्ता भ्यू टावर,"दैलेख सडक, 21700, नेपाल",28.6851929,81.6352827,4.6,21700,", park"
,घण्टाघर बाल उद्यान,"HJWC+W57, Unnamed Road, वीरेन्द्रनगर 21700, नेपाल",28.5972769,81.6204233,4.2,Unnamed Road,", amusement_park"
,Jame Masjid Sakhada,"Sakhada Muslim Toll, Unnamed Road, 56400, नेपाल",26.4519877,86.7362092,4.9,Unnamed Road,", mosque"
,गहरा (थामडाडा),"MM5C+QH, वीरेन्द्रनगर 21700, नेपाल",28.6592452,81.6710661,0.0,वीरेन्द्रनगर 21700,", museum"
,शिवालय मन्दिर,"PJ5P+WV5 गुराँस ५, 21600, नेपाल",28.7097684,81.637235,0.0,21600,", hindu_temple"
,गुराँसे बजार,"दैलेख सडक, 21600, नेपाल",28.6936346,81.6287613,4.1,21600,", monument"
,गुराँस,"गुराँस, नेपाल",28.7097684,81.637235,,नेपाल,", historic_site"
,जर्बुटा डाँडा,"JJFW+G92, वीरेन्द्रनगर 21700, नेपाल",28.6237704,81.6458798,4.6,वीरेन्द्रनगर 21700,", trek"
,Daha ghau,"QMC4+X42, दुल्लु 21600, नेपाल",28.7723754,81.6552558,5.0,दुल्लु 21600,", hike"
,ठाँटीकाँध,"ठाँटीकाँध, नेपाल",28.9814917,81.5281271,,नेपाल,", park"
,Jaitun Jivan Jyoti A.G Church,"RMP Dailekh, नौमुले 21600, नेपाल",28.9083109,81.8278694,0.0,नौमुले 21600,", church"
,Aqurium Shop,"HJV8+VGQ, वीरेन्द्रनगर 21700, नेपाल",28.594712,81.6163504,0.0,वीरेन्द्रनगर 21700,", aquarium"
,Bheri Nice Aquarium Shop,"HJV8+W66, Hatiya Rd, वीरेन्द्रनगर 21700, नेपाल",28.5948192,81.6155131,0.0,Hatiya Rd,", aquarium"
,Malika mandir Dailekh,"XFWM+667, 21600, नेपाल",28.9955328,81.4830496,5.0,21600,", hindu_temple"
,भेरी खोला,"QRR8+4PX, 21600, नेपाल",28.7903709,81.8168714,0.0,21600,", park"
,भगवतीमाई,"भगवतीमाई, नेपाल",28.7885109,81.8509499,,नेपाल,", tourist_attraction"
,Bhagawatimai Temple,"RV25+MG3, 21600, नेपाल",28.801638,81.858798,4.0,21600,", hindu_temple"
,Khumai dada खुमै डाँडा,"Great Machhapuchchhre Trail GMT, माछापुच्छ्रे 33700, नेपाल",28.390568,83.9348234,4.7,माछापुच्छ्रे 33700,", trek"
,दंगाली चोक,"PPW2+GM, डाँडा पराजुल 21600, नेपाल",28.746273,81.701702,2.0,डाँडा पराजुल 21600,", park"
,"Upper Dungeswor,Dailekh","दैलेख सडक, 21600, नेपाल",28.7609063,81.6631526,4.0,21600,", mosque"
,Kalika temple,"WR5H+85R, नौमुले 21600, नेपाल",28.908374,81.8279011,0.0,नौमुले 21600,", park"
,नौमुले,"नौमुले 21600, नेपाल",28.908374,81.8279011,,नेपाल,", park"
,नौमुले,"नौमुले, 21600, नेपाल",28.9083109,81.8278694,,21600,", park"
,Mulkhola,"WR5H+85R, नौमुले 21600, नेपाल",28.908374,81.8279011,0.0,नौमुले 21600,", park"
,महादेभ,"RR25+RV7, 21600, नेपाल",28.8020284,81.8096796,0.0,21600,", park"
,नाभिस्थान दैलेख,"RMW8+RCH, नारायण नगरपालिका 21600, नेपाल",28.8470539,81.6661104,4.4,नारायण नगरपालिका 21600,", monument"
,पिपल रुख,"WJ29+8FH, Unnamed Road, दुल्लु 21600, नेपाल",28.9008017,81.6187328,4.5,Unnamed Road,", park"
,चामुण्डा विन्द्रासैनी,"चामुण्डा विन्द्रासैनी, नेपाल",28.9195792,81.5321393,,नेपाल,", church"
,कालिका मन्दिर भैरी,"WJCG+5C6 warda no. 4, 21600, नेपाल",28.9204246,81.62601,5.0,21600,", hindu_temple"
,Chamundabindrasaini Municipality,"WGFR+XG9, ल्याटी बिन्द्रासेनी 21600, नेपाल",28.9248837,81.5413361,3.5,ल्याटी बिन्द्रासेनी 21600,", monument"
,चामुण्डा,"चामुण्डा 21600, नेपाल",28.96,81.58,,नेपाल,", monument"
,Chamunda bindrasaini municipality padampur Jambukandh,"WHH5+VCG, जम्बुकांध 21600, नेपाल",28.9296824,81.5585689,4.0,जम्बुकांध 21600,", picnic"
,Chamunda bindrasaini municipality 1 Dailekh,"XHHW+FX6, 21600, नेपाल",28.9786785,81.5973609,0.0,21600,", picnic"
,Gothikada,"JHMM+JX9, गडि वयलकाँडा 21700, नेपाल",28.634212,81.5843322,4.0,गडि वयलकाँडा 21700,", picnic"
,राप्ती शान्ति उद्यान,"48W9+Q35, Unnamed Road, तुलसीपुर 22412, नेपाल",28.1468925,82.3177289,4.3,Unnamed Road,", park"
,Fun park,"47JX+56M, तुलसीपुर 22412, नेपाल",28.1304503,82.2980335,3.0,तुलसीपुर 22412,", amusement_park"
,Tulsipur Holy Light Church,"Shree Nagar Tole, Beluwa Dang 1, तुलसीपुर 22412, नेपाल",28.139335,82.29307,5.0,Beluwa Dang 1,", church"
,AzaKhanaZahra a.s Tulsipur,"583F+Q9Q, तुलसीपुर 22412, नेपाल",28.154453,82.3234843,0.0,तुलसीपुर 22412,", mosque"
,Mosque,"583F+Q9Q, तुलसीपुर 22412, नेपाल",28.154453,82.3234843,0.0,तुलसीपुर 22412,", mosque"
,Kailash Aquarium House Tulsipur Dang,"48J2+WW9, तुलसीपुर 22412, नेपाल",28.1322898,82.3023598,5.0,तुलसीपुर 22412,", aquarium"
,"Barahi Temple, Paddha Dang Rapti","37QC+FMG, तुलसीपुर 22412, नेपाल",28.0886875,82.271742,3.7,तुलसीपुर 22412,", hindu_temple"
,बिरेन्द्र चोक तुलसिपुर,"47MX+86G, F015, तुलसीपुर 22412, नेपाल",28.1333236,82.2980804,4.3,F015,", monument"
,Dang tulsipur,"तुलसीपुर 22412, नेपाल",28.1284746,82.3068771,4.3,नेपाल,", trek"
,श्रीकृष्ण चोक,"47MH+RXC, तुलसीपुर 22412, नेपाल",28.1344658,82.2802615,5.0,तुलसीपुर 22412,", hike"
,गिठेपानी सिंचाइ ड्याम,"3F6W+QRP, घोराही 22400, नेपाल",28.0619555,82.4970782,4.3,घोराही 22400,", amusement_park"
,Dhundi Dream Park Pvt. Ltd.,"2F3X+V4V, घोराही 17, नेपाल",28.0047278,82.4978159,4.7,घोराही 17,", museum"
,"अम्बिकेश्वरी मन्दिर, दाङ","अम्बिकेश्वरी मन्दिर, Ambapur Rd, घोराही 22400, नेपाल",28.0427428,82.5008713,4.5,Ambapur Rd,", hindu_temple"
,Lamahi Biodiversity Park,"VGG9+28M, महेन्द्र राजमार्ग, लमही 22414, नेपाल",27.875093,82.5182827,4.0,महेन्द्र राजमार्ग,", park"
,Prashansa Church प्रशंसा मण्डली,"VGFF+4PW, लमही 22414, नेपाल",27.8728487,82.5243167,5.0,लमही 22414,", church"
,Lamahi View Tower,"लमही 22414, नेपाल",27.8775677,82.521316,4.2,नेपाल,", tourist_attraction"
,Madarsa Nurul Islam,"VG9F+RMP, Lamahi - Koilabas Rd, लमही 22414, नेपाल",27.8695991,82.524258,4.3,Lamahi - Koilabas Rd,", mosque"
,Daya Shankar house,"RHVR+CHF, लमही, नेपाल",27.8433092,82.5919162,0.0,लमही,", museum"
,Lamahi temple,"VGFC+GRF, लमही 22414, नेपाल",27.8738122,82.5220485,0.0,लमही 22414,", hindu_temple"
,Lamahi hill viewpoint,"VGRC+FW, लमही 22414, नेपाल",27.8911529,82.5223204,5.0,लमही 22414,", trek"
,Lamahi Dang- लमहि दाङ,"VG5F+96X, लमही 22414, नेपाल",27.8584778,82.5230978,4.2,लमही 22414,", picnic"
,Balidan AG church Atthaise dang,"XHG9+475, घोराही-रामपुर सडक, रामपुर 22400, नेपाल",27.9760924,82.5682859,4.0,घोराही-रामपुर सडक,", church"
,Banglachuli View Tower,"2P2C+W2, मर्कावाङ 22300, नेपाल",28.0023534,82.7201151,4.0,मर्कावाङ 22300,", tourist_attraction"
,बंगलाचुली,"बंगलाचुली, नेपाल",28.0051202,82.6801838,,नेपाल,", historic_site"
,Camping,"2GV9+M39, घोराही 22400, नेपाल",28.0441607,82.5177386,0.0,घोराही 22400,", hike"
,श्रीगाउँ सामुदायिक बन रच्पल दाङ,"45QV+M69, श्रीगाउँ 22412, नेपाल",28.1391681,82.1931202,0.0,श्रीगाउँ 22412,", park"
,Karuna AG Church,"36MM+2JV, तुलसीपुर 22412, नेपाल",28.0826239,82.2340474,4.9,तुलसीपुर 22412,", church"
,Subhani Jama Masjid,"2FRR+C5W, घोराही 22400, नेपाल",28.0411413,82.4909997,4.5,घोराही 22400,", mosque"
,Subhani Jama Masjid,"2FWW+F6X, घोराही 22400, नेपाल",28.0462394,82.4956269,0.0,घोराही 22400,", mosque"
,धारपानी मन्दिर Dharapani Temple ( World’s Tallest Trishul),"XCCW+G67, धरना 22400, नेपाल",27.9712844,82.4455025,4.6,धरना 22400,", monument"
,Dangisharan Cultural Homestay दंगिशरण सांस्कृतिक होमस्टे,"Paschim galli, near Ratri Aadharbhut School Dangisharan-4, Baibang 22409, नेपाल",28.0832191,82.1954185,4.9,near Ratri Aadharbhut School Dangisharan-4,", historic_site"
,Shangri-la Nepal Trek P. Ltd,"10, Kapan, Panchakanya Chowk Bhudanilkantha, काठमाडौँ 44600, नेपाल",27.7335773,85.353388,3.9,Kapan,", trek"
,Raniban park and picnic spot,"4669+74, हेकुली 22412, नेपाल",28.1107423,82.2178119,5.0,हेकुली 22412,", picnic"
,Namaste Deukhuri Park,"QGPR+HVQ, गढवा, नेपाल",27.7864745,82.5422369,5.0,गढवा,", park"
,Salvation Church,"RG8W+8C, गढवा 22414, नेपाल",27.8158498,82.5460608,5.0,गढवा 22414,", church"
,गढवा,"गढवा, नेपाल",27.7582627,82.5294065,,नेपाल,", tourist_attraction"
,कोटाही माता मंदिर गढ़वा नेपाल,"RG7R+4RR, गढवा 22414, नेपाल",27.8128628,82.5420293,4.5,गढवा 22414,", hindu_temple"
,Kandara Mandir,"QGX7+RR5, गढवा 22414, नेपाल",27.7995225,82.5146027,5.0,गढवा 22414,", monument"
,घ्याम्पे डाँडा,"JCRC+FGW, Ghyampe Danda Sadak, अनन्तलिङ्गेश्वर 44800, नेपाल",27.6412309,85.4213408,4.2,Ghyampe Danda Sadak,", picnic"
,Koilabas sky cycling,"MGWG+F87, कोइलाबास 22400, नेपाल",27.6961567,82.5258023,4.3,कोइलाबास 22400,", hike"
,Mukti church,"V6CP+4J5 Raptisonari 2, राजपुर 22400, नेपाल",27.8702739,82.2365981,0.0,राजपुर 22400,", church"
,Dangdunge,"PXR5+3M4, पिस्कर 45302, नेपाल",27.7401345,85.9591941,5.0,पिस्कर 45302,", tourist_attraction"
,Shiva Temple Bhauwa Naka -Dang,"W3JH+MQ7, राजपुर, नेपाल",27.9316613,82.0794117,4.5,राजपुर,", hindu_temple"
,राजपुर,"राजपुर, नेपाल",27.8702739,82.2365981,,नेपाल,", historic_site"
,Randonnée Népal Treks (P) Ltd.,"Paiyutar, Kapan, Post Box: 11503, काठमाडौँ 44600, नेपाल",27.7410152,85.3749867,4.1,Kapan,", trek"
,dang sisahaniya,"VM55+9MJ, सिसहनिया 22400, नेपाल",27.8584714,82.6591465,5.0,सिसहनिया 22400,", park"
,Narti Gospal Church,"VJ72+GJ8, लमही 22400, नेपाल",27.8637591,82.6015687,3.0,लमही 22400,", church"
,Rapti River Dang,"लालमटिया 22404, नेपाल",27.8389445,82.7624238,3.0,नेपाल,", tourist_attraction"
,Darul huda madarsa,"RQR9+HM3, लालमटिया 22404, नेपाल",27.8413883,82.7691766,5.0,लालमटिया 22404,", mosque"
,"बगरापुर थारु संग्रालय देउखुरी, दाङ","RJGP+52M, सिसहनिया 22400, नेपाल",27.8259533,82.6345828,3.3,सिसहनिया 22400,", museum"
,Hanseshor Mahadev Temple,"RJ6G+QR7, गोबरडिहा 22400, नेपाल",27.8119115,82.6270551,4.5,गोबरडिहा 22400,", hindu_temple"
,गणतन्त्र स्मारक,"P88F+6PF, नारायणहिटी पथ, काठमाडौँ 44600, नेपाल",27.715573,85.324286,4.1,नारायणहिटी पथ,", monument"
,Ghoskhola daha,"Rapti 9, नेपाल",27.9071695,82.7560025,4.8,नेपाल,", trek"
,Kulpani Park,"RP46+Q5, गोबरडिहा 22400, नेपाल",27.8069343,82.7103862,4.3,गोबरडिहा 22400,", picnic"
,ओम शान्ति पार्क,"M8HM+H6G, काठमाडौँ 44600, नेपाल",27.6789342,85.3330794,4.2,काठमाडौँ 44600,", park"
,तीनपाने चोक,"45CP+HX, श्रीगाउँ 22412, नेपाल",28.1214813,82.1874222,0.0,श्रीगाउँ 22412,", amusement_park"
,Glory A.G. church,"56GF+223, शान्तिनगर 3, नेपाल",28.1750139,82.2225381,0.0,शान्तिनगर 3,", church"
,Sangam Tole,"PHWX+H59, महादेवस्थान मन्डन, नेपाल",27.7464047,85.5979911,5.0,महादेवस्थान मन्डन,", tourist_attraction"
,Shanti Dham,"Q8Q4+FRX, तारकेश्वर 44600, नेपाल",27.792629,85.3082626,4.3,तारकेश्वर 44600,", hindu_temple"
,शान्तिनगर,"शान्तिनगर, नेपाल",28.1838151,82.2257298,,नेपाल,", historic_site"
,Siddhikali Picnic Spot,"M9JM+4HV, मध्यपुर ठिमी 44600, नेपाल",27.6803651,85.3839287,4.5,मध्यपुर ठिमी 44600,", picnic"
,Dangdunge view point,"JFQ4+5V, सुर्यविनायक, नेपाल",27.6379729,85.4572117,5.0,सुर्यविनायक,", hike"
,पुरनधारा छहरा,"53P6+8M8, पुरनधारा 22400, नेपाल",28.1857891,82.0617065,4.5,पुरनधारा 22400,", park"
,Bijay A.G church hapure,"54WM+724, पुरनधारा 22400, नेपाल",28.1955095,82.1332974,5.0,पुरनधारा 22400,", church"
,Babai view point tower,"8PX7+PC, बाँसगढी 21800, नेपाल",28.3492995,81.7136247,3.0,बाँसगढी 21800,", tourist_attraction"
,Mahalbari Mosque(मस्जिद),"FVCM+5HJ, कुडिया 33007, नेपाल",27.4704696,83.8838968,4.5,कुडिया 33007,", mosque"
,Temple,"9P46+JXF, बाँसगढी 21800, नेपाल",28.3565557,81.7124108,4.9,बाँसगढी 21800,", hindu_temple"
,"Babai-7 Dholpur,Dang","44F4+H73, पञ्चकुले 22400, नेपाल",28.1238916,82.1056579,3.0,पञ्चकुले 22400,", monument"
,Batashe Dada,"P7H4+F46, नागार्जुन 44600, नेपाल",27.7290951,85.2544025,4.3,नागार्जुन 44600,", hike"
,मञ्जुश्री पार्क,"कीर्तिपुर 44600, नेपाल",27.6604717,85.29303,4.1,नेपाल,", park"
,Church,"M6VG+2G7, काठमाडौँ 44600, नेपाल",27.692549,85.2262937,0.0,काठमाडौँ 44600,", church"
,A.G Stuti Church,"RGRR+RW6, Darchula - Tinkar Rd, मोह्ती 10100, नेपाल",29.8420529,80.5422617,3.3,Darchula - Tinkar Rd,", church"
,Lalita khadayat,"PG9P+77V ward no.1 Baril darchula, 10100, नेपाल",29.7182327,80.5356808,2.0,10100,", tourist_attraction"
,दर्लम महाकाली मन्दिर,"तानसेन-राम्दी सडक, दर्लमडाँडा 32500, नेपाल",27.8920667,83.6068208,4.3,दर्लमडाँडा 32500,", monument"
,Nepal Mountain Trekkers,"Pyramid Galli, काठमाडौँ 44600, नेपाल",27.7127498,85.3096466,5.0,काठमाडौँ 44600,", trek"
,The Great Wall of Nepal,"काठमाडौँ 44600, नेपाल",29.8019964,80.8501306,4.5,नेपाल,", hike"
,Sirad kapsyoda,"QF54+FCJ, 10100, नेपाल",29.7587115,80.4560016,5.0,10100,", park"
,Shailyashikhar Municipality,"MG9X+W5G, Darchula Road, गोकुलेश्वर 10100, नेपाल",29.6697157,80.5479814,4.0,Darchula Road,", church"
,Shree Shailya Shikhar Malikarjun Temple,"10100, नेपाल",29.7347144,80.4857803,4.6,नेपाल,", mosque"
,महानन्द जोशी,"MC8Q+PG, बुढाकोट 10100, नेपाल",29.6661416,80.4394012,0.0,बुढाकोट 10100,", museum"
,शैल्यशिखर,"शैल्यशिखर, नेपाल",29.7182327,80.5356808,,नेपाल,", art_gallery"
,तङ्ले भेल,"Darchula Rd, हुती 10100, नेपाल",29.9010996,80.5793745,0.0,हुती 10100,", historic_site"
,Picnic area,"salya shikar 6, panebaj 10100, नेपाल",29.7179048,80.4931472,0.0,panebaj 10100,", picnic"
,मालिकार्जुन,"मालिकार्जुन 10100, नेपाल",29.75,80.49,,नेपाल,", park"
,chamlliya river muhan,"Darchula Apihimal 1,Nepal, 10100, नेपाल",29.8328857,80.5379297,4.0,Nepal,", hike"
,"Api Base Camp(South),Darchula","RM 1, ब्याश 10100, नेपाल",29.9694341,80.9381723,4.9,ब्याश 10100,", park"
,Kapil Himal (कपिल हिमाल),"Darchula Apihimal 3, 10100, नेपाल",29.8090756,80.8746848,0.0,10100,", church"
,अपिहिमाल,"अपिहिमाल, नेपाल",29.8154457,80.8478196,,नेपाल,", mosque"
,अपि नाम्पा संरक्षण क्षेत्र,"10100, नेपाल",29.9363466,80.8986502,4.1,नेपाल,", mosque"
,App Aquarium House,"P996+RHX, बौद्ध सडक, काठमाडौँ 44600, नेपाल",27.7196178,85.3615054,3.6,बौद्ध सडक,", aquarium"
,आध्यात्मिक कला,"Thaina-6, ललितपुर 44700, नेपाल",27.6695101,85.3262453,4.9,ललितपुर 44700,", art_gallery"
,surma bhawani mandir,"QXQW+GF2, कान्दा 10100, नेपाल",29.7887502,80.9961315,5.0,कान्दा 10100,", hindu_temple"
,डाइभर सिटी पार्क सुण्डमुण्ड,"QJXM+9J, अपी 10100, नेपाल",29.7984354,80.6340875,4.2,अपी 10100,", park"
,Naugad RM Office Darchula,"QM86+HQX, Darchula Na, सिप्टी, नेपाल",29.7664965,80.6619874,2.0,Darchula Na,", mosque"
,"BADAL MALL, Hikila, Darchula","WJ35+VC7, हिकीला 10100, नेपाल",29.9046746,80.6086187,3.4,हिकीला 10100,", museum"
,लटिनाथ माण्डौं,"QJMQ+QH6, 10100, नेपाल",29.784424,80.6388974,4.5,10100,", hindu_temple"
,नौगाड,"नौगाड, 10100, नेपाल",29.7423577,80.694958,,10100,", historic_site"
,दैलाड Dailaad,"RJ5M+M46, 10100, नेपाल",29.8091518,80.6327716,5.0,10100,", trek"
,Tusha Hiti,"सुन्दरी चोक, ललितपुर 44700, नेपाल",27.6726924,85.3251143,4.8,ललितपुर 44700,", monument"
,दुहुँ,"दुहुँ, 10100, नेपाल",29.9083635,80.6072663,,10100,", trek"
,Chuchche Dhunga Picnic Spot,"kali temple, धुलिखेल 45200, नेपाल",27.6104166,85.5690068,4.4,धुलिखेल 45200,", picnic"
,बालाजु उद्यान,"P8M2+GFM, त्रिशुली राजमार्ग, काठमाडौँ 44600, नेपाल",27.7338465,85.3011804,4.1,त्रिशुली राजमार्ग,", park"
,Kul dewata darchula marma,"PRPV+4G6, 10100, नेपाल",29.7352815,80.8437803,0.0,10100,", hindu_temple"
,View point park,"H14, सीटाड 10200, नेपाल",29.618635,80.4763358,5.0,सीटाड 10200,", park"
,लेकम,"लेकम, नेपाल",29.6447995,80.4270627,,नेपाल,", tourist_attraction"
,Deuchula देउचुला local name,"RRMX+F68, अपी 10100, नेपाल",29.8336706,80.8480648,5.0,अपी 10100,", tourist_attraction"
,Dolkar Thanka Arts,"JGJM+5V5, धुलिखेल 45210, नेपाल",27.6303896,85.5347578,5.0,धुलिखेल 45210,", art_gallery"
,Bankada Chormai,"JF3M+PWV, न्वाली 10200, नेपाल",29.6043594,80.4847814,5.0,न्वाली 10200,", hike"
,Dulal Gaun Namuna Pratikshyalaya,"RHP3+583, मेलम्ची, नेपाल",27.8353981,85.5532975,0.0,मेलम्ची,", tourist_attraction"
,Devisthan,"MJC5+F9X, पाँचखाल 45212, नेपाल",27.6712339,85.6084986,4.5,पाँचखाल 45212,", hindu_temple"
,Valentine Hill,"पनौती 45200, नेपाल",27.6234225,85.4801181,4.2,नेपाल,", picnic"
,तारेभीर,"Q9JQ+5FP, गोकर्णेश्वर 44600, नेपाल",27.7804722,85.3887086,4.4,गोकर्णेश्वर 44600,", hike"
,Dhunibeshi,"P57J+927, नौबिसे 45100, नेपाल",27.71367,85.179889,4.1,नौबिसे 45100,", park"
,BCM Milestone Church,"P5FG+V5J, नौबिसे 45100, नेपाल",27.7247262,85.1753292,5.0,नौबिसे 45100,", church"
,Anikesh Gorkhali dada,"Dhading Besi Rajmarga 4, निलकण्ठ 45100, नेपाल",27.8871306,84.9146211,3.0,निलकण्ठ 45100,", tourist_attraction"
,Madarsha Faizur Rasool ﷺ,"M6W8+8V2, पृथ्वी राजमार्ग, चन्द्रागिरी 44600, नेपाल",27.6958214,85.2170229,0.0,पृथ्वी राजमार्ग,", mosque"
,Kalu Pandey Museum,"P69F+33V, चन्द्रागिरी 44600, नेपाल",27.7177652,85.2225815,4.3,चन्द्रागिरी 44600,", museum"
,Naubise dhading,"P5C7+34G Regmi madhu niwas, नौबिसे 45100, नेपाल",27.7210279,85.1630481,0.0,नौबिसे 45100,", hindu_temple"
,कालु पाण्डे समाधि (दहचोक),"P69F+33V, चन्द्रागिरी 44600, नेपाल",27.7177347,85.2226746,4.4,चन्द्रागिरी 44600,", monument"
,धुनीबेंशी,"धुनीबेंशी, नेपाल",27.7175167,85.1624741,,नेपाल,", historic_site"
,स्विजरल्याण्ड पार्क,"P68M+2P6, चन्द्रागिरी 44619, नेपाल",27.7150462,85.2342752,3.9,चन्द्रागिरी 44619,", picnic"
,"Gurdum, Dhunibeshi Municipality Ward No 7","M4WG+H7, नौबिसे 45100, नेपाल",27.6964423,85.1257204,5.0,नौबिसे 45100,", hike"
,nilkantha shahid park,"WV9J+Q95, Pasupati - Simle - Palpa Sadak, निलकण्ठ 45100, नेपाल",27.919385,84.8809984,3.8,Pasupati - Simle - Palpa Sadak,", park"
,विदेशी जल राज्य,"RW43+FVH, Prithivi Rajmarga, पिडा 45112, नेपाल",27.8061991,84.9047438,3.7,Prithivi Rajmarga,", amusement_park"
,Bijay Church Dhading,"WWJH+M89, निलकण्ठ 45100, नेपाल",27.9316687,84.9283732,5.0,निलकण्ठ 45100,", church"
,फुर्के खोला धादिंग जाने पुल,"RR2V+QR3 बस बिसौनी, H04, गजुरी, नेपाल",27.801885,84.8445327,3.6,H04,", tourist_attraction"
,Dhading masjid,"WV6R+QWQ, निलकण्ठ 45100, नेपाल",27.9119707,84.8923636,0.0,निलकण्ठ 45100,", mosque"
,Jurethum View Tower,"निलकण्ठ 45100, नेपाल",27.9080398,84.9363566,3.9,नेपाल,", museum"
,Hari Art Sunchandi,"Bus Ticketing Office, Dhading Besi Rajmarga, निलकण्ठ 45100, नेपाल",27.9111768,84.89258,5.0,Dhading Besi Rajmarga,", art_gallery"
,Nerude mirmire LBSL Branch Office pashupatidanda,"WV7M+V4V, निलकण्ठ 45100, नेपाल",27.9147454,84.8828097,4.7,निलकण्ठ 45100,", hindu_temple"
,Statue of Sankhadhar Sakhwa,"WV6V+C3C, Dhading Besi Rajmarga, निलकण्ठ 45100, नेपाल",27.9111379,84.8927626,0.0,Dhading Besi Rajmarga,", monument"
,Simle,"Dhading, Aarughat Road 9, निलकण्ठ 45100, नेपाल",27.9178957,84.8765332,4.9,Aarughat Road 9,", historic_site"
,NepalOCNTravel - Best Homestay in Nepal,"Dhading Distric Neelkhanta-12 dhading bensi dhading Neelkhanta-12, 45100, नेपाल",27.9152069,84.9062508,5.0,45100,", trek"
,Picnic Spot,"VW98+QH, निलकण्ठ 45100, नेपाल",27.8694746,84.9164564,5.0,निलकण्ठ 45100,", picnic"
,Gurung gau,"Dhading pauwa, निलकण्ठ 45100, नेपाल",27.8907768,84.9090959,5.0,निलकण्ठ 45100,", hike"
,Malekhu Adventure Beach Resort,"सलांग 45100, नेपाल",27.8094856,84.8181254,4.0,नेपाल,", park"
,Male Bagar Church,"WV7V+CC2, निलकण्ठ 45100, नेपाल",27.9135375,84.8934162,3.9,निलकण्ठ 45100,", church"
,सिद्धलेक,"सिद्धलेक, नेपाल",27.8434644,84.84567,,नेपाल,", tourist_attraction"
,Amir Khan Jame Masjid,"RQ5F+XV5, घ्याल्चोक 45100, नेपाल",27.8099003,84.7747662,5.0,घ्याल्चोक 45100,", mosque"
,Third Eye Aqua Hub,"RR4P+7G3, पृथ्वी राजमार्ग, गजुरी 45100, नेपाल",27.805633,84.8362906,0.0,पृथ्वी राजमार्ग,", aquarium"
,Shiva Temple,"Dhadingbesi Hwy 5, निलकण्ठ 45100, नेपाल",27.9105895,84.88774,4.5,निलकण्ठ 45100,", hindu_temple"
,The Trisuli Centre( Rural Heritage Accommodations),"Dhading 45100, नेपाल",27.809628,84.773085,4.1,नेपाल,", picnic"
,Anubhab magar,"2XJW+6PX, 45100, नेपाल",28.0306063,84.9968514,4.7,45100,", park"
,"नाल्मो झरना, Nalmo Falls","23X3+G94, 45100, नेपाल",28.0487713,85.0534565,5.0,45100,", amusement_park"
,"Ulang Paticho Mandali, Khaniyabas 2, Jharlang","424F+XF3, झार्लाङ्ग 45100, नेपाल",28.1073681,85.0237024,5.0,झार्लाङ्ग 45100,", church"
,खनियाबास,"खनियाबास, नेपाल",28.0441086,85.0065717,,नेपाल,", tourist_attraction"
,"गोम्बोङ्जोङ, Gombongjong","22X9+H4, सत्यदेवी 45100, नेपाल",28.0489854,85.017788,5.0,सत्यदेवी 45100,", museum"
,कोहिनुर एक्युरियम,"Guna Kamdev Marg, काठमाडौँ 44600, नेपाल",27.6998874,85.3042867,4.1,काठमाडौँ 44600,", aquarium"
,बच्छलादेवी मन्दिर,"2XRW+R8X, 45100, नेपाल",28.0421234,84.995862,5.0,45100,", hindu_temple"
,Guru Rinpoche statue,"227X+M7, किन्तांग 44900, नेपाल",28.0140257,85.0488343,5.0,किन्तांग 44900,", monument"
,Khaniyabus Piknic Area,"22X7+3P, सत्यदेवी 45100, नेपाल",28.0477027,85.0142827,5.0,सत्यदेवी 45100,", picnic"
,याब्रा ब्रा,"3225+9WR, 45100, नेपाल",28.0509969,85.0097555,5.0,45100,", hike"
,गङ्गा जमुना मन्दिर,"3WQ8+353, Baseri 45100, नेपाल",28.0876291,84.9154189,4.6,Baseri 45100,", park"
,सीम‌‍‍‌बर धारा,"3X4W+JG9, 45100, नेपाल",28.0565263,84.996374,5.0,45100,", amusement_park"
,Choke Church,"32V2+MRV, 45100, नेपाल",28.0942005,85.0020268,5.0,45100,", church"
,कुमारी माइ कृषि तथा पशुपन्छी फर्म,"R3J8+Q7, दुइपिपल 44900, नेपाल",27.8318843,85.0656598,0.0,दुइपिपल 44900,", zoo"
,गङ्गाजमुना गाउँपालिका,"3W7C+49M, 45100, नेपाल",28.0628344,84.9209241,4.3,45100,", historic_site"
,Gumba - Ganga Jamuna View Point,"मनबु 45100, नेपाल",28.1053324,84.9062816,5.0,नेपाल,", hike"
,दिप चौतारा,"Dip Dhading, कल्लेरी 45100, नेपाल",27.8301528,85.0105467,0.0,कल्लेरी 45100,", park"
,Jeshurun Baptish chruch thakre 01,"Q227+RR4, भूमिस्थान 45100, नेपाल",27.7520215,85.0145813,5.0,भूमिस्थान 45100,", church"
,गल्छी बगर रेसोर्ट,"R233+6W5, गोगनपानी 45100, नेपाल",27.8030213,85.0048519,3.9,गोगनपानी 45100,", tourist_attraction"
,Lower Chandretar,"V325+74P, रातमाटे 44900, नेपाल",27.8507033,85.0578411,4.0,रातमाटे 44900,", museum"
,महादेव मन्दिर गल्छी,"R222+GRX, गोगनपानी 45100, नेपाल",27.8013673,85.0020995,3.9,गोगनपानी 45100,", hindu_temple"
,गल्छी,"गल्छी, नेपाल",27.7958244,85.0002668,,नेपाल,", historic_site"
,Galchhi Bazaar,"Q2W2+64C, H04, बैरेनी 45100, नेपाल",27.7958244,85.0002668,3.6,H04,", historic_site"
,Bhanjang,"RX6V+3W, कल्लेरी 45100, नेपाल",27.8101875,84.9948125,4.5,कल्लेरी 45100,", hike"
,Dhading thakre,"P4Q2+GFH, थाक्रे 45100, नेपाल",27.7388154,85.1012477,4.2,थाक्रे 45100,", park"
,Stone Tap/ढुङ्गेधारा,"M9XV+JF8, मध्यपुर ठिमी 44600, नेपाल",27.6990371,85.393706,5.0,मध्यपुर ठिमी 44600,", amusement_park"
,थाक्रे गाउँपालिका,"Q328+2P9, पृथ्वी राजमार्ग, थाक्रे 45100, नेपाल",27.7500399,85.0668564,4.9,पृथ्वी राजमार्ग,", church"
,विष्णु कुण्ड,"M9GM+WG3, मध्यपुर थिमि 44600, नेपाल",27.6773034,85.3838113,4.4,मध्यपुर थिमि 44600,", hindu_temple"
,थाक्रे,"थाक्रे 45100, नेपाल",27.7388154,85.1012477,,नेपाल,", historic_site"
,Hamro danda,"M97P+8VJ, अनन्तलिङ्गेश्वर, नेपाल",27.6633489,85.3871554,5.0,अनन्तलिङ्गेश्वर,", hike"
,Hatigauda,"X2F3+97F Dhading, सम्जोंङ 3, नेपाल",27.9734286,85.003177,0.0,सम्जोंङ 3,", park"
,Semjong Church,"XXMW+F66, सम्जोंङ 45100, नेपाल",27.9836654,84.99553,5.0,सम्जोंङ 45100,", church"
,नेत्रावती डबजोङ,"नेत्रावती डबजोङ, नेपाल",27.9565932,84.996119,,नेपाल,", tourist_attraction"
,Tripura Sundari Mai Temple,"Salyankot VDC,Dhading, Nepal, 45100, नेपाल",27.998862,84.8485665,4.3,Dhading,", hindu_temple"
,"Eternal Life Church Jogimara,Dhading","RM3Q+JF5, जोगीमारा 45100, नेपाल",27.8039494,84.6887448,0.0,जोगीमारा 45100,", church"
,बेनीघाट रोराङ्ग,"बेनीघाट रोराङ्ग, नेपाल",27.7817173,84.8132932,,नेपाल,", tourist_attraction"
,बेनिघाट,"बेनिघाट, नेपाल",27.7923415,84.8046446,,नेपाल,", tourist_attraction"
,"बेनीघाट रोराङ गाउँपालिका, विशालटार","RQ59+7M6, बेनिघाट 45100, नेपाल",27.8081848,84.7691634,4.1,बेनिघाट 45100,", tourist_attraction"
,Foot Bridge,"RR6M+3VG, बेनिघाट 45100, नेपाल",27.8101924,84.8347135,0.0,बेनिघाट 45100,", tourist_attraction"
,Mahadevsthan Temple,"QRR3+WVJ, बेनिघाट 45100, नेपाल",27.7923415,84.8046446,5.0,बेनिघाट 45100,", hindu_temple"
,"Chepang Hill Trek, Nepal","जोगीमारा 45100, नेपाल",27.7878384,84.6619053,3.7,नेपाल,", trek"
,थाम भन्ज्याङ पिकनिक मैदान,"PV6H+87J, पिडा 45100, नेपाल",27.7108456,84.8781304,3.0,पिडा 45100,", picnic"
,Gautar jungle,"RP9W+93J, घ्याल्चोक, नेपाल",27.8184506,84.7451455,5.0,घ्याल्चोक,", hike"
,Gajuri Punaruthan Church गजुरी चर्च,"पृथ्वी राजमार्ग, 45112, नेपाल",27.8041131,84.8811854,0.0,45112,", church"
,Dhading Gajuri Rakshing,"QV74+998, गजुरी 45100, नेपाल",27.7634102,84.8559506,5.0,गजुरी 45100,", tourist_attraction"
,मलेखु पुल,"गजुरी 45100, नेपाल",27.8070017,84.8353298,4.0,नेपाल,", museum"
,Deep Art,"Gajuri Baazar, 45112, नेपाल",27.8053718,84.8808938,5.0,45112,", art_gallery"
,Baruwal gaaun,"QV78+926, गजुरी 45100, नेपाल",27.7634019,84.8650054,0.0,गजुरी 45100,", hindu_temple"
,Gajuri 6 milantar,"QWRM+7C, पिडा 45100, नेपाल",27.7906413,84.9335881,1.5,पिडा 45100,", monument"
,Geo tour ko rukh pulchowk,"QRVJ+QW, बेनिघाट 45100, नेपाल",27.7943835,84.832314,0.0,बेनिघाट 45100,", hike"
,Dhading salyantar गल्छिनडिल,"XQJV+V55, सल्यानटार, नेपाल",27.9821254,84.7929921,4.5,सल्यानटार,", park"
,Tusal Tikre Dhunge Dhara,"M7J7+QGC, चन्द्रागिरी 44600, नेपाल",27.6826905,85.2637788,5.0,चन्द्रागिरी 44600,", amusement_park"
,St. Thomas Believers Eastern Church Salyantar Dhading,"XRX6+2QX, सल्यानटार, नेपाल",27.9976003,84.8120122,0.0,सल्यानटार,", church"
,त्रिपुरा सुन्दरी मन्दिर,"MCFJ+35M, भक्तपुर 44800, नेपाल",27.6726845,85.4304086,4.5,भक्तपुर 44800,", mosque"
,Love Danda (Tripura Sundari Tauthali),"PVQV+GHP, तौथली 45302, नेपाल",27.7388457,85.8939534,5.0,तौथली 45302,", trek"
,"Ruby Valley, Dhading, Nepal","53HM+2FR, 45100, नेपाल",28.1776034,85.0836344,5.0,45100,", park"
,Khading presbyterin church in nepal,"5XHV+6G4, 45100, नेपाल",28.1780016,84.9938346,0.0,45100,", church"
,Hindung (हिन्दुङ्ग),"Hindung,rubivalley-4, नेपाल",28.2159092,85.081403,3.0,rubivalley-4,", tourist_attraction"
,Tipling Gumba (तिप्लिङ गुम्बा),"54H4+6V3, 45100, नेपाल",28.1779957,85.1071628,2.6,45100,", mosque"
,Ruby Valley,"5375+F6Q, 45100, नेपाल",28.1637243,85.0580965,0.0,45100,", art_gallery"
,शिव डाँडा रुवि भ्याली,"5374+PVR, 45100, नेपाल",28.1643571,85.0571515,0.0,45100,", hindu_temple"
,Singla Mane सिङ्ल्ह मने,"4449+WV9, झार्लाङ्ग 45100, नेपाल",28.1072943,85.1197391,4.9,झार्लाङ्ग 45100,", hike"
,Bus park dhankuta,"X8FR+HPR, धनकुटा 56800, नेपाल",26.9739764,87.3417531,4.5,धनकुटा 56800,", park"
,धनकुटा बसपार्क,"Buspark, धनकुटा 7, नेपाल",26.9708455,87.3437001,4.0,धनकुटा 7,", amusement_park"
,"Logos Presbyterian Church, Hile-1, Dhankuta","28M7+HF, धनकुटा 56806, नेपाल",27.0362849,87.3119831,5.0,धनकुटा 56806,", church"
,नमस्ते झरना,"V8GJ+WRQ, V8FJ+HRV Dharan, धनकुटा, नेपाल",26.8739997,87.3320604,4.3,V8FJ+HRV Dharan,", tourist_attraction"
,Yuma Tanjelung,"XC22+3MX, खुवाफोक 56800, नेपाल",26.9502452,87.4017291,5.0,खुवाफोक 56800,", museum"
,स्वयम आर्ट ग्यालरी,"R7CP+4FX, पृथ्वी पथ, धरान 56700, नेपाल",26.8203665,87.2862404,4.0,पृथ्वी पथ,", art_gallery"
,Narapateshwar Shiwalaya Mandir(नरपतेश्वर शिवालय मन्दिर),"X8CV+2F4 Bus Station, Dharan Dhankuta Rajmarga, धनकुटा 56800, नेपाल",26.9700101,87.343702,0.0,Dharan Dhankuta Rajmarga,", hindu_temple"
,Sahid Smarak Stambha,"X8CV+9CJ, Dharan Dhankuta Hwy, धनकुटा 56800, नेपाल",26.9709728,87.3435191,5.0,Dharan Dhankuta Hwy,", monument"
,Dhankuta tower,"X933+45M, धनकुटा 56800, नेपाल",26.9528305,87.3529303,4.0,धनकुटा 56800,", trek"
,Pakhribas Picnic Spot,"373G+H4V, पाख्रीवास 56800, नेपाल",27.0539925,87.2752847,4.1,पाख्रीवास 56800,", picnic"
,Sildhunga park,"X8WJ+J7R, धनकुटा 56800, नेपाल",26.9966027,87.3306448,4.7,धनकुटा 56800,", park"
,Thecho United Church,"J87F+62G, dhurikhel, ठेचो 44700, नेपाल",27.6130912,85.322589,5.0,dhurikhel,", church"
,पञ्च महालक्ष्मी मन्दिर,"PF8C+MR6, चाँगुनारायण 44600, नेपाल",27.7166265,85.4720009,4.3,चाँगुनारायण 44600,", hindu_temple"
,"महालक्ष्मी नगरपालिका वाड नं १, धनकुटा","49JF+P53, Mahalaxmi municipality 56800, नेपाल",27.131752,87.3729074,5.0,Mahalaxmi municipality 56800,", historic_site"
,महालक्ष्मी नगरपालिका,"4879+CJV, धनकुटा 56800, नेपाल",27.1136134,87.3190223,4.2,धनकुटा 56800,", trek"
,हिले गुम्बा,"28H7+G62, कोशी राजमार्ग, धनकुटा 56806, नेपाल",27.0287511,87.3130093,4.1,कोशी राजमार्ग,", mosque"
,कृषि अनुसन्धान केन्द्र,"पाख्रीवास 56806, नेपाल",27.047596,87.2934383,4.5,नेपाल,", zoo"
,बक्रकुण्ड मन्दिर हिले,"28C5+3VX, धनकुटा 56806, नेपाल",27.0202427,87.309739,4.6,धनकुटा 56806,", hindu_temple"
,"Pakhribas Bazar,Dhankuta","374F+CPC, Unnamed Road, पाख्रीवास 56800, नेपाल",27.0560678,87.2742678,4.8,Unnamed Road,", monument"
,नमस्ते झरना पार्किङ्ग स्थल,"V8GJ+WPP, कोशी राजमार्ग, भेडेटार 56800, नेपाल",26.8773253,87.331835,4.3,कोशी राजमार्ग,", park"
,Jharna,"VCGJ+HF5, राजारानी 56800, नेपाल",26.876382,87.4312347,3.9,राजारानी 56800,", amusement_park"
,Anugraha Kamphek Church,"V83H+QP3 Rajarani - Rabi - Ranke, भेडेटार 56804, नेपाल",26.8543789,87.3292952,0.0,भेडेटार 56804,", church"
,साँगुरीगढी,"V893+J45, भेडेटार 56700, नेपाल",26.869017,87.30286,4.4,भेडेटार 56700,", tourist_attraction"
,निशान भगवती मन्दिर,"X8GV+49Q, Hulak Tole & Thadobazar Street, धनकुटा 56800, नेपाल",26.9753451,87.3434929,4.5,Hulak Tole & Thadobazar Street,", hindu_temple"
,Chuliban Deurali and Mangdinpakha Community Forest,"X85X+PG2, Unnamed Road, धनकुटा 56800, नेपाल",26.9592606,87.3487772,4.4,Unnamed Road,", hike"
,Hile Church,"Dordi Rural Municipality Ward No 9, Taksaar, 56806, नेपाल",27.0354155,87.3170379,5.0,Taksaar,", church"
,छथर जोरपाटी,"छथर जोरपाटी, नेपाल",27.0559613,87.3665071,,नेपाल,", tourist_attraction"
,Bagaret बगरेट,"XFV4+42, पञ्चकन्या पोखरी 57500, नेपाल",26.9928412,87.4550034,0.0,पञ्चकन्या पोखरी 57500,", museum"
,Fender pets Aquarium shop,"Unnamed Road, गोकर्णेश्वर 44600, नेपाल",27.7183825,85.3822816,4.9,गोकर्णेश्वर 44600,", aquarium"
,Tongba Chowk,"28H7+F5Q, कोशी राजमार्ग, धनकुटा 56806, नेपाल",27.0287,87.313,4.2,कोशी राजमार्ग,", monument"
,D Tar डि टार कुरुले / चौबिसे ४ धनकुटा Dhankuta,"D Tar डि टार कुरुले / चौबिसे ४, नेपाल",26.9819678,87.4889075,5.0,नेपाल,", park"
,Pani Kuwa,"XF2R+F2X, कुरुले तेनुपा 57500, नेपाल",26.9512452,87.4901086,0.0,कुरुले तेनुपा 57500,", amusement_park"
,PRASANSA CHURCH TODKE,"VGV9+P3, मुढेबास 56800, नेपाल",26.894456,87.5187034,0.0,मुढेबास 56800,", church"
,"जनजाति संग्रालय, चौविसे- ७","WC2Q+WFR, मौनाबुधुक 56800, नेपाल",26.9023666,87.4386467,4.0,मौनाबुधुक 56800,", museum"
,भूकम्प स्मारक,"R76P+Q4X, धरान 56700, नेपाल",26.81199,87.2853496,4.0,धरान 56700,", monument"
,चौविसे,"चौविसे, नेपाल",26.9073419,87.4418454,,नेपाल,", historic_site"
,Sagurigadhi Picnic Park,"W9CJ+5RW, खुवाफोक 56800, नेपाल",26.9204874,87.3820736,5.0,खुवाफोक 56800,", picnic"
,Dhankuta,"W5WR+7V6, छिन्ताङ 56800, नेपाल",26.945655,87.192136,4.5,छिन्ताङ 56800,", park"
,SAHIDBHUMI GAUNPALIKA SAHID GATE,"X7HC+3VG, आँखिसल्ला 56800, नेपाल",26.9777,87.2722,4.2,आँखिसल्ला 56800,", museum"
,Sushil art center,"X8HV+59H, Sharki Tole Street, धनकुटा 56800, नेपाल",26.9779327,87.3434835,4.8,Sharki Tole Street,", art_gallery"
,सहिदभूमि,"सहिदभूमि, नेपाल",26.9671865,87.2490238,,नेपाल,", historic_site"
,"कोइला खानी, साघुरीगढी धनकुटा (Coal Mine Saghurigadhi, Dhankuta)","V6V4+5RW, आहाले 56800, नेपाल",26.8929976,87.2070797,0.0,आहाले 56800,", trek"
,Thadi Pokhari,"Basahiya-24, जनकपुर, नेपाल",26.6938355,85.9074526,3.0,जनकपुर,", amusement_park"
,Al-Jamiatul Hanafiatul Ghausia Mosque,"PWHG+X28, जानकी मंदिर मार्ग, जनकपुर 45600, नेपाल",26.7299182,85.9250859,4.4,जानकी मंदिर मार्ग,", mosque"
,"IT park, Janakpur","PW96+VG2, जनकपुर 45600, नेपाल",26.7196441,85.9112687,3.7,जनकपुर 45600,", zoo"
,Temple,"PV4R+8WV, जनकपुर 45700, नेपाल",26.7058624,85.8922904,4.8,जनकपुर 45700,", hindu_temple"
,विद्यापति स्मारक,"PWCH+M9V, परिक्रमा सडक, जनकपुर 45600, नेपाल",26.7217422,85.9284071,4.3,परिक्रमा सडक,", monument"
,52 Bigha,"PWRV+GVX, जनकपुर 45600, नेपाल",26.7413518,85.9447239,4.2,जनकपुर 45600,", historic_site"
,janakpur dham bela23,"PWGR+V73, जनकपुर 45600, नेपाल",26.7271466,85.9406745,0.0,जनकपुर 45600,", trek"
,"Mahendranagar, Madesh Pradesh","VX67+P3F, छिरेश्वरनाथ 45600, नेपाल",26.8618036,85.9626829,0.0,छिरेश्वरनाथ 45600,", church"
,Harsar10,"RXFH+C35, छिरेश्वरनाथ 45600, नेपाल",26.8235241,85.9777228,3.7,छिरेश्वरनाथ 45600,", tourist_attraction"
,छिरेश्वरनाथ,"छिरेश्वरनाथ 45600, नेपाल",26.8694656,85.9815339,,नेपाल,", tourist_attraction"
,क्षिरेश्वरनाथ,"क्षिरेश्वरनाथ, 45600, नेपाल",26.8694456,85.9815259,,45600,", tourist_attraction"
,"Noori Jama Masjid, Kuchai Tole","VX78+3WJ, छिरेश्वरनाथ 45600, नेपाल",26.8633357,85.9674327,5.0,छिरेश्वरनाथ 45600,", mosque"
,NITESH PASUPALAN,"छिरेश्वरनाथ 45600, नेपाल",26.8778305,85.9913299,0.0,नेपाल,", zoo"
,Sandhya digital photo studio & computer press,"Dhulikhel Sindhuli Bhittamod Rajmarg, छिरेश्वरनाथ 45600, नेपाल",26.8664474,85.9641723,5.0,छिरेश्वरनाथ 45600,", art_gallery"
,Dhanusha Mahendranagar,"VX46+XJX, छिरेश्वरनाथ 45600, नेपाल",26.8574875,85.961639,3.0,छिरेश्वरनाथ 45600,", hindu_temple"
,Church,"V4M8+W2M, गणेशमान चारनाथ 45600, नेपाल",26.884854,86.1150029,4.5,गणेशमान चारनाथ 45600,", church"
,गणेशमान चारनाथ,"गणेशमान चारनाथ, नेपाल",26.9554673,86.1141045,,नेपाल,", tourist_attraction"
,Gangapur-3 masjid,"V3GJ+4P9, Ganeshman Charnath, Gangapur 3, नेपाल",26.8752852,86.0818086,0.0,Ganeshman Charnath,", mosque"
,Ganesh Art,"Hospital Chowk tinkono Park Dekhi dachhin dachhinLahan, नेपाल",26.7081608,86.4906393,4.0,नेपाल,", art_gallery"
,गणेशमान चारनाथ,"गणेशमान चारनाथ, नेपाल",26.9554568,86.1140892,,नेपाल,", historic_site"
,GANESHU PALACE WHITE HOUSE,"Papermill Road, छिरेश्वरनाथ 45600, नेपाल",26.8580278,85.9592966,4.7,छिरेश्वरनाथ 45600,", historic_site"
,धनुषाधाम,"धनुषाधाम 45600, नेपाल",26.8711866,86.0427626,,नेपाल,", historic_site"
,धनुषा जिल्ला,"धनुषा जिल्ला, नेपाल",26.8350474,86.0121573,,नेपाल,", historic_site"
,शाह मार्ग धनुषा धाम ५ नोउसय बिगहा,"V28J+38G, धनुषाधाम 45600, नेपाल",26.8651969,86.0308262,0.0,धनुषाधाम 45600,", historic_site"
,Cultural Village,"V2CV+F4C, धनुषाधाम 45600, नेपाल",26.8711866,86.0427626,3.5,धनुषाधाम 45600,", historic_site"
,धनुषाधाम,"धनुषाधाम, 45600, नेपाल",26.8712277,86.0427272,,45600,", historic_site"
,Dhanusha Dham,"R3J5+GCF, धनुषाधाम 45600, नेपाल",26.8311901,86.0585534,0.0,धनुषाधाम 45600,", historic_site"
,लांकुरी भन्ज्याड,"MGRJ+259, Unnamed Road, टुकुचा नाला 44812, नेपाल",27.6900445,85.5304874,4.5,Unnamed Road,", tourist_attraction"
,Jama Masjid,"JWVP+V2R, Unnamed Road, लगमागढागुठी 45600, नेपाल",26.6447369,85.9350572,5.0,Unnamed Road,", mosque"
,Hindu Temple,"JQW6+C59, नैन्ही 45700, नेपाल",26.6454538,85.7608334,5.0,नैन्ही 45700,", hindu_temple"
,Jogendra Memorial Medical Hospital(P.H.C),"Bus Station, Umgaon, Naharniya Road, Kasera, Bihar 847225, भारत",26.611829,85.970593,0.0,Umgaon,", monument"
,Dhanpal Gadhi Jungle,"H9XW+32H, बनिगामा रोड, बेलवारी 56600, नेपाल",26.5976796,87.395103,4.7,बनिगामा रोड,", historic_site"
,नाङ्गो डाँडा,"W4F9+M2, चारघरे 44900, नेपाल",27.9241649,85.1175287,5.0,चारघरे 44900,", hike"
,Paudeswor Bodil,"PXJQ+M9G, पौडेश्वर 45600, नेपाल",26.7316839,85.988455,0.0,पौडेश्वर 45600,", amusement_park"
,jhitakahiya masjid,"P2H9+P63, पौडेश्वर 45600, नेपाल",26.7292564,86.0180381,4.7,पौडेश्वर 45600,", mosque"
,श्री शिव मन्दिर,"Hanspur-08, झटियाही 45600, नेपाल",26.777063,86.0534028,5.0,झटियाही 45600,", hindu_temple"
,शिव मन्दिर,"R259+76X, मिथिलेश्वर निकास 45600, नेपाल",26.8082262,86.0181119,4.2,मिथिलेश्वर निकास 45600,", monument"
,Dhulla,"PFJ7+96M, शङ्खरापुर 44600, नेपाल",27.7309713,85.4630542,4.9,शङ्खरापुर 44600,", historic_site"
,Picnic place,"Q2FQ+J6, सुगा निकास 45600, नेपाल",26.7740932,86.0380946,4.5,सुगा निकास 45600,", picnic"
,जनमैत्री पार्क (पेप्सीकोला टाउन प्लान),"गौरीपुत्र मार्ग, काठमाडौँ 44600, नेपाल",27.6920404,85.364882,4.2,काठमाडौँ 44600,", park"
,St. John Believers Eastern Church,"Gangalal Marg 7, काठमाडौँ 44600, नेपाल",27.7184327,85.3870511,5.0,काठमाडौँ 44600,", church"
,"Jama Masjid Ahle Hadis Sabaila-08,Thillaجامع مسجد اهلحديث ٹھیلا","baraka masjid Road, सबैला 45600, नेपाल",26.7853221,86.0973627,4.4,सबैला 45600,", mosque"
,Wonderland,"RXC2+38Q, Dhulikhel Sindhuli Bhittamod Rajmarg, छिरेश्वरनाथ 45600, नेपाल",26.8193724,85.9497484,0.0,Dhulikhel Sindhuli Bhittamod Rajmarg,", amusement_park"
,Prerit Church Tetariya. ⛪✝️,"PXPC+P22, मानसिंहपट्टी 45600, नेपाल",26.7367626,85.9700167,0.0,मानसिंहपट्टी 45600,", church"
,MOHAMMED AL AMIN MASJID,"Unnamed Road, 45600, नेपाल",26.7491972,85.9525767,5.0,45600,", mosque"
,Mithila Bihari Municipality,"QXMR+J7Q, Janakpur to Dhanusha Dham Road, तारापट्टी सिरसिया 45600, नेपाल",26.7840668,85.9907356,4.2,Janakpur to Dhanusha Dham Road,", monument"
,"Cultural Village, Mithila, Nepal","2 (Purandaha, जनकपुर 45600, नेपाल",26.800725,86.0027007,4.4,जनकपुर 45600,", historic_site"
,Saraswati Park,"M3JF+XHH, भिमेश्वर नगरपालिका 45500, नेपाल",27.6824361,86.0739758,4.6,भिमेश्वर नगरपालिका 45500,", park"
,Righteousness Healing Church,"M3JC+995, भिमेश्वर नगरपालिका 45500, नेपाल",27.68088,86.0709852,0.0,भिमेश्वर नगरपालिका 45500,", church"
,भिमेश्वर नगरपालिका,"भिमेश्वर नगरपालिका, नेपाल",27.6693233,86.0427626,,नेपाल,", aquarium"
,Bhimeshwor Temple Dolakha,"M3HG+G5J, भिमेश्वर नगरपालिका 46649, नेपाल",27.6779881,86.0764512,5.0,भिमेश्वर नगरपालिका 46649,", historic_site"
,Charikot dolakha,"M382+J4X, भिमेश्वर नगरपालिका 45500, नेपाल",27.6666634,86.0458727,4.4,भिमेश्वर नगरपालिका 45500,", historic_site"
,Puranche Dolakha,"M3HG+579, भिमेश्वर नगरपालिका 45500, नेपाल",27.6779065,86.0757436,5.0,भिमेश्वर नगरपालिका 45500,", historic_site"
,चरिकोट,"चरिकोट, भिमेश्वर नगरपालिका 45500, नेपाल",27.6666123,86.0504111,,भिमेश्वर नगरपालिका 45500,", historic_site"
,Bhimeshwor Mandir,"G3CC+2R3, मेलुङ 45500, नेपाल",27.5200169,86.072037,4.7,मेलुङ 45500,", historic_site"
,Picnic Spot,"M2HW+H6, भिमेश्वर नगरपालिका 45500, नेपाल",27.6789662,86.0455991,5.0,भिमेश्वर नगरपालिका 45500,", picnic"
,Hatichahara,"P2M3+6HV, भिमेश्वर नगरपालिका, नेपाल",27.7331006,86.0039163,5.0,भिमेश्वर नगरपालिका,", hike"
,Stone Park,"जिरी 45500, नेपाल",27.6448639,86.3095604,4.4,नेपाल,", park"
,जिरी शालोम एजी चर्च,"J6QH+7WV, Serakapti Rd, जिरी 45500, नेपाल",27.6382812,86.2298038,5.0,Serakapti Rd,", church"
,चेरदुङ हिल जिरी,"M7H3+QW5, जिरी 45500, नेपाल",27.6793867,86.2548713,4.9,जिरी 45500,", mosque"
,Dolakha,"J6GG+XCV, जिरी 45500, नेपाल",27.6274422,86.2259772,4.0,जिरी 45500,", art_gallery"
,जिरी,"जिरी 45500, नेपाल",27.6275504,86.2260131,,नेपाल,", art_gallery"
,Kalinchok Temple High Camp,"Q24M+VMP, Kalinchok Marg, घोर्थली, नेपाल",27.7572198,86.0341984,4.6,Kalinchok Marg,", park"
,कालिञ्चोक केबलकार स्टेशन,"Q22J+2MG, Kalinchok Marg, Kuri Village, नेपाल",27.7500532,86.0316962,4.0,Kalinchok Marg,", amusement_park"
,Lapilang church,"P2XP+729 village, RM5 kotethali, नेपाल",27.7481546,86.035113,0.0,RM5 kotethali,", church"
,श्री कालिन्चोक भगवती मन्दिर,"Q25M+4CH, Kalinchok Marg, Kuri Village, नेपाल",27.7578061,86.0336016,4.6,Kalinchok Marg,", mosque"
,Dolakha Kalinchowk Resort,"Kalinchwok Rd, Kuri Village, नेपाल",27.7453833,86.0315853,4.3,Kuri Village,", aquarium"
,Kuri Village,"P2WJ+WQM, Kuri Village, नेपाल",27.7473318,86.0319253,4.5,Kuri Village,", historic_site"
,Bagkhor(बाघखाेर),"G364+F69, मेलुङ 45500, नेपाल",27.5111676,86.0556128,5.0,मेलुङ 45500,", park"
,मेलुङ,"मेलुङ 45500, नेपाल",27.511845,86.0682532,,नेपाल,", tourist_attraction"
,मेलुङ गाउँपालिका कार्यालय,"G3Q2+RJM, मेलुङ 45500, नेपाल",27.539585,86.0515269,4.8,मेलुङ 45500,", mosque"
,"Ward 6 Office, Melung Rural Municipality","G369+P8J, मेलुङ 45500, नेपाल",27.511845,86.0682532,0.0,मेलुङ 45500,", mosque"
,उप्रेति इतिहास संग्रहालय शैलुङ दाेलखा,"H2QW+6MJ, पवटी 45500, नेपाल",27.5880845,86.0466264,3.7,पवटी 45500,", museum"
,Jaleshwori Mai Mandir and Mahadev Mahadev Mandir Sallekhet Melung Dolakha,"G25V+4RF, डाँडाखर्क 45500, नेपाल",27.5078195,86.0445507,0.0,डाँडाखर्क 45500,", hindu_temple"
,Enduro Trail,"JRXV+93, लिसंखु, नेपाल",27.6484088,85.84269,0.0,लिसंखु,", hike"
,Bigu Gumba,"45500, नेपाल",27.8462481,86.0748982,5.0,नेपाल,", park"
,Thamichagu Church,"Q3XR+6XP, बिगु 45500, नेपाल",27.7980787,86.0924408,0.0,बिगु 45500,", church"
,बिगु,"बिगु 45500, नेपाल",27.84,86.06,,नेपाल,", tourist_attraction"
,"Navajoti Animal's farm","Unnamed Road, 45200, पाँचखाल 45200, नेपाल",27.6141805,85.6636264,0.0,45200,", zoo"
,Daulang mahadab,"R3R6+222, बिगु 45500, नेपाल",27.84,86.06,0.0,बिगु 45500,", hindu_temple"
,GCAP,"Bigu rural municipality-4, सिंगटी 45500, नेपाल",27.7365813,86.1670852,4.8,सिंगटी 45500,", mosque"
,गौरीशंकर चलचित्र मन्दिर,"M26X+9XW, लामोसाँघु-रामेछाप राजमार्ग, भिमेश्वर नगरपालिका 45500, नेपाल",27.660981,86.0499399,4.3,लामोसाँघु-रामेछाप राजमार्ग,", mosque"
,Tiger Encounter,"अमृत मार्ग, काठमाडौँ 44600, नेपाल",27.7160176,85.312794,5.0,काठमाडौँ 44600,", zoo"
,Scales And Fins petshop.,"Road 44600, काठमाडौँ 44600, नेपाल",27.6971829,85.3501806,4.0,काठमाडौँ 44600,", aquarium"
,Pani sansar,"27, 44600, नेपाल",27.7101947,85.313403,4.4,44600,", aquarium"
,"Gaurishankar Conservation Area Liaison Office, Charikot,Dolakha (गाैरीशंकर संरक्षण क्षेत्र सम्पर्क कार्यालय,चरिकाेट,दाेलखा)","M2CQ+2J3, लामोसाँघु-रामेछाप राजमार्ग, भिमेश्वर नगरपालिका 45500, नेपाल",27.6700006,86.0390613,4.5,लामोसाँघु-रामेछाप राजमार्ग,", art_gallery"
,गौरी शंकर,"गौरी शंकर, नेपाल",27.9004027,86.357952,,नेपाल,", art_gallery"
,Gaurishankar Art & Publicity,"P85F+CG2, धोबी धारा मार्ग, काठमाडौँ 44600, नेपाल",27.7085238,85.3237397,0.0,धोबी धारा मार्ग,", art_gallery"
,Gaurishankar Temple,"P7JR+2JW, काठमाडौँ 44600, नेपाल",27.7301034,85.2915701,4.0,काठमाडौँ 44600,", hindu_temple"
,गौरीशङ्कर,"गौरीशङ्कर, नेपाल",27.9003962,86.3578575,,नेपाल,", historic_site"
,गौरीशंकर,"गौरीशंकर, नेपाल",26.9792175,85.7153754,,नेपाल,", historic_site"
,"गौरीशंकर गाउँपालिका-३, डाँडाखर्क, दोलखा","M6W2+RP4, जुगु 45500, नेपाल",27.6970233,86.2018264,0.0,जुगु 45500,", historic_site"
,"Adventure Gaurishankar - Nepal Trekking, Tour & Expedition Specialist","Maitri Marg, काठमाडौँ 44602, नेपाल",27.7173349,85.3428844,0.0,काठमाडौँ 44602,", trek"
,Hattijunge Waterfall - हात्तीजुङ्गे झरना,"V68F+R7, गौरी शंकर 45500, नेपाल",27.8669765,86.2228828,4.8,गौरी शंकर 45500,", hike"
,विश्वासीहरूलाई चर्च,"J4VM+V5C, मैनापोखरी 45500, नेपाल",27.6445629,86.1328798,4.5,मैनापोखरी 45500,", church"
,वैतेश्वर,"वैतेश्वर, 45500, नेपाल",27.632402,86.1022004,,45500,", tourist_attraction"
,MDS MUSEUM AND AGRO FARMING,"Q888+H6R, तारकेश्वर 44600, नेपाल",27.7664537,85.3154909,3.9,तारकेश्वर 44600,", museum"
,Pukhurcha tole,"M3GF+HCF, भिमेश्वर नगरपालिका 45500, नेपाल",27.6764285,86.0735479,5.0,भिमेश्वर नगरपालिका 45500,", historic_site"
,Sokla Rock Climbing Trail,"M37M+PF6, भिमेश्वर नगरपालिका 45500, नेपाल",27.6642854,86.0836339,5.0,भिमेश्वर नगरपालिका 45500,", hike"
,Sailung शैलुङ dolakha,"HX7G+CP, डढुवा 45500, नेपाल",27.5635784,85.9768675,4.7,डढुवा 45500,", park"
,"Mini Great Wall, Shailung","HXFG+QHC, दुधपोखरी 45500, नेपाल",27.5744374,85.976377,4.5,दुधपोखरी 45500,", tourist_attraction"
,Pathibhara @Sailung,"HXCH+54, शैलुङेश्वोर 45500, नेपाल",27.5704422,85.9778113,5.0,शैलुङेश्वोर 45500,", hindu_temple"
,"Lakheba, thulopatal","H5Q8+VP7, जिरी 45500, नेपाल",27.589671,86.1668082,5.0,जिरी 45500,", park"
,तार्के धारा,"H442+XGQ, जफे 45500, नेपाल",27.5574676,86.1013716,5.0,जफे 45500,", amusement_park"
,तामाकोशी नदी,"तामाकोशी नदी, नेपाल",27.650948,86.0879362,4.4,नेपाल,", tourist_attraction"
,तामाकोशी,"तामाकोशी, नेपाल",27.5444046,86.1298286,,नेपाल,", mosque"
,Archis gallery,"M27X+W7P, चरिकोट - लामबगर सडक, भिमेश्वर नगरपालिका 45500, नेपाल",27.6647098,86.0483172,5.0,चरिकोट - लामबगर सडक,", art_gallery"
,तामाकोशी पुल,"J3CH+3G6, लामोसाँघु-रामेछाप राजमार्ग, भिमेश्वर नगरपालिका 45500, नेपाल",27.6201711,86.0787754,4.3,लामोसाँघु-रामेछाप राजमार्ग,", monument"
,"तौथलि, सिन्धुपल्चोक जाने बाटो","PW4P+VJ, तौथली, नेपाल",27.7071843,85.9365378,3.9,तौथली,", historic_site"
,Himalayan Spirit Academy,"TAMAKOSHI-3, जफे, नेपाल",27.550604,86.0993029,4.0,जफे,", trek"
,Pharpu picnic sport,"45400, नेपाल",27.4782695,86.1439811,5.0,नेपाल,", picnic"
,तिलेली गैरा,"2PW9+9C, लिखु 21400, नेपाल",29.0459428,82.7185512,0.0,लिखु 21400,", park"
,Piple Church,"HMQV+7C3, पिप्ले 44202, नेपाल",27.5881779,84.6935528,4.4,पिप्ले 44202,", church"
,Dunai,"XV2V+VHJ, दुनै 21400, नेपाल",28.9522718,82.8938781,4.5,दुनै 21400,", tourist_attraction"
,Dunai,"WVXX+8CP, दुनै 21400, नेपाल",28.9483381,82.8985878,3.5,दुनै 21400,", tourist_attraction"
,शिव मन्दिर,"XV4R+9WH Guide to 1, Dunai Heliport, दुनै 21400, नेपाल",28.9559297,82.8923473,0.0,Dunai Heliport,", hindu_temple"
,Upper Dolpo Circuit Trek,"XRJC+397, जुफाल 21400, नेपाल",28.9801526,82.820925,4.7,जुफाल 21400,", trek"
,दुनै,"दुनै 21400, नेपाल",28.8815938,82.8855961,,नेपाल,", hike"
,"Shey Phoksundo National Park office, Suligad","XVGJ+M3M, रह 21400, नेपाल",28.9767242,82.8801804,4.7,रह 21400,", park"
,Way to natural warm water.,"XVF8+5QH, दुनै 21400, नेपाल",28.9729344,82.8669873,1.0,दुनै 21400,", amusement_park"
,Holy Bride Church,"MRPG+5P4, रन्मामैकोट 22000, नेपाल",28.6853906,82.8268155,0.0,रन्मामैकोट 22000,", church"
,ठूली भेरी,"ठूली भेरी, नेपाल",28.9553986,82.8927465,,नेपाल,", tourist_attraction"
,THINLEY LHUNDUP LAMA MEMORIAL STUPA,"3V5V+WV, फोक्सुण्डो 21400, नेपाल",29.0597583,82.8947306,3.0,फोक्सुण्डो 21400,", monument"
,Upper Dolpo Trek,"XR96+X2R, जुफाल 21400, नेपाल",28.97,82.81,4.0,जुफाल 21400,", trek"
,"Ranga Village ,Dolpa","2Q56+M9, सुँहु 21400, नेपाल",29.0092053,82.7609596,5.0,सुँहु 21400,", park"
,बाला त्रिपुरासुन्दरी मन्दिर,"2QGP+45Q, त्रिपुराकोट 21400, नेपाल",29.0253284,82.785472,4.7,त्रिपुराकोट 21400,", church"
,त्रिपुरासुन्दरी,"त्रिपुरासुन्दरी, 21400, नेपाल",29.0259972,82.7752977,,21400,", tourist_attraction"
,"दापु, Daapu","2PQV+FQ, लिखु 21400, नेपाल",29.0387296,82.7443,0.0,लिखु 21400,", museum"
,Dolpo Zhur monastery,"552C+QRG, धो 21400, नेपाल",29.151949,83.1720812,5.0,धो 21400,", church"
,डोल्पो बुद्ध,"डोल्पो बुद्ध, नेपाल",29.128279,83.1867694,,नेपाल,", tourist_attraction"
,"Jagadulla,Dolpa","4GJ9+4R2, रिमी पैदालमार्ग, रिमी 21400, नेपाल",29.1302696,82.5195038,5.0,रिमी पैदालमार्ग,", park"
,I lan joyti church.jajarkot.chepka,"Q7QW+45, डाँडागाउँ, नेपाल",28.7878015,82.2954545,5.0,डाँडागाउँ,", church"
,Jagadulla Taal,"6HX7+7HC, काइगाउँ 21400, नेपाल",29.2481846,82.5638926,4.6,काइगाउँ 21400,", tourist_attraction"
,बलाङचौर,"3MHC+PP, पहाडा 21400, नेपाल",29.0793591,82.6718016,0.0,पहाडा 21400,", zoo"
,Mahadev or Shiva Temple,"3,thapagaun, काइगाउँ, नेपाल",29.125451,82.5757154,5.0,thapagaun,", hindu_temple"
,जगदुल्ला,"जगदुल्ला, 21400, नेपाल",29.1316861,82.5204359,,21400,", historic_site"
,Jagadulla Khola-Thuli Bheri Confluence,"XHQH+JW7, कालिका 21400, नेपाल",28.9899692,82.579932,4.0,कालिका 21400,", park"
,"Maurey Lekh,Jumla-Dolpa Border","5F6J+96M, गुठीचौर 21400, नेपाल",29.1611237,82.480369,5.0,गुठीचौर 21400,", tourist_attraction"
,मुड्केचुला,"मुड्केचुला, 21400, नेपाल",29.0197191,82.5516914,,21400,", mosque"
,Mid Point of Greater Nepal,"Mid, नायकबाडा, नेपाल",29.0164923,82.3885783,0.0,नायकबाडा,", museum"
,चुगाउ डोल्पा,"2QM7+225, लिखु 21400, नेपाल",29.032524,82.7625968,5.0,लिखु 21400,", historic_site"
,"चुगाड,डोल्पा","2QHF+7R3, पहाडा 21400, नेपाल",29.0281478,82.7745346,5.0,पहाडा 21400,", hike"
,Pingal park,"J869+4G3, Thecho outer road west, ठेचो 44700, नेपाल",27.6102658,85.3187926,4.3,Thecho outer road west,", park"
,silgadhi doti,"district administration office, दिपायल सिलगढी 10800, नेपाल",29.26643,80.9826519,4.6,दिपायल सिलगढी 10800,", amusement_park"
,ANUGRAH CHURCH,"6WWQ+297, दिपायल सिलगढी 10800, नेपाल",29.245017,80.9383925,5.0,दिपायल सिलगढी 10800,", church"
,डोटी दरबार,"दिपायल सिलगढी 10800, नेपाल",29.2561883,80.9458852,4.6,नेपाल,", tourist_attraction"
,दिपायल सिलगढी,"दिपायल सिलगढी 10800, नेपाल",29.2604745,80.9318332,,नेपाल,", tourist_attraction"
,जंला द्यो Harisiddhi Temple 𑐖𑑄𑐮𑐵 𑐡𑑂𑐫𑑅 𑐠𑐶𑐩𑐶 𑐩𑐴𑐾𑐱𑑂𑐰𑐬𑐷,"M9JP+964 Chapaa-Cho Tole Bus Stop, मध्यपुर थिमि 44600, नेपाल",27.6809072,85.3854611,5.0,मध्यपुर थिमि 44600,", hindu_temple"
,Silgadhi-Goldeula Hiking Route,"8XHC+Q36, दौद 10800, नेपाल",29.3294172,80.9701372,3.7,दौद 10800,", trek"
,Rampurwa Mosque,"6X88+MM7 Mosque, रामपुरुवा 10800, नेपाल",29.216667,80.966667,0.0,रामपुरुवा 10800,", mosque"
,Luwakhadi Mandir,"Shikhar MP-6, Luwakhadi Bridge, नेपाल",29.2851139,80.8558406,5.0,Luwakhadi Bridge,", hindu_temple"
,Muna memorial academy dehimandu doti,"8VRC+879, देहिमाडू 10800, नेपाल",29.3407912,80.8707362,3.7,देहिमाडू 10800,", monument"
,शिखर,"शिखर, 10800, नेपाल",29.2925845,80.7876898,,10800,", historic_site"
,Shikhar-तेलेलेक,"जिजोमाण्डौ 10800, नेपाल",29.2005499,80.7091892,5.0,नेपाल,", historic_site"
,Basipukhu Peace Park,"M9JM+JVM, मध्यपुर थिमि 44600, नेपाल",27.6815876,85.3846733,3.6,मध्यपुर थिमि 44600,", park"
,Chaukhutte church,"Chaukhutte, सानागाउँ 10800, नेपाल",29.2602172,81.0999817,0.0,सानागाउँ 10800,", church"
,"Charkya lake,Doti","82J6+5W, झिक्राना 10800, नेपाल",29.330492,81.0123112,3.7,झिक्राना 10800,", tourist_attraction"
,Masjid (Mosque) Birtiprastoka,"X6WX+4VG, बिर्तिप्रस्टोका 44500, नेपाल",26.9952919,85.2497621,5.0,बिर्तिप्रस्टोका 44500,", mosque"
,बासुधारा मालीका ।,"83V8+PR2, 10800, नेपाल",29.344255,81.0670253,0.0,10800,", hindu_temple"
,पूर्वीचौकी,"पूर्वीचौकी, नेपाल",29.2778693,81.0404935,,नेपाल,", historic_site"
,Dawa pound,"52J6+JG, बासुदेवी 10800, नेपाल",29.1815513,81.0113067,5.0,बासुदेवी 10800,", trek"
,Sajghat picnic sport,"73H2+PQ, सानागाउँ 10800, नेपाल",29.2793167,81.0519576,0.0,सानागाउँ 10800,", picnic"
,सुर्खेत-डोटी-कैलाली जिल्ला त्रिविन्दु,"WXQJ+HC, लगाम, नेपाल",28.9389008,80.9811208,0.0,लगाम,", park"
,"Badikedar,Doti ठूला केदार धार्मिक स्थल","3WGF+3MP, 10800, नेपाल",29.0752064,80.9241973,4.7,10800,", church"
,बडीकेदार,"बडीकेदार, 10800, नेपाल",29.0067049,80.7508896,,10800,", tourist_attraction"
,"Babantak,jaskoda,dhanadi,lindado,ratoda","4QJJ+CP5, तिजाली गा वि स 10800, नेपाल",29.1310079,80.7818716,0.0,तिजाली गा वि स 10800,", park"
,Emmanuel Church,"3HR7+8CM, बुडर 10800, नेपाल",29.0908213,80.5635006,0.0,बुडर 10800,", church"
,लामिताल,"5PMG+8HH, जिजोमाण्डौ 10800, नेपाल",29.1833117,80.7264984,5.0,जिजोमाण्डौ 10800,", tourist_attraction"
,शिव मन्दिर,"2P4W+95W, 10800, नेपाल",29.0059802,80.7454384,5.0,10800,", hindu_temple"
,जोरायल,"जोरायल, 10800, नेपाल",29.1121217,80.6812388,,10800,", monument"
,जोरयाल गाउँपालिका कार्यालय,"4M7M+Q24, Katomato 10800, नेपाल",29.1143999,80.6825928,3.3,Katomato 10800,", monument"
,जोरायल,"जोरायल, नेपाल",29.1138746,80.6706648,,नेपाल,", historic_site"
,Khaptad National Park Entry gate,"82RW+F55, झिक्राना 10800, नेपाल",29.3409981,81.046105,0.0,झिक्राना 10800,", park"
,सायल गाउँ पालिका ०४ भल्मा डोटी,"9259+23J, दौद 10800, नेपाल",29.3575796,81.0176538,3.4,दौद 10800,", tourist_attraction"
,Sarapa Tol Big Mosque Nepal,"पूर्व पश्चिम राजमार्ग 4, मैनासहश्रबाहु 56400, नेपाल",26.6263654,86.628211,3.8,मैनासहश्रबाहु 56400,", mosque"
,पातल सामुदायिक वन पातल,"CPX7+XCQ, सिगास 10200, नेपाल",29.4499721,80.7136157,5.0,सिगास 10200,", museum"
,कालिका मन्दिर,"8X52+82, दिपायल सिलगढी 10800, नेपाल",29.3082733,80.9501239,5.0,दिपायल सिलगढी 10800,", hindu_temple"
,sayal doti,"9223+MFV, दौद 10800, नेपाल",29.3517376,81.0036821,3.7,दौद 10800,", monument"
,Doti ghogatal,"8WXX+279, 10800, नेपाल",29.3475281,80.9482227,4.5,10800,", historic_site"
,सायल,"सायल, नेपाल",29.3475281,80.9482227,,नेपाल,", historic_site"
,Aadarsha park,"HQ2R+R64, दाउन्ने देवी मार्ग, बर्दघाट 33007, नेपाल",27.5509032,83.7904038,4.3,दाउन्ने देवी मार्ग,", park"
,DTS service,"गोदावरी 44709, नेपाल",27.6134557,85.3651795,0.0,नेपाल,", church"
,Guide of Nepal | Hiking Guide,"Near overland Trek Nepal pvt. Ltd, पकनाजोल मार्ग 16, काठमाडौँ 44600, नेपाल",27.7137475,85.3083166,5.0,पकनाजोल मार्ग 16,", trek"
,"Ki Singh 4 wayal,doti. Shiva Temple","5X57+GJH, 10800, नेपाल",29.1588135,80.9641495,3.8,10800,", mosque"
,नेपाल पैदल यात्रा टोली प्रा। लिमिटेड,"Nayabazar 16, Kathmandu, नेपाल",27.7188945,85.3060132,4.9,Kathmandu,", trek"
,सुर्खेत-डोटी-अछाम त्रिविन्दु,"X483+7H5, लगाम 10700, नेपाल",28.9655484,81.1037058,0.0,लगाम 10700,", park"
,Kamatoli masjid,"GV3G+FF7, सुरुङ्गा- झापा सडक, टाघनडुब्बा 57200, नेपाल",26.5036692,87.8761929,3.9,सुरुङ्गा- झापा सडक,", mosque"
,Bari,"5WGC+MG, भुमिराजमडौ 10800, नेपाल",29.1766826,80.9213635,0.0,भुमिराजमडौ 10800,", museum"
,Bogatan Risedi Kot,"6V2X+6FJ, दिपायल सिलगढी 10800, नेपाल",29.200598,80.8986502,0.0,दिपायल सिलगढी 10800,", museum"
,Kundol Bhagawati Temple,"M9MV+6VH, नयाँ सडक, मध्यपुर थिमि 44600, नेपाल",27.6830521,85.3947283,4.2,नयाँ सडक,", hindu_temple"
,"बोगटान फुड्सिल गाउँपालिका कार्यालय, चवाराचौतारा","32FX+9JQ, मङ्गलसेन 10800, नेपाल",29.0734684,81.049108,3.6,मङ्गलसेन 10800,", monument"
,बोगटान फुड्सिल,"बोगटान फुड्सिल, नेपाल",29.1417612,81.0424194,,नेपाल,", historic_site"
,सेती-बुढीगंगा दोभान,"Bogtan RM, नेपाल",29.0996349,81.1057505,0.0,नेपाल,", historic_site"
,Nepal Boundary Trekking Agency Pvt. Ltd,"Bagmati Zone, Kaldhara Marg, काठमाडौँ 44600, नेपाल",27.7157238,85.3078969,4.4,Kaldhara Marg,", trek"
,Bantol Picnic Spot वनटोल पिकनिक स्थल,"J649+QVH, फाखेल 44100, नेपाल",27.6069454,85.2197348,0.0,फाखेल 44100,", picnic"
,Hosanna Church Gorkha Nepal,"XJWJ+GJ4, गोरखा 34000, नेपाल",27.9962225,84.6315169,5.0,गोरखा 34000,", church"
,Gorkha Aquarium House,"XJVG+GC5, आँबु खैरेनी-गोर्खा राजमार्ग, गोरखा 34000, नेपाल",27.9937729,84.6261121,5.0,आँबु खैरेनी-गोर्खा राजमार्ग,", aquarium"
,श्री कालिका मन्दिर गोर्खा,"2J3H+R97, गोरखा बजार 34000, नेपाल",28.0044672,84.6283897,4.6,गोरखा बजार 34000,", hindu_temple"
,Jungle area gorkha,"XJJ2+J6X, गोरखा 34000, नेपाल",27.9816117,84.6005949,0.0,गोरखा 34000,", trek"
,Green forest gorkha,"XJ5V+34G, गोरखा 34000, नेपाल",27.9576839,84.642836,5.0,गोरखा 34000,", hike"
,चाम्बोटे चौतारो,"2FJX+C64, Road, पालुङटार, नेपाल",28.0310215,84.4980812,4.8,Road,", park"
,सापकोटाटार पधेँरा,"2FMW+338, पालुङटार, नेपाल",28.0326672,84.4951962,5.0,पालुङटार,", amusement_park"
,अर्चले मण्डली,"XFVW+4M3, पालुङटार, नेपाल",27.9932772,84.4964729,0.0,पालुङटार,", church"
,Thatipokhari (ठाँटीपोखरी),"3F2Q+J6, पालुङटार, नेपाल",28.0516171,84.4880994,4.2,पालुङटार,", tourist_attraction"
,Nuri Islamic Jame Masjid,"3G94+GV4, पालुङटार, नेपाल",28.0687551,84.5072151,0.0,पालुङटार,", mosque"
,Radha Krishna Temple,"2FVH+XM8, पालुङटार, नेपाल",28.0449146,84.4792416,4.7,पालुङटार,", hindu_temple"
,जिम्बा टोल,"palunter 5, Palungtar-Thatipokhari Road, गोरखा 34000, नेपाल",28.0524619,84.4823914,4.0,Palungtar-Thatipokhari Road,", monument"
,पालुङटार,"पालुङटार, नेपाल",28.044974,84.4796428,,नेपाल,", historic_site"
,"सार्कीटार तीनपिप्ले,लमजुङ्ग","3FPX+QRF, पालुङटार, नेपाल",28.0869449,84.4995618,0.0,पालुङटार,", trek"
,हात्तीगौँडा वर चौतारा,"2FFX+FQ, पालुङटार, नेपाल",28.0229161,84.5004238,4.5,पालुङटार,", picnic"
,Siddha Cave trail starting point,"SHILTHOK NEAR MONARCHY, SHILTHOK-WARD-4, वन्दीपुर 33904, नेपाल",27.9380863,84.4123313,4.3,SHILTHOK-WARD-4,", hike"
,Buddha Park,"6P2W+46V, नेपाल",28.2003528,84.7455375,4.4,नेपाल,", park"
,Amaare chautara -(अमारे चौतारा ),"3QJQ+XCH, नेपाल",28.0824268,84.7886238,5.0,नेपाल,", amusement_park"
,"Bhachchek Church (Sirdi Branch's church)","5J3W+G2F, हंसपुर, नेपाल",28.1536907,84.6460447,5.0,हंसपुर,", church"
,बारपाक सुलिकोट,"बारपाक सुलिकोट, नेपाल",28.0850812,84.6965924,,नेपाल,", tourist_attraction"
,MADRASA SIRAJUL ULOOM,"2MC7+555, deragaun .gorkha nepal, गोरखा 4, नेपाल",28.0203852,84.6629217,4.0,deragaun .gorkha nepal,", mosque"
,Hattisude (हात्तिसुँडे डॉडा),"Barpak Sulikot Rural Municipality - Ward No. 04 - Pokhari, गोरखा, नेपाल",28.114296,84.6951524,5.0,गोरखा,", hindu_temple"
,श्री राम शाहको चौतारा,"2J4F+2RF, गोरखा 34000, नेपाल",28.0050538,84.624542,4.5,गोरखा 34000,", monument"
,Sulikot Hills सुलिकोट डॉंडा,"3PVH+R79, नेपाल",28.0945331,84.7282493,4.8,नेपाल,", trek"
,"Ski Place 700m ,Dharche Rural Municipal ,Gorkha","6Q3M+5H, लाप्राक, नेपाल",28.2029476,84.7839343,0.0,लाप्राक,", hike"
,ठाँटीपोखरी धारापानी,"2FXV+RMP, पालुङटार, नेपाल",28.0495967,84.4941954,4.0,पालुङटार,", amusement_park"
,Chhoprak Church,"3H2P+F64, छोप्राक, नेपाल",28.0511365,84.5855927,3.0,छोप्राक,", church"
,सिरानचोक,"सिरानचोक, नेपाल",28.1121839,84.6441681,,नेपाल,", historic_site"
,धारापानी रमाइलो (गुरुङ गाउँ),"5J2X+G39, मुचोक, नेपाल",28.1512958,84.6477375,0.0,मुचोक,", trek"
,सिराञ्चोक गाउँपालिका,"3JP2+7WV, गोरखा, नेपाल",28.0857399,84.6023095,4.0,गोरखा,", hike"
,Dobate,"6M3H+CF8, खरिबोट, नेपाल",28.2035395,84.6786881,5.0,खरिबोट,", park"
,टारी पधेरो,"4M73+5RP, फिनामटार जौवारी सडक, जौबारी, नेपाल",28.1136631,84.6552815,4.0,फिनामटार जौवारी सडक,", amusement_park"
,पवित्र आत्मिकी मण्डली,"Namki, Ajirkot-4, मुचोक, नेपाल",28.169083,84.658003,5.0,Ajirkot-4,", church"
,अजिरकोट,"अजिरकोट, नेपाल",28.1723755,84.6628085,,नेपाल,", tourist_attraction"
,Markaj Jame Masjid,"Jhingate,Ashrang 01 Gorkha, अश्रांग 34000, नेपाल",28.0203531,84.6988707,5.0,Ashrang 01 Gorkha,", mosque"
,Ajirkot hill.,"4JXQ+XPC, Unnamed Road, हंसपुर, नेपाल",28.1499792,84.6392518,4.8,Unnamed Road,", monument"
,Jhyanwa 4 ajirkot,"5M3M+H8C, Simjung, नेपाल",28.1549951,84.6834078,0.0,Simjung,", historic_site"
,Ajirkot Trial,"4JXQ+XPC, हंसपुर, नेपाल",28.1487541,84.6392516,0.0,हंसपुर,", trek"
,picnic spot,"6P2W+9RJ, नेपाल",28.2009594,84.747021,0.0,नेपाल,", picnic"
,आँपडाँडा पाटी,"WM7J+VRQ, ताङ्लिचोक, नेपाल",27.9141806,84.6830121,4.3,ताङ्लिचोक,", park"
,Garve chhanga,"VJ2P+QM7, दारेचोक 44200, नेपाल",27.8519087,84.6366723,5.0,दारेचोक 44200,", amusement_park"
,Eternal Life Church अनन्त जीवन मन्डली,"VJ8C+Q6J, दारेचोक, नेपाल",27.8669559,84.6204689,5.0,दारेचोक,", church"
,गणेश मन्दिर (𑐐𑐣𑐾𑐡𑑂𑐫𑑅),"M9FP+C5F, अरनिको राजमार्ग, मध्यपुर थिमि, नेपाल",27.6735639,85.3854156,4.4,अरनिको राजमार्ग,", hindu_temple"
,Nepal Unnati Church,"XP94+32Q, बुंगकोट, नेपाल",27.9677249,84.705102,5.0,बुंगकोट,", church"
,Shikhar Bhimsen Temple,"2JXW+4F2 Shikhar, गोरखा 2, नेपाल",28.047768,84.6461507,2.0,गोरखा 2,", hindu_temple"
,जोगी डाँडा,"2P4H+53M, अश्रांग, नेपाल",28.0054529,84.7276589,0.0,अश्रांग,", hike"
,शहिद लखन,"शहिद लखन, नेपाल",27.9279906,84.6425774,,नेपाल,", tourist_attraction"
,Mugling Masjid,"VH35+VWQ, दारेचोक 44200, नेपाल",27.8547171,84.5598485,4.0,दारेचोक 44200,", mosque"
,"शहिद लखन गाउँपालिका, गाउँ कार्यपालिकाको कार्यालय","WMF7+HMF, घैरुङ, नेपाल",27.9239632,84.6641561,4.5,घैरुङ,", art_gallery"
,"शहिद लखन गाउँपालिका, गाउँ कार्यपालिकाको कार्यालय, घैरुङ, गोरखा","घैरुङ, नेपाल",27.9270071,84.6583745,0.0,नेपाल,", art_gallery"
,मनकामना मन्दिर,"WH3M+MJM, मनकामना, नेपाल",27.9042143,84.5840339,4.7,मनकामना,", hindu_temple"
,Lakhan Thapa View Tower,"WHCW+GVQ, बक्रांग, नेपाल",27.9213375,84.5972448,4.5,बक्रांग,", trek"
,Pradhan Dada,"बुंगकोट 34000, नेपाल",27.9699872,84.6800118,4.7,नेपाल,", picnic"
,कतावङ् (Okhar dhara),"6VV7+VGX, उइया, नेपाल",28.2447422,84.8638453,0.0,उइया,", amusement_park"
,Manbu Church,"4VJF+77P, मनबु, नेपाल",28.1307065,84.8731743,4.5,मनबु,", church"
,Dharche Gaang (Hill),"5Q4X+GWF, Chunkang 5, नेपाल",28.1563064,84.7997935,5.0,Chunkang 5,", tourist_attraction"
,मुसल्ला आर्खेत,"3RXP+49J, Unnamed Road, मनबु, नेपाल",28.0978404,84.8358927,5.0,Unnamed Road,", mosque"
,Sashi Art Gallery,"बेत्रावती बजार 44900, नेपाल",27.9733961,85.1848704,0.0,नेपाल,", art_gallery"
,देवी दुरङ (Sat Kanya Devi),"6VQ8+V4M, उइया, नेपाल",28.2397048,84.8653081,5.0,उइया,", hindu_temple"
,Earthquake memorial park,"6P2W+WJP, नेपाल",28.2023349,84.7465871,3.8,नेपाल,", monument"
,Dharche Dada,"Dharche Dada, नेपाल",28.1569951,84.7987032,4.5,नेपाल,", historic_site"
,Barpak Village View Point,"6Q36+VW, घ्याचोक, नेपाल",28.2047243,84.7623039,3.8,घ्याचोक,", hike"
,Arughat Bridge,"2RW8+C8P, आरुघाट जाने सडक, नेपाल",28.0460879,84.8158288,4.5,आरुघाट जाने सडक,", park"
,मुसल्ला आरुघाट Musalla Aarughat مصلى,"2RX7+368, नेपाल",28.0476687,84.8130645,0.0,नेपाल,", mosque"
,Luu jhya,"M9MP+J4G, मध्यपुर थिमि 44600, नेपाल",27.6840513,85.3853205,5.0,मध्यपुर थिमि 44600,", hindu_temple"
,Royal Gorkha Trek And Tour,"Monastery, Kapan, Kharibhote, काठमाडौँ 44622, नेपाल",27.7371605,85.3660836,0.0,Kapan,", trek"
,Kashitar Park and Picnic spot,"Kashitar, जिलिङ 44900, नेपाल",27.858871,85.093794,4.4,जिलिङ 44900,", picnic"
,Chanaute Arughat Gorkha,"Larkya La Trail, सामागाउँ, नेपाल",28.6632716,84.5370269,5.0,सामागाउँ,", hike"
,आरूघाट,"आरूघाट, नेपाल",28.0473353,84.8136609,,नेपाल,", hike"
,आरुघाट,"आरुघाट, नेपाल",28.0467547,84.8124699,,नेपाल,", hike"
,गोरखा साहसिक प्रा। लिमिटेड,"Yekikaran Sadak 19116, काठमाडौँ 44600, नेपाल",27.7210169,85.3054709,4.7,काठमाडौँ 44600,", hike"
,Soti Khola Bazar,"4VP3+JXG, नेपाल",28.1365664,84.8549397,3.9,नेपाल,", hike"
,Aarughat Ticket Counter,"XJVG+QR9, haramtari, गोरखा, नेपाल",27.9944021,84.6270469,3.3,haramtari,", hike"
,Nile at the mhu gumba,"G4JQ+JMV, छैकम्पर, नेपाल",28.5316006,85.1391838,5.0,छैकम्पर,", park"
,दुङला मण्डली (Church of Dungla),"8V2V+97C, उइया, नेपाल",28.3009319,84.8931363,5.0,उइया,", church"
,चुमनुब्री गाउँपालिका कार्यालय,"9VVX+72M, गाउपालिका, सिर्दिबास, नेपाल",28.3931548,84.8975658,4.8,गाउपालिका,", mosque"
,मनास्लु संरक्षण क्षेत्र,"HH26+223, धारापानी, नेपाल",28.5500212,84.5600409,4.6,धारापानी,", zoo"
,Surendra Mahato,"7VW4+GPV, उइया, नेपाल",28.296354,84.8567932,0.0,उइया,", hindu_temple"
,चुमनुव्री,"चुमनुव्री, नेपाल",28.4908848,85.0449774,,नेपाल,", monument"
,Manaslu Circuit Trek,"Manaslu Circuit Trekking Route, Ghorkha 34000, नेपाल",28.6631118,84.5169119,5.0,Ghorkha 34000,", trek"
,Resunga Viewtower,"3778+6R, रेसुङ्गा 32600, नेपाल",28.0631309,83.267143,4.6,रेसुङ्गा 32600,", tourist_attraction"
,Saugat art gallery,"MFP7+JR5, बुटवल 32907, नेपाल",27.6865361,83.4646191,5.0,बुटवल 32907,", art_gallery"
,Resunga Yagyashala (,"3779+VR7, रेसुङ्गा 32600, नेपाल",28.0646604,83.269537,4.5,रेसुङ्गा 32600,", hindu_temple"
,"Pauwa Resort Pvt Ltd(Resunga,Gulmi)","378G+W3V, रेसुङ्गा 32600, नेपाल",28.0673501,83.275178,3.8,रेसुङ्गा 32600,", picnic"
,"Gulmi , nepal","37QV+H9F, Madane_2 32600, नेपाल",28.088934,83.2934086,0.0,Madane_2 32600,", park"
,Musikot,"Musikot 32600, नेपाल",28.1754191,83.2646943,,नेपाल,", tourist_attraction"
,Jogithum,"5789+7V, Musikot 32600, नेपाल",28.1657699,83.2696668,5.0,Musikot 32600,", hindu_temple"
,Musikot Municipality,"57HP+454, वामीटक्सार 32600, नेपाल",28.1777631,83.2854451,4.2,वामीटक्सार 32600,", monument"
,मुसिकोट,"मुसिकोट, नेपाल",28.1754191,83.2646943,,नेपाल,", historic_site"
,लालिगुरास थुमपार्क,"47WG+9GJ, बडागाउँ 32600, नेपाल",28.1459664,83.2762686,4.0,बडागाउँ 32600,", historic_site"
,Balithum tari,"37QV+H9F, पराल्मी 32600, नेपाल",28.088934,83.2934086,0.0,पराल्मी 32600,", trek"
,Gulmi musikot,"57G7+5V8, Musikot 32600, नेपाल",28.1754191,83.2646943,0.0,Musikot 32600,", picnic"
,Unayachaur park (उनायचौर पार्क ),"36C8+C43, Unayochaur Road, रेसुङ्गा 32600, नेपाल",28.0710242,83.2152919,4.3,Unayochaur Road,", park"
,Shivanagar masjidh,"RGH6+447, सक्रौल 45800, नेपाल",26.8277927,85.5103105,3.6,सक्रौल 45800,", mosque"
,"Salime Daha, Gulmi","585V+C49, वामीटक्सार 32600, नेपाल",28.1585354,83.3428473,5.0,वामीटक्सार 32600,", hindu_temple"
,Isma Ratapokhara,"552P+CH9, इस्मा राजस्थल 32600, नेपाल",28.1510486,83.1864918,3.0,इस्मा राजस्थल 32600,", historic_site"
,इस्मा राजस्थल,"इस्मा राजस्थल 32600, नेपाल",28.1624081,83.1890148,,नेपाल,", trek"
,ईस्मा,"ईस्मा, 32600, नेपाल",28.1049417,83.2470091,,32600,", trek"
,Dhimsa Resting Point,"गोसाइकुन्ड पथ, 45000, नेपाल",28.1074534,85.3311421,4.9,45000,", hike"
,हर्मिचौर हनुमान पार्क,"XHJH+JHQ, Arbeni Rd, हर्मिचौर 33800, नेपाल",27.9815972,83.5789922,3.4,Arbeni Rd,", park"
,Gaudi khola,"Huwas Bihadi Sadak, 32600, नेपाल",28.0793262,83.5257697,0.0,32600,", amusement_park"
,कालीगण्डकी गाउँपालिका (कार्यालय) Kaligandaki Rural municipality,"2HX6+X8P, पुर्तिघाट 32600, नेपाल",28.0479715,83.5595648,5.0,पुर्तिघाट 32600,", mosque"
,Bharse Deurali,"3F99+MJP, भार्से 32600, नेपाल",28.0692173,83.469092,4.2,भार्से 32600,", museum"
,कालीका मन्दिर Kalika Temple,"XHJF+R26, हर्मिचौर 33800, नेपाल",27.9820292,83.5725114,5.0,हर्मिचौर 33800,", hindu_temple"
,बुद्ध प्रतिमा,"VHG4+3G4, तानसेन 32500, नेपाल",27.8751354,83.55632,4.2,तानसेन 32500,", monument"
,चैया Chaiya,"3G88+67, फोकसिङ् 32600, नेपाल",28.0656179,83.5157272,5.0,फोकसिङ् 32600,", hike"
,Shahid Park - शहिद पार्क,"484M+RCM, Unnamed Road, तुराङ 32600, नेपाल",28.1070951,83.3335354,4.7,Unnamed Road,", park"
,Gulmi kabre,"X9X7+8JJ, kabre, 3, नेपाल",27.9983411,83.3640126,3.7,kabre,", tourist_attraction"
,Gulmi Birbas,"287C+Q3R, बिर्बास 32600, नेपाल",28.0144918,83.320149,0.0,बिर्बास 32600,", museum"
,Durbar Devisthan (Gulmi Durbar),"272P+CPJ, दरबार देविस्थान 32600, नेपाल",28.0010877,83.2867407,5.0,दरबार देविस्थान 32600,", hindu_temple"
,बाँसपोखरा,"275P+V5, दरबार देविस्थान 32600, नेपाल",28.0096559,83.2853999,0.0,दरबार देविस्थान 32600,", trek"
,Nunthala picnic place नुन्थला पिक्निक पेलेस,"362P+XJV, रेसुङ्गा 32600, नेपाल",28.0524831,83.2365391,0.0,रेसुङ्गा 32600,", picnic"
,Sishni Satyawati Gaupalika,"2F89+GCC, लिम्घा 32600, नेपाल",28.0163014,83.4685169,4.0,लिम्घा 32600,", park"
,Satyawati Temple,"2G38+83, ठुलो लुम्पेक 32600, नेपाल",28.0293588,83.5214048,4.7,ठुलो लुम्पेक 32600,", mosque"
,Living Traditions Museum,"PC8H+H38, चाँगुनारायण 44600, नेपाल",27.7161037,85.4277667,4.5,चाँगुनारायण 44600,", museum"
,Satyawati Gaupalika,"2C9P+XHR, खैरेनी 32600, नेपाल",28.0199843,83.4363853,4.7,खैरेनी 32600,", zoo"
,Satyawati Temple Sagdi,"4FWH+85W, 33300, नेपाल",28.145858,83.4779445,4.7,33300,", hindu_temple"
,गुल्मी सत्यवती गेष्ट हाउस,"मित्र्नगर -२९, श्री भृकुटी मार्ग, 44600, नेपाल",27.7327554,85.3103933,4.2,श्री भृकुटी मार्ग,", historic_site"
,Basada pratikshlaya,"Chandrakot 2, नेपाल",28.1092552,83.4157635,5.0,नेपाल,", park"
,चन्द्रकोट गाउँपालिका,"4C48+569, शान्तिपुर 32600, नेपाल",28.1054223,83.4156081,4.4,शान्तिपुर 32600,", church"
,Chandrakot,"4C8Q+HRQ, शान्तिपुर 33300, नेपाल",28.1164868,83.4396092,4.8,शान्तिपुर 33300,", tourist_attraction"
,Patechour Picnic Spot (पाटेचौर पिकनिक स्पट),"4F46+F63, ग्वाधा 33300, नेपाल",28.1061457,83.4605588,4.2,ग्वाधा 33300,", picnic"
,Ghoraha काठे पुल,"3972+XGF, 32600, नेपाल",28.0649443,83.3513011,5.0,32600,", hike"
,Kumrang Church,"VR8Q+PJ, रामपुर 32500, नेपाल",27.866827,83.8390595,5.0,रामपुर 32500,", church"
,Ridi Bazaar.,"WCPM+VM9, Tansen-Ridi-Tamghas Road, रूरू 32600, नेपाल",27.9372851,83.4341713,4.4,Tansen-Ridi-Tamghas Road,", tourist_attraction"
,रूरू,"रूरू, नेपाल",27.9491733,83.4163226,,नेपाल,", historic_site"
,चौपारी अमराइ,"X9C7+373, Unnamed Road, दिगाम 32600, नेपाल",27.9701297,83.3631685,5.0,Unnamed Road,", park"
,THORGA CHRISTIAN CHURCH,"X98W+688, THORGA 32600, नेपाल",27.9655331,83.3958224,5.0,THORGA 32600,", church"
,छत्रकोट,"छत्रकोट, नेपाल",27.9961135,83.3536722,,नेपाल,", tourist_attraction"
,तल्लाखर्क चेघा(Tallakharka chegha),"जोहँग 32600, नेपाल",28.0381562,83.4239356,4.0,नेपाल,", museum"
,छत्रकोट देवालय मन्दिर,"X8XX+VVP, हर्दिनेता 32600, नेपाल",27.9997146,83.3497177,4.6,हर्दिनेता 32600,", hindu_temple"
,Bichitra Guffa,"45C7+W59, धुर्कोट राजस्थाल 32600, नेपाल",28.1222856,83.1629999,4.4,धुर्कोट राजस्थाल 32600,", park"
,Gulmi,"44MQ+F69, धुर्कोट राजस्थाल 32600, नेपाल",28.1336692,83.1380955,0.0,धुर्कोट राजस्थाल 32600,", tourist_attraction"
,धुर्कोट राजस्थाल,"धुर्कोट राजस्थाल 32600, नेपाल",28.1336692,83.1380955,,नेपाल,", tourist_attraction"
,धुर्कोट,"धुर्कोट, 32600, नेपाल",28.1109061,83.1383887,,32600,", tourist_attraction"
,Dhurkot Gulmi,"446Q+996, धुर्कोट राजस्थाल 32600, नेपाल",28.1109061,83.1383887,2.8,धुर्कोट राजस्थाल 32600,", tourist_attraction"
,घम्मु शिवालय मन्दिर,"45FV+MPC, Mayalpokhari - Tamghas Rd, दर्लामचौर 32600, नेपाल",28.1241849,83.1942835,4.5,Mayalpokhari - Tamghas Rd,", hindu_temple"
,शहिद हुमानन्द बन्जाडेको शालिक(Statue De Humananda Banjade),"3537+RM7, Deurali Khana Daha Rd, मरेङ्ग 32600, नेपाल",28.054538,83.1641664,0.0,Deurali Khana Daha Rd,", monument"
,धुरकोत बस्तु,"धुरकोत बस्तु 32600, नेपाल",28.12,83.18,,नेपाल,", historic_site"
,धुरकोत नयाँगाउं,"धुरकोत नयाँगाउं 32600, नेपाल",28.09,83.19,,नेपाल,", historic_site"
,धुर्कोट,"धुर्कोट, नेपाल",27.6665952,83.7411631,,नेपाल,", historic_site"
,Nepal gulmi dhurkot,"45CJ+222, धुरकोत बस्तु 32600, नेपाल",28.12,83.18,3.7,धुरकोत बस्तु 32600,", historic_site"
,Malika peace park,"Dhamir - Arkhawang Rd, 32600, नेपाल",28.2127373,83.1243681,4.3,32600,", park"
,"Prakash Church Purkot, Gulmi","43V8+XQV, पुर्कोटदह 32600, नेपाल",28.1449853,83.0668914,0.0,पुर्कोटदह 32600,", church"
,मदनी मस्जिद,"2JH2+3JP, नेपालगञ्ज 21900, नेपाल",28.0277608,81.6016339,5.0,नेपालगञ्ज 21900,", mosque"
,"Eid Gaah (Gallamandi, Piprahiya)","Piprahiya, सिद्धार्थनगर 32900, नेपाल",27.5062048,83.4417332,4.2,सिद्धार्थनगर 32900,", mosque"
,Amrit house,"634M+6GP Prem house, 32600, नेपाल",28.2055902,83.0838207,5.0,32600,", museum"
,देवीथान मन्दिर,"32600, नेपाल",28.1624688,83.1139906,5.0,नेपाल,", hindu_temple"
,शहिद हुमानन्दको शालिक(Statue De Humananda Banjade),"Malarani 2, नेपाल",28.0708219,83.0700557,0.0,नेपाल,", monument"
,मदाने,"मदाने, नेपाल",28.1678011,83.0651422,,नेपाल,", historic_site"
,पिप्लाकोे डाँडा,"64HJ+8P8, हावाङदी 32600, नेपाल",28.2284355,83.1318937,5.0,हावाङदी 32600,", trek"
,Malika Temple - कुर्घा मालिका मन्दिर,"48VJ+X6R, कुर्घा 32600, नेपाल",28.1449872,83.3305032,4.4,कुर्घा 32600,", church"
,MALIKA मालिका मन्दिर,"9285+2H6, नराकोट 21200, नेपाल",29.3650283,82.0088987,0.0,नराकोट 21200,", tourist_attraction"
,मल्ल अक्वारियम,"M88H+QVR, ललितपुर 44700, नेपाल",27.6670204,85.3296535,3.9,ललितपुर 44700,", aquarium"
,मालिका,"मालिका, नेपाल",28.2034575,83.1571644,,नेपाल,", trek"
,"नङ्गखेल भ्यू प्वाइन्ट , माली गाँउ","JCRW+986, Dokedanda Devisthan Community forest, Unnamed Road, सुर्यविनायक, नेपाल",27.6409003,85.4457543,4.3,Dokedanda Devisthan Community forest,", hike"
,Simkot Danda,"XRFC+8R4, सिमिकोट 21000, नेपाल",29.9738988,81.8227212,0.0,सिमिकोट 21000,", park"
,Monster Fish & Pets Nepal,"M9JM+F37, मध्यपुर ठिमी 44600, नेपाल",27.6811627,85.382671,5.0,मध्यपुर ठिमी 44600,", aquarium"
,"शिव मन्दिर,सिमिकोट","XR8G+GPR, सिमिकोट 21000, नेपाल",29.9663629,81.8267754,4.6,सिमिकोट 21000,", hindu_temple"
,सिमकोट,"सिमकोट, नेपाल",29.972081,81.8194186,,नेपाल,", monument"
,सिमिकोट विमानस्थल,"XRC9+CFM, जहाजे बाटो, सिमिकोट 21000, नेपाल",29.9710798,81.8186617,4.1,जहाजे बाटो,", monument"
,Humla,"नेपाल टेलिकम, सिमिकोट 21000, नेपाल",29.9724516,81.8212992,4.0,सिमिकोट 21000,", monument"
,Lagna,"XRF3+3CC, सिमिकोट 21000, नेपाल",29.9726793,81.8035199,0.0,सिमिकोट 21000,", trek"
,Ghattekhola church of christ,"GRVP+68H, सरिखेत पलासे 44100, नेपाल",27.5430765,84.8358642,5.0,सरिखेत पलासे 44100,", church"
,नाम्खा,"नाम्खा, नेपाल",30.0490574,81.6508466,,नेपाल,", tourist_attraction"
,"Limi Namkha-06, Humla, Nepal","Limi Namkha-6, नेपाल",30.2975265,81.4727548,0.0,नेपाल,", historic_site"
,Lapcha,"5HMX+XCG, लिमी 21000, नेपाल",30.1849289,81.598565,0.0,लिमी 21000,", trek"
,बझाङ चीन सीमाना,"27R7+QM, कान्दा 10500, नेपाल",30.0419157,81.2641344,5.0,कान्दा 10500,", hike"
,Kirnekharka- tower,"XRR6+QJ, सिमिकोट 21000, नेपाल",29.9919566,81.8116108,5.0,सिमिकोट 21000,", hike"
,Saipal Base Camp(East),"VHVM+CP, कान्दा 10600, नेपाल",29.8935035,81.5842866,3.0,कान्दा 10600,", hike"
,Mane Kandh,"QR9M+F49, सर्कीदेउ 21000, नेपाल",29.7686699,81.8328496,5.0,सर्कीदेउ 21000,", hike"
,Raniban Simikot,"XR97+J8H, सिमिकोट 21000, नेपाल",29.9690735,81.8133498,4.6,सिमिकोट 21000,", hike"
,Nara Lagna,"Nara Lagna, मुचू 21000, नेपाल",30.1336111,81.3869444,5.0,मुचू 21000,", hike"
,Muhan pokhari,"M2R3+3R, भिमेश्वर नगरपालिका 45500, नेपाल",27.6901902,86.0045701,4.5,भिमेश्वर नगरपालिका 45500,", hike"
,Namle Bhir - Sano khola Road,"MGM7+6X, टुकुचा नाला, नेपाल",27.6829551,85.5177062,0.0,टुकुचा नाला,", hike"
,साइपाल हिमाल,"साइपाल हिमाल, मुचू 10500, नेपाल",29.8891666,81.4941666,4.4,मुचू 10500,", hike"
,मुचू,"मुचू, नेपाल",30.0263684,81.5596427,,नेपाल,", hike"
,यांगर,"यांगर, मुचू 21000, नेपाल",30.0649427,81.6021358,,मुचू 21000,", hike"
,Raidhunga,"RF8V+WFV, कान्दा 10500, नेपाल",29.8173682,81.4936618,0.0,कान्दा 10500,", hike"
,Lake Abhishek Hike,"QGFH+99X, कान्दा 10500, नेपाल",29.7734766,81.5284847,0.0,कान्दा 10500,", hike"
,Humla Resort and Spa,"Airport gate Simikot 4, नेपाल",29.9719581,81.8188135,4.3,नेपाल,", hike"
,Namgeycholing,"CWX8+G2Q, मजुवा 45400, नेपाल",27.4488292,85.9151211,0.0,मजुवा 45400,", hike"
,Pakucha,"JHF8+5RG, पकुचा गोरेटो, धुलिखेल 45200, नेपाल",27.6229332,85.5670776,4.0,पकुचा गोरेटो,", hike"
,याल्बंग,"याल्बंग, मुचू 21000, नेपाल",30.0619551,81.6226884,,मुचू 21000,", hike"
,हिलसा,"हिलसा 21000, नेपाल",30.1517424,81.334097,,नेपाल,", hike"
,साइपाल आधार शिविर,"RGQ3+JF, कान्दा 10500, नेपाल",29.839099,81.5036862,4.8,कान्दा 10500,", hike"
,सर्केगाड,"सर्केगाड, नेपाल",29.7133336,81.9644715,,नेपाल,", tourist_attraction"
,Masta mandu temple मस्टा माँडौ,"MVQ5+42V, श्रीनगर 21000, नेपाल",29.6878605,81.8575484,3.0,श्रीनगर 21000,", hindu_temple"
,Gurkha Smarak Salmedada,"5WF3+9HP, फेदी खोला 33800, नेपाल",28.173468,83.9039501,4.5,फेदी खोला 33800,", monument"
,Sarkegad Rural Municipality,"QXH2+RG5, साया 21000, नेपाल",29.7795045,81.9513583,5.0,साया 21000,", picnic"
,K Q MULTI SERVICE & AGRO FARM,"JWPV+7VJ, जिमा 21100, नेपाल",29.6357199,81.9446538,4.8,जिमा 21100,", picnic"
,अदानचुली,"अदानचुली, नेपाल",29.6915932,81.842144,,नेपाल,", tourist_attraction"
,Ahl-E Hadith Masjid Barsauli,"H4PM+XX8, Pakdi to wadari Road, वाणगंगा, नेपाल",27.5874222,83.1349635,5.0,Pakdi to wadari Road,", mosque"
,Adanchuli Humla,"MRRR+JVJ, कालिका 21000, नेपाल",29.6915932,81.842144,0.0,कालिका 21000,", mosque"
,Karnali Conservation Centre,"KALKHE, Adanchuli -1, 21000, नेपाल",29.6915932,81.842144,0.0,Adanchuli -1,", museum"
,Bhiyee Guradev Temple,"JVGH+3QM, भिई 21100, नेपाल",29.6252107,81.8794168,5.0,भिई 21100,", hindu_temple"
,Adanchuli Rural Municipality,"MV57+Q2Q, श्रीनगर 21000, नेपाल",29.6594568,81.8626248,3.9,श्रीनगर 21000,", picnic"
,लक्ष्मी कुण्ड,"V2PW+5X7, खार्पुनाथ 21000, नेपाल",29.8854045,82.0474312,0.0,खार्पुनाथ 21000,", park"
,खार्पुनाथ,"खार्पुनाथ 21000, नेपाल",30.0590448,82.0842901,,नेपाल,", church"
,Kharpunath 1 lali,"Kharpunath 1, लाली, नेपाल",29.8769968,81.8984121,0.0,लाली,", tourist_attraction"
,खार्पुनाथ मन्दिर,"WVR4+9PJ, छिप्रा 21000, नेपाल",29.9409596,81.8567629,4.6,छिप्रा 21000,", hindu_temple"
,खार्पुनाथ,"खार्पुनाथ, 21000, नेपाल",30.0589763,82.0843033,,21000,", monument"
,ठुलो चौर,"QJJ6+7XX, बाडे गाउँ, नेपाल",27.7807452,85.612473,5.0,बाडे गाउँ,", picnic"
,Pokhrel Height,"JC97+4PG, महालक्ष्मी 44709, नेपाल",27.6178245,85.414341,0.0,महालक्ष्मी 44709,", hike"
,Hamro kharpa gau,"J7C6+HQR, दक्षिणकाली 44600, नेपाल",27.6215,85.2618987,0.0,दक्षिणकाली 44600,", hike"
,चंखेली,"चंखेली, नेपाल",29.7411152,82.0733032,,नेपाल,", tourist_attraction"
,Machhalaya,"कार्यविनायक 44700, नेपाल",27.6444596,85.3045893,5.0,नेपाल,", aquarium"
,Chankheli Pass,"Chankheli Pass, दार्मा 21100, नेपाल",29.6419444,82.1113889,5.0,दार्मा 21100,", monument"
,ताँजाकोट,"ताँजाकोट, नेपाल",29.6365278,81.7519054,,नेपाल,", tourist_attraction"
,Nature Aquatics Nepal,"सिद्धार्थ सडक, काठमाडौँ 44600, नेपाल",27.7108187,85.2962613,4.6,काठमाडौँ 44600,", aquarium"
,Tanjakot Temple,"MQ2C+G93, मैला 21000, नेपाल",29.6512729,81.7709073,0.0,मैला 21000,", hindu_temple"
,Google point,"R3QJ+QPG, हर्कटे बजार 57300, नेपाल",26.8394426,88.081832,4.3,हर्कटे बजार 57300,", hike"
,Kyabung,"WRMC+4H, देउमाई 57300, नेपाल",26.932858,87.82135,5.0,देउमाई 57300,", church"
,Mangalbare Ilam,"WRRQ+8JC, देउमाई 57300, नेपाल",26.9408113,87.8390124,4.4,देउमाई 57300,", tourist_attraction"
,कारबरी कैलाश श्रेष्ठ,"WRJ8+5FC, देउमाई 57300, नेपाल",26.9304441,87.8161435,1.0,देउमाई 57300,", museum"
,सेती देवी मन्दिर,"WW95+MV6, ईलाम 57300, नेपाल",26.9191695,87.9096562,4.5,ईलाम 57300,", hindu_temple"
,देउमाई,"देउमाई 57300, नेपाल",26.9332484,87.8255007,,नेपाल,", historic_site"
,स्वामी पार्क,"V2QV+MP4, सूर्योदय 57312, नेपाल",26.8891384,88.0443377,4.3,सूर्योदय 57312,", park"
,Mitra mandali suntale ilam (church) मित्र मण्डली सुन्तले इलाम (चर्च),"V2R8+8V, सूर्योदय 11, नेपाल",26.8908653,88.0171927,5.0,सूर्योदय 11,", church"
,Suryodaya nagarpalika fikkal ilam,"V3W7+CXF, H07, सूर्योदय 57312, नेपाल",26.8960543,88.0649224,5.0,H07,", mosque"
,Aquatic Pet Park,"City Center, Dharma kanta, बिर्तामोड 57204, नेपाल",26.6445548,88.000023,4.7,Dharma kanta,", aquarium"
,सरस्वती मन्दिर Saraswati Temple,"V2WH+34, सूर्योदय, नेपाल",26.8952159,88.0277509,5.0,सूर्योदय,", hindu_temple"
,"Yalamber's Statue.","सूर्योदय 57312, नेपाल",26.8961249,88.0637582,4.1,नेपाल,", monument"
,सूर्योदय,"सूर्योदय, नेपाल",26.8895698,88.0607565,,नेपाल,", historic_site"
,"बुद्ध पार्क सूर्योदय नगरपालिका, इलाम","W3MX+G83, सूर्योदय 57303, नेपाल",26.9337507,88.0982913,4.3,सूर्योदय 57303,", historic_site"
,Suryodaya Adventures,"Biring, नेपाल",26.8819832,88.0712433,4.4,नेपाल,", trek"
,KANYAM Photo point,"V37M+F26, सूर्योदय 57312, नेपाल",26.8636715,88.0825126,4.5,सूर्योदय 57312,", picnic"
,Sky Walk Kanyam,"V32M+85, सूर्योदय 57312, नेपाल",26.8508507,88.0829783,3.9,सूर्योदय 57312,", hike"
,माइ पोखरी इलाम,"2W4H+PXQ, LMP Rd 73, माईपोखरी 57300, नेपाल",27.0068476,87.9299992,4.3,LMP Rd 73,", aquarium"
,Maisthan,"WW5H+RP4, ईलाम 57300, नेपाल",26.9095115,87.9293452,4.8,ईलाम 57300,", hindu_temple"
,Ilam,"248H+HRR, Khopawa 44400, नेपाल",26.9137555,87.9267299,0.0,Khopawa 44400,", hike"
,सन्दकपुर भ्यू टावर,"ईलाम 57300, नेपाल",27.1046917,88.001054,4.5,नेपाल,", park"
,Mt. Moriah House of Prayer,"2XJG+M75, मावु 57300, नेपाल",27.0316326,87.9757974,5.0,मावु 57300,", church"
,सन्दकपुर,"सन्दकपुर, नेपाल",27.0517752,87.9472597,,नेपाल,", tourist_attraction"
,Dhap Pokhari ilam,"2XFP+G6H, जमुना 57300, नेपाल",27.0238013,87.9856241,4.5,जमुना 57300,", tourist_attraction"
,Sunuwar Kirant संग्राहलय भवन,"2VF4+2GV, ईलाम 57300, नेपाल",27.0226145,87.8563115,0.0,ईलाम 57300,", museum"
,Maipokhari Temple,"2W4J+P89, माईपोखरी 57300, नेपाल",27.0067884,87.9308608,4.6,माईपोखरी 57300,", hindu_temple"
,Sandakphu West Bengal,"4242+5JV, सन्दक्फु, Singalila Forest, सिंगालिला फॉरेस्ट, West Bengal 734201, भारत",27.1054791,88.0015484,4.8,सन्दक्फु,", trek"
,जामा मस्जिद,"M.N.N.P, धुलाबारी रोड 3, 57207, नेपाल",26.6559254,88.0984977,4.1,धुलाबारी रोड 3,", mosque"
,Kalika temple,"Rong 2, ईलाम, नेपाल",26.7704152,87.9672314,5.0,ईलाम,", hindu_temple"
,"Singfring, ilam","WWHJ+79H, ईलाम 57300, नेपाल",26.9281849,87.9309983,4.3,ईलाम 57300,", historic_site"
,Mangsebung 3 ilam,"RPWV+PGH, 57300, नेपाल",26.8468241,87.7438638,4.2,57300,", park"
,Mahima church,"RQ3M+8WX, माहामाई 57300, नेपाल",26.8033136,87.784893,0.0,माहामाई 57300,", church"
,माङ्सेबुङ,"माङ्सेबुङ, बाझो 57300, नेपाल",26.8171148,87.7394225,,बाझो 57300,", tourist_attraction"
,Bipin0610 arts and flex design,"Sunshine Marga, उर्लाबारी 56600, नेपाल",26.6660686,87.5986368,5.0,उर्लाबारी 56600,", art_gallery"
,माङसेबुङ,"माङसेबुङ, नेपाल",26.7903362,87.727162,,नेपाल,", historic_site"
,Phedap manggena yak,"4HXR+RWW, सिम्ले 57500, नेपाल",27.1496216,87.5923375,4.5,सिम्ले 57500,", historic_site"
,"Oskar Chowk ""Yalambar Park""","MPXR+94, चुलाचुली 57200, नेपाल",26.6984471,87.7403385,5.0,चुलाचुली 57200,", park"
,Joyti Church Apjhola Ilam,"Mangsebung Rd, दमक 57200, नेपाल",26.7242046,87.7088003,4.7,दमक 57200,", church"
,तीनकुने पोखरी सिमसार,"MQX7+6WM, चुलाचुली 57300, नेपाल",26.6980901,87.7647875,4.1,चुलाचुली 57300,", tourist_attraction"
,इस्लाम मस्जिद दमक,"Bhattarai Rd 11, दमक 57217, नेपाल",26.6622095,87.7019282,4.3,दमक 57217,", mosque"
,Shiva Panchayan Mandir,"MQMJ+J55, CH02, चुलाचुली 57300, नेपाल",26.6840015,87.7804732,4.7,CH02,", hindu_temple"
,चुलाचुली,"चुलाचुली, नेपाल",26.7084299,87.7566513,,नेपाल,", historic_site"
,मैनाचूलि जोर पोखरि पर्यटकीय क्षेत्र,"मई न पा 8 मैनाचूलि, नेपाल",26.6885332,87.8311728,4.6,नेपाल,", trek"
,Chapeti,"PPQ5+W5, चुलाचुली 57300, नेपाल",26.7390678,87.7073859,4.0,चुलाचुली 57300,", picnic"
,जुङ्गेटार (jungetar),"Chulachuli-6, नेपाल",26.7579405,87.6948318,0.0,नेपाल,", hike"
,Phagunanda Park,"WMGR+H6M, रवि 57300, नेपाल",26.9263965,87.6905,4.6,रवि 57300,", park"
,New Life Gospel Church,"Miklajung-1, Athabhaiya 57400, नेपाल",26.9941614,87.6802668,5.0,Athabhaiya 57400,", church"
,नयाँ मन्दिर,"XQ9Q+M28, Fakphokthum 57300, नेपाल",26.9691939,87.7875526,0.0,Fakphokthum 57300,", hindu_temple"
,Iman Singh Chemjong Statue,"2P8P+HVC, फाकफोक 57400, नेपाल",27.0164326,87.7371545,0.0,फाकफोक 57400,", monument"
,फाकफोकथुम,"फाकफोकथुम, नेपाल",26.9678152,87.7863022,,नेपाल,", historic_site"
,Nabin chok,"WW5G+XQ4, निकुञ्ज पथ, ईलाम 57300, नेपाल",26.9098848,87.9268036,5.0,निकुञ्ज पथ,", historic_site"
,फाकफोक,"फाकफोक, नेपाल",27.0026281,87.7468071,,नेपाल,", historic_site"
,Perfect Picnic Spot,"2W3F+JH4, माईपोखरी 57300, नेपाल",27.0040227,87.9239654,5.0,माईपोखरी 57300,", picnic"
,Godak Baptist Church,"Godak-10, ईलाम, नेपाल",26.8762185,87.9892237,5.0,ईलाम,", church"
,माईजोगमाई,"माईजोगमाई, नेपाल",26.9550845,88.0212612,,नेपाल,", tourist_attraction"
,जोगमाइ,"जोगमाइ, नेपाल",27.007277,88.0607565,,नेपाल,", mosque"
,Awalii,"2434+6Q8, गुर्दुम, सिंगालिला फॉरेस्ट, West Bengal 734221, भारत",27.0030383,88.1069659,0.0,गुर्दुम,", mosque"
,Sukhia simana masjid,"X5X8+WQ9, Sukhia Pokhari, West Bengal 734221, भारत",26.9997875,88.1669844,5.0,Sukhia Pokhari,", mosque"
,Jogmai khola,"X362+P83, जोगमाइ 57300, नेपाल",26.9617681,88.0507921,4.5,जोगमाइ 57300,", historic_site"
,"Pipal Chautari, Nakhira Chaurjahari","J5PW+GWQ, बिजयश्वरी 22000, नेपाल",28.6363275,82.1973517,5.0,बिजयश्वरी 22000,", park"
,Living God Church Jintala Jajarkot Nepal 🇳🇵,"livinggodchurch22@gmail.com, V5QG+G68 Living God Church Jintala ward No, 8 Kuse Rural Municipality District, Jajarkot,Karnali Province-6Nepal 🇳🇵, 21500, नेपाल",28.8894428,82.1754723,5.0,V5QG+G68 Living God Church Jintala ward No,", church"
,Karkigaun Jajarkot,"J3P6+5Q9, Jajarkot Sadak, कार्कीगाउँ 22200, नेपाल",28.6354061,82.0619806,0.0,Jajarkot Sadak,", tourist_attraction"
,जाजरकोट खलंगा,"M5XV+CGP, खलङ्गा 21500, नेपाल",28.6985845,82.1938161,4.1,खलङ्गा 21500,", mosque"
,"शिव मन्दिर शिवालय, कालेगाउँ","Bheri Municipality 1 jajarkot, Kalegaun 21500, नेपाल",28.6933253,82.2295054,4.3,Kalegaun 21500,", hindu_temple"
,भेरी नगरपालिका,"M6W6+H68, खलङ्गा 21500, नेपाल",28.6964157,82.2105729,3.5,खलङ्गा 21500,", picnic"
,Kalegaun,"M6V9+HPG, खलङ्गा 21500, नेपाल",28.694184,82.220815,0.0,खलङ्गा 21500,", hike"
,Jhapra,"Q329+9W, झाप्रा 21500, नेपाल",28.7508763,82.0697711,4.0,झाप्रा 21500,", park"
,Jajarkot,"Chhedagad municipality word no 11 Jhapra, दसेरा 21500, नेपाल",28.7638441,82.0413101,0.0,दसेरा 21500,", tourist_attraction"
,Masta Dev Than Temple,"V247+PMM, गर्खाकोट 21500, नेपाल",28.8568254,82.014169,4.5,गर्खाकोट 21500,", hindu_temple"
,जाजरकोट दरबार,"M6X2+H42, खलङ्गा 21500, नेपाल",28.6987717,82.2003019,3.9,खलङ्गा 21500,", monument"
,छेडागाड,"छेडागाड, 21500, नेपाल",28.7638441,82.0413101,,21500,", historic_site"
,Chaap Danda hiking start trail point,"M67P+7GM, चन्द्रागिरी 44600, नेपाल",27.6632001,85.2363009,4.7,चन्द्रागिरी 44600,", hike"
,Garkhakot,"RXPP+QV, कोर्त्राङ 21500, नेपाल",28.836967,81.987143,4.5,कोर्त्राङ 21500,", park"
,जुनीचाँदे,"जुनीचाँदे, नेपाल",28.9019781,81.9367369,,नेपाल,", tourist_attraction"
,"Igna temple Junichande-9,Jajarkot","VW5R+QR7, दह 21500, नेपाल",28.8594005,81.9420451,0.0,दह 21500,", hindu_temple"
,"Junichande Rural Municipality-7,Jajarkot","WX9F+3M4, दह 21500, नेपाल",28.9176334,81.9742091,3.8,दह 21500,", trek"
,Aaru sisna bhanjyang,"RWGF+F3V, मझकोट 21500, नेपाल",28.8262387,81.922657,0.0,मझकोट 21500,", picnic"
,Barekot Limsa Buspark,"W7V3+CW6, रामीडाँडा 21500, नेपाल",28.9435375,82.2547656,3.0,रामीडाँडा 21500,", park"
,बारेकोट,"बारेकोट, नेपाल",29.0260503,82.2934123,,नेपाल,", tourist_attraction"
,Barekot Rural municipality,"W6WX+3C5, रोकायागाउँ 21500, नेपाल",28.9451043,82.2486223,3.2,रोकायागाउँ 21500,", mosque"
,बिजुली डाँडा मष्टा महाङ्काल मन्दिर,"W538+4V4, पैंक 21500, नेपाल",28.9027684,82.1671992,5.0,पैंक 21500,", hindu_temple"
,धोटाचौर उपत्यका,"X8J2+GQ, नायकबाडा 21500, नेपाल",28.9813229,82.301975,5.0,नायकबाडा 21500,", monument"
,नाग्ना,"V7P2+42, रामीडाँडा 21500, नेपाल",28.8852844,82.2500618,5.0,रामीडाँडा 21500,", trek"
,Jajarkot kushe timildhara,"R3QH+HW, टालेगाउँ 21500, नेपाल",28.8389375,82.0798125,0.0,टालेगाउँ 21500,", park"
,Deuti art,"HJW8+XWV, वीरेन्द्रनगर 21700, नेपाल",28.5975725,81.6173277,0.0,वीरेन्द्रनगर 21700,", art_gallery"
,बाघ खोर,"V649+37, ढिमे 21500, नेपाल",28.8551654,82.2181677,5.0,ढिमे 21500,", trek"
,Anaikot Bhanjyang अनैकोट भञ्ज्याङ चौतारी,"MH8J+77H, पाँचखाल, नेपाल",27.6660365,85.5810221,5.0,पाँचखाल,", park"
,Siwalaya Jajarkot,"M8J5+CRQ, Jhamsikhel Rd, ललितपुर 44600, नेपाल",27.6810533,85.3095993,0.0,Jhamsikhel Rd,", hindu_temple"
,Mrigasthali,"P962+5MG, काठमाडौँ 44600, नेपाल",27.7109296,85.3514327,4.6,काठमाडौँ 44600,", monument"
,शिवपुरी नागार्जुन राष्ट्रिय निकुञ्ज,"44600, नेपाल",27.8129232,85.385934,4.4,नेपाल,", trek"
,Telkot-Changu Road,"PC6W+R7C, तेल्कोट-चाङ्गु सडक, चाँगुनारायण 44600, नेपाल",27.7120535,85.4456285,4.1,तेल्कोट-चाङ्गु सडक,", hike"
,Triveni green park dalli,"Q7PW+FGH, डाँडागाउँ, नेपाल",28.7861788,82.2963735,0.0,डाँडागाउँ,", park"
,नलगाड नगरपालिका,"Dalli -7, Nalgaad Municipality, नेपाल",28.791601,82.3016928,3.9,Nalgaad Municipality,", mosque"
,कृष्ण मन्दिर,"Dulal gun Mahamanjushree, 44812, नेपाल",27.6832175,85.4895387,4.6,44812,", hindu_temple"
,बासबारी सिमसार तथा पर्यटकीय क्षेत्र,"M3JH+M5V, धाइजन, नेपाल",26.681728,88.077928,3.9,धाइजन,", park"
,Kripa Free Methodist Church,"M543+HV, मेचीनगर 57200, नेपाल",26.6559435,88.1542737,5.0,मेचीनगर 57200,", church"
,Durga Mandir,"6, Ramailo Gaun, मेचीनगर, नेपाल",26.6536989,88.153034,3.2,Ramailo Gaun,", museum"
,patalganga temple,"M47Q+XGG, मेचीनगर 57200, नेपाल",26.6649491,88.1388238,4.8,मेचीनगर 57200,", hindu_temple"
,मेचीनगर,"मेचीनगर, नेपाल",26.655003,88.1388989,,नेपाल,", historic_site"
,BELIEVERS EASTERN CHURCH BIRTAMOD,"Birtamod-4, बिर्तामोड 57204, नेपाल",26.6363345,87.9854535,4.4,बिर्तामोड 57204,", church"
,Jama Mashjid,"JXXR+R2C, बिर्तामोड 57204, नेपाल",26.6495606,87.9900384,4.2,बिर्तामोड 57204,", mosque"
,Birtamode Art Gallery,"JXXV+3HM, Unnamed Road, बिर्तामोड 57204, नेपाल",26.6477157,87.9939123,5.0,Unnamed Road,", art_gallery"
,Mdms online,"Buspark, बिर्तामोड 57204, नेपाल",26.6515699,88.003605,0.0,बिर्तामोड 57204,", art_gallery"
,Pathibhara Mandir,"JXWQ+V8C, बिर्तामोड 57204, नेपाल",26.6471874,87.9883565,4.7,बिर्तामोड 57204,", hindu_temple"
,Mahadev Statue,"Devi Panchakanya, बिर्तामोड 57204, नेपाल",26.6426354,87.9720406,4.4,बिर्तामोड 57204,", monument"
,East-west Highway Birtamod,"1st&3rd Floor Hanuman ComplexE, महेन्द्र राजमार्ग, बिर्तामोड 57204, नेपाल",26.6422935,87.9888385,0.0,महेन्द्र राजमार्ग,", historic_site"
,Damak Fun Park,"दमक 57217, नेपाल",26.6998805,87.6988601,4.0,नेपाल,", park"
,ज्योति चर्च दमक,"MM8V+7WH, दमक 57217, नेपाल",26.6656808,87.6947693,3.9,दमक 57217,", church"
,फागुन्नद सालिक,"PPF2+98F, Mangsebung Rd, दमक 57200, नेपाल",26.7234271,87.7007906,3.7,Mangsebung Rd,", museum"
,पशुपतिनाथ मन्दिर - दमक,"MP72+WRF, दमक 57217, नेपाल",26.6648182,87.7020386,4.5,दमक 57217,", hindu_temple"
,"(शान्ति चोक ,मदन पोखरी )","Damak 3, दमक 57217, नेपाल",26.6973458,87.6748964,3.8,दमक 57217,", historic_site"
,Adventure Equipment,"Setumari Road, दमक 57217, नेपाल",26.6589094,87.6963826,5.0,दमक 57217,", trek"
,दोमुखा पार्क,"MVMH+8FW, शिवसताक्षी 57300, नेपाल",26.6833619,87.878692,4.2,शिवसताक्षी 57300,", park"
,Holy New Life Church,"MV3Q+FJC, कन्काई 57200, नेपाल",26.6544713,87.8899181,5.0,कन्काई 57200,", church"
,Jamun Khadi Simsar Surunga,"MW37+862, कन्काई 57200, नेपाल",26.6532744,87.9130268,4.0,कन्काई 57200,", tourist_attraction"
,मदिना जामा मस्जिद,"MV2V+XHW, कन्काई 57200, नेपाल",26.6524819,87.8939546,2.5,कन्काई 57200,", mosque"
,Kankai Mai Temples,"MV5C+22X, महेन्द्र राजमार्ग, शिवसताक्षी 57300, नेपाल",26.6576246,87.8700971,4.5,महेन्द्र राजमार्ग,", hindu_temple"
,King Prithivi Narayan Shah Statue राजा पृथ्वीनारायण शाहको सलिक,"JWR8+CCH, कन्काई 57200, नेपाल",26.6401622,87.9167628,4.3,कन्काई 57200,", monument"
,एकान्त टोल,"JVGX+HC8, कन्काई 57200, नेपाल",26.627064,87.899037,4.0,कन्काई 57200,", hike"
,Mahendra Park महेन्द्र पार्क,"H39C+CHW, भद्रपुर 57200, नेपाल",26.5686007,88.0714558,4.4,भद्रपुर 57200,", park"
,"CHRISTIAN REVIAVL CHURCH, BHADRAPUR","H34W+8HM, भद्रपुर 57200, नेपाल",26.5558384,88.0963599,5.0,भद्रपुर 57200,", church"
,Chandragadi Simsar,"J32C+7CH, भद्रपुर 57200, नेपाल",26.6006988,88.0711202,3.8,भद्रपुर 57200,", tourist_attraction"
,"अञ्जुमन इस्लामीया जामा मस्जिद, भद्रपुर","G3PJ+G4M, भद्रपुर 57200, नेपाल",26.5363305,88.0803051,5.0,भद्रपुर 57200,", mosque"
,RJ help centre,"G2QH+QQM, जलथल 57200, नेपाल",26.5394619,88.0294282,5.0,जलथल 57200,", museum"
,गणेश मन्दिर,"H34R+JM7, भद्रपुर 57200, नेपाल",26.5566156,88.0916717,4.7,भद्रपुर 57200,", hindu_temple"
,राजा त्रिभुवन स्मारक,"H32Q+FMF, भद्रपुर 57200, नेपाल",26.5511893,88.0891662,3.8,भद्रपुर 57200,", monument"
,Rangedanda(रङ्गेडाडा),"G3J4+J43, भद्रपुर 57200, नेपाल",26.5316005,88.0563329,4.8,भद्रपुर 57200,", trek"
,भेलागडी सहिद स्मृति लोकतान्त्रिक पार्क,"H2CR+H2H, Chandragadhi- Parakhopi Rd, हल्दीबारी 57200, नेपाल",26.5714251,88.0400985,4.3,Chandragadhi- Parakhopi Rd,", picnic"
,Living Word Church,"M222+QVW, नयाँ बस पार्क मार्ग, बिर्तामोड 57204, नेपाल",26.6519762,88.0022133,5.0,नयाँ बस पार्क मार्ग,", church"
,अर्जुनधारा जलेश्वोर धाम,"MXPQ+35W, शनि अर्जुन 57205, नेपाल",26.6852265,87.9879515,4.5,शनि अर्जुन 57205,", tourist_attraction"
,Krishna-Arjun charriot statue,"arjun dhara 8, शनि अर्जुन 57205, नेपाल",26.6853144,87.9903784,3.0,शनि अर्जुन 57205,", monument"
,फुलुङ्गी दोभान,"RQHH+HM, दानाबारी 57300, नेपाल",26.8289748,87.7791796,5.0,दानाबारी 57300,", hike"
,Presbyterian Church (PCN),"MVJH+CPP, शिवसताक्षी 57300, नेपाल",26.681058,87.8794278,4.0,शिवसताक्षी 57300,", church"
,सताक्षीधाम झरना,"MRQC+724, शिवसताक्षी 57300, नेपाल",26.6881281,87.8200936,4.2,शिवसताक्षी 57300,", tourist_attraction"
,Jalalodin Miya Mosque,"Jhapa Gaunpalika 3, शरणामती 57200, नेपाल",26.5455087,87.8942451,0.0,शरणामती 57200,", mosque"
,SangamCity,"MR2W+G8V, महेन्द्र राजमार्ग, शिवसताक्षी, नेपाल",26.6513671,87.8457896,5.0,महेन्द्र राजमार्ग,", museum"
,Satashidham picnic spot,"MRJ6+795, शिवसताक्षी 57300, नेपाल",26.680636,87.8109969,4.4,शिवसताक्षी 57300,", picnic"
,Swamichowk,"HP7C+H4P, Gauradaha Schoolchaun Road, गौरादह 57200, नेपाल",26.5639532,87.720333,0.0,Gauradaha Schoolchaun Road,", park"
,Beer-lahai-roi prayer house,"HP76+5GX, गौरादह 57200, नेपाल",26.5626241,87.7105703,5.0,गौरादह 57200,", church"
,Gauradaha Lake,"HP88+JGX, Gauradaha Lake, गौरादह 57200, नेपाल",26.566602,87.7163642,5.0,Gauradaha Lake,", tourist_attraction"
,"Bhojpure Toll, Gauradaha-7 , Jhapa","GPGH+P8, गौरादह 57200, नेपाल",26.526872,87.72829,3.0,गौरादह 57200,", museum"
,Shri. Siddeshwor Shivalaya Temple,"GPXH+82J, Gauradaha Haskhora Road, गौरादह 57200, नेपाल",26.5483316,87.727508,5.0,Gauradaha Haskhora Road,", hindu_temple"
,kisanko bazar,"dipu chok, गौरादह 57200, नेपाल",26.5643394,87.7142382,4.3,गौरादह 57200,", monument"
,जनचेतना चोक,"GPQ2+FG6, बरगाछी, गौरादह 57200, नेपाल",26.5386625,87.7012656,0.0,बरगाछी,", trek"
,स्माईल फन पार्क,"JPQJ+W4R, लखनपुर 57200, नेपाल",26.6398613,87.7302728,3.8,लखनपुर 57200,", picnic"
,"Nepal EBC, Shantinagar","Buddhashanti-4, शान्तिनगर 57200, नेपाल",26.724603,88.0645317,5.0,शान्तिनगर 57200,", church"
,बुद्धशान्ति,"बुद्धशान्ति, नेपाल",26.7201384,88.0500567,,नेपाल,", tourist_attraction"
,budhabare masjid,"P3J2+G79, बुधवारे 57200, नेपाल",26.7312276,88.0507284,5.0,बुधवारे 57200,", mosque"
,Mongol Research Center,"P4FR+9HG, बाहुनडाँगी 57200, नेपाल",26.7234766,88.1414672,4.5,बाहुनडाँगी 57200,", museum"
,३ नम्बर डाडा,"P3G5+2VX, शान्तिनगर 57200, नेपाल",26.725119,88.059742,4.5,शान्तिनगर 57200,", trek"
,वृन्दावन पर्यटन क्षेत्र,"बाहुनडाँगी 57200, नेपाल",26.7356637,88.1324137,4.3,नेपाल,", picnic"
,सहरेडाँगी चौक,"M2FW+GP2 NH 07 saharedagi, धाइजन 57200, नेपाल",26.6737566,88.0467624,4.3,धाइजन 57200,", hike"
,"Nepal Evangelical Baptist Convention Church, Haldibari","H2CH+V3, हल्दीबारी 57200, नेपाल",26.572256,88.0278425,4.2,हल्दीबारी 57200,", church"
,"Bhelagudi Wetland, Haldibari (भेलागुडी सिमसार)","गरामनी 57200, नेपाल",26.5719419,88.0396776,4.0,नेपाल,", tourist_attraction"
,Milan Art Gallery,"राजगढ 57200, नेपाल",26.5059792,87.9383683,5.0,नेपाल,", art_gallery"
,पन्चकन्या पाथीभरा temple,"H25V+GV6, गोलधाप सडक, हल्दीबारी 57200, नेपाल",26.5587816,88.0446278,4.5,गोलधाप सडक,", hindu_temple"
,Haldibari Chowk (Bhajan Chowk),"H267+C24, हल्दीबारी 57200, नेपाल",26.5609135,88.0127215,4.5,हल्दीबारी 57200,", monument"
,NIM Ashish Church Jumla,"75HJ+F64, Unnamed Road, चन्दननाथ 21200, नेपाल",29.2786343,82.1805853,3.7,Unnamed Road,", church"
,चन्दननाथ मन्दिर,"75FM+MCP, चन्दननाथ 21200, नेपाल",29.2742033,82.1835789,4.7,चन्दननाथ 21200,", mosque"
,Jumla,"75FH+GHV, चन्दननाथ 21200, नेपाल",29.2738191,82.1789354,0.0,चन्दननाथ 21200,", art_gallery"
,चन्दननाथ,"चन्दननाथ 21200, नेपाल",29.3031459,82.1496049,,नेपाल,", historic_site"
,Rescue Spot,"F26H+48G, मालिकाबोता 21200, नेपाल",29.4603134,82.0283367,0.0,मालिकाबोता 21200,", park"
,Freedom Church,"9X7X+53R, धापा 21200, नेपाल",29.3629879,81.9976525,0.0,धापा 21200,", church"
,"कनकासुन्दरी मन्दिर, सिन्जा उपत्यका","C25F+PR2, कनकासुन्दरी 21200, नेपाल",29.4092596,82.0245095,4.2,कनकासुन्दरी 21200,", church"
,कनकासुन्दरी,"कनकासुन्दरी, नेपाल",29.416848,82.0243657,,नेपाल,", tourist_attraction"
,चेरे चौर,"85GC+859, चन्दननाथ 21200, नेपाल",29.3257886,82.1704709,4.1,चन्दननाथ 21200,", hike"
,J.b apple garden,"8XWR+W7H, नराकोट 21200, नेपाल",29.3473193,81.9907482,0.0,नराकोट 21200,", park"
,Sinja Durbar,"C26F+4CR, कनकासुन्दरी 21200, नेपाल",29.4103653,82.0235137,0.0,कनकासुन्दरी 21200,", museum"
,"Garje,Sinja","93GG+69, शनीगाऊँ 21200, नेपाल",29.3755551,82.0759174,0.0,शनीगाऊँ 21200,", trek"
,"Siddhartha Apple Garden Hima Rural Municipality-07, Jumla","6WG3+HQW, महावैपाथरखोला 21200, नेपाल",29.2264993,81.9044523,5.0,महावैपाथरखोला 21200,", park"
,कार्तिक स्वामी,"कार्तिक स्वामी, 21200, नेपाल",29.2521524,82.1659243,,21200,", tourist_attraction"
,जुम्ला विमानस्थल,"75FV+G42, चन्दननाथ 21200, नेपाल",29.2737672,82.1927725,3.9,चन्दननाथ 21200,", tourist_attraction"
,हिमालय कला र हस्तकला,"Nil Barahi Rd, मध्यपुर थिमि 44600, नेपाल",27.7018057,85.3949619,4.3,मध्यपुर थिमि 44600,", art_gallery"
,Rahadev temple puru jumla Nepal,"6X86+XP, मालिकाठाटा 21200, नेपाल",29.2174494,81.9618078,5.0,मालिकाठाटा 21200,", hindu_temple"
,तालकोट,"882M+R3P, Unnamed Road, पातरासी 21200, नेपाल",29.3020935,82.3326923,5.0,Unnamed Road,", park"
,Jumla Taal,"CF84+MC, पातरासी 21200, नेपाल",29.416683,82.4561121,5.0,पातरासी 21200,", tourist_attraction"
,Rawatbada Tila4 Jumla (रावतबाडा),"6X8X+QX, कुडारी 21200, नेपाल",29.2175335,81.9990684,5.0,कुडारी 21200,", historic_site"
,"Guthichaur गुठिचाैर, जुम्ला","5CH6+WG, गुठीचौर 21200, नेपाल",29.1797871,82.4113692,4.5,गुठीचौर 21200,", park"
,गुठीचौर,"गुठीचौर, नेपाल",29.1796068,82.4102628,,नेपाल,", mosque"
,Chimara Malika ᤛᤣᤘᤠᤖᤥ,"Guthichaur 04, नेपाल",29.2855606,82.2500652,4.7,नेपाल,", hindu_temple"
,TATOPANI (KHARPANI),"2H92+7G, खोप्लांग 34000, नेपाल",28.018723,84.5517851,0.0,खोप्लांग 34000,", park"
,"तातो पानी, Tato Pani","32W6+59M, झार्लाङ्ग 45100, नेपाल",28.0954686,85.0109188,5.0,झार्लाङ्ग 45100,", tourist_attraction"
,Jama Masjid,"F2GJ+727, कपिलवस्तु 32800, नेपाल",27.4756009,83.0300374,5.0,कपिलवस्तु 32800,", mosque"
,Ram Janki Temple,"Guthi, Jhouwa, Indo Nepal Border Trail, झोउवा गुठी, 44300, नेपाल",27.0193786,84.8075699,4.5,Jhouwa,", hindu_temple"
,5 storey temple,"Taumadhi Square, भक्तपुर 44800, नेपाल",27.6710815,85.4293023,4.7,भक्तपुर 44800,", monument"
,"Tatopani Hot Spring , Jumla","63P7+HH3, तातोपानी 21200, नेपाल",29.2361609,82.063767,3.8,तातोपानी 21200,", historic_site"
,तातोपानी,"तातोपानी 21200, नेपाल",29.2396249,82.0516102,,नेपाल,", trek"
,Topla,"433Q+784, तातोपानी 21200, नेपाल",29.1031499,82.0883397,5.0,तातोपानी 21200,", trek"
,तातोपानी,"तातोपानी, नेपाल",29.2347137,82.0559306,,नेपाल,", trek"
,Tadapani,"CFPM+4C, तिप्तिंग 56000, नेपाल",27.4352813,86.4835187,4.4,तिप्तिंग 56000,", trek"
,Tatopani Hot Spring,"FMW3+CMP Hot Spring, तातोपानी 33200, नेपाल",28.4960977,83.6542056,4.2,तातोपानी 33200,", picnic"
,️NEW HOPE CHURCH ️,"887H+G7, छुमचौर 21200, नेपाल",29.3137096,82.3281923,0.0,छुमचौर 21200,", church"
,Prasansa Church lasi,"874G+6WH, डिल्लीचौर 21200, नेपाल",29.3055612,82.2774075,0.0,डिल्लीचौर 21200,", church"
,"གུ་རུའི་གནས། Guru Tirtha, Pema Sambawa statue,","नेपाल, पातरासी, 3 Mahari village邮政编码: 21200",29.37982,82.3649415,5.0,पातरासी,", monument"
,पातरासी,"पातरासी, नेपाल",29.3206886,82.4536115,,नेपाल,", monument"
,पातारासी,"पातारासी, नेपाल",29.3003385,82.3401512,,नेपाल,", monument"
,Large Guru Rinpoche Statue,"H976+2C, पुलू 21100, नेपाल",29.5619961,82.3620605,0.0,पुलू 21100,", monument"
,Chumchaur,"8848+Q93, छुमचौर 21200, नेपाल",29.3068967,82.315936,5.0,छुमचौर 21200,", hike"
,Dhangadhi Park,"Dhangadhi Park, धनगढी 10900, नेपाल",28.7064179,80.5860244,,धनगढी 10900,", park"
,Netuwa Taal,"PH57+HJC, Road, धनगढी 10900, नेपाल",28.710043,80.563591,0.0,Road,", amusement_park"
,कलवरी चर्च धनगढी,"MHXM+RQC, धनगढी 10900, नेपाल",28.6996143,80.5843893,4.6,धनगढी 10900,", church"
,ISKCON Dhangadi,"धनगढी 10900, नेपाल",28.703097,80.5727388,4.7,नेपाल,", hindu_temple"
,Buddha chowk,"MJX4+87R, धनगढी 10900, नेपाल",28.6982402,80.605684,4.2,धनगढी 10900,", monument"
,Dewariya,"PJ59+93R, Jungle Rd, धनगढी 10900, नेपाल",28.708491,80.617635,3.3,Jungle Rd,", historic_site"
,Emmanuel eclesia tikapur kailali,"G495+3W9, टिकापुर 10901, नेपाल",28.5176825,81.1098188,4.0,टिकापुर 10901,", church"
,टिकापुर,"टिकापुर 10901, नेपाल",28.5099229,81.1085744,,नेपाल,", tourist_attraction"
,"Tikapur children park , Kailali","G4M7+CXM, टिकापुर 10901, नेपाल",28.5335875,81.1149219,0.0,टिकापुर 10901,", tourist_attraction"
,Ganesh Temple,"G4G9+M5H, टिकापुर 10901, नेपाल",28.5266319,81.1179775,4.0,टिकापुर 10901,", hindu_temple"
,कुन्टिखेत Park,"J44X+75V, कुन्टिखेत, लम्की चुहा 10901, नेपाल",28.6057298,81.1479244,5.0,कुन्टिखेत,", park"
,Gutu khola& Bheri confluence,"Q8JG+H2, बिद्यापुर 21700, नेपाल",28.7814152,81.3250558,0.0,बिद्यापुर 21700,", amusement_park"
,लम्की चुहा,"लम्की चुहा, नेपाल",28.6394271,81.1416691,,नेपाल,", tourist_attraction"
,Lamki chuha wada partappur,"J4QR+QMF, लम्की चुहा 10900, नेपाल",28.6394271,81.1416691,3.0,लम्की चुहा 10900,", tourist_attraction"
,GHAUSIA Masjid Lamki Tikapur Road Kailali Sudur Pachchim Nepal,"J5G2+C82, चौहा 10901, नेपाल",28.6261997,81.1501957,5.0,चौहा 10901,", mosque"
,भालुभुते चोक,"J456+3H, लम्की चुहा 10901, नेपाल",28.607672,81.1114565,0.0,लम्की चुहा 10901,", museum"
,Lamki Bazar लम्की बजार,"लम्की चुहा 10901, नेपाल",28.6269462,81.1540717,4.0,नेपाल,", art_gallery"
,शिवशक्ति चन्द्रमौलेश्वर धाम,"J5F3+Q24, Unnamed Road, लम्की चुहा 10901, नेपाल",28.6243918,81.1525764,3.7,Unnamed Road,", hindu_temple"
,Hakim Chok Tilakha,"J4W6+JX, लम्की चुहा 10900, नेपाल",28.6459424,81.1111124,0.0,लम्की चुहा 10900,", historic_site"
,Dhade Khola,"M5W7+6Q, लम्की चुहा 10900, नेपाल",28.6955307,81.1643884,0.0,लम्की चुहा 10900,", picnic"
,आमपानी खोला,"M672+CGP, लम्की चुहा 10900, नेपाल",28.6635914,81.2013256,4.5,लम्की चुहा 10900,", hike"
,केरा बारी,"गाउँपालिका ६ जोकाही, 10900, नेपाल",28.6236668,80.9980328,5.0,10900,", park"
,Kota Christiya Church,"JWF4+5V, घोडाघोडी 10900, नेपाल",28.6228387,80.9071409,5.0,घोडाघोडी 10900,", church"
,घोडाघोडी,"घोडाघोडी 10900, नेपाल",28.627729,80.9650023,,नेपाल,", tourist_attraction"
,Belal Masjid Muda Bazar BardGoria Ward No 4 Kailali Sudur Pashchim Nepal,"M26F+J92, 10900, नेपाल",28.66152,81.0234236,5.0,10900,", mosque"
,Ghoda Ghodi Temple,"MWMW+H58, महेन्द्र राजमार्ग, घोडाघोडी 10900, नेपाल",28.6839208,80.9454628,4.3,महेन्द्र राजमार्ग,", museum"
,घोडाघोडी ताल,"घोडाघोडी ताल, 10900, नेपाल",28.6888793,80.9498015,4.2,10900,", monument"
,Ghodaghodi Lake,"MWPW+9F5, घोडाघोडी 10900, नेपाल",28.6858817,80.9462357,4.4,घोडाघोडी 10900,", picnic"
,Chandan Chy Bhajani Nepal,"FXX7+QC, भजनी त्रिशक्ति, नेपाल",28.4994375,80.9635625,5.0,भजनी त्रिशक्ति,", park"
,Jyoti church Bhajani 3 dhushi,"भजनी त्रिशक्ति 10901, नेपाल",28.4935837,81.0013293,0.0,नेपाल,", church"
,Bhajani word 8 Godchaura kailali,"F2R9+23R, थापापुर 10901, नेपाल",28.4901228,81.0176441,0.0,थापापुर 10901,", tourist_attraction"
,भजनी नगरपालिका कार्यालय,"भजनी त्रिशक्ति 10901, नेपाल",28.4911753,80.964479,5.0,नेपाल,", mosque"
,Kundi chauraha,"GWCV+FW, भजनी त्रिशक्ति 10900, नेपाल",28.52124,80.944777,0.0,भजनी त्रिशक्ति 10900,", museum"
,कर्मदेव बाबा मन्दिर,"FXF8+J2H, Unnamed Road, भजनी त्रिशक्ति 10901, नेपाल",28.4740517,80.965095,3.0,Unnamed Road,", hindu_temple"
,भजनी,"भजनी, नेपाल",28.4957414,80.9815817,,नेपाल,", monument"
,भजनी त्रिशक्ति,"भजनी त्रिशक्ति, नेपाल",28.5228412,80.9539475,,नेपाल,", trek"
,Karnali river bank photo spot,"F484+5G, टिकापुर 10901, नेपाल",28.4654123,81.1062904,4.0,टिकापुर 10901,", picnic"
,धिकपुरान घर 🏠Anshumaan Himal Nabian,"F2RF+922, थापापुर 10901, नेपाल",28.4908851,81.0225224,0.0,थापापुर 10901,", hike"
,godavari Viral Bridge,"VHJQ+P2W, अत्तरीया 10900, नेपाल",28.8827298,80.5876692,4.2,अत्तरीया 10900,", park"
,Ishalaya Catholic Church,"Satdobato-Godavari Rd, गोदावरी 44709, नेपाल",27.5971738,85.3710471,4.1,गोदावरी 44709,", church"
,गोदावरी मार्बल डाँडा,"44709, नेपाल",27.5911877,85.3753456,4.3,नेपाल,", tourist_attraction"
,Godawari Temple,"VHHH+MFJ, 10900, नेपाल",28.8792149,80.5786502,4.6,10900,", museum"
,Godawari Kunda गोदावरी कुण्ड,"H9XP+4PC, गोदावरी 44709, नेपाल",27.5978052,85.3867722,4.6,गोदावरी 44709,", hindu_temple"
,गोदावरी जंगल,"HCP2+3HG, गोदावरी 44709, नेपाल",27.5851938,85.4014387,4.4,गोदावरी 44709,", historic_site"
,गोदावरी,"गोदावरी, नेपाल",27.6015625,85.3652959,,नेपाल,", historic_site"
,फुलचोकी भवानी नौधारा मन्दिर,"H9QH+7RM, Godawari - Phulchoki Rd, गोदावरी 44709, नेपाल",27.5882251,85.3795179,4.5,Godawari - Phulchoki Rd,", historic_site"
,Phulchowki,"HCC4+8MF, Trail to Phulchowki Mai, गोदावरी 44700, नेपाल",27.5708024,85.4066658,4.6,Trail to Phulchowki Mai,", hike"
,"The Church of the Living God, Gauriganga-1, Mangalpur, Kailali, Far-West, Nepal","QQ42+4V3, चौमाला 10900, नेपाल",28.7553181,80.7521908,5.0,चौमाला 10900,", church"
,Gorkhali’s Sansari Dada,"Nilkantha-4, नेपाल",27.8859794,84.914195,3.0,नेपाल,", tourist_attraction"
,एभिएशन म्युजियम,"44600, काठमाडौँ, नेपाल",27.6938316,85.3538524,4.0,काठमाडौँ,", museum"
,Gauri Temple,"P87X+6R4, काठमाडौँ 44600, नेपाल",27.7130546,85.3496475,4.5,काठमाडौँ 44600,", hindu_temple"
,Udashipur Kailali,"Gauriganga Municipality 10, उदासीपुर 10905, नेपाल",28.7669539,80.7546952,4.0,उदासीपुर 10905,", historic_site"
,Ram Janaki Mandir,"PH29+G79, धनगढी 10900, नेपाल",28.7012905,80.5682454,4.7,धनगढी 10900,", hindu_temple"
,जानकीनगर,"जानकीनगर 10901, नेपाल",28.5867983,81.0892627,,नेपाल,", historic_site"
,जानकी गाउँपालिकाको कार्यालय,"H455+W2H, दुर्गौली 10901, नेपाल",28.5598337,81.1076551,3.1,दुर्गौली 10901,", trek"
,जानकी,"जानकी, नेपाल",28.5648632,81.1062631,,नेपाल,", trek"
,"Galgatha AG Church, Bauniya","M27Q+MMH, दुदोधारा 10900, नेपाल",28.6641778,81.0392282,5.0,दुदोधारा 10900,", church"
,बर्दगोरिया,"बर्दगोरिया, 10900, नेपाल",28.6590225,81.0481118,,10900,", tourist_attraction"
,bardagoriya suspension bridge,"M3J3+WC, दुदोधारा 10900, नेपाल",28.682291,81.0535415,5.0,दुदोधारा 10900,", tourist_attraction"
,Bardagoriya,"H2WV+GRW, बोनिया 10901, नेपाल",28.5963719,81.0445584,5.0,बोनिया 10901,", museum"
,"बर्दगोरिया, धार्मिक स्थान","M3H3+PPW, दुदोधारा 10900, नेपाल",28.6793581,81.0543411,4.4,दुदोधारा 10900,", hindu_temple"
,Bardagoriya Kanyaraja Temple,"M3J3+5J8, दुदोधारा 10900, नेपाल",28.6804244,81.0540802,3.5,दुदोधारा 10900,", monument"
,deurali view point,"P5J3+C9, सुगारखाल 10900, नेपाल",28.7310491,81.1534316,5.0,सुगारखाल 10900,", hike"
,Shanti AG Church,"VVR7+QRJ, मोहन्याल 10900, नेपाल",28.8919625,80.8645238,0.0,मोहन्याल 10900,", church"
,मोहन्याल,"मोहन्याल 10900, नेपाल",28.88,80.89,,नेपाल,", tourist_attraction"
,Patela Tharu Cultural Museum,"MMX8+CF7, धनगढी 10900, नेपाल",28.6985208,80.666168,4.7,धनगढी 10900,", museum"
,Gallery Mcube,"M8HF+W33, मित्र मार्ग, ललितपुर 44600, नेपाल",27.679765,85.3226748,4.5,मित्र मार्ग,", art_gallery"
,Malika Temple Bhatkuri,"VVHQ+XXX, मोहन्याल 10900, नेपाल",28.88,80.89,0.0,मोहन्याल 10900,", hindu_temple"
,चुरे,"चुरे, नेपाल",29.0149454,80.6232738,,नेपाल,", tourist_attraction"
,GHAUSIA MASJID Dhangadhi (Chauraha) District Kailali SudurPashchim (Nepal),"PH39+HXR, धनगढी 10900, नेपाल",28.7039976,80.5699227,5.0,धनगढी 10900,", mosque"
,"P3A's House/प्रेम को घर","QMWR+RCW, चौमाला 10900, नेपाल",28.7971514,80.6910611,5.0,चौमाला 10900,", museum"
,सापकोटा कुल मन्दिर,"Chure 01, नेपाल",29.0025518,80.6668466,5.0,नेपाल,", hindu_temple"
,सेलास सामुदायिक वन,"8JGM+7C, अमरगढी 10300, नेपाल",29.3256819,80.6335873,0.0,अमरगढी 10300,", historic_site"
,Murivabar Picnic Spot,"VMHF+8X, अत्तरीया 10900, नेपाल",28.8783041,80.6749473,5.0,अत्तरीया 10900,", picnic"
,Phulwari Childeren Park,"JP37+X4P, धनगढी 10900, नेपाल",28.6049512,80.7128302,0.0,धनगढी 10900,", park"
,"Ghortal, Himmatpur","HWM5+MHP, भजनी त्रिशक्ति 10900, नेपाल",28.5842202,80.9089422,5.0,भजनी त्रिशक्ति 10900,", amusement_park"
,Mahima AG Church Kailari-2kailai,"Unnamed Road, 10900, नेपाल",28.6163542,80.7888106,5.0,10900,", church"
,कैलारी,"कैलारी, नेपाल",28.5716774,80.7866592,,नेपाल,", tourist_attraction"
,Kalimai Temple,"K-Gaun, 10900, नेपाल",28.5859411,80.7688783,5.0,10900,", hindu_temple"
,Kailari gaun,"JRC6+222 House of Ramesh Chaudhary, बसौटी 10900, नेपाल",28.6200001,80.8100001,0.0,बसौटी 10900,", historic_site"
,Karnali Rafting and Adventure pvt.Ltd,"Karnali, चिसापानी 10901, नेपाल",28.6382964,81.2783463,4.1,चिसापानी 10901,", trek"
,कोहिलई ताल,"MQRC+6W, गदरिया 10900, नेपाल",28.690505,80.7722853,3.2,गदरिया 10900,", picnic"
,Joshipur 2 Lovely park,"H2J3+65Q, जोशीपुर 10900, नेपाल",28.5805807,81.0029835,4.8,जोशीपुर 10900,", park"
,FGT Church Joshipur,"H2C9+FMJ, जोशीपुर 10901, नेपाल",28.5712331,81.0191358,5.0,जोशीपुर 10901,", church"
,जोशीपुर,"जोशीपुर, नेपाल",28.5674011,81.01473,,नेपाल,", tourist_attraction"
,Joshipur Kailali,"H29C+J76, जोशीपुर 10901, नेपाल",28.5690366,81.0206294,3.0,जोशीपुर 10901,", tourist_attraction"
,DC FARMLAND,"F2QC+QR4, थापापुर 10901, नेपाल",28.4893858,81.0220869,0.0,थापापुर 10901,", museum"
,Shiv Mandir,"H25M+45H, जोशीपुर 10901, नेपाल",28.5578136,81.0329514,4.3,जोशीपुर 10901,", hindu_temple"
,"Uttar Tol, Bhitariya","GXWX+6PJ, जोशीपुर 10901, नेपाल",28.5455923,80.999277,0.0,जोशीपुर 10901,", hike"
,Kalikot raskot,"5J24+JW8, मान्मा 21300, नेपाल",29.1515226,81.6073382,3.6,मान्मा 21300,", park"
,Nirmala kumarishahi,"6P5M+GXW, रामनाकोट 21300, नेपाल",29.2088617,81.734942,0.0,रामनाकोट 21300,", church"
,खाँडाचक्र,"खाँडाचक्र, 21300, नेपाल",29.1485449,81.6142184,,21300,", tourist_attraction"
,Kalikot manma,"4HJX+CC4, कर्णाली राजमार्ग, मान्मा 21300, नेपाल",29.1310188,81.5985687,4.0,कर्णाली राजमार्ग,", tourist_attraction"
,Chittka art,"bayarghari 2, दर्सिङ दहथुम 33801, नेपाल",28.0336271,83.7835692,5.0,दर्सिङ दहथुम 33801,", art_gallery"
,Dadamandu kalikot,"6JF5+927 3, रकु 21300, नेपाल",29.2234214,81.6075464,0.0,रकु 21300,", hindu_temple"
,खाँडाचक्र नगरपालिका,"4JX7+JCF, मान्मा 21300, नेपाल",29.1490352,81.6135444,4.6,मान्मा 21300,", monument"
,Bhattadi Village (भात्तडी गाउँ),"5R2M+3XQ, राँचुली 21300, नेपाल",29.1502221,81.8349238,0.0,राँचुली 21300,", historic_site"
,Ghodalaas घोड़ालाश,"7M86+758, फुकोट 21300, नेपाल",29.2653317,81.6609716,0.0,फुकोट 21300,", park"
,Raskot Municipality office,"6JQP+7WR, सिउना 21300, नेपाल",29.2382128,81.6372834,3.6,सिउना 21300,", mosque"
,Dhalpuro temple धल्पुरो मन्दिर Mangal,"01, hapkot, नेपाल",29.2624364,81.6079413,5.0,hapkot,", hindu_temple"
,Raskot darbar,"7M86+758, फुकोट 21300, नेपाल",29.2656719,81.6604425,0.0,फुकोट 21300,", monument"
,सेतिकोट,"7J4X+FP2, सिउना 21300, नेपाल",29.2561403,81.6492577,5.0,सिउना 21300,", trek"
,कृथाैला(भात्तडी),"5V46+G4M, राँचुली 21300, नेपाल",29.156339,81.8602892,0.0,राँचुली 21300,", park"
,Thamkhet,"4Q2F+69, चिल्खाया 21300, नेपाल",29.1006067,81.77346,0.0,चिल्खाया 21300,", church"
,तिलागुफा,"तिलागुफा, नेपाल",29.1655111,81.8698895,,नेपाल,", tourist_attraction"
,Jiunibada tool,"4MCV+GR6, दाहाफतगाउँ 21300, नेपाल",29.1212967,81.6945399,0.0,दाहाफतगाउँ 21300,", museum"
,Kalikot khalla,"5R8H+648, जुबिथा 21300, नेपाल",29.1655314,81.827843,5.0,जुबिथा 21300,", hindu_temple"
,Temporary Tilagufa municipality,"जुबिथा 21300, नेपाल",29.1435348,81.8222253,4.5,नेपाल,", monument"
,Katikuda,"3PJM+62J, गेला 21300, नेपाल",29.080578,81.7325132,0.0,गेला 21300,", trek"
,pachal jharana,"7PP6+CGH, नानीकोट 21300, नेपाल",29.2860749,81.711366,5.0,नानीकोट 21300,", park"
,परेवाकोट चर्च Parewakot Church,"JP47+677, पिप्ले 44202, नेपाल",27.6055787,84.713184,5.0,पिप्ले 44202,", church"
,"Lapha,Pachal Jharana,Kalikot","7P96+FF, रामनाकोट 21300, नेपाल",29.2687105,81.7112493,2.0,रामनाकोट 21300,", tourist_attraction"
,Pachaljharna Waterfall| पचालझर्ना,"6PGV+VC, रामनाकोट 21300, नेपाल",29.2271866,81.7435364,3.5,रामनाकोट 21300,", mosque"
,कालशिल्ला मन्दिर पलातिबाडा,"6MV4+3W9, फुकोट 21300, नेपाल",29.2425628,81.6559403,3.0,फुकोट 21300,", hindu_temple"
,Tribeni patan Kalikot,"8HW3+VP, मुम्राकोट 21300, नेपाल",29.347125,81.5543478,5.0,मुम्राकोट 21300,", park"
,Sanni triveni 1 lusa kalikot,"6JM5+R85 1 lusa, मेहल मुडी 21300, नेपाल",29.2345006,81.6083643,1.0,मेहल मुडी 21300,", church"
,Trivini Patan त्रीविनी पाटन,"8GXP+67M, कैलाशमाडौँ 10600, नेपाल",29.348087,81.5356575,5.0,कैलाशमाडौँ 10600,", tourist_attraction"
,देवि देवता ले सबै काे रक्षा गरुन सन्दिप,"5HFF+F28, कोटवाडा 21300, नेपाल",29.1736642,81.5725744,5.0,कोटवाडा 21300,", hindu_temple"
,सान्नी त्रिवेणी,"सान्नी त्रिवेणी, 21300, नेपाल",29.2345006,81.6083643,,21300,", historic_site"
,Tribeni Trek,"Khusibu Sadak 16, काठमाडौँ 44600, नेपाल",27.7219955,85.3014756,4.9,काठमाडौँ 44600,", trek"
,कोटिला महादेव मन्दिर,"RMCP+663, नारायण नगरपालिका 21600, नेपाल",28.8205035,81.685547,3.3,नारायण नगरपालिका 21600,", hindu_temple"
,हनुमान ढोका,"Hanuman Dhoka Sadak, काठमाडौँ 44600, नेपाल",27.704272,85.307417,4.5,काठमाडौँ 44600,", monument"
,नरहरिनाथ,"नरहरिनाथ, नेपाल",29.170372,81.5683301,,नेपाल,", historic_site"
,कालिकोट,"कालिकोट, नेपाल",29.2088617,81.734942,,नेपाल,", trek"
,Kakani Picnic Spot,"R6GW+7GX, ककनी 44900, नेपाल",27.8257471,85.2463723,0.0,ककनी 44900,", picnic"
,"Kalika Park, Budhanilkantha -8, Bhangal, Kathmandu","बुढानीलकण्ठ 44600, नेपाल",27.7594507,85.3593767,4.2,नेपाल,", park"
,Kaskikot Kalika Temple,"7WC3+RRX Suikhet Road, कास्कीकोट 33700, नेपाल",28.2720869,83.9046544,4.5,कास्कीकोट 33700,", tourist_attraction"
,Kaalo.101,"ललितपुर 44600, नेपाल",27.6753133,85.3265957,4.8,नेपाल,", art_gallery"
,Shubhakalika RM kalikot,"4J5H+FFG, सुकाटिया 21300, नेपाल",29.1087079,81.6286885,5.0,सुकाटिया 21300,", monument"
,शुभ कालीका,"शुभ कालीका, नेपाल",29.09364,81.5825446,,नेपाल,", picnic"
,मिलन चोक Milan chook,"4J5M+3QG, सुकाटिया 21300, नेपाल",29.1076852,81.6344449,1.0,सुकाटिया 21300,", park"
,महावै,"महावै, नेपाल",29.0562998,81.7549097,,नेपाल,", tourist_attraction"
,K.K AQUARIUM SHOP,"P86V+CP9, Jaya Bageshwori Road, काठमाडौँ 44600, नेपाल",27.711034,85.34437,3.5,Jaya Bageshwori Road,", aquarium"
,Bihanee Art Gallery & Videography,"bansgadhi-5, बाँसगढी 21800, नेपाल",28.2829686,81.5486728,0.0,बाँसगढी 21800,", art_gallery"
,Kalikot manma,"4JV7+PH3, मान्मा 21300, नेपाल",29.1442616,81.6139233,3.0,मान्मा 21300,", monument"
,Tannakatiya,"3J9Q+M8, सुकाटिया 21300, नेपाल",29.0692159,81.6383465,5.0,सुकाटिया 21300,", hike"
,पलाता,"पलाता, नेपाल",29.3597883,81.8390139,,नेपाल,", tourist_attraction"
,hindu temple,"8P2X+4XR, थिर्पू 21300, नेपाल",29.3003745,81.7498981,4.0,थिर्पू 21300,", hindu_temple"
,कुडील्ला,"7QC9+FRC, रामनाकोट 21300, नेपाल",29.2711964,81.7695219,0.0,रामनाकोट 21300,", hike"
,Siddhanath temple Nepal,"2536+4X7, भीमदत्त 10400, नेपाल",29.0027871,80.162462,4.6,भीमदत्त 10400,", hindu_temple"
,Punarbas Park,"MF32+QFP, Road, पुनर्वास 10400, नेपाल",28.6544565,80.4512105,4.3,Road,", park"
,Sinai Church,"MF94+7VM, पुनर्वास 10400, नेपाल",28.668288,80.4572309,5.0,पुनर्वास 10400,", church"
,पुनर्वास,"पुनर्वास, नेपाल",28.6512253,80.4660256,,नेपाल,", tourist_attraction"
,Barkaati Masjid Krishna Nagar Colony,"JCJF+G64, Basahi Colon, Krishna Nagar Colony, Uttar Pradesh 262904, भारत",28.6170266,80.4107745,0.0,Basahi Colon,", mosque"
,राना थारु संग्रहालय,"PC64+XRF, पुनर्वास 10400, नेपाल",28.7124422,80.4070362,2.5,पुनर्वास 10400,", museum"
,"हिरापुर कालो हरिण संरक्षण क्षेत्र, शुक्लाफाँटा राष्ट्रिय निकुञ्ज","Shuklaphanta Municipality, 10400, नेपाल",28.953146,80.3349485,4.8,10400,", zoo"
,shiva Temple,"HGQ7+MWF, पुनर्वास 10400, नेपाल",28.589183,80.5147885,4.9,पुनर्वास 10400,", hindu_temple"
,Bedkot Park,"X723+R72, 10400, नेपाल",28.9520238,80.2531438,5.0,10400,", park"
,Bedkot Lake,"Bedkot Lake, दैजी 10400, नेपाल",29.0234395,80.3202661,4.4,दैजी 10400,", tourist_attraction"
,बिष्णु मन्दिर,"255X+W4X, भीमदत्त 10400, नेपाल",29.0098536,80.1978665,4.8,भीमदत्त 10400,", hindu_temple"
,"झिलमिला ताल भी न पा ९ मटेना, कञ्चनपुर नेपाल Jhilmila lake KanchanpurNepal","359Q+23V Jhilmil Taal, भीमदत्त 10400, नेपाल",29.0676027,80.1876809,4.7,भीमदत्त 10400,", trek"
,Shikri kunda शिक्रि कुण्डा,"P7MH+Q8R, Unnamed Road, बेलौरी 10400, नेपाल",28.7344806,80.2782667,4.5,Unnamed Road,", park"
,"Hope Community Church, Belauri Kanchanpur","M9Q3+RV5, बेलौरी 10400, नेपाल",28.6895215,80.3547286,0.0,बेलौरी 10400,", church"
,Prem Taal,"M86W+6P5, बेलौरी 10400, नेपाल",28.6605015,80.3468551,5.0,बेलौरी 10400,", tourist_attraction"
,Jama Masjid Kamalapuri,"J9P4+H7P, Teduha, Kamala Puri Colony, Uttar Pradesh 262904, भारत",28.6364635,80.3557018,4.8,Teduha,", mosque"
,बेलौरी बजार,"बेलौरी बजार, बेलौरी 10400, नेपाल",28.6841446,80.360297,,बेलौरी 10400,", monument"
,"बेलौरी नगरपालिका कार्यालय, कञ्चनपुर","बेलौरी पार्क, बेलौरी 10400, नेपाल",28.681689,80.3620029,3.8,बेलौरी 10400,", historic_site"
,Kanchanpur belauri,"बेलौरी 00997, नेपाल",28.6821034,80.362701,3.0,नेपाल,", historic_site"
,Nakaiya,"M8GF+5W5, बेलौरी, नेपाल",28.6753918,80.3248439,5.0,बेलौरी,", trek"
,Bandhatal,"MC95+PV, बेलौरी 10400, नेपाल",28.6693209,80.4096641,0.0,बेलौरी 10400,", picnic"
,"Chamman Chauraha, Kaluwapur","QGQ9+9MM, कृष्णपुर 10400, नेपाल",28.7884683,80.5191697,4.6,कृष्णपुर 10400,", park"
,Prashansa Baptist Church,"QGWJ+994, कृष्णपुर 10900, नेपाल",28.7958813,80.5309556,0.0,कृष्णपुर 10900,", church"
,सिस्ने सिमसार तथा पर्यटन क्षेत्र,"VFR4+MJ9, कृष्णपुर 10400, नेपाल",28.8916502,80.4566085,5.0,कृष्णपुर 10400,", tourist_attraction"
,Kailali-kanchanpur Suspension bridge shantipur,"QGHX+3J, अत्तरीया 10900, नेपाल",28.7777113,80.5491071,4.0,अत्तरीया 10900,", tourist_attraction"
,कृष्णपुर नगरपालिका कार्यालय,"RFPP+P5H, कृष्णपुर 10400, नेपाल",28.8368081,80.4855333,4.0,कृष्णपुर 10400,", mosque"
,Namadev Temple,"PHGH+PWF, धनगढी 10900, नेपाल",28.7268213,80.5797869,4.5,धनगढी 10900,", museum"
,श्री सिद्धनाथ मन्दिर,"VC97+X4R, कृष्णपुर 10400, नेपाल",28.869946,80.4127174,0.0,कृष्णपुर 10400,", hindu_temple"
,गडबिजुला ताल,"कृष्णपुर 10400, नेपाल",28.8495555,80.4222926,5.0,नेपाल,", historic_site"
,Attariya Chauraha,"RH63+X9X, अत्तरीया 10900, नेपाल",28.8127412,80.5537537,4.1,अत्तरीया 10900,", picnic"
,Pipraiya Park,"W4C8+3MV, भीमदत्त 10400, नेपाल",28.9202497,80.1166807,2.8,भीमदत्त 10400,", park"
,Canaan A.G Church,"X5JG+6V3, Bhimdattanagar Aithpur 6, भीमदत्त 10400, नेपाल",28.9783125,80.1766875,3.7,Bhimdattanagar Aithpur 6,", church"
,Mahakali Rafing Resort,"W4G8+95, भीमदत्त 10400, नेपाल",28.9258801,80.115482,4.6,भीमदत्त 10400,", tourist_attraction"
,दोधारा चाँदनी पुल,"W4F7+FJJ, भीमदत्त 10400, नेपाल",28.923716,80.1140076,4.5,भीमदत्त 10400,", mosque"
,"Harihar Snan Ghat-12, Airy,Mahendranagar","X428+RFR, भीमदत्त 10400, नेपाल",28.9521074,80.1161302,5.0,भीमदत्त 10400,", hindu_temple"
,"Mahakali Bridge,Dodhara Chadani","W4W4+4WR, Mahakali Road, भीमदत्त 10400, नेपाल",28.9453722,80.1072601,4.6,Mahakali Road,", monument"
,Picnic SporT Dodhara Chandani 5,"V3RX+R78, दोधारा चाँदनी 10400, नेपाल",28.892033,80.0981993,5.0,दोधारा चाँदनी 10400,", picnic"
,Mahakali Suspension Bridge,"W4F8+G2G, Mahakali Jholunga Bridge, भीमदत्त 10400, नेपाल",28.9238146,80.1150818,4.2,Mahakali Jholunga Bridge,", hike"
,Anugraha Church ️ ️,"देखतभुली 10400, नेपाल",28.8481822,80.4061098,2.0,नेपाल,", church"
,Shuklaphanta Wildlife Reserve Museum,"X42X+455, भीमदत्त 10400, नेपाल",28.9502602,80.1479252,4.9,भीमदत्त 10400,", museum"
,श्री बैजनाथ मन्दिर शुक्लाफांटा नगरपालिका ०७ सिमलफांटा,"Shuklaphanta Municiapality Ward No. 7, Shimaphanta 10400, नेपाल",28.9451469,80.3439024,5.0,Shimaphanta 10400,", hindu_temple"
,Prakash church,"R9GW+HW9, 05, नेपाल",28.8264008,80.3973622,0.0,05,", church"
,Jame Masjid Jamiatul Islah Alislamia,"Jalpapur Rd 2, रामनगर भुटाहा 56715, नेपाल",26.5346187,87.1185355,4.7,रामनगर भुटाहा 56715,", mosque"
,Durga mandir bichpatti,"R94C+W9R, देखतभुली 10400, नेपाल",28.8073666,80.3708767,4.0,देखतभुली 10400,", museum"
,Siv Mandir Chandev khairgadaiya,"Laljhadi 6 Chandev Kanchpur, 10400, नेपाल",28.7681969,80.3404899,5.0,10400,", hindu_temple"
,लालझाडी,"लालझाडी, 10400, नेपाल",28.7606805,80.3855818,,10400,", historic_site"
,Simal Tree Border Picnic ground,"MG83+7FF, बैसि बिचवा 10400, नेपाल",28.6656892,80.5036568,5.0,बैसि बिचवा 10400,", picnic"
,Little green park,"Q7JG+C3, बेलडन्डी 10400, नेपाल",28.7811166,80.2751423,4.0,बेलडन्डी 10400,", park"
,"Balidan A.G. Church, Simaldandi","Q747+VW, बेलडन्डी 10400, नेपाल",28.7571644,80.2648533,4.0,बेलडन्डी 10400,", church"
,Beldandi,"Q7H9+P3R, बेलडन्डी 10400, नेपाल",28.7793561,80.2676442,5.0,बेलडन्डी 10400,", tourist_attraction"
,बेलडन्डी,"बेलडन्डी 10400, नेपाल",28.7754741,80.2655846,,नेपाल,", mosque"
,बिहानी आर्ट ग्यालरी,"6GRC+87Q, बाँसगढी 21800, नेपाल",28.2408465,81.5207365,0.0,बाँसगढी 21800,", art_gallery"
,Baijanath Temple,"Q6JQ+985, बेलडन्डी 10400, नेपाल",28.7808756,80.2383725,5.0,बेलडन्डी 10400,", monument"
,The Trek Nepal,"Tarkeshwor - 5, काठमाडौँ 44600, नेपाल",27.7436247,85.2908403,5.0,काठमाडौँ 44600,", trek"
,Kapilvastu Park - Ancient Buddhist Site,"C4XH+63W, National Highway 233, Birdpur No.1, Uttar Pradesh 272202, भारत",27.4481002,83.1277057,4.2,National Highway 233,", park"
,Punaruthan Church Sagarahawa,"J33H+6H, कपिलवस्तु 32800, नेपाल",27.6030616,83.0789173,4.0,कपिलवस्तु 32800,", church"
,कपिलवस्तु संग्रहालय,"H2FX+J7H, कपिलवस्तु 32800, नेपाल",27.5740659,83.0482232,4.2,कपिलवस्तु 32800,", museum"
,Kapilvastu Museum,"C4QH+MGJ, Piprahawa - Bankatwa Rd, Pachangawa, Uttar Pradesh 272202, भारत",27.4391333,83.1287385,4.6,Piprahawa - Bankatwa Rd,", museum"
,Jagdishpur Bird Sanctuary,"J39W+92, वाणगंगा 32800, नेपाल",27.6184843,83.0950646,4.2,वाणगंगा 32800,", zoo"
,श्री तौलेश्वरनाथ मन्दिर,"G3V3+W83, कपिलवस्तु 32800, नेपाल",27.5447588,83.0532825,4.5,कपिलवस्तु 32800,", hindu_temple"
,Rajapani Picnic Spot,"J5XM+GWW, वाणगंगा 32800, नेपाल",27.6488505,83.1848385,3.8,वाणगंगा 32800,", picnic"
,Basantchok,"F2H6+C2W, 32800, नेपाल",27.4786003,83.0100853,0.0,32800,", hike"
,Love Park(मधाैलिया वन उद्यान),"Banganga no. 05 madhauli, नेपाल",27.6764326,83.1535126,3.8,नेपाल,", park"
,Kapilvastu Avinash Church,"Banaganga-5, Kopawa, नेपाल",27.6456584,83.1231563,4.8,Kopawa,", church"
,Jama Masjid Abu Bakr Siddique,"H4MC+RV9, कपिलवस्तु 32800, नेपाल",27.5845806,83.1222327,4.3,कपिलवस्तु 32800,", mosque"
,BIHANI GIFT & ARTS,"Horizon Chowk 4 No, Kapilvastu, नेपाल",27.6830627,83.1774288,0.0,Kapilvastu,", art_gallery"
,बनगाई शिव मन्दिर,"J43P+78X, Bangai, कपिलवस्तु 11, नेपाल",27.6032372,83.1358916,5.0,Bangai,", hindu_temple"
,लक्ष्मणघाट बाँध,"Laxmanghat 6, वाणगंगा 32800, नेपाल",27.666407,83.114623,4.3,वाणगंगा 32800,", monument"
,Niglihawa Ashoka Pillar,"H3WW+279, कपिलवस्तु 32800, नेपाल",27.5950362,83.0957311,4.6,कपिलवस्तु 32800,", historic_site"
,Nagawa forest,"J4MQ+XF9, वाणगंगा 32800, नेपाल",27.635336,83.1377443,5.0,वाणगंगा 32800,", trek"
,"Banganga sub division Forest Office, Dohte","Q3CF+V72, ठाडा 32800, नेपाल",27.77215,83.0731251,3.6,ठाडा 32800,", hike"
,चन्द्रौटा चाेक,"JVX7+JQ5 E W, महेन्द्र राजमार्ग, शिवराज 32800, नेपाल",27.6490227,82.8644788,4.0,महेन्द्र राजमार्ग,", park"
,Calvary church,"MRHV+6H3, शिवराज 32800, नेपाल",27.6780153,82.8439138,5.0,शिवराज 32800,", church"
,Masjid katuwa,"JVMV+69X, शिवराज 32800, नेपाल",27.6331122,82.8934735,5.0,शिवराज 32800,", mosque"
,Shivraj 6 Birpur kapilvastu,"शिवराज 32800, नेपाल",27.60992,82.8531783,3.5,नेपाल,", hindu_temple"
,अन्तर्राष्ट्रिय कृष्ण भावनामृत संघ नेपाल,"Q9M4+GF4, Budhanilkantha School Main Rd, बुढानीलकण्ठ 44600, नेपाल",27.7836549,85.3569996,4.6,Budhanilkantha School Main Rd,", church"
,कृष्णनगर,"कृष्णनगर, नेपाल",27.5097292,82.7940297,,नेपाल,", tourist_attraction"
,श्री लक्ष्मी नारायण मन्दिर,"GQ2R+2C8, कृष्णनगर, नेपाल",27.5000206,82.7910822,4.6,कृष्णनगर,", hindu_temple"
,Gotihawa Stupa & Pillar Site,"G2C9+V69, कपिलवस्तु 32800, नेपाल",27.5221583,83.0180941,4.7,कपिलवस्तु 32800,", historic_site"
,Barkati Masjid Bargada,"GXXJ+45M, महाराजगंज 32800, नेपाल",27.5485526,82.9802686,4.4,महाराजगंज 32800,", mosque"
,Happy Fins,"सिद्धार्थनगर 32900, नेपाल",27.5083731,83.4546339,4.3,नेपाल,", aquarium"
,महाराजगंज,"महाराजगंज 32800, नेपाल",27.56,82.97,,नेपाल,", trek"
,Church,"H357+V38, कपिलवस्तु 32800, नेपाल",27.5596789,83.0626432,0.0,कपिलवस्तु 32800,", church"
,Twin Stupa,"H3J4+PPC, Tilaurakot, कपिलवस्तु 32800, नेपाल",27.581806,83.0567643,4.7,Tilaurakot,", tourist_attraction"
,बुद्ध नेपाल कला ग्यालरी,"Infront Of Global IME Bank, चाक्सीवारी मार्ग, काठमाडौँ 44600, नेपाल",27.7164864,85.3101423,4.8,चाक्सीवारी मार्ग,", art_gallery"
,Buddha Lumbini Treks,"J8G9+6JP, सातदोबाटो टिकाभैरब मार्ग, ठेचो 44600, नेपाल",27.6253117,85.3202051,5.0,सातदोबाटो टिकाभैरब मार्ग,", trek"
,"Dhap Dam , Shivapuri National Park","Sundarijal-Chisapani Trek, गोकर्णेश्वर, नेपाल",27.8059842,85.4555618,4.4,गोकर्णेश्वर,", hike"
,Nandnagar,"Mayadevi 8, nandnagar, नेपाल",27.4679893,83.1632916,5.0,nandnagar,", park"
,Jama masgid,"G472+F4V, कपिलवस्तु 32800, नेपाल",27.5137286,83.1002902,4.0,कपिलवस्तु 32800,", mosque"
,मायादेवी,"मायादेवी, 32800, नेपाल",27.5255751,83.1432626,,32800,", historic_site"
,Red Sun Fun Park,"GF4F+QMJ, सिद्धार्थनगर 32900, नेपाल",27.5069722,83.4741462,4.1,सिद्धार्थनगर 32900,", amusement_park"
,सुद्धोधन,"सुद्धोधन, नेपाल",27.5086049,83.2034382,,नेपाल,", tourist_attraction"
,Fulwapur Abdul house,"C6V6+CJ, लुम्बिनी साँस्कृतिक 32800, नेपाल",27.4435486,83.2115452,4.9,लुम्बिनी साँस्कृतिक 32800,", mosque"
,Jaynagra Nepal,"F679+3PQ, हुलाकी राजमार्ग, लुम्बिनी साँस्कृतिक 32900, नेपाल",27.4627129,83.2193556,5.0,हुलाकी राजमार्ग,", trek"
,Senior Citizen Park जेष्ठ नागरिक उद्यान,"कपिलवस्तु 32800, नेपाल",27.540141,83.0539316,3.0,नेपाल,", park"
,एक्वा वाटर पार्क लुम्बिनी,"Lumbini Aqwa Park and Resort, सिद्धार्थनगर 32900, नेपाल",27.4861831,83.4628829,3.8,सिद्धार्थनगर 32900,", amusement_park"
,Noori masjid,"HRJ5+M4P, Vijaynagar Patradaya, Patthardaihiya 32800, नेपाल",27.5798723,82.8109239,4.1,Vijaynagar Patradaya,", mosque"
,Gugauli,"H22W+PQ6 Bijaynagar Rural Municipality 1, कपिलवस्तु 32800, नेपाल",27.5517986,83.0468775,0.0,कपिलवस्तु 32800,", hindu_temple"
,बसुन्धारा पार्क,"6X37+4W4, पार्क सडक, पोखरा 33700, नेपाल",28.2027712,83.9648348,4.3,पार्क सडक,", park"
,बाटुलेचौर चर्च,"7X7J+PCQ, पोखरा 33700, नेपाल",28.2643286,83.9811204,3.6,पोखरा 33700,", church"
,पोखरा लेकसाइड,"6X84+3JQ, Lakeside Rd, पोखरा 33700, नेपाल",28.215209,83.9566153,4.6,Lakeside Rd,", tourist_attraction"
,Pumdikot Shiva Statue,"पोखरा 33700, नेपाल",28.1993758,83.9293815,4.6,नेपाल,", monument"
,सहिद चोक,"पोखरा 33700, नेपाल",28.2015769,83.969797,4.1,नेपाल,", historic_site"
,Gaurighat Park Lakeside,"Gaurighat Park Lakeside, नेपाल",28.2058335,83.9606631,4.4,नेपाल,", picnic"
,Sarangkot View Point,"6WRX+P5P, Thapa Street, पोखरा 33700, नेपाल",28.2418404,83.9479378,4.6,Thapa Street,", hike"
,Annapurna Skate Park,"पोखरा 33700, नेपाल",28.2026368,83.9877514,4.2,नेपाल,", park"
,Annapurna Mata Mandir,"Annapurna municipality-6, लुम्ले 33400, नेपाल",28.3031378,83.7686724,4.7,लुम्ले 33400,", hindu_temple"
,अन्नपूर्ण आधार शिविर,"घान्द्रुक 33700, नेपाल",28.5304141,83.8780691,4.8,नेपाल,", trek"
,Annapurna Range view point Lama Gaun,"6XVJ+595, साराङकोट रोड, पोखरा 33700, नेपाल",28.2428761,83.9809832,4.5,साराङकोट रोड,", picnic"
,वर चौतारी,"8W6W+Q6, घाचोक 33700, नेपाल",28.3119184,83.9455331,0.0,घाचोक 33700,", park"
,Machhapuchre Baptist Church,"9XHC+G3W, माछापुच्छ्रे 33700, नेपाल",28.378876,83.970199,4.5,माछापुच्छ्रे 33700,", church"
,Masjid Bilal Ra.,"Firke Marga 8, पोखरा 33700, नेपाल",28.2234678,83.9861303,4.3,पोखरा 33700,", mosque"
,Guranse Bhume Aama Samuha Museum गुराँसे भुमे आमा समूह संग्रहालय,"8XP4+85Q, घाचोक 33700, नेपाल",28.3358292,83.9554796,5.0,घाचोक 33700,", museum"
,"Martha's Macrame","Baidam Rd, पोखरा 33700, नेपाल",28.2174986,83.9588549,5.0,पोखरा 33700,", art_gallery"
,माछापुच्छ्रे,"माछापुच्छ्रे, नेपाल",28.4708556,83.9955879,,नेपाल,", historic_site"
,अष्ट्रेलियाली शिविर,"8R4H+267 Australian camp, Annapurna-6, धम्पुस 33700, नेपाल",28.3044734,83.8280271,4.4,Annapurna-6,", historic_site"
,Machhapuchhre Village Inn,"Khahare-tol, Ghachok, पोखरा, नेपाल",28.3337205,83.9534815,4.3,Ghachok,", historic_site"
,माछापुच्छ्रे,"माछापुच्छ्रे, नेपाल",28.4708519,83.9956016,,नेपाल,", historic_site"
,Sidhuwa Park Madi,"F833+F92, माडी 44200, नेपाल",27.4536414,84.3033844,4.5,माडी 44200,", park"
,Madhupuri Baptist Church,"नारायणी 44200, नेपाल",27.5787197,84.3174507,4.4,नेपाल,", church"
,पाताले छाँगो,"5XQ5+HP2, H10, पोखरा 33700, नेपाल",28.1895642,83.9586637,4.1,H10,", tourist_attraction"
,Pachvaiya Zoo and Animal Conservation Area,"5454+2RV, लेखनाथ 33700, नेपाल",28.1576117,84.107044,3.5,लेखनाथ 33700,", zoo"
,"Bhagawati Mandir, Madi Gaupalika","6488+F89, Bhagwatitar, Madi Gaupalika, माझठाना, नेपाल",28.2161633,84.1158584,5.0,Bhagwatitar,", hindu_temple"
,Tree Monument Bench,"X798+P2X, ब्यास 33900, नेपाल",27.969665,84.2653543,0.0,ब्यास 33900,", monument"
,"खुदि, कास्की, गण्डकी, नेपाल","43WQ+433, Shishuwa Rd, लेखनाथ 33700, नेपाल",28.1452651,84.0876656,4.7,Shishuwa Rd,", historic_site"
,Mardi Himal Treks & Expedition Pvt.Ltd,"Street No. 13, पोखरा 33700, नेपाल",28.2083609,83.9591799,5.0,पोखरा 33700,", trek"
,Begnas Kotbari Restaurant and Picnic Spot,"54R7+V3V, लेखनाथ 33700, नेपाल",28.1922457,84.1126652,4.9,लेखनाथ 33700,", picnic"
,Rupaitha- Jamma Masjid,"MWMH+VJ5, Unnamed Road, जनकपुर 45600, नेपाल",26.6842327,85.9256033,4.7,Unnamed Road,", mosque"
,"Rause Odar, Giri gau, kaskikot","7W7F+64R, साराङकोट रोड, कास्कीकोट 33700, नेपाल",28.2631156,83.9227775,4.9,साराङकोट रोड,", historic_site"
,Short Hiking,"6X97+6P5, Unnamed Road, पोखरा 33700, नेपाल",28.2180191,83.9643721,4.4,Unnamed Road,", hike"
,काठमाडौं अन्तर्राष्ट्रिय संगति,"Agricultural Development Bank LTD, काठमाडौँ 44600, नेपाल",27.7131972,85.3126076,4.7,काठमाडौँ 44600,", church"
,शान्ति प्रतिमूर्ति,"P78Q+8QM, काठमाडौँ 44600, नेपाल",27.7158348,85.2894271,4.6,काठमाडौँ 44600,", monument"
,Jagadol Jhanda Park,"Unnamed Road 44600, बुढानीलकण्ठ 44600, नेपाल",27.7430493,85.376456,4.3,बुढानीलकण्ठ 44600,", park"
,Ekata Milap Church,"Q9J4+45R, Budhanilkantha School Main Rd, बुढानीलकण्ठ 44600, नेपाल",27.780365,85.3554509,5.0,Budhanilkantha School Main Rd,", church"
,बूढानीलकण्ठ मन्दिर,"Nepal Vipassana Meditation Center Rd 44600, बुढानीलकण्ठ 44600, नेपाल",27.7780545,85.3623215,4.6,बुढानीलकण्ठ 44600,", tourist_attraction"
,مصلى إلياس الكاندهلوي.,"P9H3+MPC Bus Stop, बुढानीलकण्ठ 44600, नेपाल",27.7292211,85.3543551,0.0,बुढानीलकण्ठ 44600,", mosque"
,Marine Aquatics Nepal,"काठमाडौँ 44600, नेपाल",27.7272108,85.3488546,4.2,नेपाल,", aquarium"
,सतरुद्रेश्वर महादेव,"Q9R8+QRH Budhanilkantha Jungle, बुढानीलकण्ठ 44600, नेपाल",27.7921089,85.3671662,5.0,बुढानीलकण्ठ 44600,", historic_site"
,बुढानिलकण्ठ पार्क,"Q84Q+R24, Khatri Colony Rd, बुढानीलकण्ठ 44600, नेपाल",27.7570146,85.3375932,4.2,Khatri Colony Rd,", picnic"
,"Shivapuri Nagarjun National Park,HQ","Q9RC+J8P Muhan Pokhari, बुढानीलकण्ठ 44600, नेपाल",27.7915768,85.3708321,4.1,बुढानीलकण्ठ 44600,", hike"
,Jalpa Park,"टोखा 44600, नेपाल",27.7492304,85.3191949,4.0,नेपाल,", park"
,Navin Church,"P8XP+2G8, टोखा 44600, नेपाल",27.7475267,85.3363366,3.6,टोखा 44600,", church"
,झोर झरना,"Q8XF+RM3, टोखा 44600, नेपाल",27.8011237,85.32186,4.2,टोखा 44600,", tourist_attraction"
,श्री सिद्धिबिनायक सपनतिर्थ मन्दिर,"टोखा सडक 2, काठमाडौँ 44600, नेपाल",27.7757525,85.3304096,4.3,काठमाडौँ 44600,", hindu_temple"
,Tokha,"Q89J+G3H, Dhapasi Marg, काठमाडौँ 44600, नेपाल",27.7688108,85.3302423,4.0,Dhapasi Marg,", historic_site"
,Church of Christ,"Q76H+6G4, तारकेश्वर 44600, नेपाल",27.7605035,85.2788551,0.0,तारकेश्वर 44600,", church"
,तार्केश्वर महादेव मन्दिर,"P8Q5+CQW, तारकेश्वर 44600, नेपाल",27.7386392,85.3094423,4.4,तारकेश्वर 44600,", tourist_attraction"
,Thamel Masjid,"P887+X22, काठमाडौँ 44600, नेपाल",27.7173962,85.3125047,4.5,काठमाडौँ 44600,", mosque"
,Aquarium Planet,"तारकेश्वर 44600, नेपाल",27.7489061,85.3017687,4.4,नेपाल,", aquarium"
,सुर्य दर्शन टोल,"P8X4+2W4, तारकेश्वर 44600, नेपाल",27.7472575,85.3075474,4.0,तारकेश्वर 44600,", historic_site"
,Loktantrik Park लोकतान्त्रिक पार्क,"P8V6+C8F, तारकेश्वर 44600, नेपाल",27.7435618,85.3108066,4.1,तारकेश्वर 44600,", picnic"
,Tarakeshwor viewpoint,"Q7VP+GGQ, तारकेश्वर 44900, नेपाल",27.7938443,85.286365,4.5,तारकेश्वर 44900,", hike"
,Aradhana jyoti church,"J7GQ+9GR, दक्षिणकाली 44600, नेपाल",27.6260369,85.2887612,5.0,दक्षिणकाली 44600,", church"
,Khusibu Masjid Nayabazar,"P8C2+RXR, Khusibu Sadak, काठमाडौँ 44600, नेपाल",27.7220566,85.3023238,4.8,Khusibu Sadak,", mosque"
,Blue Submarine Aquarium And Pet Shop,"Kulekhani - Phakhel - Pharping Rd, दक्षिणकाली 44600, नेपाल",27.6126309,85.2631527,5.0,दक्षिणकाली 44600,", aquarium"
,Siddhicharan Memorial Statue,"P825+RF6, काठमाडौँ 44600, नेपाल",27.7020266,85.3086347,2.0,काठमाडौँ 44600,", monument"
,Laudasur gufa,"J7CJ+XCX, दक्षिणकाली 44600, नेपाल",27.6230354,85.2804095,4.1,दक्षिणकाली 44600,", historic_site"
,Dakshinkali Park,"J747+63W, फर्पिङ-कुलेखानी सडक, दक्षिणकाली 44600, नेपाल",27.606339,85.2621393,5.0,फर्पिङ-कुलेखानी सडक,", picnic"
,नागार्जुन जंगल,"P7W8+2PV, त्रिशुली राजमार्ग, नागार्जुन 44600, नेपाल",27.7442178,85.2567237,4.4,त्रिशुली राजमार्ग,", park"
,प्रकाश चर्च,"Dhunghedhara Yerahiti Nursery Chowk Prakash Church, नागार्जुन 44600, नेपाल",27.7254091,85.2906996,4.5,नागार्जुन 44600,", church"
,Sitapaila Jama Masjid Hamd Al Hussain,"P75F+8VJ, नागार्जुन 44600, नेपाल",27.7082567,85.274285,4.1,नागार्जुन 44600,", mosque"
,राधा कृष्ण मन्दिर,"P7JP+2X5, Radha Krishna Chowk, Yerahity, Raniban Rd, नागार्जुन 44600, नेपाल",27.7300148,85.2874875,4.4,Radha Krishna Chowk,", hindu_temple"
,नागार्जुन रक गार्डेन,"P7G9+37W, नागार्जुन 44600, नेपाल",27.7252447,85.2682095,4.0,नागार्जुन 44600,", picnic"
,Gothatar Water Fun Park,"Unnamed Road, कागेश्वरी मनोहरा 44600, नेपाल",27.712572,85.3748474,3.9,कागेश्वरी मनोहरा 44600,", amusement_park"
,Masjid,"M9WC+73F, कागेश्वरी मनोहरा 44600, नेपाल",27.6957543,85.3701916,4.0,कागेश्वरी मनोहरा 44600,", mosque"
,The Nature Fine Art Gallery And Training Centre,"Kageswori Manohara Municipality Ward No 6 sarbeswor Marga house no 75, 00977, नेपाल",27.7150436,85.3831765,5.0,00977,", art_gallery"
,कागेश्वरी महादेव मन्दिर,"QC7Q+8CG, कागेश्वरी मनोहरा 44600, नेपाल",27.763307,85.4385629,4.5,कागेश्वरी मनोहरा 44600,", hindu_temple"
,बालुवा खानी (पशुपति क्षेत्र विकास कोष),"P96H+FX5, कागेश्वरी मनोहरा 44600, नेपाल",27.7121828,85.3789592,4.0,कागेश्वरी मनोहरा 44600,", historic_site"
,जोरपाटी चोक सहिद पार्क,"P9CF+M2P, गोकर्णेश्वर 44600, नेपाल",27.7217949,85.3726976,3.7,गोकर्णेश्वर 44600,", park"
,गोकर्णेश्वर महादेव मन्दिर,"P9QQ+P38, जोरपाटी सुन्दरीजल सडक, गोकर्णेश्वर 44600, नेपाल",27.7392795,85.3876969,4.5,जोरपाटी सुन्दरीजल सडक,", tourist_attraction"
,A.S. Aquarium Fish & Pet Shop,"जोरपाटी सुन्दरीजल सडक, गोकर्णेश्वर 44602, नेपाल",27.728409,85.37833,3.9,गोकर्णेश्वर 44602,", aquarium"
,Statue of Ghattaraj Bhattarai,"P9J5+VQV, Unnamed Road, बुढानीलकण्ठ 44600, नेपाल",27.732245,85.3594119,4.1,Unnamed Road,", monument"
,Iceland Trekking & Expedition Pvt. Ltd.,"Aarubari Sadak, गोकर्णेश्वर 44602, नेपाल",27.7282319,85.3740182,4.7,गोकर्णेश्वर 44602,", trek"
,Gokarna Hills,"P9MG+5X9, Sahid Park Rd, गोकर्णेश्वर 44600, नेपाल",27.7329247,85.3774945,4.4,Sahid Park Rd,", picnic"
,Tarebhir view point,"Q9JQ+8H, गोकर्णेश्वर 44600, नेपाल",27.7807969,85.3889726,4.4,गोकर्णेश्वर 44600,", hike"
,चन्द्रागिरि केबल कार माथिल्लो स्टेसन,"M683+6V9, Kulekhani-Phakhel-Matatirtha Rd, चन्द्रागिरी 44600, नेपाल",27.6672261,85.2058437,4.5,Kulekhani-Phakhel-Matatirtha Rd,", tourist_attraction"
,Hamza Masjid,"M7V8+VXW, चन्द्रागिरी 44600, नेपाल",27.6946947,85.2674718,5.0,चन्द्रागिरी 44600,", mosque"
,विष्णु देवी मन्दिर,"M7M6+288, चन्द्रागिरी 44600, नेपाल",27.6825424,85.2608263,4.6,चन्द्रागिरी 44600,", hindu_temple"
,पुष्पलाल पार्क,"Champadevi, Kirtipur-4, कीर्तिपुर 44618, नेपाल",27.6584158,85.2514675,4.1,Kirtipur-4,", park"
,مصلى كلتي بور,"M7FJ+7P8, कीर्तिपुर 44618, नेपाल",27.6731628,85.2818152,5.0,कीर्तिपुर 44618,", mosque"
,Angel Aquarium,"Nagaun Rd., Kirtipur, Kathmandu 44618, नेपाल",27.6731127,85.2746924,5.0,Kirtipur,", aquarium"
,dailoart,"कीर्तिपुर 44600, नेपाल",27.6684327,85.264268,5.0,नेपाल,", art_gallery"
,उमा महेश्वर मन्दिर,"M7JF+2RF, Kirtipur Ring Rd, काठमाडौँ 44618, नेपाल",27.679881,85.2746562,4.6,Kirtipur Ring Rd,", hindu_temple"
,सिम (Sim),"Kathmandu, Kirtipur ward. 4, Kirtipur Sim, कीर्तिपुर 44600, नेपाल",27.6585938,85.2929743,0.0,Kirtipur ward. 4,", monument"
,चिलंच्व,"M7GH+Q5F, कीर्तिपुर 44618, नेपाल",27.67693,85.2779224,4.6,कीर्तिपुर 44618,", historic_site"
,Chobar ground,"M77Q+4Q9, कीर्तिपुर 44600, नेपाल",27.6627832,85.2894958,4.1,कीर्तिपुर 44600,", picnic"
,"shankharapur-3, Dhoksan","PGP3+9G, शङ्खरापुर 44812, नेपाल",27.735968,85.503829,4.7,शङ्खरापुर 44812,", tourist_attraction"
,सालीनदी mandir,"PFH9+5MR, शङ्खरापुर 44600, नेपाल",27.7279979,85.4691294,4.5,शङ्खरापुर 44600,", hindu_temple"
,Dhulikhel Picnic Park,"Dhulikhel Picnic Park, धुलिखेल मार्ग, धुलिखेल 45200, नेपाल",27.6158506,85.5623357,,धुलिखेल मार्ग,", park"
,"Evangelical Friends Church, Dhulikhel धुलिखेल मित्र मण्डली","Dhulikhel Road 3, धुलिखेल 45200, नेपाल",27.626937,85.5476667,5.0,धुलिखेल 45200,", church"
,धुलिखेल पार्क,"JH86+8WW, धुलिखेल 45200, नेपाल",27.615857,85.5623327,3.9,धुलिखेल 45200,", tourist_attraction"
,Banepa Jame Masjid,"JGGF+GX2, बनेपा 45210, नेपाल",27.62626,85.5248717,3.0,बनेपा 45210,", mosque"
,KU Corner,"JG9Q+RC6, धुलिखेल 45200, नेपाल",27.6195478,85.5384994,4.5,धुलिखेल 45200,", museum"
,Ridam krishi pashu panchi fram,"Panauti Rd, पनौती 45210, नेपाल",27.6060689,85.5292944,0.0,पनौती 45210,", zoo"
,Aqua Hobbyist,"Kathmandu University Department of Computer Science and Engineering, धुलिखेल 45200, नेपाल",27.6165735,85.5407772,0.0,धुलिखेल 45200,", aquarium"
,Makaju Painting showroom,"JH93+694, धुलिखेल 45200, नेपाल",27.618006,85.5534251,5.0,धुलिखेल 45200,", art_gallery"
,काली मन्दिर,"JH69+57V, Hajar Sidhi, धुलिखेल 45200, नेपाल",27.610491,85.5681592,4.3,Hajar Sidhi,", hindu_temple"
,शान्ति वन,"JH68+WHH, Hajar Sidhi, धुलिखेल 45200, नेपाल",27.6123232,85.5664978,4.4,Hajar Sidhi,", monument"
,लगन डबली,"JH92+8P6, धुलिखेल 45200, नेपाल",27.6182889,85.5517646,4.1,धुलिखेल 45200,", historic_site"
,सुदूर माथिको बादल (पी) लिमिटेड,"अरनिको राजमार्ग, धुलिखेल 45200, नेपाल",27.6260709,85.5445469,4.0,धुलिखेल 45200,", trek"
,सुचना प्रबिधी पार्क,"Panauti Rd Banepa, पनौती 45210, नेपाल",27.6174294,85.5268455,3.8,पनौती 45210,", park"
,Little Star Fun Park with Family Restro Banepa,"JGH9+433, बनेपा 45210, नेपाल",27.6273879,85.5183478,4.1,बनेपा 45210,", amusement_park"
,Deurali View Point,"बनेपा 45210, नेपाल",27.6417114,85.5221352,4.1,नेपाल,", tourist_attraction"
,"Rubin Bade's Art Gallery","JGM9+GWM, बनेपा 45210, नेपाल",27.6337844,85.5197828,4.9,बनेपा 45210,", art_gallery"
,चासः अजिमा देगः (श्री चन्डेश्वरी मन्दिर),"JGPJ+8V3, Banepa-RabiOP Rd, बनेपा 45210, नेपाल",27.6357735,85.532171,4.6,Banepa-RabiOP Rd,", hindu_temple"
,द्यः पुखू । 𑐡𑑂𑐫𑑅 𑐥𑐸𑐏𑐹,"JGJF+PJJ, बनेपा 45210, नेपाल",27.6318265,85.5240084,4.4,बनेपा 45210,", monument"
,ध्वाखा: पुखु 𑑋 𑐢𑑂𑐰𑐵𑐏𑐵𑑅 𑐥𑐸𑐏𑐹,"Kobaha Pukhu, 45210, बनेपा, नेपाल",27.6313424,85.5220326,4.6,45210,", historic_site"
,Gosaithan picnic spot,"JGMR+FMG, बनेपा, नेपाल",27.6336637,85.5417262,3.7,बनेपा,", picnic"
,"सहिद पार्क, पनौती-8,मल्पि","HGM3+64H, पनौती 45209, नेपाल",27.5830545,85.5028605,4.3,पनौती 45209,", park"
,MR Aquatic World,"Panauti 4, पनौती, नेपाल",27.5891107,85.515326,5.0,पनौती,", aquarium"
,इन्द्रेश्वोर मन्दिर,"HGP8+3XP, पनौती ७, नेपाल",27.5852042,85.5175314,4.8,पनौती ७,", hindu_temple"
,"Sorhakhutte Panauti, सोह्रखुट्टे पनौती","HGM7+RX3, पनौती 45209, नेपाल",27.5845189,85.5149345,4.6,पनौती 45209,", historic_site"
,Panauti-- Dhulikhel community Hike,"PANAUTI-DALIMCHOK SUNTHAN DEVI THAN DHULIKHEL, पनौती 45209, नेपाल",27.5867342,85.5143969,3.0,पनौती 45209,", trek"
,Radha Krishna Trail,"पनौती 45209, नेपाल",27.5891051,85.4987751,4.5,नेपाल,", hike"
,White Park Resort,"अरनिको राजमार्ग, पाँचखाल 45212, नेपाल",27.6455327,85.6317029,4.2,पाँचखाल 45212,", park"
,होक्से (पाँचखाल),"MM23+9W4, पलान्चोक भगवती मार्ग, पाँचखाल 45200, नेपाल",27.6509013,85.6548435,4.0,पलान्चोक भगवती मार्ग,", church"
,"Landstar view , Panchkhal, Bhamarkot","JJH4+3X, पाँचखाल 45212, नेपाल",27.6276849,85.6074975,4.3,पाँचखाल 45212,", tourist_attraction"
,पाँचखाल नगरपालिका,"Kabhraplanchok, पाँचखाल 45212, नेपाल",27.6497317,85.61839,4.2,पाँचखाल 45212,", mosque"
,Hokse Church,"MJ47+H36, पाँचखाल 45212, नेपाल",27.6564212,85.612648,5.0,पाँचखाल 45212,", museum"
,Chiyan danda,"MHRM+XJ Pamya gaira, पाँचखाल 45200, नेपाल",27.6938525,85.5835058,0.0,पाँचखाल 45200,", zoo"
,पलाञ्चोक भगवती मन्दिर,"पलान्चोक भगवती मार्ग, पाँचखाल 45212, नेपाल",27.6288065,85.6741142,4.6,पाँचखाल 45212,", hindu_temple"
,पाँचखाल,"पाँचखाल, नेपाल",27.6564212,85.612648,,नेपाल,", historic_site"
,Panchkhal Dream House Resort,"Pachkhal, पाँचखाल 45212, नेपाल",27.6591857,85.6252169,4.6,पाँचखाल 45212,", historic_site"
,50 kilo,"MM2C+RJW, अरनिको राजमार्ग, पाँचखाल 45215, नेपाल",27.652125,85.6715909,4.0,अरनिको राजमार्ग,", historic_site"
,पाँचखाल,"पाँचखाल, नेपाल",27.656337,85.6127117,,नेपाल,", historic_site"
,Palanachowk Bhagwati Tower Picnic Spot,"JMGG+GW7 Bhagwati, पाँचखाल 45200, नेपाल",27.6262969,85.6772994,4.5,पाँचखाल 45200,", picnic"
,anaikot view ground,"MH22+QPC, रबि ओपी 45200, नेपाल",27.651932,85.5517625,4.8,रबि ओपी 45200,", hike"
,Park,"Namobuddha Rd, सिमलचौर श्यामपाटी 45200, नेपाल",27.5784753,85.5903451,4.0,सिमलचौर श्यामपाटी 45200,", park"
,पुरानागाउँ ढुङ्गेधारा,"HH4X+HFG, Namobuddha Rd, काशीखण्ड 45200, नेपाल",27.5564378,85.5993172,0.0,Namobuddha Rd,", amusement_park"
,नमोबुद्ध गुम्बा,"HHCM+F2R, Namobuddha Rd, सिमलचौर श्यामपाटी 45200, नेपाल",27.5712337,85.5825272,4.6,Namobuddha Rd,", church"
,नमोबुद्ध भ्यू प्वाइन्ट,"HH9J+Q45, सिमलचौर श्यामपाटी 45200, नेपाल",27.5693892,85.5803629,4.7,सिमलचौर श्यामपाटी 45200,", tourist_attraction"
,नमोबुद्ध चैत्य,"HHFM+63M, Namobuddha Rd, सिमलचौर श्यामपाटी 45200, नेपाल",27.573089,85.5826733,4.6,Namobuddha Rd,", mosque"
,chill,"JCQ3+HH, अनन्तलिङ्गेश्वर, नेपाल",27.6388961,85.4039577,0.0,अनन्तलिङ्गेश्वर,", hike"
,मड्किल डाँडा सर्भझाङ जेरो पोइन्ट,"PH4G+QFC, नयाँगाउँ देउपुर 45200, नेपाल",27.7069287,85.5761401,4.8,नयाँगाउँ देउपुर 45200,", park"
,मण्डन देउपुर नगरपालिका,"45200, महादेवस्थान मन्डन, नेपाल",27.7108409,85.6151349,4.3,महादेवस्थान मन्डन,", mosque"
,"Ugreshwor Mahadev Temple, mandan Deupur 11","MJHG+QVC, मेलम्ची हेलम्बु सडक, जैसीथोक, नेपाल",27.6794434,85.6271259,5.0,मेलम्ची हेलम्बु सडक,", hindu_temple"
,Mandan Deupur Municipality Gate (Ward no.1),"Phulping, डाँडागाउँ 45200, नेपाल",27.7318743,85.5153093,5.0,डाँडागाउँ 45200,", monument"
,Roshi waterfall,"मल्पी रोड, waterfall 45200, नेपाल",27.5585032,85.4617929,4.4,waterfall 45200,", park"
,Roshi jharana,"पनौती 45200, नेपाल",27.5585112,85.4617935,4.0,नेपाल,", tourist_attraction"
,Kavre Roshi,"GMFQ+9J5 bridge, कटुन्जे बेसी 45200, नेपाल",27.5233956,85.6891044,4.0,कटुन्जे बेसी 45200,", mosque"
,दक्षिण बाराही मन्दिर / क्वाछे द्यो (𑐎𑑂𑐰𑐵𑐕𑐾 𑐡𑑂𑐫𑑅),"M99P+69W, अनन्तलिङ्गेश्वर, नेपाल",27.6681071,85.3859148,4.4,अनन्तलिङ्गेश्वर,", hindu_temple"
,Raktakali Memorial Park,"45200, नेपाल",27.5452561,85.7111074,4.5,नेपाल,", park"
,Beth-Shalom Birtadeurali Church,"HP7X+PXF, बिर्तादेउराली 45200, नेपाल",27.5643218,85.7499298,0.0,बिर्तादेउराली 45200,", church"
,"Selfie Danda (सेल्फी घाङ), Temal, Kavre","GQ8Q+2RJ, ठुलो पर्सेल 45200, नेपाल",27.5150896,85.7895223,4.2,ठुलो पर्सेल 45200,", tourist_attraction"
,"Yarinag Cave, Temal","GPGC+7R4, 45200, नेपाल",27.5256309,85.7220644,4.1,45200,", mosque"
,Nepalthok Pati,"CRV6+C83, दुम्जा, नेपाल",27.4434712,85.8107946,4.3,दुम्जा,", museum"
,नारायणस्थान मन्दिर,"पोखरीनारायणस्थान 45200, नेपाल",27.5163155,85.739435,4.4,नेपाल,", hindu_temple"
,Yarinag,"GPHG+936, 45200, नेपाल",27.528409,85.7251553,4.8,45200,", historic_site"
,Thapa Daiko Picnic Spot,"JMMC+GJ4 Pachkhal, पलान्चोक भगवती मार्ग, पाँचखाल 45212, नेपाल",27.6337554,85.6715734,0.0,पलान्चोक भगवती मार्ग,", picnic"
,ग्याम तुन्पाला शिल्पा क्यूइ,"FPV9+H3, मंगलटार 45200, नेपाल",27.4938753,85.7177028,0.0,मंगलटार 45200,", hike"
,Thumki Natural Park,"HG5M+R2Q, Khopashi to Balthali, पनौती 45216, नेपाल",27.5595857,85.5326226,4.9,Khopashi to Balthali,", park"
,बेथानचोक नारायणस्थान,"FFMM+GFQ, च्याम्रांग बेसी 45200, नेपाल",27.4838311,85.4837261,4.6,च्याम्रांग बेसी 45200,", church"
,Nange Chaur Picnic Sport,"JGFJ+3CG, बेथानचोक_BETHANCHOOK 45200, नेपाल",27.5048125,85.4649375,0.0,बेथानचोक_BETHANCHOOK 45200,", picnic"
,Khanikhola chitre,"9FVM+MWV, साल्धारा 45200, नेपाल",27.3942433,85.4848056,0.0,साल्धारा 45200,", park"
,Jorchhaga jharana,"CH5J+VC, गोकुले 45200, नेपाल",27.4096714,85.5811146,5.0,गोकुले 45200,", amusement_park"
,Khani Khola Bridge,"F7J7+G9, प्युटार 44700, नेपाल",27.4813373,85.2634207,2.5,प्युटार 44700,", tourist_attraction"
,"Khanikhola , kavre","9FVM+PX2, साल्धारा 45200, नेपाल",27.3942685,85.4848732,5.0,साल्धारा 45200,", mosque"
,BhimsenSthan Mandir Khanikhola GaunPalika,"CFFR+795, फलामेटार 45200, नेपाल",27.4231377,85.4909914,5.0,फलामेटार 45200,", hindu_temple"
,खानीखोला,"खानीखोला, नेपाल",27.3942433,85.4848056,,नेपाल,", historic_site"
,Kapersthan Mahankal Hike Point,"GG8H+2Q5, च्यासिङखर्क 45200, नेपाल",27.515001,85.5294979,5.0,च्यासिङखर्क 45200,", hike"
,"Bhanu Chok, Diktel भानुचोक, दिक्तेल","6Q6V+C7Q, खानिडाँडा सडक, दिक्तेल 56200, नेपाल",27.2110772,86.7932324,0.0,खानिडाँडा सडक,", park"
,Ratnapark shopping complex and Children Park,"6QCQ+QR8, दिक्तेल 56200, नेपाल",27.2218579,86.7900265,4.0,दिक्तेल 56200,", amusement_park"
,Aasha Church,"Majhuwa, Meghe Chautara, Diktel Sadak 56200, Lafyang 56200, नेपाल",27.1981679,86.8071476,3.0,Meghe Chautara,", church"
,Diktel Jeevan Baptist Church,"6QFR+H7M, दिक्तेल 56200, नेपाल",27.2238689,86.7906008,0.0,दिक्तेल 56200,", church"
,दिक्तेल रुपाकोट मझुवागढी,"दिक्तेल रुपाकोट मझुवागढी, 56200, नेपाल",27.2232013,86.7886391,,56200,", mosque"
,Khotang simpani gairee,"5QMJ+GPH, दिक्तेल 56200, नेपाल",27.1838128,86.7818523,5.0,दिक्तेल 56200,", hindu_temple"
,Holesung Park,"5JM2+XWG, दुर्छिम 56200, नेपाल",27.1849255,86.6023312,4.1,दुर्छिम 56200,", park"
,ऐसेलुखर्क मण्डली,"5JXP+3H, महादेवस्थान 56200, नेपाल",27.1976748,86.636406,5.0,महादेवस्थान 56200,", church"
,हलेसी तुवाचुङ,"हलेसी तुवाचुङ, नेपाल",27.1845797,86.5938176,,नेपाल,", tourist_attraction"
,तुवाचुङ पदमार्ग Tuwachung Hiking Trail,"5JXQ+4H, महादेवस्थान 56200, नेपाल",27.1978505,86.6387355,2.0,महादेवस्थान 56200,", trek"
,Libju Picnic Place,"6GP2+2R, मोली 56100, नेपाल",27.2351155,86.5020625,0.0,मोली 56100,", picnic"
,Sumnima Paruhang Park ( सुम्निमा पारुहाङ पार्क ),"4R6Q+86R, 56200, नेपाल",27.1108682,86.8380251,5.0,56200,", park"
,जोर धरा,"2RVG+8F, Indranipokhari 56200, नेपाल",27.0437869,86.8253957,0.0,Indranipokhari 56200,", church"
,खोटेहाङ,"खोटेहाङ, नेपाल",27.0403397,86.8504639,,नेपाल,", tourist_attraction"
,"Chhongten Village ""छोङ्टेन"" गाउँ","5WMX+7M, खावा 57000, नेपाल",27.183009,86.9489631,5.0,खावा 57000,", museum"
,खुट्टेश्वोर महादेव मन्दिर,"2V78+R7, खोटांग बजार 56200, नेपाल",27.0145954,86.865706,4.0,खोटांग बजार 56200,", hindu_temple"
,"Waplukha, khotang","4V7P+RQ, ओख्रे 56200, नेपाल",27.1145657,86.8868914,0.0,ओख्रे 56200,", hike"
,Khotang nepal,"4Q5P+64, डाँडागाउँ 56200, नेपाल",27.1080367,86.7852797,3.0,डाँडागाउँ 56200,", church"
,दिप्रुङ चुइचुम्मा,"दिप्रुङ चुइचुम्मा, 56200, नेपाल",27.1037479,86.7488193,,56200,", tourist_attraction"
,Hurlung,"5QMJ+GPH, दिक्तेल 56200, नेपाल",27.1838128,86.7818523,5.0,दिक्तेल 56200,", tourist_attraction"
,Dhiraj Art Gallery,"M6G2+482, रामधुनी भासी 56709, नेपाल",26.6753021,87.2007881,0.0,रामधुनी भासी 56709,", art_gallery"
,Biralechour,"3R26+7G2, Indranipokhari 56200, नेपाल",27.0506319,86.8112612,5.0,Indranipokhari 56200,", trek"
,Manekharka church,"WMM2+C9H, Dhakharka-Manekharka Way, थाङ्पालधाप, नेपाल",27.9335644,85.6509966,5.0,Dhakharka-Manekharka Way,", church"
,Khotang aiselukharka nepal,"9QG4+RM5, ऐसेलुखर्क 56200, नेपाल",27.3770024,86.7567219,4.4,ऐसेलुखर्क 56200,", tourist_attraction"
,"Masjid, Laukaha","municipality 4, लोकाहा 44500, नेपाल",26.8539214,85.2415401,5.0,लोकाहा 44500,", mosque"
,Karshik Budhathoki House,"J9XP+C9J, अनन्तलिङ्गेश्वर, नेपाल",27.6487156,85.3862572,1.0,अनन्तलिङ्गेश्वर,", historic_site"
,एसेलुखर्क,"एसेलुखर्क, बाडे गाउँ, नेपाल",27.7925396,85.6139333,,बाडे गाउँ,", trek"
,Sagar Home,"PJC4+48G, महादेवस्थान मन्डन 45200, नेपाल",27.7203061,85.6058221,0.0,महादेवस्थान मन्डन 45200,", hike"
,सहिद पार्क,"XXHJ+F3M, 57000, नेपाल",26.9787227,86.9801662,4.0,57000,", park"
,Pabitra Church,"XXM6+VCV, 4, नेपाल",26.9847454,86.9610481,5.0,4,", church"
,जन्तेढुंगा,"जन्तेढुंगा, नेपाल",26.9826779,86.8865224,,नेपाल,", tourist_attraction"
,Jantedhunga Khotang,"2V2G+7G, 56200, नेपाल",27.0007166,86.8762872,0.0,56200,", mosque"
,तोन्तुओलुङ भर,"WXP5+9CR, 56200, नेपाल",26.9359826,86.9585007,3.0,56200,", hike"
,Papechung Dada,"8V4V+8F4, फेदी 56200, नेपाल",27.3057641,86.8937049,5.0,फेदी 56200,", park"
,Balabesi Church,"Kepilasgadhi-2, नेपाल",27.3057324,86.8709352,5.0,नेपाल,", church"
,केपिलासगढी,"केपिलासगढी, नेपाल",27.3240653,86.819283,,नेपाल,", tourist_attraction"
,Jalapa Cultural Museum,"8Q5F+FPQ, जालपा 56200, नेपाल",27.3095079,86.7745672,4.0,जालपा 56200,", museum"
,Mani Stone Statue,"CWM7+8P, दोभाने, नेपाल",27.4333569,86.9143526,0.0,दोभाने,", monument"
,Ghorlpi (घ्रोल्पी /सिसा खानी),"JM7X+8P, टाक्सिन्दु 56000, नेपाल",27.6133196,86.6992843,5.0,टाक्सिन्दु 56000,", historic_site"
,Salpa Silichung Hiking Trail,"CWF5+F3, सुङ्देल 57000, नेपाल",27.4237427,86.9076702,0.0,सुङ्देल 57000,", trek"
,Bojhe Ghari बोझे घारी,"9P4W+952, माग्पा 56200, नेपाल",27.3579686,86.7428192,0.0,माग्पा 56200,", picnic"
,Koyee House,"9VM6+GV, सुङ्देल 56200, नेपाल",27.3837611,86.8621967,5.0,सुङ्देल 56200,", hike"
,Kanepokhari Park,"PCH3+39H, कागेश्वरी मनोहरा 44600, नेपाल",27.7276863,85.4034816,3.7,कागेश्वरी मनोहरा 44600,", park"
,Bhorleni-Church Kathmandu,"Bagdol Rd, ललितपुर 44600, नेपाल",27.6687277,85.3059765,5.0,ललितपुर 44600,", church"
,Kamal Pokhari BODE,"M9RP+GF9, मध्यपुर थिमि 44600, नेपाल",27.6912943,85.3862226,4.5,मध्यपुर थिमि 44600,", tourist_attraction"
,बराहपोखरी,"बराहपोखरी 56200, नेपाल",26.9846617,86.8119917,,नेपाल,", mosque"
,वराहपोखरी,"वराहपोखरी, नेपाल",26.9864543,86.8147797,,नेपाल,", mosque"
,Pokhariya Tola Mosque,"Q77C+3P4, गौर 44500, नेपाल",26.7626369,85.2718217,3.9,गौर 44500,", mosque"
,Pokhariya Jama Masjid,"R6RX+JCH, लोकाहा 44500, नेपाल",26.8415704,85.2485603,4.7,लोकाहा 44500,", mosque"
,बराह पोखरी,"बराह पोखरी, बराहपोखरी 56200, नेपाल",26.9823782,86.8248581,4.3,बराहपोखरी 56200,", mosque"
,Jama Masjid Pokhar Bhitwa,"F2WQ+3XJ, 32800, नेपाल",27.4952182,83.0398762,4.8,32800,", mosque"
,श्री बराह भगवान मन्दिर,"MC9J+CF4, भक्तपुर 44800, नेपाल",27.6685253,85.4311917,4.0,भक्तपुर 44800,", hindu_temple"
,Barahapokhari Taal,"XRJF+VPF, बराहपोखरी 56200, नेपाल",26.9821958,86.8242944,5.0,बराहपोखरी 56200,", monument"
,हिटी पोखरी,"P879+CQ5, काठमाडौँ 44600, नेपाल",27.7135045,85.3194849,4.4,काठमाडौँ 44600,", historic_site"
,Bhandarkhal pokhari,"M8FG+35P, ललितपुर 44600, नेपाल",27.6725831,85.3253908,4.8,ललितपुर 44600,", historic_site"
,नुगः लुँहिटी सुन्धारा,"M89H+V64, ललितपुर 44600, नेपाल",27.6696429,85.3280908,4.3,ललितपुर 44600,", historic_site"
,काल भैरब पिक्निक स्पट,"J982+P82, गोदावरी 44700, नेपाल",27.616768,85.3507779,4.0,गोदावरी 44700,", tourist_attraction"
,PraGya Art,"Ward 1, Satdobato-Godavari Rd, गोदावरी 44709, नेपाल",27.6101196,85.3562097,0.0,Satdobato-Godavari Rd,", art_gallery"
,Shanti Ban,"H9X7+3W7, गोदावरी 44709, नेपाल",27.5976517,85.3648328,3.8,गोदावरी 44709,", monument"
,Mahalaxmi,"M84R+HR3, महालक्ष्मी 44700, नेपाल",27.6563979,85.3420483,4.7,महालक्ष्मी 44700,", park"
,"New Illaya Imadol Church, Bhojepokhari","M88V+5W2, महालक्ष्मी 44600, नेपाल",27.6652983,85.3448117,5.0,महालक्ष्मी 44600,", church"
,Kamal Pokhari,"M84X+7JF, महालक्ष्मी, नेपाल",27.6556982,85.3490616,4.0,महालक्ष्मी,", tourist_attraction"
,Imadol Masjid,"M85W+4VR, Lalitpur, Imadol Opposite to New Bhadrakali Oil Store Kharibot, 0444705, नेपाल",27.6578611,85.3471321,4.8,Lalitpur,", mosque"
,"महालक्ष्मी मन्दिर , लुभू , ललितपुर।","महालक्ष्मी, नेपाल",27.6436635,85.3721943,4.6,नेपाल,", hindu_temple"
,"फोङ्गा पुखू शान्ति पुखू, सिद्धिपुर","फोङ्गासी (शान्ति पुखू), सिद्धिपुर, महालक्ष्मी 44700, नेपाल",27.6478588,85.3551184,4.4,सिद्धिपुर,", monument"
,"Ganesh Tole,103 Rajkulo Marg Imadol Lalitpur","M83W+QGV, महालक्ष्मी 44700, नेपाल",27.6544985,85.3463013,4.6,महालक्ष्मी 44700,", historic_site"
,Lankuri Bhanjyang,"JC85+FQV, Lamatar-LankuriBhanjyang Rd, महालक्ष्मी 44709, नेपाल",27.6162325,85.4094274,4.3,Lamatar-LankuriBhanjyang Rd,", hike"
,PIA park Lele,"H8G9+QQJ, लेले 44700, नेपाल",27.5769552,85.3193753,4.2,लेले 44700,", park"
,कोन्ज्योसोम झरना,"HC4F+XH, ललितपुर 45200, नेपाल",27.5574375,85.4239375,4.2,ललितपुर 45200,", tourist_attraction"
,Konjyosom Pratima,"GCX2+67, भर्देव 45200, नेपाल",27.5482222,85.40117,4.4,भर्देव 45200,", tourist_attraction"
,Windhorse Gallery,"M8G6+WGH, ललितपुर 44600, नेपाल",27.6772135,85.3113303,4.5,ललितपुर 44600,", art_gallery"
,श्री पूर्णचन्डी मन्दिर,"ललितपुर 44700, नेपाल",27.6735719,85.3202599,4.3,नेपाल,", hindu_temple"
,Karpureshwar Park,"Unnamed Road, वेसीशहर 33600, नेपाल",28.2271216,84.3852283,4.6,वेसीशहर 33600,", park"
,Gatti kulo,"693G+94V, वेसीशहर 33600, नेपाल",28.203494,84.3752964,5.0,वेसीशहर 33600,", amusement_park"
,Besishahar Community Church,"69GF+39R, वेसीशहर 33600, नेपाल",28.2252442,84.3733854,5.0,वेसीशहर 33600,", church"
,"बेशीसहर, लमजुङ","69PC+PPV, वेसीशहर 33600, नेपाल",28.2368755,84.3717821,4.5,वेसीशहर 33600,", tourist_attraction"
,भिमसेनस्थान मन्दिर,"डुम्रे-बेसिशहर-चामे राजमार्ग 08, वेसीशहर 33600, नेपाल",28.230466,84.3773659,4.4,वेसीशहर 33600,", hindu_temple"
,Peace Hill Resort Lamjung,"Peace Hill Resort, वेसीशहर 33600, नेपाल",28.2759906,84.3815622,4.6,वेसीशहर 33600,", picnic"
,मध्यनेपाल नगरपालिका,"मध्यनेपाल नगरपालिका 33600, नेपाल",28.0888164,84.2378447,,नेपाल,", tourist_attraction"
,सेखटार मस्जिद,"श्याम्घा, नेपाल",28.0707218,84.2344794,0.0,नेपाल,", mosque"
,पाेखरा जुलाेजिकल पार्क,"5434+J8M, लेखनाथ 33700, नेपाल",28.1540911,84.1057894,4.2,लेखनाथ 33700,", zoo"
,MadhyaNepal-4 Lamjung Shisaghat,"36WH+5HQ, Krishi margha, Shisaghat 33600, नेपाल",28.0960087,84.2290315,4.5,Krishi margha,", hindu_temple"
,BP Koirala statue वि पि कोइराला को शालिक,"36PQ+QJV, Vyas Sadak, क्यामिन 33600, नेपाल",28.0869798,84.2390137,0.0,Vyas Sadak,", monument"
,Sishaghat picnic spot,"36VH+C6C, श्याम्घा, नेपाल",28.0939762,84.2277226,5.0,श्याम्घा,", picnic"
,"Sauthar, koiralaphant lamjung","583F+24R Koiralaphant, sauthar 33600, नेपाल",28.1526222,84.3227807,0.0,sauthar 33600,", hike"
,Thatigaira Park,"3F58+VX4, डुम्रे-बेसिशहर-चामे राजमार्ग, पुरकोट, नेपाल",28.0596456,84.4674386,3.0,डुम्रे-बेसिशहर-चामे राजमार्ग,", park"
,Rainastar Church,"3FJF+696, धमिलीकुवा 33600, नेपाल",28.0805846,84.4733706,0.0,धमिलीकुवा 33600,", church"
,Rainaskot राइनासकोट,"Lamjung Rainas Rainas, 33600, नेपाल",28.121811,84.4901607,4.5,33600,", tourist_attraction"
,Lamjung rainas,"3FVW+V8H, 33600, नेपाल",28.0946807,84.4958697,4.5,33600,", tourist_attraction"
,Rainas Mosque,"4F92+5H8, Unnamed Road, तार्कुघाट 33600, नेपाल",28.1179098,84.4514473,4.3,Unnamed Road,", mosque"
,Ram Mandir राम मन्दिर,"4G3P+9F9, हर्मी 33600, नेपाल",28.1034163,84.5362296,5.0,हर्मी 33600,", hindu_temple"
,Picnic spot Bagayecha marsyangdi.,"4CCM+GW8, सुन्दरबजार 33600, नेपाल",28.1212789,84.4348141,0.0,सुन्दरबजार 33600,", picnic"
,Pigeon Hill,"49QM+FF, सुन्दरबजार 33600, नेपाल",28.1386809,84.383635,0.0,सुन्दरबजार 33600,", park"
,Sundar Bazar Church,"4CH7+M2M, सुन्दरबजार 33600, नेपाल",28.1292039,84.4125539,0.0,सुन्दरबजार 33600,", church"
,Ananta shalom church Sundarbazar,"4CH9+W7C, सुन्दरबजार 33600, नेपाल",28.129795,84.418085,0.0,सुन्दरबजार 33600,", church"
,Fulbari,"4CJM+JC6, सुन्दरबजार 33600, नेपाल",28.1315721,84.4331352,0.0,सुन्दरबजार 33600,", tourist_attraction"
,Nurani Jama Masjid नूरानी जामे मस्जिद,"4CXQ+HJG, भोटेओडार 33600, नेपाल",28.1488805,84.4390562,5.0,भोटेओडार 33600,", mosque"
,Dhuseni Kalika temple,"584G+JWX, Sundarbazar 10, सुन्दरबजार, नेपाल",28.1586989,84.3263886,4.3,Sundarbazar 10,", hindu_temple"
,Shiva Statue,"4C8J+9V4, सुन्दरबजार 33600, नेपाल",28.1159265,84.4318779,4.0,सुन्दरबजार 33600,", monument"
,सुन्दरबजार,"सुन्दरबजार 33600, नेपाल",28.1448417,84.412014,,नेपाल,", historic_site"
,"Hattigade, Sundarbazar-3 Lamjung","दुराडांडा 33600, नेपाल",28.1663682,84.3493188,4.8,नेपाल,", historic_site"
,Sirsire Dada,"Unnamed Road, सुन्दरबजार 33600, नेपाल",28.1417086,84.4342185,4.8,सुन्दरबजार 33600,", trek"
,Kherel Dada,"49PM+5FX, सुन्दरबजार 33600, नेपाल",28.1354923,84.383749,0.0,सुन्दरबजार 33600,", hike"
,Gorkha Park,"78H5+6RJ, घले गाउँ 33600, नेपाल",28.2780951,84.3095051,4.5,घले गाउँ 33600,", park"
,क्याईक्युम्रु पुरी,"7726+CP8, उत्तरकन्या 33600, नेपाल",28.249787,84.261804,0.0,उत्तरकन्या 33600,", amusement_park"
,Ghale Park,"78G6+H4C, घले गाउँ 33600, नेपाल",28.2761924,84.3102544,4.6,घले गाउँ 33600,", tourist_attraction"
,ईशानेश्वर महादेव मन्दिर,"565G+HJX, भोर्लेटार 33600, नेपाल",28.1589794,84.2265953,4.5,भोर्लेटार 33600,", hindu_temple"
,Statue of gautam buddha,"69FJ+H86, वेसीशहर 33600, नेपाल",28.2239096,84.3807812,5.0,वेसीशहर 33600,", monument"
,Kwhola Sothar क्व्होला सोथार,"95HP+F29, नमर्जुंग 33700, नेपाल",28.378666,84.1851082,0.0,नमर्जुंग 33700,", historic_site"
,GHALEGAUN HOMESTAY HEAD OFFICE,"Tourism office, घले गाउँ 33600, नेपाल",28.2783125,84.3088374,4.3,घले गाउँ 33600,", trek"
,Puranokot Stupa,"पुरानकोट 33600, नेपाल",28.1984605,84.3462015,4.4,नेपाल,", picnic"
,Bhujung A gurung village,"9758+PH5, भुजुङ् 33600, नेपाल",28.359262,84.2664848,4.6,भुजुङ् 33600,", hike"
,कृष्ण बगैँचा,"5C2Q+5QM, डुम्रे-बेसिशहर-चामे राजमार्ग, भोटेओडार 33600, नेपाल",28.1504743,84.4394139,4.2,डुम्रे-बेसिशहर-चामे राजमार्ग,", park"
,दुध पोखरी,"दुध पोखरी 33600, नेपाल",28.26,84.62,,नेपाल,", church"
,Dhudh Pokhari (धुद पोखरि),"8M79+W9, घ्याचोक, नेपाल",28.312397,84.6695206,4.8,घ्याचोक,", tourist_attraction"
,Dudhpokhari gaupalika lamjung,"7J6C+226, दुध पोखरी 33600, नेपाल",28.2600373,84.6200151,5.0,दुध पोखरी 33600,", mosque"
,Gopaleshor mandir,"J75C+H4R, दक्षिणकाली 44600, नेपाल",27.6089862,85.2702801,4.4,दक्षिणकाली 44600,", hindu_temple"
,Gauthali Danda Park,"69HM+C4F, Unnamed Road, वेसीशहर 33600, नेपाल",28.2285688,84.3828032,4.6,Unnamed Road,", park"
,कलवडी कुवा,"2FPX+HRJ, पालुङटार, नेपाल",28.0364744,84.4995189,5.0,पालुङटार,", amusement_park"
,Majhgaun Lamjung,"6C8F+GF, हिलेटक्सार 33600, नेपाल",28.2170404,84.4238962,4.0,हिलेटक्सार 33600,", trek"
,Ramchey Hills ( राम्चेको चुचुरो),"Dordi -2, Archalbot, नेपाल",28.1648199,84.4649827,5.0,Archalbot,", hike"
,Tanglichok Village,"Lamjung Marsayangdi 7, 33607, नेपाल",28.3085077,84.4007041,4.5,33607,", tourist_attraction"
,Syange Waterfall,"9CP2+94, Syange 33600, नेपाल",28.385977,84.4003475,4.4,Syange 33600,", zoo"
,Sanctuary,"8CV4+4GR, बाहुनडाँडा 33600, नेपाल",28.3436582,84.4060649,5.0,बाहुनडाँडा 33600,", hindu_temple"
,मनास्लु सर्किट ट्रेकिङ रूट,"JF67+3R7, थोचे 33500, नेपाल",28.6101584,84.4645622,4.8,थोचे 33500,", trek"
,Save Jaleshwar BhamchariKtti Park,"MQ2X+3JV, जलेश्वर 45700, नेपाल",26.6502436,85.7990394,4.8,जलेश्वर 45700,", park"
,Jama Masjid jaleshwar,"JQXW+CPV, जलेश्वर 45700, नेपाल",26.6486485,85.7967755,4.5,जलेश्वर 45700,", mosque"
,Raniratwada mandir,"MQHR+MMV, जलेश्वर 45700, नेपाल",26.6792462,85.7916711,4.6,जलेश्वर 45700,", museum"
,Sansari Mai,"MQ2X+9JC, Pani tanky, Shankar Chowk, Jaleshwar, Mahottari, Nepal., बर्दिबास-जलेश्वर राजमार्ग, जलेश्वर 45700, नेपाल",26.6509364,85.7989945,4.5,Pani tanky,", hindu_temple"
,Buddhijibi Chowk,"JRW3+H24, जनकपुर-जलेश्वर रोड, जलेश्वर 45700, नेपाल",26.6463943,85.8025789,4.0,जनकपुर-जलेश्वर रोड,", monument"
,Raja Rateara,"MQ8W+W7P, जलेश्वर 45700, नेपाल",26.6673274,85.7957168,0.0,जलेश्वर 45700,", trek"
,Jitendra singj,"MQ2W+XX3, जलेश्वर 45700, नेपाल",26.6523865,85.7974141,0.0,जलेश्वर 45700,", hike"
,Anugrah christain church,"XVCM+WVH, बर्दिबास 45701, नेपाल",26.9723193,85.8847445,4.7,बर्दिबास 45701,", church"
,Mosque Alflah Bardibas,"2VV9+2J8, बर्दिबास 45700, नेपाल",27.0425425,85.8690933,5.0,बर्दिबास 45700,", mosque"
,Atma Gyan Prachar Sangh Bengadabar,"XW7F+687, Dhumasan Road Bks, मिथिला 45600, नेपाल",26.9630351,85.9233373,5.0,Dhumasan Road Bks,", museum"
,MD. Computer & Aquarium,"Aurahi, Road, बर्दिबास, नेपाल",26.9888525,85.8907726,4.4,Road,", aquarium"
,Smriti park,"2W54+WH5, बर्दिबास 45701, नेपाल",27.0097582,85.906489,4.0,बर्दिबास 45701,", trek"
,Pakhar Tree,"WQ97+7F8, Gaushala, भरतपुर 45700, नेपाल",26.9181639,85.7636906,3.0,Gaushala,", park"
,Gopal,"WR9H+VPG, गौशाला 45700, नेपाल",26.9197842,85.8292058,0.0,गौशाला 45700,", church"
,गौशाला,"गौशाला, नेपाल",26.911158,85.7974141,,नेपाल,", tourist_attraction"
,Madarsa Imdad-ul Ghorba,"WQFJ+59Q, गौशाला 45700, नेपाल",26.9229783,85.7809669,4.6,गौशाला 45700,", mosque"
,Janhavi Yuva Club,"औराही 45700, नेपाल",26.8804957,85.8000042,4.5,नेपाल,", museum"
,Gaushala Bazaar (गौशाला बाजार),"गौशाला 45700, नेपाल",26.9182637,85.7808805,4.1,नेपाल,", zoo"
,DURGA MANDIR,"WQ9H+3WX, गौशाला 45700, नेपाल",26.9177158,85.7799283,4.4,गौशाला 45700,", hindu_temple"
,गौशाला,"गौशाला, नेपाल",26.911206,85.7973732,,नेपाल,", historic_site"
,Gaushala Mahottari Nepal,"WQ63+8M9 Dharmesh Thakur home, गौशाला 45700, नेपाल",26.9107881,85.7542439,0.0,गौशाला 45700,", historic_site"
,Gaushala bazar,"XQJ4+5HM, लक्ष्मीनिया 45700, नेपाल",26.9804545,85.7564107,5.0,लक्ष्मीनिया 45700,", historic_site"
,Nepal khane pani balawa,"PQRP+V8V, Janakpur Road, बलवा 45700, नेपाल",26.7422282,85.785799,3.3,Janakpur Road,", amusement_park"
,नवजीवन चर्च New Life Church लम्किफाटा,"797R+QM, बेलभार 21800, नेपाल",28.2644114,81.3916671,5.0,बेलभार 21800,", church"
,shree laxmi narayan temple-balawa,"PQVM+4WP, Janakpur Road, बलवा 45700, नेपाल",26.7428384,85.7848106,5.0,Janakpur Road,", hindu_temple"
,Shamsi Monument Main Center,"RP5Q+P8Q, जलेश्वोर रोड, शम्सी 45700, नेपाल",26.8093409,85.7383663,5.0,जलेश्वोर रोड,", monument"
,Historical Balthra pond,"PW23+5V9, जनकपुर 45600, नेपाल",26.700424,85.9047362,5.0,जनकपुर 45600,", historic_site"
,बलवा,"बलवा, 45700, नेपाल",26.7699367,85.8170733,,45700,", historic_site"
,Balwa municipality mahottari nepal,"PRX4+P5P, बलवा 45700, नेपाल",26.7493476,85.8054699,2.0,बलवा 45700,", historic_site"
,Shreepur,"VQ9J+RRF, श्रीपुर 45700, नेपाल",26.869554,85.7820416,4.0,श्रीपुर 45700,", trek"
,Ekklesia Jaleshwor (Ps.Radhe John),"MQ2V+GM, जलेश्वर 45700, नेपाल",26.6514265,85.7940872,5.0,जलेश्वर 45700,", church"
,मनरा शिसवा,"मनरा शिसवा, नेपाल",26.7268782,85.7477966,,नेपाल,", tourist_attraction"
,Noori Jamma Masjid,"PP4J+7X4, सिसवाकटैया 45700, नेपाल",26.7056379,85.7324576,4.0,सिसवाकटैया 45700,", mosque"
,मनकामना पशु पन्छी फार्म,"RPJC+X6C गा.पा.3, रघुनाथपुर 45700, नेपाल",26.8324373,85.7205065,0.0,रघुनाथपुर 45700,", zoo"
,Durga Mandir,"Manara Bazar Manara Shiswa Nagarpalika, Ward No. 1, नेपाल",26.7311332,85.7477766,4.7,Ward No. 1,", hindu_temple"
,Nikesh Kumar Sahany,"PP4M+R49, सिसवाकटैया 45700, नेपाल",26.7070469,85.732872,5.0,सिसवाकटैया 45700,", trek"
,"Judi Mai Park, Judi Bazar","VVP4+HCH, बिजलपुरा 45700, नेपाल",26.8864393,85.8560997,4.2,बिजलपुरा 45700,", park"
,Jivan Daata Church,"VV8Q+5C, भगाह 45700, नेपाल",26.8653912,85.8885434,0.0,भगाह 45700,", church"
,नाहार Naahar,"QX82+67Q, Thumhauna 19, जनकपुर 45600, नेपाल",26.7655829,85.9507264,2.0,Thumhauna 19,", tourist_attraction"
,Noori Jama Masjid Birta-4,"VVQP+WR3, भगाह 45700, नेपाल",26.8891425,85.8867402,0.0,भगाह 45700,", mosque"
,भगाह,"भगाह, नेपाल",26.8725617,85.8844404,,नेपाल,", hindu_temple"
,Bhangaha sitapur,"Sitapur 45700, नेपाल",26.8674541,85.8899854,3.9,नेपाल,", historic_site"
,Nepal Hiking Trek Pvt.Ltd.,"Post Box: 23208, Nayabazar-16, काठमाडौँ 44600, नेपाल",27.7232924,85.3070701,4.8,Nayabazar-16,", trek"
,बाहन डाँडा,"ईश्वरपुर 45800, नेपाल",26.9569939,85.6540804,5.0,नेपाल,", trek"
,बिसुनथुम्का दारेगाैडा,"HJ49+WHH, काशीखण्ड 45200, नेपाल",27.5575598,85.6190008,5.0,काशीखण्ड 45200,", hike"
,Ambedkar park,"VRRC+G54, औराही 45700, नेपाल",26.8912665,85.8204646,0.0,औराही 45700,", park"
,"Statue of Ramanand Swami, RamanandChowk","Ramanand Chowk, 45600, नेपाल",26.7359508,85.9187779,4.1,45600,", tourist_attraction"
,Sonama Jama Masjid (Sonama-03) सोनमा जामा मस्जिद ( सोनमा ०३ ).,"VP4R+VH2, सोनमा 45700, नेपाल",26.8571366,85.7413995,4.3,सोनमा 45700,", mosque"
,Sona Mai Mandir,"PR6J+FX, महोत्तरी 45700, नेपाल",26.7112394,85.8324282,4.2,महोत्तरी 45700,", historic_site"
,Namaste Nepal Trekking & Research Hub | Trekking in Nepal | Tour in Nepal | Bhutan Tour | Tibet and Kailash Tour,"अमृत मार्ग, काठमाडौँ 44600, नेपाल",27.7155794,85.3129572,5.0,काठमाडौँ 44600,", trek"
,मोक्षद्वारी लेक,"CHWP+GWV, मोक्षद्वारी, गोवलबास 45200, नेपाल",27.4463592,85.5873068,5.0,मोक्षद्वारी,", hike"
,Noori Lake,"QV6P+Q5Q Club Tol, महादैयातपनपुर 45700, नेपाल",26.781637,85.8921123,0.0,महादैयातपनपुर 45700,", tourist_attraction"
,Masjid,"VQ8M+7V5, श्रीपुर 45700, नेपाल",26.8656556,85.7847284,0.0,श्रीपुर 45700,", mosque"
,जर्वुट्टा कला केन्द्र ( संग्रहालय),"कमलामाई 45900, नेपाल",27.2320038,85.8958688,4.5,नेपाल,", art_gallery"
,Jhaji house,"Aurahi-1, 45700, नेपाल",26.8972441,85.8282256,0.0,45700,", hindu_temple"
,औराही,"औराही 45700, नेपाल",26.8912665,85.8204646,,नेपाल,", historic_site"
,औरही,"औरही, 45700, नेपाल",26.8906746,85.821768,,45700,", historic_site"
,Aurahi Bazar(औरही बाजार),"औराही 45700, नेपाल",26.8987409,85.8283687,3.9,नेपाल,", historic_site"
,भभरि कबिलाशा,"Aurahi-04, नेपाल",26.7378551,85.90845,0.0,नेपाल,", historic_site"
,राजा पोखरी चकवा,"MQ78+G7G, हलखोरी 45700, नेपाल",26.6638018,85.7657043,5.0,हलखोरी 45700,", park"
,खत्री डाडा,"MQPP+M7, ठोकर्पा 45314, नेपाल",27.6866,85.7854805,0.0,ठोकर्पा 45314,", tourist_attraction"
,Masjid-E-Taslim-E-Millat,"PP4P+29Q, Ekdarabela Road, एकडाराबेला 45700, नेपाल",26.7050678,85.7360255,3.5,Ekdarabela Road,", mosque"
,Laxmi Narayan temple Raniratawada,"डाम्हीमराई 45700, नेपाल",26.6814149,85.7948762,4.6,नेपाल,", hindu_temple"
,चारपाटे आल,"MQRH+F74, ठोकर्पा 45314, नेपाल",27.691134,85.7782154,5.0,ठोकर्पा 45314,", historic_site"
,Samari Pauwa,"W2XX+28X, समारी 44900, नेपाल",27.9476932,85.0481798,0.0,समारी 44900,", tourist_attraction"
,Jama Masjid (Samsi-06),"RP5J+3PC, शम्सी 45700, नेपाल",26.8077164,85.7317706,4.6,शम्सी 45700,", mosque"
,Mayo ko bartan,"P956+QQW, सुखिपुर 56500, नेपाल",26.7094919,86.3618904,4.5,सुखिपुर 56500,", zoo"
,शम्सी,"शम्सी 45700, नेपाल",26.8122442,85.7333322,,नेपाल,", historic_site"
,Samsara Trekking Pvt Ltd,"अमृत मार्ग 10, काठमाडौँ 44600, नेपाल",27.7122516,85.3122105,5.0,काठमाडौँ 44600,", trek"
,Thadi Pokhari,"MRWC+79V, महोत्तरी 45700, नेपाल",26.6957404,85.8209189,0.0,महोत्तरी 45700,", tourist_attraction"
,महोत्तरी,"महोत्तरी 45700, नेपाल",26.6943279,85.8230251,,नेपाल,", historic_site"
,Sahari Harit Park,"M99P+G7P, अनन्तलिङ्गेश्वर, नेपाल",27.6688477,85.385712,4.0,अनन्तलिङ्गेश्वर,", park"
,नवजीवन चर्च (ठोरी-३ नयाँ बस्ती,"7MW5+WV6, निर्मल बस्ती 44300, नेपाल",27.2972803,84.659637,5.0,निर्मल बस्ती 44300,", church"
,पिप्रा,"पिप्रा 45700, नेपाल",26.6952249,85.8537418,,नेपाल,", tourist_attraction"
,सप्तरी माछा पसल,"Chautarphi Marg 35, काठमाडौँ 44600, नेपाल",27.677726,85.347261,4.0,काठमाडौँ 44600,", aquarium"
,तस्मैया बाबा पार्क मटिहानी,"मटिहानी 45700, नेपाल",26.612648,85.8468686,1.5,नेपाल,", park"
,मटिहानी,"मटिहानी, नेपाल",26.6154079,85.8409453,,नेपाल,", church"
,"Swagat Dwar-Matihani Nagarpalika(स्वागत द्वार, मटिहानी नगरपालिका)","Municipality, Jalsagar Pond, जलेश्वर-मटिहानी रोड, मटिहानी 45705, नेपाल",26.6241988,85.8290738,5.0,Jalsagar Pond,", tourist_attraction"
,Ajmeri Jama Masjid Matihani,"JR9P+WJ9, मटिहानी 45700, नेपाल",26.6197916,85.8366141,0.0,मटिहानी 45700,", mosque"
,Elephant House,"JR6W+PHG, मटिहानी 45700, नेपाल",26.6119049,85.8464934,5.0,मटिहानी 45700,", zoo"
,मटिहानी मठ,"JR7W+38P, मटिहानी 45700, नेपाल",26.6127092,85.8458285,4.4,मटिहानी 45700,", hindu_temple"
,bhuiyababa Mandir musharitoll,"JV66+2HV, तुल्सीयाही जब्दी 45600, नेपाल",26.6101168,85.8614181,0.0,तुल्सीयाही जब्दी 45600,", hike"
,Aman Playground,"RRM6+32, रामगोपालपुर 45700, नेपाल",26.8327119,85.8100019,5.0,रामगोपालपुर 45700,", park"
,Anant house [ Anant],"RQFX+96W, रामगोपालपुर 45700, नेपाल",26.8235112,85.7980992,0.0,रामगोपालपुर 45700,", church"
,Noori Jama Masjid) نوری جاما مسجد Adhyanpur-9,"QRWF+C43, धमौरा 45700, नेपाल",26.7959617,85.8229525,4.5,धमौरा 45700,", mosque"
,Mata Durga Mandir,"RQFW+3MF, रामगोपालपुर 45700, नेपाल",26.8226892,85.7966702,3.9,रामगोपालपुर 45700,", museum"
,"Nabin Fancy Stores Ramgopalpur, Mahottari","RQCW+78X, बर्दिबास-जलेश्वर राजमार्ग, रामगोपालपुर 45700, नेपाल",26.8207382,85.7958607,0.0,बर्दिबास-जलेश्वर राजमार्ग,", art_gallery"
,Noor Art Gallery,"Bayalwas main road , ward no. 2Ishworpur, 45801, नेपाल",27.0036189,85.6430836,0.0,ward no. 2Ishworpur,", art_gallery"
,Bishwambharpur(Kutitol),"RR97+8QH, रामगोपालपुर 45700, नेपाल",26.818968,85.8151814,4.2,रामगोपालपुर 45700,", hindu_temple"
,Loharpatty kalab,"RR2W+29J, लोहारपट्टी 45700, नेपाल",26.8000925,85.845906,5.0,लोहारपट्टी 45700,", park"
,OLD (choharba ),"RV8C+GMJ Nepal(Narata Christian church, धर्मपुर 45700, नेपाल",26.8163311,85.8716515,0.0,धर्मपुर 45700,", church"
,लोहारपट्टी,"लोहारपट्टी 45700, नेपाल",26.8011076,85.8537418,,नेपाल,", tourist_attraction"
,Mahadev Mandir,"Loharpatti-08, kabirgama, नेपाल",26.7197792,85.8512623,5.0,kabirgama,", hindu_temple"
,Purani Pokhari the lowest part of Nepal पुरनी पाेखरी नेपालकाे सवैभन्दा हाेचाे ठाउ,"HVMC+PW8, Musharniya Road, मुखीयापट्टी मुसहरनिया 45600, नेपाल",26.5842597,85.8727361,0.0,Musharniya Road,", historic_site"
,महिमित चर्च हेटौंडा,"92XQ+FCC, लाली गुराँश मार्ग, हेटौडा 44107, नेपाल",27.3986533,85.0386732,3.8,लाली गुराँश मार्ग,", church"
,मनमोहन स्मृति भ्यु टाबर हेटौंडा,"C2Q9+272, हेटौडा, नेपाल",27.4375109,85.0181404,4.5,हेटौडा,", historic_site"
,त्रिखण्डी वनभोज स्थल,"G22R+FXH, कुलेखानी - सिस्नेरी - फर्पिङ सडक, आमभञ्ज्याङ 44100, नेपाल",27.5011857,85.0424952,4.2,कुलेखानी - सिस्नेरी - फर्पिङ सडक,", park"
,इम्माउस खृष्टिय मण्डली,"H3RP+837, नाम्टार 44100, नेपाल",27.5901041,85.0845881,0.0,नाम्टार 44100,", church"
,"Tarebhir Viewpoint, Thaha Makwanpur","H3WH+WJX, थाहा 44100, नेपाल",27.5973619,85.0791171,5.0,थाहा 44100,", tourist_attraction"
,Palung Gadhi,"J3J7+9C, थाहा 44100, नेपाल",27.630952,85.063528,5.0,थाहा 44100,", museum"
,थाहा,"थाहा 44100, नेपाल",27.6270943,85.0856761,,नेपाल,", historic_site"
,Gautam Buddha Paryantan Park Bakaiya-6,"852W+MV, श्रीपुर छतिवन 44100, नेपाल",27.3015456,85.1976935,0.0,श्रीपुर छतिवन 44100,", park"
,Harnamadi New Men Church,"949R+Q55, हेटौडा 44100, नेपाल",27.3694343,85.1403424,5.0,हेटौडा 44100,", church"
,बकैया,"बकैया, नेपाल",27.3613108,85.2570648,,नेपाल,", tourist_attraction"
,"Shiva Temple, Bakaiya-4, Chhatiwan.","86J5+38V, हेटौडा - फापरबारी रोड, श्रीपुर छतिवन 44100, नेपाल",27.330281,85.2082938,0.0,हेटौडा - फापरबारी रोड,", hindu_temple"
,Bakaiya Temple (बकैया ठाकुर मन्दीर),"C87P+29, शिखरपुर 44100, नेपाल",27.412606,85.3359718,5.0,शिखरपुर 44100,", monument"
,Simat khola bakaiya,"86F3+X8, श्रीपुर छतिवन 44100, नेपाल",27.3249775,85.2032569,0.0,श्रीपुर छतिवन 44100,", hike"
,Manahari peace park,"GRG8+RFH, मनहरि 44100, नेपाल",27.527064,84.8162472,4.2,मनहरि 44100,", park"
,बुद्ध शान्ति हरित पाक॔,"पूर्व पश्चिम राजमार्ग 7, मनहरि 44100, नेपाल",27.5420411,84.8076132,0.0,मनहरि 44100,", amusement_park"
,manahari Presbyterian church,"GRQ4+9C2, मनहरि 44100, नेपाल",27.5383756,84.8060689,5.0,मनहरि 44100,", church"
,Noorie Jamey Masjid,"GRQ5+V8V, मनहरि 44100, नेपाल",27.5399021,84.8083516,0.0,मनहरि 44100,", mosque"
,"Islamiq masjid, Manahari","GRQ5+GFX, मनहरि 44100, नेपाल",27.5388613,84.808735,0.0,मनहरि 44100,", mosque"
,NARAN MANDIR,"Marg, मध्यपुर थिमि 44600, नेपाल",27.6758257,85.3853144,5.0,मध्यपुर थिमि 44600,", hindu_temple"
,मनहरि,"मनहरि, नेपाल",27.5575802,84.7837717,,नेपाल,", historic_site"
,manahari Bazar,"GRQ5+W5R, महेन्द्र राजमार्ग, मनहरि 44100, नेपाल",27.5399884,84.8080714,4.3,महेन्द्र राजमार्ग,", historic_site"
,मनहरी,"मनहरी, नेपाल",27.5415387,84.7851515,,नेपाल,", historic_site"
,Church | Raksirang,"HR4R+QQ, राक्सीराङ 44100, नेपाल",27.5568637,84.8419428,0.0,राक्सीराङ 44100,", church"
,राक्सीराङ,"राक्सीराङ 44100, नेपाल",27.583322,84.8463673,,नेपाल,", tourist_attraction"
,Raksirang Rural Municipality,"GRXV+6MW, चैनपुर 44100, नेपाल",27.5481039,84.8442028,3.8,चैनपुर 44100,", monument"
,राक्सिराङ्ग,"राक्सिराङ्ग, नेपाल",27.5833627,84.8463701,,नेपाल,", monument"
,Republican monument,"नारायणहिटी पथ, काठमाडौँ 44600, नेपाल",27.7151392,85.3239018,2.5,काठमाडौँ 44600,", monument"
,Kulekhani III Picnic Spot,"F2GR+WGM, Tribhuvan Rajpath, भैसे 44100, नेपाल",27.4773303,85.0412916,4.0,Tribhuvan Rajpath,", picnic"
,Side seen view Pharping,"J776+94V, Kulekhani - Phakhel - Pharping Rd, दक्षिणकाली 44600, नेपाल",27.6134895,85.2603107,4.6,Kulekhani - Phakhel - Pharping Rd,", hike"
,पुष्पलाल स्मृति पिस पार्क,"C2HQ+4HR, हेटौडा 44107, नेपाल",27.427871,85.0388813,4.2,हेटौडा 44107,", park"
,"माछापालन, हेटौंडा","हेटौडा 44107, नेपाल",27.4136418,85.0515512,4.3,नेपाल,", aquarium"
,Vansagopal Temple,"मकवान्पुर गढी, Makwanpur Gadhi Rd, मकवानपुरगढी 44100, नेपाल",27.4109937,85.1474792,4.4,Makwanpur Gadhi Rd,", hindu_temple"
,मकवानपुरगढी,"मकवानपुरगढी, 44100, नेपाल",27.424084,85.1427213,,44100,", historic_site"
,सानो गढी,"C47V+CRH, मकवानपुरगढी 44100, नेपाल",27.4135653,85.1446237,3.5,मकवानपुरगढी 44100,", historic_site"
,मकवानपुरगढी,"मकवानपुरगढी, नेपाल",27.4241312,85.1427507,,नेपाल,", historic_site"
,गुफाथान,"94VP+8HQ, हेटौडा 44100, नेपाल",27.3933305,85.1364812,4.9,हेटौडा 44100,", historic_site"
,"Makranchuli, Hetauda","C3J8+HX, मकवानपुरगढी 44100, नेपाल",27.431449,85.067476,0.0,मकवानपुरगढी 44100,", trek"
,राज साइकल केन्द्र,"बस पार्क मार्ग, हेटौडा 44107, नेपाल",27.4304637,85.0304461,5.0,हेटौडा 44107,", trek"
,Lalitpur-Makawanpur District Border,"Bagmati, इपा पञ्चकन्या, नेपाल",27.4787263,85.2471246,3.0,इपा पञ्चकन्या,", trek"
,Kailash Makwanpur,"HXCG+V2, नाम्टार 44100, नेपाल",27.5721771,84.9750197,5.0,नाम्टार 44100,", church"
,डाँफे मुनाल पार्क,"MVGQ+387, डाँडाखर्क, नेपाल",27.6751594,84.888289,3.4,डाँडाखर्क,", tourist_attraction"
,कैलाश,"कैलाश, नेपाल",27.5623657,84.974504,,नेपाल,", tourist_attraction"
,वनस्खण्डी देवी मन्दिर,"C2PR+HXF, Banaskhandi Rd, हेटौडा, नेपाल",27.4364463,85.0424258,4.4,Banaskhandi Rd,", hindu_temple"
,Kailash Adventure Pvt Ltd,"नरसिंह चोक मार्ग, काठमाडौँ 44600, नेपाल",27.7147975,85.3106511,4.8,काठमाडौँ 44600,", trek"
,Hetauda,"H23F+V85, नाम्टार 44100, नेपाल",27.5546357,85.023346,2.0,नाम्टार 44100,", hike"
,Bachha and Buddha Park,"G4GP+JCQ, भिमफेदी 44100, नेपाल",27.5265829,85.1360942,4.7,भिमफेदी 44100,", park"
,"Golping, Bhimphedi, Dhorsing","G3MW+8CF, भिमफेदी 44100, नेपाल",27.5333018,85.0960381,0.0,भिमफेदी 44100,", tourist_attraction"
,Bhimphedi Ganesh Temple,"G4WH+8W8, भिमफेदी 44100, नेपाल",27.545779,85.1298326,4.4,भिमफेदी 44100,", mosque"
,"Hattishar Museum, Bhimphedi","G4VJ+VG6, भिमफेदी 44100, नेपाल",27.5446679,85.1312548,0.0,भिमफेदी 44100,", museum"
,Dhorsing,"G4Q3+X83, भिमफेदी 44100, नेपाल",27.5398781,85.1032902,4.0,भिमफेदी 44100,", historic_site"
,भिमफेदी,"भिमफेदी 44100, नेपाल",27.5469571,85.1375645,,नेपाल,", historic_site"
,भिमफेदी,"भिमफेदी, 44100, नेपाल",27.545648,85.1316914,,44100,", historic_site"
,"मितेरी पुल, Hetauda Bhimphedi, Miteri pul","F2FG+MH7, हेटौडा 44100, नेपाल",27.4741666,85.0264134,0.0,हेटौडा 44100,", historic_site"
,भीमफेदी गाउँपालिका कार्यालय,"G4WH+8HM, भिमफेदी 44100, नेपाल",27.5458349,85.1289188,4.2,भिमफेदी 44100,", historic_site"
,Chisapani deurali,"Khulikhane, नेपाल",27.5706428,85.1463617,4.6,नेपाल,", hike"
,Thumki bus park,"C9P6+G3F, गिम्दी 44700, नेपाल",27.4363125,85.3601719,0.0,गिम्दी 44700,", park"
,Shakti Mahima Church,"6F9J+969, राईगाउँ 44100, नेपाल",27.2184151,85.4806135,5.0,राईगाउँ 44100,", church"
,तिलेश्वर नाथ पर्यापर्यटन पार्क,"चन्द्रपुर 44515, नेपाल",27.1714314,85.3323806,4.0,नेपाल,", zoo"
,Sisneri Emmus Church,"H688+V4M, सिस्नेरी 44100, नेपाल",27.5672143,85.2153062,4.5,सिस्नेरी 44100,", church"
,Indra Sarovar,"J544+V38 Hydropower Reservoir, कुलेखानी 44100, नेपाल",27.6071728,85.1552124,4.1,कुलेखानी 44100,", tourist_attraction"
,jamia taju shariya mosalla chekpost,"M6QG+QX6, चन्द्रागिरी 44600, नेपाल",27.6893461,85.2275074,3.0,चन्द्रागिरी 44600,", mosque"
,Indrasarobar Lake,"H5V6+H69, Indrasarobar Rural municipality, कुलेखानी, नेपाल",27.5939232,85.1605979,4.5,Indrasarobar Rural municipality,", monument"
,Chame art,"H63R+269, बेसीसहर - चामे सडक, चामे 33500, नेपाल",28.5524517,84.2409204,5.0,बेसीसहर - चामे सडक,", park"
,Believers Eastern Church Timang ️,"G8H3+CW4, चामे 33500, नेपाल",28.5285059,84.3048307,2.0,चामे 33500,", church"
,Chame View Point,"H63X+923, बेसीसहर - चामे सडक, चामे 33500, नेपाल",28.5533868,84.2475337,4.8,बेसीसहर - चामे सडक,", tourist_attraction"
,Sekaha,"94VF+WJR, नमर्जुंग 33700, नेपाल",28.394857,84.124008,0.0,नमर्जुंग 33700,", mosque"
,Kajin Sara Lake/ singaar lake,"F7W4+PFV, चामे 33500, नेपाल",28.4968726,84.2561785,4.5,चामे 33500,", monument"
,चामे,"चामे, नेपाल",28.516253,84.238417,,नेपाल,", historic_site"
,च्याम्चे झरना,"C9MV+MWR, धारापानी 33600, नेपाल",28.4342366,84.3947736,4.6,धारापानी 33600,", hike"
,Namnagra Masjid,"R6QJ+M96, बसन्तपट्टी 44500, नेपाल",26.8391542,85.2308814,0.0,बसन्तपट्टी 44500,", mosque"
,God Narshimha Temple,"मोदिबेनी सडक Vagwan Narshimha Mandir,Shivalaya-5,Kusma, Shiwalaya Gau Bikas Samiti 33300, नेपाल",28.2028037,83.6708685,4.6,Shivalaya-5,", hindu_temple"
,Netra Guragain statue,"4GJM+3F5 म्याङ्लुङ बस बिसौनी, Limbuwan Highway, म्याङ्गलुङ्ग 57500, नेपाल",27.1301461,87.5337269,0.0,Limbuwan Highway,", monument"
,Manang,"M28C+MWH, टंकी मनांङ् 33500, नेपाल",28.6666908,84.0223489,5.0,टंकी मनांङ् 33500,", historic_site"
,Nawa Shanti AG Church,"69HG+9MJ, डुम्रे-बेसिशहर-चामे राजमार्ग, वेसीशहर 33600, नेपाल",28.2284733,84.3766382,5.0,डुम्रे-बेसिशहर-चामे राजमार्ग,", church"
,Chand Jame Masjid,"69JH+94J, बेसीसहर - चामे सडक, वेसीशहर 33600, नेपाल",28.2309509,84.377756,4.0,बेसीसहर - चामे सडक,", mosque"
,Ngawal museum,"J4X3+6WG, ङावल 33500, नेपाल",28.6481093,84.1048446,0.0,ङावल 33500,", museum"
,"Noah's Ark Mini-Zoo Farm","65PP+3VC, मिजुरे डाँडा 33700, नेपाल",28.2351603,84.1871196,0.0,मिजुरे डाँडा 33700,", zoo"
,NEPA Art & CRAFT Gallery,"J83G+HVP, Bajrabarahi Road, चापागा‌‍‍उँ 44700, नेपाल",27.6039926,85.3271731,3.0,Bajrabarahi Road,", art_gallery"
,"Narpa Bhumi Rural Municipality Ward No 1, 2 & 3 Office, Nar, Manang","M5JX+9XX, नर 33500, नेपाल",28.6815903,84.2000798,0.0,नर 33500,", hindu_temple"
,Narpa Bhumi Rural Municipality,"P784+5R4, फु 33500, नेपाल",28.7153877,84.2570752,0.0,फु 33500,", hindu_temple"
,मर्‍याङ्पुह् (Maryaangpuh),"7R7G+5V9, उइया, नेपाल",28.2629113,84.8272446,5.0,उइया,", historic_site"
,Narpa Bhumi Rural Municipality नार्पा भूमि गाउँपालिकाको कार्यालय,"M7X4+F8, नर 33500, नेपाल",28.6988876,84.2555532,0.0,नर 33500,", historic_site"
,नार्पा भूमि,"नार्पा भूमि, नेपाल",28.7728387,84.2729041,,नेपाल,", historic_site"
,नर,"नर, नेपाल",28.7107829,84.1646163,,नेपाल,", historic_site"
,"नार्पा भूमि गाउँपालिका, गाँउ कार्यपालिकाको कार्यालय (Narpa Bhumi Rural Municipality)","P567+8R9, नर 33500, नेपाल",28.7107829,84.1646163,0.0,नर 33500,", historic_site"
,Ngawal picnic house,"M432+H5, ङावल 33500, नेपाल",28.6542594,84.0998236,0.0,ङावल 33500,", picnic"
,"नेपाल इसाई मण्डली, गोंगबु चर्च","P8Q6+92M, काठमाडौँ 44600, नेपाल",27.7384407,85.3100687,4.6,काठमाडौँ 44600,", church"
,"Nalang Evangelical Friend's Church","VRG3+8G7, नलाङ 45100, नेपाल",27.8757761,84.8038001,5.0,नलाङ 45100,", church"
,Marpha Nissi A.G. Church,"QM3P+GJP, मार्फा 33100, नेपाल",28.753846,83.6865656,5.0,मार्फा 33100,", church"
,Bangnam Church,"GRR2+4CM, मनहरि 44100, नेपाल",27.5403276,84.8010338,2.8,मनहरि 44100,", church"
,Nepali Isai Mandali Church,"R6JR+XC2, ककनी 44900, नेपाल",27.8323763,85.2410154,2.3,ककनी 44900,", church"
,Church oF God Sukubhanjyang,"HXGC+G2V, नाम्टार 44100, नेपाल",27.5763266,84.9700162,0.0,नाम्टार 44100,", church"
,मनाङ ङिस्याङ,"मनाङ ङिस्याङ, नेपाल",28.6634264,84.0271624,,नेपाल,", church"
,Immanuel Church Nepal,"MG3M+4RJ, देवदह नगरपालिका 32900, नेपाल",27.6528417,83.5345433,3.8,देवदह नगरपालिका 32900,", church"
,मनाङ,"मनाङ, नेपाल",28.6419484,84.1857115,,नेपाल,", church"
,Yangnaam church,"2CVW+7C3, हमार्जुङ 57500, नेपाल",27.0431482,87.446036,0.0,हमार्जुङ 57500,", church"
,माथिल्लो मनांग,"माथिल्लो मनांग 33500, नेपाल",28.6020467,84.0695961,,नेपाल,", church"
,Manang Viewpoint,"M28G+JP, टंकी मनांङ् 33500, नेपाल",28.6664993,84.0268503,4.9,टंकी मनांङ् 33500,", historic_site"
,Upper Khangsar - Viewpoint,"MXGC+MX, खाङसार 33500, नेपाल",28.6766687,83.9724661,0.0,खाङसार 33500,", historic_site"
,YAK HERDERS SHADE MANANG ANNAPURNA 3 BASE,"M239+JG2, 33500, नेपाल",28.6540176,84.0187646,5.0,33500,", trek"
,Mring Taal,"J4FR+4C4 Mring Taal, पिसांग 33500, नेपाल",28.6227634,84.1410899,5.0,पिसांग 33500,", trek"
,Shree kharka,"MXH4+6HG, मनाङ गाविस 33500, नेपाल",28.6780568,83.9564497,4.4,मनाङ गाविस 33500,", trek"
,Manang Entrance Gate,"F98F+3XC, धारापानी 33500, नेपाल",28.4651765,84.3749053,4.5,धारापानी 33500,", trek"
,गोपाल फन पार्क,"F865+42X, रंगेली रोड, कटहरी 56613, नेपाल",26.4603683,87.3076172,3.8,रंगेली रोड,", amusement_park"
,Singhiya river bridge,"C7PX+RVW, विराटनगर 56613, नेपाल",26.4376489,87.2999124,4.3,विराटनगर 56613,", tourist_attraction"
,Sansari Maisthan Temple,"F72J+X3M, विराटनगर 56613, नेपाल",26.4523919,87.2801471,4.2,विराटनगर 56613,", hindu_temple"
,विराटनगर महानगरीय गेट,"H08, विराटनगर 56613, नेपाल",26.5098763,87.2820076,4.0,विराटनगर 56613,", monument"
,Kali Mandir Uttar Chowk,"F75J+442, हनुमान दास मार्ग, विराटनगर 56613, नेपाल",26.4577734,87.2802755,4.0,हनुमान दास मार्ग,", historic_site"
,घेराबनी चौतारो,"Sundarharaincha-3, Gherabani, नेपाल",26.6229924,87.3065737,5.0,Gherabani,", park"
,Sundar Evangelical Church,"Aachhame Chowk, Sundarharainchaa -6, नेपाल",26.6774282,87.3143679,5.0,Sundarharainchaa -6,", church"
,सुन्दरहरैँचा,"सुन्दरहरैँचा, नेपाल",26.6692376,87.3823039,,नेपाल,", tourist_attraction"
,Charaigoha,"J7WV+XG6, सुन्दर दुलारी 4, नेपाल",26.6474138,87.2937584,0.0,सुन्दर दुलारी 4,", tourist_attraction"
,Jame Masjid Syedna Bilal (R.A.),"M9GH+W4, कोशी हरैचा 56600, नेपाल",26.6773191,87.377734,5.0,कोशी हरैचा 56600,", mosque"
,हसिना सिमसार,"M8V9+5H3, Unnamed Road, सुन्दर दुलारी, नेपाल",26.6928847,87.3189237,4.1,Unnamed Road,", monument"
,इन्द्रनारायण फेमेली पार्क,"M8R8+CQP, सुन्दर दुलारी, नेपाल",26.6917308,87.3177721,0.0,सुन्दर दुलारी,", picnic"
,Betana Simsar Lake वेतना सिमसार ताल,"MC5J+CPM, महेन्द्र राजमार्ग, बेलवारी 56600, नेपाल",26.661012,87.4327669,4.2,महेन्द्र राजमार्ग,", tourist_attraction"
,Belal Masjid,"X8V3+X5, गम्हरीया बिर्ता 44500, नेपाल",26.9949539,85.3028784,5.0,गम्हरीया बिर्ता 44500,", mosque"
,Belbari 4 morang काकुम बुधबारे चोक,"JCRG+R7P, Unnamed Road, बेलवारी 56600, नेपाल",26.6420858,87.4256965,3.8,Unnamed Road,", monument"
,रत्न पार्क,"MH35+QVP, पथरी शनिश्चरे 56600, नेपाल",26.6544574,87.5597145,4.1,पथरी शनिश्चरे 56600,", park"
,PathariSanischare,"Mangalbare - Aitabare Rd, पथरी शनिश्चरे 56600, नेपाल",26.6562924,87.5897552,3.6,पथरी शनिश्चरे 56600,", amusement_park"
,Kaseni Church,"JHPX+MPW, पथरी शनिश्चरे 56600, नेपाल",26.636729,87.5993431,5.0,पथरी शनिश्चरे 56600,", church"
,सेल्फी रोड पथरी,"MH5Q+H2J, Mangalbare - Aitabare Rd, पथरी शनिश्चरे 56600, नेपाल",26.6589607,87.5875126,4.0,Mangalbare - Aitabare Rd,", tourist_attraction"
,श्रीजङ्गा स्मारक ᤛᤣᤘᤠᤖᤥ,"MH64+492, पथरी शनिश्चरे 56600, नेपाल",26.6602719,87.5558997,5.0,पथरी शनिश्चरे 56600,", museum"
,Exotic aquariums and pet shop,"Next to Prabhu bank Near to Gorkha Department, पथरी शनिश्चरे 56600, नेपाल",26.6604739,87.5610962,4.9,पथरी शनिश्चरे 56600,", aquarium"
,Pathari Tattoo and Art House,"MH55+WMV, पथरी शनिश्चरे 56600, नेपाल",26.659879,87.5590869,4.5,पथरी शनिश्चरे 56600,", art_gallery"
,प्रकाशेश्वर शिवालय मिन्दिर,"JHV4+F22, Pathari Road, पथरी शनिश्चरे 56600, नेपाल",26.6436977,87.555029,3.0,Pathari Road,", hindu_temple"
,Mathilo dumre,"MHQR+C6, उर्लाबारी 56600, नेपाल",26.6888794,87.5920348,0.0,उर्लाबारी 56600,", park"
,Everest Fun Park & Resort Pvt. Ltd,"JJMG+JW7, Urlabari-08, Durgapuri, Urlabari Ambari Rd, उर्लाबारी 56604, नेपाल",26.6313457,87.6237733,4.1,Urlabari-08,", tourist_attraction"
,Madarasatul Taswid & Noorani Masjid,"MJ6R+8F8, उर्लाबारी 56604, नेपाल",26.6607747,87.6412382,4.8,उर्लाबारी 56604,", mosque"
,मदन भण्डारी स्मृति संग्रहालय,"MH6X+PHP, महेन्द्र राजमार्ग, उर्लाबारी 56600, नेपाल",26.6618387,87.59894,4.1,महेन्द्र राजमार्ग,", museum"
,Jungle Safari,"MHCG+M8G, उर्लाबारी 56600, नेपाल",26.6716759,87.5758319,5.0,उर्लाबारी 56600,", zoo"
,Urlabari Shivalaya Mandir,"उर्लाबारी 6, नेपाल",26.6850383,87.6416083,4.3,नेपाल,", hindu_temple"
,urlabari morang,"MJ8F+PXC, machindr chowk, उर्लाबारी 56604, नेपाल",26.6668103,87.6248953,4.5,machindr chowk,", historic_site"
,hiking and Cycling Route Kailashe,"MHCG+839, उर्लाबारी 56600, नेपाल",26.6707882,87.5752318,5.0,उर्लाबारी 56600,", trek"
,बेतनी सामूदायिक वन कार्यालय,"MJH4+Q8W, उर्लाबारी 56600, नेपाल",26.6794859,87.6058364,4.2,उर्लाबारी 56600,", picnic"
,BIRAN,"PFJX+RWQ, लेटाङ 56600, नेपाल",26.7320872,87.4998727,4.7,लेटाङ 56600,", park"
,Letang Immanuel Church,"लेटाङ 00977, नेपाल",26.742009,87.4999044,5.0,नेपाल,", church"
,लेटाङ भ्यू टावर,"QG43+QJW, Kanepokhari - Letang Road, लेटाङ 56600, नेपाल",26.75699,87.5040935,3.9,Kanepokhari - Letang Road,", tourist_attraction"
,Nuri jama masjid letang morang,"PGQ3+524, Kanepokhari - Letang Road, लेटाङ 56600, नेपाल",26.7378625,87.5022897,0.0,Kanepokhari - Letang Road,", mosque"
,Shivalaya mandir letang na.pa.-6,"56600, लेटाङ, नेपाल",26.7495631,87.5047778,4.4,लेटाङ,", hindu_temple"
,Letang Morang,"Main Road, लेटाङ 56600, नेपाल",26.7353529,87.5024379,4.3,लेटाङ 56600,", monument"
,Raja Rani Picnic Spot,"लेटाङ 56600, नेपाल",26.7471714,87.4809031,4.3,नेपाल,", picnic"
,Darjeling Line,"PGP2+WC4, लेटाङ 56600, नेपाल",26.7372704,87.5010838,4.0,लेटाङ 56600,", hike"
,Aamtola आँमतोंला,"FF87+6CF, Bhawane - Rangeli Rd, द्रबेशा 56600, नेपाल",26.4655545,87.4635547,3.8,Bhawane - Rangeli Rd,", park"
,"Amtola Church, Nepal Mission Mission Nepal","रंगेली रोड, रङ्गेली 56600, नेपाल",26.4640442,87.4647217,5.0,रङ्गेली 56600,", church"
,Gramthan-Rangeli Suspension Bridge,"GCP3+MP4, मोतिपुर 56600, नेपाल",26.5366261,87.4043251,5.0,मोतिपुर 56600,", tourist_attraction"
,Rangeli,"FF6V+CPR, रङ्गेली 56600, नेपाल",26.4611322,87.494264,0.0,रङ्गेली 56600,", mosque"
,"Rajbanshi Museum, Sunbarshi","GH8M+PG6, गोविन्दपुर 56600, नेपाल",26.5177352,87.5834209,0.0,गोविन्दपुर 56600,", museum"
,Durga Mandir Rangeli,"FF6R+X7R, रङ्गेली 56600, नेपाल",26.4624994,87.4906485,4.7,रङ्गेली 56600,", hindu_temple"
,RATUWA FUN PARK,"GMW2+PC3, कोहवारा 57200, नेपाल",26.5467515,87.651038,0.0,कोहवारा 57200,", amusement_park"
,"Church, Bishwakarma","CHM8+P5G, डाइनिया 56600, नेपाल",26.4343023,87.5654439,4.5,डाइनिया 56600,", church"
,सुनवर्षि,"सुनवर्षि, 56600, नेपाल",26.4555815,87.5484421,,56600,", tourist_attraction"
,Sonapur masjid,"CJ33+672, वरडंगा 56600, नेपाल",26.403006,87.6031287,3.7,वरडंगा 56600,", mosque"
,Shiddi home,"C86P+FMP, मझारे 56600, नेपाल",26.4112956,87.3370395,0.0,मझारे 56600,", zoo"
,"ॐ श्री हरि विष्णु मन्दिर, काशीधाम","GG2R+WC, रङ्गेली 56600, नेपाल",26.5022154,87.5410863,5.0,रङ्गेली 56600,", hindu_temple"
,रतुवामाई,"रतुवामाई, नेपाल",26.4459039,87.6115216,,नेपाल,", tourist_attraction"
,Morang,"HJ6C+WF5, इटहरा 56600, नेपाल",26.562252,87.6212008,0.0,इटहरा 56600,", tourist_attraction"
,Akmal mahira,"CHXG+RRP, गोविन्दपुर 56600, नेपाल",26.4493839,87.5787804,5.0,गोविन्दपुर 56600,", museum"
,"Pathibhara art, amrdaha","रंगेली रोड 5600, अमरदह 35500, नेपाल",26.5432219,87.5628876,5.0,अमरदह 35500,", art_gallery"
,Kalyanpur बर्मेली टोल,"Ratuwamai-1, Kalyanpur 56600, नेपाल",26.421599,87.6141125,4.6,Kalyanpur 56600,", hindu_temple"
,Rajghat Devithan Ratuwa Bridge,"HJ8Q+JP, कोहवारा, नेपाल",26.5665445,87.6392181,5.0,कोहवारा,", monument"
,रतुवामाई नगरपालिका,"Kadupada - Sijuwa Rd, सिजुवा 56600, नेपाल",26.4924153,87.636962,4.0,सिजुवा 56600,", historic_site"
,Indreni Lake,"JM64+PW4, दमक 57200, नेपाल",26.6117595,87.6573137,4.3,दमक 57200,", picnic"
,Sijuwa Ghat सिजुवाघाट।,"GJ3R+FP, सिजुवा, नेपाल",26.5036339,87.6418025,4.3,सिजुवा,", hike"
,Ramailo Park,"MF2W+8V, वयरवन 56600, नेपाल",26.6507678,87.4971523,5.0,वयरवन 56600,", park"
,Church✝️,"HF2C+69Q, Hoklabari School Road, होक्लावारी 56600, नेपाल",26.550598,87.4709777,0.0,Hoklabari School Road,", church"
,"JAMA MASJID l,Girdaliya","GGVX+8M5, अमरदह 56600, नेपाल",26.543272,87.5492264,5.0,अमरदह 56600,", mosque"
,Kanepokhari (Ear pond),"MF2W+GV9, वयरवन 56600, नेपाल",26.6512946,87.4972288,3.9,वयरवन 56600,", museum"
,लभ टोल,"FFGR+Q62, Kanepokhari -Rangeli Rd, रङ्गेली 56600, नेपाल",26.4768782,87.4905276,0.0,Kanepokhari -Rangeli Rd,", hindu_temple"
,Kanepokhari morang,"GGQ9+GF, वयरवन 56600, नेपाल",26.538684,87.5186164,4.5,वयरवन 56600,", monument"
,बासेचौरी बनभोज क्षेत्र,"MHGC+43Q, जाँते 56600, नेपाल",26.6753471,87.5702234,5.0,जाँते 56600,", picnic"
,Ramjanaki Chok,"HFHW+HXX, Kalisthan Road, केरौन 56600, नेपाल",26.5789797,87.4974739,5.0,Kalisthan Road,", hike"
,छायाँनाथ रारा,"छायाँनाथ रारा, नेपाल",29.5478793,82.1571427,,नेपाल,", tourist_attraction"
,Walnut tree in Chhapru Village,"G3PF+3CH, रारा 21100, नेपाल",29.5351778,82.073617,4.3,रारा 21100,", trek"
,रारा,"रारा 21100, नेपाल",29.5286426,82.0625052,,नेपाल,", trek"
,World Mission Church Mugling Nepal,"VH47+V3Q, H04, दारेचोक 44200, नेपाल",27.8572036,84.5627214,0.0,H04,", church"
,मुगुम कार्मारोंग,"मुगुम कार्मारोंग, नेपाल",29.6525012,82.5203216,,नेपाल,", tourist_attraction"
,Old gurung museum,"9RG5+RG8, घान्द्रुक 33700, नेपाल",28.3770562,83.8088398,0.0,घान्द्रुक 33700,", museum"
,Large Buddha Statue & Hand Prayer Wheels,"H8X6+92R, माङ्गी 21100, नेपाल",29.5985392,82.3101426,5.0,माङ्गी 21100,", monument"
,Mugum karmarong Rural Municipality,"H9HW+22W, पुलू 21100, नेपाल",29.5775806,82.3950857,5.0,पुलू 21100,", trek"
,राम्रो कर्म ट्रेकिङ,"Ropeway Sadak, काठमाडौँ 44600, नेपाल",27.7204996,85.2932068,5.0,काठमाडौँ 44600,", trek"
,"Karnali U-Turn,Bijaura","V673+23, सुगारखाल 21700, नेपाल",28.8625531,81.2026941,0.0,सुगारखाल 21700,", tourist_attraction"
,Ghimire Kul pooja Mandir Namdu Batlechaur,"J4J4+3V, नाम्दु 45500, नेपाल",27.630138,86.107213,0.0,नाम्दु 45500,", hindu_temple"
,श्री श्री 108 पंचमुखी हनुमान मन्दिर,"CFQH+H7W, Indo Nepal Border Trail, रङ्गेली 56600, नेपाल",26.438414,87.4784271,4.3,Indo Nepal Border Trail,", hindu_temple"
,Soru Rural Municipality,"JWPV+6R8, जिमा 21100, नेपाल",29.635246,81.9441222,4.0,जिमा 21100,", historic_site"
,Soru,"MW2X+2X5, नाधर्पू 21100, नेपाल",29.65,81.95,0.0,नाधर्पू 21100,", trek"
,Sorukot Viewpoint,"JXM2+44, जिमा 21100, नेपाल",29.6328083,81.9502881,4.0,जिमा 21100,", hike"
,Living God Church,"GV5W+X3Q, गम्था 21100, नेपाल",29.5099622,81.8952431,0.0,गम्था 21100,", church"
,खत्याड,"खत्याड, नेपाल",29.5087156,81.8936526,,नेपाल,", tourist_attraction"
,रिगा गाँउ,"GQGV+XP, सुखाढिक 21100, नेपाल",29.5274433,81.7943113,5.0,सुखाढिक 21100,", hindu_temple"
,Krishna Bahadur Malla Chwok,"G5X4+3R4, गमगडी सडक, श्रीनगर 21100, नेपाल",29.547628,82.157066,4.8,गमगडी सडक,", monument"
,तल्लो सेरि,"CW9X+PPM, पाण्डवगुफा 21200, नेपाल",29.4193439,81.9492977,0.0,पाण्डवगुफा 21200,", trek"
,Mini mustang,"J8C3+F48, 45500, नेपाल",27.6211613,86.3028373,5.0,45500,", tourist_attraction"
,Masjid ☪️,"94VF+WJR, नमर्जुंग 33700, नेपाल",28.394857,84.124008,1.0,नमर्जुंग 33700,", mosque"
,Lowa Art Gallery & Book Shop,"5XM4+4G5, लोमांगथांग 33100, नेपाल",29.1827701,83.956368,5.0,लोमांगथांग 33100,", art_gallery"
,GHARAP ZHONG VIEW POINT,"QP8F+G2M, जोमसोम 33100, नेपाल",28.7663374,83.7223099,5.0,जोमसोम 33100,", monument"
,उत्तर चरम हिमालय,"Baluwakhani chowk, काठमाडौँ 44600, नेपाल",27.7441997,85.3557639,4.6,काठमाडौँ 44600,", trek"
,Jomsom & Upper Mustang View tower,"QQF2+49, जोमसोम 33100, नेपाल",28.7728574,83.7509459,4.9,जोमसोम 33100,", hike"
,"Thasang park,kobang","MJP3+H4, कोवांग 33100, नेपाल",28.6863888,83.6027766,5.0,कोवांग 33100,", park"
,सेकोङ ताल,"MHMR+3HP, कोवांग 33100, नेपाल",28.6827081,83.5914597,4.4,कोवांग 33100,", tourist_attraction"
,टिटी ताल,"MJ39+4J2, कुँजो 33100, नेपाल",28.652765,83.6190033,4.7,कुँजो 33100,", tourist_attraction"
,थासाङ गाँउपालिकाको कार्यालय,"MJR9+V7W, कोवांग 33100, नेपाल",28.6922312,83.6182068,3.0,कोवांग 33100,", mosque"
,TUKUCHE MUSEUM,"PJ6W+H47, टुकुचे 33100, नेपाल",28.7113583,83.6453078,4.3,टुकुचे 33100,", museum"
,थासाङ,"थासाङ, 33100, नेपाल",28.7111961,83.6456484,,33100,", historic_site"
,Marche Mustang,"MHC6+P47, कोवांग 33100, नेपाल",28.6717982,83.5603112,0.0,कोवांग 33100,", hike"
,Resting Place,"RV89+J85, मुक्तिनाथ 33100, नेपाल",28.8165214,83.8683539,0.0,मुक्तिनाथ 33100,", park"
,नयाँ आशा चर्च,"QPGC+6PV, जोमसोम 33100, नेपाल",28.7756122,83.7217904,3.4,जोमसोम 33100,", church"
,"Upper Mustang, Nepal","लोमांगथांग 33100, नेपाल",29.234739,83.9257357,4.8,नेपाल,", tourist_attraction"
,मुक्तिनाथ मन्दिर‌,"J9F7+394, गोदावरी 44700, नेपाल",27.6226349,85.363453,4.3,गोदावरी 44700,", monument"
,झाेंग गुफा,"638H+QW7, छोसेर 33100, नेपाल",29.2169099,84.0797931,4.6,छोसेर 33100,", historic_site"
,Ganeshman Singh Smriti Memorial Park,"PFXX+93R, शङ्खरापुर, नेपाल",27.748488,85.4976292,5.0,शङ्खरापुर,", picnic"
,Salla Ghari Park,"M98P+8GH, अनन्तलिङ्गेश्वर, नेपाल",27.6658061,85.3863702,3.6,अनन्तलिङ्गेश्वर,", park"
,दामोदर कुण्ड,"X5GC+522, सुर्खांग, नेपाल",28.9753994,84.170004,4.4,सुर्खांग,", tourist_attraction"
,Old Royal Palace,"3WVM+4H2, चरंग 33100, नेपाल",29.0927712,83.9338879,5.0,चरंग 33100,", museum"
,Lo Manthang Village,"लोमांगथांग 33100, नेपाल",29.1824898,83.956342,4.7,नेपाल,", park"
,Lomanthang hot spring,"5XCM+G4M, लोमांगथांग 33100, नेपाल",29.1713371,83.9827913,0.0,लोमांगथांग 33100,", hindu_temple"
,Myagdi,"New Road, बेनी 33200, नेपाल",28.3462659,83.566886,4.9,बेनी 33200,", park"
,Hope church,"tokha 9 myagdi chock, फाखेल 44100, नेपाल",27.5944857,85.2264729,5.0,फाखेल 44100,", church"
,खाराको डिल,"8HQ7+JV7, बेनी 33200, नेपाल",28.3390281,83.5646671,4.4,बेनी 33200,", tourist_attraction"
,बेनी बजार,"मालढुङ्गा-बेनी सडक, बेनी 33200, नेपाल",28.3486699,83.5677989,4.1,बेनी 33200,", zoo"
,Galeshwor Temple,"9HF9+29R, F042, बेनी 33200, नेपाल",28.3727265,83.5684202,4.6,F042,", hindu_temple"
,Myagdi Parveash Dwar,"8HW9+V55, मालढुङ्गा-बेनी सडक, बेनी 33200, नेपाल",28.3471323,83.56799,5.0,मालढुङ्गा-बेनी सडक,", monument"
,अन्नपूर्ण प्राकृतिक इतिहास संग्रहालय,"6XQR+H6M, Road, पोखरा 33700, नेपाल",28.2388787,83.9905641,4.2,Road,", museum"
,असँभुलू (अन्नपुर्ण) अजिमा,"P846+WW7, काठमाडौँ 44600, नेपाल",27.7072509,85.3122569,4.6,काठमाडौँ 44600,", hindu_temple"
,Singa tatopani,"FJV9+QHC, तातोपानी 33200, नेपाल",28.4944327,83.6188793,1.0,तातोपानी 33200,", monument"
,अन्नपूर्ण,"HRWC+C4R, नरच्यांग, नेपाल",28.596111,83.820278,4.6,नरच्यांग,", hike"
,साँघु पाखा,"J8CV+468, झरुवाराशी 44700, नेपाल",27.620264,85.343377,4.0,झरुवाराशी 44700,", park"
,Nepal Christian Unity Church Darbang,"C96M+X9C Riverside, माग्दी दर्बांग 33208, नेपाल",28.4124384,83.383391,5.0,माग्दी दर्बांग 33208,", church"
,धौलागिरी,"धौलागिरी, मुदी 33200, नेपाल",28.6984652,83.4873496,4.5,मुदी 33200,", tourist_attraction"
,Dhaulagiri Icefall,"MGCC+638, मुदी 33200, नेपाल",28.6705446,83.5202038,5.0,मुदी 33200,", mosque"
,"Sworgadwari Temple, Todkey (Guthi), Kuhun-2, Myagdi","CG54+525, Purnagaun To, कुहुँकोट 33200, नेपाल",28.4078406,83.5050361,4.2,Purnagaun To,", hindu_temple"
,Dhaulagiri Base Camp Trek,"MFXQ+92Q, मुदी 33200, नेपाल",28.6984547,83.4876091,5.0,मुदी 33200,", monument"
,Dhaulagiri I,"Dhaulagiri I, मुदी 33200, नेपाल",28.6966666,83.4941666,4.1,मुदी 33200,", historic_site"
,Dhaulagiri Sanctuary Trek,"JGRH+3F6, Jomsom Sadak, कोवांग 33100, नेपाल",28.6401669,83.528645,5.0,Jomsom Sadak,", trek"
,Gaurati Picnic Spot,"QPV4+F3C, चौतारा 45306, नेपाल",27.7936971,85.7051552,5.0,चौतारा 45306,", picnic"
,Mangala Indrani Park,"Unnamed Road, 33200, नेपाल",28.3872112,83.452836,5.0,33200,", park"
,MASJID SIDDIQUE. Jamia Moinia Nurul Quraan,"58FM+RR7, Road, Ramnagar, Bihar 845106, भारत",27.1746184,84.3345707,5.0,Road,", mosque"
,Masjid Bargajwa Deoraj,"483M+FCG, Bargajwa, Bihar 845103, भारत",27.1036916,84.3336014,3.4,Bargajwa,", mosque"
,Mangala museum,"9FQ3+F95, बाबिया चौर 33200, नेपाल",28.3874306,83.4528049,0.0,बाबिया चौर 33200,", museum"
,Mangala ghat suspended bridge,"8HR5+MQW, बेनी 33200, नेपाल",28.3409913,83.559365,5.0,बेनी 33200,", monument"
,Malika temple,"8H3F+74G, मालिका 33200, नेपाल",28.3031979,83.5728386,5.0,मालिका 33200,", hindu_temple"
,माईतिघर मण्डला,"M8VC+R5R, काठमाडौँ 44600, नेपाल",27.6944693,85.3203174,4.2,काठमाडौँ 44600,", monument"
,Ghara Myagdi Nepal,"FM44+H58, शिखा 33200, नेपाल",28.4564179,83.6554472,3.0,शिखा 33200,", historic_site"
,Devisthan yekasalla,"Malika 5, नेपाल",28.4378473,83.3632972,0.0,नेपाल,", trek"
,रघुगंगा,"रघुगंगा, नेपाल",28.4011009,83.5715093,,नेपाल,", tourist_attraction"
,Pun Community Museum,"Annapurna Gaun Palika 8, नेपाल",28.3945013,83.6162282,5.0,नेपाल,", museum"
,सिगाना बलाम कोटा पिकनिक एस्पोर्ट,"6HV2+8PP, सिगाना 33300, नेपाल",28.2433475,83.5518433,3.0,सिगाना 33300,", picnic"
,Shiva Valley,"CH8G+PPX, 33200, नेपाल",28.416855,83.576861,4.7,33200,", hike"
,Pokhari Taal Park,"M4VP+FPQ, कावासोती 33000, नेपाल",27.6937057,84.1368564,4.0,कावासोती 33000,", park"
,Kawasoti Skate Park,"J4VC+XPH, कावासोती 33000, नेपाल",27.64495,84.1218653,3.9,कावासोती 33000,", amusement_park"
,Grace community church,"Kawasoti 5, नेपाल",27.6661355,84.1186247,5.0,नेपाल,", church"
,Chwadi park,"J46H+WVR, कावासोती 33000, नेपाल",27.6123511,84.1296342,5.0,कावासोती 33000,", tourist_attraction"
,Kawasoti,"M4QJ+QXG, कावासोती 33000, नेपाल",27.689853,84.1324785,0.0,कावासोती 33000,", mosque"
,Tiger Tops Tharu Lodge,"Amaltari, कावासोती 44600, नेपाल",27.5690393,84.1039763,4.5,कावासोती 44600,", zoo"
,S&S arts gallery,"Kumarwarti, road, कावासोती, नेपाल",27.6442439,84.1243398,0.0,road,", art_gallery"
,Shiva Mandir,"M57C+22J, महेन्द्र राजमार्ग, कावासोती 33000, नेपाल",27.6625817,84.1700413,4.5,महेन्द्र राजमार्ग,", hindu_temple"
,कावासोती,"कावासोती, नेपाल",27.648641,84.1329595,,नेपाल,", historic_site"
,Shree Singhaniwas Developed Forest,"M453+84M, कावासोती 33000, नेपाल",27.658346,84.102798,4.5,कावासोती 33000,", trek"
,Rajratna picnic spot,"M536+8M3, कावासोती 33000, नेपाल",27.6532622,84.1616792,4.2,कावासोती 33000,", picnic"
,महत विसौनी,"PCF8+Q7V, गैंडाकोट 33000, नेपाल",27.7244912,84.4156653,4.0,गैंडाकोट 33000,", park"
,"GAINDAKOT-6, PLAYGROUND","M9RV+G9M, गैंडाकोट, नेपाल",27.691321,84.3934774,4.4,गैंडाकोट,", tourist_attraction"
,Barkati Nepali Masjid,"MCXG+MXF, भरतपुर 44200, नेपाल",27.6992119,84.4274221,4.2,भरतपुर 44200,", mosque"
,CG Unnati Cultural Village,"Gaidakot Harkapur-12, 33003, नेपाल",27.6896605,84.2875913,4.3,33003,", museum"
,गणेश मन्दिर,"M9XX+V5V, गैंडाकोट 33000, नेपाल",27.6997326,84.3978475,4.1,गैंडाकोट 33000,", hindu_temple"
,Church Chowk,"M8W4+WP3, गैंडाकोट 33000, नेपाल",27.6970616,84.307403,5.0,गैंडाकोट 33000,", historic_site"
,Ghumauri community park and picnic spot,"M5X4+9W5, Unnamed Road, देवचुली 33000, नेपाल",27.6983968,84.1573545,4.0,Unnamed Road,", park"
,Chuwadi,"P825+GFF, गैंडाकोट 33000, नेपाल",27.7013199,84.3086643,5.0,गैंडाकोट 33000,", amusement_park"
,Shanti Church,"M5M6+HCW, देवचुली 33000, नेपाल",27.683984,84.1610807,5.0,देवचुली 33000,", church"
,Devchuli dada,"Q59H+3V9, उपल्लो अर्खले 33000, नेपाल",27.7676577,84.1797298,5.0,उपल्लो अर्खले 33000,", tourist_attraction"
,"Nepali jamey masjid, Rajahar","M6JG+68P, Unnamed Road, रजहर 33000, नेपाल",27.680583,84.2258267,4.4,Unnamed Road,", mosque"
,CG History Museum,"M6J6+CMH, देवचुली 33000, नेपाल",27.6810559,84.2117318,5.0,देवचुली 33000,", museum"
,तुलसी -पवित्रा बृद्धा आश्रम,"Pragatinagar, Devachuli 33000 https://maps.app.goo.gl/JQaYF5tVN9yBzqs87, नवलपुर 33000, नेपाल",27.6701313,84.1917869,4.9,Devachuli 33000 https://maps.app.goo.gl/JQaYF5tVN9yBzqs87,", hindu_temple"
,देवचुली,"देवचुली 33000, नेपाल",27.7214408,84.1962563,,नेपाल,", historic_site"
,Devchuli Hill (1938 Meter),"Q59H+2VQ, उपल्लो अर्खले 33000, नेपाल",27.767585,84.1797233,4.5,उपल्लो अर्खले 33000,", historic_site"
,MadhyaBindu Hospital Park,"J3HV+F3W Kolhuwa, Road, कावासोती 33000, नेपाल",27.6289577,84.0926583,4.0,Road,", park"
,mainaghat church,"madhyabindu 13, मैनाघाट 33000, नेपाल",27.6568777,83.9947639,3.0,मैनाघाट 33000,", church"
,Nawalparasi Dumkauli,"M345+VJC, देउराली 33000, नेपाल",27.6571887,84.059029,0.0,देउराली 33000,", mosque"
,Amar fish shop,"JHRV+G4P, Khaireni - Suryapura Road, देवदह नगरपालिका 32900, नेपाल",27.6414091,83.5928504,5.0,Khaireni - Suryapura Road,", aquarium"
,नवदुर्गा मन्दिर,"HWFW+7MW, नयाँ बेलहानी 33007, नेपाल",27.573242,83.9467167,5.0,नयाँ बेलहानी 33007,", hindu_temple"
,मध्यविन्दु,"मध्यविन्दु, नेपाल",27.6146167,83.9530993,,नेपाल,", historic_site"
,Bhedabari,"MXQF+4X, मैनाघाट 33000, नेपाल",27.6878294,83.9749908,4.0,मैनाघाट 33000,", trek"
,Shandh Picnic Spot,"J46P+QJP, Kawaswati 33000, नेपाल",27.6112685,84.1362588,5.0,Kawaswati 33000,", picnic"
,Hupsekot,"PXPW+JJ, हुप्सेकोट 33000, नेपाल",27.736575,83.996532,5.0,हुप्सेकोट 33000,", park"
,Hupsekot Vision Church (Jabbar Sing Saru),"PXPM+CG2 Vision vision church, हुप्सेकोट 33000, नेपाल",27.7359703,83.9838107,5.0,हुप्सेकोट 33000,", church"
,हुप्सेकोट,"हुप्सेकोट, नेपाल",27.7367241,84.0061661,,नेपाल,", tourist_attraction"
,Aapchour Picnic Spot,"M6RM+7VP, रजहर 33000, नेपाल",27.6907095,84.2347148,4.3,रजहर 33000,", picnic"
,Bulingtar Agro Park,"R5XX+7C5, बुलिङ्टार 33000, नेपाल",27.8481267,84.1986196,0.0,बुलिङ्टार 33000,", park"
,Emmanuel Church,"R5VF+PF, उपल्लो अर्खले 33000, नेपाल",27.844325,84.1736853,5.0,उपल्लो अर्खले 33000,", church"
,बुलिङ्टार,"बुलिङ्टार 33000, नेपाल",27.8205404,84.1909841,,नेपाल,", tourist_attraction"
,गणेश मन्दिर,"R5PR+69W, बुलिङ्टार 33000, नेपाल",27.8356088,84.1910149,0.0,बुलिङ्टार 33000,", hindu_temple"
,Balighat Garden and Park,"V36C+773, Dedgaun Rd, डेड्गाउँ, नेपाल",27.8606465,84.070687,3.7,Dedgaun Rd,", park"
,Akala Devi temple,"V35C+Q73, D2, डेड्गाउँ, नेपाल",27.8593972,84.0706761,0.0,D2,", church"
,Narayani side,"PC26+7X6, गैंडाकोट, नेपाल",27.6996956,84.4122123,5.0,गैंडाकोट,", tourist_attraction"
,Akala Devi,"V34Q+VP4, Machedi Rd, डेड्गाउँ, नेपाल",27.8571074,84.0893013,4.4,Machedi Rd,", hindu_temple"
,"धुनिबेंशि न.पा.-९, कानाकोट,पाण्डे गाउँ","नौबिसे 45100, नेपाल",27.7121519,85.1860822,3.8,नेपाल,", historic_site"
,डेडगाउँ नवलपुर,"V32H+X4W, डेड्गाउँ, नेपाल",27.8524764,84.077826,4.0,डेड्गाउँ,", trek"
,Bardaghat bus park,"HQ2X+W86 Bardaghat Bus Park, त्रिबेणी रोड, बर्दघाट 33007, नेपाल",27.5522914,83.7982526,3.8,त्रिबेणी रोड,", park"
,Tilakpur fun park,"HP6M+4CM, सरावल 33007, नेपाल",27.5603389,83.7335544,5.0,सरावल 33007,", amusement_park"
,पवित्र कल्याण मण्डली (church),"FW23+H92, त्रिबेणी 33007, नेपाल",27.4513725,83.9032463,4.4,त्रिबेणी 33007,", church"
,त्रिवेणी धाम,"FW3M+FC8, त्रिबेणी रोड, त्रिबेणी 33007, नेपाल",27.4536652,83.9335776,4.4,त्रिबेणी रोड,", tourist_attraction"
,Madar Baba Masjid,"मदरस्थान जाने बाटो, 33007, नेपाल",27.5011333,83.8988635,4.1,33007,", mosque"
,सुनवल नगरपालिका ३ नं किर्तिपुर १,"JM37+2FJ, सुनवल 33000, नेपाल",27.6025975,83.6636262,2.0,सुनवल 33000,", zoo"
,Aqua Hubs,"जामुनिया 33007, नेपाल",27.4669487,83.7862942,0.0,नेपाल,", aquarium"
,भुल्केपानी,"HW88+5R, नयाँ बेलहानी 33007, नेपाल",27.5654776,83.9171241,0.0,नयाँ बेलहानी 33007,", picnic"
,विनयी त्रिवेणी,"विनयी त्रिवेणी, नेपाल",27.5842999,83.8718007,,नेपाल,", hike"
,binayi tribeni rural municipality,"HVJ8+P9H, ज्यामिरे 33000, नेपाल",27.581798,83.8659791,4.4,ज्यामिरे 33000,", hike"
,त्रिवेणी सस्पेंशन पुल त्रिवेणी,"FW4Q+RHP, त्रिबेणी 33007, नेपाल",27.4570772,83.9389436,4.5,त्रिबेणी 33007,", hike"
,त्रिबेणी,"त्रिबेणी, नेपाल",27.4575894,83.9055997,,नेपाल,", hike"
,Kunwar Mini Jungle,"Bandevi, Ramgram -11, रामग्राम 33007, नेपाल",27.5545084,83.6804308,5.0,Ramgram -11,", park"
,"Shakshi Church, Parasi Road","GMH2+JVF, रामग्राम 33007, नेपाल",27.5290868,83.6521792,0.0,रामग्राम 33007,", church"
,Ramgram Stupa(Krish Photography ),"Parasi To Maheshpur Road, Nawalparasi, Nepal, रामग्राम 33007, नेपाल",27.4990002,83.6723417,4.1,Nawalparasi,", tourist_attraction"
,Bilal jama masjid,"Ramgram - Harpur Rd, कुस्मा 33007, नेपाल",27.4799241,83.6791418,5.0,कुस्मा 33007,", mosque"
,Sabuni,"GJ4R+5X2, रामग्राम 33007, नेपाल",27.5055856,83.6424226,5.0,रामग्राम 33007,", hindu_temple"
,Parasi Clock Tower,"GMJ7+FC2, Ramgram - Harpur Rd, रामग्राम 33007, नेपाल",27.5312719,83.663427,4.3,Ramgram - Harpur Rd,", monument"
,रामग्राम,"रामग्राम 33007, नेपाल",27.5290526,83.6720756,,नेपाल,", historic_site"
,Ramgram picnic spot (उजैनी),"GM2J+577, रामग्राम 33007, नेपाल",27.5004211,83.6806589,0.0,रामग्राम 33007,", picnic"
,Sunwal Hill Park सुनवल हिल पार्क,"JJMV+6R3, सुनवल 33000, नेपाल",27.6330245,83.6445359,4.3,सुनवल 33000,", park"
,SUKRAULI SMALL DAM,"GJQF+X4F, सुक्रौली 33007, नेपाल",27.5399289,83.6227859,4.5,सुक्रौली 33007,", amusement_park"
,Sunwal Church,"JJ8X+8FG, सुनवल 33000, नेपाल",27.6158467,83.6487181,2.2,सुनवल 33000,", church"
,सुनवल,"सुनवल, नेपाल",27.6271937,83.6454831,,नेपाल,", tourist_attraction"
,masjid bankatti.,"HMH7+GQ4 Bankatti, सुनवल 33007, नेपाल",27.5787317,83.6644337,4.5,सुनवल 33007,", mosque"
,Asnahiya,"sunwal 13, asnahiya 33007, नेपाल",27.5765336,83.6789778,3.0,asnahiya 33007,", museum"
,Art Media,"sunwal-5, सुनवल 33000, नेपाल",27.6271937,83.6454831,0.0,सुनवल 33000,", art_gallery"
,"GANESH TEMPLE, NAWADURGA TOLE, SUNWAL-2","HJPX+4P3, NawaDurga Tole, सुनवल, नेपाल",27.5852626,83.6492742,4.9,NawaDurga Tole,", hindu_temple"
,ढकाल उपमन्यु कुल मन्दिर,"JJ8F+488, सुनवल 33000, नेपाल",27.6153028,83.6233435,3.5,सुनवल 33000,", monument"
,"Bethel Church, Hatbazar, Bardaghat 04, Nawalparsi (West)","HQ2W+W36, बर्दघाट 33007, नेपाल",27.5516273,83.7948759,5.0,बर्दघाट 33007,", church"
,नवलपरासी (बर्दघाट सुस्ता पश्चिम),"नवलपरासी (बर्दघाट सुस्ता पश्चिम), नेपाल",27.5487566,83.7199136,,नेपाल,", tourist_attraction"
,बर्दघाट,"बर्दघाट, नेपाल",27.5403988,83.7942551,,नेपाल,", tourist_attraction"
,Tribeni Dham,"FW3J+874, Bardaghat Road, बर्दघाट 33007, नेपाल",27.4531837,83.9306269,4.2,Bardaghat Road,", tourist_attraction"
,Jama masjid bardaghat,"HQ3Q+8JR, ज्ञानेन्द्र मार्ग, बर्दघाट, नेपाल",27.5533736,83.789017,5.0,ज्ञानेन्द्र मार्ग,", mosque"
,नयां बस्ति पथ,"GR6G+R9, बर्दघाट 33007, नेपाल",27.5120548,83.8259488,5.0,बर्दघाट 33007,", museum"
,जुम फोटो स्टुडियो र भिडियोग्राफी,"Bardaghat -4, Bardaghat, Nawalparasi,Nepal, E-W Hwy, Beside Deepa Furniture Udhyog, बर्दघाट 33011, नेपाल",27.556676,83.789107,4.6,Bardaghat,", art_gallery"
,Daunne Devi Temple,"HR2Q+52Q, महेन्द्र राजमार्ग, दुम्कीबास 33003, नेपाल",27.5504474,83.8376638,4.5,महेन्द्र राजमार्ग,", hindu_temple"
,Bardghat nawalparasi,"GQ9P+62R, बर्दघाट 33007, नेपाल",27.5181078,83.7850055,3.0,बर्दघाट 33007,", picnic"
,THARU SANSKRITIK PARK,"GPJ4+344 Sarawal-2, Manari, सरावल 33007, नेपाल",27.5301875,83.7053125,5.0,Manari,", park"
,"Sarawal, Nawalparasi","GP2J+MF5, सरावल 33007, नेपाल",27.5016288,83.7312393,4.0,सरावल 33007,", tourist_attraction"
,RAZA JAMA MASJID (CHAMAN TOLA) PALHI NANDAN GAONPALIKA (5) DICT. NAWALPARASI WEST LUMBINI PROVINCE (5) NEPAL,"FJ5X+72Q, गैरामी, नेपाल",27.4582695,83.6476173,5.0,गैरामी,", mosque"
,Padampur Park (Bhimwali Park),"MFRM+72R, जुटपानी 44204, नेपाल",27.6907317,84.4825261,4.3,जुटपानी 44204,", park"
,"Palhinandan-6, Padari, Nawalparasi(B.S.W.)","FJPF+29, सनै 33000, नेपाल",27.4850785,83.623377,0.0,सनै 33000,", tourist_attraction"
,Aquadesire,"ललितपुर 44700, नेपाल",27.670453,85.3255713,5.0,नेपाल,", aquarium"
,पुरातत्त्व विभाग,"M8WC+CH2, काठमाडौँ 44600, नेपाल",27.6960164,85.3213044,4.1,काठमाडौँ 44600,", historic_site"
,TRP PATH,"FRGW+VM4, रुपौलिया 33007, नेपाल",27.4771281,83.8466944,5.0,रुपौलिया 33007,", park"
,Aradhana church,"pratappur 4, ठूलोखैरटवा, नेपाल",27.4358896,83.7630903,0.0,ठूलोखैरटवा,", church"
,Mosque Of Fenhara,"FR3M+V2J, 33007, नेपाल",27.4547297,83.832501,5.0,33007,", mosque"
,बौद्ध स्तुपा,"CRJW+8C9, Tharhi, Bihar",27.4307864,83.846118,4.0,Tharhi,", monument"
,Park,"PCWG+W6F, देव घाट 33915, नेपाल",27.7473207,84.4255325,4.6,देव घाट 33915,", park"
,Nawalparasi Christian Church,"M3W7+4V7, Dihi, Nawalparasi Bardaghat susta purba, हुप्सेकोट 4, नेपाल",27.6952877,84.0646903,3.0,Dihi,", church"
,Durgamandir,"Nawalparasi,susta-2, satpatti, नेपाल",27.4773884,83.8699638,4.7,susta-2,", hindu_temple"
,New trishuli aquarium house,"Bus Stop, त्रिशुली राजमार्ग, बिदुर 44900, नेपाल",27.9210192,85.1487474,3.8,त्रिशुली राजमार्ग,", aquarium"
,Nawa Jyoti Baptist Church Bidur-5 Nuwakot,"V4PV+79, बिदुर 44900, नेपाल",27.8846995,85.1428251,0.0,बिदुर 44900,", church"
,Kakani Memorial Park,"Kakani Memorial Park, ककनी 44900, नेपाल",27.8145279,85.2682859,,ककनी 44900,", park"
,Bhulbhule Waterfall,"R7V6+3PR, ककनी 44900, नेपाल",27.8427336,85.2617534,4.8,ककनी 44900,", amusement_park"
,Believers eastern church Ningale,"R69G+7HG, त्रिशुली राजमार्ग, ककनी 44900, नेपाल",27.8181934,85.226426,5.0,त्रिशुली राजमार्ग,", church"
,ककनी साहसिक शिविर,"Kakani - 5, ककनी 44903, नेपाल",27.8183477,85.2637405,4.7,ककनी 44903,", mosque"
,Jalpa Devi,"Nuwakot, 44900, नेपाल",27.8257471,85.2463723,4.3,44900,", hindu_temple"
,Kakani Thai Memorial Park,"R779+P9V, ककनी 44900, नेपाल",27.8143602,85.2684361,3.9,ककनी 44900,", monument"
,Kakani greenary Picnic Spot,"R768+FV, ककनी 44900, नेपाल",27.8112314,85.2671537,4.5,ककनी 44900,", picnic"
,घ्याङस्वारा सहिद स्मारक पार्क,"V9R2+R3, थप्रेक 44900, नेपाल",27.8920625,85.3501875,4.6,थप्रेक 44900,", park"
,Dupcheshwor Mahadev Mandir,"X92V+6XW, शिखरबेसी 44900, नेपाल",27.950624,85.3949454,4.6,शिखरबेसी 44900,", church"
,दुप्चेश्वर,"दुप्चेश्वर, नेपाल",27.9224572,85.3818486,,नेपाल,", historic_site"
,Nuwakot satbise,"W8FW+G29, Satbise Bus Stop, Sundaradevi VDC 44900, नेपाल",27.9237769,85.3451135,4.0,Satbise Bus Stop,", historic_site"
,शिवपुरी गाउँ पर्या पर्यटन तथा संरक्षण फार्म,"समुन्द्रदेवी 44900, नेपाल",27.8183678,85.3350003,4.2,नेपाल,", mosque"
,पासीकोट शिव मन्दिर,"Kathmandu 44600, नेपाल",27.7713454,85.3484875,4.3,नेपाल,", hindu_temple"
,Shivapuri peak,"R96R+PCG, गोकर्णेश्वर 44900, नेपाल",27.812089,85.3845362,4.6,गोकर्णेश्वर 44900,", monument"
,Apex of Shivapuri Hill,"R96M+VRF, काठमाडौँ 44900, नेपाल",27.8121893,85.3845524,4.4,काठमाडौँ 44900,", trek"
,Shivapuri Lovely Dada,"टोखा 44600, नेपाल",27.7784105,85.34229,4.7,नेपाल,", picnic"
,कागुने खरपाखा,"W9CJ+XPQ, समुन्द्रटार 44900, नेपाल",27.9224572,85.3818486,5.0,समुन्द्रटार 44900,", park"
,Anugraha Church,"M99X+QXP, सुर्यविनायक, नेपाल",27.6694899,85.3999778,5.0,सुर्यविनायक,", church"
,Bagmara Tadi-4,"Sundara Devi Tadi-4, 44900, नेपाल",27.9318168,85.3545378,4.0,44900,", tourist_attraction"
,थामभन्ज्याङ,"Ikudol Road, दाल्चोकी 44700, नेपाल",27.538759,85.3121491,3.8,दाल्चोकी 44700,", zoo"
,RAJDHANI AQUARIUM,"थिरबम मार्ग, काठमाडौँ 44600, नेपाल",27.711326,85.3284039,3.5,काठमाडौँ 44600,", aquarium"
,"Majuwa, Nuwakot","V9CW+F2, लिखु 44900, नेपाल",27.8711407,85.3950776,0.0,लिखु 44900,", park"
,Thansing New Vision Church,"likhu-6, 44900, नेपाल",27.8658799,85.4015245,0.0,44900,", church"
,लिखु,"लिखु 44900, नेपाल",27.8660696,85.4014387,,नेपाल,", tourist_attraction"
,Baluwa,"Q9CR+VFC, गोकर्णेश्वर 44600, नेपाल",27.7721218,85.3912182,5.0,गोकर्णेश्वर 44600,", mosque"
,सिलामे,"V988+WC2, महाकाली 44900, नेपाल",27.867267,85.3660127,4.6,महाकाली 44900,", museum"
,कालिका मन्दिर,"VC82+CHG, लिखु 5, नेपाल",27.8660696,85.4014387,0.0,लिखु 5,", hindu_temple"
,पञ्चकन्या,"पञ्चकन्या 44900, नेपाल",27.8983753,85.3187914,,नेपाल,", tourist_attraction"
,Seraj Fish House,"बस स्टेशन, Golfutar Main Rd, बुढानीलकण्ठ 44600, नेपाल",27.778263,85.3606538,0.0,Golfutar Main Rd,", aquarium"
,Ganesh temple,"V7HP+Q2M, Unnamed Road, कविलास 44900, नेपाल",27.8794684,85.2850535,4.3,Unnamed Road,", hindu_temple"
,पञ्चकन्या गाउँपालिका नुवाकोट,"Panchakanya 02, 44900, नेपाल",27.8843818,85.333821,3.7,44900,", trek"
,chaughada bagaicha,"W62Q+M32, चौघडा स्थानिय मार्ग, चौघडा 44900, नेपाल",27.9016277,85.2376548,4.1,चौघडा स्थानिय मार्ग,", park"
,narjamadap church,"W7PP+CJP, नार्जामंड़प 44900, नेपाल",27.9360911,85.2865988,5.0,नार्जामंड़प 44900,", church"
,suryagadhi hill,"X65H+P3, गेर्खु 44900, नेपाल",27.959369,85.2276266,4.9,गेर्खु 44900,", tourist_attraction"
,Suryagadhi Rural Municipality Office,"W6XH+4R4, बागेश्वरी चोकडे 44900, नेपाल",27.9477388,85.2295672,4.4,बागेश्वरी चोकडे 44900,", mosque"
,Naranthan temple (नारनथान मन्दिर),"W6XJ+MPG, बागेश्वरी चोकडे 44900, नेपाल",27.9492021,85.2318593,5.0,बागेश्वरी चोकडे 44900,", hindu_temple"
,SuryaGadhi Fort,"X65G+PX9, नुवाकोट लाच्यांग सडक, बागेश्वरी चोकडे 44900, नेपाल",27.9592933,85.2274867,4.5,नुवाकोट लाच्यांग सडक,", monument"
,Suryachaur Nuwakot,"R8F6+867, गुर्जे भञ्ज्याङ स्थानिय मार्ग, सुनखानी 44900, नेपाल",27.8232777,85.3105361,4.3,गुर्जे भञ्ज्याङ स्थानिय मार्ग,", hike"
,Balidan Church Manebhanjyang 3 Darbu,"balidan mandali, 56100, नेपाल",27.2035697,86.4875997,0.0,56100,", church"
,मानेभञ्याङ,"मानेभञ्याङ, नेपाल",27.1698694,86.4300353,,नेपाल,", tourist_attraction"
,महादेव मन्दिर,"6F89+8W6, 56100, नेपाल",27.2157894,86.4697704,0.0,56100,", hindu_temple"
,मानेभंज्यांग बजार,"मानेभंज्यांग बजार, 56100, नेपाल",27.2212343,86.4452983,,56100,", historic_site"
,bhorle dada,"Harkapur-Okhaldhunga Road, 56100, नेपाल",27.2031734,86.4500223,5.0,56100,", hike"
,चम्पादेवी मन्दिर,"Okhaldhunga Okhreni, 56100, नेपाल",27.3314901,86.347464,4.5,56100,", park"
,Akase padhera,"967Q+9M, नर्मदेश्वोर 56100, नेपाल",27.36346,86.239225,0.0,नर्मदेश्वोर 56100,", amusement_park"
,Ambakdanda,"Phikkal 2, नेपाल",27.2447824,86.2842107,0.0,नेपाल,", museum"
,चम्पा देवी मन्दिर,"7FJV+5P5, सिद्धिचरण 56100, नेपाल",27.2803805,86.4943592,4.5,सिद्धिचरण 56100,", hindu_temple"
,Uddav Smriti Park उद्धव स्मृति पार्क,"सोल्पा भञ्ज्याङ्ग, 45901, नेपाल",27.2219758,86.3128752,5.0,45901,", park"
,Katunje tole,"Sunkoshi ,10, नेपाल",27.3142583,86.4209753,0.0,10,", amusement_park"
,Anughra Church,"695W+J3Q, टोक्सेल 56100, नेपाल",27.2090973,86.3952422,0.0,टोक्सेल 56100,", church"
,तिन्छागे झर्ना sunkoshi Rural municipality 9 kakani Okhaldhunga,"89MQ+G2H, कटुञ्जे 56100, नेपाल",27.3338011,86.3875982,5.0,कटुञ्जे 56100,", tourist_attraction"
,Sunkoshi Rural Municipality Okhaldhunga,"79PC+4RC, 56100, नेपाल",27.2852119,86.3720717,3.4,56100,", mosque"
,Kali cave Mahadev temple,"Khurkot-Ghurmi Madhya Pahadi Hwy, बलखु 45900, नेपाल",27.2374859,86.3311842,5.0,बलखु 45900,", hindu_temple"
,सोल्पा भञ्ज्याङ्ग,"68C7+V44, 45900, नेपाल",27.2221313,86.3128383,4.0,45900,", monument"
,जुनेला बारी,"68FH+H4, सोल्पाठाना 45900, नेपाल",27.2239643,86.3284961,5.0,सोल्पाठाना 45900,", hike"
,Taluwa Gadi,"7G5V+23, मोली 56100, नेपाल",27.257581,86.542634,0.0,मोली 56100,", tourist_attraction"
,Okhaldhunga moli jilitar,"996H+P7X, खिजी फलांटे 56100, नेपाल",27.3618654,86.3782198,0.0,खिजी फलांटे 56100,", mosque"
,Jaljaleswor Mahadev Sthan,"Jaljaleswor Tribeni Dham and Mahadev Mandir, Molung Palika-4, Okhaldhunga Molung Rural Municipality, Okhaldhunga, Nepal, नेपाल",27.3225381,86.4344615,0.0,Molung Palika-4,", hindu_temple"
,घ्याम्पाडांडा,"molung 5, नेपाल",27.3674714,86.4177452,0.0,नेपाल,", trek"
,गुरु पार्क रामपुर ओखलढुगां,"9C4Q+GJ, Prapchan 56100, नेपाल",27.356341,86.43906,3.8,Prapchan 56100,", picnic"
,KAMERE,"8HVF+MM, सिद्धिचरण 56100, नेपाल",27.3442018,86.5741452,0.0,सिद्धिचरण 56100,", church"
,चिशंखुगढी,"चिशंखुगढी, नेपाल",27.2864975,86.6471365,,नेपाल,", tourist_attraction"
,Changesthan Mandir,"9GQQ+H87, 56000, नेपाल",27.3889224,86.5382863,4.6,56000,", hindu_temple"
,Dhap Bazaar,"9GPP+X2J, जन्तरखानी 56000, नेपाल",27.3874648,86.535002,4.2,जन्तरखानी 56000,", trek"
,Homestay koich,"खिजी फलांटे 56100, नेपाल",27.4369527,86.332389,5.0,नेपाल,", park"
,Bethlehem kokarshi Mandali,"F7FJ+CMF, भुजी 45400, नेपाल",27.4735554,86.2816685,3.0,भुजी 45400,", church"
,खिजी थोलेदेम्बा,"खिजी थोलेदेम्बा, खिजी फलांटे 56100, नेपाल",27.4651907,86.3642585,4.0,खिजी फलांटे 56100,", tourist_attraction"
,"khiji Chandeshwori, Okhaldhunga, Nepal","F892+659, खिजी चन्डेश्वरी 56100, नेपाल",27.4680335,86.3004749,5.0,खिजी चन्डेश्वरी 56100,", mosque"
,Chandi Than Mandir,"G844+F7C, प्रिती 45400, नेपाल",27.5061776,86.305647,4.7,प्रिती 45400,", museum"
,खिजिदेम्बा,"खिजिदेम्बा, नेपाल",27.458782,86.3600982,,नेपाल,", historic_site"
,कललडाँडा (Simaldanda),"F8XM+CXQ, खिजीकाटी 56100, नेपाल",27.4985919,86.3349733,0.0,खिजीकाटी 56100,", trek"
,नेस्पु खोल्सा - खिजिकाति,"F8CF+VPX, खिजीकाटी 56100, नेपाल",27.4722265,86.3243447,5.0,खिजीकाटी 56100,", hike"
,Mudke(मुड्के),"864P+5H, हिमगंगा 56100, नेपाल",27.3054993,86.2364691,4.0,हिमगंगा 56100,", park"
,Shalom A.G. Church,"F75P+9Q5, रागानी 56100, नेपाल",27.4583709,86.2869797,0.0,रागानी 56100,", church"
,लिखु,"लिखु, नेपाल",27.338352,86.2337401,,नेपाल,", tourist_attraction"
,Ahl-E Hadith New Masjid Madhukarpur,"Madhukar Pur (Bulakdihwa), Indo Nepal Border Trail, मधुरकरपुर 32800, नेपाल",27.4547503,83.1071627,4.0,Indo Nepal Border Trail,", mosque"
,Narmadeshawor Madhev Temple,"9639+GFW, नर्मदेश्वोर 56100, नेपाल",27.3538656,86.2187316,5.0,नर्मदेश्वोर 56100,", museum"
,नीलकण्ठेश्वर महादेब मन्दिर (हलेसी),"C7R7+HVW, रागानी 56100, नेपाल",27.4414929,86.2647094,5.0,रागानी 56100,", hindu_temple"
,डुडे ख़ोला,"C742+7V, गाम्नाङटार 56100, नेपाल",27.405652,86.252128,0.0,गाम्नाङटार 56100,", trek"
,Bhotepani,"98R2+MX, पोकली 56100, नेपाल",27.391665,86.3024917,5.0,पोकली 56100,", hike"
,Tansen Vehicle service car jeep etc 🚗 🚗,"VG8W+M9W, बैंक मार्ग, तानसेन 32500, नेपाल",27.8700423,83.5455233,4.3,बैंक मार्ग,", park"
,तानसेन भ्यू टावर,"VGCX+WGX, तानसेन 32500, नेपाल",27.8723675,83.5488451,4.3,तानसेन 32500,", tourist_attraction"
,तानसेन जामा मस्जिद,"Tansen 3, तानसेन 00977, नेपाल",27.8696984,83.5455662,5.0,तानसेन 00977,", mosque"
,CLASSIC AQUARIUM,"VG8X+J3F, टुँडिखेल मार्ग, तानसेन 32500, नेपाल",27.8665713,83.5476718,5.0,टुँडिखेल मार्ग,", aquarium"
,श्री अमरनारायण मन्दिर,"VG9X+46J, तानसेन 32500, नेपाल",27.8678362,83.5480168,4.7,तानसेन 32500,", hindu_temple"
,CHILLDREN FUN PARK,"VV5Q+QFV, रामपुर 32500, नेपाल",27.8595423,83.8879796,4.3,रामपुर 32500,", park"
,Rampur fun park,"VV8X+PJJ, Hospital Rd, रामपुर 32500, नेपाल",27.8675218,83.8996073,0.0,Hospital Rd,", amusement_park"
,Rampur Church (रामपुर चर्च),"VW42+932, रामपुर 32500, नेपाल",27.8558218,83.90019,3.0,रामपुर 32500,", church"
,Rampur View Point,"VPP7+P3, हुँगी 32500, नेपाल",27.8868,83.7127,3.0,हुँगी 32500,", tourist_attraction"
,"Sunni Masjid, Islampur مسجد","VW73+9GG, प्रगतिनगर रामपुर राजमार्ग, रामपुर 32500, नेपाल",27.8634314,83.903824,4.4,प्रगतिनगर रामपुर राजमार्ग,", mosque"
,Kalika Temple,"Palpa Rampur 1, Gaitar, रामपुर, नेपाल",27.8727311,83.8727523,4.0,Gaitar,", hindu_temple"
,"Shyaule Bajar, Rampur, Palpa","रामपुर 32500, नेपाल",27.8597303,83.9958264,0.0,नेपाल,", monument"
,"Ramit'S PLACE","VRG7+VVJ, Majhigaun, Chapakot 9, नेपाल",27.8772125,83.8146406,5.0,Majhigaun,", trek"
,Palpa Rampur,"VVFW+F8M, रामपुर 33800, नेपाल",27.8737225,83.8958006,4.3,रामपुर 33800,", picnic"
,RAINA DEVI CHHAHARA PALPA,"V9G8+4CP, छहरा 32500, नेपाल",27.8753755,83.3660571,3.9,छहरा 32500,", park"
,Bhuvanpokhari Rainadevi Chhahara Palpa,"V8JC+P5, भुवनपोखरी 32500, नेपाल",27.881819,83.320466,5.0,भुवनपोखरी 32500,", tourist_attraction"
,Rainadevi Temple रैनादेवी मन्दिर,"W922+V8W, भुवनपोखरी 32500, नेपाल",27.9022356,83.3508407,5.0,भुवनपोखरी 32500,", mosque"
,Selfiedada,"WCFJ+4X7, ख्याहा 32500, नेपाल",27.9227992,83.4324345,3.5,ख्याहा 32500,", trek"
,Beersheba Prayer House,"PF79+Q52, बुटवल 32907, नेपाल",27.714378,83.4679013,5.0,बुटवल 32907,", church"
,Patal,"Tinau rural municipality ward no. 5, नेपाल",27.7741444,83.5328464,4.5,नेपाल,", tourist_attraction"
,"श्री सिद्धबाबा मन्दिर, पाल्पा","PFH9+PPW, H10, दोभान 32907, नेपाल",27.7293606,83.4693134,4.5,H10,", hindu_temple"
,Prithivi Narayan Shah Statue,"MFM7+2XX, बुटवल 32907, नेपाल",27.6826062,83.4650586,5.0,बुटवल 32907,", monument"
,Nuwakot View Point,"दोभान 32907, नेपाल",27.7274996,83.4491852,4.6,नेपाल,", hike"
,Fulbari फूलबारी,"RH7R+QF4, कसेनी 32500, नेपाल",27.8143901,83.5912088,5.0,कसेनी 32500,", park"
,"Puktung Agaman Church, Mathagadhi-5, Palpa","PJWQ+9X, कसेनी 32500, नेपाल",27.7460376,83.6399953,0.0,कसेनी 32500,", church"
,afardad palpa,"VJM3+RHM, Hospital Rd, तानसेन 32500, नेपाल",27.8845833,83.6039318,5.0,Hospital Rd,", tourist_attraction"
,Shree Rambha Devi Mandir,"RPQ4+GJF, ताहु 32500, नेपाल",27.8388102,83.7065328,4.5,ताहु 32500,", hindu_temple"
,Pokharathok पोखराथोक माडी पाल्पा,"VJ22+G4G, Unnamed Road, बुढा पोखराथोक 32500, नेपाल",27.8513217,83.6003344,4.2,Unnamed Road,", historic_site"
,Madi View Point,"RHG7+2PX, तानसेन 32500, नेपाल",27.825122,83.5643637,3.7,तानसेन 32500,", picnic"
,Kaude Lek कौडे लेक,"QJ73+WRQ, Unnamed Road, कसेनी 32500, नेपाल",27.7648268,83.6046136,4.4,Unnamed Road,", hike"
,जोगिपानी बोल्नी पानी कुवा,"तानसेन-तम्घास सडक, बन्दीपोखरा 32500, नेपाल",27.8620283,83.4992923,4.4,बन्दीपोखरा 32500,", park"
,Dhangri,"VGX3+5PH, Padani 2, पोखराथोक 32500, नेपाल",27.8979456,83.5043545,0.0,Padani 2,", church"
,Ridi,"WCMQ+VVX, नेपाल",27.9347371,83.4397369,3.5,नेपाल,", tourist_attraction"
,रानीमहल,"WGGH+M4P, बौघा गुम्हा 32500, नेपाल",27.9267072,83.5278236,4.4,बौघा गुम्हा 32500,", historic_site"
,Palpa,"VF8J+WRQ, भैरवस्थान 32500, नेपाल",27.8673286,83.4820991,4.7,भैरवस्थान 32500,", trek"
,Bakum gadhi,"RPWQ+8GX, हक्लाङ 32500, नेपाल",27.8458622,83.7388453,2.5,हक्लाङ 32500,", museum"
,sahani arts,"Ramgram - Harpur Rd 3, रामग्राम 33000, नेपाल",27.5307708,83.6637868,4.8,रामग्राम 33000,", art_gallery"
,Rambha Top,"RPP5+QQ, ताहु 32500, नेपाल",27.8369221,83.7094135,4.0,ताहु 32500,", picnic"
,Hattilek,"QQWW+3PP, Purbakhola Rural Municipality, सिलुवा, नेपाल",27.7952074,83.7968244,4.5,Purbakhola Rural Municipality,", park"
,Siluwa palpa,"RVF5+F56, सिलुवा 32500, नेपाल",27.8236678,83.8579053,5.0,सिलुवा 32500,", tourist_attraction"
,Mani memorial rest place,"VQRW+HM4, चापाकोट 33800, नेपाल",27.8913849,83.7967144,5.0,चापाकोट 33800,", monument"
,पूर्वखोला,"पूर्वखोला, 32500, नेपाल",27.8401901,83.7720319,,32500,", historic_site"
,Chuli Danda ( चुलि डाडाँ ),"QPPQ+HJ, जल्पा 32500, नेपाल",27.7863989,83.739117,4.4,जल्पा 32500,", picnic"
,Thumki danda,"RX6P+VWP, रामपुर 32500, नेपाल",27.8122136,83.9873289,5.0,रामपुर 32500,", park"
,Sahalkot Church,"RX36+37, सहाल्कोट 32500, नेपाल",27.8026326,83.9606732,5.0,सहाल्कोट 32500,", church"
,"Lekdanda Nisdi-7,Jyamire,Hubas,Palpa","QRJJ+8F, अर्चले 32500, नेपाल",27.7807799,83.8312183,0.0,अर्चले 32500,", tourist_attraction"
,Nisdi Rural Municipality,"QW9C+WCQ, Unnamed Road, मित्याल 32500, नेपाल",27.7698377,83.9211138,4.3,Unnamed Road,", monument"
,निस्दी,"निस्दी, नेपाल",27.8003883,83.9119274,,नेपाल,", historic_site"
,झोलुङ्गे पुल,"RV6V+76P, गल्धा 32500, नेपाल",27.8107145,83.8930674,0.0,गल्धा 32500,", hike"
,Dhurbaghat Park,"तानसेन 32500, नेपाल",27.8700008,83.5656884,4.8,नेपाल,", park"
,तानसेन चर्च,"VG9X+GRP, तानसेन 32500, नेपाल",27.8688283,83.5495877,4.3,तानसेन 32500,", church"
,बगनासकाली,"बगनासकाली, नेपाल",27.8987049,83.596186,,नेपाल,", historic_site"
,Love Dadha,"VH86+R5V, तानसेन 32500, नेपाल",27.8671229,83.5604239,5.0,तानसेन 32500,", picnic"
,जग्गा विक्री १,"4QC8+6HH, फिदिम 57400, नेपाल",27.1205687,87.7664934,0.0,फिदिम 57400,", park"
,Phidim Baptist Church,"4QW7+6V6, फिदिम 57400, नेपाल",27.1455409,87.7646378,5.0,फिदिम 57400,", church"
,Phidim Bazar,"4QR8+CCJ, H07, फिदिम 57400, नेपाल",27.1455305,87.7657363,4.2,H07,", mosque"
,Shivalaya Tample शिवालय मन्दिर,"4QR9+R3M, फिदिम 57400, नेपाल",27.1420825,87.7676689,4.4,फिदिम 57400,", hindu_temple"
,Phidim pallotar,"फिदिम 57400, नेपाल",27.1455007,87.7505892,3.3,नेपाल,", historic_site"
,फिदिम,"फिदिम 57400, नेपाल",27.1205687,87.7664934,,नेपाल,", historic_site"
,पाँचथर,"पाँचथर, नेपाल",27.1095783,87.8156715,,नेपाल,", historic_site"
,फिदिम,"फिदिम, 57400, नेपाल",27.1258055,87.7662583,,57400,", historic_site"
,𝑃𝑎𝑛𝑐ℎ𝑡ℎ𝑎𝑟,"𝑝ℎ𝑖𝑑𝑖𝑚 14, नेपाल",27.1205687,87.7664934,5.0,नेपाल,", historic_site"
,Labrekuti Viewpoint,"4Q4F+8PJ, फिदिम 57400, नेपाल",27.1058404,87.7742643,5.0,फिदिम 57400,", hike"
,Grace jousha nissi church Panchkhal अनुग्रह यहोस निस्सी चर्च पाँचखाल,"JJVF+274, पाँचखाल 45212, नेपाल",27.6425164,85.6231956,3.5,पाँचखाल 45212,", church"
,Tinghare,"JJ9R+M9V, पाँचखाल, नेपाल",27.6192484,85.6409178,4.7,पाँचखाल,", tourist_attraction"
,Panchakanya Mai temple,"JGR3+5PH, उग्रतारा जनागाल 45210, नेपाल",27.640418,85.5041117,5.0,उग्रतारा जनागाल 45210,", hindu_temple"
,Manda Phalcha,"M8GC+964, Pimbahal Marg, ललितपुर 44600, नेपाल",27.6758661,85.3206537,4.2,Pimbahal Marg,", monument"
,ᤛᤣᤘᤠᤖᤥ Phalelung (Phalut),"6277+2FW, नेपाल",27.2126075,88.0137012,5.0,नेपाल,", historic_site"
,Phalcha (Paati),"MCM2+CJC, हिन्दुनगर रोड, मध्यपुर ठिमी, नेपाल",27.6839248,85.4012977,0.0,हिन्दुनगर रोड,", historic_site"
,Bipanchaulgain land,"QFPV+Q7G Way to Patal gufa, भोटेचौर, नेपाल",27.7872917,85.4933507,0.0,भोटेचौर,", hike"
,सहिद park,"6R79+H4H, शुभाङ 57400, नेपाल",27.2139485,87.8178721,4.5,शुभाङ 57400,", park"
,मिलुङ झरना,"PSR1, 57400, नेपाल",27.222181,87.770728,4.0,57400,", amusement_park"
,Estern Believers Church Hilihang,"7Q83+GQ8, अमरपुर 57400, नेपाल",27.2662906,87.7544516,4.0,अमरपुर 57400,", church"
,Hilihang chook,"H07, 57400, नेपाल",27.2534952,87.7897193,2.8,57400,", tourist_attraction"
,हिलिहाङ,"हिलिहाङ, नेपाल",27.2148062,87.7691576,,नेपाल,", tourist_attraction"
,Hill top,"H724+JGJ, ठोसे 45400, नेपाल",27.5515911,86.2562793,5.0,ठोसे 45400,", tourist_attraction"
,Hilihang durbar square limbuwan,"6QX8+XRX, 57400, नेपाल",27.2500173,87.7671124,4.8,57400,", tourist_attraction"
,Tappu(टप्पु)zoo,"sandakpur 2, नेपाल",27.0448759,87.9217051,0.0,नेपाल,", zoo"
,सानो पाथीभरा मन्दिर (चतुरे डाँडा ) 79600966,"6R22+PF, भारपा 57400, नेपाल",27.2017526,87.8012421,5.0,भारपा 57400,", hindu_temple"
,Hilihang Palace ᤛᤣᤘᤠᤖᤥ,"6QX9+WC, पञ्चमी 57400, नेपाल",27.2498657,87.7686016,0.0,पञ्चमी 57400,", historic_site"
,Pachayanpur Mosque,"रघुनाथपुर 44400, नेपाल",27.0156389,84.9732744,4.4,नेपाल,", mosque"
,Paws and Fins (Aquarium and Pets shop),"Kageshwori Manohara-5, काठमाडौँ 44600, नेपाल",27.7270708,85.4058903,0.0,काठमाडौँ 44600,", aquarium"
,महागुरु फाल्गुनन्द चोक,"4QR9+M73, फिदिम 57400, नेपाल",27.141966,87.767451,4.0,फिदिम 57400,", monument"
,Petare Daha,"VMFG+X7, बाझो 57400, नेपाल",26.8749056,87.6756443,5.0,बाझो 57400,", hike"
,Hangthuwa Siran Gaun,"4MHG+QCC, रानी गाउँ 57400, नेपाल",27.1294411,87.6760201,5.0,रानी गाउँ 57400,", park"
,Kummayak,"3JCQ+FWV, सिद्धथान बाटो, यासोक 57400, नेपाल",27.0712272,87.639793,5.0,सिद्धथान बाटो,", church"
,कुम्मायक,"कुम्मायक, नेपाल",27.0684574,87.6479223,,नेपाल,", tourist_attraction"
,महानन्द निङ्लेकुको ऐतिहासिक घर,"4JM2+99M, सिम्ले 57500, नेपाल",27.1334555,87.6008448,4.0,सिम्ले 57500,", museum"
,"Bohora Bandhu Kul Mandir, Kummayak","3JPH+88, रानी गाउँ 57400, नेपाल",27.0858326,87.6282616,0.0,रानी गाउँ 57400,", hindu_temple"
,योमुई चम्खासिङ यक(पञ्चकन्या),"XFXC+54M, पञ्चकन्या पोखरी 57500, नेपाल",26.997957,87.4703029,0.0,पञ्चकन्या पोखरी 57500,", historic_site"
,Roshan Bhattarai House,"2GH6+Q97, फाक्चामारा 57500, नेपाल",27.0294195,87.5109338,0.0,फाक्चामारा 57500,", hike"
,मिक्लाजुङ,"मिक्लाजुङ, नेपाल",26.9335795,87.6898107,,नेपाल,", tourist_attraction"
,Miklajung ward No.2,"XMFQ+MWJ, 57400, नेपाल",26.9742094,87.6897664,4.0,57400,", tourist_attraction"
,Magar Museum मगर संग्रहालय,"VGH3+G7, मुढेबास 56800, नेपाल",26.8788417,87.5031859,0.0,मुढेबास 56800,", museum"
,जुरीथुम्की मन्दिर,"WPW7+825, 57300, नेपाल",26.9457685,87.7126006,4.7,57300,", hindu_temple"
,"Chituwakharka, Panchthar","XJJM+W9J, ओलेने 57400, नेपाल",26.9823348,87.6333757,0.0,ओलेने 57400,", historic_site"
,Miklajung,"WMMQ+CWM, रवि 57300, नेपाल",26.9335795,87.6898107,0.0,रवि 57300,", trek"
,JYOTI CHURCH & PRAYER TOWER,"XHWR+W4G, Unnamed Road, आङ्ना 57400, नेपाल",26.9973097,87.5902953,5.0,Unnamed Road,", church"
,Tumbewa Peak,"XJ77+WM3, 57400, नेपाल",26.9647535,87.6141597,0.0,57400,", tourist_attraction"
,तुम्बेवा गाउँपालिका,"XHRM+3V7, मौवा 57400, नेपाल",26.9901933,87.5846719,2.8,मौवा 57400,", mosque"
,Aquarium fishkeeper,"ललितपुर 44700, नेपाल",27.6586853,85.3134787,4.9,नेपाल,", aquarium"
,देबिथान,"XH4J+624, देबिथान, तीनघरे, हाङ्गुम, तुम्बेवा गाउपालिका, Pathchnar, मौवा, नेपाल",26.9555152,87.5800658,5.0,देबिथान,", hindu_temple"
,Cat Statue,"म्याङ्गलुङ्ग 57500, नेपाल",27.1308178,87.5331479,4.3,नेपाल,", monument"
,तुम्बेवा,"तुम्बेवा, नेपाल",27.0056522,87.5890791,,नेपाल,", historic_site"
,Palum tar/पालुम टार,"XFPQ+CH, पञ्चकन्या पोखरी 57500, नेपाल",26.9860184,87.4889934,3.0,पञ्चकन्या पोखरी 57500,", hike"
,Guru Neupane Garden,"Yangwarak-5, नेपाल",27.2335644,87.840918,0.0,नेपाल,", park"
,YAKTHUNG NAMUNA GHAR Yangwarak -5 yangsingbung Panchthar nepal,"Yangwarak, 5, Yangsingbung, नेपाल",27.2666018,87.8299943,0.0,5,", tourist_attraction"
,Bishnulaxmi Temple,"Pathivara Yangwarak 6, थुम्बेदिन 57500, नेपाल",27.2886198,87.8154303,3.3,थुम्बेदिन 57500,", hindu_temple"
,याङवरक,"याङवरक, नेपाल",27.2458006,87.8545971,,नेपाल,", historic_site"
,Phoktey Dara Top,"722J+36H, 737121, नेपाल",27.2501885,88.0306004,4.7,737121,", hike"
,Mahavir महभिर,"राम्जा सडक, 33400, नेपाल",28.2281975,83.7716766,5.0,33400,", amusement_park"
,Saint Timothy Believers Eastern Church,"6MGH+MCM, पोखरा - बागलुङ लोकमार्ग, कुश्मा 33400, नेपाल",28.2272688,83.6787499,0.0,पोखरा - बागलुङ लोकमार्ग,", church"
,Kusma Hill View Point,"6MFM+QJ6, दुर्लुङ सडक, कुश्मा 33400, नेपाल",28.2244201,83.6840304,4.4,दुर्लुङ सडक,", tourist_attraction"
,Shatabdi Ghar,"6M9H+HX, कुश्मा 33400, नेपाल",28.2189509,83.6799625,4.8,कुश्मा 33400,", museum"
,Kushma Bazar,"6M9H+HJ9, कुश्मा 33400, नेपाल",28.2192786,83.6788353,4.8,कुश्मा 33400,", monument"
,कुश्मा झोलुङ्गे पुल,"6M5J+G3M, कुश्मा ज्ञादी पुल, कुश्मा 33400, नेपाल",28.2088344,83.6801637,4.5,कुश्मा ज्ञादी पुल,", historic_site"
,Mahabhir Waterfall Trekking Trail,"7M7X+5M, कुश्मा 33400, नेपाल",28.2629302,83.6991413,0.0,कुश्मा 33400,", hike"
,म्हेपी गिर्जाघर,"काठमाडौँ 44600, नेपाल",27.7276665,85.3106556,3.8,नेपाल,", church"
,Halhale,"7MCJ+F4, कुश्मा 33400, नेपाल",28.2712309,83.6802961,0.0,कुश्मा 33400,", tourist_attraction"
,Modibeni मोदीवेणी,"6M3C+3C5, Unnamed Road, कुश्मा, नेपाल",28.2026529,83.671135,4.3,Unnamed Road,", hindu_temple"
,मोदी,"मोदी, नेपाल",28.27825,83.7173781,,नेपाल,", historic_site"
,Gadtara,"Modi 6, तिलाहार, नेपाल",28.2378425,83.7123453,0.0,तिलाहार,", picnic"
,Mukhiya park and place,"7J3M+42P, Unnamed Road, कुश्मा 33300, नेपाल",28.252835,83.632569,5.0,Unnamed Road,", park"
,(सिदीमुल) पानिको मुल,"7J2V+F3, कुश्मा 33400, नेपाल",28.2500473,83.6422574,5.0,कुश्मा 33400,", amusement_park"
,Bagarphant Mandali Church(House of Prayers),"Jaljala,2, Bagarphant, नेपाल",28.3578456,83.5664215,0.0,2,", church"
,Hampal Jaljala,"Jaljala V D C 33200, नेपाल",28.3468841,83.6589354,4.7,नेपाल,", tourist_attraction"
,पाङ कोट (पाङ ततरकोट भुमे मन्दिर ),"7M92+RHF, कुश्मा 33400, नेपाल",28.2695633,83.6514532,5.0,कुश्मा 33400,", hindu_temple"
,"Paiyun Rural Municipality, Office of the Rural Municipal Executive","2MR6+342, Unnamed Road, Parbat Huwas Mardikhola 33400, नेपाल",28.0400696,83.6603028,4.8,Unnamed Road,", park"
,गहिरो पधेरो,"XMH4+W7, पेलाकोट 33800, नेपाल",27.9798337,83.6557003,5.0,पेलाकोट 33800,", amusement_park"
,Kikrik,"3M39+2M, Parbat Huwas Mardikhola 33400, नेपाल",28.052621,83.6692012,0.0,Parbat Huwas Mardikhola 33400,", church"
,Upallo Pekhu View Point,"14, वालिङ, नेपाल",27.9984515,83.7324748,5.0,वालिङ,", tourist_attraction"
,Paiyun Engineering (P.) Ltd. [Parbat Branch],"Paiyun R.M, हुवास 33400, नेपाल",28.0434897,83.665915,0.0,हुवास 33400,", tourist_attraction"
,Kanxo,"3QJ4+MR9, अर्जुन चौपारी 33800, नेपाल",28.0816555,83.7570955,0.0,अर्जुन चौपारी 33800,", mosque"
,Harichandi Kalika Temple,"2MPJ+P96, Parbat Huwas Mardikhola 33400, नेपाल",28.0367894,83.680898,5.0,Parbat Huwas Mardikhola 33400,", hindu_temple"
,Payun Kot,"33400, नेपाल",28.0580978,83.6432374,4.8,नेपाल,", monument"
,Juction,"2MX4+75, Parbat Huwas Mardikhola 33400, नेपाल",28.0482033,83.6553834,0.0,Parbat Huwas Mardikhola 33400,", hike"
,Narayansthan park,"6M58+R64, नारायणस्थान 33300, नेपाल",28.2095155,83.6655648,0.0,नारायणस्थान 33300,", park"
,देवीस्थान फलेवास,"देवीस्थान फलेवास, नेपाल",28.1821584,83.66144,,नेपाल,", tourist_attraction"
,Nayan Flex Print,"parbat phalewas khanigaun ,5 Khanigaun 5, Phalewas 33400, नेपाल",28.17,83.67,0.0,5 Khanigaun 5,", art_gallery"
,Nepal High Trek & Expedition,"Khusibu, Nayabazar, काठमाडौँ 44600, नेपाल",27.7197338,85.3011375,4.9,Nayabazar,", trek"
,Mahankal Dada Gajaram Parbat Hikking Trail Start point,"Bethanchowk-3, ढुन्खर्क 45200, नेपाल",27.5091436,85.4857504,5.0,ढुन्खर्क 45200,", hike"
,Sittal Dada,"3M27+2V, Parbat Huwas Mardikhola 33400, नेपाल",28.0501145,83.6647095,0.0,Parbat Huwas Mardikhola 33400,", park"
,महाशिला,"महाशिला, नेपाल",28.1155846,83.6768983,,नेपाल,", tourist_attraction"
,Shiva Mandir,"2MX8+VW3, हुवास सडक, Parbat Huwas Mardikhola 33400, नेपाल",28.049634,83.6673052,5.0,हुवास सडक,", hindu_temple"
,"महाशिला शिला क्षेत्र, महाशिला पर्वत ।","4M3R+MGH, लुङ्खुदेउराली 33400, नेपाल",28.1041812,83.6913523,4.3,लुङ्खुदेउराली 33400,", monument"
,फलामखानी पार्क तथा पिकनिक स्पट,"4MHQ+CG2, Limithana VDC 33400, नेपाल",28.1285096,83.6887642,4.7,Limithana VDC 33400,", picnic"
,Bhattarai Chaupari,"2JJ7+X28, 33400, नेपाल",28.0324044,83.6125714,5.0,33400,", park"
,Ngadi (ङ्यादी),"895X+JRQ, 33600, नेपाल",28.3090895,84.3996153,4.3,33600,", tourist_attraction"
,बच्छेश्वर मन्दिर,"Bihadi 1, Bachachha, नेपाल",28.090318,83.6106797,5.0,Bachachha,", mosque"
,बाँदर पार्क,"4H7G+X4, छिस्ती 33300, नेपाल",28.1149888,83.5753282,5.0,छिस्ती 33300,", museum"
,शितल गुफा शिव पार्बती मन्दिर,"3H7P+72V, बिहादी बर्राचौर 33400, नेपाल",28.0632449,83.5850388,5.0,बिहादी बर्राचौर 33400,", hindu_temple"
,सेतिबेनी शिला,"2J64+J24, सेतीबेनी 33400, नेपाल",28.0115187,83.6050665,4.6,सेतीबेनी 33400,", monument"
,विहादी,"विहादी, नेपाल",28.0599826,83.5798856,,नेपाल,", historic_site"
,डाङडुङे डाँडा चाैपारी,"3H35+3R, पुर्तिघाट 32600, नेपाल",28.0527047,83.5595984,0.0,पुर्तिघाट 32600,", trek"
,Aauridada picnic spot,"5J7H+5W, बिनामारे 33300, नेपाल",28.1629646,83.6297754,5.0,बिनामारे 33300,", picnic"
,Duda,"2JMJ+MQC, टकलाक 33400, नेपाल",28.0341783,83.6318984,5.0,टकलाक 33400,", hike"
,"Children Fun Park, Birgunj","2V5F+CFW, वीरगञ्ज 44300, नेपाल",27.0086007,84.8736988,3.5,वीरगञ्ज 44300,", park"
,"घडीअर्वा पोखरि, वीरगञ्ज","2V7F+GWH, Ghadiarwa, वीरगञ्ज, नेपाल",27.013816,84.874871,4.2,Ghadiarwa,", tourist_attraction"
,Birgunj Aquarium House,"2V5G+WM9, Loharpatti Rd, वीरगञ्ज 34441, नेपाल",27.0097994,84.8767321,5.0,Loharpatti Rd,", aquarium"
,ISKCON Birgunj,"Street Number 3, वीरगञ्ज 44300, नेपाल",27.0126026,84.879475,4.7,वीरगञ्ज 44300,", hindu_temple"
,Rajat Jayanti Park,"XVW7+CVH Raja Jayanti Chauk, Bypass, वीरगञ्ज 44300, नेपाल",26.99632,84.864611,4.1,Bypass,", trek"
,"Chaube Mango Garden, Madhopur","4QFF+C28, औराहा 44300, नेपाल",27.1224532,84.7725942,5.0,औराहा 44300,", park"
,Basantpur Pokhari,"3PWV+CRX, पोखरीया 44300, नेपाल",27.0961249,84.7446146,3.0,पोखरीया 44300,", tourist_attraction"
,Jamia masjid Pokhariya,"3QG7+HGM, पोखरीया 44300, नेपाल",27.0764707,84.763808,4.0,पोखरीया 44300,", mosque"
,Ranigunj Royal Palace,"3Q79+29J, पोखरीया 44300, नेपाल",27.0625889,84.7684021,3.6,पोखरीया 44300,", museum"
,Aquarium Castle,"2V7G+522, GP Road, वीरगञ्ज 44300, नेपाल",27.0128894,84.8750201,2.8,GP Road,", aquarium"
,पोखरेश्वर महादेव मन्दिर,"3QH6+J2P, पोखरीया 44300, नेपाल",27.0791443,84.7600229,5.0,पोखरीया 44300,", hindu_temple"
,पोखरीया,"पोखरीया 44300, नेपाल",27.0819447,84.75767,,नेपाल,", monument"
,Pokhariya 03,"3PMQ+HP, पोखरीया 44300, नेपाल",27.0839046,84.7392963,0.0,पोखरीया 44300,", historic_site"
,Garden (fulwari),"4RW2+P5, कौवा बनकटैया 44300, नेपाल",27.1458199,84.800281,3.0,कौवा बनकटैया 44300,", picnic"
,Bahuari,"4V32+XW, वीरगञ्ज 44300, नेपाल",27.1048767,84.8522517,3.5,वीरगञ्ज 44300,", park"
,Church JHABARAHA,"5WFG+WWG, Unnamed Road, बिरवागुठी 44300, नेपाल",27.1748481,84.9272625,0.0,Unnamed Road,", church"
,Bairiya Masjid -North,"3QGQ+R2, बैरिया बिरता दा.पू. 44300, नेपाल",27.077084,84.7875729,0.0,बैरिया बिरता दा.पू. 44300,", mosque"
,"Satomai Temple SreeSiya,25 Parsa Nepal","2V94+3VQ, वीरगञ्ज 44300, नेपाल",27.017694,84.8572289,5.0,वीरगञ्ज 44300,", hindu_temple"
,Bahudarmai,"3RQF+QR2, Birgunj, भौराटार 44300, नेपाल",27.0893853,84.8245192,0.0,Birgunj,", monument"
,"बाहुदरमाई नगरपालिका, नगर कार्यपालिकाको कार्यालय","4R2V+P7F, बहुअरी पिडारी 44300, नेपाल",27.101742,84.8431339,3.5,बहुअरी पिडारी 44300,", historic_site"
,Rekhati,"2RRR+FC, वीरगञ्ज 44300, नेपाल",27.0411332,84.8410652,0.0,वीरगञ्ज 44300,", trek"
,picnic spots Jhabaraha,"Unnamed Road, 44300, नेपाल",27.1665846,84.9289147,3.7,44300,", picnic"
,New Apostolic Church Sabaiyatadhi,"4WX9+GFP, बिरवागुठी 44300, नेपाल",27.1488391,84.9187032,3.8,बिरवागुठी 44300,", church"
,पर्सागढी,"पर्सागढी, 44300, नेपाल",27.1619605,84.8946842,,44300,", tourist_attraction"
,JAME MASJID PASRAMPUR,"4WRC+5PF, बिरवागुठी 44300, नेपाल",27.1404504,84.9218039,5.0,बिरवागुठी 44300,", mosque"
,Maisthan Park,"2V6H+X55, वीरगञ्ज 44300, नेपाल",27.0123817,84.8779819,4.3,वीरगञ्ज 44300,", park"
,Bindabasini Temple बिन्दबासिनी मन्दिर,"2RR9+X79, वीरगञ्ज 44300, नेपाल",27.0424171,84.818194,4.3,वीरगञ्ज 44300,", church"
,Bindawasini MAI Arts,"नागेश्वर पेट्रोल पंप, Padam road, हुलाकी राजमार्ग 19, वीरगञ्ज, नेपाल",27.0426351,84.8220776,1.0,Padam road,", art_gallery"
,बिन्दबासिनी,"बिन्दबासिनी, वीरगञ्ज 44300, नेपाल",27.0342874,84.8176862,,वीरगञ्ज 44300,", historic_site"
,Raniban park,"9J39+WP6, ठोरी 44300, नेपाल",27.3547874,84.6192691,4.7,ठोरी 44300,", picnic"
,Bhatedhada,"F762+4H, इपा पञ्चकन्या 44100, नेपाल",27.460351,85.251472,0.0,इपा पञ्चकन्या 44100,", hike"
,MIRJAPUR MELA,"3MJ5+3M, मिर्जापुर 44300, नेपाल",27.080223,84.6591589,3.0,मिर्जापुर 44300,", park"
,IMS Zion church sikta,"2M9P+62H, Pokharia - Sikta Canal Rd, Sikta, Haripur, Bihar 845307, भारत",27.0180868,84.6851172,4.2,Pokharia - Sikta Canal Rd,", church"
,छिपहरमाई गाउंपालिका,"2MPH+VVM, भिसवा 44300, नेपाल",27.0372067,84.679671,3.9,भिसवा 44300,", tourist_attraction"
,"Dhobini-05, Mosque","3MMP+44J, धौबिनी 44300, नेपाल",27.0824977,84.6851358,0.0,धौबिनी 44300,", mosque"
,umesh patel,"3QJ5+Q3F, पोखरीया 44300, नेपाल",27.0819447,84.75767,0.0,पोखरीया 44300,", museum"
,Chhipaharmai Temple छिपहरमाई मन्दिर,"3M3R+VFV, तुलसी बर्वा 44300, नेपाल",27.0547444,84.6911799,5.0,तुलसी बर्वा 44300,", hindu_temple"
,Chisapani Picnic Spot,"C375+2QM, मन्थली 45400, नेपाल",27.4125938,86.0594102,5.0,मन्थली 45400,", picnic"
,Aaryan House,"2PVG+P3W, भेडिहारी 44400, नेपाल",27.0443725,84.7252046,5.0,भेडिहारी 44400,", hike"
,वडा.नं 2 लक्ष्मीपुर,"4PH5+52V, घौडदौर पिपरा 44300, नेपाल",27.1279998,84.7075503,0.0,घौडदौर पिपरा 44300,", park"
,Masjid - E - Fatima Jagarnathpur,"4PQG+QGG Ward No. 4, जागरनाथपुर 44300, नेपाल",27.1394339,84.7263321,0.0,जागरनाथपुर 44300,", mosque"
,Unification Memorial Park,"जीतपुर 44300, नेपाल",27.177518,84.7237072,0.0,नेपाल,", museum"
,Ajay house jagarnathpur birgunj_22 paras nepal,"Jagarnathpur,birgunj_22, नेपाल",27.1392746,84.7250072,0.0,birgunj_22,", hindu_temple"
,जगरनाथपुर,"जगरनाथपुर 44300, नेपाल",27.166667,84.75,,नेपाल,", monument"
,जागरनाथपुर,"जागरनाथपुर 44300, नेपाल",27.1394339,84.7263321,,नेपाल,", monument"
,जगरनाथपुर,"जगरनाथपुर, 44300, नेपाल",27.1392248,84.7257539,,44300,", monument"
,श्री पारशनाथ प्रवेश द्वार,"4R63+58F, महुवन 44300, नेपाल",27.1104894,84.8034534,0.0,महुवन 44300,", monument"
,Jagatpur Parsa Nepal,"पोखरीया 44309, नेपाल",27.050565,84.7822959,4.0,नेपाल,", historic_site"
,Hapzu,"5PGF+XFQ, जीतपुर 44300, नेपाल",27.1774547,84.7237198,0.0,जीतपुर 44300,", trek"
,Aankaawa dame,"5Q2F+3Q, सुगौली पटेर्वा 44300, नेपाल",27.1501747,84.7744728,0.0,सुगौली पटेर्वा 44300,", trek"
,Saud Khan,"5PGF+XFQ, जीतपुर 0000, नेपाल",27.1774547,84.7237198,0.0,जीतपुर 0000,", trek"
,sunny homes,"5QF8+V5M, सुगौली पटेर्वा 44300, नेपाल",27.1747241,84.7654081,0.0,सुगौली पटेर्वा 44300,", trek"
,Kalikamai Rural Municipality,"3PJ8+6R6, मुडली 44300, नेपाल",27.0805265,84.7170058,3.5,मुडली 44300,", park"
,कालिकामाई,"कालिकामाई, 44300, नेपाल",27.0813906,84.7165784,,44300,", tourist_attraction"
,Abdul Hamidiya Mosque,"2PX9+79Q, भेडिहारी 44300, नेपाल",27.0482135,84.7184949,0.0,भेडिहारी 44300,", mosque"
,Kalikamai Temple,"3P5J+6RW, हरिहरपुर बिर्ता 44300, नेपाल",27.0581163,84.732063,3.8,हरिहरपुर बिर्ता 44300,", hindu_temple"
,Pakaha,"2PGW+8M7, मैनपुर पकाहा 44300, नेपाल",27.0257848,84.7466716,4.0,मैनपुर पकाहा 44300,", church"
,Masjid,"2PX9+79Q, भेडिहारी 44300, नेपाल",27.0482135,84.7184949,0.0,भेडिहारी 44300,", mosque"
,Manikpur Temple,"2QW5+JP4, पर्सौनी भाठा 44300, नेपाल",27.0465241,84.7593233,4.5,पर्सौनी भाठा 44300,", hindu_temple"
,Pakaha Mainpur Gaupalika,"2PFW+W9W, मैनपुर पकाहा 44300, नेपाल",27.0248316,84.7459419,3.5,मैनपुर पकाहा 44300,", monument"
,मैनपुर पकाहा,"मैनपुर पकाहा 44300, नेपाल",27.0315854,84.7446146,,नेपाल,", monument"
,Pakaha mainpur Nepal,"2PGV+6QV, मैनपुर पकाहा 44300, नेपाल",27.0256056,84.7444159,0.0,मैनपुर पकाहा 44300,", monument"
,Maulapur Picnic Park,"Unnamed Road, 44500, नेपाल",26.9262909,85.1982115,4.1,44500,", picnic"
,प्यूठान अस्पताल,"4V33+GHW, Hospital Road, प्यूठान 22300, नेपाल",28.1038731,82.8539551,4.1,Hospital Road,", mosque"
,Jhuleni Natural View Tower (झुलेनी प्राकृतिक भ्यू टावर),"5V73+28C, जुमृकाँडा 22300, नेपाल",28.1625517,82.8532729,4.7,जुमृकाँडा 22300,", museum"
,Bagdula बाग्दुला,"प्यूठान 22300, नेपाल",28.1228804,82.8835755,3.9,नेपाल,", zoo"
,Saunapani pyuthan,"4V23+M87, Saunapani, प्यूठान 22300, नेपाल",28.1016595,82.8532928,0.0,Saunapani,", aquarium"
,प्यूठान,"प्यूठान, नेपाल",28.0672903,82.8640623,,नेपाल,", monument"
,Tanka bahadur bista memorial Trust,"प्यूठान 22300, नेपाल",28.0961902,82.8390742,0.0,नेपाल,", monument"
,ठुलाचौर,"4X2Q+3CH, चुजा 22300, नेपाल",28.1001875,82.9886094,5.0,चुजा 22300,", historic_site"
,Pyuthan,"2PQH+27, मर्कावाङ 22300, नेपाल",28.037551,82.728177,3.7,मर्कावाङ 22300,", trek"
,स्वर्गद्वारीखाल,"स्वर्गद्वारीखाल, नेपाल",28.1213962,82.6743889,,नेपाल,", tourist_attraction"
,स्वर्गद्वारी,"स्वर्गद्वारी, नेपाल",28.1214212,82.674376,,नेपाल,", tourist_attraction"
,दारेमष्ठ रेग्मी कुलदेवता मन्दिर,"4MHW+JW7, भिङ्री 22300, नेपाल",28.1290485,82.6973058,4.3,भिङ्री 22300,", tourist_attraction"
,"डडे खोला, स्वर्गद्वारी नगरपालिका, सारी, प्युठान","5PH2+WHX, सरि 22300, नेपाल",28.1798596,82.7014709,4.3,सरि 22300,", tourist_attraction"
,सुरभि गौशाला स्वर्गद्वारी,"4MCF+7RR, स्वर्गद्वारीखाल 22300, नेपाल",28.1207647,82.6743906,5.0,स्वर्गद्वारीखाल 22300,", zoo"
,gaumukhi,"4V23+M87, प्यूठान 22300, नेपाल",28.1016595,82.8532928,5.0,प्यूठान 22300,", church"
,Gaumukhi,"72WQ+PXR, अर्खा, नेपाल",28.2968613,83.0399036,4.0,अर्खा,", hindu_temple"
,गौमुखी,"गौमुखी, नेपाल",28.2535999,83.0119021,,नेपाल,", historic_site"
,picnic spot,"in pyuthan (jhimruk 6, neear, नेपाल",28.139434,82.9609059,0.0,neear,", picnic"
,Markwang (pun magar village) Pyuthan,"4WGR+GMQ, तोरवाङ 22300, नेपाल",28.1263404,82.9417378,4.0,तोरवाङ 22300,", tourist_attraction"
,महांकाल भैरव मन्दिर,"P94V+QXH, Nil Barahi Rd, कागेश्वरी मनोहरा 44600, नेपाल",27.706972,85.3949867,4.9,Nil Barahi Rd,", monument"
,PANAUTI HERITAGE SITE,"HGP8+3X3, पनौती 45209, नेपाल",27.5851064,85.5174287,5.0,पनौती 45209,", historic_site"
,Rani Pauwa,"XR4M+MFC, ढुंगेगडी 22300, नेपाल",27.9566758,82.8336498,5.0,ढुंगेगडी 22300,", park"
,D.G pyuthan house 🏠,"Pyuthan arjham, प्यूठान, नेपाल",27.9932014,82.9087306,0.0,प्यूठान,", church"
,Saurakot ( सौराकोट),"XQ6P+35P, ढुंगेगडी 22300, नेपाल",27.9602032,82.7854411,2.5,ढुंगेगडी 22300,", hindu_temple"
,सरुमारानी,"सरुमारानी, नेपाल",27.9110643,82.8325014,,नेपाल,", historic_site"
,सरुमारानी गाउँपालिका,"XR4F+MPW, ढुंगेगडी 22300, नेपाल",27.9566266,82.8242701,4.7,ढुंगेगडी 22300,", trek"
,Mallarani zipline,"3VPR+6VF, प्यूठान 22300, नेपाल",28.0854073,82.8922309,0.0,प्यूठान 22300,", tourist_attraction"
,Thama,"Mallarani 1, Thama, नेपाल",28.0769679,82.8898126,0.0,Thama,", art_gallery"
,Supa deurali mandir barbot Pyuthan,"3W2Q+WM7, प्यूठान 22300, नेपाल",28.0522908,82.9391709,5.0,प्यूठान 22300,", hindu_temple"
,दहबसे,"6RR8+W23, सिर्पा 22100, नेपाल",28.2422609,82.815041,4.0,सिर्पा 22100,", amusement_park"
,New life church Timile,"5Q4F+F8, वेलबास 22300, नेपाल",28.1561707,82.7733558,0.0,वेलबास 22300,", church"
,"Nepal, pyuthan, naubaini gaun palika ,Dawar khola","5VCQ+W8J, प्यूठान 22300, नेपाल",28.1723439,82.8882717,4.3,प्यूठान 22300,", tourist_attraction"
,नौवहिनी,"नौवहिनी, नेपाल",28.1848533,82.8747609,,नेपाल,", tourist_attraction"
,Sirjana budha magar,"4WQJ+2XM, तोरवाङ 22300, नेपाल",28.1375893,82.9324324,0.0,तोरवाङ 22300,", park"
,Markwang Gospel church,"4WGR+H8X, तोरवाङ 22300, नेपाल",28.1264767,82.9408701,1.0,तोरवाङ 22300,", church"
,"Jhimruk rural municipality-5, okharkot pyuthan nepal","4XPG+VR7, ओखरकोट 22300, नेपाल",28.1371574,82.9770371,0.0,ओखरकोट 22300,", tourist_attraction"
,Jhimruk Rural Municipality,"4XJ9+C3G, Pyuthan, Jhimruk -4, प्यूठान, नेपाल",28.1343889,82.9688954,4.6,Pyuthan,", mosque"
,Jyoti Krishna Panthi Museum,"Jyoti Krishna Chaura, KAFALNETI 22300, नेपाल",28.1068888,83.0155244,1.0,KAFALNETI 22300,", museum"
,Kot Mandir,"Jhimruk 2, बाँदीकोट, नेपाल",28.1423006,82.999161,5.0,बाँदीकोट,", hindu_temple"
,Airawati Rural Municipality,"2W8J+228, बरौला 22300, नेपाल",28.0150075,82.9300265,3.8,बरौला 22300,", mosque"
,ऐरावती मन्दिर,"WWJV+QFG Airawati 1, दाङवाङ 22300, नेपाल",27.9319323,82.9436882,5.0,दाङवाङ 22300,", hindu_temple"
,Alita place,"3MHJ+6H8, प्यूठान 22300, नेपाल",28.0780421,82.6814391,0.0,प्यूठान 22300,", historic_site"
,मन्थली बस पार्क,"93Q6+FVX, मन्थली 45400, नेपाल",27.3887452,86.0622422,3.5,मन्थली 45400,", park"
,Manthali Playground,"93M5+4Q5, मन्थली 45400, नेपाल",27.3827623,86.0594712,5.0,मन्थली 45400,", amusement_park"
,Susamachariya Mitra Mandali Ramechhap,"93H6+PGC, मन्थली 45400, नेपाल",27.3792108,86.0617018,5.0,मन्थली 45400,", church"
,"चिसापानी गढी, रामेछाप","मन्थली 45400, नेपाल",27.4073066,86.0355392,5.0,नेपाल,", tourist_attraction"
,खाँडादेवी मन्दिर (मूख्य मन्दिर),"FW6H+Q59, मजुवा 45400, नेपाल",27.4619083,85.9279769,4.7,मजुवा 45400,", mosque"
,क्यारामबोट बजार,"क्यारामबोट बजार, मन्थली 45400, नेपाल",27.4071277,86.0714387,,मन्थली 45400,", mosque"
,मन्थली,"मन्थली, नेपाल",27.3885665,86.0631561,,नेपाल,", mosque"
,मन्थली,"मन्थली, नेपाल",27.3885674,86.0631632,,नेपाल,", mosque"
,मन्थली माध्यमिक विद्यालय,"श्री महेन्द्रोदय उच्च मा बि, लामोसाँघु-रामेछाप राजमार्ग, मन्थली 45400, नेपाल",27.3796936,86.0647396,4.0,लामोसाँघु-रामेछाप राजमार्ग,", mosque"
,Santi Agriculture and Animal Husbandry Farm,"849F+5FG, रामेछाप 45400, नेपाल",27.3179345,86.1237096,5.0,रामेछाप 45400,", zoo"
,Ghadi Chhap Picnic Spot,"C25R+7C, मन्थली 45400, नेपाल",27.4081516,86.0411128,5.0,मन्थली 45400,", picnic"
,सेलेघाट,"8XVP+F5H, मन्थली ६, नेपाल",27.3436954,85.9854969,5.0,मन्थली ६,", hike"
,रामेछाप बजार,"रामेछाप बजार, रामेछाप 45400, नेपाल",27.3231047,86.0822677,,रामेछाप 45400,", mosque"
,Ramechhap,"83H5+523, रामेछाप 45400, नेपाल",27.327896,86.0575423,4.8,रामेछाप 45400,", mosque"
,रामेछाप नगरपालिका कार्यालय,"83FJ+6WP, रामेछाप मार्ग, रामेछाप 45400, नेपाल",27.3230888,86.0823204,3.9,रामेछाप मार्ग,", mosque"
,रामेछाप,"रामेछाप, नेपाल",27.319307,86.1039189,,नेपाल,", mosque"
,रामेछाप,"रामेछाप, नेपाल",27.3171131,86.1069786,,नेपाल,", mosque"
,Eramechhap,"83FM+FC4, रामेछाप मार्ग, रामेछाप 45400, नेपाल",27.3235593,86.0835679,5.0,रामेछाप मार्ग,", mosque"
,"sahid park , doramba","GX74+P35, दोरम्बा 45400, नेपाल",27.5142674,85.955229,3.7,दोरम्बा 45400,", park"
,Doramba Bazar (Tourist destination),"GW8M+6F2, दोरम्बा 45400, नेपाल",27.5155156,85.9336283,4.2,दोरम्बा 45400,", tourist_attraction"
,AGLESWER MAHDEV,"GW39+CMC, Unnamed Road, दोरम्बा 45400, नेपाल",27.5035517,85.9191561,5.0,Unnamed Road,", hindu_temple"
,Doramba sailung gaupalika,"GW9P+W64, दोरम्बा 45400, नेपाल",27.5197676,85.9355648,3.5,दोरम्बा 45400,", monument"
,दोरम्बा,"दोरम्बा 45400, नेपाल",27.5143188,85.9335407,,नेपाल,", historic_site"
,उप्रेतिको डाँडो (रमाइलो चाैतारी),"H2PW+4HF, पवटी 45500, नेपाल",27.5853086,86.0464186,0.0,पवटी 45500,", historic_site"
,Bodal dada,"GWCG+R55, दोरम्बा 45400, नेपाल",27.5220059,85.925471,5.0,दोरम्बा 45400,", hike"
,Rakathum site,"CVR3+PH6, राकाथुम 45400, नेपाल",27.4417932,85.8538849,0.0,राकाथुम 45400,", park"
,Santi AG Church Ramechhap ️,"83GH+VQ, रामेछाप 45400, नेपाल",27.327115,86.0794958,5.0,रामेछाप 45400,", church"
,Ramechhap,"C4P5+7VV, 45400, नेपाल",27.4357392,86.1096764,5.0,45400,", tourist_attraction"
,सुनापती,"सुनापती, नेपाल",27.4973663,85.8392943,,नेपाल,", mosque"
,Sunapati Mahadev Temple,"FVM5+9M9, बेथान 45400, नेपाल",27.4834203,85.8592292,5.0,बेथान 45400,", hindu_temple"
,जबदे चिसापानी,"Ramechhap 8, Jawade, मन्थली 45400, नेपाल",27.4163136,86.0705004,0.0,Jawade,", historic_site"
,Sunapati Dada सुनापती डाडा,"FVM5+Q2J, बेथान 45400, नेपाल",27.4844664,85.8575307,5.0,बेथान 45400,", trek"
,"Sheraphat, Dhunge Dhara","चापागाउँ - छम्पी सडक, चापागा‌‍‍उँ 44700, नेपाल",27.5970743,85.3191678,4.0,चापागा‌‍‍उँ 44700,", park"
,Aahana Aquarium Shop,"महालक्ष्मी, नेपाल",27.6513744,85.3547263,4.1,नेपाल,", aquarium"
,Nepal Wonders Treks & Expedition P. Ltd,"त्रिदेवी सडक 26, काठमाडौँ 44600, नेपाल",27.7142943,85.3124258,4.9,काठमाडौँ 44600,", trek"
,Champadevi Hiking Trail,"J7W3+FH7, कीर्तिपुर 44600, नेपाल",27.6461624,85.2539073,5.0,कीर्तिपुर 44600,", hike"
,Ramding waterfall,"HCXC+M2, क्यामा 45400, नेपाल",27.5992692,86.4200704,0.0,क्यामा 45400,", amusement_park"
,"Nepal Christian Ropheka Church (Darkha Church, NCRC)","Hospital, Gokulganga ,ward no 3 Rasnalu (near Of, रस्नालु, नेपाल",27.5496812,86.1898729,0.0,Gokulganga,", church"
,गोकुलगङ्गा,"गोकुलगङ्गा, नेपाल",27.5338274,86.1681562,,नेपाल,", tourist_attraction"
,गोकुलगंगा गाउँपालिका,"G5M8+JWV, बेताली 45400, नेपाल",27.5341112,86.1673978,4.0,बेताली 45400,", mosque"
,Chandra Bahadur Sunuwar Chock चन्द्र बहादुर सुनुवार शालिक चाेक,"F65G+78, दुरागाउँ 45400, नेपाल",27.4581759,86.2257695,5.0,दुरागाउँ 45400,", museum"
,Ganesh Mandir,"Those 5, नेपाल",27.5958692,86.262684,4.3,नेपाल,", hindu_temple"
,Jata Pokhari Dolakha,"PCG9+GQV, 45500, नेपाल",27.7263603,86.4194126,4.6,45500,", trek"
,Umakunda Waterfall,"Gupteshvar 9, प्रिती 1, नेपाल",27.5356853,86.2695988,5.0,प्रिती 1,", hike"
,लहरीनी पार्क,"95G3+QCJ, मन्थली 45400, नेपाल",27.3769647,86.1535305,5.0,मन्थली 45400,", park"
,Chinne khola uttisghari,"C5GH+G5V, धोबी 6, नेपाल",27.4263566,86.1779246,0.0,धोबी 6,", amusement_park"
,Koinonia Kholmagaun Church,"95WQ+PF8, 45400, नेपाल",27.3968042,86.1887052,5.0,45400,", church"
,लिखु तामाकोशी,"लिखु तामाकोशी, 45400, नेपाल",27.4263566,86.1779246,,45400,", tourist_attraction"
,CHISAPANI MUSEUM,"C374+JX9, मन्थली 45400, नेपाल",27.4140348,86.0574694,5.0,मन्थली 45400,", museum"
,"त्रिपिंगेश्वोर महदेब मन्दिर , तिल्पु खोला","J9PG+RX6, Lubhu - Dharachour - Arubot Rd, महालक्ष्मी, नेपाल",27.6370451,85.3774388,4.4,Lubhu - Dharachour - Arubot Rd,", hindu_temple"
,लिखु तामाकोशी गाउँपालिकाको कार्यालय,"C5GG+8XX, धोबी 45400, नेपाल",27.4258771,86.1774696,4.4,धोबी 45400,", trek"
,kholmagaun Dada,"95WQ+MHG, गोठगाउँ 45400, नेपाल",27.3966859,86.1889498,5.0,गोठगाउँ 45400,", hike"
,Bethlehem priti Church,"F7WR+MP8, प्रिती 45400, नेपाल",27.4972578,86.2931718,5.0,प्रिती 45400,", church"
,उमाकुण्ड,"उमाकुण्ड, नेपाल",27.5704417,86.3397226,,नेपाल,", tourist_attraction"
,Umakunda Rural Municipality,"G75V+JCG, प्रिती 45400, नेपाल",27.5090655,86.2935859,4.6,प्रिती 45400,", mosque"
,लिखुखोले रोसी खब्तडी बस्नेत कुल पूजा मन्दिर,"Umakunda 2, नेपाल",27.5502923,86.3645219,5.0,नेपाल,", hindu_temple"
,Jivan marga church,"R4XW+RM8, 10 ward office, नेपाल",27.8426813,85.1407455,5.0,10 ward office,", church"
,गोसाईकुण्ड ताल दृष्य केन्द्र,"Suryakunda Path, 45000, नेपाल",28.0833196,85.4104745,4.8,45000,", tourist_attraction"
,गोसाईकुण्ड दृष्य केन्द्र,"गोसाइकुन्ड पथ, 45000, नेपाल",28.0865898,85.409668,5.0,45000,", tourist_attraction"
,Mini Gosainkunda,"38X9+5VX, धुन्चे 45000, नेपाल",28.0979441,85.3197229,4.3,धुन्चे 45000,", mosque"
,गोसाइँकुण्ड,"गोसाइँकुण्ड, 45000, नेपाल",28.0820059,85.414986,4.8,45000,", picnic"
,NIM Karmidanda,"257X+XFP, लहरेपौवा 45000, नेपाल",28.0149635,85.1987034,5.0,लहरेपौवा 45000,", church"
,Mailung,"36C4+MRM Mailung Bazzar Bus Stop, डाँडागाउँ 45000, नेपाल",28.0717226,85.2070534,4.6,डाँडागाउँ 45000,", tourist_attraction"
,कालिका गाउँपालिका कार्यालय,"X6V3+J9G, लहरेपौवा 45000, नेपाल",27.994082,85.2034572,5.0,लहरेपौवा 45000,", mosque"
,भाँङ्गे झरना [Bhange Jharna],"Unnamed Road, डाँडागाउँ 45000, नेपाल",28.038119,85.193037,4.5,डाँडागाउँ 45000,", museum"
,श्री कालिका देवी मन्दिर,"X6X4+9V8, Kalikasthan, Dhaibung, पासाङ् ल्हामु राजमार्ग, लहरेपौवा 45000, नेपाल",27.9987385,85.2062509,4.4,Kalikasthan,", hindu_temple"
,कालिकास्थान रसुवा,"कालिकास्थान रसुवा, लहरेपौवा 45000, नेपाल",28.0005871,85.2107743,,लहरेपौवा 45000,", historic_site"
,"Naukunda-6,","भोर्ले 45000, नेपाल",28.0031875,85.2430625,3.0,नेपाल,", park"
,Jame Masjid Ratanpur,"4V8R+GG4, बसडिलवा 44300, नेपाल",27.1162546,84.8913495,3.7,बसडिलवा 44300,", mosque"
,राम मन्दिर,"2728+PVR, सरमथली 45000, नेपाल",28.001855,85.2671326,5.0,सरमथली 45000,", hindu_temple"
,Rauchuli,"29FC+3Q6, 44900, नेपाल",28.0226533,85.3718916,5.0,44900,", trek"
,Syaubari Picnic Spot,"2687+89F, लहरेपौवा 45000, नेपाल",28.0157289,85.2135206,0.0,लहरेपौवा 45000,", picnic"
,Majhuwaa Park,"X5FM+HHG, बेत्रावती बजार 44900, नेपाल",27.9739431,85.183941,0.0,बेत्रावती बजार 44900,", park"
,बेत्रावती चर्च,"X5HM+77F, त्रिशुली राजमार्ग, बेत्रावती बजार 44900, नेपाल",27.9781957,85.1831838,3.0,त्रिशुली राजमार्ग,", church"
,Sapkota Gaun (Dandagaun Rasuwa ),"25MQ+H9, डाँडागाउँ 45000, नेपाल",28.0343741,85.1885116,4.4,डाँडागाउँ 45000,", tourist_attraction"
,"उत्तरगया गाउँपालिका, गाउँ कार्यपालिकाको कार्यालय","X5RM+Q4W, लहरेपौवा 45000, नेपाल",27.9920169,85.1828779,3.4,लहरेपौवा 45000,", mosque"
,उत्तरगया बेत्रावती,"X5FM+3WJ, पासाङ ल्हामु राजमार्ग, बेत्रावती बजार 44900, नेपाल",27.9727191,85.1847589,4.6,पासाङ ल्हामु राजमार्ग,", hindu_temple"
,अम्रसा मण्डली - AMRASA CHURCH,"J2M5+JC8, अम्रसा पुरानो बाटो, अम्रसा 33000, नेपाल",27.6340722,84.0084754,5.0,अम्रसा पुरानो बाटो,", church"
,"Ronga, Rasuwa, Amachodingmo Remote Municipality of Bagmati Province (Tamsaling)Nepal.","58JQ+VRP, स्याप्रु बेसी 45000, नेपाल",28.1822005,85.3395763,0.0,स्याप्रु बेसी 45000,", tourist_attraction"
,Sasambhu temple,"J9RM+8JG, महालक्ष्मी, नेपाल",27.6408123,85.3840722,4.6,महालक्ष्मी,", hindu_temple"
,Tamang Heritage Trails,"49CX+2X5, स्याफ्रू 45000, नेपाल",28.12,85.4,4.7,स्याफ्रू 45000,", trek"
,Asanwa Tempo Park,"Judibela, Rautahat, 44515, नेपाल",27.1407172,85.3981689,4.3,Rautahat,", park"
,Gujara Fun Park(Rautaha),"37M6+Q76, रंगपुर 44500, नेपाल",27.0844219,85.2606406,3.7,रंगपुर 44500,", amusement_park"
,Mukti A. G,"4FJ9+G64, चन्द्रपुर 1, नेपाल",27.1312897,85.4680623,5.0,चन्द्रपुर 1,", church"
,Nunthar_swing Rautahat,"नुनथर पीकनिक स्थल बाटो, चन्द्रपुर 44100, नेपाल",27.1520104,85.4888832,5.0,चन्द्रपुर 44100,", tourist_attraction"
,Jamia Masjid,"588M+PP3, चन्द्रपुर 44515, नेपाल",27.166768,85.3342973,0.0,चन्द्रपुर 44515,", mosque"
,Chandrapur Bazar,"चन्द्रपुर 44515, नेपाल",27.1108389,85.3526514,4.2,नेपाल,", museum"
,Chandrapur aquarium house,"Chandrapur-4, नेपाल",27.1190138,85.3581427,0.0,नेपाल,", aquarium"
,नुनथर शिव मन्दिर,"चन्द्रपुर, नेपाल",27.1462855,85.4889711,4.3,नेपाल,", hindu_temple"
,Nunthar Picnic Spot,"चन्द्रपुर 44100, नेपाल",27.1491049,85.4885982,4.1,नेपाल,", picnic"
,Chapur Illaka Forest,"487V+23R, चन्द्रपुर 44515, नेपाल",27.1126181,85.3426532,4.0,चन्द्रपुर 44515,", hike"
,Methur Chaudhary Park,"X828+FQ4, Samanpur Road, गरुडा 44500, नेपाल",26.9511355,85.3169409,4.0,Samanpur Road,", park"
,Church (Pastor Dinkar Ray Ministry),"Church Road, गरुडा 44500, नेपाल",26.9534892,85.3144601,5.0,गरुडा 44500,", church"
,Kranti Dwar,"Q73G+X7Q, गौर 44500, नेपाल",26.7550212,85.2757911,4.5,गौर 44500,", tourist_attraction"
,Masjid aayesa hanifa,"X899+2WQ, चन्द्रनिगाहपुर-गौर रोड, गरुडा 44500, नेपाल",26.9674528,85.3199004,3.6,चन्द्रनिगाहपुर-गौर रोड,", mosque"
,NEW SONU FILM & Chaurasiya House (Ramjanm),"W8XG+X5Q, Gaurad, बैरिया 44500, नेपाल",26.9499377,85.3255593,3.0,Gaurad,", museum"
,Gaighata Shreepur,"XG22+392, श्रीपुर 45800, नेपाल",26.9501444,85.5009022,5.0,श्रीपुर 45800,", zoo"
,Garuda laxmipur nepal,"Laxmipur yadav niwas, गरुडा 44500, नेपाल",26.9447814,85.3030849,5.0,गरुडा 44500,", hindu_temple"
,Gajendra Memorial Hospital,"NH36, सखूअवा 44500, नेपाल",26.906872,85.3030051,5.0,सखूअवा 44500,", monument"
,गरुडा,"गरुडा, 44500, नेपाल",26.9487337,85.3084706,,44500,", historic_site"
,ओलार चौक,"W8VV+9C4, Gamhariya-Garuda Road, बरियारपुर 44513, नेपाल",26.9433816,85.3435703,0.0,Gamhariya-Garuda Road,", hike"
,Gaur Shivalaya Pokhari Park,"Q76H+W94, गौर 44500, नेपाल",26.7622699,85.2784585,4.5,गौर 44500,", park"
,Rautahat District Water supplier,"Q77H+458, गौर 44500, नेपाल",26.7627896,85.2779526,4.0,गौर 44500,", amusement_park"
,Baram Baba temple,"Q7MG+6XV, गौर 44500, नेपाल",26.7831243,85.2774207,2.0,गौर 44500,", church"
,Masjid 1 Gaur,"Q75H+H2X, गौर 44500, नेपाल",26.7590041,85.2776244,3.0,गौर 44500,", mosque"
,Dr.Subhash Animal Hospital & Research Center Pvt.Ltd,"Nepal bank ltd, Opposite to Rangoli studio, Gaur Rd Number 2, गौर 44500, नेपाल",26.7644968,85.2796597,5.0,Opposite to Rangoli studio,", zoo"
,Fish Market,"Q77H+68W, गौर 44500, नेपाल",26.7631397,85.2783446,4.0,गौर 44500,", aquarium"
,Shivalaya Mandir,"Q77H+3JW, गौर 44500, नेपाल",26.762748,85.2790894,4.9,गौर 44500,", hindu_temple"
,Barhawa Picnic Spot,"Q7CJ+4P7, गौर 44500, नेपाल",26.7702761,85.2818019,3.8,गौर 44500,", picnic"
,Tauqeer Shaikh,"Q7MG+6XV, गौर 44500, नेपाल",26.7831243,85.2774207,0.0,गौर 44500,", hike"
,Pawan my house,"R6X2+P8R, RoadNarkatiya Guthi 44500, नेपाल",26.8493789,85.2007396,0.0,RoadNarkatiya Guthi 44500,", church"
,बौधीमाई,"बौधीमाई, 44500, नेपाल",26.8868236,85.2153062,,44500,", tourist_attraction"
,Ward 4,"V5V5+3X6, कचोर्वा 44400, नेपाल",26.8926551,85.1598751,0.0,कचोर्वा 44400,", museum"
,Shiva Temple (Baudhaimai City),"V6XM+V2C, Ajay Kushwaha Road, Baudhimai Municipality, इनरुवा, नेपाल",26.8996454,85.2325794,2.0,Ajay Kushwaha Road,", hindu_temple"
,Dhanmatiya devi memorial,"W65Q+6W, इनरुवा 44500, नेपाल",26.9080233,85.2397783,5.0,इनरुवा 44500,", monument"
,सहिद स्मृति पार्क,"Chandranigahpur, महेन्द्र राजमार्ग, 44515, नेपाल",27.1130894,85.3749794,4.1,महेन्द्र राजमार्ग,", park"
,Sundarpur Masjid,"X99C+M2X, Unnamed Road, संग्रामपुर 44500, नेपाल",26.9692426,85.3700877,4.4,Unnamed Road,", mosque"
,Sundarpur nisha family,"X8QM+P9Q, Sundarpur, संग्रामपुर, नेपाल",26.9893305,85.3334861,0.0,Sundarpur,", hindu_temple"
,White house,"X9MG+M68, हर्दिया पल्टुवा 44500, नेपाल",26.9841687,85.3755895,0.0,हर्दिया पल्टुवा 44500,", trek"
,देवाही गोनाही,"देवाही गोनाही, 44500, नेपाल",26.9300507,85.2617865,,44500,", tourist_attraction"
,Aliganj Masjid,"X6FR+28W, कटहरिया 44500, नेपाल",26.9721811,85.2406279,1.0,कटहरिया 44500,", mosque"
,Santosh barai,"V78G+5X7, जिंगडवा बेलविचवा 1, नेपाल",26.8654042,85.2774207,0.0,जिंगडवा बेलविचवा 1,", museum"
,Pithawa Maai Mandir,"W7H2+V69, कर्कच कर्मैया 44500, नेपाल",26.9296645,85.2505961,5.0,कर्कच कर्मैया 44500,", hindu_temple"
,Dewahi Gonahi Municipality,"W7J7+WF4, प्रेममपुर गुनाही 44500, नेपाल",26.9322699,85.2637182,3.2,प्रेममपुर गुनाही 44500,", trek"
,Bhelhi River side,"V7JM+HPX, सखूअवा 44500, नेपाल",26.8814792,85.2843683,0.0,सखूअवा 44500,", hike"
,धर्मपुर पूल बाग्मती नदी,"V9X7+P8, धरमपुर 44500, नेपाल",26.8992872,85.3633256,4.3,धरमपुर 44500,", park"
,Gangata park,"XFXC+VG3, Unnamed Road, बरहथवा 45800, नेपाल",26.9996298,85.4712959,4.2,Unnamed Road,", amusement_park"
,गढीमाई,"गढीमाई, नेपाल",26.9455292,85.3639417,,नेपाल,", tourist_attraction"
,Gadhi,"Gadhi 45800, नेपाल",26.9,85.383333,,नेपाल,", tourist_attraction"
,मुलपानी झरना,"चन्द्रपुर 44100, नेपाल",27.2133948,85.3461628,4.1,नेपाल,", tourist_attraction"
,Jamya masjid jingadiya,"X88C+XXF, गरुडा 44500, नेपाल",26.9674219,85.3224154,3.3,गरुडा 44500,", mosque"
,दबंगो का शहर गरुड़ा,"X829+R8G, गरुडा 44500, नेपाल",26.9520389,85.3183405,0.0,गरुडा 44500,", museum"
,Gadhimai Temple,"X978+967, Garuda-Samanpur Road, समनपूर 44500, नेपाल",26.9633895,85.3656087,4.5,Garuda-Samanpur Road,", hindu_temple"
,Gah Hiti,"M9MM+G6C, Unnamed Road, मध्यपुर ठिमी 44600, नेपाल",27.6838072,85.3830214,0.0,Unnamed Road,", historic_site"
,खैरा चर्च(Khaira church),"358V+CHW, कोल्हवी 44400, नेपाल",27.0660852,85.1940082,5.0,कोल्हवी 44400,", church"
,"Aurahidi temple (Gujara'7' Rautahat)P","Aurahidi temple (Gujara'7'Rauthat, नेपाल",27.0418136,85.2815144,2.3,नेपाल,", hindu_temple"
,महुलिया पोखरा,"Q6F2+PXX, Unnamed Road, मठिया 44500, नेपाल",26.7743723,85.2024816,2.5,Unnamed Road,", church"
,Akolawa,"R65X+FH4, अकोलवा 44500, नेपाल",26.8086254,85.2489603,5.0,अकोलवा 44500,", museum"
,ईशनाथ,"ईशनाथ, नेपाल",26.7936875,85.2107511,,नेपाल,", monument"
,Churiamai Picnic spot,"Q749+MX9, Unnamed Road, गौर 44500, नेपाल",26.7566678,85.2699844,3.2,Unnamed Road,", picnic"
,मिलन ट्रेडस,"599G+765, चन्द्रपुर 44515, नेपाल",27.168132,85.3756249,0.0,चन्द्रपुर 44515,", museum"
,Haatti Mahaakaal Temple,"M9JP+2HQ, मध्यपुर थिमि 44600, नेपाल",27.6800846,85.3864868,4.7,मध्यपुर थिमि 44600,", hindu_temple"
,कटहरिया,"कटहरिया 44500, नेपाल",26.969409,85.2256635,,नेपाल,", historic_site"
,कटहरिया,"कटहरिया, 44500, नेपाल",26.9690093,85.2285176,,44500,", historic_site"
,Ratan Khola Waterfall,"FCCW+PG, च्याम्रांग बेसी 45200, नेपाल",27.4718597,85.4463316,5.0,च्याम्रांग बेसी 45200,", hike"
,Mosque,"W8H3+P4, गरुडा 44500, नेपाल",26.9291169,85.302411,0.0,गरुडा 44500,", mosque"
,माधव नारायण मन्दिर,"PFH9+6PX, शङ्खरापुर 44600, नेपाल",27.7280999,85.4693435,4.6,शङ्खरापुर 44600,", hindu_temple"
,Madhav Narayan Municipality,"Madhopur, Rautahat (Province-2, नेपाल",26.8904194,85.3420982,3.5,Rautahat (Province-2,", historic_site"
,"Bhelahi Bazar, Madhav Narayan-3, Bhelahi, Rautahat Nepal","Bhelahi Market, Madhav Narayan-3, नेपाल",26.8869932,85.2879218,4.0,Madhav Narayan-3,", historic_site"
,मुस्लिम एरिया,"W58G+JRF, Pathara Budharampur 44500, नेपाल",26.9165534,85.1770568,0.0,Pathara Budharampur 44500,", mosque"
,Mahadev Mandir Pataura,"W692+M68, Maulapur, पतौरा, नेपाल",26.9191579,85.2006015,4.6,Maulapur,", hindu_temple"
,Abdul rahman,"R57R+JHG, जोवहा 44500, नेपाल",26.813043,85.190241,5.0,जोवहा 44500,", park"
,"Noori Masjid, Paroha 5","नुरी मस्जिद, परोहा नगरपालिका 5 पोखरीया Side, हुलाकी राजमार्ग, बसन्तपट्टी 44500, नेपाल",26.8417577,85.2466837,3.5,परोहा नगरपालिका 5 पोखरीया Side,", mosque"
,Bramsthan Temple,"R6JJ+87P, राजपुर फरहदवा 44500, नेपाल",26.8308439,85.2307336,5.0,राजपुर फरहदवा 44500,", hindu_temple"
,परोहा,"परोहा, 44500, नेपाल",26.8593377,85.2306792,,44500,", monument"
,Paroha Lakeview Picnic Spot,"R7X8+C2, तेजापाकर 44500, नेपाल",26.8485893,85.2650116,5.0,तेजापाकर 44500,", picnic"
,Jame Masjid Badharwa,"25JW+GQM, लक्ष्मीनिया 44500, नेपाल",27.031304,85.1969067,5.0,लक्ष्मीनिया 44500,", mosque"
,Muslim.Kabristan,"25JW+PFQ, Badharwa 44500, नेपाल",27.0318395,85.1962451,5.0,Badharwa 44500,", museum"
,PETBHARWA MATH RAUTAHAT NEPAL,"X5WQ+W6, सन्तपुर दोस्तिया, नेपाल",26.9973125,85.1880625,5.0,सन्तपुर दोस्तिया,", hindu_temple"
,Phatuwa,"2654+MHR, फतुवा हर्षाहा 44500, नेपाल",27.0092338,85.2064065,5.0,फतुवा हर्षाहा 44500,", monument"
,Bairganiya Bazar ( बैरगनियाँ चौक रौतहट नेपाल ),"Bairganiya Rautahat, Bairganiya 44500, नेपाल",26.9763494,85.2006203,2.7,Bairganiya 44500,", trek"
,Ancient Purenwa (Bilash kunj Durbar),"Purenwa Durbar, gaur-10, Samanpur-Gaur Road Purenwa, गौर 44500, नेपाल",26.77626,85.2823994,4.2,gaur-10,", amusement_park"
,Rajdevi Mandir,"Q898+88P, Mudwalwa-Bagmati-Road, गौर 44500, नेपाल",26.7683399,85.3158373,3.9,Mudwalwa-Bagmati-Road,", church"
,राजदेवी,"राजदेवी, नेपाल",26.7700516,85.3265449,,नेपाल,", tourist_attraction"
,Karbana jama masjid,"Q888+HPX, राजदेवी 44500, नेपाल",26.7664959,85.31686,4.6,राजदेवी 44500,", mosque"
,Nepal Yetiraj Treks Pvt. Ltd.,"ठमेल मार्ग, काठमाडौँ 44600, नेपाल",27.7156426,85.3114206,5.0,काठमाडौँ 44600,", trek"
,Masjid-e- Umar ( Damar ),"R6MX+XWW, राजपुर फरहदवा 44500, नेपाल",26.8349794,85.2497878,3.5,राजपुर फरहदवा 44500,", mosque"
,"Chapur Chowk / Chandrapur Chowk, Rautahat, Nepal","4995+6VM, महेन्द्र राजमार्ग, चन्द्रपुर 44515, नेपाल",27.1195995,85.3575133,3.7,महेन्द्र राजमार्ग,", historic_site"
,"Zirayat Church, Nepal जिरायत मण्डली","3F8R+PQ8, ढुंग्रेखोला 45804, नेपाल",27.0668029,85.49191,5.0,ढुंग्रेखोला 45804,", church"
,"Shivalay Pokhari ""Fun, Gym & Boating Park""","Q76H+JM3, Barahwa Pool Rd, गौर 44500, नेपाल",26.7624651,85.2789507,1.0,Barahwa Pool Rd,", tourist_attraction"
,यमुनामाई,"यमुनामाई, 44500, नेपाल",26.8243192,85.3058216,,44500,", tourist_attraction"
,Jame masjid saruatha 9,"सरुअठा 44500, नेपाल",26.8363596,85.2883187,4.7,नेपाल,", mosque"
,Yamuna Mai Mandir Jhunkhunwa-5,"R78R+54P, झुनखुनवा 44500, नेपाल",26.8154977,85.2903278,4.5,झुनखुनवा 44500,", hindu_temple"
,Anutha Mahato Memorial Trust,"R8Q9+8R6, पचरुखी 44500, नेपाल",26.8382509,85.3195175,5.0,पचरुखी 44500,", monument"
,गन्तव्य असीमित ट्रेकिङ नेपाल,"Thamel Rd, काठमाडौँ 44600, नेपाल",27.7169482,85.3117758,5.0,काठमाडौँ 44600,", trek"
,Ramdev takur,"R7V7+97, फतुवा महेशपुर 44500, नेपाल",26.8434734,85.2631307,0.0,फतुवा महेशपुर 44500,", hike"
,रोल्पा,"रोल्पा, नेपाल",28.3815621,82.6483442,,नेपाल,", tourist_attraction"
,रोल्पा,"रोल्पा, 22100, नेपाल",28.3030364,82.6364834,,22100,", mosque"
,Rakhuli chawor Rolpa,"Gopal Rana magar, भावाङ 22100, नेपाल",28.3815621,82.6483442,0.0,भावाङ 22100,", hindu_temple"
,"Triveni Temple,Muglin","VH55+HWX, दारेचोक 44200, नेपाल",27.8589916,84.5598592,5.0,दारेचोक 44200,", hindu_temple"
,त्रिवेणी,"त्रिवेणी, 22100, नेपाल",28.3239861,82.5039294,,22100,", historic_site"
,Love Park त्रिवेणी गाउँपालिका राेल्पा,"8CCH+4Q2, Unnamed Road, जुँगार 22100, नेपाल",28.3202725,82.4294031,1.5,Unnamed Road,", picnic"
,Bhumethala public temple sunchhahari-5 kasala rolpa,"9Q5H+PX4, जैमाकसला 22100, नेपाल",28.3592614,82.7799677,0.0,जैमाकसला 22100,", hindu_temple"
,"Rolpa Sunchhahari, Jharana","CG94+HR8, तालाबाङ 22100, नेपाल",28.4189129,82.5070878,0.0,तालाबाङ 22100,", trek"
,Madi 6 sariga church house nepla,"9GFC+3VH, कोर्चावाङ 22100, नेपाल",28.3726733,82.5222324,0.0,कोर्चावाङ 22100,", church"
,Madi nadi Pul,"2783+6WG Parewa Danda, 6 km toward to Vorletar from, Vyas-10, ब्यास, नेपाल",28.0155551,84.254835,0.0,6 km toward to Vorletar from,", tourist_attraction"
,"Madi Bridge,Rolpa Road","8HMX+7F, लिवाङ 22100, नेपाल",28.333247,82.5987148,4.0,लिवाङ 22100,", monument"
,थामडाँडा,"XQMJ+X8W, वालिङ 33801, नेपाल",27.9849897,83.7808317,5.0,वालिङ 33801,", picnic"
,Madi river bank Obang,"6J2V+C5G, घोडागाउँ 22100, नेपाल",28.2010746,82.6429424,0.0,घोडागाउँ 22100,", hike"
,Rock Garden,"7M88+X7H, लिवाङ्ग 22100, नेपाल",28.2674462,82.6657419,4.0,लिवाङ्ग 22100,", park"
,Lapal church,"5HWC+JP, जौलीपोखरी 22100, नेपाल",28.1965584,82.5718136,5.0,जौलीपोखरी 22100,", church"
,Rolpa View,"5HCG+8RH, Sworgadwari Road, मसिना 22100, नेपाल",28.1708147,82.5770992,0.0,Sworgadwari Road,", tourist_attraction"
,"Uma, Dhoreni Rolpa","5JF7+WPW, जौलीपोखरी 22100, नेपाल",28.1748629,82.6143373,5.0,जौलीपोखरी 22100,", tourist_attraction"
,Rijal home,"4MJ5+GV, स्वर्गद्वारीखाल 22300, नेपाल",28.131296,82.6595899,5.0,स्वर्गद्वारीखाल 22300,", museum"
,Runtigadhi Rural Municipality,"5GR4+72G, झेनाम 22100, नेपाल",28.1906915,82.5050644,4.5,झेनाम 22100,", monument"
,Runti Gadhi रुन्टीगढी,"5GC4+G4, दुबीडांडा 22100, नेपाल",28.1712577,82.5053156,0.0,दुबीडांडा 22100,", historic_site"
,top,"5C2M+MPF, 22100, नेपाल",28.1516947,82.4342859,0.0,22100,", trek"
,Rapti Peace Park Picnic Ground,"48W9+WQ, तुलसीपुर 22412, नेपाल",28.1472976,82.3194113,5.0,तुलसीपुर 22412,", picnic"
,सरिकोट,"6RQ3+6G, सिर्पा 22100, नेपाल",28.2380578,82.8038686,3.0,सिर्पा 22100,", park"
,G.C CHURCH KASALA ROLPA,"8Q86+7CX, जैमाकसला 22100, नेपाल",28.3157431,82.7611274,4.0,जैमाकसला 22100,", church"
,Fulwari Masjid فُلواری مسجد,"3J5G+GMR, Eklaini, नेपालगञ्ज, नेपाल",28.0588608,81.6265427,4.8,Eklaini,", mosque"
,लुङ्ग्री ०३ गोठेचौर रोल्पा,"6RG9+RRH, सिर्पा 22100, नेपाल",28.2270743,82.8196152,3.8,सिर्पा 22100,", monument"
,Lungri Rural Municipality,"वडाचौर 22100, नेपाल",28.2632611,82.7709261,4.2,नेपाल,", trek"
,नौधारीखोर्या Naudhari Khorya,"GFH4+QF6, खारा 22000, नेपाल",28.5294105,82.456144,1.0,खारा 22000,", park"
,Kharsubot Rolpa,"FFXR+CW, इरिवाङ 22100, नेपाल",28.4986311,82.4912913,0.0,इरिवाङ 22100,", amusement_park"
,एकता प्रशंसा मण्डली,"Gangadev 2, नेपाल",28.4394078,82.4232718,0.0,नेपाल,", church"
,SHIVA CAVE शिव गुफा,"दामाचौर 22100, नेपाल",28.3825804,82.3563866,5.0,नेपाल,", museum"
,पिर्ता थान,"F9PP+G62, बाफुखोला, नेपाल",28.4862645,82.3855301,5.0,बाफुखोला,", hindu_temple"
,शहीद मेमोरियल युवा क्लब(Shahid Memorial Youth club),"GF9M+PM3, पाछावाङ 22100, नेपाल",28.5192779,82.4841696,5.0,पाछावाङ 22100,", monument"
,गंगादेव गाउँपालिका रोल्पा,"CCMF+7QC, जिनाबाङ 22100, नेपाल",28.4331556,82.4243624,4.0,जिनाबाङ 22100,", historic_site"
,डाली खोरिया क्षेत्र,"G92V+FJ2, बाफुखोला, नेपाल",28.5011292,82.394,5.0,बाफुखोला,", hike"
,Sunchhahari Rural Municipality,"Pobang-5, नेपाल",28.3612134,82.7948258,4.2,नेपाल,", park"
,Sunchhahari Natural Waterfall,"8QWX+XR7, सिउरी 22100, नेपाल",28.3474155,82.7995495,4.8,सिउरी 22100,", tourist_attraction"
,Thabang Ground,"GP24+QPH, Unnamed Road, थवाङ 22100, नेपाल",28.5019465,82.7068527,3.5,Unnamed Road,", park"
,थवाङ,"थवाङ, नेपाल",28.4901718,82.723924,,नेपाल,", tourist_attraction"
,Gothmare. khumel rolpa,"7MJJ+HP2, लिवाङ्ग 22100, नेपाल",28.2813664,82.6817565,5.0,लिवाङ्ग 22100,", tourist_attraction"
,Thabang rolpa,"FPRF+3H7, थवाङ 22100, नेपाल",28.4901718,82.723924,5.0,थवाङ 22100,", mosque"
,Election Agrovet Thabang Rolpa,"R.M 2, थवाङ 22106, नेपाल",28.4987987,82.7104765,5.0,थवाङ 22106,", aquarium"
,Devi Than,"GM8J+WP, थवाङ 22000, नेपाल",28.5172855,82.6817811,1.0,थवाङ 22000,", hindu_temple"
,Purna Roka Memorial Statue,"FPX5+W8W, थवाङ 22100, नेपाल",28.5000309,82.708226,0.0,थवाङ 22100,", monument"
,"Goalchar, गोलचर","GM2Q+X8X, थवाङ 22100, नेपाल",28.5024783,82.68837,0.0,थवाङ 22100,", trek"
,सुनिल स्मृति गाउँपालिका,"6PWH+JXR, मिझीङ 22100, नेपाल",28.2466281,82.729893,3.8,मिझीङ 22100,", park"
,R. S. Aquarium House,"J9VF+4Q7, F072, महालक्ष्मी 44700, नेपाल",27.6427866,85.3744124,3.3,F072,", aquarium"
,Sunil kumar,"Hulaki Rd, 32800, नेपाल",27.5296709,83.1318334,5.0,32800,", hindu_temple"
,"Kamal Pokhari, Rukum East","JJ6F+XGR, रुकुमकोट 22000, नेपाल",28.6124842,82.623778,4.5,रुकुमकोट 22000,", park"
,Masjid-e-Umar (Shamsi-01),"RP4M+5VR, Bela - Samsi Rd, शम्सी 45700, नेपाल",26.805489,85.7346486,4.4,Bela - Samsi Rd,", mosque"
,"बराह मन्दिर , Barah Temple","QHF5+279, स्यालाखदी 22000, नेपाल",28.7730055,82.5591375,5.0,स्यालाखदी 22000,", hindu_temple"
,"Sisne Word no.7,Rukum East Umesh Budha","JHQ3+7QR, रुकुमकोट 22000, नेपाल",28.638232,82.5544024,0.0,रुकुमकोट 22000,", historic_site"
,Sisne Himal,"Sisne Himal, स्यालाखदी 22000, नेपाल",28.8276006,82.6166868,3.9,स्यालाखदी 22000,", hike"
,Hydro Waterfall,"HP49+23, काँक्री 22000, नेपाल",28.555098,82.717645,5.0,काँक्री 22000,", amusement_park"
,Ananta A.G.F.N bhume 3 sima rukum East,"HMC8+48, महत 22000, नेपाल",28.5704856,82.66583,5.0,महत 22000,", church"
,"Maring hill, Bhume, Rukum East","GPJH+GR2, महत 22000, नेपाल",28.5310925,82.7294577,0.0,महत 22000,", tourist_attraction"
,काक्री गाउँ,"HP5P+8MQ, काँक्री 22000, नेपाल",28.5583468,82.7367372,5.0,काँक्री 22000,", museum"
,"Mahat Gau Rukum East, pokhardanda","HM59+J27, महत 22000, नेपाल",28.5590126,82.6675383,4.2,महत 22000,", monument"
,ANUGRAH A.G.F.N. CHURCH MARIPAKHA RUKUMKOT RUKUM EAST,"JJ9F+4C3, रुकुमकोट 22000, नेपाल",28.617622,82.622573,5.0,रुकुमकोट 22000,", church"
,"पुथा उत्तरगंगा गाउपालिका तकसेरा,पुर्बी रुकुम","HRM9+FWJ, तकसेरा 22000, नेपाल",28.5837053,82.8197768,5.0,तकसेरा 22000,", mosque"
,Ziyaulkingnp,"VVFR+PP3, नरैनापुर 21900, नेपाल",27.8751906,81.891732,5.0,नरैनापुर 21900,", mosque"
,सिद्ध मस्ता (siddha masta),"MVGH+92X, रन्मामैकोट 22000, नेपाल",28.675983,82.8776114,5.0,रन्मामैकोट 22000,", hindu_temple"
,पुथा उत्तरगंगा,"पुथा उत्तरगंगा, नेपाल",28.5843557,82.822319,,नेपाल,", picnic"
,Rup patan,"RR76+2VJ, रन्मामैकोट 22000, नेपाल",28.8125893,82.8121502,4.5,रन्मामैकोट 22000,", hike"
,"Dahabang, Musikot Rukum west","HFV3+7R, भलाक्चा 22000, नेपाल",28.593133,82.454557,5.0,भलाक्चा 22000,", tourist_attraction"
,"Bajagaun,Musikot Rukum West","HFV3+F4, भलाक्चा 22000, नेपाल",28.5936342,82.4528261,4.0,भलाक्चा 22000,", tourist_attraction"
,मुसीकोट,"मुसीकोट 22000, नेपाल",28.5968757,82.5510469,,नेपाल,", mosque"
,Musikot Khalanga Bazar,"JFH4+G4J, Munisipality, Musikot Khalanga, नेपाल",28.6288214,82.4553098,4.1,Munisipality,", mosque"
,"Musikot Khalanga Multiple Campus, West Rukum","JFH3+96X, District Police Office Rd, मुसीकोट 22000, नेपाल",28.6284245,82.4530623,4.5,District Police Office Rd,", art_gallery"
,Musikot Municipality 08 Kwamma Rukum West,"HGHR+54, मुसीकोट 22000, नेपाल",28.5779644,82.5402916,3.0,मुसीकोट 22000,", trek"
,Rukum,"HHW2+M9X, मुसीकोट 22000, नेपाल",28.5967294,82.5509966,3.8,मुसीकोट 22000,", trek"
,Musikot Khalanga,"Musikot Khalanga 22000, नेपाल",28.63,82.49,,नेपाल,", trek"
,Chaurjahari Church,"J5PR+R9G, बिजयश्वरी 22000, नेपाल",28.6370969,82.1909756,4.3,बिजयश्वरी 22000,", church"
,चौरजहारी,"चौरजहारी, नेपाल",28.6394542,82.2015034,,नेपाल,", tourist_attraction"
,"चौरजहारी विमानस्थल, रुकुम पश्चिम","J5GV+MCW, बिजयश्वरी 22000, नेपाल",28.6267467,82.1935638,4.0,बिजयश्वरी 22000,", mosque"
,शिव मन्दिर,"J72X+XR, नुवाकोट 22000, नेपाल",28.6024353,82.2995425,0.0,नुवाकोट 22000,", hindu_temple"
,Timile,"J8CC+CCV, अर्मा 22000, नेपाल",28.6210626,82.3210642,0.0,अर्मा 22000,", trek"
,Chaurjahari Municipality Office,"M635+CXX, कोटजहारी 22000, नेपाल",28.6536247,82.2100206,3.4,कोटजहारी 22000,", picnic"
,Chaurjahari Hospital,"J5PR+P2R, बिजयश्वरी 22000, नेपाल",28.6368739,82.1900031,4.2,बिजयश्वरी 22000,", picnic"
,नेत्र ओलि स्मृति चोक,"Q9Q2+4RX, आठबिसकोट 22000, नेपाल",28.7878739,82.3521028,4.0,आठबिसकोट 22000,", park"
,आठबिसकोट,"आठबिसकोट 22000, नेपाल",28.7959111,82.3777335,,नेपाल,", tourist_attraction"
,Aathbiskot Municipality Rukum,"Q9P2+JPM, आठबिसकोट 22000, नेपाल",28.7865718,82.3518813,3.9,आठबिसकोट 22000,", mosque"
,Aathbiskot Municipality Rukum West,"Q9WG+CR8, आठबिसकोट 22000, नेपाल",28.7960256,82.3770862,3.2,आठबिसकोट 22000,", art_gallery"
,कालिका मन्दिर,"Q9MG+M9V, आठबिसकोट 22000, नेपाल",28.7842259,82.3759238,0.0,आठबिसकोट 22000,", hindu_temple"
,आठविसकोट नगरपालिका रुकुम पश्चिम,"Q9Q2+5RQ Municipality, आठबिसकोट 22000, नेपाल",28.7879695,82.3521217,4.8,आठबिसकोट 22000,", monument"
,बान्फीकोट,"बान्फीकोट 22000, नेपाल",28.7092683,82.4861053,,नेपाल,", park"
,pani khola muhan,"P97G+6F, दुली 22000, नेपाल",28.7130305,82.3762044,0.0,दुली 22000,", amusement_park"
,स्यार्पु ताल,"MFVP+7F, बान्फीकोट 22000, नेपाल",28.6931875,82.4861875,4.2,बान्फीकोट 22000,", museum"
,Nirbanshi Baraha Kul Deuta,"MFWF+585, बान्फीकोट 22000, नेपाल",28.6953883,82.473349,0.0,बान्फीकोट 22000,", hindu_temple"
,बाँफिकोट,"बाँफिकोट, 22000, नेपाल",28.6899533,82.4812402,,22000,", historic_site"
,Syarpu Taal View Tower,"MFRQ+P25, बान्फीकोट 22000, नेपाल",28.6917685,82.4875996,0.0,बान्फीकोट 22000,", trek"
,त्रिवेणी,"त्रिवेणी, नेपाल",28.5659117,82.4174458,,नेपाल,", tourist_attraction"
,Kumal Gau,"JCR4+F4H, छिवाड 22000, नेपाल",28.6411968,82.4053644,0.0,छिवाड 22000,", museum"
,Tirtha memorial park (तिर्थ स्मृति पार्क),"JG6P+JWR, मुसीकोट 22000, नेपाल",28.611616,82.5372764,0.0,मुसीकोट 22000,", monument"
,Takura Triveni 3 Rukum west karnali Nepali,"HC45+VH, खारा 22000, नेपाल",28.557205,82.408973,0.0,खारा 22000,", historic_site"
,डाँगी माेड,"J9WP+9M8, सिम्ली 22000, नेपाल",28.6463723,82.3864501,4.0,सिम्ली 22000,", park"
,Rukum sanibheri3 pedi,"3 pedi, गरयला 22000, नेपाल",28.6608486,82.3526288,1.0,गरयला 22000,", tourist_attraction"
,Sani Bheri,"Sani Bheri, खलङ्गा 22000, नेपाल",28.6921687,82.2783222,4.3,खलङ्गा 22000,", aquarium"
,Santu Art Gallery,"P8FM+C3G, Namuna Galli, काठमाडौँ 44600, नेपाल",27.7235646,85.3327015,0.0,Namuna Galli,", art_gallery"
,शिव मन्दिर,"मध्य पहाडी राजमार्ग, सिम्ली 22000, नेपाल",28.6559619,82.3659178,0.0,सिम्ली 22000,", hindu_temple"
,सानी भेरी,"सानी भेरी, 22000, नेपाल",28.6702807,82.3253124,,22000,", historic_site"
,Sanibheri 6 Furkya Dada फुर्क्या डाडा,"P926+6JP Furkya Dada, दुली 22000, नेपाल",28.7005926,82.3615877,1.0,दुली 22000,", trek"
,Butwal Revival Church (बुटवल जागृति मण्डली),"बुटवल 32902, नेपाल",27.6993971,83.4599887,5.0,नेपाल,", church"
,Masjid,"PF27+R3V, बुटवल 32907, नेपाल",27.7019885,83.4621036,3.5,बुटवल 32907,", mosque"
,Buddha Gumba,"MCVF+MRG, बुटवल 32907, नेपाल",27.6941886,83.4245809,3.4,बुटवल 32907,", museum"
,Latihs Art & Decoration Gallery,"MFH6+228, बुटवल 32907, नेपाल",27.6775543,83.4600681,5.0,बुटवल 32907,", art_gallery"
,"श्री सिद्धबाबा धाम, बुटवल","PF98+PJM, H10, बुटवल 32907, नेपाल",27.7211286,83.4692947,4.5,H10,", hindu_temple"
,Jitgadi Fort - National Heritage,"जित गढी, बुटवल 32907, नेपाल",27.7032951,83.4594055,4.1,बुटवल 32907,", monument"
,तिलोत्तमा पार्क,"JCVX+6WR, तिलोत्तमा 32907, नेपाल",27.643105,83.4497653,4.3,तिलोत्तमा 32907,", park"
,Masiha Calvary church,"HFPW+854, तिलोत्तमा 32900, नेपाल",27.5857716,83.4954409,0.0,तिलोत्तमा 32900,", church"
,Kotihawa Mosque,"HF7C+R9G, तिलोत्तमा 32900, नेपाल",27.564563,83.4709534,5.0,तिलोत्तमा 32900,", mosque"
,Youtube,"MCPJ+JWJ, बुटवल 32907, नेपाल",27.6865838,83.4322634,5.0,बुटवल 32907,", museum"
,Shree Shanti Durga Mandir,"no. tilottama 7, नेपाल",27.6409763,83.4584102,4.5,नेपाल,", hindu_temple"
,सुबेदिको सप्लायर्स,"JG2W+7R3, तिलोत्तमा 32900, नेपाल",27.6006419,83.5470343,4.5,तिलोत्तमा 32900,", monument"
,तिलोत्तमा,"तिलोत्तमा, नेपाल",27.6192898,83.4750241,,नेपाल,", historic_site"
,Tilottama Municipality Ward No. 16 Office,"Madhawaliya, Tilottama 32900https://www.google.com/local/place/rap/edit/category?sa=X&ved=2ahUKEwjGu4Wpoun4AhXFjXAKHb0bAfoQ-M8EegQIABAA, नेपाल",27.5697021,83.4857721,2.0,Tilottama 32900https://www.google.com/local/place/rap/edit/category?sa=X&ved=2ahUKEwjGu4Wpoun4AhXFjXAKHb0bAfoQ-M8EegQIABAA,", historic_site"
,तिलोत्तमा,"तिलोत्तमा, नेपाल",27.6192717,83.4750488,,नेपाल,", historic_site"
,Tilottama Agro Industries,"JF5P+GMJ, Unnamed Road, तिलोत्तमा 32903, नेपाल",27.608826,83.486653,3.3,Unnamed Road,", historic_site"
,Sushpura Tilottama 13,"तिलोत्तमा 32900, नेपाल",27.5951346,83.4258956,5.0,नेपाल,", historic_site"
,Fishing spot,"JCRW+J5, तिलोत्तमा 32907, नेपाल",27.641588,83.44539,0.0,तिलोत्तमा 32907,", hike"
,Darkhaswa Park,"Darkhaswa, Siddharthanagar-3, सिद्धार्थनगर, नेपाल",27.4928789,83.4642191,3.6,Siddharthanagar-3,", park"
,Victory AG Church,"FFR5+WXG, सिद्धार्थनगर 32900, नेपाल",27.4923176,83.4599524,4.8,सिद्धार्थनगर 32900,", church"
,Lumbini gate siddharthanagar bhairahawa rupandehi,"GF92+89W, GF92+48R, Lumbini Road, सिद्धार्थनगर 32900, नेपाल",27.5181282,83.450857,4.8,GF92+48R,", tourist_attraction"
,सिद्धार्थनगर पर्यटकीय गेट Siddharthanagar Tourism Gate,"FFP6+8CR, सिद्धार्थ राजमार्ग, सिद्धार्थनगर 32900, नेपाल",27.4858628,83.4610306,4.3,सिद्धार्थ राजमार्ग,", tourist_attraction"
,Durga mandir,"GC5X+H5G, Shahid Path, सिद्धार्थनगर 32900, नेपाल",27.5088505,83.4479179,4.1,Shahid Path,", hindu_temple"
,Buddha Chowk,"GF93+293, सिद्धार्थनगर 32900, नेपाल",27.5175582,83.453453,4.2,सिद्धार्थनगर 32900,", monument"
,Siddharthanagar,"GC4Q+J33, सिद्धार्थनगर 32900, नेपाल",27.5065119,83.4376749,4.9,सिद्धार्थनगर 32900,", trek"
,World Friends park,"F7MG+79, लुम्बिनी साँस्कृतिक 32900, नेपाल",27.4831954,83.2759126,5.0,लुम्बिनी साँस्कृतिक 32900,", park"
,Ark Church,"F8G6+HH4, लुम्बिनी साँस्कृतिक 32900, नेपाल",27.4763908,83.3114995,5.0,लुम्बिनी साँस्कृतिक 32900,", church"
,Birthplace of Gautama Buddha,"F79G+MP5, लुम्बिनी साँस्कृतिक 32900, नेपाल",27.4693726,83.2757839,4.7,लुम्बिनी साँस्कृतिक 32900,", tourist_attraction"
,Lumbini Sanskritik Ahle Hadis Mosque,"F7R2+G83, लुम्बिनी साँस्कृतिक 32900, नेपाल",27.4912713,83.2507916,5.0,लुम्बिनी साँस्कृतिक 32900,", mosque"
,Buddha art studio,"kanchan-1, बुटवल 32912, नेपाल",27.6521556,83.2986086,0.0,बुटवल 32912,", art_gallery"
,Lumbini sanskrit,"F7RM+6P, लुम्बिनी साँस्कृतिक 32900, नेपाल",27.4905941,83.2843609,4.5,लुम्बिनी साँस्कृतिक 32900,", historic_site"
,"Khungai,Nepal","F724+2XG, लुम्बिनी साँस्कृतिक 32900, नेपाल",27.4503454,83.2569954,3.9,लुम्बिनी साँस्कृतिक 32900,", historic_site"
,लुम्बिनी साँस्कृतिक,"लुम्बिनी साँस्कृतिक 32900, नेपाल",27.5044499,83.2720082,,नेपाल,", historic_site"
,Lumbini Selfie Point,"F7FG+QJQ, लुम्बिनी साँस्कृतिक 32900, नेपाल",27.4734663,83.2755954,4.5,लुम्बिनी साँस्कृतिक 32900,", historic_site"
,लुम्बिनी बिकाश कोष,"लुम्बिनी बिकाश कोष, लुम्बिनी साँस्कृतिक 32900, नेपाल",27.4871771,83.277359,,लुम्बिनी साँस्कृतिक 32900,", historic_site"
,लुम्बिनी सांस्कृतिक,"लुम्बिनी सांस्कृतिक, 32900, नेपाल",27.450345,83.2570122,,32900,", historic_site"
,Lumbini Sanskritik Development Area,"Lumbini Sanskritik Development Area, लुम्बिनी साँस्कृतिक 32900, नेपाल",27.4833085,83.2756753,,लुम्बिनी साँस्कृतिक 32900,", historic_site"
,Lumbini sanskritik,"G73C+QRC, लुम्बिनी साँस्कृतिक 32900, नेपाल",27.5044499,83.2720082,5.0,लुम्बिनी साँस्कृतिक 32900,", historic_site"
,Lumbini Crane Sanctuary,"Lumbini Sacred Garden, लुम्बिनी साँस्कृतिक 32900, नेपाल",27.4996695,83.2787742,4.4,लुम्बिनी साँस्कृतिक 32900,", hike"
,Bethany baptis church,"M853+CQ9, सैनामैना 32900, नेपाल",27.6585482,83.3044975,5.0,सैनामैना 32900,", church"
,Barambaba Tempal Sainamaina Sanoj Chaudhary,"Sainamaina - 5, Rupandehi 5 number state, सैनामैना 32908, नेपाल",27.6934196,83.3148018,0.0,Rupandehi 5 number state,", mosque"
,छोट्का शिर Chhottkaa Sheer,"Chethari Sainamaina-1, सैनामैना, नेपाल",27.6848615,83.3628616,4.5,सैनामैना,", museum"
,Malmala Devi Temple,"P867+39F, पूर्व पश्चिम राजमार्ग, सैनामैना 32900, नेपाल",27.7101885,83.3134139,4.3,पूर्व पश्चिम राजमार्ग,", hindu_temple"
,Shree Sainamaina Memorial School,"सैनामैना 32900, नेपाल",27.6842317,83.373847,4.6,नेपाल,", monument"
,Sainamaina,"M8PR+XH9, सैनामैना 32900, नेपाल",27.6874093,83.3414738,4.8,सैनामैना 32900,", historic_site"
,Sainamaina Hill Park,"M9X4+GF, सैनामैना 32900, नेपाल",27.6988642,83.3561615,3.6,सैनामैना 32900,", trek"
,Devdaha Farmers Park,"JHVR+VV5, देवदह नगरपालिका 32900, नेपाल",27.6446275,83.5922369,4.0,देवदह नगरपालिका 32900,", park"
,Eternal life church (अनन्त जीवन मण्डली),"Devdaha-1, नेपाल",27.5854654,83.5723381,5.0,नेपाल,", church"
,"क्रान्तिपथ-१, शान्तिटोल","Devdaha 11, 32900, नेपाल",27.561877,83.5755941,5.0,32900,", tourist_attraction"
,Rajaye mustafa mosque,"PF35+QXM, बुटवल 32907, नेपाल",27.7044507,83.459942,5.0,बुटवल 32907,", mosque"
,DEVKOTA RESORT,"JHR9+6V5, देवदह नगरपालिका 32900, नेपाल",27.6405101,83.5697312,1.0,देवदह नगरपालिका 32900,", museum"
,Lucknow Mutiny Memorial Park,"MF7W+8CC, महेन्द्र राजमार्ग, बुटवल 32907, नेपाल",27.663307,83.496003,4.7,महेन्द्र राजमार्ग,", monument"
,चरङ्गे चौक प्रतिक्षालय,"Charange, Devdaha-10, 32900, नेपाल",27.6726427,83.4926336,3.2,Devdaha-10,", historic_site"
,Keuli Picnic Spot,"MHG5+XRP, Unnamed Road, देवदह नगरपालिका 32900, नेपाल",27.6774677,83.5595783,4.0,Unnamed Road,", picnic"
,Rupandehi View Area,"PGGM+F7, दोभान 32500, नेपाल",27.7262386,83.5332068,0.0,दोभान 32500,", hike"
,Mayadevi Park,"32900, नेपाल",27.5003273,83.3816873,4.0,नेपाल,", park"
,Seyon Church Chhapiya,"H965+7V7, छपिया रोड, कमहरिया 32900, नेपाल",27.5606588,83.3596663,4.0,छपिया रोड,", church"
,MASJID SHUKRAULI MayaDevi (3) (Islam nagar) Dict. Rupendehi Lumbini Province (5) NEPAL,"G9JJ+V9C, कमहरिया 32900, नेपाल",27.5322053,83.3808456,5.0,कमहरिया 32900,", mosque"
,Rohini River site Park,"JG4X+WRW, देवदह नगरपालिका 32900, नेपाल",27.6073691,83.5495713,4.0,देवदह नगरपालिका 32900,", park"
,Nepal Remnants Church,"JHVW+M2C, Khaireni-Gothadi Road, देवदह नगरपालिका 32900, नेपाल",27.6440153,83.5955759,5.0,Khaireni-Gothadi Road,", church"
,रोहिणी,"रोहिणी, नेपाल",27.5120138,83.5389595,,नेपाल,", church"
,"Rohini River site Dam, Tilottama","HGPW+HG, तिलोत्तमा 32900, नेपाल",27.5864501,83.5462749,4.5,तिलोत्तमा 32900,", tourist_attraction"
,रजा जामा मस्जिद RAJJA JAMA MASJID,"Rohini rural municipality -3 dhakdhai bajar रोहिणी गाउँपालिका-3 धकधई बजार, सिद्धार्थनगर 32902, नेपाल",27.5094857,83.5372973,5.0,सिद्धार्थनगर 32902,", mosque"
,Maharaja Mani Mukund Sen Palace Ruins,"Mayarani Palace, महेन्द्र राजमार्ग, बुटवल 32907, नेपाल",27.7063586,83.4562209,4.8,महेन्द्र राजमार्ग,", museum"
,"समुदाएक बन उपभोकता समिति Community Forest, Rohini Gaupalika, basantapur nepal","GG43+JM8, बसन्तपुर 32900, नेपाल",27.5065326,83.5042126,4.7,बसन्तपुर 32900,", zoo"
,Art & Arts,"JF4V+872, तिलोत्तमा 32903, नेपाल",27.6057727,83.4931212,0.0,तिलोत्तमा 32903,", art_gallery"
,Temple,"Bairihawa Suspension Bridge, Bairihawa, Rohini 2, 32900, नेपाल",27.4876477,83.5048589,0.0,Bairihawa,", hindu_temple"
,"Community Forest, Rohini Gaupalika- 2 समुदाएक बन उपभोकता समिति","GG24+GM2, Bagaha 32900, नेपाल",27.5012739,83.5066349,5.0,Bagaha 32900,", hike"
,Christ the King church,"siddharatha nagar word number 12 Nautanwa, Araji Sarkar Urf Bairiha, Uttar Pradesh 273164, भारत",27.4158818,83.4117662,5.0,Araji Sarkar Urf Bairiha,", church"
,Mahuwari Pokhari,"तिलोत्तमा 32903, नेपाल",27.6166838,83.5008201,4.2,नेपाल,", tourist_attraction"
,Aale hadish masjid banrahwa,"98M8+GCG, 32900, नेपाल",27.3837596,83.3160761,0.0,32900,", mosque"
,BUDDHA PASU PALAN FROM,"C8G9+P4, वेतकुइया 32900, नेपाल",27.4268599,83.3177903,2.0,वेतकुइया 32900,", zoo"
,Marchawari Mai Mandir,"C999+F59, बोगाडी 32900, नेपाल",27.4186507,83.36798,4.2,बोगाडी 32900,", hindu_temple"
,बरदहवा,"C8JQ+6F4, 32900, नेपाल",27.4305197,83.3386995,3.0,32900,", trek"
,Pancha Batika,"FCQH+XWQ, सिद्धार्थनगर 32900, नेपाल",27.4899637,83.4298726,4.4,सिद्धार्थनगर 32900,", picnic"
,Tinkune ( त्रिकोड मार्ग),"C8JQ+5XH, 32900, नेपाल",27.4304326,83.3399998,2.0,32900,", amusement_park"
,कोटहीमाई,"कोटहीमाई, नेपाल",27.4305197,83.3386995,,नेपाल,", tourist_attraction"
,Masjid,"F9M5+2V4, 32900, नेपाल",27.4825223,83.3596468,5.0,32900,", mosque"
,Sahani Arts Bhairahawa,"परासी रोड, सिद्धार्थनगर 32900, नेपाल",27.5056676,83.4593622,3.5,सिद्धार्थनगर 32900,", art_gallery"
,Mahadev Temple(महादेव मन्दिर),"Kotahimai Rural Municipality-2, Bhuwari, 32900, नेपाल",27.4599371,83.3316626,5.0,Bhuwari,", hindu_temple"
,raani park रानी पार्क,"947W+9PM, Unnamed Road, शारदा 22200, नेपाल",28.3634749,82.1467969,4.5,Unnamed Road,", park"
,Sharada 9 Marke Salyan,"93FR+7PW, शारदा 22200, नेपाल",28.3732422,82.0918303,1.0,शारदा 22200,", hindu_temple"
,Sharada Bridge,"86MH+9R8, छायाँक्षेत्र 22200, नेपाल",28.3334144,82.2295707,4.0,छायाँक्षेत्र 22200,", monument"
,Naya Jivan Mandali,"G2H7+X9W, जाजरकोट सडक, रकाम 21700, नेपाल",28.5299851,82.0134445,4.0,जाजरकोट सडक,", church"
,Salli Bazar (सल्लीबजार),"देवस्थल 22200, नेपाल",28.5096489,82.0292291,3.7,नेपाल,", zoo"
,बनगाड कुपिण्डे,"बनगाड कुपिण्डे, नेपाल",28.510776,82.0478354,,नेपाल,", historic_site"
,Bangad Kupindae 10 Salyan,"G26X+848, घाजरी पिपल 22200, नेपाल",28.510776,82.0478354,0.0,घाजरी पिपल 22200,", hike"
,Shalom Church,"CRF2+9M6, भेरीगंगा 21700, नेपाल",28.4234127,81.8016661,5.0,भेरीगंगा 21700,", church"
,Kalimati Gangamala temple,"73P2+6RP, कालीमाटी रामपुर 22200, नेपाल",28.2855654,82.0521293,4.4,कालीमाटी रामपुर 22200,", tourist_attraction"
,त्रिबेणी,"त्रिबेणी 22200, नेपाल",28.3098413,82.2963439,,नेपाल,", tourist_attraction"
,Tribeni Temple,"JCP3+RJR, F099, अनन्तलिङ्गेश्वर, नेपाल",27.6371216,85.4040026,3.7,F099,", hindu_temple"
,Tribeni tal,"PQGF+G3J, चौमाला 10900, नेपाल",28.7263383,80.7726505,0.0,चौमाला 10900,", monument"
,त्रिवेणी चोक Hanuman chok,"M2J9+PPH, शनि अर्जुन 57204, नेपाल",26.6805922,88.0190944,5.0,शनि अर्जुन 57204,", historic_site"
,SALLENI BAN,"RP8V+64J, जल्पा 32500, नेपाल",27.8155959,83.7427567,0.0,जल्पा 32500,", picnic"
,Lamidanda,"Kapurkot 3, Lamidanda, नेपाल",28.2316365,82.3236258,5.0,Lamidanda,", park"
,Aijalon Jyoti Church,"8865+HX4, Simk 22200, नेपाल",28.3113865,82.3099582,0.0,Simk 22200,", church"
,कपूरकोट,"कपूरकोट, धन्वाङ 22200, नेपाल",28.2301682,82.3519704,,धन्वाङ 22200,", tourist_attraction"
,Chhillikot Temple,"593W+FP2, बिजौरी, नेपाल",28.1535969,82.3968224,4.6,बिजौरी,", hindu_temple"
,Sat Tale Waterfall (lower end),"H 11, तुलसीपुर 22412, नेपाल",28.2023623,82.3155724,4.4,तुलसीपुर 22412,", picnic"
,Salvation church,"95WM+HV, शारदा 22200, नेपाल",28.3964769,82.1846699,0.0,शारदा 22200,", church"
,छत्रेश्वरी,"छत्रेश्वरी, नेपाल",28.3241363,82.2313213,,नेपाल,", tourist_attraction"
,panikhola salyan,"chhatreshwori -7, नेपाल",28.3241363,82.2313213,0.0,नेपाल,", historic_site"
,Kumakh Hill,"F6P3+3HW, मर्मपरिकाडा 22200, नेपाल",28.4852421,82.2039677,2.3,मर्मपरिकाडा 22200,", park"
,"Aasish Church,Kumakh RM-5,Salyan","H5G3+HQV Kumakh RM-5, Tmilkada 22200, नेपाल",28.5764805,82.1544209,0.0,Tmilkada 22200,", church"
,Siddha Kumakh Rural Municipality,"C5PM+9PP, सिद्धेश्वरी 22200, नेपाल",28.4359493,82.184233,5.0,सिद्धेश्वरी 22200,", mosque"
,Saraswati Temple,"95GG+3F9, शारदा 22200, नेपाल",28.3751601,82.1762209,5.0,शारदा 22200,", hindu_temple"
,Kumakh Rural Municipality (कुमाख गाउपालिका ),"H694+FFP, मर्मपरिकाडा 22200, नेपाल",28.5687203,82.2062169,5.0,मर्मपरिकाडा 22200,", mosque"
,काल भैरब( मन्दिर),"Kumakh rural municipality 5, timile 2, कालागाउँ 22200, नेपाल",28.5736741,82.2322798,0.0,timile 2,", hindu_temple"
,kumakh gaupalika ragechour salyan,"H693+JM3, मर्मपरिकाडा 22200, नेपाल",28.5690136,82.2041859,4.0,मर्मपरिकाडा 22200,", historic_site"
,"Salyan, सल्यान","9FR6+VQ2, 33200, नेपाल",28.392149,83.4618758,4.5,33200,", tourist_attraction"
,खास्ति चैत्य,"काठमाडौँ 44600, नेपाल",27.7214694,85.362035,4.7,नेपाल,", monument"
,दार्माकोट,"दार्माकोट, नेपाल",28.5780733,82.318057,,नेपाल,", trek"
,Galgatha Church,"CV9R+9V6, सहरे 21700, नेपाल",28.4184557,81.8921718,5.0,सहरे 21700,", church"
,Dalachaur Chautari,"HHXR+7FF, पात्लेखेत 45200, नेपाल",27.5981875,85.5911719,4.0,पात्लेखेत 45200,", tourist_attraction"
,Kaleshor temple,"H8QV+F7V, Neupanegaun-Salyan Rd, चापागा‌‍‍उँ 44700, नेपाल",27.5887276,85.3431735,4.0,Neupanegaun-Salyan Rd,", hindu_temple"
,"राम मन्दिर, बत्तिसपुतली","Rudranagar Marg, काठमाडौँ 44600, नेपाल",27.7068228,85.3407593,4.5,काठमाडौँ 44600,", monument"
,बागचौर,"बागचौर, नेपाल",28.4511244,82.2851075,,नेपाल,", historic_site"
,Chainpur Karuwa Park ( Zero point ),"Basantapur - Chainpur - Khandbari, चैनपुर 56900, नेपाल",27.2893217,87.3106583,4.0,चैनपुर 56900,", park"
,New life mission church,"Chainpur, 4, batase, नेपाल",27.264074,87.2419299,0.0,4,", church"
,सिद्धकाली मन्दिर,"883W+R7R, चैनपुर 56900, नेपाल",27.3045321,87.3456492,4.5,चैनपुर 56900,", mosque"
,Chainpur Bazar Sankhuwasabha,"78R7+6P7, चैनपुर 56900, नेपाल",27.2905491,87.3143028,4.1,चैनपुर 56900,", monument"
,Baneshwor Danda Chainpur,"77HM+5C, चैनपुर 56900, नेपाल",27.2778777,87.2835459,3.9,चैनपुर 56900,", trek"
,Pokhari,"Pokhari, खाँदबारी 56900, नेपाल",27.3770312,87.2075077,,खाँदबारी 56900,", park"
,"Punarutthan mission church, khandbari","96M6+6PM, खाँदबारी 56900, नेपाल",27.3830835,87.2118075,5.0,खाँदबारी 56900,", church"
,Pathakdhara Zero Point Khandbari Zero Point,"96G5+GM5, Unnamed Road, खाँदबारी 56900, नेपाल",27.3762646,87.2092269,4.4,Unnamed Road,", tourist_attraction"
,चुच्चे ढुङ्गा View tower,"Chichila 2, खाँदबारी 56900, नेपाल",27.392669,87.2120599,0.0,खाँदबारी 56900,", museum"
,"Khadbari,pokhari Bazzar","96G4+WRH, Jilla Prshasan Pokhari Bazar Rd, खाँदबारी 56900, नेपाल",27.3773182,87.2070813,3.9,Jilla Prshasan Pokhari Bazar Rd,", art_gallery"
,सिंघेश्वोर शिवालय मन्दिर(मान बहादुर घिमिरेद्वारा स्थापित) Singhewshwor Shivalaya Mandir,"96WR+M28, Khandbari Pangtha Rd, खाँदबारी 56900, नेपाल",27.3966501,87.2400778,5.0,Khandbari Pangtha Rd,", hindu_temple"
,"Chuli Danda, Sankhuwasabha","Khandbari-3, नेपाल",27.4141025,87.1825419,4.0,नेपाल,", historic_site"
,Sankhuwasabha khandbari,"96V6+3R7, खाँदबारी 56900, नेपाल",27.392669,87.2120599,2.7,खाँदबारी 56900,", historic_site"
,Dholbaje,"9684+36C, Dholbaje Rd, खाँदबारी 56900, नेपाल",27.3651835,87.205503,3.4,Dholbaje Rd,", historic_site"
,खाँदवारी,"खाँदवारी, नेपाल",27.3926574,87.21203,,नेपाल,", historic_site"
,खाँदबारी,"खाँदबारी, नेपाल",27.392669,87.2120599,,नेपाल,", historic_site"
,खाँदबारी नगरपालिका कार्यालय,"96H5+H9C, Khandbari Bahrabise Rd, खाँदबारी 56900, नेपाल",27.3789294,87.2084026,4.0,Khandbari Bahrabise Rd,", historic_site"
,Makalu Arun Social Trek (MAST),"खाँदबारी 56900, नेपाल",27.392669,87.21206,5.0,नेपाल,", trek"
,"Victory Church, Nundhaki","7CXV+W2X, चैनपुर 56900, नेपाल",27.3002834,87.4415687,5.0,चैनपुर 56900,", church"
,मादी,"मादी 56900, नेपाल",27.2671029,87.4009165,,नेपाल,", tourist_attraction"
,Sweet Home,"7954+X4F, Mawadin Marga, Madi 56900, नेपाल",27.2602777,87.3549485,5.0,Mawadin Marga,", tourist_attraction"
,"Madi Municipality Office, Sankhuwasabha","7963+4P4, मादी 56900, नेपाल",27.2596147,87.3532691,5.0,मादी 56900,", mosque"
,शिव मन्दिर आहलडाँडा,"6C6X+WW4, Mulkharka Gramin Sadak, मादी 56900, नेपाल",27.212264,87.4497992,5.0,Mulkharka Gramin Sadak,", hindu_temple"
,ᤛᤣᤘᤠᤖᤥ Gufa Pokhari view point,"7GM4+WP7, गुफा पोखरी मार्ग, Sherjong 56900, नेपाल",27.2848207,87.5068005,4.3,गुफा पोखरी मार्ग,", trek"
,पाँचखपन,"पाँचखपन, 56900, नेपाल",27.3639795,87.3136851,,56900,", tourist_attraction"
,Nagi dada,"985G+3V8, 56900, नेपाल",27.3576542,87.3271888,4.5,56900,", museum"
,मनकामना मन्दिर,"85QQ+RHR, Manakamana Rd, खाँदबारी 56900, नेपाल",27.3396026,87.1888988,4.4,Manakamana Rd,", hindu_temple"
,Sankhuwasabha(ishan rai,"96V6+3R7, खाँदबारी 56900, नेपाल",27.3926672,87.2120573,0.0,खाँदबारी 56900,", hike"
,Kholakharka,"R77W+PGG, 56900, नेपाल",27.8143167,87.2963326,4.0,56900,", park"
,Tatopani Hatiya,"P8RP+FFQ, 56900, नेपाल",27.7412199,87.3362406,4.0,56900,", amusement_park"
,"Punarutthan Mission Church, Obak","J9C7+63X, 56900, नेपाल",27.6206224,87.3627248,5.0,56900,", church"
,Bhoti khola,"C8G5+CC6, सभापोखरी 56900, नेपाल",27.4260438,87.3085032,5.0,सभापोखरी 56900,", tourist_attraction"
,Shiva Dhara Barun Valley,"56900, नेपाल",27.7858284,87.1450588,4.9,नेपाल,", mosque"
,Barun Place of Worship,"M9W7+66Q, Sibrung 56900, नेपाल",27.6955909,87.3631196,4.0,Sibrung 56900,", hindu_temple"
,Bhushyong khola thulo kheth,"2479+QGH, काउले 44900, नेपाल",28.0151129,85.1189489,4.0,काउले 44900,", monument"
,भोटखोला,"भोटखोला, नेपाल",27.7701848,87.3619934,,नेपाल,", historic_site"
,Simbokpa Peak,"J882+WJX, Thangmuchhi 56900, नेपाल",27.617367,87.3016132,5.0,Thangmuchhi 56900,", trek"
,"Rai dada (Historical Place of Kirat) Park, Khandbari-5, Malta, Sankhuwasabha, Nepal","Khadbari 5, Malta 56900, नेपाल",27.4230108,87.2033553,4.8,Malta 56900,", park"
,Believer Eastern church,"F67J+52G, Chichila Bazar 56900, नेपाल",27.4629482,87.2301584,0.0,Chichila Bazar 56900,", church"
,chichila chuchhe dhunga,"F6GX+77V, मत्स्यपोखरी 56900, नेपाल",27.4757381,87.2481621,0.0,मत्स्यपोखरी 56900,", tourist_attraction"
,चिचिला,"चिचिला, 56900, नेपाल",27.4757381,87.2481621,,56900,", tourist_attraction"
,Jilaniya Jame masjid,"VH44+42Q, मलंगवा 45800, नेपाल",26.855418,85.5551391,4.5,मलंगवा 45800,", mosque"
,शिवलय मन्दिर ᤛᤣᤘᤠᤖᤥ,"F69M+279, मत्स्यपोखरी 56900, नेपाल",27.4675196,87.2332761,3.0,मत्स्यपोखरी 56900,", hindu_temple"
,Chichila Bazar,"Chichila Bazar 56900, नेपाल",27.4641648,87.2288641,,नेपाल,", monument"
,श्री राधाकृष्ण मन्दिर,"96H5+242, खाँदबारी 56900, नेपाल",27.37752,87.2077743,5.0,खाँदबारी 56900,", monument"
,Mohan Bindu Memorial Foundation,"H7G6+7CX, Seduwa 56900, नेपाल",27.5757331,87.2611243,5.0,Seduwa 56900,", monument"
,जीपी मेमोरियल अस्पताल,"96H4+8QJ, Khorande Rd, खाँदबारी 56900, नेपाल",27.3783415,87.2068916,4.3,Khorande Rd,", monument"
,kuisang-sherpa-memorial-trust,"Mahadev Gufa Marga, 56900, नेपाल",27.3685324,87.3569609,0.0,56900,", monument"
,Chichila ward1,"F6GX+77V, मत्स्यपोखरी 56900, नेपाल",27.4757381,87.2481621,0.0,मत्स्यपोखरी 56900,", trek"
,शंखमुल पार्क,"काठमाडौँ 44600, नेपाल",27.6788847,85.3312506,4.1,नेपाल,", park"
,Sankhu Church,"G8CX+2HH, संखु 44700, नेपाल",27.520065,85.3490002,0.0,संखु 44700,", church"
,मकालु बरुण राष्ट्रिय निकुञ्ज,"56900, नेपाल",27.6603072,87.1023677,4.3,नेपाल,", tourist_attraction"
,Nakali Suwal House,"Duwakot taloo, चाँगुनारायण 44800, नेपाल",27.6738731,85.4272014,0.0,चाँगुनारायण 44800,", art_gallery"
,महादेव मन्दिर,"PFJ7+RW8, शङ्खरापुर 44600, नेपाल",27.7320277,85.4648275,4.3,शङ्खरापुर 44600,", hindu_temple"
,"Makalu Barun National Park, HO","H8C5+6GP, पाथिभरा 56900, नेपाल",27.5705964,87.3088339,4.7,पाथिभरा 56900,", historic_site"
,Makalu base camp trek,"पकनाजोल मार्ग, काठमाडौँ 44600, नेपाल",27.7127354,85.3086247,3.0,काठमाडौँ 44600,", trek"
,सभा पोखरी,"सभा पोखरी, सभापोखरी 56900, नेपाल",27.5040614,87.456372,4.5,सभापोखरी 56900,", park"
,Aane kuwa आने कुवा,"C76H+734, Khandbari Bahrabise Rd, धुपु 56900, नेपाल",27.4106381,87.2777064,5.0,Khandbari Bahrabise Rd,", amusement_park"
,New life mission church,"C8G4+2G4, सभापोखरी 56900, नेपाल",27.4249813,87.306357,4.5,सभापोखरी 56900,", church"
,Sabha Pokhari,"GF34+MR, सभापोखरी 56900, नेपाल",27.5045616,87.4566798,5.0,सभापोखरी 56900,", tourist_attraction"
,सभापोखरी,"सभापोखरी, नेपाल",27.4434417,87.4108352,,नेपाल,", mosque"
,Sabha Pokhari Temple,"493V+P9, फुलेक 56800, नेपाल",27.1043785,87.3933704,2.0,फुलेक 56800,", hindu_temple"
,Believers Eastern Church Imchong,"F5GR+GH9, याफु 56900, नेपाल",27.4763085,87.1914614,5.0,याफु 56900,", church"
,सिलीचोङ,"सिलीचोङ, नेपाल",27.475794,87.1190664,,नेपाल,", tourist_attraction"
,Kuwa Khola Temple,"F57C+WJ4, सितलपाटी 56900, नेपाल",27.4647669,87.1715861,5.0,सितलपाटी 56900,", hindu_temple"
,Silichong Rural Municipality,"H2QR+FXH, ताम्कु 56900, नेपाल",27.5886912,87.0424819,4.3,ताम्कु 56900,", historic_site"
,Silichong peak,"FW6R+8H, दोभाने 56900, नेपाल",27.460833,86.941389,4.9,दोभाने 56900,", trek"
,Prasamsa Church,"F40, 57500, नेपाल",27.1334443,87.4076086,4.0,57500,", church"
,धर्मदेवी,"धर्मदेवी, नेपाल",27.19659,87.3506142,,नेपाल,", tourist_attraction"
,Urban green park(sahari harit park),"GPHX+H9Q, F04, राजविराज 56400, नेपाल",26.5289527,86.7484911,3.9,F04,", park"
,Rajbiraj Church,"Church Road, राजविराज 56400, नेपाल",26.5466736,86.7393669,4.1,राजविराज 56400,", church"
,राजविराज,"राजविराज 56400, नेपाल",26.5419464,86.7567219,,नेपाल,", tourist_attraction"
,"Jama Masjid, Chanaura","GQW8+WH9, राजविराज 56400, नेपाल",26.5472874,86.7664318,4.9,राजविराज 56400,", mosque"
,Neta Chowk,"सिरहा रोड 6, राजविराज 56400, नेपाल",26.5375847,86.7483895,4.0,राजविराज 56400,", museum"
,Fish Shop,"GPPX+8MQ, F04, राजविराज 56400, नेपाल",26.5358438,86.7492228,5.0,F04,", aquarium"
,चण्डी भगवती मन्दिर,"GPRW+9RH, नगरपालिका रोड, राजविराज 56400, नेपाल",26.5409586,86.7470991,4.5,नगरपालिका रोड,", hindu_temple"
,हनुमान मन्दिर,"GPVX+8JV, राजबिराज रोड, राजविराज 56400, नेपाल",26.5433632,86.7490547,4.2,राजबिराज रोड,", monument"
,Purni pokhari,"राजविराज 56400, नेपाल",26.5361339,86.7407764,4.0,नेपाल,", trek"
,Pulchowk,"GPVR+RQ7, राजविराज 56400, नेपाल",26.5445339,86.7419225,4.0,राजविराज 56400,", picnic"
,Children Park kanchanrup 5,"JWRQ+5FV, कञ्चनरुप 56400, नेपाल",26.6404988,86.9386866,0.0,कञ्चनरुप 56400,", park"
,"Kalyanpur Church,Saptari ( कल्याणपुर चर्च, सप्तरी )","JJVF+V4F, कल्याणपुर 56400, नेपाल",26.644718,86.6228075,4.0,कल्याणपुर 56400,", church"
,Kanchanpur Saptary Arch,"JWJ6+RF4, कञ्चनरुप 56400, नेपाल",26.6320157,86.9112113,3.5,कञ्चनरुप 56400,", tourist_attraction"
,Bhagbati Mandir kanchanrup,"JWW4+F2Q, कञ्चनरुप 56400, नेपाल",26.6462157,86.9050987,5.0,कञ्चनरुप 56400,", museum"
,"Rajaji Maharaj Temple,Kanchanrup,Saptari","MV5X+CM, कञ्चनरुप 56400, नेपाल",26.6585508,86.8992152,5.0,कञ्चनरुप 56400,", hindu_temple"
,कञ्चनरुप,"कञ्चनरुप, नेपाल",26.6448831,86.8822445,,नेपाल,", historic_site"
,Malakar Garden,"कञ्चनरुप 56400, नेपाल",26.6077451,86.8990613,5.0,नेपाल,", picnic"
,Koshi Joginiya Tappu,"JW77+7WG, कञ्चनरुप 56400, नेपाल",26.6131941,86.9148272,3.0,कञ्चनरुप 56400,", hike"
,Swarnpatti,"GH28+PCP, देउरी, नेपाल",26.5014468,86.5662887,5.0,देउरी,", park"
,डाक्नेश्वरी मन्दिर,"पातो 56400, नेपाल",26.5116744,86.6231174,4.2,नेपाल,", church"
,डाक्नेश्वरी,"डाक्नेश्वरी, 56400, नेपाल",26.5455396,86.6160316,,56400,", tourist_attraction"
,Janjar Masjid,"HHFW+JHH, बोदेवर्साईँ 56400, नेपाल",26.5740528,86.5963993,3.3,बोदेवर्साईँ 56400,", mosque"
,डाक्नेश्वरी नगरपालिका,"Nagarpalika Road, पातो 56400, नेपाल",26.5174731,86.6245674,4.6,पातो 56400,", picnic"
,Vidhyapati Chowk,"Khadak-11, बनौली 56400, नेपाल",26.5762299,86.6212755,4.0,बनौली 56400,", park"
,"Bode-Barsain, Saptari Amraiyan","HHGQ+23J, बोदेवर्साईँ 56400, नेपाल",26.575055,86.5876412,4.1,बोदेवर्साईँ 56400,", church"
,Silhat-4 saptari,"Bode Barsain municipality-4, silhat, नेपाल",26.5703049,86.5829699,5.0,silhat,", tourist_attraction"
,बोदेवर्साईँ,"बोदेवर्साईँ 56400, नेपाल",26.5703049,86.5829699,,नेपाल,", historic_site"
,Satrudhan Chowk Bodebarsain Nagarpalika,"HHGP+5XW, बोदेवर्साईँ 57400, नेपाल",26.5754756,86.5874644,3.9,बोदेवर्साईँ 57400,", historic_site"
,बोदेबरसाईन,"बोदेबरसाईन, 56400, नेपाल",26.575469,86.5874859,,56400,", historic_site"
,Bodebarsain Municipality,"Barsain, बोदेवर्साईँ 56400, नेपाल",26.5738659,86.5808924,3.8,बोदेवर्साईँ 56400,", historic_site"
,H.N.k.-N.PA-8 Joginiya1 park,"GVHC+6HQ, हनुमाननगर जोगिनीमाई 56400, नेपाल",26.5280831,86.8714815,5.0,हनुमाननगर जोगिनीमाई 56400,", park"
,Jogini mai pokhari,"56400, हनुमाननगर जोगिनीमाई 56400, नेपाल",26.527377,86.871735,5.0,हनुमाननगर जोगिनीमाई 56400,", amusement_park"
,बेथानी इसाई संगती राजविराज,"GPQQ+JH6, राजविराज 56400, नेपाल",26.5390389,86.7388842,5.0,राजविराज 56400,", church"
,हनुमाननगर,"हनुमाननगर, हनुमाननगर जोगिनीमाई 56400, नेपाल",26.5059385,86.8596744,,हनुमाननगर जोगिनीमाई 56400,", tourist_attraction"
,"Baba Dharmaraj niwas,Hanumannagar Kankalini municipality, Saptari","HV2J+7X, भारदह 56418, नेपाल",26.5506875,86.8824375,0.0,भारदह 56418,", tourist_attraction"
,"Kamaldaha(कमल दह )(Saptakoshi-11,Bhagani,Saptari)","MWQP+FHJ, Kamaldaha 854331, नेपाल",26.6887094,86.9364,4.1,Kamaldaha 854331,", tourist_attraction"
,Jame Mosque,"GV45+R6F, हनुमाननगर रोड, हनुमाननगर जोगिनीमाई 56400, नेपाल",26.5069865,86.8580552,4.1,हनुमाननगर रोड,", mosque"
,कंकालिनी मन्दिर,"HV2R+577, Gafoor Rd, भारदह 56400, नेपाल",26.5509707,86.8927504,4.5,Gafoor Rd,", hindu_temple"
,हनुमाननगर कंकालिनी नगरपालिका कार्यालय,"GV35+66G, 56401,, हनुमाननगर जोगिनीमाई 56401, नेपाल",26.5031909,86.8594113,3.3,56401,", historic_site"
,हनुमाननगर जोगिनीमाई,"हनुमाननगर जोगिनीमाई 56400, नेपाल",26.5157295,86.8660897,,नेपाल,", historic_site"
,KHADKA FAMILY,"2RRX+WHG, बर्दिबास 45700, नेपाल",27.042848,85.8504007,0.0,बर्दिबास 45700,", tourist_attraction"
,Mosque,"JH5V+8QV, नेगडा 56400, नेपाल",26.6083512,86.5944227,0.0,नेगडा 56400,", mosque"
,4 Brothers Khet,"MH6M+33, पनसेरा 56400, नेपाल",26.6602333,86.5826297,0.0,पनसेरा 56400,", museum"
,राजाजी बाबा मन्दिर,"Khadak-11, बनौली 56400, नेपाल",26.5753933,86.6098364,0.0,बनौली 56400,", hindu_temple"
,"Dinesh Memorial School Khadak Municipality-5,Kharchuhiya,Saptari","JHXR+96X, खोजपुर 56400, नेपाल",26.6484823,86.5906298,4.3,खोजपुर 56400,", monument"
,Khadak bridge,"JJV8+7V9 E W, महेन्द्र राजमार्ग, कल्याणपुर 56400, नेपाल",26.6431569,86.6172281,3.8,महेन्द्र राजमार्ग,", historic_site"
,Bisanpur Chowk,"JJW6+422, खोजपुर 56400, नेपाल",26.6452608,86.6100231,4.0,खोजपुर 56400,", trek"
,KHADAK JHULUNGA PUL,"MJ2G+72, कल्याणपुर 56400, नेपाल",26.6507409,86.62508,5.0,कल्याणपुर 56400,", picnic"
,Birdhana gairchachra,"MHXG+8X, कुशाहा 56400, नेपाल",26.6983519,86.5773893,5.0,कुशाहा 56400,", hike"
,Rupani park,"रायपुर 56400, नेपाल",26.6277682,86.7194978,3.8,नेपाल,", park"
,Shambhunath Sirakjari saptari nepal,"JM2J+5WP, शम्भुनाथ 56400, नेपाल",26.6004669,86.6823837,2.0,शम्भुनाथ 56400,", tourist_attraction"
,शम्भुनाथ मन्दिर,"JMHP+G8W, शम्भुनाथ 56400, नेपाल",26.6288845,86.6857076,4.3,शम्भुनाथ 56400,", tourist_attraction"
,Bairyahi Jama Masjid,"JJVV+879, Unnamed Road, शम्भुनाथ 56400, नेपाल",26.6432865,86.6432354,5.0,Unnamed Road,", mosque"
,मगर संघग्रालय त्रि.न.पा.४ फार्सेट,"QMG8+4M, त्रियुगा 56300, नेपाल",26.7752836,86.6667749,0.0,त्रियुगा 56300,", museum"
,"शिव मन्दिर, तरहि चौक","HMQ6+HH9, शम्भुनाथ 56400, नेपाल",26.58891,86.6614757,5.0,शम्भुनाथ 56400,", hindu_temple"
,Sambhunath Baba Mandir Gate,"JMJP+XQQ, शम्भुनाथ 56400, नेपाल",26.6324651,86.6869787,4.7,शम्भुनाथ 56400,", monument"
,bagaha picnic Spot बगाहा पिकनिक स्पाेट,"QMG7+62, त्रियुगा 56300, नेपाल",26.7755414,86.6625702,4.0,त्रियुगा 56300,", picnic"
,Shambhunatha 1,"MM2R+WGW, शम्भुनाथ 56400, नेपाल",26.652365,86.6913222,0.0,शम्भुनाथ 56400,", hike"
,Saharwa,"JH33+77, धनगडी 56400, नेपाल",26.6032206,86.553173,4.0,धनगडी 56400,", park"
,Nawajeevan A.G.Church,"PFHF+3VM, Unnamed Road, लहान 56500, नेपाल",26.7277076,86.4747146,5.0,Unnamed Road,", church"
,"Surunga Municipality-2, Saptari","सगरमाथा राजमार्ग, हर्दिया 56400, नेपाल",26.7422597,86.5354506,0.0,हर्दिया 56400,", tourist_attraction"
,Surunga Municipality Hardiya Saptari,"सगरमाथा राजमार्ग, हर्दिया 56400, नेपाल",26.7386897,86.5354865,0.0,हर्दिया 56400,", tourist_attraction"
,Jame masjid simraha,"MF3R+CW6, सखुवानन्करकट्टी 56500, नेपाल",26.6535449,86.492268,5.0,सखुवानन्करकट्टी 56500,", mosque"
,मा राजदेवि मन्दिर,"MF2P+98X, सखुवानन्करकट्टी 56500, नेपाल",26.6509974,86.4858576,5.0,सखुवानन्करकट्टी 56500,", hindu_temple"
,B.P. Smarak Kadmaha Chowk,"MGWG+35G, मधुपाटी 56400, नेपाल",26.6951877,86.5254476,3.9,मधुपाटी 56400,", picnic"
,Nuri jama masjid,"GPQX+9VF, राजविराज 56400, नेपाल",26.5384257,86.7496813,4.0,राजविराज 56400,", mosque"
,Jay Maa Bhagwati Devi Asthan,"GPFP+J6R, बोरीया 56400, नेपाल",26.5241147,86.7355209,4.0,बोरीया 56400,", monument"
,बिष्णुपुर,"बिष्णुपुर, 56400, नेपाल",26.5031628,86.7260334,,56400,", historic_site"
,Basantapur Picnick Place,"F3WX+C2, बसन्तपुर, नेपाल",26.4960129,87.0975213,5.0,बसन्तपुर,", picnic"
,New Small Jama Masjid,"JPJ7+MFH, Road, शम्भुनाथ 56400, नेपाल",26.6316878,86.7137732,4.0,Road,", mosque"
,Saptarishi Temple (शप्तऋषि मन्दिर),"J84R+WM6, Unnamed Road, झरुवाराशी 44700, नेपाल",27.6072927,85.3416768,4.5,Unnamed Road,", hindu_temple"
,Rupani Bazar,"Rupani Bazar, रायपुर 56400, नेपाल",26.6286385,86.7158573,,रायपुर 56400,", monument"
,रुपनी चोक,"रुपनी चोक, 56400, नेपाल",26.6262707,86.7089384,,56400,", monument"
,Sani Mandir,"Shani mandir, 7, राजविराज 56400, नेपाल",26.5400388,86.7478465,3.5,7,", monument"
,Saptari Nepal Rupani 5 Basbitti M........ya,"HPJP+8RC, Basbitti 5, नेपाल",26.5807935,86.7370049,3.0,Basbitti 5,", historic_site"
,Old kadam ka per,"Phulparas, Bihar 847227, भारत",26.4474979,86.4752736,0.0,Bihar 847227,", trek"
,"Yadav's mango's garden","HP3X+VHM, राजविराज 56400, नेपाल",26.5547137,86.7489183,5.0,राजविराज 56400,", park"
,Sadhuholi Simsar Tourism Area,"MPMF+Q6W, Unnamed Road, लखनपुर, नेपाल",26.6844968,87.7230629,4.4,Unnamed Road,", tourist_attraction"
,Rajgadh Saptari,"MWX4+9WF, सप्तकोशी 56400, नेपाल",26.6984307,86.9073101,0.0,सप्तकोशी 56400,", tourist_attraction"
,भगवती मन्दिर 🇳🇵Bhagwati Temple,"GM59+HG6 Rajgadh, (Andhari, नर्घो 3, नेपाल",26.5089241,86.6687373,5.0,(Andhari,", hindu_temple"
,Rajgad Fort,"Balekilla Rd, Pune, Maharashtra 412213, भारत",18.2466334,73.6822128,4.8,Pune,", hike"
,Duhabi (दुहवी) Saptari,"DUHABI 56400, नेपाल",26.6237841,86.5531257,3.6,नेपाल,", park"
,Mahara-Paswan Tole Pokhari,"MV68+PJ, एकरहिया 45700, नेपाल",26.6618363,85.8665429,4.0,एकरहिया 45700,", tourist_attraction"
,Dhara Pani Picnic Spot,"MV5C+JC4, कञ्चनरुप 56400, नेपाल",26.6596196,86.8704706,5.0,कञ्चनरुप 56400,", picnic"
,Kushyait family,"HVHG+FF7, त्रिकौल 56400, नेपाल",26.5786537,86.8761683,2.0,त्रिकौल 56400,", park"
,Pani tanki,"HWV5+CVC, वैरवा 56400, नेपाल",26.5935697,86.909649,0.0,वैरवा 56400,", amusement_park"
,तिरहुत,"तिरहुत, 56400, नेपाल",26.5898592,86.8463531,,56400,", tourist_attraction"
,Radha krishna temple,"HVHH+V6P, त्रिकौल 56400, नेपाल",26.5797057,86.8781285,5.0,त्रिकौल 56400,", hindu_temple"
,Pani tanki,"JR5J+QM, लोहजरा 56400, नेपाल",26.609467,86.8316627,0.0,लोहजरा 56400,", trek"
,Dalwa Park,"FRC8+XX4, रामपुरामल्हनिया 56400, नेपाल",26.4723867,86.817445,3.0,रामपुरामल्हनिया 56400,", park"
,तिलाठी कोईलाडी,"तिलाठी कोईलाडी, 56400, नेपाल",26.5141849,86.8170592,,56400,", tourist_attraction"
,Jamma masjid belhi,"FQ5M+PR6, तिलाठी 56400, नेपाल",26.4592862,86.7845222,0.0,तिलाठी 56400,", mosque"
,Aquarium & pets home,"GQR4+QMH, Thangachi, राजविराज 56400, नेपाल",26.5419464,86.7567219,0.0,Thangachi,", aquarium"
,Maa Saroswti Mandir Pathsala Tilathi,"FQC9+M29, तिलाठी 56400, नेपाल",26.4716494,86.7675778,4.8,तिलाठी 56400,", hindu_temple"
,Chitransh Tole Tilathi,"FQ88+CMG, तिलाठी 56400, नेपाल",26.4660552,86.7667,0.0,तिलाठी 56400,", historic_site"
,तिलाठी,"तिलाठी 56400, नेपाल",26.4627883,86.7743145,,नेपाल,", picnic"
,कोइलाडी,"कोइलाडी 56400, नेपाल",26.4841473,86.8069698,,नेपाल,", picnic"
,Saptakoshi picnic spot,"P3C4+QMQ, प्रकाशपुर 56300, नेपाल",26.7219725,87.0567276,0.0,प्रकाशपुर 56300,", picnic"
,"chandani chowk,sitapur, saptary","JQG5+6GF, सितापुर 56400, नेपाल",26.6255604,86.7588102,3.7,सितापुर 56400,", picnic"
,Malangwa Bus Park,"VH47+H4J, मलंगवा 45800, नेपाल",26.8490518,85.552654,3.3,मलंगवा 45800,", park"
,Friends Church Malangwa,"Malangwa 4, नेपाल",26.8626548,85.5560635,0.0,नेपाल,", church"
,मलंगवा,"मलंगवा, नेपाल",26.8626548,85.5560635,,नेपाल,", tourist_attraction"
,Musaili Masjidf,"VG4Q+M5R, मलंगवा 45800, नेपाल",26.8567321,85.5378823,5.0,मलंगवा 45800,", mosque"
,Raj Narayan sah,"VM36+PHG, सग्रामपुर 45800, नेपाल",26.8543243,85.6614569,5.0,सग्रामपुर 45800,", museum"
,Rajdevi Mandir,"VM8M+W6V, Jaleshwar Rd, खैरबन्नी 45700, नेपाल",26.8673578,85.6830443,0.0,Jaleshwar Rd,", museum"
,Shrestha.raju.,"RHX5+JCX, मलंगवा 45800, नेपाल",26.8493786,85.5593259,0.0,मलंगवा 45800,", zoo"
,Rajdevi Mandir Malangwa,"VH7G+G9F, मलंगवा 45800, नेपाल",26.8638043,85.5759135,4.9,मलंगवा 45800,", hindu_temple"
,Malangwa sarlahi,"tabar choka, मलंगवा 45800, नेपाल",26.8626548,85.5560635,3.4,मलंगवा 45800,", monument"
,"Peace Park, Lalbandi","2JWR+98C, Unnamed Road, लालबन्दी 45801, नेपाल",27.0459327,85.6407579,4.1,Unnamed Road,", park"
,Siswa Church,"2JG6+74J, लालबन्दी 45801, नेपाल",27.0257094,85.6102691,4.3,लालबन्दी 45801,", church"
,"Lalbandi,rooom","3J3J+CR6, लालबन्दी 45801, नेपाल",27.0535408,85.6320248,2.5,लालबन्दी 45801,", tourist_attraction"
,सखदा,"2H9C+9M6, मलंगवा रोड, हरिपुर 45800, नेपाल",27.0173123,85.5725209,5.0,मलंगवा रोड,", mosque"
,Gairikhola Bridge,"4CCV+GFG, Road, चन्द्रपुर 44500, नेपाल",27.1213042,85.4437061,0.0,Road,", museum"
,Frns Aquarium Lalbandi,"3J3J+M83, लालबन्दी 45801, नेपाल",27.0541398,85.6308099,5.0,लालबन्दी 45801,", aquarium"
,Ocean fish Aqua shop,"3J3J+M5X, लालबन्दी 45801, नेपाल",27.0542744,85.6304797,0.0,लालबन्दी 45801,", aquarium"
,"Durga mandir (Temple), Lalbandi ,Sarlahi","3J3J+69M Durga mandir, लालबन्दी 45801, नेपाल",27.0530257,85.6307145,4.8,लालबन्दी 45801,", hindu_temple"
,Lalbandi sarlahi,"2JMX+9QP, रानीगञ्ज 45801, नेपाल",27.0335014,85.6494647,1.0,रानीगञ्ज 45801,", monument"
,लालबन्दी,"लालबन्दी, नेपाल",27.0535408,85.6320248,,नेपाल,", historic_site"
,Kailashpuri Forest Garden,"Unnamed Road, हरिवन 45804, नेपाल",27.1179901,85.5576074,4.5,हरिवन 45804,", park"
,"Eterna Life Church, Hariwan Sarlahi","3HW8+V52, हरिवन 45804, नेपाल",27.0970629,85.5654288,4.0,हरिवन 45804,", church"
,हरिवन,"हरिवन, नेपाल",27.092248,85.5715015,,नेपाल,", tourist_attraction"
,Sarlahi,"3F3G+3W5, शंकरपुर 45800, नेपाल",27.0525824,85.4773448,5.0,शंकरपुर 45800,", tourist_attraction"
,"Noori jame Masjid, Hariyon-11","3GMW+V5H, Ghurkauli Rd, हरिवन 45804, नेपाल",27.0846521,85.5454602,3.7,Ghurkauli Rd,", mosque"
,Milan Children Club,"3GMC+P5R, ढुंग्रेखोला 45804, नेपाल",27.0843324,85.520381,4.8,ढुंग्रेखोला 45804,", museum"
,HOLY ART,"3H8R+J2P Near Nawalpur Chawk, महेन्द्र राजमार्ग, नेत्रगञ्ज 45801, नेपाल",27.0665893,85.5900734,0.0,महेन्द्र राजमार्ग,", art_gallery"
,राम मन्दिर,"3GPJ+F6R, हरिवन 45804, नेपाल",27.0862468,85.5304877,5.0,हरिवन 45804,", hindu_temple"
,"कैलाशपुरी महादेव मन्दिर, हरिवन -१, सर्लाही","4HJ5+3PQ, हरिवन 45804, नेपाल",27.1302127,85.5593472,4.6,हरिवन 45804,", monument"
,Sasapur,"3HPW+VVH, हरिवन 45804, नेपाल",27.0871816,85.5972218,5.0,हरिवन 45804,", trek"
,Shreenagar pound 🌅,"XPMC+WVP, गौरीशंकर 45800, नेपाल",26.9848401,85.7221901,5.0,गौरीशंकर 45800,", amusement_park"
,"Mitra Mandali, Bayalwash","2J4R+J9P, ईश्वरपुर 45801, नेपाल",27.0066749,85.6409552,5.0,ईश्वरपुर 45801,", church"
,Nayatol Sarlahi,"Naya Tole, ईश्वरपुर 45800, नेपाल",26.9535757,85.6558564,3.7,ईश्वरपुर 45800,", tourist_attraction"
,Shiv Mandir,"2J3W+Q5X, Ishworpur- Bhaktipur Rd, ईश्वरपुर 45801, नेपाल",27.0044534,85.6454573,4.6,Ishworpur- Bhaktipur Rd,", hindu_temple"
,Ishworpur Municipality Office,"Ward 7, Ishworpur 45801, ईश्वरपुर, नेपाल",26.9997263,85.6397178,3.0,Ishworpur 45801,", monument"
,Shreepur sarlahi,"WGR3+CMV, श्रीपुर 45800, नेपाल",26.9413143,85.5039106,4.0,श्रीपुर 45800,", historic_site"
,पुरैनिया चौक,"XF67+HJ, बरहथवा 45800, नेपाल",26.9613973,85.4641012,4.8,बरहथवा 45800,", park"
,"Nepal Evangelical Friends Church, Barahathawa","2F4C+62H, बरहथवा 45800, नेपाल",27.0054702,85.4700776,5.0,बरहथवा 45800,", church"
,Barahathwa GhantaGhar,"बरहथवा 45800, नेपाल",27.0007288,85.4647182,5.0,नेपाल,", tourist_attraction"
,Masjid,"XFX9+Q8P, बरहथवा 45800, नेपाल",26.9993958,85.468318,4.0,बरहथवा 45800,", mosque"
,Barahathawa bazar,"XFX8+R99, बरहथवा 45800, नेपाल",26.9995696,85.466003,5.0,बरहथवा 45800,", museum"
,Barahathawa shiv temple,"XFX8+HG9, बरहथवा 45800, नेपाल",26.9989107,85.4663531,5.0,बरहथवा 45800,", hindu_temple"
,बरहथवा,"बरहथवा 45800, नेपाल",27.0124742,85.4633418,,नेपाल,", historic_site"
,"RamBabu Cycle Store Barahathawa, Sarlahi","XFX7+8J7, बरहथवा 45800, नेपाल",26.9982951,85.4640523,5.0,बरहथवा 45800,", trek"
,परोरियाटोल नहर चौक,"XF6M+6PW, श्रीपुर 45800, नेपाल",26.9612828,85.4834973,1.0,श्रीपुर 45800,", picnic"
,Basathi balara,"Q9H5+H92, बलारा 45800, नेपाल",26.7796133,85.3574627,5.0,बलारा 45800,", park"
,Arnaha masjid,"Q9JJ+2RC, अर्नाहा 45800, नेपाल",26.7800508,85.3820446,5.0,अर्नाहा 45800,", mosque"
,बलरा नगरपालिका,"Q9CF+QR9, बलारा 45800, नेपाल",26.7719162,85.3746046,4.6,बलारा 45800,", museum"
,शिव तथा सरस्वती मन्दिर,"M97M+5WV, अनन्तलिङ्गेश्वर, नेपाल",27.6629779,85.3847767,4.2,अनन्तलिङ्गेश्वर,", hindu_temple"
,बलारा,"बलारा, नेपाल",26.7679488,85.374289,,नेपाल,", trek"
,कुर्मी टोल ( बैरगनियाँ गाउँ ),"X692+6GJ, शितलपुर बैरगनिया 44500, नेपाल",26.968627,85.202414,1.0,शितलपुर बैरगनिया 44500,", hike"
,पटेल चौक,"VFGC+MJ7, सिसोटिया 45800, नेपाल",26.8766566,85.4715397,0.0,सिसोटिया 45800,", park"
,Godaita sarlahi.godaita.8,"VF78+39V, गोडेता 45800, नेपाल",26.8627407,85.4659195,0.0,गोडेता 45800,", church"
,गोडेता,"गोडेता 45800, नेपाल",26.8627407,85.4659195,,नेपाल,", tourist_attraction"
,Shahre madina jama masjid,"VF66+FPM, गोडेता 45800, नेपाल",26.8612389,85.4618069,5.0,गोडेता 45800,", mosque"
,Godaita Municipality Office,"VF79+93M, गोडेता 45800, नेपाल",26.8634598,85.4676864,0.0,गोडेता 45800,", monument"
,Gimdibesi chautari(गिम्दीबेसि चौतारी ),"C9FF+QPG, गिम्दी 44700, नेपाल",27.4244269,85.3743136,3.0,गिम्दी 44700,", hike"
,Hariyon Park,"Unnamed Road, हरिवन 45804, नेपाल",27.095999,85.5389359,4.0,हरिवन 45804,", park"
,"Nayaroad Presbiterian Church, Sarlahi","4G28+22H, हरिवन 45804, नेपाल",27.1000512,85.5150955,3.0,हरिवन 45804,", church"
,बागमती नदी बाँध,"4FPM+HHQ, Road, चन्द्रपुर 44500, नेपाल",27.1364634,85.4839955,4.1,Road,", tourist_attraction"
,Narayan Bhajan Mandal,"M9HP+48F, Unnamed Road, मध्यपुर थिमि 44600, नेपाल",27.6778036,85.3858026,4.0,Unnamed Road,", hindu_temple"
,Bagmati New Bridge Samanpur Bazar Rautahat,"X9GV+P25, समनपूर, नेपाल",26.9767749,85.3926143,4.0,समनपूर,", monument"
,Kabilasi chandu,"WHM4+88H, कविलासी 45800, नेपाल",26.933836,85.555769,0.0,कविलासी 45800,", park"
,Koinonia Sarlahi christain church,"2M49+3GJ, Sankhar 33800, नेपाल",27.005212,85.6687491,5.0,Sankhar 33800,", church"
,कविलासी,"कविलासी 45800, नेपाल",26.9328522,85.5457689,,नेपाल,", tourist_attraction"
,"Harpur,Sarlahi","XH76+3FP, कविलासी 45800, नेपाल",26.9627141,85.56121,0.0,कविलासी 45800,", mosque"
,Bhuili Dai Temple,"WHW7+326, Unnamed Road, किसनपुर 45800, नेपाल",26.945156,85.5625058,5.0,Unnamed Road,", hindu_temple"
,Kabilasi Municipality Office,"कविलासी 45800, नेपाल",26.9290486,85.555961,3.9,नेपाल,", monument"
,srlahi sundarpur,"XH76+3FP, कविलासी 45800, नेपाल",26.9627141,85.56121,0.0,कविलासी 45800,", hike"
,श्रीपुर जाने बाटो,"WGP5+4FG, Birnagara Road, जामुनिया 45800, नेपाल",26.9353247,85.5087064,4.3,Birnagara Road,", park"
,चक्रघट्टा,"चक्रघट्टा, 45800, नेपाल",26.9104528,85.503389,,45800,", tourist_attraction"
,Masjid,"VGQJ+2XP, Unnamed Road, औरही 45800, नेपाल",26.8875948,85.5324627,5.0,Unnamed Road,", mosque"
,Shree Prakatnath Mahadev Dham Shivnagar,"Shivnagar, Chakraghata Ward no 01, 45800, नेपाल",26.9286551,85.5051963,2.0,Chakraghata Ward no 01,", hindu_temple"
,Konaniya Virlot church,"Bakaiya-7, नेपाल",27.361403,85.2570936,0.0,नेपाल,", church"
,BHUMAHI CHURCH भुमहि चर्च,"HMHX+J9C, रामनगर, नेपाल",27.5790681,83.6984038,4.0,रामनगर,", church"
,Sarlahi,"R9VH+5W9, Ramnagar Bahaur 45800, नेपाल",26.842919,85.3798459,3.7,Ramnagar Bahaur 45800,", tourist_attraction"
,Masjid Ramnagar bhutha,"G494+MM2, रामनगर भुटाहा 56713, नेपाल",26.5203733,87.1065163,5.0,रामनगर भुटाहा 56713,", mosque"
,Ramnagar Bahaur,"Ramnagar Bahaur 45800, नेपाल",26.841667,85.383333,,नेपाल,", monument"
,Bagh-E-Madna pokhariya Bazar Chandranagar sarlahi,"WHHX+QM, मोहनपुर 45800, नेपाल",26.9294148,85.5991082,0.0,मोहनपुर 45800,", mosque"
,हिरण्यवर्ण महाविहार,"M8GF+3QG, क्वालखु मार्ग, ललितपुर 44700, नेपाल",27.675192,85.324442,4.7,क्वालखु मार्ग,", monument"
,चन्द्र नगर,"चन्द्र नगर 45800, नेपाल",26.9233469,85.6177891,,नेपाल,", historic_site"
,Rajan niwas( dhunpure home stay),"FM63+XP, सिपाली चिलाउने 45200, नेपाल",27.4624358,85.6542615,5.0,सिपाली चिलाउने 45200,", trek"
,मेलुङ,"CJGX+RJV, बुढाखानी 45200, नेपाल",27.4271059,85.6490379,0.0,बुढाखानी 45200,", hike"
,Harkathwa tola,"WC2J+C2W, धनकौल पूर्व 45800, नेपाल",26.9011165,85.4300655,3.0,धनकौल पूर्व 45800,", park"
,Sisautiya friends church,"VFP6+GV7, सिसोटिया 45800, नेपाल",26.8863026,85.4621047,0.0,सिसोटिया 45800,", church"
,धनकौल,"धनकौल, नेपाल",26.9011165,85.4300655,,नेपाल,", tourist_attraction"
,"मस्जिद,mosque","VC5M+MMF, Ramban Rd, रामवन 45800, नेपाल",26.859208,85.4341611,3.0,Ramban Rd,", mosque"
,Dr. Manjarul,"W9G8+467, धरमपुर 44500, नेपाल",26.9253456,85.3655814,0.0,धरमपुर 44500,", museum"
,Shree Ram Janaki Mandir(राम जानकी मन्दिर),"WC28+R9F, धनकौल पूर्व 45800, नेपाल",26.9020789,85.4159336,5.0,धनकौल पूर्व 45800,", hindu_temple"
,Dhankaul Rural Municipality,"WC54+MJG, हरकठवा 45800, नेपाल",26.9091935,85.4065702,3.7,हरकठवा 45800,", historic_site"
,Panpiyahh park,"VHRR+55J, बाबरगंज रोड, ब्रह्मपुरी 45800, नेपाल",26.8904617,85.5903764,4.5,बाबरगंज रोड,", park"
,Brahampuri,"VHXP+HQ3, ब्रह्मपुरी 45800, नेपाल",26.8988827,85.5869352,5.0,ब्रह्मपुरी 45800,", church"
,Brahmapuri 1 Garhi Tol Nuri Jama Masjid,"VHMP+PJ4, बाबरगंज रोड, ब्रह्मपुरी 45800, नेपाल",26.8842354,85.586679,4.5,बाबरगंज रोड,", mosque"
,Chaudhary Art,"हेटौडा 44107, नेपाल",27.431361,85.0355634,5.0,नेपाल,", art_gallery"
,Rajendra mukheya Ramjanki Temple,"VHRV+7J4, ब्रह्मपुरी 45800, नेपाल",26.8905925,85.5940578,4.9,ब्रह्मपुरी 45800,", hindu_temple"
,Dharmanath Mahadev Temple,"WM56+5QW, धनकौल पछवारी 45800, नेपाल",26.9079987,85.661968,4.7,धनकौल पछवारी 45800,", monument"
,ब्रह्मपुरी,"ब्रह्मपुरी 45800, नेपाल",26.8988827,85.5869352,,नेपाल,", historic_site"
,Parwanipur park,"3PRG+5GQ, परवानीपुर 45800, नेपाल",27.0904605,85.7263536,4.8,परवानीपुर 45800,", picnic"
,Ahmadiyya Muslim Jamaat Nepal,"Babu ram acharya road, सिनामंगल राेड 9, काठमाडौँ 44600, नेपाल",27.6950889,85.3541801,4.4,सिनामंगल राेड 9,", mosque"
,N.K. Motor,"VFQW+QH4, Sundarpur Chowharba, बरहथवा 45800, नेपाल",26.8893808,85.4964757,0.0,Sundarpur Chowharba,", monument"
,"Murtiya, Sarlahi, Nepal","2F2M+HH4, मुर्तिया 45800, नेपाल",27.0013541,85.4840816,0.0,मुर्तिया 45800,", historic_site"
,बिष्णु द्वार,"Q9X4+585, Shivapuri Nagarjun National Park Hiking Trail, बुढानीलकण्ठ 44600, नेपाल",27.7978988,85.3558661,4.5,Shivapuri Nagarjun National Park Hiking Trail,", trek"
,विष्णुद्वार झरना,"Unnamed Road, 44600, नेपाल",27.79439,85.3555241,4.5,44600,", trek"
,Devdhari stadium SUNDARPUR chakarghatta 4,"VFHR+VQP, सुन्दरपुर 45800, नेपाल",26.8797126,85.4919553,5.0,सुन्दरपुर 45800,", park"
,कौडेना,"कौडेना 45800, नेपाल",26.8623199,85.5106701,,नेपाल,", tourist_attraction"
,Quadri Jame masjid,"VG27+C7J, कौडेना 45800, नेपाल",26.8510887,85.5131704,5.0,कौडेना 45800,", mosque"
,Kaudena Maharani Mandir,"VG67+V33, कौडेना 45800, नेपाल",26.8621434,85.512696,0.0,कौडेना 45800,", hindu_temple"
,Parsa Christian Church,"Khairahani-8, नेपाल",27.6147808,84.5709231,0.0,नेपाल,", church"
,पर्सा,"पर्सा, नेपाल",26.8857019,85.6357789,,नेपाल,", monument"
,murtiya mandir,"2F2M+HH4, मुर्तिया 45800, नेपाल",27.0013532,85.4840812,5.0,मुर्तिया 45800,", monument"
,बसबरीया,"बसबरीया, 45800, नेपाल",26.9207283,85.4141508,,45800,", tourist_attraction"
,Kuldeep kumar sahu,"XF2R+MMP kuldeep kumar t, श्रीपुर 45800, नेपाल",26.9517039,85.4916903,0.0,श्रीपुर 45800,", museum"
,Mai sthan (brahram Baba )parariya sarlahi nepal.,"WG62+2PG, पिडरीया 45800, नेपाल",26.9100872,85.5018364,0.0,पिडरीया 45800,", hindu_temple"
,Sahpur chauk,"WMJ8+PF, धनकौल पछवारी 45800, नेपाल",26.9317922,85.666201,1.5,धनकौल पछवारी 45800,", park"
,सुत्केरी दह,"3QPM+MFG, कालिन्जोर, नेपाल",27.0866956,85.7837093,4.0,कालिन्जोर,", amusement_park"
,Haripur Prasansa Church,"2H99+MHX, मलंगवा रोड, हरिपुर 45800, नेपाल",27.0192315,85.5690067,3.0,मलंगवा रोड,", church"
,सलेस पोखरी,"VMVM+VP9, हरिपुरवा 45800, नेपाल",26.8952243,85.6848279,3.8,हरिपुरवा 45800,", tourist_attraction"
,Noori Jaama Masjid,"WMCX+24H, बसन्तपुर 45800, नेपाल",26.9200626,85.6979299,4.3,बसन्तपुर 45800,", mosque"
,हरिपुरवा,"हरिपुरवा, नेपाल",26.8899781,85.6794434,,नेपाल,", historic_site"
,View point,"F78M+XC, प्युटार 44700, नेपाल",27.4674598,85.2836097,0.0,प्युटार 44700,", trek"
,मोक्षद्वारी उकालो,"FH5W+7XW, मोक्षद्वारी, गोवलबास 45200, नेपाल",27.4582279,85.5974389,4.0,मोक्षद्वारी,", hike"
,Sindhuli Bus Park,"कमलामाई 45900, नेपाल",27.2106053,85.9113686,4.4,नेपाल,", park"
,कमलामाई मन्दिर,"Maisthan, Ward No.05, Kamalamai Municipality, Sindhuli District, बि.पी.राजमार्ग, कमलामाई 45900, नेपाल",27.1661482,85.9002754,4.5,Ward No.05,", tourist_attraction"
,"Bhiman's Park","4X57+93M, कमलामाई 45900, नेपाल",27.1084648,85.9626739,3.8,कमलामाई 45900,", picnic"
,"One Tree Hill, Valley view point, Sindhuli","6WHP+45R, कमलामाई 45900, नेपाल",27.2278725,85.9353982,5.0,कमलामाई 45900,", hike"
,Dudhauli park,"X7FR+G54, दुधौली 45900, नेपाल",26.9737621,86.2904627,3.6,दुधौली 45900,", park"
,Church of prayer warriors,"X8W7+3H8, दुधौली 45900, नेपाल",26.9952108,86.3139626,5.0,दुधौली 45900,", church"
,Noori jamia masjid phulbariya shariff,"R7V8+XHX, मिर्चैया 56500, नेपाल",26.8449864,86.2664773,5.0,मिर्चैया 56500,", mosque"
,Paryagpur masjid,"R5WW+J55, कर्जन्हा 10, नेपाल",26.8465021,86.1955038,0.0,कर्जन्हा 10,", mosque"
,दुघ्धेश्वर मन्दिर Dughdheshwor Temple,"X7FR+G68, दुधौली 45900, नेपाल",26.973786,86.2905747,5.0,दुधौली 45900,", hindu_temple"
,Picnic Spot,"X885+9F, दुधौली 45900, नेपाल",26.9659272,86.3087242,4.0,दुधौली 45900,", picnic"
,Koinoniya Baleni Christian Church,"72QW+WV, बासेश्वर 45900, नेपाल",27.2898254,86.0471731,0.0,बासेश्वर 45900,", church"
,गोलन्जोर गाउँ पालिका,"73HC+X7Q, 45900, नेपाल",27.2799668,86.0707001,4.3,45900,", mosque"
,श्री ३ विष्णुविर मन्दिर (𑐳𑐸𑑄𑐐𑐵𑑅 𑐡𑑂𑐫𑑅),"M9GM+GJ3, मध्यपुर थिमि 44600, नेपाल",27.6762686,85.3840192,4.8,मध्यपुर थिमि 44600,", hindu_temple"
,SINDHULI GADHI MAIN GATEWAY,"7XH5+FV3, B.P. Highway, रतनचुरा 45900, नेपाल",27.2786354,85.9596608,4.4,B.P. Highway,", historic_site"
,"Khurkot Picnic Spot & Children's Park","8XFX+MQ6, भिमेश्वर 45900, नेपाल",27.3241518,85.9993951,4.3,भिमेश्वर 45900,", picnic"
,बरबोट कार्की टोल,"9WH2+955, पुरानो झाँगाझोली 45900, नेपाल",27.3783826,85.9004889,5.0,पुरानो झाँगाझोली 45900,", park"
,घ्याङलेख,"घ्याङलेख, नेपाल",27.3809238,85.7711622,,नेपाल,", hindu_temple"
,Ambote-Church,"36W7+J8F, 45900, नेपाल",27.0965645,86.2132959,5.0,45900,", church"
,तीनपाटन,"तीनपाटन, 45900, नेपाल",27.1426612,86.1120947,,45900,", tourist_attraction"
,"Marin Deurali, Sindhuli","7PH4+43V, Marin, Deurali, Sindhuli Marin Deurali, कल्पवृक्ष, नेपाल",27.2778451,85.7051837,2.8,Marin,", tourist_attraction"
,Adventure Trek and Tour,"M99M+JJX, अनन्तलिङ्गेश्वर, नेपाल",27.6691141,85.3840868,5.0,अनन्तलिङ्गेश्वर,", trek"
,Sunkoshi,"8XQV+7MJ Khurkot suspension bridge, खुर्कोट झोलुङ्गे पुल, भलुवाजोर 45900, नेपाल",27.3380509,85.9950864,3.0,खुर्कोट झोलुङ्गे पुल,", tourist_attraction"
,Sunkoshi Rural Municipality,"CV4X+6XR, पुरानो झाँगाझोली 45900, नेपाल",27.4056559,85.8997192,4.5,पुरानो झाँगाझोली 45900,", mosque"
,Sunakothi Aquarium Shop,"Near, ललितपुर 44700, नेपाल",27.6334967,85.3187553,4.4,ललितपुर 44700,", aquarium"
,Sunkoshi 6 Khalte सुनकोशी 6 खाल्टे,"9X5G+C5C, बि पि राजमार्ग, सितलपाटी 45900, नेपाल",27.3585074,85.9754411,4.1,बि पि राजमार्ग,", historic_site"
,Sunkoshi Tamakoshi Confluence,"9X2J+CP2, बि पि राजमार्ग, सितलपाटी 45900, नेपाल",27.3510085,85.9817693,4.5,बि पि राजमार्ग,", trek"
,Pabitra Church Jakhauli हरिहरपुरगढी 2सिन्धुली,"6G87+QFV, हरिहरपुरगढी 45900, नेपाल",27.2169714,85.5136696,3.0,हरिहरपुरगढी 45900,", church"
,हरिहरपुरगढी,"हरिहरपुरगढी 45900, नेपाल",27.316667,85.4833331,,नेपाल,", tourist_attraction"
,Hariharpurgadhi Darbar,"8F7P+GR3, हरिहरपुरगढी 45900, नेपाल",27.3137662,85.4870318,4.1,हरिहरपुरगढी 45900,", mosque"
,हरिहरपुरगढी,"हरिहरपुरगढी, नेपाल",27.3364995,85.4537448,,नेपाल,", historic_site"
,Hariharpurgadhi Rural Municipality,"राईगाउँ 45900, नेपाल",27.2338319,85.4949812,4.0,नेपाल,", historic_site"
,खुसी हरि ट्रेक र अभियान,"जोरपाटी सुन्दरीजल सडक, काठमाडौँ 44600, नेपाल",27.7411214,85.3952625,3.4,काठमाडौँ 44600,", trek"
,shree bengkate shwor temple,"559V+68G, 45900, नेपाल",27.1680031,86.1933617,3.2,45900,", hindu_temple"
,फिक्कल टाकुरा,"57MG+3PW, खोलागाउँ 45900, नेपाल",27.1827298,86.2768434,4.3,खोलागाउँ 45900,", picnic"
,ठुलढुङ्गा,"मध्य पहाडी राजमार्ग, 56300, नेपाल",27.1884327,86.3752118,0.0,56300,", hike"
,भूत छाँगा,"QM9J+3HW, Maguwa-Khanigaun-Vutchhanga Road, चौतारा 45306, नेपाल",27.7677336,85.6814386,4.5,Maguwa-Khanigaun-Vutchhanga Road,", amusement_park"
,Sidha Santi Church,"QMRP+X9V, चौतारा 45306, नेपाल",27.7924848,85.6859104,0.0,चौतारा 45306,", church"
,Sangachok Gadhi साँगाचोक गढी,"साँगाचोक 45306, नेपाल",27.6900685,85.710898,4.7,नेपाल,", tourist_attraction"
,चौतारा,"चौतारा, नेपाल",27.7760591,85.6948458,,नेपाल,", tourist_attraction"
,चौतारा साँगाचोकगढी,"चौतारा साँगाचोकगढी, नेपाल",27.7760873,85.6948371,,नेपाल,", tourist_attraction"
,Chautara view point,"QPM7+P6, चौतारा 45306, नेपाल",27.7838824,85.7129083,5.0,चौतारा 45306,", tourist_attraction"
,"Gairigaun, Chautara Sangachokgadhi","QMGV+CWH, चौतारा 45306, नेपाल",27.7760591,85.6948458,0.0,चौतारा 45306,", tourist_attraction"
,चौतारा नगरपालिका संयुक्त वडा कार्यालय,"QPJ6+3GW, चौतारा 45306, नेपाल",27.7802375,85.7113687,4.5,चौतारा 45306,", mosque"
,ठूलो पधेरा,"QMV7+JPG, कुनचोक 45306, नेपाल",27.7934454,85.6644287,4.0,कुनचोक 45306,", museum"
,Ghalegaun Bhagwati Temple,"QPF8+X5G, दोलालघाट-चौतारा राजमार्ग, चौतारा 45306, नेपाल",27.7749352,85.7154395,4.0,दोलालघाट-चौतारा राजमार्ग,", hindu_temple"
,"Chautara sangachokgadhi municipality-5, sindhupalchok","QMGV+CWG, चौतारा 45306, नेपाल",27.7760625,85.6948125,5.0,चौतारा 45306,", historic_site"
,Om Park,"RR5M+5MP, बार्‍हबिसे 45308, नेपाल",27.8079581,85.8342102,5.0,बार्‍हबिसे 45308,", park"
,Jyoti niwash church,"अरनिको राजमार्ग 45314, फुल्पिंग डांडागाउँ 45314, नेपाल",27.74574,85.8025372,5.0,फुल्पिंग डांडागाउँ 45314,", church"
,बलेफी,"बलेफी, नेपाल",27.7558763,85.8302087,,नेपाल,", mosque"
,बलेफी गाउँपालिका,"अरनिको राजमार्ग, 45314, नेपाल",27.7318785,85.7800695,3.6,45314,", mosque"
,बलेफी,"बलेफी, यामुनाडाँडा 45314, नेपाल",27.7332628,85.7781977,,यामुनाडाँडा 45314,", historic_site"
,Risal HOME STAY with Trek and Travel,"सुर्यविनायक 44800, नेपाल",27.65785,85.4311829,5.0,नेपाल,", trek"
,Jure Chhango,"QV8G+986, राम्चे 45302, नेपाल",27.76591,85.8757721,5.0,राम्चे 45302,", hike"
,Melamchi bus park(Krishna Bhawan),"RHHF+7H8, मेलम्ची, नेपाल",27.8280876,85.5740208,3.7,मेलम्ची,", park"
,Swarnimpur khanepani,"QGMC+CM, शङ्खरापुर, नेपाल",27.7835786,85.521752,0.0,शङ्खरापुर,", amusement_park"
,शिखरपुर मण्डली,"RH5V+FQG, मेलम्ची, नेपाल",27.8087098,85.5944076,5.0,मेलम्ची,", church"
,"Tipeni, Melamchi","VH7V+MW4, मेलम्ची, नेपाल",27.864884,85.595244,3.8,मेलम्ची,", tourist_attraction"
,Gufadada,"Melamchi municipality 09, Gufadada 45300, नेपाल",27.8393104,85.62647,4.7,Gufadada 45300,", tourist_attraction"
,मेलम्ची,"मेलम्ची, नेपाल",27.8297283,85.5762108,,नेपाल,", mosque"
,Lamichhane kul mandir & cultural museum,"QGMF+5C4, शङ्खरापुर, नेपाल",27.7837305,85.5251129,4.7,शङ्खरापुर,", museum"
,Sindhupalchok,"RJX5+P2R, मेलम्ची, नेपाल",27.849371,85.6075064,5.0,मेलम्ची,", hindu_temple"
,चेरिन्जिग मूर्ति (अवलोकितेस्वर/करूणामाया),"मेलम्ची, नेपाल",27.8445884,85.6413727,4.3,नेपाल,", monument"
,Indrawati-10 (forest),"PMV4+WF6, भोटसिपा 45306, नेपाल",27.7447911,85.6561387,2.3,भोटसिपा 45306,", park"
,Moti Masjid Anjuman,"WMH6+34V, Pandit tole Way, थाम्पालकोट, नेपाल",27.9277284,85.6602826,2.0,Pandit tole Way,", mosque"
,Statue of Guru Padmasambhava,"WGHQ+67, इचोक, नेपाल",27.9281531,85.5381493,4.5,इचोक,", monument"
,Indrawati suspension bridge,"PJ9X+RHM, चाँदनी मण्डन, नेपाल",27.7195903,85.6489182,5.0,चाँदनी मण्डन,", historic_site"
,ईन्द्रावती नदी,"ईन्द्रावती नदी, मेलम्ची, नेपाल",27.8096241,85.5749989,4.3,मेलम्ची,", trek"
,Muhan Pokhari Water park,"PF3J+WWX, महामञ्जुश्री नगरकोट 44600, नेपाल",27.7048621,85.482351,4.0,महामञ्जुश्री नगरकोट 44600,", amusement_park"
,Jeevan Jyoti Baptist Church,"Bhakunde 45200, नेपाल",27.5625358,85.6396636,4.2,नेपाल,", church"
,"Jugal Rural Municipality, Office of the Municipal Executive","RQQF+VJV, Unnamed Road, जल्बिरे 45308, नेपाल",27.8397424,85.7739956,4.9,Unnamed Road,", mosque"
,"Jugal View Point, Sindurche","VPGH+59, गोल्चे, नेपाल",27.8754646,85.7283756,3.0,गोल्चे,", historic_site"
,Jugal Himal Trekking,"Thamel-26, काठमाडौँ 44600, नेपाल",27.7177015,85.3118397,4.8,काठमाडौँ 44600,", trek"
,Khasre Picnic Spot,"RPJM+WJG, 45308, नेपाल",27.832313,85.7340736,5.0,45308,", picnic"
,Panchpokhari Stupa (MANI Stupa),"2PQ7+JXR, नेपाल",28.039115,85.7148831,3.0,नेपाल,", park"
,Panchpokhari sindhupalchok,"Panch Pokhari, नेपाल",28.0419964,85.7177061,4.3,नेपाल,", tourist_attraction"
,Panch Pokhari Shiva Temple,"2PV7+F2C, नेपाल",28.0436869,85.7125093,4.7,नेपाल,", hindu_temple"
,thokarpa sunkoshi,"MQPP+M7, ठोकर्पा 45314, नेपाल",27.6866875,85.7856875,5.0,ठोकर्पा 45314,", park"
,Sindhu sunkoshi namuna oraganic farm,"MQJ3+G6, ठोकर्पा, नेपाल",27.6813314,85.7530071,0.0,ठोकर्पा,", tourist_attraction"
,सुनकोशी गाउँपालिका कार्यालय,"QR3J+GV8, पाङ्रेटार 45314, नेपाल",27.7538071,85.832139,4.0,पाङ्रेटार 45314,", mosque"
,"रतनकोट गुरु पद्म सम्भव मुर्ती(Ratankot,Sunkhani,Sunkoshi,Sindhupalchok","PR5P+98W, सुनखानी 45314, नेपाल",27.7084823,85.8358204,0.0,सुनखानी 45314,", hindu_temple"
,"Sunkoshi-1,Thokarpa","MQJP+C95, ठोकर्पा 45314, नेपाल",27.6810211,85.7859836,5.0,ठोकर्पा 45314,", trek"
,सुनकोशी एड्भेन्चर रिट्रीट,"Palanchowk Bhagwati, पाँचखाल 45200, नेपाल",27.631382,85.6737369,4.4,पाँचखाल 45200,", picnic"
,Bhotekoshi Park भोतेकोशी पार्क,"2W8W+FXR, शिगात्से विभाग, नेपाल",28.0162391,85.9474058,5.0,शिगात्से विभाग,", park"
,Bhotekoshi Heli Resort,"Opposite of Last Resort, BungeeJump, अरनिको राजमार्ग, 45304, नेपाल",27.874818,85.8911493,4.5,BungeeJump,", amusement_park"
,Immanuel Bible Missionary Church Thulopalati,"RV3X+FP, बार्‍हबिसे 45302, नेपाल",27.8037574,85.899341,5.0,बार्‍हबिसे 45302,", church"
,भोटेकोसी बन्जी जम्प,"VVGR+9WV, अरनिको राजमार्ग, लिस्तीकोट 45301, नेपाल",27.8759765,85.8923018,4.6,अरनिको राजमार्ग,", tourist_attraction"
,फोतेङ,"RX5C+8Q9, कर्थली 45302, नेपाल",27.8088905,85.97195,5.0,कर्थली 45302,", museum"
,Shree Kailashnath Jyoti Lingeshor Mahadev Temple,"WWCM+P69, अरनिको राजमार्ग, फुल्पिङकट्टी 45301, नेपाल",27.921777,85.9331502,0.0,अरनिको राजमार्ग,", hindu_temple"
,Halhale Picnic park,"PX95+F8, लाँकुरीडाँडा, नेपाल",27.7187028,85.9583261,5.0,लाँकुरीडाँडा,", park"
,Sristikarta church jaljale,"PWJM+QCJ, पिस्कर 45302, नेपाल",27.7319997,85.9334494,5.0,पिस्कर 45302,", church"
,लिसंखु,"लिसंखु, नेपाल",27.6633586,85.8383857,,नेपाल,", tourist_attraction"
,"Lisankhu Pakhar Rural Municipality, Office of the Municipal Executive","MVFM+9X2, सरमथली ठोकर्पा सडक, अत्तरपुर, नेपाल",27.6733985,85.8848948,1.3,सरमथली ठोकर्पा सडक,", tourist_attraction"
,लिसङ्खु पाखर,"लिसङ्खु पाखर, नेपाल",27.6382199,85.867862,,नेपाल,", tourist_attraction"
,Lisankhu Pakhar R.M and Sunkoshi R.M Border,"PVC2+3V9, ठुलोपाखर 45314, नेपाल",27.7201678,85.8522461,0.0,ठुलोपाखर 45314,", tourist_attraction"
,Dhobhan,"MV49+V9J, नेपाल",27.6572065,85.8683874,0.0,नेपाल,", hindu_temple"
,"Shiva Statue, Biraute, Shailung","JXM6+2PM, भुसाफेदा 45500, नेपाल",27.6326016,85.9618051,3.0,भुसाफेदा 45500,", monument"
,Guru Padmasambhava Statue,"JRP7+8R9, सानो बांगथली 45200, नेपाल",27.6357832,85.8146022,0.0,सानो बांगथली 45200,", monument"
,Buddha park,"घुस्कुन 45302, नेपाल",27.7604449,85.9203748,4.8,नेपाल,", park"
,बार्‍हबिसे,"बार्‍हबिसे 45302, नेपाल",27.8002782,85.9151211,,नेपाल,", tourist_attraction"
,विष्णु मन्दिर,"QWM4+W2X, बार्‍हबिसे 45302, नेपाल",27.7848541,85.9051041,4.5,बार्‍हबिसे 45302,", hindu_temple"
,"Om park , sindhupalchok","RW28+429, बार्‍हबिसे 45302, नेपाल",27.8002782,85.9151211,0.0,बार्‍हबिसे 45302,", hike"
,Kiul Dunamis Church,"WHH4+VP, किउल, नेपाल",27.9297015,85.5567631,5.0,किउल,", church"
,pipal dada,"घुस्कुन 45302, नेपाल",27.771316,85.9084982,0.0,नेपाल,", park"
,श्री त्रिपुरा सुन्दरी माई मन्दिर,"PWH4+45M, तौथली 45302, नेपाल",27.7278268,85.9054085,4.3,तौथली 45302,", church"
,"Tripura Sundari Rural Municipality, Office of the Municipal Executive","PWW7+Q4F, Unnamed Road, पिस्कर 45302, नेपाल",27.7469344,85.9127925,3.5,Unnamed Road,", aquarium"
,सुन्दरी चोक,"M8FG+32G, ललितपुर 44700, नेपाल",27.672681,85.3250881,4.3,ललितपुर 44700,", monument"
,त्रिपुरासुन्दरी,"त्रिपुरासुन्दरी, नेपाल",27.75531,85.8818274,,नेपाल,", trek"
,Lahan Flag Park ( लहान झण्डा पार्क),"लहान रोड 05, लहान 56500, नेपाल",26.7229681,86.4845498,3.9,लहान 56500,", park"
,Tabernacle Church Lahan,"PFH8+448, Church Road, लहान 56500, नेपाल",26.727777,86.4653431,5.0,Church Road,", church"
,Jama Masjid lahan-19 Charapatti,"MFHM+PQ3, लहान 56500, नेपाल",26.6792674,86.4844351,4.0,लहान 56500,", mosque"
,MAS ISLAMIC VIDEO,"PFHH+WQ9, Kharukiyanhi, लहान 65500, नेपाल",26.7297844,86.4794698,5.0,Kharukiyanhi,", museum"
,Fine Art,"लहान रोड 10, लहान 56500, नेपाल",26.7171799,86.4831464,0.0,लहान 56500,", art_gallery"
,दुर्गा मन्दिर,"PFCJ+5R3, लहान रोड, लहान 56500, नेपाल",26.7203688,86.4820611,4.1,लहान रोड,", hindu_temple"
,धनगढीमाई,"धनगढीमाई, नेपाल",26.7781446,86.365505,,नेपाल,", tourist_attraction"
,विमान संग्रहालय,"PH4Q+W9V, धनगढी 10900, नेपाल",28.7073548,80.5884285,4.1,धनगढी 10900,", tourist_attraction"
,खाेरिया जामा मस्जिद,"Q7XR+PW4, Choharwa Siraha Madar Rd, चन्द्र अयोध्यापुर 56500, नेपाल",26.7991714,86.2923079,4.8,Choharwa Siraha Madar Rd,", mosque"
,Shiv mandir Medhanipur dhangadhimai 1 siraha,"धनगडी 56500, नेपाल",26.7306622,86.43169,5.0,नेपाल,", hindu_temple"
,Mirchaiya Hill Park,"V62W+3QG, मिर्चैया 56500, नेपाल",26.8500045,86.2470424,4.0,मिर्चैया 56500,", trek"
,Picnic Spot,"V5JC+254, महेन्द्र राजमार्ग, बधरामल 56500, नेपाल",26.8800029,86.1704576,4.3,महेन्द्र राजमार्ग,", picnic"
,Asianpaints Siraha,"Mahabir chowk, सिराहा 56500, नेपाल",26.6529355,86.2069919,5.0,सिराहा 56500,", art_gallery"
,Sirha,"M6P4+9QM, सिराहा 56500, नेपाल",26.6859693,86.2069147,4.4,सिराहा 56500,", trek"
,Golbazar Main Chowk,"GolBazar Rd 6, गोलबजार 56500, नेपाल",26.7927541,86.330724,4.0,गोलबजार 56500,", park"
,"Evangelical Friends Church ,Golbazar","Q8WM+69G, गोलबजार 56500, नेपाल",26.79583,86.3341988,0.0,गोलबजार 56500,", church"
,Kumbhikhadi Taal,"(golbazar 2), तेतरिया, नेपाल",26.8229955,86.3355999,4.6,तेतरिया,", tourist_attraction"
,"Golbazar,Jama masjid","Q8RH+MGP, गोलबजार 56500, नेपाल",26.7917381,86.3287404,5.0,गोलबजार 56500,", mosque"
,Lalbabu majhi,"R7QH+V89, मिर्चैया 56500, नेपाल",26.8396743,86.2783474,1.0,मिर्चैया 56500,", museum"
,Dhamini Temple,"Q8VH+JQ3, गोलबजार 56500, नेपाल",26.7940209,86.3294362,4.6,गोलबजार 56500,", hindu_temple"
,गोलबजार,"गोलबजार 56500, नेपाल",26.8323115,86.3478151,,नेपाल,", historic_site"
,चुरे चौफाल,"R8QP+PV, गोलबजार 56500, नेपाल",26.839322,86.3371962,0.0,गोलबजार 56500,", hike"
,Believers Eastern Church Mirchaiya,"R6MW+JVP, मिर्चैया 56500, नेपाल",26.8340915,86.2471807,2.7,मिर्चैया 56500,", church"
,Suresh Maxa Mashu Pasal,"R7J2+GV6, Katari Chowk, मिर्चैया, नेपाल",26.8312895,86.2521331,4.3,Katari Chowk,", aquarium"
,ArtRiya Institute of Fine Arts,"Shreebachchha Mahavihar, Shreebaha Marg, ललितपुर 44600, नेपाल",27.6753449,85.3196453,5.0,Shreebaha Marg,", art_gallery"
,"Mirchaiya Bazar ,Siraha","R6FV+F5W, मिर्चैया 56500, नेपाल",26.8237322,86.2429577,3.5,मिर्चैया 56500,", hindu_temple"
,"Green Park Karunyahi, kalyanpur siraha","Q657+4FQ, कल्याणपुर जवडी 56500, नेपाल",26.7579976,86.2137723,3.5,कल्याणपुर जवडी 56500,", park"
,Pokhri,"M6P5+7G9 Gamhariya, सिराहा 56500, नेपाल",26.6856497,86.2088658,5.0,सिराहा 56500,", amusement_park"
,कल्याणपुर जवडी,"कल्याणपुर जवडी 56500, नेपाल",26.7645503,86.231094,,नेपाल,", tourist_attraction"
,Masjid Darul Uloom,"M6G4+JR7, Siraha Mirchiya Rd, सिराहा 56500, नेपाल",26.6765087,86.2070538,2.7,Siraha Mirchiya Rd,", mosque"
,"Deep aquarium and interior,janakpurdham","Bisharachowk, janakpurdham-04, जनकपुर, नेपाल",26.7215688,85.9321964,3.0,janakpurdham-04,", aquarium"
,Durga Mandir Kalyanpur,"Q665+M6V, Kalyanpur 56500, नेपाल",26.7617498,86.208052,3.6,Kalyanpur 56500,", hindu_temple"
,शिव मन्दिर,"M698+F32, सिराहा 56500, नेपाल",26.6686192,86.2151812,4.7,सिराहा 56500,", monument"
,Gumba park,"W723+763, कटारी 45600, नेपाल",26.9006473,86.2530472,4.0,कटारी 45600,", park"
,chhathi mai mandir,"R5RV+6W5, सिराहा 56500, नेपाल",26.8405185,86.1948459,4.8,सिराहा 56500,", hindu_temple"
,फूलकुमारी महतो मेमोरियल अस्पताल,"कर्जन्हा 56500, नेपाल",26.8520185,86.1767347,3.6,नेपाल,", monument"
,Karjanha Municipality Office,"V52H+73M, कर्जन्हा 56500, नेपाल",26.8507207,86.1776841,3.0,कर्जन्हा 56500,", historic_site"
,कर्जन्हा,"कर्जन्हा 56500, नेपाल",26.85813,86.2107672,,नेपाल,", trek"
,Chautara (चौतारा),"P8FQ+FC6, बेल्ही 56500, नेपाल",26.7236528,86.3385121,3.0,बेल्ही 56500,", park"
,सुखिपुर,"सुखिपुर 56500, नेपाल",26.7086135,86.3427458,,नेपाल,", tourist_attraction"
,Masjid,"P85V+C3X, सुखिपुर 7, नेपाल",26.7086135,86.3427458,0.0,सुखिपुर 7,", mosque"
,Sukhipur,"P87X+8JF, सुखिपुर 56500, नेपाल",26.7133083,86.3490371,5.0,सुखिपुर 56500,", hindu_temple"
,Sukhipur VDC,"P947+C24, सुखिपुर 56500, नेपाल",26.7060148,86.3625813,4.1,सुखिपुर 56500,", monument"
,Shri Bagwan Sharda Memorial Garden,"HF4H+593, इनर्वा 56500, नेपाल",26.5553813,86.4784366,3.5,इनर्वा 56500,", park"
,खोक्सी चर्च Khoksi Church,"Baniya Tole Khoksi, District Siraha, Province 2, 56500, नेपाल",26.6225205,86.3583891,5.0,District Siraha,", church"
,भगवानपुर,"भगवानपुर, नेपाल",26.59154,86.4870189,,नेपाल,", tourist_attraction"
,Mosque gamhariya,"JF46+2GV, भगवानपुर 56500, नेपाल",26.6050977,86.4613185,5.0,भगवानपुर 56500,", mosque"
,SALHES MANDIR(SALHES TEMPLE),"Salhes temple,bhagwanpur 2, Laraha, नेपाल",26.6101748,86.4717001,0.0,bhagwanpur 2,", hindu_temple"
,My Beautiful Garden House,"HF5J+GJM, इनर्वा 56500, नेपाल",26.5588389,86.4815402,4.0,इनर्वा 56500,", picnic"
,बाल उद्यान,"M633+RQF, सिराहा 56500, नेपाल",26.6545699,86.2044216,3.8,सिराहा 56500,", park"
,औरही,"औरही, नेपाल",26.6280304,86.2996368,,नेपाल,", tourist_attraction"
,Motnaje masjid,"J874+3H5, महाथा, बिहार 847232, भारत",26.6126117,86.3064835,5.0,महाथा,", mosque"
,"Sarah's art","Changathali Rd, ललितपुर 44700, नेपाल",27.6578571,85.3670163,5.0,ललितपुर 44700,", art_gallery"
,Aurahi Hanuman Mandir,"J8H2+378, हुलाकी सडक, औरही 56500, नेपाल",26.6276238,86.3006794,4.2,हुलाकी सडक,", hindu_temple"
,Shiv Temple,"M637+3X6, पूर्वी रिङ्ग रोड, सिराहा 56500, नेपाल",26.652659,86.2148801,4.2,पूर्वी रिङ्ग रोड,", monument"
,solukhambu chamber o,"GH4F+89, दुधकुण्ड 56000, नेपाल",27.505785,86.57344,0.0,दुधकुण्ड 56000,", park"
,Nepane water fall khoriya,"FHG7+HR, दुधकुण्ड 56000, नेपाल",27.4763824,86.5646066,4.7,दुधकुण्ड 56000,", amusement_park"
,St.mark Believers Eastern Church,"FHQH+2F5 Solu dhudhakunda Na.pa.5, दुधकुण्ड 56000, नेपाल",27.4875099,86.5787792,0.0,दुधकुण्ड 56000,", church"
,सोलुदुधकुण्ड नगरपालिका,"दुधकुण्ड 56000, नेपाल",27.5021057,86.5861215,4.1,नेपाल,", mosque"
,"Bhimsen Temple, सोलु भिमसेन थान मन्दिर","FHPH+MGM, दुधकुण्ड 56000, नेपाल",27.4867282,86.5787948,4.9,दुधकुण्ड 56000,", hindu_temple"
,Ganeshsthan,"FHVJ+6MF, दुधकुण्ड 56000, नेपाल",27.4930546,86.5816686,5.0,दुधकुण्ड 56000,", monument"
,बर डाँडा लिस्पु (SAKELA PARK),"Aiselukharka Gaunpalika - 05, Maheswori, Lispu, नेपाल",27.3640624,86.714304,5.0,Maheswori,", park"
,थुलुङ दुधकोशी,"थुलुङ दुधकोशी, नेपाल",27.433164,86.6675482,,नेपाल,", tourist_attraction"
,"श्री कुशेश्वोर महादेव मन्दिर, दुम्जा महादेव","CRVF+CVR, Dhulikhel-Sindhuli-Bardibas Highway, दुम्जा, नेपाल",27.4473529,85.8235216,4.5,Dhulikhel-Sindhuli-Bardibas Highway,", mosque"
,Jasmani Sadhu Kuti जस्मनी साधु मन्त्रीको घर,"CP29+26W, 56000, नेपाल",27.4001239,86.7180698,5.0,56000,", hindu_temple"
,Chiwang Monastery Solukhumbu,"GJQ2+RG3, दूधकुण्ड मार्ग, दुधकुण्ड 56000, नेपाल",27.5393668,86.6013008,4.5,दूधकुण्ड मार्ग,", monument"
,Bhitte Solukhumbu,"FJ28+HX4 bhitte, 56000, नेपाल",27.4513934,86.6174394,5.0,56000,", hike"
,Prashansa Church,"JM44+F72, Karekhola Rd, बिरेन्द्रनगर 21700, नेपाल",28.60613,81.6556282,0.0,Karekhola Rd,", church"
,Necha Salyan Ward No 5,"9J2G+58G, नेचा बतासे 56000, नेपाल",27.3504377,86.6258353,4.5,नेचा बतासे 56000,", tourist_attraction"
,shiva mandir nechasalyan solukhumbu,"9J3R+HV7, नेचा बेतघारी बिदेसी 56000, नेपाल",27.3539042,86.6421623,4.0,नेचा बेतघारी बिदेसी 56000,", mosque"
,दाताराम चोक नेचा सल्यान ३ सोलुखुम्बु,"9J2M+CGH, नेचा बतासे 56000, नेपाल",27.3510694,86.6338478,5.0,नेचा बतासे 56000,", monument"
,नेचासल्यान गाउँपालिका कार्यालय,"9J3R+J94, नेचाबेतघारी 56000, नेपाल",27.3540184,86.6409538,4.2,नेचाबेतघारी 56000,", historic_site"
,Solukhumbu Treks and Expedition,"Chabahil -7, Museganesh Post Box No 20179, काठमाडौँ 44600, नेपाल",27.7167299,85.3460592,0.0,Museganesh Post Box No 20179,", trek"
,Loksu chowk (लोक्सु चोक),"HMWM+MPP, 56000, नेपाल",27.5967064,86.6843273,5.0,56000,", park"
,"Zion Isai Church,Kophu","FJWV+CMX, 56000, नेपाल",27.4960836,86.6442474,5.0,56000,", church"
,Dudhkoshi Chhirdi Motorable Bridge,"HMVG+PM, टाक्सिन्दु 56000, नेपाल",27.5943605,86.6779085,5.0,टाक्सिन्दु 56000,", tourist_attraction"
,Jagabaijyeshwor Mahadev Temple जगवैज्यश्वर महादेव मन्दिर,"HJ4W+2R8, बि.पि.राजमार्ग, काशीखण्ड 45200, नेपाल",27.5550347,85.6470771,4.7,बि.पि.राजमार्ग,", hindu_temple"
,Kolam Fun Park,"GR4G+HHG, 56000, नेपाल",27.5064387,86.8264468,4.0,56000,", park"
,Mahakulung Bung Church महाकुलुङ ईसाई परिवार,"GR7H+6XV, 56000, नेपाल",27.5131279,86.8299467,4.4,56000,", church"
,Kulung Village,"GRHQ+V3H, 56000, नेपाल",27.5296997,86.8377369,0.0,56000,", tourist_attraction"
,Sir Edmund Hillary Memorial Museum & Elder Care Center,"GR6J+GR8, गुदेल 56000, नेपाल",27.5112909,86.8320771,5.0,गुदेल 56000,", museum"
,Shiva Mandir,"FQ9R+Q47, Sautang 56000, नेपाल",27.4694,86.7903,0.0,Sautang 56000,", hindu_temple"
,माहाकुलुङ,"माहाकुलुङ, नेपाल",27.511601,86.831521,,नेपाल,", historic_site"
,Thumlu kholsa,"9RC4+93, राखा बाङ्देल 56200, नेपाल",27.3709039,86.80524,5.0,राखा बाङ्देल 56200,", historic_site"
,Top of Gudel,"FVX2+V7M, गुदेल 56000, नेपाल",27.4997211,86.8506568,5.0,गुदेल 56000,", trek"
,Khiraule खिरौले,"Mahakulung wada no.one, 56000, नेपाल",27.5367256,86.8157643,0.0,56000,", hike"
,Data chalaune pomdok,"FQ9R+Q47, Sautang 56000, नेपाल",27.4694,86.7903,0.0,Sautang 56000,", park"
,Sotang Church,"GQ2G+5PV, Sautang 56000, नेपाल",27.5004837,86.7768082,0.0,Sautang 56000,", church"
,Sotang,"FQQ8+GR2, Sautang 56000, नेपाल",27.488755,86.7670056,3.5,Sautang 56000,", tourist_attraction"
,Sotang 4,"FQ9R+Q47, Sautang 56000, नेपाल",27.4694,86.7903,0.0,Sautang 56000,", tourist_attraction"
,राम मन्दिर,"PMP3+7QH, भोटसिपा, नेपाल",27.7356642,85.6544951,4.5,भोटसिपा,", hindu_temple"
,Sotang,"RVHR+WQR, गाठी 45302, नेपाल",27.8298649,85.8918797,5.0,गाठी 45302,", historic_site"
,Khumbu Excursion Pvt. Ltd.,"Pandol Marga, काठमाडौँ 44600, नेपाल",27.7270345,85.3265021,5.0,काठमाडौँ 44600,", tourist_attraction"
,Khumbu Pasanglhamu Rural Municipality ( खुम्बु-पासाङल्हामु-गाउँपालिका ),"MPX9+8X9, चौरीखर्क 56000, नेपाल",27.6982962,86.7199994,5.0,चौरीखर्क 56000,", mosque"
,Khumbu Shangrila Nepal Trek and Expedition Pvt. Ltd,"P9W7+73, बुढानीलकण्ठ 44600, नेपाल",27.7457267,85.3626664,4.5,बुढानीलकण्ठ 44600,", trek"
,Pikey base camp,"GFG7+RRR, गोलि 56000, नेपाल",27.5266189,86.4645159,4.6,गोलि 56000,", picnic"
,Tingla busting,"CH6V+J3, सोलुसल्यान 56000, नेपाल",27.4115655,86.5927349,0.0,सोलुसल्यान 56000,", park"
,Kusum Foundation,"9M57+MPG, नेचा बेतघारी बिदेसी 56000, नेपाल",27.3591808,86.6643425,5.0,नेचा बेतघारी बिदेसी 56000,", museum"
,Thulung Sakle Toshikhom,"CMG7+HHX, कांगेल 56000, नेपाल",27.426507,86.6639482,5.0,कांगेल 56000,", hindu_temple"
,Thulo khola,"FMC5+C2, दुधकुण्ड 56000, नेपाल",27.4711128,86.6575723,0.0,दुधकुण्ड 56000,", historic_site"
,लिखु पिके गाउँपालिका गाउँकार्यपालिकाको कार्यालय,"H94H+PHQ, चौलाखर्क 45400, नेपाल",27.5569276,86.3789454,4.3,चौलाखर्क 45400,", church"
,लिखु पिके,"लिखु पिके, नेपाल",27.5558666,86.3781039,,नेपाल,", tourist_attraction"
,"Likhupike-2 Goli, solukhumbu","G9M7+6QH, गोलि, नेपाल",27.5330667,86.3644803,0.0,गोलि,", mosque"
,Nepal Flora and Fauna,"Patan Sundhara, lalitpur-7, ललितपुर 44700, नेपाल",27.669418,85.3286954,4.8,lalitpur-7,", aquarium"
,Lord Shiva temple,"JC2M+9XH, भाकाञ्जे 45400, नेपाल",27.6009366,86.4349962,5.0,भाकाञ्जे 45400,", hindu_temple"
,World mission society church of god Itahari,"M74H+932, इटहरी 56705, नेपाल",26.6555128,87.2777081,5.0,इटहरी 56705,", church"
,Shiva Pokhari,"J7X7+XFP, चाँदबेला इटहरी ग्रामीण सडक, इटहरी 56705, नेपाल",26.6505934,87.2642655,0.0,चाँदबेला इटहरी ग्रामीण सडक,", museum"
,पूर्वाञ्चल भेटेरिनरी फर्मा,"purva line, इटहरी, नेपाल",26.6617007,87.2800542,4.0,इटहरी,", zoo"
,श्री पशुपतिनाथ मन्दिर,"M75C+23Q, पशुपति मार्ग, इटहरी 56705, नेपाल",26.6573921,87.2701278,4.5,पशुपति मार्ग,", hindu_temple"
,"देवीथान चौक, इटहरी-२, शान्तिनगर","इटहरी 56705, नेपाल",26.7069192,87.2899238,4.3,नेपाल,", monument"
,Mahendra Raj Marg,"M786+9VW, AH2, इटहरी 56705, नेपाल",26.6659796,87.2621974,4.2,AH2,", historic_site"
,Manish,"M7FX+Q6F, इटहरी 56705, नेपाल",26.6744283,87.2980352,0.0,इटहरी 56705,", hike"
,Dharan Mosque,"R77Q+853, धरान 56700, नेपाल",26.8132525,87.2879541,4.7,धरान 56700,", mosque"
,Yuma Fine Art Academy,"R77H+J6M, धरान 56700, नेपाल",26.8140623,87.2780198,5.0,धरान 56700,", art_gallery"
,धरान प्याराग्लाइडिङ स्टेशन,"Bishnupaduka, धरान 56700, नेपाल",26.8385176,87.2738349,4.3,धरान 56700,", trek"
,Inaruwa New Bus Park,"इनरुवा 56710, नेपाल",26.6007252,87.1377199,4.3,नेपाल,", park"
,"Elohim Church, Inaruwa","J543+C85, इनरुवा 56710, नेपाल",26.6059805,87.153358,4.0,इनरुवा 56710,", church"
,मस्जिद हामी सबैको रजाक भाई,"J5H9+H97, Inaruwa 56710, नेपाल",26.628911,87.1670093,0.0,Inaruwa 56710,", museum"
,श्री सत्यनारायण मन्दिर,"श्री सत्य नारायण मन्दिर, दुहबी रोड, इनरुवा 56710, नेपाल",26.6027369,87.1490053,4.7,दुहबी रोड,", hindu_temple"
,Shiv Narayan pandit niwas,"H4VX+XQJ, इनरुवा 56710, नेपाल",26.5949713,87.1493916,5.0,इनरुवा 56710,", monument"
,स्वर्गीय महानन्द सापकोटाको प्रतिमा,"J43V+H9V, इनरुवा 56710, नेपाल",26.604057,87.1436908,4.5,इनरुवा 56710,", historic_site"
,Everest store inaruwa Sunsari,"इनरुवा 56710, नेपाल",26.600951,87.1487746,4.0,नेपाल,", trek"
,Zirait ( जिराइत),"J4GP+RHJ, इनरुवा 56710, नेपाल",26.6270971,87.1363918,4.2,इनरुवा 56710,", picnic"
,Inaruwa park महानन्द पार्क,"J43V+H9V, इनरुवा 56710, नेपाल",26.6039854,87.1438665,4.0,इनरुवा 56710,", hike"
,"Ball statue, Duhabi, Sunsari, Nepal","H77J+P4H, H08, दुहवी 56707, नेपाल",26.5643127,87.2803657,5.0,H08,", park"
,Union Church Duhabi 3 Sunsari Nepal,"H7CG+CJW, भलुवा 56707, नेपाल",26.5710591,87.2765927,0.0,भलुवा 56707,", church"
,Duhabi suspension bridge,"H7PQ+JMC, सिसवनिवडहरा 56707, नेपाल",26.5865633,87.2891397,4.2,सिसवनिवडहरा 56707,", tourist_attraction"
,Markazi Jame Masjid Duhabi4,"H7CJ+7C4, दुहबी रोड, दुहवी 56707, नेपाल",26.5706357,87.2810995,5.0,दुहबी रोड,", mosque"
,Shree Aaprupi shiv mandir Charaiya,"Duhabi-10, नेपाल",26.5681335,87.237858,4.3,नेपाल,", hindu_temple"
,Dumraha Duhabi 10,"H7C2+8PM, सिमरिया 56707, नेपाल",26.5708344,87.251806,0.0,सिमरिया 56707,", historic_site"
,Gautam Buddha Fun Park,"M6F2+RX2 Ward no-5, रामधुनी भासी 56709, नेपाल",26.6745173,87.2023842,5.0,रामधुनी भासी 56709,", park"
,पुनरुत्थान विजयी मण्डली,"R7F3+CCC, धरान 56700, नेपाल",26.825825,87.2536101,5.0,धरान 56700,", church"
,Ra.sa Taal,"P6QF+7WH, बकलौरी, नेपाल",26.7381942,87.2248474,4.0,बकलौरी,", tourist_attraction"
,रामधुनी मन्दिर,"M4RJ+CM9, रामधुनी भासी 56703, नेपाल",26.6910479,87.1317305,4.5,रामधुनी भासी 56703,", hindu_temple"
,रामधुनी भासी,"रामधुनी भासी, नेपाल",26.6862608,87.1722037,,नेपाल,", historic_site"
,ZooZoo (जूजू) eco-tourism park,"P6P7+RH2, Unnamed Road, बकलौरी, नेपाल",26.7370054,87.2138835,4.2,Unnamed Road,", park"
,Chisapani,"Q645+5W, धरान 56700, नेपाल",26.7554422,87.2098643,4.5,धरान 56700,", amusement_park"
,JAMMA MASJID (ANSARI VILLAGE),"M32C+549, मधुवन 56713, नेपाल",26.6504108,87.0703837,5.0,मधुवन 56713,", mosque"
,पंखवति,"R5MX+7J, बराहक्षेत्र, नेपाल",26.8332169,87.1990006,5.0,बराहक्षेत्र,", hike"
,Dewangunj Biratnagar tempo station,"C4XQ+Q95, देवानगञ्ज, नेपाल",26.4493905,87.1384843,0.0,देवानगञ्ज,", park"
,देवानगञ्ज,"देवानगञ्ज, नेपाल",26.4528534,87.1397958,,नेपाल,", tourist_attraction"
,Kabristaan Dewanganj Sunsari,"F43M+XMX, देवानगञ्ज, नेपाल",26.454981,87.1342293,5.0,देवानगञ्ज,", mosque"
,दुर्गा मन्दिर साहेवगञ्ज,"C55P+C56, साहेवगञ्ज, नेपाल",26.4085355,87.1852948,4.8,साहेवगञ्ज,", hindu_temple"
,देवानगञ्ज,"देवानगञ्ज, नेपाल",26.4526219,87.138089,,नेपाल,", historic_site"
,Salman Ansari,"G449+6W4, हरिनगरा, नेपाल",26.5055088,87.1198415,0.0,हरिनगरा,", hike"
,Jame Masjid-Kosi R.M-02,"पश्चिम कुशाहा 56713, नेपाल",26.6205916,87.0679435,5.0,नेपाल,", mosque"
,Koshi Rural Municipality - Sunsari,"Koshi Gaupalika, लौकही 56713, नेपाल",26.5983134,87.0635897,3.0,लौकही 56713,", historic_site"
,Shree Laxmi Narayan park,"H4RP+XJV, इनरुवा 56710, नेपाल",26.5924946,87.1365598,4.5,इनरुवा 56710,", park"
,B.I.C Church Majho sunsari,"Gadhi 6 Aurabani, इनरुवा 56710, नेपाल",26.5638464,87.2014767,0.0,इनरुवा 56710,", church"
,Gaishar Masjid,"J7P6+WG, इटहरी 56709, नेपाल",26.6373624,87.2612049,3.0,इटहरी 56709,", mosque"
,DG ARTS गोपाल श्रेष्ठ,"M7FC+FVP, इटहरी 56705, नेपाल",26.6734926,87.2698356,5.0,इटहरी 56705,", art_gallery"
,"Ubdhi Gramthan ithari,Nepal","M62H+38, इटहरी 56709, नेपाल",26.6502231,87.22824,5.0,इटहरी 56709,", hindu_temple"
,कार्कीछाप,"R7QF+JH2, धरान 56700, नेपाल",26.8390184,87.273898,4.2,धरान 56700,", trek"
,HASINA park,"M76C+8QH, इटहरी 56705, नेपाल",26.6608247,87.2719772,2.9,इटहरी 56705,", picnic"
,Malti chowk मालती चौक,"F5RF+WVQ, चिमडी, नेपाल",26.492335,87.1747478,5.0,चिमडी,", hike"
,बर्जु ताल,"F5PG+F44, चिमडी, नेपाल",26.4861424,87.1753294,4.0,चिमडी,", park"
,विश्वासीहरूलाई चर्च,"त्रिमुर्ती पथ, विराटनगर 56613, नेपाल",26.4678865,87.2677901,3.7,विराटनगर 56613,", church"
,Dinanath Bhadari Temple,"C7R3+HGC, ऋषि देव टोल, विराटनगर 56613, नेपाल",26.4414492,87.2537532,4.5,ऋषि देव टोल,", hindu_temple"
,Barju Tal,"F5PJ+M47, चिमडी, नेपाल",26.4866671,87.180304,4.8,चिमडी,", trek"
,Bhokraha 3,"J39H+VMH, भोक्राहा 56713, नेपाल",26.6196786,87.0792357,4.5,भोक्राहा 56713,", church"
,भोक्राहा,"भोक्राहा, नेपाल",26.6139711,87.0923906,,नेपाल,", tourist_attraction"
,Bhokraha 04 Al_Sifa Masjid,"J462+72, भोक्राहा 56713, नेपाल",26.6110092,87.1000811,5.0,भोक्राहा 56713,", mosque"
,Rastriya Majhi Sangrahalaya,"M38C+928, मधुवन 56713, नेपाल",26.6654584,87.0703713,4.0,मधुवन 56713,", museum"
,Bhokraha Narsingh gaupalika wada nm: 1 ( dhok),"M33V+3X7, भोक्राहा 56713, नेपाल",26.6526578,87.0949122,0.0,भोक्राहा 56713,", monument"
,Shivganj tol bhokraha narsingh -3,"bhokraha - 3, नेपाल",26.6196844,87.0791355,0.0,नेपाल,", trek"
,सिमसली पिपल चौतारा,"37VG+VQV, मङ्गलसेन 10700, नेपाल",29.094718,81.276927,0.0,मङ्गलसेन 10700,", park"
,Trek With Sanjog,"Kathmandu 44600, नेपाल",27.6825295,85.2538691,5.0,नेपाल,", trek"
,भातखाने चौर,"5HP8+MM4, काँछाबाड़ा 21300, नेपाल",29.1866311,81.5667158,0.0,काँछाबाड़ा 21300,", park"
,Debidanda,"R87Q+2GJ, बिद्यापुर 21700, नेपाल",28.8125817,81.3387501,0.0,बिद्यापुर 21700,", picnic"
,बसन्ते चोक,"R84J+XQP, बिद्यापुर 21700, नेपाल",28.807651,81.3322029,0.0,बिद्यापुर 21700,", picnic"
,नदाई मन्दिर (नन्दा माता माइ ),"7C54+WG3, 10700, नेपाल",29.2597622,81.4063061,3.5,10700,", hindu_temple"
,ढकारी गाउँपालिकाको कार्यालय,"धकारी 10700, नेपाल",28.9993125,81.2628125,3.5,नेपाल,", mosque"
,"Aarati Pustak Pasal , Dhakari Achham","X7X7+9J5, धकारी 10700, नेपाल",28.9983953,81.2641031,5.0,धकारी 10700,", art_gallery"
,गोपाल थुम्की( Gopal Thumki),"G752+43, माल्टा 44700, नेपाल",27.5078108,85.250239,0.0,माल्टा 44700,", picnic"
,Banagaun Masjid,"3GPJ+77V, हर्मी, नेपाल",28.0857372,84.5306729,3.0,हर्मी,", mosque"
,Chandika Devi Mandir Motena Achham,"56PH+H36, साँफेवगर 10700, नेपाल",29.1864097,81.2276323,0.0,साँफेवगर 10700,", hindu_temple"
,"शान्ती स्मारक , मंगलसेन अछाम","Madhya Pahadi Rajmarg, मङ्गलसेन 10700, नेपाल",29.1359262,81.255885,2.0,मङ्गलसेन 10700,", monument"
,Rajan Shah,"5C8P+VQP, बाटुलासैन 10700, नेपाल",29.1672065,81.4369378,5.0,बाटुलासैन 10700,", tourist_attraction"
,Kaji_House,"6CC2+VM8, Malma - Pandavkhani Rd, हरिचौर 33300, नेपाल",28.2221358,83.401686,5.0,Malma - Pandavkhani Rd,", zoo"
,Galkot Baglung,"6CR8+6G6, हरिचौर 33300, नेपाल",28.2405453,83.4162518,4.0,हरिचौर 33300,", art_gallery"
,हाँडिकाेट,"4HQH+WVG jaimini Municipality -9, राङ्खानी 33300, नेपाल",28.1398121,83.5796985,0.0,राङ्खानी 33300,", hike"
,Guppy Nepal,"Patan, Gujibahal 44700, नेपाल",27.6701125,85.3275,4.8,Gujibahal 44700,", aquarium"
,"Melauli Municipality, Melauli, Baitadi","CC6V+5GJ, मेलौली 10300, नेपाल",29.4104518,80.4437781,5.0,मेलौली 10300,", picnic"
,home of Santosh Mahara,"HJ9Q+P8, बिजयपुर 10200, नेपाल",29.5693652,80.6383047,1.0,बिजयपुर 10200,", church"
,Rajendra budha,"HPF3+3WM, कोटिला 10200, नेपाल",29.5727097,80.7048084,0.0,कोटिला 10200,", museum"
,हाट,"हाट 10200, नेपाल",29.6152118,80.6964905,,नेपाल,", historic_site"
,शिवनाथ,"शिवनाथ, नेपाल",29.3884502,80.3546347,,नेपाल,", historic_site"
,पञ्चेश्वर,"पञ्चेश्वर, नेपाल",29.4204882,80.2655648,,नेपाल,", trek"
,Kage dada,"M9FM+PJ3, मध्यपुर ठिमी 44600, नेपाल",27.6741123,85.384248,5.0,मध्यपुर ठिमी 44600,", park"
,J.P Arts,"sau. pharsatikar-1, नेपाल",27.6291277,83.4039931,3.7,नेपाल,", art_gallery"
,Bungal 2 Bamour,"JWVV+X4P, Bamour, 2, नेपाल",29.6449612,80.9428407,0.0,Bamour,", tourist_attraction"
,बाङसल्ला,"GW44+HRJ, बाँझ 10500, नेपाल",29.5064738,80.9070243,0.0,बाँझ 10500,", trek"
,"Bajhakot(than dada,lekh)झाँक्री थानडांडा","XP3P+JQ8, bajhakot, Rewati Rd, वालिङ 10, नेपाल",27.9540365,83.7369494,4.8,bajhakot,", tourist_attraction"
,गडी भगवति माईकाे मन्दिर,"F49J+23F, जयपृथ्वी 10500, नेपाल",29.467559,81.1302346,5.0,जयपृथ्वी 10500,", mosque"
,परी बन Angel Ban,"F46V+PR4, 10500, नेपाल",29.4617514,81.144579,5.0,10500,", park"
,Bajhang Laka,"Q7G2+MQ6, Golai 10500, नेपाल",29.776669,81.2518833,0.0,Golai 10500,", tourist_attraction"
,Padala,"FXG7+744, रायाल 10500, नेपाल",29.4756316,80.9628268,0.0,रायाल 10500,", hike"
,Chirashaini mandir(temple),"GRCJ+PR5, सुनकुडा 10500, नेपाल",29.521752,80.832105,5.0,सुनकुडा 10500,", hindu_temple"
,"Melai Chaur, Daulichar ,Surma","J4WF+23, जयपृथ्वी 10500, नेपाल",29.6450625,81.1226875,0.0,जयपृथ्वी 10500,", trek"
,तिरुवा वाड ( डाडा),"G25W+45, चौधारी 10500, नेपाल",29.5077965,81.0454341,0.0,चौधारी 10500,", trek"
,Children Park,"FH53+8HF, कैलाशमाडौँ 10600, नेपाल",29.4583164,81.553935,2.0,कैलाशमाडौँ 10600,", park"
,J.P Vetwal Smriti Park,"HJWV+G82, भण्डारा 44200, नेपाल",27.5962702,84.6432802,4.0,भण्डारा 44200,", park"
,THAPA GAUN BYAGUTE,"X42R+3PX, बिदुर 44900, नेपाल",27.9502349,85.1418516,5.0,बिदुर 44900,", historic_site"
,Nepal Environmental Treks and Expedition Pvt. Ltd.,"P877+J2R, त्रिदेवी सडक, काठमाडौँ 44600, नेपाल",27.714135,85.3125082,4.1,त्रिदेवी सडक,", trek"
,Jame Masjid (Parsagadi Nagarpalika-5 Bahuarwa),"4V68+GV, पञ्चरुखी 44300, नेपाल",27.1110879,84.8671904,5.0,पञ्चरुखी 44300,", mosque"
,खापर देव मस्टो (थपालो देउता),"CPJJ+JMH, 10600, नेपाल",29.4315648,81.7317418,0.0,10600,", hindu_temple"
,भीडमाथा लेख,"7MV8+4JG, फुकोट 21300, नेपाल",29.2928028,81.6665654,0.0,फुकोट 21300,", hike"
,Siva Temple,"CP49+94F, गोत्री 10600, नेपाल",29.4059499,81.7177905,0.0,गोत्री 10600,", hindu_temple"
,Unique Path Trekking and Expedition (P.) Ltd,"Chaksibari Marg Thamel, काठमाडौँ 44601, नेपाल",27.7165374,85.3097478,4.9,काठमाडौँ 44601,", trek"
,Ikdi bridge,"9845+9V9, Bajura 10600, नेपाल",29.355909,81.3097231,0.0,Bajura 10600,", tourist_attraction"
,यादबटोल हावा घर,"H4FR+RCF, बबिया 56710, नेपाल",26.574561,87.1410462,4.2,बबिया 56710,", historic_site"