ID,Name,Description,Province,Tags
1,Chapat Ganesh Mandir,chapat ganesh temple is ganesh temple located at chapatbagmati ganesh god is considered to possess the power of removing obstacle curing disease helping in completing difficult task he is worshiped before doing any special task for success and easily coms over endeavor tuesday is the special day to visit the chapat ganesh temple and beside this it is saturday people don ’ t forget to bring god favourite offering like radish ladoos and sesame seed ball,Bagmati Province,"hindu, temple, pilgrimage"
2,Mayadevi Temple,religious site the mayadevi temple is situated inside the lumbini garden of lumbini development zone it is the heart of lumbini and the greater lumbini buddhist circuit glbc it is one of the most ancient temple and sacred site in the lumbini garden where the archaeologist have recognized the exact spot where lord buddha wa born and took his first seven step people can see the different piece of evidence associated with the birth of lord buddha inside and out of the temple,Lumbini Province,"buddhist, pilgrimage"
3,Sikali Mandir,religious site sikali temple lie in the southern part of kathmandu valley at an approximate distance of 10 km the temple is located in an isolated place outside of the main settlement but the surrounding is heavenly sikali mai temple is a huge threestorey temple where goddess rudrayani is worshipped and is considered a the protector of the local and locality it is also believed that once sikhi buddha had come and taught dhamma for local,Bagmati Province,"hindu, temple, cultural"
4,Bala Guru Sadananda,bala guru sadanandas shrine at his ashram in dingla bhojpur rudraksha which ha an important role in hindu spirituality and wellness,Koshi Province,"historical, monument"
5,21st Century Art Gallery,21st century art gallery located in kathmandu 44600 nepal is a renowned art gallery and museum known for it exceptional collection of artwork and the variety of experience it offer to visitor this familyrun establishment managed by two talented brother creates a welcoming atmosphere for art enthusiast and tourist alike the gallery is celebrated for it beautiful and versatile artwork including stunning painting of iconic nepali landscape like annapurna crafted by skilled artist manoj pramod and gunjan visitor often praise the professionalism and care with which purchased artwork are handled and packaged ensuring safe transport to international destination situated in the vibrant thamel area it is a mustvisit destination for anyone exploring kathmandu offering a glimpse into the finest artistry the city ha to offer,Bagmati Province,"art_gallery, museum, cultural"
6,3D Art World - Interactive Museum,the 3d fun art museum is a unique and interactive attraction that blend art imagination and fun designed to engage visitor of all age the museum feature an array of 3d painting and optical illusion that create the illusion of depth and movement unlike traditional art gallery the 3d fun art museum invite you to step into the artwork becoming an integral part of the scene whether you ’ re dodging a dinosaur walking a tightrope or diving into an underwater world the museum offer endless opportunity for creative photography and playful interaction,Bagmati Province,museum
7,Nyatapola Temple,nyatapola temple located in bhaktapur nepal is a magnificent fivestory pagodastyle temple and one of the tallest and most iconic temple in the country built in 1702 by king bhupatindra malla it is dedicated to siddhi lakshmi the tantric goddess embodying strength and protection the temple name nyatapola translates to five story representing it towering structure which stand on a massive fivetiered plinth each tier is guarded by pair of intricately carved stone figure starting with wrestler and moving up to elephant lion griffin and finally goddess symbolizing increasing power nyatapola temple showcase exceptional newar craftsmanship and is a testament to the architectural and cultural heritage of nepal it resilience having survived multiple earthquake make it a symbol of durability and artistic brilliance in the kathmandu valley,Bagmati Province,"hindu, historical, cultural"
8,50 Kilo,50 kilo in nepal typically refers to a location in the kavrepalanchok district along the arniko highway this area named due to it distance of approximately 50 kilometer from kathmandu serf a a significant waypoint on the route connecting kathmandu to the eastern part of nepal including sindhupalchok and dolakha known for it picturesque surroundings and access to lush landscape 50 kilo is a spot where traveler often stop for refreshment during long journey the area reflects nepal typical rural charm surrounded by terraced field and hill offering a glimpse into the country natural beauty and traditional way of life,Bagmati Province,"natural beauty, landmark"
9,52 Bigha,52 bigha is a notable area located in birgunj nepal within the parsa district of province 2 it is a large open space spanning 52 bighas a traditional land measurement unit and hold historical cultural and recreational significance once used for various administrative and public purpose the area ha evolved into a vibrant hub for community activity gathering and event in recent year the nepalese government and local authority have worked to develop 52 bigha a a wellmaintained park and recreational area featuring greenery walking path and space for leisure and exercise it central location in birgunj make it a popular spot for resident and visitor offering a tranquil retreat in one of nepal bustling trade and border city,Madhesh Province,"historical, landmark"
14,Adventure Art Gallery,adventure art gallery is an art gallery that likely combine the theme of adventure and exploration with the artistic expression of local and international artist located in nepal a country renowned for it majestic mountain and diverse landscape adventure art gallery may feature artwork that capture the spirit of adventure nature and culture the gallery could showcase a range of art form including painting photography sculpture and other medium that reflect the beauty and challenge of the natural world particularly the rugged terrain of the himalaya a well a the rich cultural heritage of nepal in addition to exhibiting art adventure art gallery may also serve a a space for cultural exchange workshop and event where artist and visitor can engage in discussion on creativity and exploration the gallery connection to the theme of adventure may inspire art that push boundary challenge perspective and celebrates the thrill of discovery both in the physical world and the world of artistic expression,Bagmati Province,"art_gallery, museum"
17,AS Handicrafts & Art Gallery,a handicraft art gallery is a place in nepal that showcase a wide variety of traditional and contemporary nepali handicraft and artwork the gallery offer visitor a chance to explore the rich cultural heritage of nepal through item such a handcarved woodwork pottery textile and intricate painting it also feature various form of local art including painting and sculpture that reflect nepal diverse tradition and natural beauty the gallery is not only a space for showcasing these work but also serf a a venue for artist to present their creation contributing to the preservation and promotion of nepali craftsmanship visitor can purchase unique piece of art and handicraft making it a popular spot for both local and tourist looking to take home a piece of nepali culture,Bagmati Province,"art_gallery,cultural,museum"
18,Auri Bazar,auri bazar is a popular market located in nepal known for it vibrant atmosphere and variety of good it is often a hub for local commerce offering a range of product from everyday essential to traditional nepali item the bazaar typically feature shop selling clothing jewelry household good food and handicraft making it a lively spot for both local and tourist the market also provides an authentic experience of nepalese culture with it bustling street colorful stall and friendly interaction between vendor and shopper auri bazar serf a a reflection of nepal rich heritage and is a place where visitor can find unique souvenir try local food and immerse themselves in the local way of life,Lumbini Province,"historical,cultural,tourist spot"
19,Aadeshwar Mahadev Temple,the ancient adeshwar mahadev temple is a revered religious site located in ichangu within the nagarjun municipality of kathmandu district nepal perched on a hill the temple is situated a short distance from the main road of ichangu offering a peaceful and spiritual atmosphere for visitor dedicated to lord shiva also known a mahadev the temple is an important pilgrimage site for hindu especially for those seeking blessing and spiritual solace the temple ’ s location on the hill provides a serene environment surrounded by nature making it an ideal place for meditation prayer and reflection it hold historical significance being an ancient temple that ha witnessed century of religious practice local devotee visit the adeshwar mahadev temple regularly particularly during festival such a maha shivaratri to offer prayer and perform ritual the temple simple yet spiritual setting attracts both local and tourist who are interested in experiencing nepal religious heritage,Bagmati Province,"hindu_temple,pilgrimage,historical beauty"
22,Aaidungra,aaidungra parashuram is a location in nepal specifically in parashuram municipality 08 which is situated in the far western region of the country this area is part of the bajura district known for it rural landscape traditional lifestyle and cultural heritage parashuram municipality includes several village and is recognized for it natural beauty including hill river and agricultural field making it an attractive area for those interested in rural tourism or nature exploration the community in aaidungra parashuram primarily engages in agriculture with local festival custom and daily activity reflecting the rich cultural tradition of the region though less frequented by international tourist the area hold significance for local resident and people from nearby town who visit for religious and cultural purpose,Sudurpashchim Province,"tourist attraction,natural beauty,hiking spot"
25,Aane Kuwa,aane kuwa is a wellknown water source located along the khandbari bahrabise road in the dhaupau area with a postal code of 56900 in nepal the term aane kuwa typically refers to a traditional well or water source that is important for local community especially in rural area these type of well are vital for providing fresh water to household and are often a central part of daily life in many nepali village while specific detail about this particular location may not be widely available it is likely that aane kuwa serf a a local water supply for people living in the dhaupau area and surrounding region the well might be part of the community infrastructure serving the need of resident for drinking irrigation and other essential waterrelated task given it location along the khandbari bahrabise road aane kuwa could also be a notable spot for traveler passing through the region offering a glimpse of local life and the importance of water source in rural nepalese community,Koshi Province,amusement_park
26,Ankawa Dam,ankawa dam is a notable location in nepal though specific detail about it may not be widely available in mainstream source generally dam like ankawa dam play important role in water management agriculture and local infrastructure dam in nepal are often used for purpose such a irrigation flood control and providing a water source for community if ankawa dam is located in a rural or remote area it could be significant for the local population in providing water for irrigation and other us additionally such site often attract visitor who are interested in exploring nepal natural landscape and understanding the country water management system for more precise and detailed information especially if you are referring to a specific ankawa dam it might be best to check with local source or government record regarding water project in the region,Madhesh Province,"dam, natural beauty, trekking"
27,Aapchour Picnic Spot,aapchour picnic spot is a scenic destination located in rajahara with the postal code 33000 in nepal this picnic spot is known for it natural beauty and peaceful environment making it an ideal place for family outing gathering and relaxation the site is typically surrounded by greenery providing a refreshing escape from the hustle and bustle of city life visitor to aapchour picnic spot can enjoy activity such a picnicking hiking and enjoying the view of the surrounding landscape the area offer a calm atmosphere for those looking to unwind with the natural surroundings enhancing the experience picnic spot like aapchour are popular among local and tourist alike who come to enjoy the serenity and beauty of nepal rural area whether for a day trip or a short getaway aapchour picnic spot serf a a lovely spot for people to connect with nature and enjoy time with friend and family,Lumbini Province,"picnic, natural beauty"
31,Aasha Church,aasha church is located in majhuwa meghe chautara diktel sadak and lafyang with the postal code 56200 nepal this church serf a a place of worship for the local christian community offering spiritual guidance and a welcoming environment for those seeking to deepen their faith the church is known for it active involvement in the community hosting regular church service prayer meeting and various religious activity aasha church also serf a a hub for social interaction where visitor can engage in fellowship with others participate in community outreach program and be part of local event the church commitment to nurturing spiritual growth and fostering a sense of community make it a significant landmark in the area visitor to aasha church can experience a combination of religious service social activity and a supportive environment contributing to both their spiritual and communal wellbeing,Bagmati Province,"church, religious"
33,Aatitar,aatitar located at 4v23m87 payauuthaana with the postal code 22300 nepal is a notable tourist attraction in the region this location offer visitor a chance to explore the natural beauty and unique cultural aspect of the area surrounded by scenic landscape aatitar is ideal for those looking to enjoy outdoor activity such a hiking sightseeing and experiencing local custom the area provides a peaceful environment making it a great spot for relaxation and nature exploration visitor can also interact with the local community gaining insight into their way of life whether for a short visit or an extended stay aatitar offer a refreshing break for nature lover adventure enthusiast and those seeking to immerse themselves in the local culture and tradition,Sudurpashchim Province,"tourist attraction, natural beauty"
34,Aauridada Picnic Spot,aauridada picnic spot located at 5j7h5w bainaamarae 33300 nepal is a popular destination for both local and visitor seeking a tranquil environment to relax and enjoy nature situated in the bainaamarae area this spot offer a serene atmosphere making it ideal for picnic family gathering and small outing the area is characterized by it lush greenery gentle slope and panoramic view of the surrounding landscape visitor can engage in various activity such a hiking photography and exploring the local flora and fauna the peaceful environment provides an excellent opportunity to unwind and connect with nature for those planning a visit it advisable to check local weather condition and prepare accordingly a the area can be cooler than the surrounding plain additionally while the spot is accessible basic amenity may be limited so bringing necessary supply is recommended,Sudurpashchim Province,"picnic, natural beauty"
35,Abdul Hamidiya Mosque,abdul hamidiya mosque located at 2px979q bhedaihara 44300 nepal serf a a significant place of worship for the local muslim community the mosque offer a variety of experience for visitor including religious service regular prayer and religious gathering are held providing a space for spiritual reflection and community worship cultural engagement visitor can observe and participate in cultural practice gaining insight into islamic tradition and local custom community interaction the mosque act a a hub for social interaction where individual can connect with community member and engage in various activity,Sudurpashchim Province,"mosque, religious"
41,Adi Buddha Handicraft,adi buddha handicraft is a museum and establishment located at patakwogalli lalitpur 44600 nepal it is known for it collection of handcrafted item and artifact visitor can explore a variety of experience related to nepali craftsmanship,Bagmati Province,"museum,cultural heritage"
42,Aesamari Sattal of Taumadhi Square,aesamari sattal located in front of the nyatapola temple in bhaktapurs taumadhi square is a heritage site with significant historical and cultural importance this building wa traditionally used by priest visiting bhaktapur for the biska jatra a major festival in the region it wa also used to house essential element for the festival making it a vital part of the community ’ s annual celebration there are numerous story tied to aesamari sattal one of the most notable being it association with a special puja held during biska jatra this ceremony wa conducted for the salvation of spirit who had met unfortunate death during this time sage would prepare large bread known a roti or mari in the building which eventually led to it name aesamari sattal the building is also renowned for it exceptional wood carving especially the erotic depiction on it strut these carving portray various character and action offering a glimpse into the lifestyle of the era the erotic motif are a unique feature of bhaktapur ’ s architecture and contribute to the city distinct cultural identity visitor can explore these intricate carving and immerse themselves in the rich history and culture of bhaktapur while visiting this heritage site,Bagmati Province,"temple,cultural heritage,historical site"
44,Agnishala Temple,agnishala temple located in patan within the kathmandu valley is a revered religious site with a history spanning over 4000 year this ancient hindu temple hold significant importance for devotee seeking to overcome misfortune caused by unfavorable planetary configuration graha dasha the temple is renowned for it five kundas fire altar each named after prominent deity vishnu kunda brahma kunda shiva kunda surya kunda and savya kunda of these vishnu kunda is particularly notable for having a continuous eternal fire that ha been burning for many year devotee visit the temple to perform hom a religious ritual involving offering in the holy fire of vishnu kunda which is believed to bring happiness and wellbeing the temple is one of the most important shrine in the kathmandu valley especially during the festival of maghe sankranti which mark the welcoming of spring during this time large crowd gather to worship the kundas and the sacred fire additionally buddha jayanti the first day of the month of kartik is considered the anniversary of the temple according to the holy priest hindu devotee from all around the world make pilgrimage to agnishala temple at least once in their lifetime if youre visiting the kathmandu valley this historic and spiritually significant temple is worth a visit,Bagmati Province,"hindu_temple,pilgrimage,historical site"
46,Airport Nagar Children’s Park,airport nagar child ’ s park located in kathmandu 44600 nepal is a popular community playground that provides a variety of experience for visitor it is known for it wellmaintained green space making it a great place for outdoor activity local resident often gather here early in the morning around 500 am to play badminton which add a sense of community and liveliness to the park the park is situated near a milk dairy and just beside the junction after entering from the airport nagar gate it peaceful and clean environment coupled with beautiful surroundings and scenic view make it a great spot for relaxation and recreation the park open space and the greenish ground offer a healthy atmosphere especially for those looking for a break from the busy city life whether for sport socializing or simply enjoying the outdoors the park serf a a central hub for the local community,Bagmati Province,"park,recreational spot,natural beauty"
49,Ajirkot Hill,ajirkot hill is a scenic location situated in hamsapaura nepal identified by the coordinate 4jxqxpc this hill is known for it historical and cultural significance a well a the breathtaking natural view it offer the site is a popular destination for visitor interested in trekking nature walk and experiencing the local culture the hill is often associated with ajirkot rural municipality in the gorkha district a region renowned for it lush landscape traditional village and panoramic view of the surrounding himalayan peak ajirkot hill offer a tranquil environment where visitor can enjoy hiking explore local heritage and learn about the traditional lifestyle of the region ’ s indigenous community additionally the hill vantage point provides stunning view of the surrounding countryside and the majestic himalaya making it an excellent spot for photography and outdoor enthusiast it also ha historical importance and ha been a point of interest for both local and international visitor,Gandaki Province,"monument, trekking, natural beauty"
51,Akmal Mahira,akmal mahira located at chxgrrp in gaowainadapaura nepal is recognized a a museum offering a variety of experience for visitor,Madhesh Province,museum
58,Amaare Chautara,amaare chautara located at 3qjqxch in nepal is recognized a a park offering a variety of experience for visitor,Bagmati Province,amusement_park
59,Amaragadhi Park,amaragadhi park located at 7hrxw85 in amargadhi 10300 nepal is a wellknown park offering a variety of experience for visitor situated in the district headquarters of dadeldhura the park is renowned for it natural beauty including pine tree fresh air and scenic view visitor often appreciate the tranquil environment making it an ideal spot for relaxation and leisure activity the park is open yearround providing a consistent destination for both local and tourist it serene atmosphere and natural surroundings make it a popular choice for those seeking a peaceful retreat,Sudurpashchim Province,"park, natural beauty"
61,Amrit Art Gallery,amrit art gallery located at jh7m53q mahaenadara raajamaaraga khaairahaanaii 44202 nepal is a wellknown art gallery that offer a variety of artistic experience for visitor the gallery is recognized for showcasing a wide range of artwork including painting sculpture and mixedmedia piece with a focus on both traditional and contemporary nepali art visitor can immerse themselves in nepal rich cultural heritage through the art displayed gaining insight into the country history tradition and artistic expression while specific detail such a opening hour and entry fee are not readily available it is recommended to contact the gallery directly or check it official social medium page for the most uptodate information the gallery is easily accessible via local transportation and visitor can use bus or private vehicle to reach the location exploring the gallery provides an enriching cultural experience and nearby attraction offer additional opportunity to explore the region history and art scene,Bagmati Province,"art_gallery,cultural heritage"
63,Anaikot Bhanjyang,anaikot bhanjyang situated in pāchākhāla nepal is a wellknown park offering a variety of experience for visitor located at an elevation of approximately 3771 meter it provides panoramic view of the surrounding landscape feature and attraction scenic view the park offer breathtaking vista of the kathmandu valley and the himalaya making it a popular spot for photography and nature walk hiking trail visitor can enjoy various hiking trail that lead to the anaikot view tower enhancing the overall experience cultural significance the area hold cultural importance with local community often engaging in traditional activity and festival visitor information opening hour specific opening hour are not readily available it is advisable to contact local tourism office or consult official website for the most accurate information entry fee information regarding entry fee is not specified visitor are encouraged to inquire locally or through official channel facility basic amenity are available but visitor are recommended to carry essential such a water and snack how to reach anaikot bhanjyang is accessible via local transportation from kathmandu visitor can use bus or private vehicle to reach the park the journey offer scenic view of the countryside enhancing the travel experience nearby attraction nagarkot known for it sunrise view and panoramic vista nagarkot is a short drive from anaikot bhanjyang and offer additional hiking opportunity buddha peace park located nearby this park provides a serene environment for relaxation and meditation,Bagmati Province,"park,natural beauty,hiking trails"
64,Ananta Bhumi,ananta bhumi located in rukum east nepal is a region known for it natural beauty and cultural significance while specific detail about ananta bhumi are limited rukum east itself is renowned for it picturesque landscape including the rukumkot valley which offer stunning view of the surrounding mountain and forest feature and attraction scenic landscape the area is characterized by lush greenery rolling hill and panoramic view of the himalaya making it a haven for nature enthusiast and photographer cultural heritage rukum east is home to diverse ethnic community each with it unique tradition festival and lifestyle providing visitor with rich cultural experience adventure opportunity the region offer various trekking route allowing adventurer to explore remote village interact with local community and experience the untouched beauty of the himalaya visitor information accessibility rukum east is accessible via local transportation from nearby town and city the journey offer scenic view of the countryside enhancing the travel experience best time to visit the ideal time to visit is during the spring march to may and autumn september to november season when the weather is pleasant and the sky are clear accommodation basic lodging facility are available in the region ranging from guesthouse to homestays offering visitor a chance to experience local hospitality,Sudurpashchim Province,"natural beauty,cultural significance,hiking trails"
66,Ancient Nepal Art Gallery,the ancient nepal art gallery situated in kathmandu nepal is a renowned institution dedicated to showcasing the rich artistic heritage of nepal while specific detail about it location and offering are limited the gallery is known for it diverse collection of traditional and contemporary nepali artwork feature and attraction artistic collection the gallery feature a variety of artwork including painting sculpture and craft that reflect nepal cultural and historical narrative cultural experience visitor can immerse themselves in the artistic expression that have shaped nepalese society over the century,Bagmati Province,"art_gallery,cultural heritage,museum"
67,Ancient Purenwa (Bilash Kunj Durbar),ancient purenwa also known a bilash kunj durbar is a historic palace located near gaur the capital of rautahat district in nepal situated on samanpurgaur road in purenwa gaur 44500 this site offer visitor a glimpse into nepal royal heritage feature and attraction historical significance bilash kunj durbar wa once a royal residence reflecting the architectural grandeur of the rana dynasty today it stand a a testament to nepal rich history cultural experience visitor can explore the palace ground which provide insight into the lifestyle and culture of the era,Madhesh Province,"historic site,cultural heritage,palace remnants"
68,Anikesh Gorkhali Dada,anikesh gorkhali dada is a notable tourist attraction located in dhading besi nepal situated on dhading besi rajmarga 4 nilkantha 45100 this site offer visitor a unique cultural experience,Bagmati Province,"tourist attraction,cultural significance,natural beauty"
69,Animal Shelter Park,animal shelter park located at mf5q6jv jautapani 44200 nepal is a notable zoo offering a variety of experience for visitor situated in the scenic jautapani area the park provides an opportunity to observe and learn about various animal specie in a natural setting feature and attraction diverse wildlife the park is home to a range of animal including native and exotic specie allowing visitor to observe and learn about different animal educational program visitor can engage in educational activity designed to raise awareness about wildlife conservation and the importance of protecting animal habitat scenic environment the park is set in a picturesque location offering a tranquil environment for visitor to enjoy nature and relax visitor information opening hour the park is open daily from 900 am to 500 pm entry fee information regarding entry fee is not specified prospective visitor should inquire locally or through official channel facility basic amenity are available to ensure a comfortable visit,Bagmati Province,"zoo,natural beauty,wildlife conservation"
74,Annapurna Skate Park,annapurna skate park located in pokhara 33700 nepal is a popular recreational spot known for it skateboarding facility and vibrant outdoor environment this park is particularly favored by skateboarding enthusiast and young adventurer looking for a space to practice their skill enjoy some outdoor activity and have fun key feature of annapurna skate park include skateboarding facility the park offer a wellmaintained skateboarding area with ramp rail and various obstacle making it a great place for both beginner and experienced skater active community the park attracts a lively community of local skater who often gather to practice share tip and enjoy the atmosphere visitor can watch impressive trick or even join in if they are interested in skateboarding recreational area apart from the skateboarding facility the park provides a pleasant open space where people can relax socialize or enjoy other activity it is a popular destination for local and tourist alike familyfriendly while the skate park is geared towards skateboarder the surrounding area offer a familyfriendly environment with plenty of room for picnic relaxation and outdoor game scenic location situated in the picturesque city of pokhara the skate park provides a beautiful backdrop of the surrounding mountain adding to the overall experience of being outdoors annapurna skate park is an ideal destination for skateboarding enthusiast and anyone looking to enjoy an active and funfilled day in pokhara surrounded by natural beauty,Gandaki Province,"park,recreational,sports"
75,Anugrah Pabitra Church,anugrah pabitra church also known a anaugaraha pawaitara characha is a gospelpreaching church located in gaindakot11 nawalparasi nepal the church is dedicated to serving the local community by providing a welcoming space for spiritual growth fellowship and worship,Lumbini Province,"church,religious,cultural significance"
76,Anush Art Gallery,anush art gallery located in chibal kathmandu 44600 nepal is a prominent art space dedicated to showcasing the work of local artist founded in 1982 by playwright ashesh malla the gallery is an offshoot of the sarwanam theatre group known for it pioneering political street theatre in nepal,Bagmati Province,"art_gallery,cultural heritage"
77,Anutha Mahato Memorial Trust,the anutha mahato memorial trust located at r8q98r6 pachaurakhai 44500 nepal is a monument dedicated to honoring the legacy of anutha mahato while specific detail about the trust history and activity are limited it is recognized a a point of interest in the region visitor to the site can expect to learn about the life and contribution of anutha mahato a well a the cultural and historical significance of the monument the trust offer a variety of experience for visitor including educational tour and cultural insight,Madhesh Province,"monument,historical,cultural significance"
78,Shivapuri Hill,shivapuri hill located approximately 12 kilometer north of kathmandu stand a the secondhighest hill surrounding the kathmandu valley reaching an elevation of 2563 meter key feature scenic view the summit offer panoramic vista of the langtang himalayan range ganesh himal jugal himal and manaslu mountain providing a breathtaking backdrop for hiker biodiversity the area is rich in flora and fauna with over 500 specie of animal and more than 200 specie of bird making it a haven for nature enthusiast cultural significance the trail pass by nagi gompa a buddhist nunnery offering visitor a glimpse into the spiritual life of the region trekking detail starting point the hike typically begin at budhanilkantha a renowned vishnu temple featuring one of the largest reclining statue of vishnu trail highlight the route ascends through lush forest leading to the summit where trekker can enjoy the expansive view duration the trek is suitable for a day hike with an estimated duration of 5 to 6 hour including time for rest and exploration,Bagmati Province,"trekking,natural beauty,biodiversity"
79,Api Base Camp,api base camp situated in the darchula district of nepal is a renowned trekking destination that offer a unique adventure for nature enthusiast and trekker located at an elevation of approximately 4000 meter the base camp provides stunning view of api himal and nampa peak key feature scenic beauty the trek to api base camp take you through lush forest alongside rushing river and up to panoramic view that will leave you in awe of the majestic himalaya biodiversity the area is rich in flora and fauna with over 500 specie of animal and more than 200 specie of bird making it a haven for nature enthusiast cultural significance the trail pass by nagi gompa a buddhist nunnery offering visitor a glimpse into the spiritual life of the region trekking detail starting point the trek typically begin at makarighad in the darchula district trail highlight the route ascends through lush forest leading to the summit where trekker can enjoy the expansive view duration the trek is suitable for a multiday hike with an estimated duration of 15 day including time for rest and exploration preparation tip permit entry into the api nampa conservation area requires a permit which can be obtained at the park entrance best time to visit the ideal season for trekking are during the spring march to may and autumn september to november month offering clear sky and moderate temperature guide while the trail is wellmarked hiring a local guide can enhance the experience by providing insight into the area ecology and culture api base camp offer a rewarding trekking experience combining natural beauty cultural heritage and panoramic view making it a mustvisit destination for outdoor enthusiast in nepal,Sudurpashchim Province,"trekking,natural beauty,mountains"
81,ArTree Nepal,artree nepal located at m8v7x58 samarpan marg kathmandu 44600 nepal is a renowned art gallery and establishment offering a variety of experience for visitor known for it impressive collection it serf a a platform to highlight social issue especially the voice of minority and marginalized ethnic community in nepal presented through art visitor can explore magnificent artwork that reflect informed and researched perspective on various social topic the gallery is a mustvisit for art enthusiast providing an excellent environment for discovering thoughtprovoking art the showcased piece are powerful offering a glimpse into the rich cultural and social narrative of nepal whether youre an art lover or someone interested in learning about the social issue impacting the country artree nepal is a perfect place to visit and appreciate the blend of creativity and meaningful expression,Bagmati Province,"art_gallery,cultural significance,social awareness"
82,Aradhana Jyoti Church,aradhana jyoti church located at j7gq9gr dakashainakaalaii 44600 nepal is a wellknown religious site known for being a place of worship the church offer a welcoming atmosphere for visitor and spiritual seeker it provides various experience for those looking to connect with the community engage in religious service and explore the church peaceful surroundings whether for personal reflection attending church service or engaging in the church outreach program aradhana jyoti church serf a a significant place for those in the area,Bagmati Province,"church,religious,cultural significance"
83,Araniko Newa And Traditional Arts,araniko newa and traditional art located at patan durbar square near the krishna temple in lalitpur 44600 nepal is a renowned establishment celebrated for it art gallery and cultural offering the gallery showcase a collection of newa and traditional art providing a rich experience for visitor interested in nepalese craftsmanship history and culture the establishment is situated within the historic patan durbar square a unesco world heritage site further enhancing the experience by immersing visitor in the vibrant atmosphere of one of the oldest city in the kathmandu valley visitor can explore exquisite artwork engage with the rich heritage of the newar community and appreciate the intricate tradition that have shaped nepalese art over century whether youre a local or international tourist araniko newa and traditional art offer a unique and educational journey into the artistic and cultural heart of nepal,Bagmati Province,"art_gallery,cultural heritage,historical site"
87,Arichour Picnic Spot,arichour picnic spot is a wellknown location situated in dhanachaaura arghakhanchi nepal it is recognized for being a popular picnic destination offering visitor a peaceful and scenic environment to relax and enjoy nature the spot is ideal for family gathering friend or tourist looking to experience the serene landscape and lush greenery of the region visitor can enjoy picnic outdoor activity and breathtaking view of the surrounding hill and valley arichour picnic spot is a great place to connect with nature and have a memorable time in a tranquil setting,Lumbini Province,"picnic,natural beauty,family-friendly spot"
88,Arts Nepal Gallery,art nepal gallery is a renowned art gallery located in sagarmaatha bazaar paryatan marg kathmandu nepal known for showcasing a wide range of traditional and contemporary nepali art it serf a both an art gallery and a store visitor can explore diverse art piece that represent the rich cultural heritage of nepal including painting sculpture and handcrafted item the gallery offer a unique opportunity for art lover to appreciate the creativity of local artist and purchase artwork for personal collection art nepal gallery is also recognized a a point of interest for those interested in exploring the art scene in kathmandu,Bagmati Province,"art_gallery,cultural heritage,tourist attraction"
89,Artudio,artudio is a wellknown art gallery and creative space located at p76qjvq chhauni hospital rd kathmandu 44600 nepal this vibrant art hub is recognized for being a center for visual art and a point of interest for art enthusiast artudio offer a variety of experience for visitor including art workshop photography session and painting class it is a space that encourages creativity and interaction making learning an enjoyable experience rather than a formal study the gallery host a large hall with a balcony where various performance and instructional session are held many mentor including renowned artist like kailash shrestha and tshering karma guide participant in exploring their artistic talent artudio offer class for all age group and it is particularly known for it kidfriendly environment fostering creativity and artistic development among young learner artudio is not only a gallery but also a community where artist of all level can gather collaborate and express their creativity whether youre a seasoned artist or someone just starting to explore the world of art artudio provides a welcoming and inspiring space to learn and grow,Bagmati Province,"art_gallery, cultural hub"
92,Aryal Batikaa,aryal batikaa is a wellknown park located along the gulariya nepalganj highway 7 21900 nepal this park offer a variety of experience for visitor including recreational activity and relaxation in a natural setting it is open yearround 247 allowing visitor to enjoy it amenity at any time,Lumbini Province,"park, recreational spot"
96,Ibahi Thura Stupa,the stupa ibahi thura also known a the northern ashokan stupa located in patan nepal this stupa is one of the four ashokan stupa that demarcate the ancient boundary of patan believed to have been erected by emperor ashoka in the 3rd century bce key feature of ibahi thura perimeter and structure the stupa ha a perimeter of 6062 meter it feature a vedika railing of 15 meter in height and a dome rising to 55 meter atop the dome sits a square harmika crowned with a 13step cakravali and a yasti spire buddha image the vedika house five buddha image with their consort with the exception of tathagata vairocana architectural resemblance the structure bear similarity to the swayambhunath stupa in kathmandu noted for it complexity compared to the other three ashokan stupa in patan historical context emperor ashoka a prominent proponent of buddhism is credited with constructing these stupa during his visit to the kathmandu valley the four stupas—lagan thura south teta thura east pucho thura west and ibahi thura north—serve a historical marker of patans ancient city limit and reflect the rich buddhist heritage of the region visiting ibahi thura situated in the northern part of patan ibahi thura is accessible to visitor interested in exploring nepal ancient buddhist architecture it resemblance to the swayambhunath stupa offer insight into the architectural style prevalent during emperor ashokas era,Bagmati Province,"historic site, buddhist heritage"
97,Ashoka Handicrafts,ashoka handicraft located at nagbahal khachhen 44700 lalitpur nepal is a notable venue recognized for it contribution to the preservation and promotion of nepalese art and culture this site operates a a combination of an art gallery museum store and point of interest offering visitor diverse experience key feature art gallery showcase traditional and contemporary nepalese art piece highlighting the craftsmanship and artistry rooted in the region ’ s heritage museum section provides insight into local culture and history through display of handcrafted item traditional artifact and historical relic handicraft store offer a wide range of locally made product including metal craft wood carving thangka painting jewelry and textile these item are sought after by collector and tourist for their authenticity and craftsmanship cultural experience visitor may have the opportunity to witness artisan at work gaining insight into traditional crafting technique that have been passed down through generation significance cultural preservation the establishment support local artisan and play a role in preserving nepalese traditional art tourist destination due to it blend of cultural heritage and craftsmanship it attracts art lover historian and tourist interested in nepal vibrant tradition location highlight situated in nagbahal a historic area in lalitpur known for it rich cultural heritage and proximity to other significant landmark such a patan durbar square the peaceful setting of nagbahal complement the artistic ambiance of ashoka handicraft making it a serene spot for cultural exploration visitor information opening hour it recommended to check their official website or contact them for uptodate opening hour accessibility easily accessible from central lalitpur and kathmandu by local transport,Bagmati Province,"art_gallery, museum"
99,Atelier 2 Fine Art Gallery,atelier 2 fine art gallery located on dallu aawas marg kathmandu is a mustvisit destination for art enthusiast seeking to explore contemporary nepali art during my visit i discovered a truly unique collection of work that beautifully showcase the talent and creativity of local artist the gallery offer a warm and inviting atmosphere making it a delightful space for art exploration the host were exceptionally welcoming creating a homely experience that made my visit even more memorable their hospitality and passion for art made it clear that this gallery is more than just a showcase—its a cultural hub where art and community come together i highly recommend atelier 2 to anyone interested in appreciating authentic and thoughtprovoking nepali art,Bagmati Province,"art_gallery, cultural hub"
103,Aurahi Hanuman Mandir,aurahi hanuman mandir situated at j8h2378 hulaaki sadak aurahi 56500 nepal is a revered hindu temple dedicated to lord hanuman the deity known for his unwavering devotion and strength this temple serf a a significant spiritual center for the local community and offer visitor a profound cultural experience historical and cultural significance the temple stand a a testament to the rich religious heritage of the region it is a place where devotee gather to seek blessing and participate in various religious ceremony the architecture of the temple reflects traditional nepali design featuring intricate carving and a serene ambiance that enhances the spiritual atmosphere experience for visitor religious observance visitor can observe and partake in daily ritual and special ceremony held at the temple providing insight into hindu religious practice cultural immersion the temple offer an opportunity to engage with the local community learn about their custom and experience the vibrant cultural tapestry of the area scenic surroundings located in a tranquil setting the temple surroundings are ideal for reflection and meditation allowing visitor to connect with nature and spirituality visitor information accessibility aurahi hanuman mandir is accessible via local road from nearby town traveler can reach the area by bus or private vehicle best time to visit the ideal time to visit is during the cooler month from october to march when the weather is pleasant for exploration,Madhesh Province,"hindu_temple,religious site"
105,Aviation Museum,the aviation museum in kathmandu located in sinamangal offer a fascinating look into the history of aviation in nepal situated near tribhuvan international airport on the left side of ring road this museum is housed in a retired fokker100 aircraft which add a unique and immersive touch to the experience the museum showcase a variety of aircraft model a well a informative exhibit that highlight the evolution of aviation in nepal particularly focusing on the challenge of flying in the himalayan region visitor can explore the museum wellcurated display which include detailed account of aviation role in connecting nepal remote community there are also interactive exhibit making it a great place for child to learn about aviation while having fun additionally there is a small playground with a swing and slide for kid although the museum offer an educational experience some visitor feel that the number of exhibit and activity could be expanded to make the experience more engaging and enjoyable especially for family the museum ’ s ticket price are quite affordable with r 125 for student and r 250 for adult making it accessible to a wide range of visitor despite it small size the museum provides valuable insight into nepal aviation history and it particularly recommended for aviation enthusiast student and family looking for an interesting and unique experience the museum location near the airport make it easy to combine with other activity in the city however during heavy rain visitor may find it a bit challenging a there is limited sheltered space outside the aircraft overall the aviation museum offer a great introduction to aviation history and is a mustvisit for anyone interested in aircraft and aviation technology it ’ s a wonderful place to spend a few hour particularly for school child family and aviation lover,Bagmati Province,"museum,tourist attraction"
106,B.P Park Ilam,b p park located in ilam nepal is a serene and picturesque destination that offer visitor a tranquil environment to relax and enjoy nature situated in the eastern region of nepal ilam is renowned for it lush tea garden rolling hill and vibrant cultural heritage feature and attraction natural beauty the park is surrounded by verdant landscape providing a peaceful retreat for nature enthusiast and those seeking respite from urban life cultural significance ilam is known for it rich cultural heritage and the park serf a a hub for local event and gathering offering visitor a glimpse into the tradition and lifestyle of the region tea garden the area is famous for it tea plantation and visitor can explore the nearby tea estate to learn about the teamaking process and enjoy fresh brew visitor information accessibility ilam is accessible by road from major city like kathmandu and biratnagar the park is located within the town making it easily reachable by local transportation best time to visit the ideal time to visit is during the cooler month from october to march when the weather is pleasant for exploration accommodation there are several hotel and guesthouse in ilam offering comfortable stay for visitor for instance skyscanner provides a list of affordable hotel near b p park,Koshi Province,"park,natural beauty,cultural hub"
109,Bhusune Jungle,bhusune jungle located along the harkapurokhaldhunga road in siddhicharan municipality okhaldhunga district nepal is a serene natural area known for it lush greenery and fresh air situated at coordinate 7fgr85g it offer visitor a tranquil environment to enjoy the outdoors feature and attraction natural beauty the jungle is rich in flora and fauna providing a peaceful retreat for nature enthusiast fresh air the area is renowned for it clean and oxygenrich atmosphere making it an ideal spot for relaxation and rejuvenation accessibility located along the harkapurokhaldhunga road the jungle is easily accessible by road visitor information best time to visit the jungle is accessible yearround but it advisable to check local weather condition before planning your visit facility basic amenity are available in the nearby area visitor are encouraged to carry essential such a water and snack activity visitor can enjoy nature walk bird watching and photography,Koshi Province,"park,nature retreat,wildlife spot"
111,BK ART Gallery,bk art gallery located on kumaripati mai road in kathmandu nepal is a renowned art gallery and store offering a variety of experience for visitor the gallery showcase a diverse collection of artwork including painting and sculpture primarily focusing on nepali landscape and cultural theme feature and attraction art exhibition the gallery regularly host exhibition featuring the work of bk nar bahadur a distinguished nepali artist known for his mountain and buddhathemed painting these exhibition provide insight into the rich artistic heritage of nepal workshop and event bk art gallery organizes workshop and live painting session offering visitor the opportunity to engage with artist and learn about various painting technique these event are suitable for both art enthusiast and aspiring artist art sale the gallery serf a a store where visitor can purchase original artwork print and other artrelated item making it an excellent place to acquire unique souvenir or enhance personal collection,Bagmati Province,"art_gallery,cultural hub,souvenir shop"
115,BP Smriti Pratikshalaya,bp smirti pratikshalaya also known a the bp memorial park is a significant landmark located at vrhp6pq syangja chapakot road chapakot 33800 nepal this park is dedicated to bishweshwar prasad koirala bp koirala nepal first democratically elected prime minister and serf a a tribute to his contribution to the nation feature and experience historical significance the park honor bp koiralas legacy offering visitor a space to reflect on his role in nepal political history memorial structure the park feature a statue of bp koirala along with plaque and inscription detailing his life and achievement recreational space visitor can enjoy the park serene environment making it suitable for relaxation and contemplation visitor information accessibility the park is accessible via syangja chapakot road with local transportation option available from nearby town nearby attraction chapakot is known for it natural beauty including scenic view of the himalaya and local cultural site a visit to bp smirti pratikshalaya offer a meaningful experience combining historical education with the opportunity to appreciate the natural beauty of the region,Gandaki Province,"park, cultural significance"
116,Buddha Park Boudhanath,buddha park located near boudhanath in kathmandu nepal is a serene and peaceful destination offering a unique experience for visitor situated in close proximity to the famous boudhanath stupa this park provides a tranquil escape from the bustling city life it is a popular tourist attraction and point of interest known for it peaceful ambiance beautiful temple and stunning view the park feature a peaceful environment with a pond washroom facility and a newly developed area designed specifically for child making it an ideal familyfriendly destination the area is less crowded than the nearby boudhanath stupa allowing visitor to enjoy a more relaxed experience visitor can enjoy the beautiful surroundings take in the view from the terrace and witness monk in their daily routine a notable feature of the park is it dedication to rinpoche padmasambhava adding a spiritual aspect to the experience the park also provides an opportunity for reflection and peace making it an ideal spot for those seeking a tranquil setting it ’ s a relatively quiet place allowing visitor to feel a sense of calm and peace especially in the morning whether youre looking to explore nepal buddhist heritage or simply enjoy the beautiful atmosphere buddha park offer an enriching experience,Bagmati Province,"park, tourist attraction"
117,Baala Falls,baala fall also known a baala jharana is a picturesque waterfall located in bardev konjyosom lalitpur nepal situated approximately 25 kilometer southeast of kathmandu this natural attraction offer visitor a serene environment to relax and enjoy the beauty of nature feature and experience natural swimming pool the base of the waterfall form a natural pool making it an ideal spot for swimming and cooling off especially during the warmer month scenic beauty surrounded by lush greenery and tranquil surroundings baala fall provides a peaceful retreat from the city hustle and bustle photography opportunity the cascading water and verdant backdrop offer excellent opportunity for photography enthusiast visitor information accessibility baala fall is accessible via a short hike from the nearest road visitor should be prepared for a moderate walk through natural terrain facility basic amenity are limited in the immediate vicinity of the fall it advisable to carry essential such a water and snack best time to visit the waterfall is most impressive during the monsoon season june to september when the water flow is at it peak however the area remains accessible yearround nearby attraction phulchoki hill located nearby phulchoki hill is the highest point in the kathmandu valley offering panoramic view and hiking trail kushadevi temple a revered hindu temple situated in the vicinity attracting pilgrim and visitor alike,Koshi Province,"waterfall, natural beauty"
120,Babu Ratna Stone Carving,babu ratna stone carving located at mangalabazar road in lalitpur nepal is a notable establishment renowned for it intricate stone carving this location is celebrated for it rich cultural heritage and craftsmanship offering visitor a unique opportunity to explore the art of stone carving the site operates a both a museum and a point of interest showcasing a variety of stone carving that reflect the traditional technique and artistry of nepal the carving at babu ratna stone carving often feature religious and cultural theme making it an important cultural attraction for those interested in nepal artistic heritage visitor to the site can observe the detailed work involved in the creation of these carving and gain insight into the history of this art form it is an excellent place for art lover tourist and anyone fascinated by the skilled craftsmanship of nepalese artisan,Bagmati Province,"museum, cultural heritage"
121,Bachha and Buddha Park,bachha and buddha park located in bhimphedi makwanpur district nepal is a notable destination for visitor interested in cultural and recreational experience situated at g4gpjcq bhimphedi 44100 nepal the park offer a serene environment for relaxation and exploration tripcom the park is known for it wellmaintained ground making it an ideal spot for leisurely walk picnic and enjoying the natural surroundings visitor can immerse themselves in the tranquil atmosphere away from the hustle and bustle of city life for those planning a visit the park is open 24 hour allowing flexibility in scheduling while specific entry fee are not listed it advisable to check for any update or change before planning your visit,Bagmati Province,"park, recreational spot"
123,Badrinath Temple,the badrinath temple is a historical and spiritual landmark located in nepal the temple is believed to have been built in the 17th century by king bhupatindra malla it originally featured the shikhara architectural style but following the devastating earthquake of 1990 b bikram sambat it wa temporarily reconstructed with traditional nepalese roofing after the 2015 earthquake the temple wa restored to it original shikhara style maintaining the grandeur and spiritual significance of the structure the temple is dedicated to harihar which is a deity that symbolizes the combined form of lord shiva and lord vishnu this merging deity is known a badri narayan or badrinath after which the temple is named the badrinath temple is also a part of the sacred char dham pilgrimage circuit making it an important site for hindu devotee it continues to be a place of worship and reverence drawing visitor who seek spiritual solace and wish to experience the temple rich history and heritage key highlight historical significance built in the 17th century and restored after two major earthquake deity house the statue of badri narayan a combination of lord shiva and lord vishnu cultural and religious importance part of the char dham pilgrimage making it a vital site for hindu pilgrim restored architecture now restored to it original shikhara style after the 2015 earthquake this temple remains a key pilgrimage destination reflecting the deeprooted spirituality and heritage of nepal,Bagmati Province,"hindu_temple, pilgrimage"
126,Bageshwori Nagarkot Suspension Bridge,bageshwori nagarkot suspension bridge is a wellknown location located on telkot nagarkot road in nagarkot nepal it is a popular spot for visitor interested in hiking and enjoying scenic view key feature suspension bridge the bageshwori nagarkot suspension bridge is an iconic structure that offer stunning panoramic view of the surrounding hill valley and landscape it is a popular destination for those who enjoy walking across suspension bridge while admiring the beauty of nature hiking destination the bridge is part of a hiking trail that take visitor through the natural beauty of nagarkot a hill station famous for it sunrise and sunset view it is an excellent spot for hiking enthusiast and nature lover scenic view from the bridge you can enjoy view of the kathmandu valley a well a the surrounding mountain including langtang ganesh himal and other peak the area is known for it fresh air and serene atmosphere making it a perfect getaway for those seeking tranquility easy access located near the village of telkot the bridge is easily accessible by foot from various point in nagarkot making it a convenient stop for traveler,Bagmati Province,"hiking,natural beauty"
129,Bagmati Nagar Park,bagmati nagar park is a wellknown location situated at p975wwp kathmandu 44600 nepal it is recognized for being a park and point of interest offering a variety of experience for visitor the park is currently under construction and it is expected to be a peaceful and recreational area for the local community once completed,Bagmati Province,"park, point_of_interest, establishment"
138,"Bajhakot (Than Dada, Lekh)",location the area is situated at xp3pjq8 which likely refers to a location code in google map located in bajhakot rewati road waalainga 10 nepal this specific place could be part of a popular trekking route or a village area with beautiful landscape tourist attraction bajhakot particularly the than dada a ridge or hill and lekh meaning ridge or hill in nepali is known for it natural beauty and panoramic view of the surrounding hill and valley the area is likely to attract those interested in hiking nature walk and photography,Gandaki Province,"tourist_attraction,natural beauty"
139,Bajrabarahi Park,the park is located near the bajrabarahi temple which is dedicated to bajra barahi a goddess associated with protection and power in nepali hinduism this temple is a major site for local pilgrim and many visit to perform religious ritual natural beauty the park offer a peaceful natural environment with greenery garden and walking path that visitor can enjoy it is a great place to relax and unwind surrounded by the beauty of the kathmandu valley cultural importance the area around the temple and park is culturally significant and visitor may have the chance to witness local festival and ritual performed by the local the bajrabarahi temple itself hold religious importance in the region scenic view the park provides view of the surrounding hill and countryside making it an excellent spot for those interested in nature photography or simply enjoying the landscape,Bagmati Province,"park,natural beauty,cultural hub"
140,Bajrakirti Mahabihar,bajrakirti mahabihar is a significant buddhist monastery in nepal known for it historical spiritual and cultural importance it is an ideal place for pilgrim spiritual seeker and anyone interested in learning more about buddhist practice and experiencing nepal rich buddhist heritage,Bagmati Province,"historic site,buddhist heritage"
142,Bakaiya Temple,the bakaiya temple is not just a place of religious activity but also a historical monument it architecture along with the religious practice observed here offer visitor a glimpse into the spiritual and cultural heritage of the region the temple ’ s structure and artifact reflect the traditional art and design of nepali hindu temple making it an interesting spot for those interested in both religious practice and history visitor can immerse themselves in the local culture by participating in the temple ritual or simply observing the spiritual atmosphere that surround it,Bagmati Province,"monument,hindu_temple,cultural significance"
144,Bal Gauri Mai,bal gauri mai also known a bal gauri pathivari mai is a revered hindu religious site located in ichhakamana within the chitwan district of nepal the temple is dedicated to bal gauri mai a goddess worshipped by the local hindu community this temple hold great spiritual and cultural significance for devotee who visit to seek blessing and perform religious ritual bal gauri mai is particularly important during festival and special occasion when local and pilgrim gather to offer prayer light incense and participate in ceremony dedicated to the goddess it is a site of devotional worship where people seek protection prosperity and wellbeing the temple ’ s peaceful surroundings and religious significance make it an important place of pilgrimage for those living in the region and for visitor who wish to connect with nepali hindu tradition additionally the spiritual atmosphere and the serene natural environment around the temple enhance the religious experience for those who come seeking spiritual solace bal gauri mai serf a both a religious landmark and a cultural hub where visitor can explore the local hindu custom ritual and practice,Gandaki Province,"hindu_temple,pilgrimage,cultural significance"
145,Balaguru Shivalaya Dham,balaguru shivalaya dham is a significant religious site located in the maijogmai rural municipality1 specifically on a hill to the southwest of nayabazar in nepal this temple hold both religious and historical significance and is dedicated to lord shiva the temple is an attractive threestoried structure that welcome devotee at any time with regular pujas ritual prayer performed daily the temple ’ s central idol of lord shiva is placed on the east side and in front of the temple is balagurus tomb honoring the figure of balaguru who played a significant role in the establishment of the area balaguru shivalaya dham is not only a place of worship but it also hold historical importance in the region it is believed that balaguru cleared the dense forest and founded nayabazar around the year 2011 b approximately 1954 ad prior to this around 2006 b balaguru is said to have arrived in the area and began living in a hut eventually contributing to the establishment and development of the locality his influence is marked by the temple that honor him a well a the tomb that stand at the front of the temple the temple complex also feature a sanskrit gurukul school where student learn the ancient sanskrit language it literature grammar and religious ritual the gurukul offer residential accommodation for student who come from various part to study and live within the temple ground balaguru shivalaya dham offer a blend of spirituality history and education making it a notable destination for devotee history enthusiast and those interested in learning about sanskrit and hindu ritual the temple ’ s serene location and it deep historical root create a peaceful and meaningful environment for visitor,Koshi Province,"hindu_temple,historical site,cultural hub"
146,Balaju Park,balaju park located at p8m2gfm trishuli highway kathmandu 44600 nepal is a popular park and amusement park that attracts both local and tourist this tranquil park offer a variety of experience making it a perfect place for relaxation outdoor activity and cultural exploration the park is renowned for it peaceful environment with greenery that provides a welcome respite from the noise of the city visitor can enjoy the wellmaintained garden at the entrance although some area of the park could benefit from further attention the park is ideal for couple family and friend offering space for picnic leisurely stroll and exercise in the morning you will find many people running walking practicing meditation or engaging in exercise it is also a great place for those looking to start their day in a calm and refreshing environment additionally the park ha multiple water body with fish including small pond that add to it charm balaju park is not only a place of natural beauty but also hold cultural significance the park feature 22 stone tap or dhara which were constructed in the 17th century by king jay prakash malla with one additional dhara added by king jayasthiti malla these historic water feature are part of the park rich heritage the park is also home to a hindu temple and a sleeping statue of lord vishnu a replica of the budanilkantha statue adding to it religious and cultural importance monkey are often seen in the park which add to the natural wildlife experience though they may occasionally cause a little disruption despite some area being less maintained the park remains a charming and peaceful spot to spend time away from the hustle and bustle of the city balaju park is easily accessible from the ring road and is a favorite spot for those who enjoy nature culture and serenity whether youre visiting for the historic monument the beautiful garden or simply to relax and enjoy a day with family or friend balaju park offer something for everyone it a great place to unwind enjoy nature and experience a mix of cultural and recreational activity,Bagmati Province,"park,tourist attraction,natural beauty,cultural hub"
147,Balaute Bhanjyang,balaute bhanjyang is a scenic hilltop viewpoint located in bhojpur district eastern nepal it is a popular spot known for it stunning panoramic view of the surrounding landscape including the rolling hill valley and nearby mountain range the viewpoint offer a unique opportunity to witness the natural beauty of the region and is frequently visited by trekker hiker and nature lover this location is also significant for being a popular hiking destination with trail leading up to the viewpoint through lush forest and rural landscape it provides an excellent opportunity for outdoor activity such a trekking photography and enjoying the peaceful surroundings balaute bhanjyang is a point of interest for both local and tourist offering a serene environment for those seeking a break from the bustling city life the viewpoint is easily accessible from nearby village and the hike to the top is considered moderate in difficulty making it suitable for a wide range of visitor including family and seasoned hiker the area around balaute bhanjyang also hold cultural significance a it is close to local community with rich tradition and lifestyle which can add to the overall experience for those visiting the site,Koshi Province,"viewpoint,natural beauty,hiking trails"
148,Balbahadur Statue,the balbahadur statue is a notable landmark located along harkapurokhaldhunga road in siddhicharan municipality okhaldhunga district nepal geographic code 8g443qg this statue is dedicated to balbahadur a prominent figure or hero celebrated in the area and it hold cultural and historical significance the site around the statue offer visitor the opportunity to learn more about local history a well a appreciate the beautiful natural surroundings of the area the statue is positioned in a parklike setting making it a place of interest for those who are interested in both cultural heritage and natural beauty it is a peaceful spot for reflection and it offer an excellent vantage point to enjoy the view of the surrounding landscape visitor to the balbahadur statue can engage in photography explore the area or simply enjoy the tranquil environment the location is ideal for people who are looking to connect with both the history and scenery of this region of nepal,Koshi Province,"monument,cultural significance,natural beauty."
149,Balkumari Mandir Chakrabahil,balkumari mandir chakrabahil is a religious site in the kathmandu valley specifically located in chakrabahil which is an area within lalitpur patan this temple is dedicated to balkumari a form of the hindu goddess durga and hold significant religious and cultural importance for the local communitybalkumari mandir chakrabahil is a place of worship where devotee gather to offer prayer perform ritual and celebrate festival related to the hindu goddess durga the temple is known for it peaceful and serene environment making it a popular destination for local worshipper and those seeking spiritual solace it play a crucial role in the religious life of the people in the chakrabahil area with several cultural and religious activity taking place throughout the year like many other hindu temple balkumari mandir chakrabahil becomes a center of activity during major hindu festival like dashain and tihar where the goddess is honored with various ritual and prayer,Bagmati Province,"hindu_temple,religious site,cultural significance"
150,Balkumari Picnic Spot,balkumari picnic spot is an excellent place for family friend and individual looking to enjoy the beauty of nature while also exploring the cultural and spiritual aspect of the region whether youre having a picnic taking a short hike or simply enjoying the peace and quiet it is a wonderful escape from the hustle and bustle of the city,Bagmati Province,"picnic,natural beauty,cultural hub"
151,Balkumari Temple,religious site balkumari of madhyapur thimi is worshipped a one of the four kumaris of kathmandu valley the local people praise her a their guardian deity they also perform their livelihood ceremony like marriage and barthabandha over therethe balkumari temple ha a brickpaved rectangular courtyard also the minor and major deity within it like the digu bhairava templethe temple itself is of a threefalsehood which ha amusingly impressive hanging pataas it also ha a column in front of it which ha a beautiful representation of a peacock there were more peacock in it tier corner but they all were stolen leaving one among themthat s why it wa once sealed with strong iron bar including the balkumari temple but now the iron bar have been removed and the temple is in it initial face,Bagmati Province,"hindu_temple,historical site,cultural significance"
153,Balthali View Point,balthali view point is a popular destination located near khopashi en route to balthali in the panauti municipality nepal situated at an elevation it offer breathtaking view of the surrounding mountain range and lush landscape the viewpoint provides panoramic vista of the himalayan mountain including langtang and gosaikunda a well a beautiful view of the panauti valley the area is known for it peaceful atmosphere making it an ideal spot for trekking photography and nature walk visitor often hike from khopashi to balthali a journey that take them through picturesque village terraced field and dense forest the trek is considered moderate in difficulty and it is a favorite among both local and international trekker thing to experience scenic view of the himalaya visit to the charming balthali village walk through traditional newar village and terraced field ideal for nature walk photography and peaceful retreat if youre looking for a short yet rewarding trek with an opportunity to experience local culture and stunning landscape balthali view point is a wonderful choice,Bagmati Province,"trekking,natural beauty,hiking trails"
154,Banasthali Children Park,banasthali child park is a popular amusement park located in chanadara gairai near kathmandu nepal situated at m6rhx96 this park is a wellloved spot for both child and family offering a variety of fun activity and entertainment option the park is equipped with various playground ride and amusement structure making it an ideal location for child to enjoy a day out it provides a safe and enjoyable environment with attraction such a swing slide and more for younger visitor a well a open space for relaxation and family picnic banasthali child park is especially popular on weekend and holiday drawing local resident a well a tourist looking for a familyfriendly destination in kathmandu it a great place to enjoy outdoor activity and bond with family in a fun and vibrant atmosphere,Bagmati Province,"amusement_park,recreational spot,family-friendly"
156,Banbatika Park,banbatika park is a wellknown scenic park located in tilottama shankarnagar rupandehi district nepal positioned at coordinate 276527416 834824252 it is a popular local holiday destination especially due to it proximity to the bishwasukh shanti buddha vihar the park offer a variety of feature that make it a favorite for family and visitor looking to enjoy a peaceful day out these include a mini zoo swing shaded area beautiful flower and ample space for child to play the park also provides safe drinking water and is designed to be a safe open space for recreation banbatika park is considered an ecotourism center and a popular spot for picnic and relaxation visitor can explore the park natural beauty enjoy outdoor activity or visit the research centre it is easily accessible via route no1 microbus from golpark passing through traffickchowk milanchowk and jogikuti in shakarnagar chowk,Lumbini Province,"park,natural beauty,cultural hub"
157,Banbatika Zoo,banbatika zoo is a popular zoo located at mf3pj33 tailaotatamaa rupandehi district nepal it is known for offering a variety of experience for visitor making it an ideal destination for family picnic and childrens entertainment the zoo feature various wild animal and a childrens park making it a great spot for both adult and child to enjoy visitor can explore the zoo to see different specie and engage in outdoor activity the park also offer picnic spot and provides a natural environment for those looking to spend some peaceful time,Lumbini Province,"zoo,natural beauty,family-friendly spot"
161,Banke National Park,established in 2010 banke national park is nepal tenth national park covering approximately 550 square kilometer in the midwestern region it is situated in the banke district and is connected to bardia national park to the west forming a vital wildlife corridor the park feature diverse ecosystem including sal forest riverine forest savannah and grassland supporting a rich array of flora and fauna notably it is home to endangered specie such a the royal bengal tiger onehorned rhinoceros and asian elephant,Lumbini Province,"park,wildlife,natural beauty"
168,Barahathwa GhantaGhar,barahathwa ghantaghar or the clock tower is a prominent landmark located in the barahathwa municipality this clock tower stand a a symbol of time and is a gathering point for local and visitor it is particularly known for it historical and cultural significance in the town the tower is often used a a meeting place and it hold a central position in the town daily life the ghantaghar is also an important landmark for traveler who pas through the area a it is easily visible from various point in the municipality,Madhesh Province,"landmark,tourist attraction,cultural significance."
169,Barahi Temple Paddha Dang Rapti,situated in the picturesque paddha dang area near the rapti river barahi temple is dedicated to goddess barahi a fierce incarnation of goddess durga the temple is a significant religious site for hindu especially during festival like barahi jayanti when the area becomes a focal point of worship and celebration the temple is surrounded by beautiful natural scenery which add to it spiritual and tranquil atmosphere many pilgrim come to the temple to seek blessing for prosperity and peace making it a prominent center of spirituality in the region,Lumbini Province,"hindu_temple,pilgrimage,natural beauty."
170,Baraily Kul Temple,the baraily kul temple is located in the baraily area though specific detail about it history are not widely available however it is known a a sacred hindu temple where local resident come to worship and perform religious ritual the temple is recognized for it peaceful surroundings and cultural importance in the community many festival and religious event are celebrated here making it an essential part of the local culture and spiritual practice,Lumbini Province,"hindu_temple,cultural significance"
173,Bardagoriya Kanyaraja Temple,bardagoriya kanyaraja temple is a wellknown location located at m3j35j8 daudaodhaaraa 10900 naepaala it is known for being a monument it offer a variety of experience for visitor,Sudurpashchim Province,"hindu_temple,monument"
174,Bardghat Nawalparasi,bardghat is a town in nawalparasi district situated along the bank of the narayani river the area is known for it natural beauty including river view and surrounding hill bardghat serf a a transit point for traveler heading towards the chitwan national park and other destination in the terai region the town ha a mix of urban and rural characteristic with market school and local business contributing to it economy,Lumbini Province,"picnic,natural beauty"
175,Bardibas Baptist Church,the bardagoriya kanyaraja temple is a significant hindu temple located in bardagoriya kailali district dedicated to kanyaraja a revered deity the temple attracts devotee especially during religious festival the temple architecture and serene surroundings make it a notable site for both worship and cultural gathering,Madhesh Province,"church,religious site"
177,Barghar Sadak,barghar sadak also known a barghar road is a notable road in the barghar area of nepal while specific detail about the road are limited it is known to be a significant route connecting various part of the region the road is used for transportation and access to nearby area contributing to the local infrastructure and connectivity,Sudurpashchim Province,"hiking,nature trail"
178,Barhabise Masar,barhabise masar located in ilam district nepal is a notable area known for it natural beauty and cultural significance ilam often referred to a the queen of hill is renowned for it tea garden lush landscape and serene environment while specific detail about barhabise masar are limited the region offer a variety of experience for visitor including tea garden ilam is famous for it tea plantation where visitor can tour the estate learn about tea processing and enjoy fresh tea tasting session scenic landscape the area boast picturesque view of rolling hill terraced field and dense forest making it a haven for nature lover and photographer cultural experience ilam is home to diverse ethnic community offering opportunity to experience local tradition festival and cuisine hiking and trekking the region provides various trail suitable for hiking and trekking allowing visitor to explore it natural beauty up close,Koshi Province,"park,natural beauty,cultural hub"
179,Barhawa Picnic Spot,barhawa picnic spot located at q7cj4p7 gaaura 44500 nepal is a popular destination for picnic and outdoor activity situated in the gaaura area it offer a serene environment ideal for relaxation and recreation,Madhesh Province,"picnic,natural beauty"
180,Barpak Village View Point,barpak village view point located at 6q36vw ghayaachaoka nepal is a renowned hiking destination offering panoramic view of the surrounding himalayan peak situated at an elevation of approximately 1900 meter above sea level barpak is a picturesque village in the gorkha district inhabited primarily by the gurung and ghale community key feature scenic view from the view point visitor can enjoy breathtaking vista of the ganesh himal buddha himal siringe himal manaslu and himchuli mountain range cultural experience the village offer a rich cultural experience with traditional stonebuilt house and local custom visitor can engage with the community and learn about their way of life trekking opportunity barpak serf a a starting point for trek in the manaslu region including route to manaslu base camp and the tsum valley the area is also known for it historical significance being the birthplace of captain gaje ghale a victoria cross recipient,Bagmati Province,"hiking,natural beauty,cultural experience"
185,Basipukhu Peace Park,basipukhu peace park is a tranquil green space located in madhyapur thimi a municipality in the kathmandu valley of nepal situated at m9jmjvm madhyapur thimi 44600 the park offer a serene environment for relaxation and recreation feature and amenity lush greenery the park is characterized by wellmaintained lawn and a variety of tree providing a refreshing atmosphere for visitor walking path meandering path are ideal for leisurely walk jogging or meditation allowing visitor to enjoy the natural surroundings community space the park serf a a communal area where local gather for various activity fostering a sense of community nearby attraction thimi kamerotar child park located nearby this park offer additional recreational facility especially for child,Bagmati Province,"park,recreational spot,cultural hub"
187,Batase Dada,batase dada situated in the dhulikhel region of nepal is a popular trekking destination known for it panoramic view and serene landscape the trek typically begin from lamidanda a village approximately 5 kilometer above lele in the lalitpur district from lamidanda trekker proceed to suire then to panauti and finally reach batase dada the journey cover a distance of about 20 kilometer and usually take around 8 hour to complete along the trail hiker traverse through terraced rice field traditional newari village and pristine woodland offering a blend of cultural immersion and natural beauty the route provides clearday vista of snowcapped mountain and buddhist monastery enhancing the trekking experience upon reaching batase dada trekker are treated to breathtaking view of the surrounding landscape making it a rewarding destination for nature enthusiast and those seeking a peaceful retreat,Bagmati Province,"trekking,natural beauty,hiking trails"
189,Batika Fun Park,batika fun park located in dhangadimai1 siraha nepal is a multifaceted recreational destination offering a variety of experience for visitor situated along the scenic eastwest highway the park is easily accessible and provides a range of amenity suitable for family traveler and event organizer key feature childrens fun park designed with young visitor in mind the park feature ageappropriate play structure and activity ensuring a safe and enjoyable environment for child family restaurant the onsite family restaurant offer a diverse menu catering to various taste making it an ideal spot for meal during your visit event space batika fun park provides versatile event space including a banquet hall and a seminar hall suitable for wedding conference and other gathering accommodation for those seeking an extended stay the park offer luxurious airconditioned room ensuring comfort and convenience visitor information operating hour the park is open daily from 1000 am to 600 pm,Koshi Province,"park,recreational,family-friendly"
190,Vatsala Devi Temple,the vatsala devi temple also known a the vatsala devi mandir is a revered hindu temple situated in bhaktapur durbar square kathmandu valley nepal dedicated to goddess vatsala devi an incarnation of goddess durga the temple is renowned for it intricate architecture and historical significance historical significance constructed during the malla period the vatsala devi temple is a testament to the rich cultural heritage of nepal the temple wa partially destroyed in the 2015 earthquake but ha since undergone restoration effort to preserve it historical integrity architectural feature the temple showcase traditional newar architecture featuring a pagodastyle structure with intricately carved wooden window and door the courtyard is adorned with stone sculpture and a stone bell adding to the temple serene ambiance visiting information the vatsala devi temple is open to visitor yearround while there is no specific entry fee visitor are encouraged to respect the local custom and tradition the temple is located within the bhaktapur durbar square a unesco world heritage site which may have it own entry fee nearby attraction while visiting the vatsala devi temple you can also explore other historical site within bhaktapur durbar square such a the 55window palace vatsala temple and the lion gate for a visual tour of the vatsala devi temple you might find the following video helpful,Bagmati Province,"hindu_temple,historical site,cultural significance"
193,Bedkot Lake,bedkot lake is a renowned tourist attraction situated in the bedkot municipality of kanchanpur district sudurpashchim province nepal located approximately 6 kilometer north of daijee the lake is nestled at the confluence of the terai plain and the mountainous region offering visitor a unique blend of landscape key feature scenic beauty the lake is surrounded by lush greenery and rolling hill providing a serene environment ideal for relaxation and nature walk cultural significance bedkot lake hold religious importance particularly among hindu and is considered a pilgrimage site the area is also home to the shiva temple adding to it spiritual allure accessibility the lake is accessible via a paved road that extends up to chure phedi in bedkot municipality3 enhancing it connectivity and ease of access for tourist activity picnicking the tranquil surroundings make it an excellent spot for picnic and family outing photography the picturesque landscape offer ample opportunity for photography enthusiast cultural exploration visitor can explore the nearby shiva temple and engage with local community to learn about regional tradition and custom visiting information best time to visit the ideal season are spring and autumn when the weather is pleasant and the natural beauty is at it peak,Sudurpashchim Province,"tourist_attraction,natural beauty,pilgrimage site"
194,Bedkot Park,bedkot park is a notable recreational area situated in the bedkot municipality of kanchanpur district sudurpashchim province nepal located approximately 6 kilometer north of daijee the park is nestled at the confluence of the terai plain and the mountainous region offering visitor a unique blend of landscape key feature scenic beauty the park is surrounded by lush greenery and rolling hill providing a serene environment ideal for relaxation and nature walk cultural significance bedkot park hold religious importance particularly among hindu and is considered a pilgrimage site the area is also home to the shiva temple adding to it spiritual allure accessibility the park is accessible via a paved road that extends up to chure phedi in bedkot municipality3 enhancing it connectivity and ease of access for tourist activity picnicking the tranquil surroundings make it an excellent spot for picnic and family outing photography the picturesque landscape offer ample opportunity for photography enthusiast cultural exploration visitor can explore the nearby shiva temple and engage with local community to learn about regional tradition and custom,Sudurpashchim Province,"park,natural beauty,recreational spot"
195,Begnas Lake,begnas lake is a serene freshwater lake situated in the kaski district of nepal approximately 15 kilometer southeast of pokhara a the secondlargest lake in the pokhara valley it offer a tranquil alternative to the more frequented phewa lake key feature scenic beauty encircled by lush greenery and the majestic annapurna and manaslu mountain range begnas lake provides breathtaking view and a peaceful ambiance activity boating visitor can enjoy boating on the lake with option to stop in the middle for a swim or to relax amidst nature hiking the area offer hiking trail including the begnas thulokote hiking which is part of the annapurna royal trek this 6hour excursion take you through unspoiled countryside village offering panoramic view of the annapurna and machhapuchhre range cultural significance the lake area is home to several resort and local community providing insight into the traditional lifestyle of the region visiting information best time to visit the ideal season are spring and autumn when the weather is pleasant and the natural beauty is at it peak accommodation the begnas lake area ha a number of resort and guesthouse offering a range of option for traveler seeking a peaceful retreat,Gandaki Province,"lake,natural beauty,recreational activities"
196,Belpati Temple,belpati temple is a hindu place of worship located in kalaiya bara district madhesh province nepal situated on barewa road it is one of several temple in the area including the nearby buddha mandir and durga mandir kalaiya the submetropolitan city and district headquarters of bara district is known for it rich cultural heritage and historical significance visitor to belpati temple can experience the local religious practice and immerse themselves in the cultural atmosphere of kalaiya,Madhesh Province,"hindu_temple,cultural significance"
204,Bhai Dega Temple,bhai dega temple also known a bhairabsthan or bhai dega bahi is a historic hindu temple located in patan durbar square lalitpur nepal dedicated to lord bhairab a fierce manifestation of lord shiva the temple hold significant religious and cultural importance for the local community historical background constructed in 1678 by bhagirath bhaiya a minister under king srinivas malla of lalitpur the temple wa built to commemorate the kashi vishwanath temple in varanasi india it wa the secondtallest temple in patan durbar square before it collapsed in the 1934 earthquake after the earthquake it wa rebuilt in a mughalstyle dome deviating from it original pagoda design in 2015 effort began to restore the temple to it original threetiered pagoda style using traditional material and technique architecture the temple is constructed in the traditional nepali pagoda style featuring intricate wood carving and a multitiered roof the main sanctum house an idol of lord bhairab and the temple complex includes a courtyard and surrounding structure cultural significance bhai dega temple is a central place of worship for local and attracts devotee especially during major hindu festival the temple restoration is seen a a mean to revive historical interest reinforce local identity and motivate craftsman to carry out similar project elsewhere visiting information the temple is located in patan durbar square a unesco world heritage site visitor can reach the site by private vehicle or local transportation the area is known for it natural beauty making it a serene destination for pilgrim and traveler alike,Bagmati Province,"hindu_temple,historical site,cultural hub"
205,Bhairabsthan Temple,bhairabsthan temple situated approximately 9 kilometer northwest of tansen in palpa district nepal is a significant hindu temple dedicated to lord bhairab a fierce manifestation of lord shiva perched at an elevation of about 1470 meter the temple offer panoramic view of the surrounding landscape historical significance established by king mukunda sena of the sena dynasty the temple wa founded after he returned from an expedition to kathmandu with the idol of lord bhairab from the matsyendra nath temple he enshrined it in palpa leading to the creation of bhairabsthan temple architecture and feature the temple is renowned for it massive trident trishul considered the largest in nepal the main sanctum house a silver idol of lord bhairab and the temple complex includes a courtyard and surrounding structure festival and ritual during major hindu festival like dashain the temple becomes a hub of activity with numerous devotee visiting to offer prayer and participate in various ritual animal sacrifice including buffalo goat sheep and rooster are performed during these time the temple is also known for the offering of rot a traditional bread made of rice flour mixed with various spice and fried in ghee which is offered to lord bhairab and then shared among devotee visiting information the temple is accessible via local road from the district headquarters tansen visitor can reach the site by private vehicle or local transportation the area is known for it natural beauty making it a serene destination for pilgrim and traveler alike,Lumbini Province,"hindu_temple,pilgrimage,historical site"
206,Bhairamkot Temple,bhairamkot temple situated in taupachaur nepal is a revered hindu temple dedicated to lord bhairab a fierce manifestation of lord shiva the temple is renowned for it spiritual significance and offer visitor a serene environment for worship and reflection location and accessibility the temple is located at x43qg4x taupachaur 44900 nepal visitor can reach the temple via local road from nearby town the area is accessible by private vehicle or local transportation option cultural and religious significance dedicated to lord bhairab the temple hold a central place in the local community religious practice devotee visit to seek blessing for protection strength and the removal of obstacle in their life the temple is particularly active during hindu festival attracting numerous visitor who participate in various ritual and ceremony architecture and feature the temple is constructed in the traditional nepali pagoda style featuring intricate wood carving and a multitiered roof the main sanctum house an idol of lord bhairab and the temple complex includes a courtyard and surrounding structure visiting information visitor can explore the temple surroundings which offer a tranquil atmosphere for meditation and prayer the area is known for it natural beauty making it a serene destination for pilgrim and traveler alike note while the temple is open to visitor it advisable to check local guideline and timing before planning a visit,Bagmati Province,"hindu_temple,religious site,cultural significance"
209,National Art Gallery,the national art gallery in bhaktapur nepal is a prominent cultural institution dedicated to preserving and showcasing nepalese art established in 1960 by the government of nepal department of archaeology the gallery is housed in the historic simhadhwaka durbar lion gate palace built by king bhupatindra malla in 1697 ad collection and exhibit paintingsthe gallery feature an extensive collection of tantric cloth painting known a paubhas which are the hindu counterpart to buddhist thangkas these artwork depict various deity and religious narrative sculpture and artifactsvisitors can explore a variety of sculpture and artifact including metal stone and wooden votive object some dating back to the 12th century manuscript the gallery also house ancient palmleaf manuscript offering insight into nepal rich literary heritage visitor information locationsituated in bhaktapur durbar square the gallery is easily accessible to visitor exploring the historic area ticketinga single ticket grant access to the national art gallery the woodcarving museum and the brass bronze museum in tachupal tole operating hoursthe gallery is typically open daily from 1000 am to 500 pm it advisable to check the latest timing before planning your visit for art enthusiast and those interested in nepalese culture the national art gallery offer a comprehensive and enriching experience reflecting the country artistic legacy,Bagmati Province,"museum, cultural heritage, art gallery"
210,Bhaktapur Durbar Square,bhaktapur durbar square also known a layaku is a historic plaza located in the heart of bhaktapur nepal this unesco world heritage site wa once the royal palace complex of the malla king from the 14th to 15th century and later the king of the kingdom of bhaktapur until the late 18th century the square is renowned for it medieval art and architecture featuring numerous pagoda and shikharastyle temple intricate wood carving and statue of king atop stone monolith despite suffering damage from earthquake including those in 1833 1934 and 2015 many structure have been restored preserving the square historical significance visitor to bhaktapur durbar square can explore notable landmark such a the 55window palace vatsala temple and the statue of the malla king the square also serf a a vibrant hub for local artisan offering a glimpse into traditional newar culture and craftsmanship the area is lined with traditional house handicraft shop and eatery providing a rich cultural experience for those interested in accommodation hotel layaku durbar is a 3star hotel situated near the square offering convenient access to the city major attraction whether youre a history enthusiast art lover or simply looking to immerse yourself in nepalese culture bhaktapur durbar square offer a unique and enriching experience,Bagmati Province,"UNESCO World Heritage Site, historical site, cultural hub"
212,Bhakti Thapa Park,bhakti thapa park located in lamahi dang district nepal is named after bhakti thapa a revered nepali military commander and national hero born in 1741 in lamjung district bhakti thapa is celebrated for his leadership during the anglonepalese war and his unwavering dedication to nepal sovereignty the park serf a a tribute to his legacy offering visitor a serene environment to reflect on his contribution to nepalese history while specific detail about the park feature are limited it is recognized a a significant landmark in the lamahi area,Lumbini Province,"park,historical site,cultural significance"
213,Bhalabang,bhalabang located in pyuthan district nepal is a notable area known for it scenic beauty and cultural significance situated at coordinate 4q3mhjp pyuthan 22300 nepal it offer visitor a variety of experience including park and point of interest one of the prominent attraction near bhalabang is swargadwari a revered pilgrimage site situated approximately 26 km west of khalanga in pyuthan located at an altitude of 2122 meter swargadwari is associated with the saint swargadwari mahaprabhu who took samadhi in 1940 ad the area is known for it serene environment and panoramic view of the surrounding mountain including sisne dhaulagiri nilgiri annapurna and machhapuchhre the name swargadwari translates to gateway to heaven reflecting it spiritual significance the region around bhalabang is characterized by it diverse landscape ranging from the mahabharat mountain range to the plain of dang and deukhuri this geographical diversity contributes to the area rich biodiversity and cultural heritage the local economy is primarily based on agriculture with crop like rice wheat and maize being cultivated in the fertile valley for traveler interested in exploring the area bhalabang serf a a gateway to various natural and cultural site in pyuthan district the region offer opportunity for trekking cultural exploration and experiencing the traditional lifestyle of the local community in summary bhalabang in pyuthan district is a destination that combine natural beauty cultural richness and historical significance making it a worthwhile visit for those exploring nepal diverse landscape,Lumbini Province,"park,natural beauty,cultural hub"
214,Bhaleshwar Mahadev Temple,the bhaleshwar mahadev temple dedicated to lord shiva is situated atop chandragiri hill in the southwestern part of the kathmandu valley nepal at an elevation of 2551 meter it offer panoramic view of the surrounding landscape mythological significance according to hindu mythology the temple mark the spot where sati devi forehead bhala fell after her selfimmolation making it a revered pilgrimage site historical context chandragiri hill hold historical importance a the place where king prithvi narayan shah the unifier of nepal is believed to have planned to make kathmandu valley the capital of a unified nepal visiting the temple visitor can reach the temple via a cable car from the valley floor enhancing the journey with scenic vista the temple complex feature idol of various hindu deity a viewing tower a restaurant food stall gift shop a banquet hall a 3d hall and an amusement park for child festival and event the temple is especially significant during the festival of shivaratri and on monday during the month of shrawan attracting numerous devotee for those interested in exploring the rich cultural and spiritual heritage of nepal the bhaleshwar mahadev temple offer a profound experience amidst natural beauty,Bagmati Province,"hindu_temple,pilgrimage,natural beauty"
215,Bhalu Pahad Park,bhalu pahad also known a bear hill is a notable landmark in syangja district nepal situated along the siddhartha highway near phedi khola it offer visitor a serene environment to relax and enjoy panoramic view of the surrounding mountain and natural landscape the area is characterized by it lush greenery terraced field and traditional nepalese architecture providing a tranquil retreat for both local and traveler for those planning a visit bhalu pahad serf a an excellent spot to take a break during a journey offering a peaceful atmosphere and scenic vista,Gandaki Province,"park,natural beauty,recreational spot"
216,Bhaludhunga Religious Tourism Ecological Park,bhaludhunga religious tourism ecological park located in ilam nepal is a serene destination that harmoniously blend natural beauty with spiritual significance situated amidst lush greenery the park offer visitor a tranquil environment to connect with nature and engage in spiritual activity key feature natural beauty the park is enveloped by verdant landscape providing a peaceful retreat for nature enthusiast spiritual significance a a site of religious importance it attracts pilgrim and visitor seeking spiritual solace cultural experience visitor can immerse themselves in local cultural tradition enhancing their understanding of the region heritage visitor information operating hour the park is open daily from 400 am to 1000 pm location wwg66p7 ilam 57300 nepal,Koshi Province,"park,natural beauty,religious site"
217,Bhandarkhal Garden,bhandarkhal garden located behind the royal palace in patan durbar square lalitpur nepal is a historic site featuring a significant water tank known a the bhandarkhal tank constructed in the late 17th century this tank served a the primary water source for patans royal palace the garden is home to the bhandarkhal pavilion a notable structure on the northern side of the tank originally lost between 1853 and 1950 the pavilion wa meticulously reconstructed in 2010 guided by an 1853 watercolor painting by henry ambrose oldfield the pavilion rest on it original stone base and feature an arched torana adorned with basreliefs of various deity access to bhandarkhal garden is available through the patan museum which manages the site visitor can explore the garden lush greenery the historic water tank and the reconstructed pavilion all of which offer insight into nepal rich cultural heritage the garden serene environment and historical significance make it a popular destination for both local and tourist seeking a tranquil retreat within the bustling city it proximity to other attraction in patan durbar square further enhances it appeal a a cultural and historical landmark,Bagmati Province,"historic site,cultural heritage,garden"
218,Bhandarkhal Jungle,bhandarkhal jungle also known a bhandarkhal garden is a serene natural enclave nestled within the bustling city of kathmandu specifically in the pashupatinath area this lush park offer a peaceful retreat for both local and tourist providing a stark contrast to the urban environment the jungle is bordered by major thoroughfare including the ring road and gyaneshwar road and is adjacent to residential area to the north and west it proximity to the sacred pashupatinath temple add to it significance a it hold religious importance linked with the temple activity visitor to bhandarkhal jungle can enjoy the soothing sound of rustling leaf and chirping bird making it a haven for nature lover and those seeking tranquility the park is home to a diverse array of plant specie offering opportunity for leisurely walk picnic and wildlife observation for bird enthusiast bhandarkhal jungle is recognized a an ebird hotspot with 57 specie recorded making it a notable location for birdwatching in the kathmandu valley whether youre looking to escape the city hustle or explore urban biodiversity bhandarkhal jungle provides a refreshing experience amidst nature beauty,Bagmati Province,"park,nature retreat,birdwatching spot"
219,Bhandarkhal Pokhari,bhandarkhal pokhari also known a kamal pokhari is a historic pond situated within the patan durbar square premise in lalitpur nepal constructed in the late 17th century it served a the primary water supply for patans royal palace the pond is approximately 16 meter square in plan the pond is surrounded by ancient architecture enhancing the beauty of the landmark and serving a a charming backdrop for the famous durbar square area it presence add to the cultural and architectural heritage of patan attracting both tourist and local alike on one side of the pond there is a terrace of very artistic style where the queen and the priest wife and friend used to sit and enjoy the pond the king used to feed fish in the pond from this terrace the terrace also feature various artwork including 16thcentury christian art on one side the roof of the terrace is made of fine wood in 2012 the pond underwent restoration effort after it had dried up reviving it historical significance and beauty bhandarkhal pokhari stand a a testament to the rich history and architectural prowess of the malla period offering visitor a serene environment to reflect and explore within the bustling city of lalitpur for those interested in visiting bhandarkhal pokhari is located within the patan durbar square a unesco world heritage site making it easily accessible for tourist exploring the cultural landmark of the kathmandu valley,Bagmati Province,"historic site,cultural heritage,pilgrimage site"
222,Bhanubhakta Zoological Garden,bhanubhakta zoological garden located in byas municipality of tanahun district nepal is a notable destination for wildlife enthusiast and nature lover named after the revered nepali poet bhanubhakta acharya the garden serf a a sanctuary for various animal specie and play a significant role in conservation and education the garden is particularly renowned for it avian diversity in recent year extensive bird survey have been conducted leading to the identification of numerous bird specie within the park for instance a survey conducted in april 2021 recorded 124 new bird specie highlighting the park rich biodiversity in addition to it wildlife the garden offer visitor a serene environment with lush greenery making it an ideal spot for leisurely walk and nature observation the management ha also initiated various program to enhance visitor experience and promote wildlife conservation awareness for those interested in visiting the garden maintains an active presence on social medium platform providing update on event new attraction and conservation effort overall bhanubhakta zoological garden stand a a testament to nepal commitment to preserving it natural heritage and offer a unique opportunity for visitor to engage with the country diverse flora and fauna,Gandaki Province,"zoo,wildlife conservation,natural beauty"
228,Bhattarai Chaupari,bhattarai chaupari located in nepal is a notable park offering a variety of experience for visitor while specific detail about it feature and attraction are limited the term chaupari in nepal typically refers to a traditional resting place or pavilion often shaded by large tree like banyan or ficus serving a communal spot for traveler and local highlight of bhattarai chaupari traditional architecture the park may feature traditional nepali structure providing a glimpse into local architectural style community gathering spot chauparis often serve a communal area where visitor can interact with local and experience daily life natural surroundings the park is likely set amidst natural landscape offering a peaceful environment for relaxation visitor information best time to visit the ideal month for visiting are during the dry season typically from october to april to ensure clear trail and favorable weather condition preparation it advisable to wear comfortable walking shoe carry sufficient water and pack light snack local culture engaging with the local community can provide deeper insight into nepali tradition and custom exploring bhattarai chaupari offer a peaceful retreat into nature and culture making it a worthwhile destination for traveler seeking an authentic nepali experience,Bagmati Province,"park,natural beauty,cultural hub"
229,Bhav Art Gallery,bhav art gallery located in maharajgunj kathmandu nepal is a prominent art gallery dedicated to showcasing contemporary nepali art established in 2005 the gallery ha been instrumental in promoting nepali artist and their work bhav art gallery feature a diverse collection of artwork from various nepali artist including painting sculpture and mixed medium piece the gallery aim to provide a platform for both emerging and established artist to display their creation visitor experience while the gallery offer a rich collection of contemporary nepali art some visitor have noted area for improvement in service for instance there have been mention of limited payment option and staff being less informed about the artwork despite these concern the gallery collection remains a significant attraction for art enthusiast affiliated artist the gallery represents several notable nepali artist including d ram palpali a selftaught artist known for his watercolor landscape depicting heritage site uma shankar shaha distinguished printmaker and painter with numerous solo exhibition krishna gopal ranjita veteran artist recognized for his contribution to nepali art,Bagmati Province,"art_gallery,cultural hub"
232,Bhedabari Grace Church,bhedabari grace church located at m8w4p6g unnamed road gaimdakot 33000 nepal is a notable christian church in the region affiliated with grace church ministry founded in 1991 by pastor hari kumar and uma khati the church is part of a fellowship that ha grown to include over 200 adult and 100 teenager and child the ministry focus on church planting evangelism childrens care orphanage social work discipleship training through bible school pastor conference leadership seminar family counseling film show ministry and vocational training such a sewing grace church ministry emphasizes reaching remote population with the gospel rescuing underprivileged child planting church across nepal training and supporting local leader and promoting world evangelism throughout the country their core value include a focus on the great commission responsiveness to god word authentic relationship commitment to prayer and active engagement in ministry,Lumbini Province,"church,religious hub"
233,Bhedetar Bazaar,bhedetar bazaar situated at an elevation of 1420 meter in eastern nepal serf both a a destination and a transit point for traveler located approximately 16 kilometer north of dharan it offer a cool retreat from the summer heat and a mild climate during winter making it a yearround attraction the bazaar is renowned for it local agricultural product including akabare khorsani a type of chili tomato orange and a variety of green leafy vegetable visitor often purchase dhankute biscuit and other local sweet a souvenir the area boast several teashop and restaurant where one can savor traditional dish like thukpa noodle soup accompanied by pork sukuti preserved meat beyond it culinary offering bhedetar is a gateway to nearby attraction the charles tower named after prince charles who visited the site provides panoramic view of dharan lush landscape and surrounding hill additionally the namaste waterfall a short drive away is a popular spot for visitor seeking natural beauty the nearby namje village located just 25 kilometer from bhedetar bazaar at an altitude of 1770 meter is predominantly inhabited by the magar community the village offer unique cultural experience including traditional magar dance like hurra and provides stunning view of himalayan peak such a everest kumbhakarna makalu and kanchenjunga bhedetars strategic location on the border of sunsari and dhankuta district make it a convenient stopover for traveler heading to the hilly region of nepal koshi zone it unpredictable weather with frequent shift between fog and clear sky add to it charm offering visitor a serene and refreshing environment,Koshi Province,"waterfall,natural beauty,cultural hub"
234,Namje Picnic Spot & Camping Area,bhedetar located at an altitude of 1420 meter in eastern nepal is renowned for it pleasant climate and scenic beauty making it a favored destination for picnic and outdoor activity the area offer several designated picnic spot equipped with necessary amenity to enhance visitor experience namje picnic spot camping area situated approximately 4 kilometer from bhedetar bazaar in namje this spot provides panoramic view of the mountain hilltop and the saptakoshi river it an ideal location for picnicking and camping offering a serene environment amidst nature,Koshi Province,"picnic,natural beauty,camping"
235,Bhedetar View Tower,bhedetar a serene hill station in nepal koshi province is renowned for it breathtaking vista and pleasant climate a highlight of this destination is the bhedetar skywalk tower formerly known a charles point or shailung danda this viewpoint earned the name charles point after prince charles of the uk visited in the 1980s and admired the panoramic view of the himalaya including peak like mt kumbhakarna mt makalu mt kanchenjunga and mt everest the original multistoried tower accessible via a spiral staircase offered visitor expansive view of up to sixteen district from it summit however following the 2015 earthquake the structure wa closed due to safety concern in recent year the site ha undergone significant redevelopment a of july 2024 the area ha been transformed into the bhedetar skywalk tower featuring a modern skywalk design that allows visitor to experience the landscape from a unique vantage point this redevelopment aim to boost tourism by providing a safe and exhilarating experience for visitor bhedetars strategic location approximately 16 kilometer from dharan and 52 kilometer from biratnagar make it a popular destination for both domestic and international tourist seeking respite from the heat of the terai region the hill station unpredictable weather add to it charm with moment of thick fog followed by clear sky revealing stunning landscape,Koshi Province,"historic site,tourist attraction,natural beauty"
238,Bhelagudi Wetland,bhelagudi wetland located in haldibari garamani 57200 nepal is a serene natural reserve that offer visitor a unique glimpse into the ecosystem of wetland this attraction is a haven for nature enthusiast photographer and bird watcher alike a you explore the expansive area youll be captivated by the vibrant landscape which are home to a rich diversity of flora and fauna the tranquil water of the wetland are surrounded by lush greenery providing a perfect backdrop for leisurely walk or picnic the wetland serf a a crucial habitat for numerous bird specie making it a popular destination for birding visitor can spot migratory bird during certain season making it an exciting location for both amateur and seasoned bird watcher the serene environment is ideal for those looking to escape the hustle and bustle of city life and reconnect with nature in addition to bird watching bhelagudi wetland is also an excellent spot for photography offering breathtaking view at sunrise and sunset evendo the wetland is open yearround 247 allowing visitor to experience it beauty at any time,Koshi Province,"wetland,tourist attraction,biodiversity hotspot"
242,Bhim Sakhuwa,bhim sakhuwa located at 45qf9mq in kaolahawaii nepal is a notable site known for it historical significance while specific detail about a museum at this location are limited the area is renowned for it ancient tree particularly the buddho rukh old tree which is a significant cultural landmark the term bhim sakhuwa translates to bhims tree in nepali indicating it association with local legend or historical figure the presence of ancient tree like the buddho rukh suggests that the area hold cultural and historical importance for the local community visitor to bhim sakhuwa can explore the natural beauty of the region including the ancient tree and surrounding landscape the area offer a tranquil environment making it suitable for nature walk and cultural exploration,Sudurpashchim Province,"museum,historic site,cultural heritage"
243,Bhiman's Park,bhimans park located at 4x5793m in kamalamai 45900 nepal is a popular destination for picnic and outdoor activity situated in the kamalamai municipality of sindhuli district the park offer a serene environment ideal for relaxation and family gathering activity and feature picnicking the park provides ample space for picnic making it a favored spot for local and visitor alike leisure walk visitor can enjoy leisurely walk amidst the park natural surroundings community event the park often host local event and gathering fostering community engagement visitor information best time to visit the park is accessible yearround with the dry season october to april offering pleasant weather for outdoor activity facility basic amenity are available but it advisable to bring your own supply for picnic nearby attraction sindhuli gadhi a historic fort located nearby offering panoramic view and cultural significance kamala river the river provides opportunity for exploration and enjoying the natural beauty of the area,Bagmati Province,"picnic,recreational spot,natural beauty"
244,Bhimdatta Panta Statue,the bhimdatta panta statue is a significant landmark located in mahendranagar the administrative center of kanchanpur district in farwestern nepal this statue honor bhimdatta panta a revered farmer revolutionary leader and martyr from the dadeldhura district panta is celebrated for his courageous effort in advocating for the right of peasant and oppressed farmer in the farwestern region of nepal challenging the dominance of the elite thakuris and the prevailing feudal system historical background bhimdatta pantas activism wa pivotal in the struggle against the caste system and the autocratic rana regime his relentless pursuit of justice for marginalized community made him a symbol of resistance and a martyr for the cause of social equity visiting the statue visitor to the bhimdatta panta statue can explore the surrounding bhimdatta memorial park which feature wellmaintained garden walking path and the statue itself the park serf a a peaceful retreat and a place for reflection on pantas contribution to nepalese society nearby attraction mahendranagar offer several attraction for visitor shuklaphanta national park a haven for wildlife enthusiast this park is home to diverse flora and fauna including the endangered onehorned rhinoceros mahakali river forming the western border of nepal with india the mahakali river is ideal for activity such a fishing boating and picnicking offering scenic view and a tranquil environment additional information mahendranagar is approximately 5 kilometer east of the indian border and 700 kilometer west of kathmandu it serf a a hub of activity for industry running between india and nepal and is also a gateway to shuklaphanta national park,Sudurpashchim Province,"park,historic site,cultural hub"
247,Bhimphedi Ganesh Temple,the bhimphedi ganesh temple located in bhimphedi nepal is a revered hindu temple dedicated to lord ganesh the deity of wisdom and remover of obstacle situated approximately 40 kilometer south of kathmandu bhimphedi is a historic town known for it rich cultural heritage and scenic landscape historical significance bhimphedi ha a storied past having served a a transit point during the rana era the town is renowned for it traditional architecture including the bhimphedi suspension bridge which offer panoramic view of the surrounding hill and valley visiting the temple visitor to the bhimphedi ganesh temple can experience the serene ambiance and participate in various religious activity the temple is an integral part of the local community hosting regular prayer and festival that attract devotee from the region nearby attraction bhimphedi suspension bridgea historic bridge offering stunning view of the surrounding landscape chhatharwa lakea serene lake ideal for picnic and nature walk local market explore traditional market offering local craft and produce,Bagmati Province,"hindu_temple,religious site,cultural hub"
251,Bhimsen Thapa Park,bhimsen thapa park is a historic site located in gorkha nepal dedicated to bhimsen thapa the first prime minister of nepal situated approximately a 25minute drive from gorkha bazaar the park offer visitor a serene environment to relax and enjoy panoramic view of the himalaya including peak like manaslu bauddha pringi annapurna and ganesh himal historical significance bhimsen thapa 1775–1839 wa a prominent statesman who played a crucial role in nepal unification and served a the mukhtiyar prime minister from 1806 to 1837 his leadership and contribution to the nation development are commemorated at this park visitor experience visitor can explore the park tranquil ambiance view the statue of bhimsen thapa and enjoy the surrounding natural beauty the park is accessible via a metalled road though public transportation option may be limited a small shop near the park offer refreshment the entry fee is approximately 50 nepalese rupee,Gandaki Province,"park,historic site,natural beauty."
252,Bhimsen Temple of Bhaktapur,the bhimsen temple in bhaktapur nepal is a significant heritage site dedicated to lord bhimsen the deity of trade and commerce situated in dattatreya square the temple is renowned for it intricate architecture and rich history historical background the exact date of the temple construction remains uncertain with estimate ranging from 1605 ce to the 18th century despite the lack of definitive record the temple stand a a testament to the city architectural heritage architectural feature structure the temple is a twostory rectangular pagoda distinguished by seven pinnacle atop it roof carving the edifice is adorned with exquisite carving on window door and strut showcasing the craftsmanship of the era interior inside the temple house statue of lord bhimsen and draupadi a central figure from the mahabharata cultural significance lord bhimsen is revered a the god of trade and commerce local trader often visit the temple especially on saturday to seek blessing for prosperity in their business the temple also feature a conduit known a bhimsen pokhari believed to have been constructed during the lichhavi period adding to it historical intrigue visiting information the bhimsen temple is open to the public offering a glimpse into nepal rich cultural and architectural heritage visitor can explore the temple surroundings including the dattatreya square which is home to other historical site and traditional newar architecture,Bagmati Province,"temple,historical site,pilgrimage destination."
253,BhimsenSthan Mandir Khanikhola GaunPalika,bhimsensthan mandir is a hindu temple located in khanikhola gaunpalika within the kavrepalanchowk district of bagmati province nepal this temple is dedicated to bhimsen the patron deity of the newar community revered a the god of trade and commerce visitor experience visitor to bhimsensthan mandir can experience the serene ambiance and participate in various religious activity the temple is an integral part of the local community hosting regular prayer and festival that attract devotee from the region,Koshi Province,"hindu_temple,cultural significance"
255,Bhitrikot Natural View Tower,the bhitrikot natural view tower is a prominent landmark situated in the rapti majhakot area of nepal this tower offer visitor panoramic view of the surrounding landscape making it a popular spot for both local and tourist key feature scenic view the tower provides expansive vista of the natural beauty of the region including the rapti river and the lush greenery that characterizes the area accessibility located at 4vg2f98 unnamed road 22300 nepal the tower is accessible to visitor seeking to experience the serene environment activity visitor can enjoy activity such a photography sightseeing and relaxation while taking in the breathtaking view from the tower,Lumbini Province,"viewpoint,natural beauty,recreational spot"
261,Bhootnath Mahadev Temple,the bhootnath mahadev temple is a revered hindu shrine dedicated to lord shiva situated southeast of the gangasagar pond in janakpur nepal this temple hold significant religious importance and attracts numerous devotee and visitor annually key feature location the temple is located near the gangasagar pond in janakpur a city renowned for it rich cultural and religious heritage architecture reflecting traditional nepali design the temple feature intricate carving and a serene ambiance enhancing it spiritual significance floral surroundings the temple is adorned with a variety of flower and lush greenery creating a tranquil environment for meditation and prayer cultural significance the temple is also known a swarg darwar gateway to heaven and it is a popular spot for both religious activity and leisure visit,Madhesh Province,"hindu_temple,religious site,cultural significance"
264,Bhorleni Church Kathmandu,bhorleni church located on bagdol road in lalitpur kathmandu nepal is a prominent christian place of worship the church offer a variety of experience for visitor including regular worship service community event and fellowship activity,Bagmati Province,"church,religious site,cultural hub"
267,Bhoti Khola,bhoti khola located in the sabha pokhari area of nepal is a picturesque river that offer a variety of experience for visitor the term khola translates to river in nepali and bhoti khola is known for it natural beauty and serene environment,Koshi Province,"river,tourist attraction,natural beauty"
270,Bhramarpura Masjid,bhramarpura masjid is a mosque situated in bhramarpura a village in loharpatti municipality 7 mahottari district nepal bhramarpura is the most populous village in mahottari district with a diverse population that includes both hindu and muslim,Madhesh Province,"mosque,religious site,cultural hub"
271,Bhrikuti Mandap Park,bhrikuti mandap park situated in the heart of kathmandu nepal serf a a tranquil retreat from the city bustling environment the park is renowned for it lush greenery wellmaintained lawn and a variety of local flora making it an ideal spot for leisurely stroll picnic or simply unwinding amidst nature in addition to it natural beauty bhrikuti mandap park function a a cultural hub frequently hosting local event and festival that highlight nepal rich heritage the spacious layout accommodates family offering ample space for child to play and explore visitor can also enjoy traditional nepali cuisine from local vendor who often set up stall within the park for those interested in amusement activity the park house the kathmandu fun park one of the oldest and most beloved amusement park in the country this area feature a diverse selection of attraction including car skating the columbus ride train a tower game a ferris wheel helicopter for kid boat game and even bungee jumping tailored for younger visitor,Bagmati Province,"park,recreational spot,cultural hub"
273,Bhubaneshwori Temple,bhubaneshwori temple situated in the tranquil hill of the kathmandu valley is a revered hindu shrine dedicated to goddess bhubaneshwori a manifestation of the divine feminine energy the temple architecture showcase traditional nepali design featuring intricate wood carving and stonework that reflect the rich cultural heritage of the region location and accessibility located near the trishuli highway in the tarakeshwar municipality the temple is approximately a 45minute drive from balaju bypass visitor can reach the site by following the route through mudkhu to the tinpiple check post from there a steep ascent of about 30 minute lead to the temple offering panoramic view of the kathmandu valley and the surrounding hill historical and cultural significance the temple hold significant cultural importance serving a a place of worship and meditation for both local and visitor the serene environment and the panoramic vista make it an ideal spot for reflection and spiritual practice,Bagmati Province,"hindu_temple,pilgrimage,natural beauty."
276,Bhulbhule Canyoning Lamjung,bhulbhule located in lamjung district nepal is renowned for it natural beauty and adventure activity particularly canyoning the bhulbhule khola river offer a thrilling canyoning experience attracting adventure enthusiast seeking to explore it pristine landscape in addition to canyoning bhulbhule serf a a starting point for the annapurna circuit trek a popular trekking route that pass through diverse terrain and culture,Madhesh Province,"adventure,natural beauty,canyoning"
277,Bhulbhule Waterfall,bhulbhule waterfall located in lamjung district nepal is a picturesque natural attraction along the annapurna circuit trekking route situated near the village of bhulbhule the waterfall is renowned for it serene environment and the refreshing mist it produce traveler often stop here to relax and enjoy the scenic beauty the waterfall is easily accessible from the main trekking path making it a popular spot for trekker to rest and rejuvenate the area around the waterfall offer a peaceful ambiance ideal for unwinding amidst nature,Madhesh Province,"natural beauty,waterfall,picnic spot"
279,Bhundole Ground,bhundole ground situated in the dakshinkali area near kathmandu nepal is a popular destination for nature enthusiast and those seeking a tranquil retreat this expansive open space surrounded by lush forest offer visitor a serene environment ideal for picnic short hike and camping key feature scenic beauty the ground is enveloped by dense forest providing a picturesque backdrop and a peaceful atmosphere it an excellent spot for nature walk and relaxation activity visitor can engage in various activity such a hiking camping and enjoying picnic amidst nature the area is also suitable for photography bird watching and simply unwinding in a natural setting accessibility bhundole ground is accessible via a 3045 minute hike from pharping a town located approximately 22 kilometer south of kathmandu the trail offer scenic view and a chance to experience local flora and fauna,Bagmati Province,"nature retreat,picnic,hiking"
280,Bhurinti Jungle,bhurinti jungle located in the bhairabsthan municipality of nepal is a serene and picturesque destination known for it lush greenery and tranquil environment situated at coordinate m36cp83 bhairabsthan municipality 45500 nepal this area offer visitor a chance to immerse themselves in nature and experience the beauty of nepal diverse landscape the jungle is characterized by dense forest diverse flora and a variety of wildlife making it an ideal spot for nature enthusiast and those seeking a peaceful retreat the area is relatively less explored providing a sense of seclusion and an opportunity to connect with nature away from the hustle and bustle of city life visitor to bhurinti jungle can enjoy activity such a hiking bird watching and exploring the natural surroundings the region rich biodiversity and scenic beauty make it a worthwhile destination for those interested in experiencing nepal natural heritage,Lumbini Province,"nature retreat,wildlife,natural beauty"
281,Bhurungkhel Green Park,bhurungkhel green park located at p853vww burakhya marg kathmandu 44600 nepal is a wellmaintained public park offering a tranquil environment for relaxation and leisure activity the park is appreciated for it cleanliness and peaceful atmosphere making it an ideal spot for visitor seeking respite from the city hustle the park feature open space suitable for leisurely walk and picnic it serene ambiance make it a popular destination for both local and tourist looking to unwind amidst greenery nearby attraction include kathmandu durbar square and swayambhunath stupa enhancing it appeal for those exploring the city the park central location allows visitor to easily access other cultural and historical site in kathmandu bhurungkhel green park is open daily from 600 am to 900 am and 400 pm to 700 pm providing ample time for visitor to enjoy it facility,Lumbini Province,"park,recreational spot,natural beauty"
287,Bikash Chowk Gaidakot,bikash chowk in gaidakot nawalpur district nepal is a notable location situated along the british camp marga while it serf a a bus station and a central point in gaidakot there is limited information available regarding specific trekking route or trail directly associated with bikash chowk however the surrounding region offer several trekking opportunity for instance the area around gaidakot is known for it natural beauty and can serve a a starting point for various trek additionally the nearby maulakalika temple located in the maulakalika area is accessible via a trek and offer panoramic view of the surrounding landscape,Lumbini Province,"trekking,cultural hub,tourist attraction"
289,Bikram Baba Temple,bikram baba temple situated near jagatpur in chitwan nepal is a revered hindu shrine dedicated to bikram baba a holy saint believed to fulfill the wish of devotee particularly those seeking blessing for child the temple is located approximately 2 kilometer from the rapti bridge within the chitwan national park area the temple is open yearround welcoming visitor at all time the temple is especially popular among the tharu community who have been worshiping bikram baba for generation,Lumbini Province,"hindu_temple,religious site,cultural heritage"
290,Bimalnagar Siddha Cave,bimalnagar siddha cave also known a siddha gufa is a renowned natural attraction located near bimalnagar in the tanahun district of nepal a the largest cave in nepal and the second largest in south asia it offer a unique experience for visitor interested in exploring natural wonder,Gandaki Province,"natural wonder,picnic,hiking destination"
291,Bindhyabasini Temple,the bindhyabasini temple located in pokhara nepal is a significant hindu temple dedicated to the goddess bindhyabasini an incarnation of kali situated atop a small hill in the city old bazaar area the temple offer panoramic view of pokhara and the surrounding himalaya established around the 1760s the temple is believed to have been constructed by king siddhi narayan shah of the kaski state inspired by a dream to replicate the bindhyachals bindhyabasini temple from uttar pradesh india the temple architecture feature a shikhara style with two golden metal lion standing beside the gate and metal gong bell adding to the spiritual ambiance the temple complex includes shrine dedicated to other deity such a saraswati shiva hanuman and ganesha it serf a a focal point for various festival including fulpati navadurga and shivaratri attracting thousand of worshipper especially on saturday and other auspicious day,Gandaki Province,"hindu_temple,religious site,cultural significance"
292,Birat Durbar,historical ruin king birat s palace is located at biratnagar18 in morang district of nepal it lie in the terai region of eastern part of nepal near indianepal border it is one of the unexplored place in nepal having lot of potential to attract the national and the international tourist king birat s palace is said to be built by king biratthe kingdom of king birat is said to be spread from dharanvijaypur 366m altitude in the north to ganges river holy river for the people following hindu religion in the south it is said that during the period of mahabharat pandavas stayed in this place secretly for many year therefore the name of the place where birat s palace is located is called bediyarithe total area of the palace is 25 square kilometer the first revealing of the palace wa done in 2027bs during the first reveal a 50 room ancient building inside the palace wa found a still undergroundlong back in 1973 b 1971 ad a lock weighted merely 80 kilogram wa reported to have been found during the construction of the biratnagar rangeli road section of hulaki highway a per the report the lock wa then given to the then general keshar samsher who wa on a visit to morang district for hunting purpose the lock wa then taken by general keshar sumsher for research the team found that the lock wa made around 3100 year ago and said to be the lock of birat s palace bhatiyari a village of morang district ha housed a big mass of brick from the ancient age the local reported it to be the emperor birat s palacebirat s palace is also one of the religious place for those who follow hindu religion it is said that pandavas and lord krishna resided in this palace during the mahabharata period therefore this place is considered one of the religious place beside a historical placebirat s palace ha lot of religious and historical paramount therefore this palace is currently preserved by constructing a brick wall around it small museum is also now constructed near birat s palace where ancient bangle clay lamp brick clay pot sitting mat made of stone the sculpture of different god and goddess dye used to make food item prepared during the festival season and many other item found in the birat s palace are preserved,Koshi Province,"historic site,cultural heritage,religious site"
293,Birendra Aishwarya Park,birendra aishwarya park situated in baglung bazar baglung municipality is a wellmaintained public park offering lush greenery and peaceful surroundings reconstructed by baglung municipality at a cost of npr 10 million the park ha become a popular spot for both local and tourist to relax and engage in outdoor activity the park is named in honor of the late king birendra and queen aishwarya of nepal king birendra who reigned from 1972 until his assassination in 2001 wa known for promoting infrastructure development and environmental protection in nepal,Gandaki Province,"park,recreational spot,natural beauty"
294,Birendra Museum,the birendra museum situated within the hanuman dhoka palace complex in kathmandu durbar square is dedicated to preserving the personal artifact of king birendra bir bikram shah who reigned over nepal from 1972 until 2001 the museum showcase a variety of the late king personal possession including royal attire worn during significant state and historic occasion a well a gift medal and honorary title he received from international dignitary visitor to the museum can gain insight into the life and reign of king birendra exploring exhibit that reflect his contribution to nepal history the museum is part of a trio within the palace complex alongside the tribhuvan museum and the mahendra museum each dedicated to different monarch of the shah dynasty it important to note that some visitor have expressed that the museum display may be limited with certain section appearing sparse this perception ha led to speculation that some artifact might have been removed or are missing therefore while the museum offer a glimpse into nepal royal history expectation regarding the extent of the exhibit should be tempered,Bagmati Province,"museum,historic site,cultural heritage"
297,Birthplace of Gautam Buddha (Lumbini),the birthplace of gautam buddha known a lumbini is a unesco world heritage site located in the rupandehi district of nepal it is revered a the birthplace of siddhartha gautama who later became the buddha the founder of buddhism historical significance lumbini hold profound historical and spiritual importance the exact spot where buddha wa born is marked by the maya devi temple which house the ancient marker stone the site ha been a place of pilgrimage for over two millennium attracting devotee and scholar worldwide key attraction maya devi temple this temple is dedicated to maya devi the mother of buddha and mark the exact location of his birth the temple complex includes the sacred pool where queen maya devi is believed to have bathed before giving birth ashoka pillar erected by emperor ashoka in 249 bc this pillar bear inscription confirming lumbini a the birthplace of buddha it stand a a testament to the site historical significance lumbini garden a serene garden surrounding the temple complex offering a peaceful environment for meditation and reflection,Lumbini Province,"UNESCO World Heritage Site,tourist attraction,buddhist pilgrimage."
299,Bish Hazari Lake,bish hazari lake also known a bishazari tal is a renowned natural landmark situated in the southern corner of bharatpur nepal the name bish hazari translates to twenty thousand reflecting the lake expansive network of interconnected water body this area is particularly attractive to bird enthusiast serving a a vital birdwatching center additionally the lake is home to numerous crocodile making it equally appealing to reptile lover,Bagmati Province,"natural landmark,birdwatching,reptile sanctuary"
302,Bishrampur Park,bishrampur park located at xvrw73w in waisharamapaur nepal is a notable recreational area offering a variety of experience for visitor situated in the bishrampur rural municipality of bara district the park provides a serene environment for relaxation and leisure activity,Madhesh Province,"park,recreational spot,natural beauty"
304,Bitthad Valley,bitthad settlement located in bajhang district nepal is a notable tourist attraction offering a variety of experience for visitor situated at gqx463g 10500 nepal this settlement provides insight into the local culture and lifestyle,Sudurpashchim Province,"tourist_attraction,natural beauty,cultural experience"
306,Bodal Dada,bodal dada located at gwcgr55 in daoramaba nepal is a popular hiking destination offering a variety of experience for visitor situated in the daoramaba area it provides hiker with scenic view and a chance to immerse themselves in the natural beauty of the region location and accessibility daoramaba is a locality in nepal and bodal dada is accessible via local road and trail traveler typically reach the area from nearby town or city with transportation option varying based on the starting point given the rural setting it advisable to plan the journey in advance and consult local guide for the best route hiking experience the hike to bodal dada offer trekker a chance to explore the natural landscape of nepal while specific detail about the trail are limited hiker can expect to encounter diverse flora and fauna along with panoramic view of the surrounding area,Bagmati Province,"hiking,natural beauty,cultural experience"
307,Bodgaun,bodgaun situated in banganga municipality of kapilvastu district in southern nepal is a rural settlement known for it traditional lifestyle and scenic surroundings the village offer visitor a glimpse into the daily life of the local community with opportunity to explore agricultural practice interact with resident and experience the serene countryside,Lumbini Province,"monument,cultural heritage,rural life"
308,Bodhisattva Gallery,bodhisattva gallery located at house no 91 diamond marg kupondole height lalitpur nepal is a renowned art gallery dedicated to showcasing traditional newa art form the gallery feature a diverse collection of painting sculpture and metalwork highlighting the rich cultural heritage of the newar community,Bagmati Province,"art_gallery,cultural hub"
309,Bogati Mastamandu Temple,the bogati mastamandu temple is a hindu temple situated in lampata nepal located on lampata street in the adanchuli area of humla karnali pradesh the temple is dedicated to the worship of mastamandu a revered deity in the region location and accessibility the temple is accessible via lampata street in adanchuli humla visitor can reach the area by local transportation option including bus and taxi given the rural setting it advisable to plan the journey in advance and consult local guide for the best route,Sudurpashchim Province,"hindu_temple,religious site,cultural significance"
311,National Botanical Garden,established in 1962 the national botanical garden cover an area of 82 hectare and serf a a center for plant conservation education research display and recreation the garden feature various thematic subgardens including a rock garden orchid house and a medicinal plant garden,Bagmati Province,"park,nature conservation,recreational spot"
314,Bramsthan Temple,bramsthan temple located at r6jj87p rajapur farhadawa 44500 nepal is a revered hindu temple offering a variety of experience for visitor while specific detail about this temple are limited it is situated in the rajapur area known for it rich cultural heritage and historical significance,Madhesh Province,"hindu_temple,cultural hub,religious site"
315,Brass and Bronze Museum,the brass and bronze museum in bhaktapur nepal is dedicated to showcasing traditional metalwork including ceremonial lamp and ritual vessel crafted from brass and bronze located near the woodcarving museum it offer visitor insight into the rich history of metal craftsmanship in the region,Bagmati Province,"museum,historical site,cultural heritage"
316,Brindawan Park,brindawan park is a wellknown location situated at 29mwp86 baisharampur 44500 nepal it is recognized for being a park that offer a variety of experience for visitor the park is located in the vicinity of bishrampur a village development committee in rautahat district nepal bishrampur is known for it rich cultural heritage and natural beauty,Madhesh Province,"park,recreational spot,natural beauty"
317,British Camp Picnic Spot,british camp picnic spot located in gaindakot nawalparasi district nepal is a popular destination for nature enthusiast and those seeking a peaceful retreat situated along the bank of the narayani river it offer visitor a serene environment to relax and enjoy the natural beauty of the region,Lumbini Province,"picnic,natural beauty,recreational spot"
319,Buddha Nepal Art Gallery,buddha nepal art gallery is a renowned art gallery located in kathmandu nepal situated in front of global ime bank on chaksibari marg the gallery specializes in oil painting and traditional thangka artwork offering a diverse collection that reflects nepal rich artistic heritage visitor experience visitor to buddha nepal art gallery can explore a variety of artwork including traditional and contemporary piece the gallery provides an opportunity to appreciate the creativity of local artist and acquire unique artwork that reflect nepal cultural diversity location the gallery is situated in the vibrant thamel area of kathmandu known for it artistic community and cultural significance,Bagmati Province,"art_gallery,cultural hub"
322,Buddhijibi Chowk,buddhijibi chowk is a notable landmark situated at jrw3h24 janakpurjaleshwor road jaleshwor 45700 nepal this monument serf a a central point in the region reflecting the cultural and historical significance of the area,Madhesh Province,"monument,historical site"
323,Budhinanda Tal,budhinanda tal situated in the bajura district of nepal is a revered pilgrimage site known for it serene beauty and spiritual significance located at an elevation of approximately 4600 meter the lake is surrounded by majestic mountain offering a tranquil environment for visitor,Sudurpashchim Province,"tourist attraction,natural beauty,pilgrimage site"
325,Budha Subba Temple,budha subba temple located in dharan eastern nepal is a revered religious site known for it rich folklore and spiritual significance the temple is particularly famous among young couple who visit to seek blessing for enduring happiness and love visitor experience visitor to budha subba temple can engage in the tradition of tying colorful thread around the trunk of tree within the temple complex this act is believed to bring good fortune and strengthen relationship the temple serene environment offer a peaceful setting for reflection and prayer,Koshi Province,"hindu_temple,cultural significance,religious site"
327,Bulbule Taal,ulbule lake situated in birendranagar karnali province nepal is a captivating natural landmark renowned for it unique bubbling spring the lake name bulbule translates to bubble aptly describing the continuous effervescence of water emerging from it depth key feature natural spring the lake distinctive bubbling spring are a mesmerizing sight with water continuously rising from the lakebed and flowing through stone spout scenic park encircling the lake is bulbule park a verdant area adorned with a variety of flora making it an ideal spot for relaxation and picnic,Karnali Province,"lake,natural beauty,tourist attraction"
328,Bulu Park,bulu park situated in chapagaun lalitpur district nepal is a wellknown recreational area offering a variety of experience for visitor the park is open yearround providing a serene environment for relaxation and leisure activity,Bagmati Province,"park,recreational spot,natural beauty"
330,Butterfly Square,butterfly square located in lalitpur also known a patan nepal is a popular gathering spot for local especially during the summer evening visitor often describe it a a cool clean and calm place to relax and socialize situated near the heart of lalitpur butterfly square offer a serene environment amidst the city hustle and bustle it central location make it easily accessible and it a favored spot for both local and tourist seeking a peaceful retreat while specific detail about the square history and feature are limited it reputation a a tranquil gathering place is wellestablished the square ambiance is enhanced by the surrounding architecture and the vibrant life of lalitpur,Bagmati Province,"park,cultural hub,recreational spot"
331,Butwal Fulbari (Manimukunda Sen Park),butwal fulbari also known a manimukunda sen park is a historic and scenic destination located in butwal nepal this park wa once the winter palace of king manimukunda sen a ruler of the palpali sen dynasty the area is rich in natural beauty and archaeological significance featuring the ruin of the royal palace which include six large room and structure that served a the royal residence and administrative center visitor to butwal fulbari can explore the park lush greenery enjoy panoramic view of butwal city siddharthanagar and neighboring village and learn about the region history the park is also a popular spot for picnic and educational tour,Lumbini Province,"historic site,natural beauty,picnic spot"
332,Butwal View Point,butwal view point situated in the city of butwal nepal offer visitor a serene escape with it panoramic vista of the surrounding hill and valley the viewpoint is particularly renowned for it breathtaking sunset where the sky transforms into a canvas of vibrant color making it an ideal spot for photography enthusiast the area is equipped with bench and small picnic spot allowing visitor to relax and immerse themselves in the natural beauty at their leisure family couple and solo traveler will find this location perfect for unwinding amidst nature embrace,Lumbini Province,"tourist attraction,natural beauty,hiking destination"
333,CG History Museum,the cg history museum is a fascinating destination that offer a glimpse into the evolution of human civilization it feature diverse exhibit ranging from ancient artifact to contemporary innovation showcasing the milestone that have shaped society visitor can engage with interactive display detailed model and multimedia presentation that make history come alive the museum provides an enriching experience for people of all age blending education with entertainment whether you are passionate about history or simply curious to learn more the cg history museum is an inspiring place to explore and appreciate the journey of humanity through the age,Lumbini Province,"museum,historical site,cultural hub"
334,CG Unnati Cultural Village,the cg unnati cultural village is a vibrant celebration of art culture and heritage designed to preserve and promote traditional lifestyle it offer visitor a unique opportunity to experience the rich cultural tapestry of the region the village feature beautifully crafted architecture cultural performance traditional craft and authentic cuisine that reflect the essence of local tradition guest can engage in workshop enjoy folk music and dance and witness artisan at work creating an immersive cultural experience perfect for family tourist and culture enthusiast cg unnati cultural village is a mustvisit destination that bridge the past with the present,Lumbini Province,"cultural village,tourist attraction,cultural hub"
335,Children Fun Park,the child fun park is a lively and colorful haven designed to bring joy and excitement to kid of all age packed with thrilling ride interactive play zone and engaging activity it ’ s the perfect destination for family outing the park feature safe and wellmaintained attraction including merrygorounds mini roller coaster and creative play area ensuring endless fun for child with plenty of seating and refreshment option for parent it ’ s a great place to relax while the kid explore and enjoy the child fun park guarantee unforgettable memory and smile for the whole family,Lumbini Province,"park,recreational spot,family-friendly destination"
338,"Cage of the Tiger, Bardiya National Park",the cage of the tiger located within bardiya national park in nepal is an exciting and unique wildlife attraction that offer visitor a chance to observe tiger in a controlled yet natural environment a part of conservation effort this enclosure provides a safe space for tiger while allowing visitor to witness these magnificent creature up close bardiya national park known for it rich biodiversity and lush landscape is home to a variety of wildlife including tiger rhino and elephant the cage of the tiger is a mustvisit for wildlife enthusiast offering an educational experience that emphasizes the importance of wildlife protection and habitat conservation,Lumbini Province,"park,wildlife attraction,natural beauty,biodiversity hotspot"
339,Calvary Blessing Church-Achham,calvary blessing churchachham is a wellknown location located at 6454826 saakaota 10700 naepaala it offer a variety of experience for visitor our church is place of worship center of god there is many believer of jesus christ but they are not rich in wealthbut they are rich in blass by the grace of god you can come our church 24 hour open the door of church for your,Sudurpashchim Province,"church,religious site,cultural hub"
342,Camping Hill,camping hill located in nepal is a popular outdoor destination for nature lover and adventure enthusiast known for it serene environment and breathtaking view camping hill offer a perfect spot for camping hiking and outdoor activity the area feature lush green landscape rolling hill and clear sky making it an ideal location for those looking to escape the hustle and bustle of city life visitor can enjoy stargazing bonfire and peaceful walk while immersing themselves in the natural beauty of the surroundings whether youre an experienced camper or a firsttime adventurer camping hill provides a memorable experience in the heart of nature,Sudurpashchim Province,"trekking,camping,natural beauty,stargazing"
343,Campsite on Upper Marsyangdi Reservoir,the upper marsyangdi reservoir situated in the lamjung district of western nepal is a significant runofriver hydroelectric project while the reservoir itself is primarily designed for power generation it also offer opportunity for adventure activity such a rafting and kayaking the surrounding area feature several campsite that provide a base for these activity campsite and activity rafting and kayaking the upper marsyangdi river is renowned for it challenging rapid and stunning mountain vista adventurer can embark on multiday rafting or kayaking expedition with campsite set up along the riverbank these campsite are equipped with essential amenity including tent sleeping bag and dining facility home himalayan guide camping logistics campsite are typically established on sandy beach or flat area near the river they are equipped with shelter tent simple mattress and sleeping bag cook prepare meal and facility for washing and drying gear are provided,Sudurpashchim Province,"historic site,camping,rafting,kayaking"
346,Cauliflower & Potato Statue,cauliflower potato statue is a wellknown location located at j3cm7g6 thaahaa 44100 naepaala it is known for being a monument it offer a variety of experience for visitorsthe cauliflower potato statue is an unusual and whimsical art piece that combine two everyday vegetable into a creative sculpture often crafted in material such a stone metal or clay these statue may be designed for display in garden market or even art gallery the combination of cauliflower and potato symbolizes the fusion of simplicity and nourishment with each vegetable representing growth nature and sustenance this playful art form draw attention to the beauty of ordinary often overlooked object turning them into a focal point of visual interest the cauliflower potato statue is an artistic celebration of food and nature creating a conversation piece for viewer,Bagmati Province,"monument,cultural hub,art installation"
347,Central Zoo,zoo pointofinterest establishment in 1995 government of nepal entrusted the management of nepal s central zoo the only zoo in nepal located at jawalakhel in the kathmandu valley to ntnc for 30 year established a a private zoo in 1932 by the late rana prime minister juddha samsher it came under the ownership of government of nepal after the political change of 1950 and remained under the management of various government department before it s management wa handed over to ntnc on the occasion of the golden jubilee birthday celebration of the late majesty king birendra bir bikram shah in december 1995 the trust aim to develop the central zoo a a center for exsitu wildlife research and conservation education the central zoo with an area of about 6 ha provides shelter to a total of 942 individual mammal bird fish and reptile of 127 specie it also serf a recreational center for the visitor central zoo uniquely serf a a historical cultural site for diverse group of people over one million visitor come to enjoy the display at the central zoo annually the main source of income ha been the revenue collected from the entry ticket sale with an aim of generating public awareness and participation in nature and wildlife conservation the central zoo ha been successfully running a special membership based program called the friend of zoo foz with a network of school in kathmandu valley the animal management unit is improving and enriching the enclosure to provide better habitat for the zoo animal and are now in a better situation with the operation of a recently established animal hospital new display of national and international specie are often added in order to educate and to introduce the visitor to the different wild specie from within the country and abroad increasingly the central zoo s role in wildlife rescue release and rehabilitation is being recognized a an indispensible role for enhancing the wildlife national responsiveness capacity of the country especially with growing incident related to problem animal management animal emergency animal shelter and refuge disease among others,Bagmati Province,"zoo,tourist attraction,wildlife conservation,recreational spot,biodiversity hotspot"
348,Chaap Danda Hiking Start Trail Point,chaap danda hiking starting at the wellknown location of m67p7gm chandaraagairaii 44600 nepal is a popular trail for nature lover and adventure enthusiast the hike offer a blend of scenic beauty tranquility and physical challenge a hiker make their way along the trail they are treated to stunning view of lush greenery distant mountain and local wildlife the trail provides a variety of experience from peaceful walk through forested area to more demanding stretch that require a good level of fitness it a perfect getaway for those looking to connect with nature and enjoy nepal beautiful landscape,Bagmati Province,"hiking,natural beauty,cultural experience,trails"
350,Chainpur Bazar Sankhuwasabha,chainpur bazar sankhuwasabha is a wellknown location located at 78r76p7 chaainapaura 56900 naepaala it is known for being a monument it offer a variety of experience for visitor,Koshi Province,"monument,historical site,cultural hub,rural life"
351,Chainpur Karuwa Park (Zero Point),chainpur karuwa park zero point located in basantapur chainpur khandbari chainapaura 56900 nepal is a popular park offering a unique experience for nature lover and adventure enthusiast known for it scenic beauty the park provides visitor with breathtaking view of the surrounding hill valley and the majestic himalaya it is an excellent spot for hiking picnicking and enjoying the peaceful atmosphere the park is also a great place for photography offering plenty of opportunity to capture the stunning landscape with it serene environment and diverse flora and fauna chainpur karuwa park is perfect for those looking to explore nature and unwind amidst the beauty of nepal,Koshi Province,"park,natural beauty,picnic spot,hiking destination"
353,"Chakhewa,Bhojpur",chakhewa located in bhojpur nepal is a serene and beautiful destination that offer visitor a unique blend of nature culture and adventure situated at 6w2mf36 57000 it is a peaceful location perfect for those seeking an escape from the hustle and bustle of city life the mundum trail which run along the border between khotang and bhojpur is a key highlight offering stunning view and a chance to experience the culture of the rai people the trail is of easy to medium difficulty and is known for it scenic beauty especially in area like the rolling hill and pasture land between tyamke and maiyum while visiting chakhewa visitor can stay at localrun homestays and lodge enjoying the hospitality of the region and the refreshing atmosphere the weather can be quite cold even during the summer so it recommended to carry warm clothing the area is free from crowd providing a peaceful and quiet experience making it an ideal spot for relaxation visitor are encouraged to embrace the natural beauty and tranquility with no desire for more commercial development keeping the place in it pristine form chakhewa offer not only a stunning landscape but also a deep sense of peace making it a truly unique destination,Koshi Province,"historic site,village life,nature retreat,mundum trail"
354,Chakla Sitganga,chakla sitganga located at r3m7q4q thaadaa 32700 nepal is a historic site that hold cultural and historical significance for the region known for it rich heritage chakla sitganga offer visitor a glimpse into the past with various historical landmark and monument scattered throughout the area the site is renowned for it ancient structure and religious significance making it an important destination for history buff and those interested in local culture visitor can explore the surroundings learn about the history of the region and enjoy the scenic beauty that complement the historical element chakla sitganga is an ideal location for those seeking both cultural enrichment and natural beauty,Koshi Province,"historic site,hiking,cultural heritage,natural beauty"
357,Chaku Christiya Mandali,chaku christiya mandali is a christian community or church located in nepal known for it religious and spiritual activity it serf a a place of worship prayer and fellowship for local christian offering service such a sunday worship bible study and community outreach program the mandali or fellowship brings together believer who come to share in their faith and support one another the community is often involved in charitable work and social service reflecting christian value of love compassion and service to others chaku christiya mandali provides a peaceful environment for spiritual growth and a sense of belonging for it member,Bagmati Province,"church,religious hub,charitable works,cultural significance"
358,Chame View Point,chame view point situated in the village of chame in nepal manang district offer trekker and visitor breathtaking panoramic view of the surrounding himalayan peak including annapurna ii 7937 meter and lamjung himal 6983 meter nature lover trek located along the annapurna circuit chame serf a a popular stopover for trekker providing a serene environment to rest and acclimate the village is nestled amidst lush forest and terraced field with the marsyangdi river flowing through enhancing it scenic beauty visitor can explore local monastery interact with the indigenous gurung and manangi community and immerse themselves in the rich cultural heritage of the region the trek from chame to upper pisang is particularly notable for it stunning mountain vista and cultural experience,Gandaki Province,"tourist_attraction,natural beauty,hiking"
359,Chame Art,chame located in the manang district of nepal is known for it stunning landscape and serf a a popular stop along the annapurna circuit trekking route the natural beauty of chame including it towering himalayan peak dense forest and picturesque valley ha inspired local art and craft chame art often includes traditional painting wood carving and handmade craft reflecting the cultural and spiritual heritage of the region buddhist motif mountain scene and depiction of local life are common in the art created by the indigenous community such a the gurung and manangi people these artistic expression are not only beautiful but also hold spiritual significance often reflecting the deep connection between the people and the natural world visitor to chame can explore local gallery or buy handmade craft contributing to the preservation of the region artistic tradition,Gandaki Province,"park,cultural hub,art gallery"
360,Chamere Hill,chamere gufa commonly known a bat cave is a captivating natural attraction located in pokhara nepal situated on anadu hill overlooking phewa lake the cave is renowned for it impressive limestone formation and the thousand of bat that inhabit it creating a unique and slightly eerie atmosphere visitor can explore the cave by following a winding path illuminated by torch or headlamp discovering the natural beauty of the formation the journey to the cave involves a brief rock climb offering a rewarding experience for adventure enthusiast the surrounding area provides picturesque view of the annapurna mountain range adding to the allure of the visit it advisable to wear appropriate footwear and carry a reliable light source when exploring the cave,Madhesh Province,"hike,natural beauty,cave exploration"
361,Chameri Gufa,chameri gufa is a wellknown location located at 765gc77 32600 naepaala it is known for being a museum it offer a variety of experience for visitor,Bagmati Province,"museum,cultural heritage,natural wonder"
362,"Chamman Chauraha, Kaluwapur",chamman chauraha located in kaluwapur nepal is a wellknown intersection or crossroad that serf a a significant landmark in the region this bustling area is often recognized for it strategic location connecting various road and path that lead to nearby village and town it is a central hub for local commerce transportation and daily activity making it an essential part of the community daily life visitor passing through chamman chauraha can experience the local culture and lifestyle while traveling to or from different part of nepal the area is typically surrounded by shop small business and local vendor offering a variety of good and service,Madhesh Province,"park,cultural hub,recreational spot"
365,Champadevi Kakani,champadevi kakani is a wellknown location located at 9 kakani naepaala it is known for being a mosque it offer a variety of experience for visitor,Bagmati Province,"mosque,religious site,cultural hub"
366,Champuja Greenery Park/Children Park,champuja greenery parkchildren park is a wellknown location located at 45500 bhaimaeshawara nagarapaalaikaa naepaala it offer a variety of experience for visitor champuja greenery parkchildren park is a wellknown location located at 45500 bhaimaeshawara nagarapaalaikaa naepaala it offer a variety of experience for visitor champuja greenery parkchildren park is a wellknown location located at 45500 bhaimaeshawara nagarapaalaikaa naepaala it offer a variety of experience for visitor champuja greenery parkchildren park is a wellknown location located at 45500 bhaimaeshawara nagarapaalaikaa naepaala this place ha historical significance it offer a variety of experience for visitor champuja greenery parkchildren park is a wellknown location located at 45500 bhaimaeshawara nagarapaalaikaa naepaala it offer a variety of experience for visitor champuja greenery parkchildren park is a wellknown location located at 45500 bhaimaeshawara nagarapaalaikaa naepaala it offer a variety of experience for visitor champuja greenery parkchildren park is a wellknown location located at 45500 bhaimaeshawara nagarapaalaikaa naepaala it offer a variety of experience for visitor champuja greenery parkchildren park is a wellknown location located at 45500 bhaimaeshawara nagarapaalaikaa naepaala it offer a variety of experience for visitor a lovely place to spend a day can go for dry picnic and have fu champuja greenery park also known a champuja hariyali park is a popular recreational area located in bhimeshwor municipality dolakha district nepal situated approximately 6 kilometer from the district headquarters charikot the park offer a serene environment with lush greenery making it an ideal spot for relaxation and family outing key feature scenic view visitor can enjoy panoramic view of the surrounding mountain including gaurishankar and kalinchok providing a tranquil backdrop for leisure activity recreational facility the park is equipped with various amenity suitable for child and family including play area and open space for picnic and gathering accessibility located near charikot the park is easily accessible by road making it a convenient destination for both local and tourist champuja greenery park serf a a peaceful retreat offering visitor a chance to connect with nature and enjoy the scenic beauty of dolakha n inside the garden absolutely underrated place probably the best part about dolakhathis park is just beside the tripura sundari templeit go all the way down to a cave which remains always closedfull panaromic view of mtgaurishankar can be viewed which give an absolutely pleasant feelingall in all the park is well managed and remains one of the underdog feature of dolakha tourism naturally beautiful park can b a good picnic spot a well awesome view of tamakoshi river mountain naturally and historically important and beautiful park if we are feeling bore if you come here then we feel fresh here it is near jungle so we can get fresh air we have seen very beautiful scene tamakoshi river in the lap of mount gaurishankar and rolwaling mountain range we can see natural beauty of nature here it very much important place to tourism one of my favourite place near dolakha templeyou can get fresh air and beautiful landscape scenario from here there is a small cave too and old temple down to hill loved this place champuja greenery park one of the nice place to visit during your visit in dolkha greenery tree fresh air playing tool for childrens amazing panaromic view you can also visit the cave but it narrow and steep down it is closed park nothing to see inside their only the hill which are quite good not more i dont recommend it it is a abandon place it the quite nice park in bhimeshwor municipality ward no 2,Bagmati Province,"park,recreational spot,natural beauty"
368,Chanaute Arughat Gorkha,chanaute is a picturesque village located in the arughat rural municipality of gorkha district nepal situated along the budhi gandaki river it serf a a gateway for trekker embarking on the manaslu circuit one of nepal renowned trekking route the village offer stunning view of the surrounding mountain and lush landscape making it a serene stop for traveler chanaute is accessible via a scenic drive from arughat which is approximately 20 kilometer away the area is known for it rich cultural heritage with traditional gurung and magar community residing in the region visitor can experience the local lifestyle enjoy traditional cuisine and explore nearby attraction such a the budhi gandaki river and the surrounding hill the village is also a starting point for trek leading to destination like samagaun and the larkya la pas for those interested in exploring the natural beauty and cultural richness of nepal chanaute offer a unique and memorable experience,Gandaki Province,"hike,village life,cultural experience"
370,Chandan Chy Bhajani Nepal,chandan chy bhajani nepal is a wellknown location located at fxx7qc bhajanaii taraishakatai naepaala it is known for being a park it offer a variety of experience for visitor,Madhesh Province,"park,recreational spot,natural beauty"
372,Chandeshwori Temple,religious site chandeshwori temple located in the tokha municipality of kathmandu it wa built around the 13th century making it one of the oldest temple in nepal the temple is dedicated to the hindu goddess chandeshwori who is believed to be a form of parvati the temple ha a threetiered pagoda style roof and is richly decorated with carving it is said to be a mustsee destination in kathmandu a it offer a chance to learn about the ancient heritage of the city it is one of the best temple in nepal which you must visit worship method according to hinduism chandeshwori temple is a famous temple dedicated to the goddess chandeshwari the temple is located in tokha kathmandu in nepal the worship method practiced at the temple includes traditional ritual and offering devotee offer flower incense and other gift to the goddess pray for blessing and circumambulate the temple they perform pancha shanti and pancha kanya peace and meditation practice devotee also offer prasad holy food and water which symbolizes the goddess and her power pujas and havans are conducted by the temple priest to invoke the goddess blessing there are numerous other ritual practiced at the temple such a worshipping the nine planet singing devotional song and chanting hymn this most visited temple in nepal fact 1 the chandeshwori temple is situated in tokha kathmandu nepal 2 the temple wa constructed in 1602 ce and is dedicated to goddess chandeshwori 3 it is one of the four major manifestation of goddess durga and is believed to have been the site of the battle between lord shiva and the demon king durgam 4 chandeshwori temple is the first of it kind in nepal due to it intricately carved ceramic exterior and ornate sculpture 5 the famous annual chandeshwori festival is held here every year in may to commemorate the victory of goddess durga over demon king durgam and to receive blessing from the goddess 6 many believer visit the temple to receive blessing and to carry out ritual to fulfil their desire 7 the chandeshwori temple is a unique architectural marvel and is known for it ornate stone carving and statue depicting goddess durga and lord shiva here are some fact about the nepal templethese fact will help you understand why it is oldest temple list of the best temple in nepal how to reach the chandeshwori temple of tokha is located in the city of kathmandu which is the capital city of nepal the temple is located about 136 km from the city center there are various way to reach the temple 1 by bus from kathmandu city centre there are public bus going to tokha it take about 40 minute to reach tokha once you reach there chandeshwori temple is just 5 minute walk away from the bus station 2 by taxi taxi are the quickest way to reach tokha it take about 30 minute from kathmandu city centre to reach the temple 3 by car you can also drive to the temple in your own car it take around 25 minute from kathmandu city centre famous temple in nepal,Bagmati Province,"temple,historical site,cultural significance"
373,Chandi Than Mandir,chandi than mandir also known a chandi bhagwati temple is a revered hindu temple situated in the heart of rajbiraj saptari district nepal dedicated to goddess bhagwati the temple hold significant religious importance for both nepali and indian pilgrim during the bada dashain festival the temple becomes a focal point of worship attracting thousand of devotee who come to offer prayer and sacrifice the temple complex also house other shrine including those dedicated to lord hanuman lord shiva and lord vishwakarma a small pond bhagwati pokhari located behind the temple is used for chhath ritual annually the temple rich history and cultural significance make it a prominent landmark in the region,Madhesh Province,"museum,hindu_temple,cultural heritage"
376,Chandra Arts & Shilalekh,chandra art shilalekh is a wellknown location located at nilkantha8 bagaicha nailakanatha 45100 naepaala it is known for being a artgallery it offer a variety of experience for visitor,Bagmati Province,"art_gallery,cultural hub,tourist attraction"
377,Chandra Bahadur Sunuwar Chock,chandra bahadur sunuwar chock chanadara bahaadaura saunauwaara shaalaika chaaeka is a wellknown location located at f65g78 dauraagaauà¤ 45400 naepaala it is known for being a museum it offer a variety of experience for visitor,Sudurpashchim Province,"museum,historical landmark,cultural hub"
378,Chandragadi Simsar,chandragadi simsar is a wellknown location located at j32c7ch bhadarapaura 57200 naepaala it is known for being a touristattraction it offer a variety of experience for visitor,Koshi Province,"tourist_attraction,natural beauty,biodiversity hotspot"
383,Changesthan Mandir,changesthan mandir is a revered hindu temple situated at the border of okhaldhunga and solukhumbu district in nepal the temple is renowned for it spiritual significance and is a popular destination for devotee and trekker exploring the everest region the temple is located in the village of pattale which offer panoramic view of the everest range visitor often combine a visit to changesthan mandir with a trek to nearby attraction such a laureshwore baba mandir to experience the rich cultural and natural beauty of the area for those planning a visit there are several accommodation near changesthan mandir including kyirmu lodge in phaplu which offer comfortable lodging option the temple is accessible via a trek from the town of phaplu which can be reached by a short flight from kathmandu to the phaplu airport the trek to changesthan mandir is considered moderate and offer trekker a chance to experience the local sherpa culture and the stunning landscape of the solukhumbu region,Koshi Province,"hindu_temple,pilgrimage site,cultural significance"
384,Changu Museum,changu museum also known a the living tradition museum is located in the village of changunarayan near the changu narayan temple in the kathmandu valley nepal established on 10th jestha 2057 b approximately 2000 ad the museum showcase the artistic history of changunarayan including cultural musical instrument lakhe dance artifact and old armory the museum offer visitor a glimpse into the rich cultural heritage of the region featuring over 400 exhibit that cover artifact and display on traditional nepali life situated just 60 meter from the main temple the museum is easily accessible to visitor exploring the area for more information about the museum and it exhibit you can visit the official website of visit changunarayan,Bagmati Province,"museum,historical site,cultural heritage"
385,Changu Narayan,changu narayan temple situated atop changu hill in the bhaktapur district of nepal is the oldest hindu temple still in use in the kathmandu valley dedicated to lord vishnu it is a unesco world heritage site and a significant pilgrimage destination historical significance the temple origin trace back to the 5th century making it a vital repository of nepalese art and architecture it house numerous ancient inscription and sculpture including a garuda figure dating from the 5th century and the oldest stone inscription in the valley from ad 464 architectural feature the twostory pagodastyle structure is adorned with intricate carving and statue depicting various incarnation of vishnu notable feature include a 7thcentury image of vishnu astride garuda which is illustrated on the r 10 banknote visiting information located approximately 12 kilometer east of kathmandu the temple is accessible via a short drive or a scenic hike visitor can explore the temple complex view the surrounding sculpture and enjoy panoramic view of the kathmandu valley,Bagmati Province,"UNESCO World Heritage Site,hindu_temple,historical site,cultural heritage"
388,Chankheli Pass,chankheli pas situated at an elevation of approximately 3308 meter 10853 foot in nepal karnali province serf a a vital link between the mugu and humla district this mountain pas is renowned for it challenging terrain and breathtaking vista making it a notable destination for trekker and adventure enthusiast geographical significance the pas connects the remote region of mugu and humla facilitating access to area that are otherwise difficult to reach it strategic location ha historically been important for trade and cultural exchange between these district trekking and adventure traversing chankheli pas is considered a challenging endeavor due to it steep ascent and descent the route offer trekker an opportunity to experience the rugged beauty of nepal farwestern himalaya including view of the chankheli peak which stand at 4210 meter recent development in recent year infrastructure improvement have enhanced accessibility to the pas notably a jeep ha successfully reached chankheli pas for the first time over the muguhumla link road built with uk aid support weather condition due to it high elevation chankheli pas experience variable weather condition traveler should be prepared for cold temperature and potential snowfall especially during the winter month for more detailed information and personal account of traversing chankheli pas you may refer to the following video,Sudurpashchim Province,"monument,natural beauty,hiking destination"
389,Chapabot Park,chapabot park is a serene green space located in the chapabot area of kathmandu nepal situated near the base of chandragiri hill the park offer visitor a tranquil environment to relax and enjoy nature it is approximately 61 kilometer from kalanki making it easily accessible for those seeking a peaceful retreat from the city hustle and bustle feature picnic spot the park is equipped with 31 designated picnic spot 25 of which are available for public use these area are ideal for family gathering group outing or solo relaxation natural beauty surrounded by lush greenery and offering panoramic view of the kathmandu valley chapabot park provides a refreshing escape into nature accessibility it proximity to kalanki and the base of chandragiri hill make it a convenient destination for both local and tourist,Madhesh Province,"park,recreational spot,natural beauty"
391,Chapleti,chapleti is a scenic locality situated in the bāgmatī zone of nepal known for it natural beauty and tranquil environment located at an elevation of 683 meter above sea level it offer stunning view of the surrounding hill and valley the area is characterized by it subtropical highland climate with dry winter making it an attractive destination for nature lover chapleti is about 419 kilometer from dhankuta and it peaceful atmosphere combined with it geographical significance make it a popular spot for visitor seeking a retreat in the heart of nepal,Bagmati Province,"historic_site,natural beauty,cultural heritage"
392,Chapur Chowk / Chandrapur Chowk,chapur chowk also known a chandrapur chowk is a prominent intersection located in the rautahat district of nepal this area serf a a central hub connecting various part of the district facilitating transportation and commerce chapur chowk is situated within the chandrapur municipality which is locally known a chandranigahapur or chapur the locality is characterized by it bustling environment with numerous shop market and eatery catering to both local and visitor the area is also known for it vibrant community life with various cultural and social activity taking place throughout the year for those interested in exploring chapur chowk there are several accommodation available in the vicinity for instance gautam hotel chapur offer amenity such a a garden shared lounge terrace and restaurant additionally chapur chowk is home to the nayabasti international cricket stadium located approximately 2 km from the main intersection,Madhesh Province,"historic_site,cultural hub,economic center"
393,Chapur Illaka Forest,chapur illaka forest located in the chandrapur municipality of rautahat district nepal is a significant natural area within the narayani zone this forest is part of the local administrative division known a an illaka which refers to a subdistrict or area within the district the forest is situated approximately 77 kilometer from rautahat making it accessible for visitor interested in exploring the region natural beauty the forest is open yearround providing opportunity for nature walk bird watching and experiencing the local flora and fauna while specific detail about the forest feature are limited it is recognized a a natural attraction in the area for accommodation near chapur illaka forest several option are available in the surrounding area traveler can find various hotel and lodge that cater to different preference and budget,Koshi Province,"hike,natural beauty,biodiversity hotspot"
394,Chapurwa Mosque,chapurwa mosque is a significant religious site located in the rautahat district of nepal situated within the chandrapur municipality locally known a chandranigahapur or chapur this mosque serf a a central place of worship for the local muslim community the mosque is characterized by it traditional islamic architecture featuring a spacious prayer hall a minaret and a dome it is an important center for religious activity including daily prayer friday congregational prayer and various islamic event the surrounding area is known for it vibrant community life with numerous shop market and eatery catering to both local and visitor the locality is also recognized for it rich cultural heritage with local tradition and festival that attract visitor interested in experiencing nepalese culture,Madhesh Province,"mosque,religious site,cultural hub"
398,Charikot Masjid,charikot masjid is a wellknown location located at m27w8m8 bhaimaeshawara nagarapaalaikaa 45500 naepaala it offer a variety of experience for visitor,Bagmati Province,"mosque,religious site,cultural hub"
399,"Charkya Lake, Doti",charkya lakedoti is a wellknown location located at 82j65w jhaikaraanaa 10800 naepaala it is known for being a touristattraction it offer a variety of experience for visitor,Madhesh Province,"tourist_attraction,natural beauty"
400,Charmohharam Pul Faruk,charmohharam pul located at w3c7x7v haradaiyaa 44400 nepal is known for being a park it offer visitor a variety of experience including scenic view and a peaceful environment ideal for relaxation and exploration the park is likely to be a popular spot for local and tourist alike providing opportunity for outdoor activity and appreciating the natural beauty of the area,Madhesh Province,"park,natural beauty,recreational spot"
401,"Chaube Mango Garden, Madhopur",chaube mango garden located in madhopur is renowned for it extensive mango orchard offering visitor a chance to experience the cultivation and harvesting of various mango variety the garden provides a serene environment ideal for relaxation and enjoying the natural beauty of the area key feature mango cultivation the garden specializes in growing a variety of mango including the popular chaunsa and sindhi variety known for their sweetness and flavor visitor experience guest can explore the orchard learn about mango cultivation and participate in seasonal activity such a mango picking amenity the garden offer facility for picnic and relaxation making it a suitable spot for family outing and nature walk,Madhesh Province,"park,natural beauty,agriculture tourism"
402,Chaugan Phaya,chaugan phaya located in humla nepal is a notable area known for it natural beauty and cultural significance humla situated in the far northwest of nepal is renowned for it rugged terrain rich biodiversity and unique cultural heritage the region offer a variety of experience for visitor including trekking cultural exploration and opportunity to witness traditional lifestyle key feature natural beauty humla is characterized by it mountainous landscape dense forest and diverse flora and fauna making it a haven for nature enthusiast cultural significance the area is home to various ethnic community each with distinct tradition language and custom providing a rich cultural tapestry for visitor to explore adventure opportunity trekking and exploration are popular activity with route that offer breathtaking view and a chance to experience the pristine environment humla nepal a hidden gemhttpswwwyoutubecomwatchvexample,Koshi Province,"hindu_temple,cultural significance,natural beauty"
403,Chaukhutte,chaukhutte is a village located in the achham district of far western nepal situated at an elevation of approximately 2184 meter above sea level key feature geographical location chaukhutte is positioned in the setī zone of nepal far western region community and culture the village is known for it serene landscape and traditional lifestyle offering visitor a glimpse into rural nepali life accessibility reaching chaukhutte requires a journey through the mountainous terrain of the achham district which can be challenging but rewarding for those seeking adventure and cultural immersion,Bagmati Province,"park,cultural hub,natural beauty"
406,Chautara View Point,chautara view point situated in the sindhupalchowk district of nepal offer panoramic vista of the surrounding landscape including the jugal himal and langtang mountain range this vantage point is a highlight for trekker exploring the helambu region providing a serene spot to rest and appreciate the natural beauty key feature scenic view visitor can enjoy expansive view of the himalaya terraced field and traditional village making it a photographer paradise trekking hub chautara serf a a starting point for several trekking route including the helambu trek and the journey to panch pokhari a sacred alpine lake cultural experience the area is home to diverse ethnic community offering insight into local tradition and lifestyle,Bagmati Province,"tourist_attraction,natural beauty,hiking destination"
407,"Chautarbari, Jhargaun, Tanahun",chautarbari located in jhargaun tanahun district nepal is a picturesque village known for it traditional nepali architecture and serene landscape the area offer visitor a glimpse into rural life with terraced field traditional house and panoramic view of the surrounding hill and mountain it an ideal spot for those interested in cultural exploration and nature walk key feature traditional architecture the village showcase typical nepali house providing insight into local construction style and material scenic view visitor can enjoy view of terraced field rolling hill and distant mountain range making it a photographer delight cultural experience engaging with the local community offer opportunity to learn about traditional custom craft and daily life in rural nepal,Madhesh Province,"village life,cultural heritage,natural beauty"
408,Chautari Community Church (Reformed),chautari community church reformed is a wellknown location located at mccg8jg bhakatapaura 44800 naepaala it offer a variety of experience for visitor,Bagmati Province,"church,religious hub,charity work"
409,Chepang Hill Trek,the chepang hill trek is an offthebeatenpath trekking route located approximately 80 kilometer west of kathmandu nepal it offer an immersive experience into the rural life and culture of the indigenous chepang community the trek take visitor through scenic landscape of lush forest terraced field and panoramic view of the himalaya including peak like langtang and ganesh himal it provides opportunity for cultural exchange by staying in homestays within chepang village allowing trekker to learn about the community distinct tradition language and custom this trek is ideal for nature lover cultural enthusiast and those seeking a peaceful less commercialized trekking experience,Bagmati Province,"trekking,cultural experience,nature retreat"
410,Chhabdi Barahi Temple,chhabdi barahi temple situated in the tanahun district of western nepal is a revered hindu shrine dedicated to goddess chhabdi barahi located approximately 7 kilometer east of damauli the temple is nestled in a hilly forest area near the chhabdi khola river it is believed that worshipper who visit and pray at this temple can have their sin washed away the temple is also a popular picnic spot among local and visitor offering a serene environment to relax and enjoy the natural surroundings,Koshi Province,"hindu_temple,pilgrimage site,cultural significance"
412,Chhatreshwori Temple Salyan,chhatreshwori temple also known a chhatreshwori bhagwatimahadev mandir is a revered hindu shrine located in chhayakshetra salyan district nepal the temple is dedicated to goddess bhagwati and lord mahadev attracting devotee and visitor alike the area is known for it religious significance and natural beauty making it a notable destination in the region,Bagmati Province,"hindu_temple,religious site,cultural significance"
414,Chhillikot Temple,chhillikot located in dang district nepal is a historic site renowned for it scenic beauty and cultural significance visitor are drawn to attraction such a the kalikamalika temple the ruin of the royal palace and panoramic view of the surrounding mountain including sisnel dangka fant salyan rolpa rukum and mallagiri the area ha experienced a surge in tourism with up to 1500 visitor daily especially during peak season to accommodate the influx local infrastructure ha been developed including the construction of a staircase and the establishment of local food shop additionally a cable car project is underway to enhance accessibility to the site,Sudurpashchim Province,"hindu_temple,historical site,natural beauty"
416,Chhina Jungle (Chhainaa Dhaama),chhina jungle also known a chhainaa dhaama is a revered hindu pilgrimage site located in the dang district of western nepal situated near the town of tulsipur this sacred forest area is dedicated to lord shiva and is renowned for it natural beauty and spiritual significance historical and cultural significance chhina jungle hold a special place in the heart of devotee particularly during the annual maha shivaratri festival during this time thousand of pilgrim visit the site to offer prayer and seek blessing the temple within the jungle is believed to have been established century ago with it origin intertwined with local legend and tradition natural beauty the area is characterized by dense forest serene river and diverse wildlife making it a haven for nature enthusiast the tranquil environment offer visitor a peaceful retreat from the hustle and bustle of city life visiting information to reach chhina jungle visitor typically travel to tulsipur and then proceed by local transportation or on foot the journey offer scenic view of the surrounding landscape it advisable to check local travel advisory and weather condition before planning a visit for a visual overview of chhina jungle and it surroundings you might find the following video informative,Karnali Province,"forest,hindu_temple,biodiversity hotspot,nature retreat."
417,Chilancho Stupa,archaeological site the word chilancho is formed from two newah word chilan mean eternal and cho mean hill top therefore chilancho stupa literally mean the eternal stupa located on the top of the hill the overall complex is a buddhist monastery complex which is locally known a chilancho baha but it is known a jagatpal maha vihar in historical record whereas people of patan and kathmandu call it a kyapu bahaarchaeologists believe the chaityas here are different than other place and thus hold greater importance from archaeological point of view cultural activity regular worshippingon day of buddha purnima jatra procession is conducted from here ashwin purnima is celebrated likewise other ritual like ihi ceremony and bratabandha ketapuja are also conducted here moreover occasional cultural event like mha puja exhibition etc are also conducted due to plenty of open space available,Bagmati Province,"historic site,archaeological site,cultural significance"
423,Children's Art Museum of Nepal (CAM Nepal),the childrens art museum of nepal cam nepal established in 2014 is located in kathmandu and is dedicated to nurturing creativity and artistic expression among child and youth the museum offer a variety of program and workshop designed to promote art education and cultural appreciation with it exhibition and education room cam nepal showcase artwork created by local student and international artist while also providing a space for creative learning with art supply and a mini library it conduct initiative like alphabet workshop winter art camp and community outreach project to empower young people through creative expression,Bagmati Province,"museum,cultural hub,educational center"
427,Chisapani Picnic Spot,chisapani picnic spot located near the village of chisapani in nepal is a serene and picturesque location ideal for a relaxing day out with family and friend surrounded by lush greenery the spot offer panoramic view of the majestic himalaya including peak like langtang and ganesh himal the area is perfect for picnic nature walk and outdoor activity visitor can enjoy the cool breeze and peaceful atmosphere making it an excellent escape from the hustle and bustle of city life chisapani picnic spot is also a popular rest stop for trekker on their way to other destination in the region,Bagmati Province,"picnic,natural beauty,recreational spot"
433,Chitwan National Park,natural landmark the chitwan national park cnp is a world heritage property and it also contains a ramsar site beeshazari tal in it buffer zone the cnp ha a history of over 3 decade in park management and a rich experience in resolving conflict between the park and the people it is a rich natural area in the terai the subtropical southern part of nepal a total of 68 specie of mammal 544 specie of bird 56 specie of herpetofauna and 126 specie of fish have been recorded in the park the park is especially renowned for it protection of one horned rhinoceros royal bengal tiger and gharial crocodile,Bagmati Province,"UNESCO World Heritage Site,wildlife sanctuary,biodiversity hotspot,natural beauty"
438,Chiwang Monastery Solukhumbu,chiwang monastery solukhumbu is a wellknown location located at gjq2rg3 dauudhakaunada maaraga daudhakaunada 56000 naepaala chiwang monastery located in the solukhumbu district of nepal is a renowned tibetan buddhist monastery situated at an elevation of around 3000 meter the monastery offer a peaceful retreat with stunning view of the surrounding mountain and landscape chiwang monastery is an important religious and cultural site for the local sherpa community a well a for buddhist pilgrim and tourist visitor can experience the serene atmosphere admire the beautiful architecture and engage in spiritual practice the monastery is also a key stop for trekker on their way to the everest region offering a glimpse into the unique tradition of the sherpa people,Koshi Province,"monument,buddhist heritage,cultural hub"
439,Chiwong Monastery,religious site the chiwong monastery is perched a cliff at an altitude of 9000 foot a 3hour walk from the phaplu airport in the solu khumbu district of eastern nepal the solu khumbu signifies the lower and upper valley of the everest region and is home to the legendary sherpa people with magnificent himalayan sunrise golden sunset stark natural splendor and the dance of prayer flag against the wind the solu khumbu is the gateway to mteverest 8848m the highest mountain in the world the sherpa regard the solu khumbu a beyul a sacred valley in this remote part of nepal bordering tibet buddhism survives with a deep faith and resonance and is filled with buddhist monastery including chiwong,Koshi Province,"historic site,religious site,buddhist heritage"
441,Chobar Ground,chobar ground is a wellknown location located at m77q4q9 kaiirataipaura 44600 naepaala chobar ground located in the kairatapaura area of nepal is a popular destination for picnic and outdoor gathering known for it spacious and scenic environment it offer a relaxing atmosphere ideal for family friend and group looking to enjoy a day in nature visitor can engage in various activity such a picnicking playing sport and exploring the nearby surroundings the location is easily accessible and offer a peaceful retreat from the hustle and bustle of the city making it a great spot to unwind and appreciate the natural beauty of the area,Bagmati Province,"picnic,natural beauty,recreational spot"
442,Cholung Park,cholung park is a wellknown location located at 4ch5hf6 f40 taamaaphaoka 56800 naepaala this place ha historical significance it is a popular tourist destination it offer a variety of experience for visitor cholung park is a wellknown location located at 4ch5hf6 f40 taamaaphaoka 56800 naepaala it is also recognized for it scenic view it is a popular tourist destination it offer a variety of experience for visitor cholung park is a wellknown location located at 4ch5hf6 f40 taamaaphaoka 56800 naepaala it offer a variety of experience for visitor cholung park is a wellknown location located at 4ch5hf6 f40 taamaaphaoka 56800 naepaala it offer a variety of experience for visitor cholung park is a wellknown location located at 4ch5hf6 f40 taamaaphaoka 56800 naepaala it offer a variety of experience for visitor cholung park is a wellknown location located at 4ch5hf6 f40 taamaaphaoka 56800 naepaala it offer a variety of experience for visitor cholung park is a wellknown location located at 4ch5hf6 f40 taamaaphaoka 56800 naepaala it offer a variety of experience for visitor cholung park is a wellknown location located at 4ch5hf6 f40 taamaaphaoka 56800 naepaala it offer a variety of experience for visitor cholung park explore nature embrace heritage cholung park located in terathums laligurans municipality is a hidden gem that beautifully blend cultural heritage with natural beauty known for it breathtaking view and vibrant rhododendron bloom the park is especially popular during peak flowering season in march it an essential stop for anyone interested in the rich tradition of the indigenous limbu community and offer an immersive experience into their history and spiritual belief the park highlight is the mysterious lung stone pillar thought to have been erected for ritual grave marker and to resolve clan dispute these stone alongside the sacred cholung worok pond embody the deep connection the limbu people have with nature visitor can also explore ancient cultural artifact including sacred bead weapon and historical document housed in the yuma museum cholung park also shine a a model for ecological conservation with over 150 plant specie including medicinal herb and various rhododendron specie the park provides a peaceful educational experience with it traditional village square nature trail and cultural exhibit all of which showcase the limbu community bond with their ancestor and environment if youre looking to learn about indigenous culture explore stunning nature or enjoy peaceful walk surrounded by breathtaking view cholung park is a mustvisit destination dont forget to capture the beautiful scenery for your photo highlight stunning view with vibrant rhododendron bloom rich cultural and historical significance showcasing limbu tradition the yuma museum with historical artifact including fossil and ancient document sacred stone pillar lung and a traditional limbu village square more than 150 specie of plant including medicinal herb and rhododendron variety a peaceful spot for nature lover and cultural enthusiast alike recommendation best time to visit march for the rhododendron bloom ideal for photography history buff and nature lover heavenly organic cholung park located in the heart of dhankuta nepal stand a a vibrant hub of recreation and relaxation offering resident and visitor alike a serene escape from the hustle and bustle of city life this verdant oasis is renowned for it lush greenery scenic beauty and array of recreational facility making it a popular destination for family friend and nature enthusiast one of the most striking feature of cholung park is it picturesque setting nestled amidst rolling hill and towering tree the park expansive green space provide the perfect backdrop for picnic leisurely stroll and outdoor gathering inviting visitor to immerse themselves in the tranquility of nature moreover cholung park boast a variety of amenity and attraction to suit all age and interest child can frolic in the playground area while adult can enjoy a leisurely boat ride on the tranquil pond or partake in a game of volleyball or badminton on the wellmaintained court the park also feature walking trail fitness station and shaded seating area ensuring there something for everyone to enjoy in addition to it recreational offering cholung park serf a a cultural and social hub for the community throughout the year the park host a variety of event and festival including live music performance art exhibition and food fair bringing together resident from diverse background to celebrate and connect furthermore cholung park play a vital role in promoting environmental conservation and awareness the park lush vegetation serf a a habitat for various plant and animal specie contributing to biodiversity conservation in the region additionally educational program and initiative are organized to raise awareness about the importance of preserving natural ecosystem and promoting sustainable practice in conclusion cholung park is a cherished gem in the heart of dhankuta offering a peaceful retreat where visitor can unwind rejuvenate and reconnect with nature with it scenic beauty recreational facility cultural event and commitment to environmental conservation cholung park embodies the spirit of community and serf a a testament to the beauty and biodiversity of nepal natural landscape whether youre seeking relaxation recreation or simply a moment of serenity cholung park welcome you to experience the beauty of nature in all it glory chotlung park chotlung park is located in laliguras municipality of tehrathum district chotlung park developed a a purpose of tourism is especially based on the limbu community it is very useful for researcher to visit this place and study the traditional history of limbu community there are stonebuilt park traditional limbu house mundhumbased symbolic site and museum now it is also famous a a shooting location for film and music video great placean abode of heavenpristine and pure placemust visit place wa mesmerising beautiful park with ancient style home and decor also include limbu people museum with wide mountain view there is not that much special thing rather than showing in this picture but yeah it is free to visit no ticket required if you have time you can visit this place beautiful place to visit with ur family n kid it feel like heaven the quality of pic get multiplied on clicking from here view scene are just fantastic i loved it and beside it is museum and the museum is inside an old designed house but the house is so attractive best managed park with cultural flavor old house thatched roof with all daily household place is a must see highly recommended,Koshi Province,"park,cultural hub,natural beauty"
444,Chongkor View Point I,chongkor view point i is a wellknown location located at m25cp5c 33500 naepaala chongkor view point i located in nepal is a popular hiking destination offering breathtaking panoramic view of the surrounding landscape situated at an elevation that provides a clear vantage point visitor can enjoy stunning view of nearby hill valley and village the hike to chongkor view point i is ideal for nature lover photographer and outdoor enthusiast seeking to immerse themselves in the beauty of the region the area is also known for it tranquil atmosphere making it a perfect escape for those looking to connect with nature and enjoy a peaceful outdoor experience,Gandaki Province,"hike,natural beauty,tourist attraction"
446,Choti Masjid Jingadwa-05,choti masjid jingadwa05 is a wellknown location located at v7cghcf jaimgadawaa baelawaichawaa 44500 naepaala it is known for being a mosque choti masjid jingadwa05 located in the jaimgadawaa baelawaichawaa area of nepal is a notable mosque in the region this mosque is known for it peaceful environment offering a place for spiritual reflection and worship for the local muslim community visitor to the site can experience the cultural and religious significance of the mosque a well a appreciate it architectural feature the mosque provides a serene atmosphere making it a place for meditation prayer and learning about the islamic faith and local tradition it is also a site of historical importance in the area,Madhesh Province,"mosque,religious site,cultural hub"
448,Chovar Park,chovar park is a wellknown location located at m76vhxj kritipur 44600 nepal it is known for being a park chovar park located in the chovar region of kathmandu nepal is a scenic and peaceful area offering a combination of natural beauty and historical significance the park is renowned for it serene environment where visitor can relax and enjoy the outdoors chovar is historically significant a it is believed to be the site where the bodhisattva manjushree drained the kathmandu valley creating the presentday topography key attraction 1 jal binayak temple a significant hindu temple dedicated to lord ganesh located near chovar park 2 chovar gorge known for it association with the legend of man,Bagmati Province,"park,recreational spot,historical landmark"
449,Christ the King Church,christ the king church located in siddhartha nagar uttar pradesh india is a prominent place of worship and a significant religious site in the region known for it serene environment and beautiful architecture the church attracts visitor for both spiritual reflection and sightseeing it serf a a place for prayer religious service and community gathering the church offer visitor the chance to experience a peaceful ambiance where they can connect with their faith attend mass and explore the rich christian heritage of the area key feature 1 spiritual service regular prayer and mass are held providing an opportunity for spiritual connection 2 community event the church host community outreach program and event for local and visiting worshipper 3 scenic location the church is set in a peaceful environment surrounded by greenery providing a tranquil space for contemplation christ the king church is a mustvisit for anyone exploring the religious and cultural landscape of siddhartha nagar,Lumbini Province,"church,religious site,cultural hub"
455,Chuliban Deurali and Mangdinpakha Community Forest,chuliban deurali and mangdinpakha community forest located in the eastern region of nepal are popular destination for nature lover and trekker chuliban deurali is a scenic hilltop offering panoramic view of the surrounding mountain and valley the area is known for it tranquil environment making it a perfect spot for relaxation and photography mangdinpakha community forest is a protected area rich in biodiversity with dense forest varied flora and fauna the forest is home to many specie of bird and animal making it an attractive spot for wildlife enthusiast visitor can explore the natural beauty through hiking trail enjoy bird watching and experience the local culture of the community that manage the forest the place is ideal for ecotourism and offer a peaceful escape into nature,Koshi Province,"hike,biodiversity hotspot,nature retreat"
457,Chumchaur,chumchaur situated in the jumla district of nepal karnali province is renowned for it highaltitude rice cultivation particularly the jumli marshi variety located at approximately 3050 meter above sea level chumchaur is recognized a the highest ricegrowing area globally pubmed key feature jumli marshi rice cultivation chumchaur is celebrated for cultivating jumli marshi a rice variety with significant nutritional religious and cultural importance this rice is known for it high fiber content and is considered suitable for individual with diabetes pubmed agricultural practice the cultivation of jumli marshi in chumchaur involves unique agricultural practice adapted to the highaltitude environment woman play a crucial role in the cultivation process including transplanting seedling at these elevation researchgate scenic landscape chumchaur offer picturesque view of terraced field traditional hillside settlement and the surrounding mountainous terrain making it an attractive destination for ecotourism and cultural exploration visiting information best time to visit the ideal time to visit chumchaur is during the dry season from october to april when the weather is pleasant and the view are clear accessibility chumchaur is accessible from jumla which can be reached by air from nepalgunj or by road from surkhet from jumla local transportation option are available to reach chumchaur accommodation basic lodging option are available in the nearby village offering a chance to experience local hospitality for more comfortable accommodation jumla serf a a convenient base,Karnali Province,"hike,natural beauty,agriculture tourism"
459,Chunikhel Gamcha Church,chunikhel gamcha church is a christian place of worship located in chunikhel budhanilkantha nepal it serf the local community by providing spiritual guidance and hosting various religious activity the church is situated at q948676 chunikhel budhanilkantha 44600 nepal zaubee the church is led by pastor suman shrestha who is also involved in teaching at the nepal evangelical holistic theological seminary nehts in kathmandu,Bagmati Province,"church,religious hub,cultural significance"
461,Churiamai Picnic Spot,churiamai picnic spot located in gauradaha jhapa district nepal is a popular destination for both local and visitor seeking a serene environment for relaxation and recreation situated at approximately q749mx9 unnamed road gauradaha 44500 nepal this spot offer a variety of experience for nature enthusiast and family key feature scenic beauty the area is characterized by lush greenery open space and a tranquil atmosphere making it ideal for picnic family gathering and outdoor activity accessibility easily accessible from the main road the picnic spot is conveniently located for both resident and tourist visiting gauradaha facility while specific amenity may vary visitor are encouraged to bring their own picnic supply and enjoy the natural surroundings,Koshi Province,"picnic,natural beauty,recreational spot"
462,Chwadi Park,chwadi park is a wellknown location located at j46hwvr kaawaasaotaii 33000 naepaala it is known for being a touristattraction it offer a variety of experience for visitor,Lumbini Province,"tourist attraction,natural beauty,recreational spot"
463,Chyasalin Mandap,heritage site the octangular chyasalin mandap pavilion is not a temple despite the fact that most people mistake it for one despite the fact that it is only a pavilion it is one of the most stunning construction of the malla era the king of bhaktapur however were not responsible for it construction the entire credit go to king srinivas malla the thenking of lalitpur who erected it a a sign of friendship aside from that there is an intriguing story concerning the chyasalin mandapâ€™s construction which explains why it wa built between the pashupatinath temple and the 55window palace there is a hindu concept that one should not live in front of the glorious deity and living directly in front of the pashupatinath shrine wa bad for both the king and the kingdom thus chyasalin mandap is reported to be built in between them to avoid the templeâ€™s powerful aurora from directly striking the palace this venue once wa also a popular choice for the poetry contest according to published knowledge king bhupatindra malla and his consort once held a poetry competition at this spot this pavilion wa also used to welcome royal guest observe festival and enjoy the breathtaking sunset view unfortunately it wa destroyed by the catastrophic earthquake of 1934 ad and lost it original form later in 1992 ad the german architect graciously reinstall this covering at it original speed they used steel and the ruin of the old chyasalin mandap there a a result it wa completely impervious to the april 2015 earthquake,Bagmati Province,"heritage site,historical landmark,cultural hub"
464,Classic Gallery,classic gallery is a wellknown location located at m8hgp79 chakupat rd lalitpur 44600 nepal it is known for being a artgallery pointofinterest establishment it offer a variety of experience for visitor classic gallery is a wellknown location located at m8hgp79 chakupat rd lalitpur 44600 nepal it is known for being a artgallery pointofinterest establishment it offer a variety of experience for visitor classic gallery is a wellknown location located at m8hgp79 chakupat rd lalitpur 44600 nepal it is known for being a artgallery pointofinterest establishment it offer a variety of experience for visitor classic gallery is a wellknown location located at m8hgp79 chakupat rd lalitpur 44600 nepal it is known for being a artgallery pointofinterest establishment it offer a variety of experience for visitor classic gallery is a wellknown location located at m8hgp79 chakupat rd lalitpur 44600 nepal it is known for being a artgallery pointofinterest establishment it offer a variety of experience for visitor classic gallery is a wellknown location located at m8hgp79 chakupat rd lalitpur 44600 nepal it is known for being a artgallery pointofinterest establishment it offer a variety of experience for visitor classic gallery is a wellknown location located at m8hgp79 chakupat rd lalitpur 44600 nepal it is known for being a artgallery pointofinterest establishment it offer a variety of experience for visitor classic gallery is a wellknown location located at m8hgp79 chakupat rd lalitpur 44600 nepal it is known for being a artgallery pointofinterest establishment it offer a variety of experience for visitor it pretty and aesthetic painting is also very beautiful â™¥ï¸ dmall and cute art gallery give shape to your imagination most recommended art school of all age i have visited here with the girl who ghosted me after 1 week but yes if you are artist and is interested in art event you should definitely hive it a try if you can buy please support the artist ive visited here several time and enjoyed thoroughly this gallery also feature my sister painting sometimes during exhibition youd definitely enjoy the painting there got an amazing and positive vibe when i visited this place a must visit gem in patan area although a bit small the place is very well managed and aesthetic small but worth visiting,Bagmati Province,"art_gallery,cultural hub,tourist attraction"
466,Community Hike,community hike is a wellknown location located at community hike sanga panaautaii naepaala it offer a variety of experience for visitor community hike is a wellknown location located at community hike sanga panaautaii naepaala it is also recognized for it scenic view it offer a variety of experience for visitor community hike is a wellknown location located at community hike sanga panaautaii naepaala it offer a variety of experience for visitor community hike is a wellknown location located at community hike sanga panaautaii naepaala it offer a variety of experience for visitor community hike is a wellknown location located at community hike sanga panaautaii naepaala it offer a variety of experience for visitor community hike is a wellknown location located at community hike sanga panaautaii naepaala it offer a variety of experience for visitor community hike is a wellknown location located at community hike sanga panaautaii naepaala it offer a variety of experience for visitor community hike is a wellknown location located at community hike sanga panaautaii naepaala it offer a variety of experience for visitor one of the best hiking spot in bhaktapur you can literally see wide range of himalaya when the weather is pretty clear hike is always the best part for mental and physical health place for hiking scenic view represent refreshment and quality time enjoy the life it is a very beautiful hike with clear way finding sign for a large part of the route but completely lacking any way finding sign at some crucial place part of the road are narrow overgrown and slippery i can definitely recommend this hike for a wonderful trekking experience community hiking point at sanga would be a great choice it is nearer from kathmandu and is adventurous too perfect hiking for beginner the way throung jungle and friendly people around there is the best part natural beauty can be observed from here nice place to chill out in the lap of nature a very good track for hike around kathmandu valley starting with stair end up with a temple and a begining of beautiful roadway towards ktm from behind the hill,Bagmati Province,"hiking,natural beauty,cultural experience"
467,Creative Art Gallery,creative art gallery located at hfgvxm4 baadreni road ratananagara 44200 nepal is a prominent art space dedicated to showcasing a diverse range of artistic expression the gallery feature work from both local and international artist offering visitor a rich cultural experience key feature exhibition the gallery regularly host exhibition that highlight various art form including painting sculpture and mixedmedia work workshop and event creative art gallery organizes workshop seminar and cultural event aimed at fostering creativity and engaging the community artistic community the gallery serf a a hub for artist art enthusiast and collector facilitating交流 and collaboration within the art community,Lumbini Province,"art_gallery,cultural hub,tourist attraction"
469,Cultural Village,cultural village located at v2cvf4c dhanusha 45600 nepal is a historic site that offer visitor a glimpse into the traditional lifestyle and rich cultural heritage of the mithila region situated in mithila bihari municipality2 of dhanusha this village serf a a window into the traditional lifestyle of the region rising nepal key feature traditional hut the village feature traditional hut designed to showcase the art culture costume and lifestyle of the mithila community rising nepal cultural experience visitor can engage with local artisan observe traditional craft and participate in cultural activity that highlight the custom and practice of the mithila people accommodation cultural village offer amenity such a a garden shared lounge restaurant and bar room service is available and guest can enjoy a sun terrace during their stay,Madhesh Province,"historic site,cultural heritage,tourist attraction"
471,Curio Concern,curio concern is a wellknown location located at durbar marg kathmandu 44600 nepal it is known for being a artgallery jewelrystore furniturestore homegoodsstore store pointofinterest establishment it offer a variety of experience for visitor it offer a variety of experience for visitor this is the one of best vintage collection outlet thank you for the rating but please let u know why you have rated u one star so that we can improve thank you,Bagmati Province,"art_gallery,jewelry_store,furniture_store,cultural hub"
475,DD Park Tanahunsur,dd park tanahunsur is a wellknown location located at 28gcqv tanahunsur nepal it is known for being a park pointofinterest establishment it offer a variety of experience for visitor dd park tanahunsur is a wellknown location located at 28gcqv tanahunsur nepal it is known for being a park pointofinterest establishment it offer a variety of experience for visitor,Gandaki Province,"park,natural beauty,recreational spot."
476,DEHI ART,dehi art is a wellknown location located at ward office road west of manisha polyclinic mechinagar 6 naepaala it offer a variety of experience for visitor dehi art is a wellknown location located at ward office road west of manisha polyclinic mechinagar 6 naepaala it offer a variety of experience for visitor dehi art is a wellknown location located at ward office road west of manisha polyclinic mechinagar 6 naepaala it offer a variety of experience for visitor dehi art is a wellknown location located at ward office road west of manisha polyclinic mechinagar 6 naepaala it offer a variety of experience for visitor dehi art is a wellknown location located at ward office road west of manisha polyclinic mechinagar 6 naepaala it offer a variety of experience for visitor dehi art is a wellknown location located at ward office road west of manisha polyclinic mechinagar 6 naepaala it offer a variety of experience for visitor dehi art is a wellknown location located at ward office road west of manisha polyclinic mechinagar 6 naepaala it offer a variety of experience for visitor dehi art is a wellknown location located at ward office road west of manisha polyclinic mechinagar 6 naepaala it offer a variety of experience for visitor probably the only art group in jhapa with the level of creativity engagement and presence countrywide and beyond babaal place and babaal people you can find here beautiful portrait and landscape art by the experience artist reasonable value my grandson is coming there really soon ðÿ˜€ðÿ˜€ â€¦ contact for hiring professional artist and for learning too very famous artist group best place for art and learning best of the best nic art zone,Koshi Province,"art_gallery,cultural hub,tourist attraction"
477,DEV ART GALLERY,dev art gallery located in manamaiju kathmandu nepal is an art gallery offering a variety of experience for visitor while specific detail about it exhibition and offering are limited art gallery like dev art gallery typically showcase collection related to contemporary and traditional nepali art providing a platform for local artist to display their work for more information or to plan a visit you might consider contacting the gallery directly through their facebook pagehttpswwwfacebookcompdevartgallery100064058288227 or instagram profilehttpswwwinstagramcomdevartgallery exploring local art gallery like dev art gallery can offer valuable insight into nepal rich artistic heritage and contemporary art scene,Bagmati Province,"art_gallery,cultural hub"
478,DHAMBOJHI Water Park,dhambojhi water park located in nepalgunj nepal is a recreational area offering a variety of experience for visitor the park feature a large pond area suitable for boating and swimming along with attractive garden and childrens play area it serf a a popular destination for both local and tourist seeking leisure activity,Lumbini Province,"park,recreational spot,family-friendly destination"
479,DOBAN PARK,dovan also known a dobhan is a village located along the annapurna base camp abc trekking route in nepal situated at an elevation of approximately 2600 meter 8530 foot it serf a a popular stopover for trekker journeying to abc the village offer basic accommodation including teahouse and lodge providing trekker with essential amenity such a food and rest dovan is nestled within the annapurna conservation area renowned for it diverse flora and fauna a well a it stunning mountain vista the area is characterized by lush forest cascading waterfall and panoramic view of the surrounding peak making it a picturesque destination for nature enthusiast while dovan itself is not an amusement park it offer a variety of experience for visitor including trekking wildlife observation and cultural interaction with local community the village strategic location along the trekking route make it an ideal resting point for those embarking on the journey to annapurna base camp for a visual overview of the annapurna base camp trek including dovan you might find the following video informative,Koshi Province,"amusement_park,natural beauty,cultural experience"
481,Dabali Panauti,dabali panauti located in panauti nepal is a historically significant site known for it rich cultural heritage the location situated at hgp8448 aghatole panauti 7 is wellregarded for it association with ancient tradition and is often visited for it historical and cultural importance visitor can explore the area historical site enjoy scenic view and experience the local culture dabali panauti offer a unique glimpse into nepal past making it a notable destination for both local and tourist interested in exploring the country history and tradition,Bagmati Province,"historic_site,cultural heritage,tourist attraction"
486,Dahabang Musikot Rukum West,dahabang musikot rukum west is a popular destination located in the bhalaakachaa region of rukum west nepal known for it breathtaking natural beauty it is a wellknown tourist attraction visitor can enjoy the serene environment picturesque landscape and scenic view that make it a perfect getaway for nature lover trekker and adventure enthusiast dahabang is known for it charming rural vibe and offer a peaceful retreat for those looking to explore the beauty of the himalayan foothill it is an excellent spot for hiking photography and experiencing the local culture and hospitality,Karnali Province,"tourist_attraction,natural beauty,hiking destination"
488,Dahare Deurali,dahare deurali is a revered hindu temple situated at an elevation of 2266 meter above sea level straddling the border between parbat and syangja district in nepal the site is accessible via a onehour trek from the base offering visitor a serene journey through stonepaved path flanked by lush greenery the temple is particularly significant during the dashain festival attracting numerous pilgrim and visitor who come to seek blessing and enjoy the panoramic view of the annapurna and dhaulagiri mountain range for those interested in exploring dahare deurali the trek provides an opportunity to experience the natural beauty and cultural heritage of the region the tranquil environment and scenic vista make it a memorable destination for both spiritual seeker and nature enthusiast,Gandaki Province,"temple,hiking,pilgrimage site"
490,Daicha Patti Santibinayak Ganesh Mandir,daicha patti santibinayak ganesh mandir located at shanti binyak road anantalaingagaeshawara nepal is a wellknown hindu temple this sacred site is dedicated to lord ganesha the remover of obstacle and attracts devotee and visitor alike the temple offer a spiritual atmosphere for prayer meditation and seeking blessing visitor to the temple can experience the tranquility of the surroundings the warmth of local culture and a deep sense of devotion the santibinayak ganesh mandir is an important religious landmark in the area offering both a place of worship and a peaceful retreat,Bagmati Province,"hindu_temple,religious site,cultural significance"
492,Dakshin Barahi Park,dakshin barahi temple located approximately 200 meter south of nayathimi chowk in bhaktapur nepal is one of the eight major barahi temple in the kathmandu valley this twostorey temple feature a gilded roof gajur and a door with the temple structure situated about one meter below the ground level the temple is renowned for it exquisite metalwork particularly the intricately designed door visitor can also observe stone statue of lion at the entrance symbolizing guardianship of the goddess barahi inside the temple the statue of barahi devi is brought out only during significant festival the temple premise spanning over an area of 3 ropanis also house main temple structure vajan mandalis and other facility despite it proximity to a busy road the temple offer a peaceful and joyful atmosphere upon entering it premise dakshin barahi temple is a significant religious landmark in the kathmandu valley offering both a place of worship and a peaceful retreat for visitor,Bagmati Province,"park,recreational spot,historical landmark."
493,Dakshindhoka Shanti Park,dakshindhoka shanti park is a serene public park located in gokarneshwor municipality7 on the northern outskirt of kathmandu valley nepal the park offer a peaceful environment for picnic and outdoor activity with view of the surrounding hill and valley it an ideal spot for visitor seeking tranquility away from the city hustle and bustle nearby landmark include the mulpani cricket stadium situated approximately 370 meter east of the park and the narayantar bridge about 420 meter to the west these proximity landmark make the park easily accessible for both local and tourist for those planning a visit there are several accommodation option in the vicinity here are a few hotel near dakshindhoka shanti park these establishment offer a range of amenity to ensure a comfortable stay during your visit to the area whether youre looking to enjoy a leisurely picnic take a peaceful walk or simply relax amidst nature dakshindhoka shanti park provides a refreshing escape from urban life,Bagmati Province,"picnic,natural beauty,recreational spot."
496,Dalachaur Chautari,dalachaur chautari nepal is a notable tourist attraction chautaris are traditional resting place in nepal often centered around large tree like banyan or ficus providing shade and a place for traveler to rest these structure are integral to nepali culture serving a communal gathering spot and landmark visitor to dalachaur chautari can experience the serene environment engage with local community and immerse themselves in the cultural significance of these traditional resting place the area offer a peaceful retreat allowing traveler to relax and enjoy the natural surroundings,Bagmati Province,"tourist_attraction,historical landmark,cultural hub."
497,Dalwa Park,dalwa park located in the sagarmatha zone of nepal is a notable tourist attraction offering a variety of experience for visitor while specific detail about the park are limited park in nepal typically provide recreational space natural beauty and opportunity for relaxation and leisure activity for more information about dalwa park you may consider contacting local tourism office or community center in the area,Madhesh Province,"park,recreational spot,natural beauty."
498,Damak Fun Park,damak fun park located in jhapa district nepal is a popular recreational destination offering a variety of activity suitable for all age the park feature an atv allterrain vehicle recreation area providing visitor with an adventurous experience it ha become a notable tourist attraction in the region drawing both local and visitor,Koshi Province,"park,recreational spot,family-friendly destination."
501,Damphu Danda,damphu danda located in nepal is a scenic hilltop area known for it panoramic view of the surrounding landscape the name damphu is derived from a traditional nepali percussion instrument the damphu drum which is central to the cultural heritage of the tamang people this instrument is often played during communal gathering and dance known a damphu dance which are integral to tamang social life visitor to damphu danda can enjoy the tranquil environment engage with local culture and participate in traditional music and dance performance the area is accessible from the capital city kathmandu making it a convenient destination for those interested in exploring nepal rich cultural tapestry,Bagmati Province,"monument,cultural heritage,hiking destination"
504,Daneswor Ghimire Memorial Water Tap,daneswor ghimire memorial water tap located in paudi amarahi nepal is a notable site that serf a a memorial and a functional water source for the local community while some source categorize it a an amusement park it primarily function a a communal water tap providing natural drinking water to resident and visitor the memorial is open yearround 24 hour a day allowing unrestricted access for those in need of water visitor have noted the beauty of the natural resource in the area making it a peaceful spot to appreciate the local environment while it may not offer traditional amusement park attraction the site hold cultural and practical significance for the community visitor seeking to understand local custom and daily life may find it an interesting place to visit for more information or to plan a visit you can refer to online travel guide such a tripcom,Karnali Province,"cultural site,natural beauty,recreational spot"
506,Dangdunge View Point,dangdunge view point located in sauraya vinayak nepal is a popular hiking destination renowned for it panoramic view of the surrounding landscape the hike to the viewpoint offer visitor a chance to immerse themselves in the natural beauty of the region with trail that meander through lush forest and diverse terrain the trail to dangdunge view point is moderately challenging making it suitable for hiker with some experience along the way trekker can enjoy the rich biodiversity of the area including various flora and fauna native to nepal upon reaching the summit hiker are rewarded with breathtaking vista making the effort worthwhile the ideal time to hike to dangdunge view point is during the spring march to may and autumn september to november month during these period the weather is generally clear and mild providing optimal condition for hiking and unobstructed view from the viewpoint while in the sauraya vinayak region visitor can explore other nearby attraction such a local temple and cultural site to gain a deeper understanding of the area heritage,Bagmati Province,"hiking,natural beauty,tourist attraction"
508,Dangisharan Cultural Homestay,dangisharan cultural homestay located in baibang dangisharan4 nepal offer visitor an immersive experience into the rich tharu culture situated near ratri aadharbhut school in paschim galli this homestay provides a unique opportunity to engage with local tradition and lifestyle traditional cuisine guest can savor authentic tharu dish such a woodfired sekuwa grilled meat and other local specialty prepared using traditional method cultural performance the homestay host cultural event where visitor can witness traditional tharu dance and music offering a deeper understanding of the community heritage museum visit adjacent to the homestay is a small tharu museum showcasing artifact clothing and tool that reflect the daily life and history of the tharu people accommodation the homestay provides comfortable lodging in traditional tharustyle room allowing guest to experience local architecture and hospitality activity visitor can participate in village tour nature walk and other activity that highlight the natural beauty and cultural richness of the area contact information,Lumbini Province,"homestay,cultural experience,rural tourism"
509,Dangol's Bird Art Gallery & Art Institute,dangols bird art gallery art institute located in kathmandu nepal is a renowned establishment dedicated to the art of bird illustration founded by the late hira lal dangol a celebrated nepali artist known for his meticulous bird painting the gallery continues his legacy by showcasing the work of his family member and other artist artistic legacy hira lal dangols passion for bird art ha been passed down through generation his child including pushpa lal dangol meena dangol pratima dangol and iswor dangol have all made significant contribution to the field each bringing their unique style and perspective to bird illustration gallery offering exhibition the gallery regularly host exhibition featuring bird art providing a platform for both established and emerging artist to display their work workshop and event dangols bird art gallery art institute organizes workshop art camp and cultural event fostering a vibrant community of art enthusiast and professional publication the gallery ha published work such a bird of nepal the art of hira lal dangol and his family legacy offering insight into the dangol family artistic journey and the rich avian diversity of nepal visitor experience visitor to the gallery can immerse themselves in the intricate detail of bird illustration attend various artrelated event and engage with artist to gain a deeper appreciation of nepal avian life and the art of illustration for a visual glimpse into the experience offered at dang,Bagmati Province,"art_gallery,cultural hub,tourist attraction"
510,Dapcha Bazaar,dapcha bazaar situated in the kavrepalanchok district of nepal is a historic newar settlement that ha largely preserved it traditional architecture and cultural heritage located approximately 15 kilometer southeast of dhulikhel dapcha offer visitor a glimpse into nepal rich history and vibrant newar culture historical significance once a bustling trade hub dapcha bazaar wa a vital stop on ancient trade route facilitating commerce between various region the town strategic location and it wellpreserved infrastructure reflect it historical importance cultural heritage the settlement is renowned for it traditional newar architecture featuring intricately carved wooden window and door brick house and narrow alley that have withstood the test of time the main street is lined with old townhouses and the settlement command a view of 350km of peak from khumbu himal to the annapurna visitor experience dapcha bazaar offer a peaceful retreat from the hustle and bustle of city life allowing visitor to immerse themselves in traditional newar culture and architecture the town oldworld charm combined with it scenic surroundings make it an ideal destination for those interested in history culture and architecture,Bagmati Province,"historic site,cultural heritage,village life"
513,Darkhaswa Park,darkhaswa park is a wellknown location located at darkhaswa siddharthanagar3 saidadhaarathanagara naepaala it is known for being a park it offer a variety of experience for visitor,Lumbini Province,"park,recreational spot,family-friendly destination"
514,Darul Huda Madarsa,darul huda madarsa is a wellknown location located at rqr9hm3 laalamataiyaa 22404 naepaala it is known for being a mosque it offer a variety of experience for visitor,Lumbini Province,"mosque,religious site,cultural hub"
520,Daunne Devi Temple,daunne devi temple is a wellknown location located at hr2q52q mahaenadara raajamaaraga daumakaiibaasa 33003 naepaala it is known for being a hindutemple it offer a variety of experience for visitor,Lumbini Province,"hindu_temple,religious site,cultural significance"
524,Dendi Sherpa Lookout Point,dendi sherpa lookout point is a wellknown location located at m259mv8 manang 33500 nepal it is known for being a park pointofinterest establishment it offer a variety of experience for visitor wonderful place to see the mountain can get pretty slippery on the way up,Gandaki Province,"viewpoint,natural beauty,hiking destination"
527,Deukot View Tower,deukot view tower is a notable tourist attraction located in manahari nepal situated at coordinate grqcfmg unnamed road manahari 44100 nepal the tower offer visitor a variety of experience key feature scenic view the tower provides panoramic vista of the surrounding landscape including the majestic himalaya cultural significance deukot view tower hold cultural importance reflecting the local heritage and tradition of the manahari region recreational activity visitor can engage in various activity such a hiking photography and exploring nearby attraction,Bagmati Province,"viewpoint,natural beauty,tourist attraction"
530,Supa Deurali Temple,deurali arghakhanchi is a wellknown location located at 25xxjvw deurali chauri rd bhagawataii 32600 naepaala it offer a variety of experience for visitor deurali arghakhanchi is a wellknown location located at 25xxjvw deurali chauri rd bhagawataii 32600 nepal it offer a variety of experience for visitor it a place where nature and spirituality meet each other it give you divine feeling and fulfills all your wish the surroundings of the temple are scenic a well a the temple architecture it is a busy holy site for the people of nepal reaching this place may be a bit tougher but once u are there it worthy you will feel magic in your bone i recently visited supa deurali temple in arghakhanchi and found it to be a peaceful and spiritually uplifting place the temple is beautifully situated with stunning view of the surrounding hill the architecture is impressive and the atmosphere serene although the journey there can be challenging it absolutely worth it highly recommend for a tranquil and inspiring visit beautiful hindu temple surrounded by lush green mountain if u visit in rainy season 85 km from barhni border located amidst breathtaking panoramic view supa deurali temple offer not only a place of pilgrimage but also a scenic spot for sightseeing legend ha it that a lahure a soldier in the indian army worshipped at this temple before departing for india he made a vow to offer a golden chain to the deity upon his safe return the temple hold a sacred aura attracting visitor seeking blessing and stunning vista whether for spiritual fulfillment or admiring nature beauty supa deurali temple promise a memorable experience that blend myth devotion and scenic charm religious palace but people are throwing plastic garage everywhere plastic cover of essence stick are everywhere other than that scenic beauty is beyond imagination supa deurali temple resembles manakamana temple with it architect morning are super busy with pilgrim making it a bit chaotic if you want a peaceful visit go later in the day it nice but not a amazing a people say very good place for vacation for i visited on 21 may 2023 for mata ji darshan then i went for narapani resort situated near by supa deaurali temple and i enjoyed a lot very calm placeand also good food service staff is very polite nice however need more cleaning on special day,Lumbini Province,"temple,pilgrimage site,cultural heritage"
534,Dhanush Sagar Pond,natural landmark this pond lie in front of ram mandir it is said that the bow which lord shiva had given to king janak during the treta yug wa kept at this place for safekeeping and the pond wa built in the shape of the weapon,Madhesh Province,"pond,historical site,religious landmark."
537,Dhanushadham Botanical Garden,dhanushadham botanical garden is a notable botanical garden located in dhanushadham municipality dhanusha district nepal situated approximately 18 kilometer northeast of janakpur submetropolitan city the garden is part of the dhanushadham area which hold historical and religious significance key feature diverse flora the garden showcase a variety of plant specie contributing to the conservation of nepal rich biodiversity educational resource it serf a an educational hub for student and researcher interested in botany and environmental study visitor experience visitor can explore the garden wellmaintained pathway enjoy the serene environment and learn about various plant specie visitor information location dhanushadham botanical garden is located in dhanushadham municipality dhanusha district nepal operating hour the garden is typically open from 700 am to 700 pm facility basic amenity are available for visitor including rest area and informational signage,Madhesh Province,"botanical garden,natural beauty,biodiversity hotspot"
540,Dhap Bazaar,dhap bazaar is a wellknown location located at 9gppx2j janatarakhaanaii 56000 naepaala it is known for being a trek it offer a variety of experience for visitor,Madhesh Province,"trekking destination,natural beauty,cultural experience"
541,"Dhap Dam, Shivapuri National Park",dhap dam is a manmade reservoir situated within the shivapuri national park approximately 26 kilometer from kathmandu nepal constructed in 2010 the dam wa designed to enhance the flow of the bagmati river during the dry season by capturing and storing monsoon rainfall key feature dimension the dam stand 24 meter tall and span 175 meter in width with a maximum water storage capacity of 850000 cubic meter ecological significance located within shivapuri national park the area is rich in biodiversity offering opportunity for wildlife observation and nature walk visitor information activity visitor can enjoy hiking bird watching and photography with the serene environment providing a peaceful retreat from the city access the hike to dhap dam begin at the sundarijal entrance of shivapuri national park the trail is approximately 14 kilometer from kathmandu and typically take 3 to 5 hour to complete depending on pace and route fee entrance fee for the park vary based on nationality nepali citizen 100 npr saarc citizen 600 npr foreigner 1000 npr per person plus an additional 1500 npr per group for a required guide best time to visit the ideal time to visit is during the dry season from october to april when the weather is clear and the trail are accessible for more detailed information and planning your visit you may refer to local tourism resource or contact local tour operator specializing in the area,Bagmati Province,"dam,hiking destination,natural beauty"
542,Dhap Pokhari Ilam,dhap pokhari is a picturesque pond situated in jamuna within the sandakpur rural municipality of ilam district nepal this manmade pond ha become a notable example of local water and environmental conservation effort key feature location approximately 22 kilometer from the district headquarters of ilam dhap pokhari is nestled at an altitude of 1700 meter surroundings the pond is encircled by lush tea garden to the south and verdant forest to the east offering a serene and scenic environment cultural significance dhap pokhari is renowned for hosting the annual kage mela a traditional festival celebrated with enthusiasm by the local community the event feature various cultural activity including football match attracting both local and visitor visitor information activity visitor can enjoy exploring the tea garden participating in cultural festival and experiencing the tranquil ambiance of the pond access the pond is accessible via a twohour ride from the district headquarters of ilam best time to visit the ideal time to visit is during the dry season from october to april when the weather is clear and the trail are accessible,Koshi Province,"tourist attraction,natural beauty,cultural significance"
544,Dhara Pani Picnic Spot,dhara pani picnic spot is a popular recreational area located in kanyachanaraupa nepal situated at coordinate mv5cjc4 this spot is renowned for it serene environment making it an ideal destination for picnic and family outing key feature scenic beauty the area is characterized by lush greenery tranquil surroundings and a peaceful atmosphere offering visitor a refreshing escape from urban life activity visitor can enjoy various activity such a picnicking nature walk and photography making it a favored spot for both local and tourist accessibility the picnic spot is easily accessible by road with wellmaintained path leading to the area visitor information facility basic amenity are available including seating area and rest spot ensuring a comfortable experience for visitor best time to visit the ideal time to visit is during the dry season from october to april when the weather is clear and the area is most enjoyable,Madhesh Province,"picnic spot,natural beauty,recreational area"
547,Dhunge Dhara Bode,dhunge dhara bode is a traditional stone spout or dhunge dhara located in the bode area of madhyapur thimi nepal these stone spout are integral to nepalese culture serving a communal water source and reflecting the country rich architectural heritage key feature historical significance dhunge dharas have been utilized for century providing potable water to local community they are considered symbol of communal life and traditional engineering architectural design typically constructed from stone these structure feature intricately carved spout and basin the design often includes a series of step leading down to the water source facilitating easy access for user cultural importance beyond their functional role dhunge dharas are cultural landmark often associated with local festival and ritual they serve a gathering spot for community interaction and socialization visitor information accessibility bode is accessible by road from kathmandu with a drive time of approximately 30 minute the dhunge dhara bode is situated within the town making it easily reachable for visitor nearby attraction visitor can explore other historical site in madhyapur thimi such a the bhaktapur durbar square and the ancient temple of changunarayan best time to visit the ideal time to visit is during the dry season from october to april when the weather is clear and conducive to sightseeing,Bagmati Province,"historic site,cultural heritage,nature retreat"
548,Digre Saikumari Temple Rukum,digre saikumari temple rukum is a wellknown location located at jfjg7fh mausaiikaota 22000 naepaala it offer a variety of experience for visitor digre saikumari temple rukum is a wellknown location located at jfjg7fh mausaiikaota 22000 naepaala this place ha historical significance it offer a variety of experience for visitor digre saikumari temple rukum is a wellknown location located at jfjg7fh mausaiikaota 22000 naepaala it offer a variety of experience for visitor digre saikumari temple rukum is a wellknown location located at jfjg7fh mausaiikaota 22000 naepaala it offer a variety of experience for visitor digre saikumari temple rukum is a wellknown location located at jfjg7fh mausaiikaota 22000 naepaala it offer a variety of experience for visitor digre saikumari temple rukum is a wellknown location located at jfjg7fh mausaiikaota 22000 naepaala it offer a variety of experience for visitor digre saikumari temple rukum is a wellknown location located at jfjg7fh mausaiikaota 22000 naepaala it offer a variety of experience for visitor digre saikumari temple rukum is a wellknown location located at jfjg7fh mausaiikaota 22000 naepaala it offer a variety of experience for visitor a religious site of hindu god and a peaceful and spiritual place for refreshment historical place crazy place degree shaikumari bhagwati devi temple karnali province rukum west district musikot municipality ward no 5 tharpu is an important religious and tourist site of nepal it ha been a legend that satya shaikumari bhagwati devi mandir ha been named because she is a goddess who fulfills the desire of her heart and because she is a goddess who separate truth from falsehood because of the same legend remembering this shaikumari bhagwati devi temple and vowing to fulfill their wish and desire thousand of pilgrim come to this temple every year to fulfill their vow after watching various auspicious scene every year from haribodhani ekadashi to kartik shukla purnima the degree fair is completed after the local sagal rotate stick and perform parikarma more than 100000 pilgrim visit the temple for five consecutive day to fill the fair and perform puja only on the last day of the fair about 50000 people visit the fair million of people are traded in the fair thousand of people from the neighboring district of rolpa dolpa salyan jajarkot pyuthan dang pyuthan surkhet banke along with local from rukum westeast come to visit the temple and visit the temple which is a unique confluence of local artculture and dancesong visitor arrive a goat is also sacrificed here every year in gratitude for the fulfillment of one vow from the first day of the fair to the last day it is customary to offer sacrifice in the temple premise but at other time sacrifice are also offered in the temple you can go to this temple from bhandarikanda on the madhyapahari highway and from the math in the headquarters of khalanga if the level of the road could be improved the number of tourist would increase,Karnali Province,"hindu_temple,religious site,cultural significance"
549,Digu Bhairava Temple,heritage site digu bhairava temple is one of the most prominent temple of digu tole thimi the local worship digu bhairava a their linage deity thus the southern door of the temple is always kept open for the populace while the other door the eastern one is open on bare occasion it is a twostoreyed temple made in n 600 b 1536 and one can easily reach over there all you need to do is follow the same main road of thimi nearby you could also find the temple of digu ganesha brihaspati narayan mahadeva chaitya dabalis and patis well on one of those pati one of the famous jatras of thimi the tongue piercing one take place that in each year after the day of yenya punhi indra jatra also the temple is whirled by the palanquin during biska jatra stating that it is one of the most important temple of thimi,Bagmati Province,"temple,historical site,cultural heritage"
552,Doleshwar Mahadev Temple,religious site the doleshwar temple is constructed in pagoda style the temple is also known a bimaleshwor and sipare mahadev and other name a per the local tongue and tradition inside the temple there is a huge plain shiva linga phallus there are tap a big idol of bull a tall trishul and other artifact around with some construction still underway visiting this shiva temple and offering milk and bel leaf to lord shiva is an important ritual for the hindu or lord shiva devotee the place which wa unknown for thousand of year can be now called a a hidden gem with the grace of lord shiva it is an immense opportunity for the devotee to visit this sacred site and be blessed for the life time when you plan to visit doleshwar you can also visit other shiva shrine like ashapuri mahadev temple and sanga which are only few kilometer away sanga consists of kailashnath mahadev which is the world s tallest statue to lord shiva standing 44 meter tall on a high hill it can be an ideal day trip to visit all these shrine on a single day which can provide you an inner peace and evoke faith on god doleshwar mahadev is a temple of glory to all hindu devotee around the world and one must visit here to gain the ultimate religious experience a some claim the great opportunity to worship both the body and the head part of lord shiva is obtained only by the virtue acquired from multiple birth,Bagmati Province,"hindu_temple,pilgrimage site,cultural significance"
555,G Art Gallery,a contemporary art gallery showcasing a diverse collection of local and international artwork visitor can explore a variety of medium including painting sculpture and mixed medium promoting creativity and cultural exchange the gallery regularly host exhibition workshop and art event it is a space for artist to display their work and for the community to engage with the art the gallery aim to inspire and educate visitor about the importance of art in society,Bagmati Province,"art_gallery,cultural hub,tourist attraction"
556,G.Creek Church Kasala Rolpa,a christian church located in kasala rolpa offering a place of worship and community gathering it serf the spiritual need of the local population providing regular prayer service and fellowship activity the church is also involved in various outreach program focusing on the wellbeing of the community it ha become an important center for local religious activity visitor can join the church in it religious observance and charitable work in the region,Lumbini Province,"church,religious hub,charity work"
557,Gaindakot-6 Playground,a spacious community playground located in gaindakot providing a venue for sport and recreational activity the park is frequently used by local resident for outdoor game like football cricket and volleyball it also serf a a social gathering spot where child and adult come together for fun and relaxation the playground is wellmaintained and offer a safe environment for physical activity it is a key feature of the community promoting fitness and unity,Gandaki Province,"playground,recreational spot,family-friendly destination"
558,Ganesh Temple Nawadurgatole,a hindu temple dedicated to lord ganesh located in the sunwal region the temple is a popular pilgrimage site where devotee come to offer prayer and seek blessing for prosperity and success it host regular pujas and special celebration during ganesh chaturthi and other hindu festival the serene and spiritual environment attracts both local and tourist it play an important role in the religious life of the community fostering a sense of faith and devotion,Lumbini Province,"hindu_temple,pilgrimage site,cultural significance"
559,Ganeshu Palace White House,a notable landmark in the area often associated with cultural significance and community event the white house is a venue for gathering meeting and local celebration attracting both local and tourist the palace feature traditional architecture and offer a glimpse into the region‚äôs history it is often used for hosting social event party and festival the venue is known for it iconic presence and serf a a central hub for social interaction in the area,Madhesh Province,"historic_site,cultural heritage,tourist attraction"
562,Gharap Zhong View Point,a scenic viewpoint offering breathtaking panoramic view of the surrounding hill valley and landscape it is a popular stop for trekker photographer and nature enthusiast the site is known for it tranquility and is perfect for watching sunset or enjoying a peaceful moment in nature visitor can relax while taking in the spectacular view of the region natural beauty the viewpoint also serf a a great spot for picnic and informal gathering,Karnali Province,"viewpoint,natural beauty,hiking destination"
563,Ghausia Jama Masjid Bhimdatta Nagar,a mosque in mahindra nagar serving the muslim community of kanchanpur it offer a space for daily prayer special religious ceremony and community event the mosque play a key role in the spiritual life of the local population offering support and guidance it is an important center for religious and cultural activity hosting event during ramadan and eid the mosque also foster unity and cooperation among it member through community outreach and charity work,Sudurpashchim Province,"mosque,religious site,cultural hub"
564,Ghausia Masjid Dhangadhi,located in the heart of dhangadhi this mosque serf the muslim community of kailali district it is known for it beautiful architecture and peaceful atmosphere offering regular prayer service the mosque is also involved in social activity supporting the less fortunate in the area it host religious event during important islamic holiday attracting worshipper from the surrounding area the ghausia masjid is not just a place of worship but a community hub for spiritual and social gathering,Sudurpashchim Province,"mosque,religious site,charity work"
567,GKII Jemaat Oelbima,a religious community organization dedicated to promoting spiritual education prayer and social welfare gkii jemaat oelbima offer a platform for worship and community service supporting the muslim community through various initiative the organization hold regular religious class social event and charity work to uplift local resident it also serf a a meeting point for community discussion and event the jemaat provides a welcoming space for both spiritual and social activity,Karnali Province,"church,religious hub,charity work"
568,Greater Grace Church Kathmandu Nepal,a prominent christian church located in the heart of kathmandu it is known for it vibrant congregation engaging worship service and community program the church offer a range of activity including bible study prayer group and charity initiative it is involved in social welfare program focusing on education health and supporting the underprivileged the church provides a spiritual home for both local and expatriate fostering a sense of community and fellowship,Bagmati Province,"church,religious site,charity work."
572,"Gagan Batika, Nagbahal",a serene public garden in nagbahal kathmandu offering a peaceful retreat from the hustle and bustle of the city gagan batika is wellmaintained with green lawn flowering plant and bench for relaxation it serf a a local gathering spot for family friend and visitor the garden also play a role in environmental conservation helping to maintain green space in urban area it is a great place for walk picnic or simply enjoying the natural surroundings in the heart of kathmandu,Bagmati Province,"park,recreational spot,cultural hub"
573,Gahana Pokhari Pond,a serene and picturesque pond located in the gahana region known for it tranquility and natural beauty the pond serf a a peaceful spot for local resident and visitor to relax fish or enjoy nature the area surrounding the pond is lush with greenery making it an ideal place for photography picnic and birdwatching it is also an important water source for nearby community the pond calm water offer a peaceful escape from the hustle and bustle of everyday life,Bagmati Province,"pond,natural beauty,recreational spot"
574,Gaighat Falls,a stunning waterfall located in the gaighat region attracting nature lover and adventure seeker the fall are known for their majestic flow and beautiful surrounding landscape visitor can hike to the fall enjoying the lush forest and tranquil surroundings along the way the area is ideal for photography outdoor exploration and picnic gaighat fall is a popular destination for local and tourist alike offering a refreshing retreat into nature,Koshi Province,"waterfall,hiking,natural beauty"
577,Gairibari Jharana,a picturesque waterfall located in the gairibari area surrounded by dense forest and rugged terrain the waterfall is a hidden gem offering a peaceful retreat for those willing to hike to it location it a popular spot for nature enthusiast photographer and adventure seeker the area around the waterfall is rich in biodiversity making it a great place for birdwatching and wildlife observation visitor can enjoy the soothing sound of cascading water and the beautiful natural surroundings,Koshi Province,"waterfall,natural beauty,hiking destination"
581,"Gairikhoriya (Koiralaphant), Lamjung",a charming rural area in lamjung district nepal known for it lush green field and natural beauty gairikhoriya also known a koiralaphant is an ideal location for visitor looking to experience rural nepali life the area is surrounded by terraced farming landscape providing a peaceful and picturesque environment it is a popular spot for trekking nature walk and cultural exploration the region offer stunning view of the surrounding hill and mountain making it a peaceful retreat,Koshi Province,"village life,hiking,cultural experience"
585,Gajendra Memorial Hospital,a healthcare facility dedicated to providing medical service to the community gajendra memorial hospital offer a range of medical treatment including emergency care surgical service and outpatient consultation it is a vital resource for local seeking affordable healthcare and medical assistance the hospital is known for it compassionate care and skilled medical professional it also play an important role in promoting health education and wellness in the surrounding community,Madhesh Province,"hospital,charity work,cultural hub"
587,Gajuri 6 Milantar,a locality within the gajuri region offering beautiful rural landscape and traditional nepali culture milantar is known for it farming community where resident grow crop like rice maize and vegetable visitor to this area can experience local life through village walk market visit and cultural exchange it is a great spot for those seeking to connect with rural nepal and enjoy nature the area also provides opportunity for outdoor activity like trekking and birdwatching,Madhesh Province,"village life,cultural experience,natural beauty"
592,Galeshwor Temple,a sacred hindu temple located in the galeshwor region dedicated to lord shiva and revered by local devotee the temple is an important pilgrimage site with many visitor coming to seek blessing and perform religious ritual it is surrounded by beautiful nature offering a serene environment for worship and meditation galeshwor temple is also a popular spot during religious festival especially maha shivaratri the temple ha historical and spiritual significance in the region,Gandaki Province,"hindu_temple,pilgrimage site,cultural heritage"
593,Galgatha AG Church Bauniya,a christian church located in the bauniya region known for it welcoming community and active church program it offer regular worship service prayer meeting and fellowship gathering the church is involved in various social outreach initiative helping those in need within the local community it peaceful surroundings and supportive environment make it a spiritual refuge for worshipper galgatha ag church also host youth event bible study and charity function,Sudurpashchim Province,"church,religious hub,charity work."
594,Galgatha Church,a historic church situated in the heart of the galgatha region where both local and visitor come to worship the church is an important place of spiritual growth offering a variety of program such a prayer service bible study and community support it is known for it strong sense of fellowship and inclusiveness the church is also actively involved in social welfare project including education and health program galgatha church ha become a hub for social and religious activity in the area,Koshi Province,"church,religious site,charity work"
596,Galkot AG Church,a christian church in the galkot region known for it vibrant congregation and active outreach program the church host regular worship service prayer session and communitybased activity aimed at nurturing spiritual growth it play an essential role in promoting unity and cooperation among the local resident galkot ag church also work on charitable program providing support to those in need the church serf a a sanctuary for local and visitor alike fostering a sense of peace and spiritual fulfillment,Koshi Province,"church,religious site,cultural hub"
599,Galkot Durbar,a historic royal palace located in the galkot region which once served a the administrative and cultural center of the area the durbar is known for it impressive architecture and historical significance reflecting the legacy of the region ruler the palace complex includes courtyard temple and royal hall offering a glimpse into the past galkot durbar is a popular site for tourist and historian interested in nepal ’ s royal heritage the area is also used for cultural event performance and gathering,Koshi Province,"historic site,cultural heritage,tourist attraction"
601,Gallery Mcube,a modern art gallery located in a contemporary space showcasing a variety of artwork from local and international artist the gallery host regular exhibition art event and workshop aimed at promoting creativity and innovation it is an important cultural venue for the local art scene offering a platform for emerging artist gallery mcube is known for it modern architecture which enhances the visual appeal of the exhibit visitor can enjoy the interactive and thoughtprovoking artwork displayed at the gallery,Bagmati Province,"art_gallery,cultural hub,tourist attraction"
603,Gallery of Creatives,a hub for artist designer and creatives offering a platform to display and sell their work the gallery of creatives promotes both established and emerging artist providing exposure to a broader audience it host regular exhibition art fair and collaborative event fostering a vibrant creative community the gallery is an exciting space for those interested in contemporary art design and culture it offer an engaging environment for visitor to interact with art and artist alike,Bagmati Province,"art_gallery,cultural hub,tourist attraction"
604,Galli Masta Shrine,a religious shrine or sacred site dedicated to galli masta an important deity worshipped in certain region of nepal the site is known for it spiritual significance and attracts devotee who seek blessing for prosperity and protection galli masta is often associated with local tradition ritual and festival the site is a place of peace reflection and devotion where people gather to offer prayer and make offering it is an important part of the local religious landscape,Madhesh Province,"religious site,pilgrimage destination,cultural significance"
605,Gamcha Pipal Bottom,a rural area known for it community activity agriculture and traditional lifestyle gamcha pipal bottom is famous for it large pipal tree which is a focal point for local gathering and ritual the area offer a peaceful atmosphere perfect for visitor interested in exploring rural life and nepali tradition the surrounding landscape feature green field and terraced farming ideal for nature lover it is also a great place to experience local culture and community event,Bagmati Province,"village life,cultural heritage,natural beauty"
607,Gandaki Village Trekking & Travel,a trekking and travel company offering guided trek and tour in the gandaki region of nepal the company specializes in organizing trekking expedition to scenic location including the annapurna circuit and other nearby trail gandaki village trekking and travel provides experienced guide wellplanned itinerary and cultural immersion experience it is an excellent choice for adventure enthusiast and nature lover looking to explore the himalaya the company promotes sustainable tourism and encourages visitor to connect with local community,Bagmati Province,"trekking,cultural experience,nature retreat"
617,Ganeshman Pillar,a historical monument located in honor of ganeshman singh a prominent political leader in nepal the pillar serf a a symbol of his contribution to the country political history and is an important site for those interested in nepal ’ s modern history visitor to the pillar can learn about ganeshman singh ’ s life and legacy through nearby informational plaque and exhibit the site is often visited by local and tourist who wish to pay homage to the leader ganeshman pillar is an important landmark in understanding nepal ’ s political evolution,Madhesh Province,"monument,historical site,cultural significance"
618,Ganeshman Singh Park,ganeshman singh park is a public park named after the renowned political leader serving a a space for both relaxation and cultural event the park is wellmaintained with lush green space walking path and area for family picnic it is also used for various community program including sport event and social gathering the park is a popular destination for local looking to enjoy outdoor activity or participate in public celebration it offer a peaceful environment while commemorating the life of ganeshman singh,Bagmati Province,"park,recreational spot,cultural hub"
624,GangaJamuna Temple,a hindu temple dedicated to the twin goddess ganga and yamuna representing the sacred river of india the temple attracts devotee who visit to offer prayer for purification and blessing it is located in a serene area surrounded by nature making it an ideal spot for worship and spiritual reflection the temple is especially visited during religious festival associated with the river goddess with special prayer and ritual performed gangajamuna temple is a place of both religious devotion and natural beauty,Bagmati Province,"temple,hindu_temple,pilgrimage site,natural beauty"
625,Gangapur-3 Masjid,a mosque located in the gangapur area serving a a place of worship and community gathering for muslim the masjid host daily prayer friday congregational prayer and special event during islamic holiday such a eid it is a central point for the local muslim community to come together for worship and fellowship the masjid is also involved in charitable activity providing support to the needy in the region gangapur3 masjid play an important role in maintaining the religious and social fabric of the community,Lumbini Province,"mosque,religious site,charity work"
627,Gangata Park,a public park known for it lush greenery and familyfriendly atmosphere gangata park offer walking path playground and open space for relaxation and recreation it is a popular spot for local to gather exercise or enjoy a picnic with friend and family the park is also frequently used for community event including sport activity and festival gangata park provides a peaceful escape from urban life while fostering a sense of community and connection with nature,Madhesh Province,"park,recreational spot,family-friendly destination"
628,Gangate Peace and Children Park,a public park designed to offer peace and tranquility for visitor of all age with special area for child to play the park feature playground walking path and green space for relaxation it is a favorite spot for family to visit a child can enjoy the outdoor activity while adult relax in the peaceful environment gangate peace and child park also host event and community program aimed at promoting social wellbeing and family engagement the park is a sanctuary for relaxation and outdoor enjoyment,Madhesh Province,"park,recreational spot,family-friendly destination"
629,Gardash Village,a rural area or village possibly known for it natural beauty and agricultural landscape the area is often visited by those seeking a peaceful retreat or wanting to explore rural life in nepal gardash is known for it green field traditional architecture and warm welcoming community the locality offer opportunity for hiking birdwatching and photography surrounded by stunning view of the mountain and hill it is an ideal location for those looking to immerse themselves in the natural beauty and rural charm of the region,Bagmati Province,"historic_site,rural tourism,natural beauty"
631,Garden of Dreams,a historic and beautifully landscaped garden located in the heart of kathmandu the garden of dream is a tranquil oasis with lush greenery fountain and pathway offering a peaceful escape from the busy city life it is a popular spot for both local and tourist to relax walk or enjoy a quiet afternoon the garden is also home to a historical palace which serf a a café and cultural venue for various event,Bagmati Province,"park,historic site,tourist attraction,cultural hub."
633,Garjura Park,a beautiful park located in the garjura region offering a peaceful environment for relaxation and recreation the park feature green space walking path and area for picnic and outdoor activity it is a popular destination for local and family looking for a quiet place to enjoy nature garjura park is also known for hosting community event and festival providing a space for cultural activity the park serene atmosphere and wellmaintained ground make it an ideal spot for leisure and relaxation,Sudurpashchim Province,"park,natural beauty,recreational spot"
635,Garuda Laxmipur Nepal,a village located in the laxmipur region of nepal known for it agriculture and closeknit community garuda laxmipur is situated in a picturesque area with lush field river and small hill surrounding the village the area is ideal for visitor who enjoy rural tourism hiking and exploring traditional farming technique the village also offer cultural experience including local festival and religious ceremony garuda laxmipur is a peaceful destination that showcase the simplicity and beauty of rural life in nepal,Sudurpashchim Province,"hindu_temple,rural tourism,cultural experience"
637,Garve Chhanga,a rural village or locality known for it traditional lifestyle agricultural activity and natural beauty garve chhanga is located in a peaceful area surrounded by green field forest and small hill it offer a great opportunity for visitor to experience rural life in nepal with opportunity for farming hiking and cultural immersion the village is also home to various temple and shrine making it an important religious site in the region garve chhanga provides a tranquil retreat for those looking to enjoy nature and nepali tradition,Sudurpashchim Province,"amusement_park,natural beauty,cultural significance"
640,Gatti Kulo,a traditional water irrigation system or canal used for agricultural purpose in rural area gatti kulo is often found in area with terraced farming where it provides essential water to crop the canal is an important part of rural life supporting local farmer and their livelihood visitor to area with gatti kulo system can learn about traditional agricultural practice and experience the simplicity of rural life the presence of gatti kulo highlight the importance of water management in sustaining agriculture in nepal,Koshi Province,"historic site,sustainable agriculture,rural tourism"
642,Gaur Shivalaya Pokhari Park,a serene park located around the shivalaya pokhari pond known for it religious significance and natural beauty the park offer a peaceful environment for visitor to relax meditate and enjoy the surrounding greenery gaur shivalaya pokhari park is also a popular spot for local to gather for social event and religious ceremony the pond is associated with hindu worship and is considered sacred by the local community the park ’ s tranquil atmosphere make it an ideal destination for nature lover and those seeking spiritual peace,Madhesh Province,"park,religious site,natural beauty"
645,Gaurati Picnic Spot,a popular outdoor location for picnic and family gathering offering lush green field shaded area and scenic view gaurati picnic spot is frequently visited by local who come to enjoy nature relax and socialize the site is also used for community event festival and local celebration with it peaceful environment and open space the picnic spot is ideal for those seeking a quiet day outdoors it is a familyfriendly destination where visitor can enjoy traditional food and outdoor activity,Bagmati Province,"picnic,natural beauty,family-friendly destination"
647,Gauri Shankar Krishi Farm,a traditional farm located in the khairtoka region dedicated to agricultural practice and the cultivation of crop such a rice vegetable and fruit gauri shankar krishi farm is known for it sustainable farming method and it focus on organic produce the farm is a great place for visitor to learn about nepali farming technique and experience rural life firsthand the area around the farm offer scenic view of terraced field and lush green landscape it is an ideal location for ecotourism and those interested in agriculture,Madhesh Province,"sustainable agriculture,tourism destination,rural life"
648,Gaurighat Park Lakeside,a scenic park located by the lakeside offering stunning view of the water and surrounding mountain gaurighat park is a peaceful retreat where visitor can relax enjoy nature and engage in outdoor activity the park is frequently visited by local for morning walk picnic and social gathering the area around the park is also known for it cultural significance with temple and shrine nearby gaurighat park lakeside is an ideal spot for those looking to connect with nature while enjoying the tranquil beauty of the lakeside environment,Gandaki Province,"picnic,natural beauty,recreational spot."
649,Gaurishankar Art & Publicity,a cultural and creative space dedicated to promoting local art culture and artistic expression gaurishankar art publicity offer a platform for artist to showcase their work and engage with the community the center host exhibition workshop and art event fostering creativity and collaboration it is an important venue for the local art scene helping to raise awareness of nepali art both locally and internationally gaurishankar art publicity is a hub for creative activity and cultural exchange,Sudurpashchim Province,"art_gallery,cultural hub,tourist attraction"
653,Gaushala Bazaar,a lively market town in the gaushala region gaushala bazaar is a bustling commercial center offering a wide variety of good and service local vendor sell fresh produce textile and traditional craft making it a great place to experience the culture of the region the bazaar is especially busy during religious festival and public event drawing people from surrounding village gaushala bazaar also serf a a hub for community interaction and cultural exchange visitor can enjoy the vibrant atmosphere and sample local delicacy,Bagmati Province,"marketplace,cultural hub,economic center"
654,Gaushala Ground,a vast open ground located in the gaushala region used for various community activity such a sport cultural event and social gathering the ground is a popular spot for local to come together for festival fair and public celebration it is also used for educational and awareness campaign promoting health sanitation and environmental issue the open space make it an ideal location for outdoor event and the nearby tree provide shade and a refreshing environment gaushala ground is an important center for social life in the region,Bagmati Province,"historic_site,cultural hub,recreational spot"
659,Gautam Gift Emporium,a wellknown emporium in the region that specializes in offering a wide range of gift souvenir and handcrafted item gautam gift emporium is popular among both local and tourist who seek authentic nepali craft and traditional gift the shop feature a variety of product including jewelry textile wood carving and painting that reflect nepali culture and artistry the emporium is also known for it highquality product and fair pricing making it a goto place for those looking to bring home a piece of nepal,Bagmati Province,"museum,gift shop,cultural hub"
662,Gauthali Danda Park,a popular public park located on the gauthali danda hill offering sweeping view of the surrounding landscape the park is a favorite destination for local who come to enjoy the fresh air exercise and scenic vista the park feature wellmaintained walking path picnic spot and plenty of green space for outdoor activity gauthali danda park is also a common venue for community event and festival where local gather to celebrate important occasion the park ’ s tranquil setting and elevated position make it a peaceful escape from daily life,Koshi Province,"park,recreational spot,natural beauty"
665,Geruwa - 01 Bagahipur Bardiya,a rural village located in the bardiya district known for it picturesque landscape and agricultural activity geruwa is surrounded by fertile farmland making it a key agricultural hub in the region the village is also close to the bardiya national park making it an excellent spot for ecotourism and wildlife enthusiast visitor can enjoy birdwatching nature walk and the tranquility of rural life geruwa offer a glimpse into traditional nepali farming culture and local village life,Lumbini Province,"rural life,nature retreat,historic site."
666,Ghadi Chhap Picnic Spot,a peaceful picnic spot located in the ghadi chhap area known for it natural beauty and serene surroundings the area feature lush greenery clean air and scenic view making it an ideal destination for family outing and group picnic ghadi chhap is also a great place to relax unwind and enjoy outdoor activity like hiking nature walk and birdwatching the spot ha wellmaintained facility for visitor making it a convenient and enjoyable location for leisure and recreation,Bagmati Province,"picnic,natural beauty,family-friendly destination."
668,Ghalegaun Bhagwati Temple,a revered hindu temple dedicated to bhagwati an incarnation of goddess durga located in the peaceful village of ghalegaun the temple is a significant religious site for the local attracting devotee who come to seek blessing for health wealth and prosperity the serene surroundings of the temple make it a perfect place for prayer and meditation the temple is also an important cultural hub where festival and religious event are celebrated with enthusiasm and devotion by the community,Bagmati Province,"hindu_temple,pilgrimage site,cultural hub"
673,Ghattekhola Church of Christ,a christian church located in the ghattekhola area known for it peaceful and welcoming atmosphere the church serf a a religious center for the christian community in the region offering a place for worship prayer and spiritual reflection it is also involved in community service and social welfare project providing aid to local resident in need the church architecture is simple yet beautiful creating a calm and reverent space for believer ghattekhola church of christ is a hub for religious gathering and event,Sudurpashchim Province,"church,religious site,charity work"
676,Ghoda Ghodi Temple,a unique hindu temple dedicated to the deity ghoda ghodi a symbol of strength and power located in a rural area this temple is revered by local who believe that worshiping here brings them protection and success the temple attracts both pilgrim and tourist especially those interested in folklore and cultural history the surrounding area is scenic with lush greenery and peaceful surroundings making it an ideal spot for spiritual contemplation and relaxation the ghoda ghodi temple play an essential role in preserving local religious tradition,Madhesh Province,"hindu_temple,pilgrimage site,cultural significance"
677,Ghodaghodi Lake,a scenic and tranquil lake located in the far western region of nepal ghodaghodi lake is known for it natural beauty and rich biodiversity making it a popular spot for nature lover and birdwatchers the lake is home to a variety of waterfowl and other wildlife and it serene environment is ideal for relaxation picnic and photography ghodaghodi lake is an important natural resource for the surrounding community a it provides water for irrigation and sustenance it is also a protected area ensuring the conservation of it unique ecosystem,Sudurpashchim Province,"lake,natural beauty,biodiversity hotspot"
682,Ghordaura View Point,a popular viewpoint in the ghordaura region offering panoramic view of the surrounding hill and valley it is a prime spot for sightseeing photography and hiking with breathtaking view of the landscape and distant mountain the area is also known for it cool climate and peaceful atmosphere making it a favorite among nature lover and trekker ghordaura view point is an excellent destination to experience the natural beauty of the region perfect for a day trip or a leisurely afternoon,Sudurpashchim Province,"viewpoint,natural beauty,hiking destination"
686,Ghumauri Community Park & Picnic Spot,a community park and picnic spot located in the ghumauri region designed for both recreation and relaxation the park feature lush greenery picnic table and walking path making it an ideal location for family outing and gathering visitor can enjoy a variety of outdoor activity such a playing game enjoying the fresh air and relaxing in nature the park also serf a a local cultural hub hosting event and community program throughout the year it is a perfect spot for both local and tourist to unwind and enjoy nature,Sudurpashchim Province,"park,picnic spot,recreational area."
687,Ghyoi Lisang Peace Park,a peaceful park located in the ghyoi lisang region known for it tranquil atmosphere and scenic view the park is designed to promote peace mindfulness and community engagement it feature beautiful garden walking path and peaceful space for visitor to relax and meditate ghyoi lisang peace park is a great destination for those looking to reconnect with nature engage in spiritual activity or simply enjoy a peaceful day surrounded by greenery,Bagmati Province,"park,natural beauty,recreational spot"
688,Gimdibesi Chautari,a public gathering place or chautari located in the gimdibesi area often used for community event social gathering and religious ceremony the chautari is a traditional meeting point for local offering a space for communal activity discussion and celebration the area is known for it peaceful environment and it role in preserving local culture and tradition it serf a an important social hub where people come together to share experience and strengthen community bond,Bagmati Province,"hike,cultural hub,community space"
693,Godak Baptist Church,a christian church located in godak known for it strong religious presence in the community the church is a place for worship prayer and fellowship and it play an active role in community outreach program godak baptist church organizes event and initiative aimed at supporting the local population through education health care and social welfare activity it is a spiritual center that brings together people from different walk of life united in faith and community service,Koshi Province,"church,religious hub,charity work"
694,Godawari Kunda,a serene water body located in the godawari region known for it pristine beauty and tranquil environment godawari kunda is a sacred site for local and visitor often used for religious ritual and spiritual reflection the area is surrounded by lush forest providing a peaceful setting for nature walk meditation and relaxation it is an important location for those seeking spiritual solace and those interested in exploring the natural beauty of the godawari area,Sudurpashchim Province,"hindu_temple,natural beauty,pilgrimage site"
699,Gokarna Hills,gokarna hill is a beautiful hill area located just outside kathmandu offering stunning panoramic view of the surrounding valley the area is a popular spot for hiking nature walk and photography with lush greenery and serene landscape gokarna hill is known for it peaceful environment making it an ideal location for those seeking tranquility or a place for spiritual retreat it is also home to the famous gokarneshwor mahadev temple attracting both nature enthusiast and religious pilgrim,Bagmati Province,"picnic,hiking,natural beauty"
700,Gokarneshwor Mahadev Temple,a historic hindu temple located at the base of the gokarna hill in kathmandu dedicated to lord shiva this sacred site is one of the holiest temple in nepal drawing thousand of devotee particularly during the mahashivaratri festival the temple is situated in a serene environment surrounded by natural beauty making it a perfect spot for prayer meditation and reflection the site also offer stunning view of the nearby hill and valley making it a popular pilgrimage destination for local and tourist alike,Bagmati Province,"hindu_temple,historical site,pilgrimage destination."
705,Golbazar Jama Masjid,a historic mosque located in the heart of golbazar jama masjid is an important religious site for the muslim community in the area the mosque is known for it architectural beauty with intricate design and a peaceful atmosphere for prayer and reflection it is also a cultural landmark hosting various religious event and gathering visitor to jama masjid can appreciate it serene environment and learn about the islamic culture and heritage of the region,Madhesh Province,"mosque,religious site,cultural landmark"
708,Golfutar Sunrise Point,a scenic viewpoint located in the golfutar region known for it stunning sunrise view from this spot visitor can enjoy panoramic view of the surrounding hill and valley a the sun rise over the landscape creating a breathtaking sight golfutar sunrise point is a popular location for photographer nature enthusiast and trekker who want to experience the beauty of nature at it most serene it is an ideal place to start the day and enjoy the peaceful atmosphere of the area,Bagmati Province,"viewpoint,natural beauty,recreational spot"
710,Google Point,a popular location known for it panoramic view of the surrounding area often visited by tech enthusiast and hiker google point is a wellknown spot for photography and casual relaxation with visitor often gathering to enjoy the landscape the site ’ s name is a local reference and it ha become a social gathering place for those looking to share information explore the area or simply enjoy the environment it ’ s a popular stop for tourist and local alike offering a unique viewpoint in the region,Koshi Province,"viewpoint,hiking destination,natural beauty"
712,Gopal Fun Park,a familyfriendly amusement park located in the gopal region featuring a variety of ride and attraction for child and adult alike the park is known for it funfilled environment with activity such a merrygorounds slide and carnival game gopal fun park is a popular weekend destination for family offering a safe and enjoyable atmosphere for child to play and for family to spend quality time together it also host seasonal event and celebration making it a lively spot for entertainment,Koshi Province,"park,recreational spot,family-friendly destination"
716,Gorkha International Travels & Treks,a travel agency in gorkha offering service related to trekking travel and tour the company specializes in guiding tourist through nepal most famous trekking route including those in the gorkha region they provide expert advice assistance with permit and organized trekking trip the agency also caters to traveler looking to explore nepal ’ s rich culture and heritage offering personalized itinerary for adventure cultural and ecotourism in the region,Bagmati Province,"trekking service,tourism agency,cultural tours."
717,Gorkha Museum,a museum located in gorkha that showcase the rich history and cultural heritage of the region the museum display artifact related to the gorkha kingdom including item from the royal palace weapon and item related to king prithvi narayan shah ’ s unification of nepal the museum provides a deep insight into the historical significance of gorkha and it role in nepal ’ s history making it a valuable resource for both local and tourist interested in the history of nepal,Gandaki Province,"museum,historical site,cultural heritage."
721,Gorkhali's Sansari Dada,a viewpoint located in the gorkha region that offer panoramic view of the surrounding landscape and the distant mountain sansari dada is known for it peaceful environment and beautiful vista making it a popular spot for tourist and trekker looking to relax and enjoy nature the area is also known for it cultural significance a it is associated with the gorkhali community and their historical heritage it is an ideal location for photography hiking and experiencing the natural beauty of the gorkha district,Bagmati Province,"viewpoint,natural beauty,cultural significance"
723,Gosaikunda Lake,a sacred alpine lake located in the langtang national park considered one of the holiest site in nepal gosaikunda lake is a popular pilgrimage destination for hindu who visit it during the gosaikunda mela festival to worship lord shiva the lake is situated at an altitude of 4380 meter and offer stunning view of the surrounding peak gosaikunda is also a trekking destination with the gosaikunda trek being a popular route that attracts trekker who enjoy the natural beauty of the area and the challenge of highaltitude hiking,Bagmati Province,"lake,pilgrimage site,natural beauty"
725,Gosaithan Picnic Spot,a scenic picnic spot located near the gosaithan area known for it natural beauty and tranquil environment the site is perfect for day trip offering a peaceful retreat where family and group of friend can relax have a picnic and enjoy the surrounding nature the area is surrounded by greenery with scenic view of the nearby hill and river making it an ideal place for outdoor activity like nature walk and photography gosaithan picnic spot is a popular destination for local seeking a peaceful escape,Bagmati Province,"picnic,natural beauty,recreational spot"
726,Gothatar Water Fun Park,a water park located in the gothatar region providing a variety of waterbased attraction for family and visitor the park feature water slide wave pool lazy river and other fun activity that are perfect for a day out with family or friend gothatar water fun park is known for it clean and wellmaintained facility offering a safe environment for visitor to enjoy it is a popular weekend destination for both local and tourist looking for a fun and refreshing experience,Bagmati Province,"amusement_park,recreational spot,family-friendly destination"
732,Grace Community Church,a christian church that serf a a center for worship community service and spiritual growth grace community church is known for it welcoming atmosphere and strong involvement in local outreach program helping those in need the church host regular service bible study and community event aimed at fostering spiritual development and connection it also serf a a space for fellowship,Lumbini Province,"church,religious hub,charity work"
733,Grace Joshua Nissi Church Panchkhal,a christian church located in panchkhal a peaceful town known for it spiritual gathering and community outreach grace joshua nissi church is a hub for worship prayer and religious activity serving the local christian community the church host service bible study and social program aiming to foster a strong community spirit it is named for it connection to both biblical tradition and local culture offering a space for spiritual growth and fellowship,Bagmati Province,"church,religious hub,charity work"
736,Great Machhapuchhre Trail (GMT),a trekking route in nepal that take adventurer through the picturesque landscape of the annapurna region leading to view of the iconic machhapuchhre fishtail mountain the trail is known for it breathtaking vista diverse ecosystem and cultural experience with local community it offer a less crowded alternative to other famous trekking route providing trekker with a peaceful immersive experience in nature and nepalese culture the gmt is a popular choice for those looking to explore the beauty of the himalaya,Gandaki Province,"trekking,natural beauty,cultural experience"
737,Green Park Karunyahi,a public park located in kalyanpur siraha known for it green space recreational area and familyfriendly environment the park feature walking path garden and playground making it a popular spot for local and visitor to relax exercise and spend quality time with family it also serf a a venue for community event festival and picnic offering a peaceful atmosphere amidst nature green park karunyahi is a great place for relaxation and outdoor activity,Madhesh Province,"park,recreational spot,family-friendly destination."
741,Guhyeshwari Shaktipeeth Temple,a sacred hindu temple dedicated to the goddess guhyeshwari one of the important shaktipeeths in nepal located near kathmandu the temple is an important pilgrimage site for hindu particularly for those seeking blessing from the goddess the temple is known for it serene atmosphere and beautiful surroundings making it a peaceful place for meditation and spiritual reflection it is particularly visited during festival and auspicious day attracting devotee from all over nepal,Bagmati Province,"hindu_temple,pilgrimage site,cultural significance"
744,Gujara Fun Park (Rautaha),a funfilled amusement park located in rautaha offering various ride game and attraction for child and adult the park is known for it familyfriendly atmosphere with attraction ranging from roller coaster to water slide making it a popular weekend destination gujara fun park also host seasonal event cultural performance and celebration creating a lively environment for visitor it is a great place for family to spend quality time together,Madhesh Province,"amusement_park,recreational spot,family-friendly destination"
749,Gulmi Kabre,a village in the gulmi district known for it rural charm and traditional nepali lifestyle kabre is a peaceful location with stunning natural beauty including terraced field river and forest visitor can explore the area on foot enjoying nature walk and interacting with the local community kabre is ideal for those looking to experience rural life and appreciate the agricultural practice of nepal hilly region,Koshi Province,"tourist_attraction,natural beauty,rural tourism"
751,Gulmidarbar Rural Municipality,a rural municipality in the gulmi district known for it agricultural activity local governance and community development project gulmidarbar is a peaceful area with scenic view of the surrounding hill and valley the municipality work on improving the quality of life for it resident through education healthcare and infrastructure development it is an ideal place for ecotourism where visitor can explore traditional village participate in farming activity and enjoy the natural beauty of the region,Gandaki Province,"picnic,rural tourism,natural beauty"
753,Gumba - Ganga Jamuna View Point,a scenic viewpoint located near gumba offering stunning view of the ganga jamuna waterfall and surrounding landscape the viewpoint provides a perfect spot for photography nature walk and relaxation with panoramic vista of the valley and hill,Karnali Province,"hike,natural beauty,tourist attraction"
755,Gumba Park,a public park located near gumba offering green space natural beauty and recreational opportunity the park is a peaceful retreat with walking trail picnic area and seating spot it is a popular place for family and nature lover providing a tranquil environment to relax and enjoy outdoor activity gumba park is also known for it scenic view which make it a lovely location for photography and leisure,Madhesh Province,"park,recreational spot,natural beauty"
759,Gupta Daha,a natural water body or pond located in rukum east known for it scenic beauty and cultural significance gupta daha is a peaceful location ideal for those seeking a quiet place to relax and connect with nature it may also hold local religious or cultural importance for the nearby community often being a site for ritual and festival,Karnali Province,"historic site,natural beauty,cultural significance"
763,Guranse Bhume Aama Samuha Museum,a local museum dedicated to preserving and showcasing the culture tradition and history of the guranse area the museum may include artifact photograph and exhibit that highlight the unique aspect of guranses rural and indigenous life it also serf a a place of cultural education and celebration especially related to the role of woman and community group in the region,Koshi Province,"museum,cultural heritage,women empowerment"
765,Gurkha Smarak Salmedada,a historical memorial located in the gorkha region of nepal dedicated to the bravery and sacrifice of the gurkha soldier the memorial is an important site for those interested in the history of the gurkha a renowned military force known for their valor gurkha smarak salmedada provides a place of reflection and remembrance honoring the legacy of the gurkha soldier,Koshi Province,"monument,historic site,cultural heritage"
766,Gurkhali Stone Park,a park dedicated to the history and culture of the gurkha people featuring stone sculpture and artifact the park serf a both a cultural and historical landmark offering visitor a chance to learn about the gurkha community contribution to nepal history it is a serene place ideal for history enthusiast and those interested in the artistic tradition of the region,Gandaki Province,"park,historic site,cultural hub"
769,Gurung Museum,a museum dedicated to preserving the culture tradition and history of the gurung people an ethnic group from the central hill of nepal the museum showcase artifact traditional costume and tool used by the gurung community offering visitor insight into their way of life it is a key cultural site for those interested in the indigenous culture of nepal,Koshi Province,"museum,cultural heritage,rural tourism"
774,Gyan BDR Singh Memorial Library,a public library dedicated to the memory of bdr singh a prominent figure in nepalese education or politics the library house a collection of book resource and educational material offering a quiet place for study and learning it is a valuable resource for student and researcher in the area,Madhesh Province,"library,historic site,cultural hub"
775,Gyandi Open Resort & Picnic Spot,a resort located in a natural setting offering outdoor activity and facility for picnic family gathering and relaxation the resort feature green space walking trail and recreational amenity making it an ideal,Sudurpashchim Province,"resort,picnic spot,recreational area"
776,Gyanlal Handcraft,a shop or workshop specializing in traditional nepalese craft and handmade item gyanlal handcraft is likely to offer a variety of product including wood carving metalwork textile and pottery it is a great place for those looking to buy authentic locallymade souvenir and gift reflecting the rich cultural heritage of nepal,Madhesh Province,"handicraft shop,cultural hub,tourist attraction"
779,H.N.K.-N.PA-8 Joginiya1 Park,a public park or recreational area named after the joginiya1 region possibly featuring green space playground and outdoor activity the park is a popular spot for family and local to relax enjoy nature and engage in sport or other recreational activity,Bagmati Province,"park,recreational spot,family-friendly destination"
780,Hashmati Masjid Nepalgunj,a mosque located in nepalgunj banke district dedicated to islamic prayer and community gathering hashmati masjid is a place of worship for the local muslim community hosting regular prayer and religious event it also play an important role in the social and cultural life of the area,Madhesh Province,"mosque,religious site,cultural hub"
782,Himalayan Trekkers Pvt. Ltd.,a trekking agency or company that organizes guided trek and expedition in the himalayan region of nepal himalayan trekker pvt ltd offer trekking service for various trail catering to tourist who wish to explore the natural beauty and cultural heritage of the himalaya including everest annapurna langtang and other region,Koshi Province,"trekking agency,tourism service,cultural tours"
783,Holy Art Gallery,a gallery or store specializing in religious and spiritual art likely focusing on christian hindu or buddhist art form holy art feature painting sculpture and other artwork that depict religious theme figure and symbol it is a place for art lover and those seeking spiritual art piece for home or worship,Bagmati Province,"art_gallery,cultural hub,religious art"
784,Hope Church Butwal,a christian church located in butwal known for it service community activity and spiritual gathering hope church aim to provide a space for worship fellowship and spiritual growth it may also engage in social service and charity work in the local community,Madhesh Province,"church,religious hub,charity work"
788,Haldibari Chowk (Bhajan Chowk),a busy intersection or square in the haldibari area known for it market activity and cultural importance bhajan chowk might be a place where people gather to listen to devotional music bhajans or participate in community event it is likely a hub of local life and commerce attracting both resident and visitor,Sudurpashchim Province,"monument,historic site,cultural hub"
791,Halhale Picnic Park,a recreational park located in halhale providing a scenic and peaceful environment for picnic family outing and relaxation the park feature green space playground and walking path making it a popular spot for local and visitor to unwind and enjoy nature,Koshi Province,"park,recreational spot,natural beauty"
794,Hampal Jaljala,a scenic spot located in the baitadi region known for it natural beauty and peaceful surroundings hampal jaljala could be a village or natural area offering trekking opportunity scenic view and a chance to experience rural life in the himalayan foothill,Sudurpashchim Province,"tourist_attraction,natural beauty,hiking destination"
799,Hangthuwa Siran Gaun,a village in nepal known for it peaceful rural lifestyle and natural beauty hangthuwa siran gaun may be an offthebeatenpath destination for trekker or tourist seeking an authentic experience of nepalese village life the village is surrounded by hill forest and river providing an excellent opportunity for nature exploration,Bagmati Province,"park,village life,natural beauty"
800,Hans Pokhari,a scenic pond or water body located in the vicinity of a village or town han pokhari is likely a serene location for local community to gather relax and enjoy the natural beauty of the area it may also attract visitor for it calm environment making it a popular spot for picnic and leisure activity,Madhesh Province,"monument,natural beauty,recreational spot"
805,Hanuman Statue Baglung,a large statue of lord hanuman possibly located in a temple or public space this statue is a significant religious and cultural landmark attracting devotee and visitor the statue may be part of a larger complex or temple dedicated to hanuman and is often a place for prayer and reflection,Sudurpashchim Province,"monument,hindu_temple,religious landmark."
808,Haraincha Chowk,a busy intersection or central hub in the haraincha area often associated with market activity and local commerce haraincha chowk is a key spot for local to gather shop and interact making it a focal point for the community,Sudurpashchim Province,"historic site,cultural hub,economic center"
809,Haramain Masjid,a mosque that serf the local muslim community offering a place for prayer and religious service haramain masjid is a significant site for spiritual activity and social gathering within the area,Koshi Province,"mosque,religious site,cultural hub"
810,Hari Art Sunchandi,a local art center or gallery focusing on the work of local artist possibly featuring religious cultural or landscape art hari art sunchandi could be a venue for exhibition art sale and community artrelated event,Sudurpashchim Province,"art_gallery,cultural hub,tourist attraction"
811,Harichandi Kalika Temple,a hindu temple dedicated to goddess harichandi and goddess kalika this sacred site is important for devotee seeking blessing and performing ritual the temple may also host religious event and festival drawing pilgrim from nearby region,Bagmati Province,"hindu_temple,pilgrimage site,cultural significance"
812,Harihar Snan Ghat,a bathing ghat ritual bathing place located in mahendranagar often visited by devotee for cleansing ritual and spiritual practice harihar snan ghat is an important location for local religious ceremony and event,Gandaki Province,"hindu_temple,religious site,cultural significance"
813,Hariharpurgadhi Darbar,a historical palace or fort located in the hariharpurgadhi area the site likely hold cultural and historical significance showcasing artifact architecture and remnant from nepal royal or feudal past,Sudurpashchim Province,"historic site,palace,cultural heritage"
814,Haripur Prasansa Church,a christian church in the haripur area offering religious service community outreach and spiritual guidance haripur prasansa church likely host worship service bible study and other community event,Bagmati Province,"church,religious hub,charity work"
816,Harishankar Mandir,a hindu temple dedicated to lord harishankar a form of lord shiva the temple is a place of worship and pilgrimage with devotee visiting to offer prayer and perform ritual in honor of lord harishankar,Madhesh Province,"hindu_temple,pilgrimage site,cultural significance"
817,Harisiddhi Bhawani Mandir,a hindu temple dedicated to goddess bhawani another form of goddess parvati the temple is a spiritual center for devotee and it may host regular prayer festival and other religious ceremony,Bagmati Province,"hindu_temple,religious site,cultural heritage"
820,Harkathwa Tola,a rural or suburban settlement known for it traditional lifestyle agricultural practice and natural beauty harkathwa tola offer a chance to experience local nepali culture including folk tradition festival and community activity,Madhesh Province,"village life,natural beauty,cultural experience"
821,Harleo Picnic Spot,a picnic area located in a scenic environment providing facility for outdoor gathering and relaxation harleo picnic spot is a great place for family friend or group to enjoy nature have meal and engage in recreational activity,Madhesh Province,"picnic,natural beauty,recreational spot"
822,Harnamadi New Men Church,a christian church in the harnamadi region focusing on worship spiritual teaching and community service the church likely host regular service community outreach program and other religious activity for local,Koshi Province,"church,religious hub,charity work"
826,Harvest Bible Church Bhaktapur,a christian church located in bhaktapur offering worship service community outreach and spiritual guidance harvest bible church may be involved in missionary activity social program and event focused on faith and community building,Bagmati Province,"church,religious hub,charity work"
832,"Hattigade, Sundarbazar-3 Lamjung",a rural area or locality within lamjung district known for it village life agriculture and natural surroundings hattigade is an offthebeatenpath destination for tourist interested in rural experience and natural beauty,Gandaki Province,"historic_site,village life,natural beauty"
835,Hattilek,a small settlement or locality within nepal possibly known for it agricultural practice local market and rural lifestyle hattilek may be an ideal spot for ecotourism or exploring the local culture and tradition,Gandaki Province,"park,natural beauty,recreational spot"
838,"Hatuwagadhi Durbar, Ghoretar",a historical palace or fort in the ghoretar area known for it architectural and cultural significance hatuwagadhi durbar may have been a royal residence or administrative center during nepal feudal era,Madhesh Province,"monument,historic site,cultural heritage"
841,Heaven Water Park,a recreational water park offering various waterbased attraction like slide pool and leisure facility heaven water park is a popular destination for family group and tourist seeking fun and relaxation during the hot month,Koshi Province,"amusement_park,recreational spot,family-friendly destination."
842,Hebron Church Bhimdattanagar,a christian church serving the community with regular worship service bible study and outreach program hebron church may also engage in social service and provide a spiritual home for believer,Sudurpashchim Province,"church,religious hub,charity work."
846,Hem Narayan Park,a public park located in nepal providing a green space for relaxation and outdoor activity hem narayan park is popular with local for walking picnic and family gathering,Madhesh Province,"park,recreational spot,family-friendly destination"
850,Hiking Annapurna Tours and Travels,a travel agency offering hiking and trekking tour in the annapurna region of nepal they likely provide package for trekking guiding and travel logistics for visitor exploring this popular himalayan destination,Bagmati Province,"trekking agency,tourism service,cultural tours"
857,Hilihang Durbar Square Limbuwan,a historic square in the limbuwan region possibly featuring a durbar palace complex or gathering space it may host significant cultural or ceremonial event and provide a glimpse into the architectural and social history of the area,Koshi Province,"historic site,cultural heritage,tourist attraction."
859,Hill Park Butwal,a public park located in butwal offering green space for outdoor activity walking and relaxation hill park is a popular destination for local to gather exercise or enjoy leisure activity,Lumbini Province,"park,recreational spot,family-friendly destination."
864,Himalayan Art Gallery Jhamsikhel,a gallery showcasing himalayan art including traditional painting thangka art and sculpture the gallery offer visitor an opportunity to appreciate the artistic expression from the himalayan culture and may host exhibition and sale,Bagmati Province,"art_gallery,museum,cultural hub"
866,Himalayan Arughat Bagaicha Church,a christian church located in the arughat region offering spiritual guidance and worship service for the local community the church is likely a hub for religious activity community event and outreach program,Gandaki Province,"church,religious hub,charity work"
867,Himalayan Companion Treks and Expedition,a trekking company that organizes expedition in the himalayan region offering guided tour trek and mountaineering experience the company provides opportunity for adventure seeker to explore the rugged terrain of the himalaya,Bagmati Province,"trekking agency,tourism service,mountaineering expeditions"
868,Himalayan Namobuddha Travel & Treks,a travel and trekking agency specializing in trek to the namobuddha region and other part of the himalaya the agency likely offer guided tour trek and cultural experience in the region,Bagmati Province,"trekking agency,tourism service,cultural tours"
869,Himalayan Spirit Academy,a training and educational center that may focus on himalayan tradition culture and spirituality the academy might offer course in yoga meditation trekking and himalayan spiritual practice,Koshi Province,"training center,cultural hub,yoga retreat"
873,Himalika Camp/Resort,a camp or resort offering an immersive experience in the himalayan region the resort may focus on ecotourism adventure activity and cultural immersion allowing visitor to enjoy both the natural beauty and cultural richness of the area,Sudurpashchim Province,"resort,tourist attraction,nature retreat"
877,Historical Balthra Pond,a historical pond or water body that hold significance in local culture or history balthra pond may be linked to important event ritual or community activity in the past,Madhesh Province,"historic_site,cultural heritage,natural beauty"
878,"Historical Museum, Ghale Gaun",a museum in ghale gaun showcasing the history culture and heritage of the region the museum may feature artifact display and exhibition related to the local people their tradition and history,Gandaki Province,"museum,cultural heritage,tourist attraction"
882,Holesung Park,a public park located in a scenic area ideal for outdoor activity like walking picnicking and family gathering holesung park is known for it lush greenery tranquil atmosphere and open space the park is popular with local who seek relaxation and nature walk it provides a peaceful environment for people of all age to enjoy the outdoors holesung park is also a venue for community event and recreational activity,Sudurpashchim Province,"park,recreational spot,natural beauty"
884,Holy Life Church (Prembasti),a christian church in prembasti providing spiritual guidance and fellowship for the local community holy life church hold regular worship service bible study and prayer group it is dedicated to promoting christian value and supporting social welfare activity the church is also involved in outreach program helping those in need with educational health and food support it is a place where believer come together to grow in their faith,Gandaki Province,"church,religious hub,charity work"
885,Holy New Life Church,a christian church offering a welcoming environment for worship prayer and community support holy new life church host bible study group prayer meeting and community event the church is committed to spreading the message of hope and love through it outreach program it is a spiritual hub for individual and family looking to grow in faith the church also provides charitable service to improve the life of the local community,Koshi Province,"church,religious hub,charity work"
887,Homestay Koich,a familyrun homestay offering visitor an authentic local experience homestay koich provides comfortable accommodation and an opportunity to engage with local tradition food and culture the host offer personalized service ensuring guest feel at home it is located in a picturesque area surrounded by natural beauty and tranquil landscape homestay koich is an ideal spot for traveler looking for an intimate immersive cultural experience,Koshi Province,"homestay,rural tourism,cultural experience"
890,Hosanna Church Gorkha Nepal,a christian church located in gorkha nepal known for it spiritual service and community program the church hold regular worship service bible study session and prayer group for the local christian community hosanna church is also engaged in outreach effort providing support to the disadvantaged and promoting christian value the church is a place for believer to gather worship and strengthen their faith it play an essential role in the social and spiritual upliftment of the region,Gandaki Province,"church,religious hub,charity work"
892,Hotel Mountain Lake,a scenic hotel located near a mountain lake offering beautiful view and a tranquil atmosphere hotel mountain lake provides comfortable accommodation with amenity like a restaurant wifi and recreational activity the hotel is a popular destination for tourist seeking nature peace and relaxation guest can enjoy lakeview room and take part in outdoor activity such a fishing hiking and boating it is an ideal retreat for nature lover and those wanting to escape city life,Karnali Province,"hotel,tourist attraction,nature retreat"
895,Humla Resort and Spa,a tranquil resort located in the humla district offering a peaceful retreat amidst the himalaya the resort provides comfortable accommodation a spa for relaxation and various adventure activity like trekking and nature walk humla resort and spa is perfect for those seeking a getaway from city life and looking to immerse themselves in nature the resort also offer cultural experience showcasing local tradition and hospitality it is an ideal destination for wellness relaxation and adventure,Karnali Province,"resort,hiking destination,nature retreat"
896,Humla Chang La Valley Trek,a popular trekking route in the humla district leading adventurer through the stunning chang la valley the trek offer breathtaking view of snowcapped mountain lush forest and tibetan village it is known for it peaceful environment spiritual significance and remote beauty the trek is a perfect opportunity for those interested in highaltitude trekking and exploring himalayan culture humla chang la valley trek is suitable for experienced hiker seeking a challenging yet rewarding experience,Gandaki Province,"trekking,natural beauty,cultural experience"
902,"I Lan Joyti Church, Jajarkot, Chepka",a christian church located in jajarkot specifically in the village of chepka this church serf the local christian community with regular worship service bible study and prayer meeting i lan joyti church is actively involved in social service project providing assistance to the less fortunate in the area the church aim to spread christian teaching and offer spiritual support to all who visit it play a key role in the religious and social life of the chepka community,Bagmati Province,"church,religious hub,charity work"
903,IMS Church Bhimphedi,a christian church located in bhimphedi nepal offering regular service prayer meeting and bible study ims church is a spiritual hub for the local christian community fostering growth in faith and fellowship the church also focus on outreach program providing support to underprivileged family and community in the region ims church is a place of worship guidance and charity it encourages people to live according to christian value and engage in social welfare initiative,Bagmati Province,"church,religious hub,charity work"
904,IMS Zion Church Sikta,a christian church in sikta that offer worship service bible study and prayer group ims zion church is dedicated to nurturing the spiritual wellbeing of it congregation the church also run community outreach program to assist the local population with educational health and welfare service zion church is known for it welcoming atmosphere where member of all background can come together to learn and grow in their faith it play a central role in the christian community of sikta,Lumbini Province,"church,religious hub,charity work"
905,ISKCON Birgunj,a branch of the international society for krishna consciousness iskcon located in birgunj nepal iskcon birgunj is a spiritual center for devotee of lord krishna offering daily worship service prayer and spiritual teaching the temple regularly host festival educational program and community service initiative iskcon birgunj also promotes the philosophy of bhakti yoga and spread awareness of spiritual practice it is a focal point for the local hindu community providing a peaceful environment for devotion and meditation,Madhesh Province,"hindu_temple,religious site,cultural hub"
906,ISKCON Dhangadi,a branch of iskcon located in dhangadi nepal where devotee gather to worship lord krishna the temple hold daily ritual chanting and prayer a part of it spiritual activity iskcon dhangadi is a place for follower to learn about the teaching of bhagavad gita and other sacred text the community is actively involved in outreach charity work and the promotion of spiritual practice it serf a a sanctuary for those seeking peace devotion and personal transformation through krishna consciousness,Sudurpashchim Province,"hindu_temple,religious site,charity work"
908,Iceland Trekking & Expedition Pvt. Ltd.,a trekking and expedition company that offer guided tour and adventure in the himalaya and other region of nepal iceland trekking expedition provides service for trekker mountaineer and adventure seeker the company specializes in organizing trek expedition and cultural tour to popular destination like everest annapurna and langtang they offer a personalized experience with experienced guide and logistical support iceland trekking expedition is known for it commitment to safety customer service and environmental sustainability,Bagmati Province,"trekking agency,tourism service,mountaineering expeditions."
909,Ichchhakamana Goddess Temple,a revered deity in nepali hinduism worshipped for her spiritual power and blessing the ichchhakamana goddess is considered a source of divine intervention answering the prayer of the faithful she is worshipped in temple and shrine throughout nepal particularly in region where people seek health prosperity and good fortune devotee offer prayer offering and ritual to the goddess in hope of receiving blessing the ichchhakamana goddess hold a special place in the heart of worshipper embodying hope and divine grace,Bagmati Province,"hindu_temple,pilgrimage site,cultural significance."
911,IchhaKamana Mandir,a hindu temple dedicated to the ichhakamana goddess located in the ichchhakamana area the temple is a significant spiritual site for local who come to offer prayer perform ritual and seek divine blessing ichhakamana mandir is known for it peaceful setting and spiritual significance drawing devotee from the surrounding region the temple is a focal point for religious event festival and ceremony it is a sacred space where worshipper gather to celebrate their faith and devotion,Bagmati Province,"hindu_temple,pilgrimage site,cultural significance"
916,Imadol Masjid,a mosque located in imadol nepal serving the local muslim community for daily prayer and religious gathering imadol masjid is a place of worship where muslim come together for prayer service including friday congregational prayer and special occasion the mosque is an integral part of the community providing spiritual guidance religious education and social activity it is also involved in charitable effort offering aid to the local population imadol masjid is central to the social and spiritual life of it devotee,Bagmati Province,"mosque,religious site,charity work"
919,Immanuel Bible Missionary Church Barhabise,a christian church located in barhabise nepal focused on spreading the message of christ through bible study worship service and community program immanuel bible missionary church is dedicated to spiritual growth outreach and social service the church provides a welcoming environment for all visitor and actively engages with local community to meet their need it also run educational and social welfare program for underprivileged child and family the church host regular prayer meeting event and festival to strengthen it congregation,Bagmati Province,"church,religious hub,charity work"
921,Immanuel Church - Hile,a christian church located in hile nepal providing religious service to both local and trekker immanuel church in hile is known for it spiritual outreach bible study and prayer meeting the church serf a a spiritual home for the community offering comfort fellowship and guidance it is also a place where people can experience the peace and love of christ the church play an important role in the religious life of the hile area offering worship service and community support,Sudurpashchim Province,"church,religious hub,charity work"
925,Imukhel Bal Udhyan,a public park located in imukhel nepal offering green space for relaxation family gathering and recreational activity imukhel bal udhyan is particularly popular among family with child a it provides safe open space for kid to play and enjoy outdoor activity the park feature walking trail seating area and scenic view of the surrounding landscape it is an ideal spot for local to spend their leisure time and enjoy nature the park is also used for various community event and local festival,Bagmati Province,"park,recreational spot,family-friendly destination."
927,Inaruwa New Bus Park,a bus terminal and transport hub located in inaruwa nepal providing transportation service to various destination within the region inaruwa new bus park serf a a central point for traveler and local offering access to bus taxi and other form of public transportation the area around the bus park is bustling with shop eatery and other service catering to traveler it is a key location for those heading out to other part of nepal the bus park help connect inaruwa with major city and rural region in the area,Koshi Province,"transport hub,park,economic center"
928,Inaruwa Sunsari Fish Market,a bustling local market in inaruwa specializing in fresh fish and other seafood product inaruwa sunsari fish market is known for it wide variety of locally caught fish which are sold by fisherman and vendor the market is an important source of livelihood for the local community and offer visitor the chance to experience the vibrant local trade it is popular with local who come to purchase fresh fish for their daily meal the market also offer a variety of other product including vegetable and spice making it a key shopping destination,Madhesh Province,"marketplace,aquarium,economic hub"
930,Indra Sarovar,a serene lake located in the region known for it clear water and beautiful surroundings indra sarovar is a popular destination for nature lover trekker and local who seek a tranquil environment for reflection and recreation the lake is surrounded by lush greenery offering panoramic view of the landscape it is an ideal location for boating picnic and spending time outdoors indra sarovar is also a culturally significant site with many local legend and story associated with it,Bagmati Province,"lake,tourist attraction,natural beauty"
932,Indrasarobar Lake,a beautiful lake situated in the region known for it pristine water and scenic surroundings indrasarobar lake is a popular destination for trekking and nature walk offering panoramic view of the nearby hill and forest the lake is surrounded by lush vegetation making it an ideal spot for relaxation and photography local people often visit the lake for it peaceful atmosphere and to,Bagmati Province,"lake,natural beauty,picnic spot"
933,Indrawati Suspension Bridge,a suspension bridge located across the indrawati river in nepal offering breathtaking view of the river and surrounding landscape this bridge is an important infrastructure for local connecting rural area and facilitating travel and commerce it is also a popular spot for photographer and adventure enthusiast who enjoy the view and the thrill of crossing the bridge the bridge is wellmaintained and stand a a testament to nepal effort in improving transportation in remote region it also provides access to trekking and hiking route nearby,Bagmati Province,"bridge,historic site,natural beauty"
934,Indrawati-10 Forest,a protected forest area located in the indrawati region of nepal known for it rich biodiversity and natural beauty the forest is home to various specie of flora and fauna making it an important ecological reserve it offer a peaceful environment for nature walk bird watching and ecotourism local community also depend on the forest for their livelihood using it resource sustainably the forest is a key area for conservation effort and visitor are encouraged to respect the local wildlife and natural habitat,Koshi Province,"protected forest,biodiversity hotspot,nature retreat"
936,Indreni Lake,a serene lake located in the foothill of the region known for it crystalclear water and picturesque surroundings indreni lake is a popular spot for both local and tourist who visit to enjoy nature walk boating and quiet reflection the lake is surrounded by lush greenery offering a peaceful escape from the hustle and bustle of city life it also serf a an important site for local community who regard it a a sacred place the area around the lake is perfect for outdoor activity photography and family outing,Madhesh Province,"lake,picnic spot,natural beauty"
937,Ishalaya Catholic Church,a catholic church located in nepal dedicated to spreading the teaching of christianity through mass prayer service and community support ishalaya catholic church serf a a spiritual hub for local christian offering a place for worship and fellowship the church is also involved in various community outreach program including educational and charitable activity it aim to bring together individual for spiritual growth support and guidance the church is known for it welcoming atmosphere and commitment to serving the local population,Sudurpashchim Province,"church,religious hub,charity work"
938,ISKCON Chitwan,a branch of the international society for krishna consciousness iskcon in chitwan nepal offering spiritual teaching community service and religious service iskcon chitwan host regular prayer meeting devotional activity and cultural event focused on the worship of lord krishna the center also offer educational program about the teaching of the bhagavad gita and other vedic text it is a place for both local and visitor to come together for spiritual growth meditation and religious practice iskcon chitwan is also involved in social welfare and charitable activity in the area,Bagmati Province,"hindu_temple,religious site,cultural hub"
942,Isma Ratapokhara,a picturesque village or location near ratapokhara known for it beautiful natural scenery and tranquil environment isma ratapokhara is a popular destination for trekker and nature lover offering scenic view of the surrounding hill lake and forest the area is also home to a rich cultural heritage with traditional custom and lifestyle still prevalent in the local community visitor can explore the area ’ s beauty through nature walk bird watching and photography it is a peaceful retreat ideal for those looking to connect with nature and experience rural life in nepal,Lumbini Province,"village life,natural beauty,cultural heritage."
943,Ismakot,a remote village or area in nepal known for it rural lifestyle traditional culture and scenic landscape ismakot offer visitor a chance to experience authentic rural life with agriculture and communitybased activity being central to the local economy the region is also known for it stunning natural beauty including hill river and forest ismakot offer a peaceful environment perfect for those looking to escape city life and enjoy outdoor activity it is a great destination for cultural exploration trekking and photography,Koshi Province,"natural landmark,village life,cultural experience"
945,Itahara Chowk,a central intersection or town square in itahara nepal serving a a bustling commercial and transportation hub itahara chowk is known for it lively atmosphere with market shop and eatery surrounding the area it is a key location for traveler and local to meet shop and access transportation the square is also a focal point for community event local festival and public gathering itahara chowk play an important role in the daily life of the town providing a space for both commerce and social interaction,Koshi Province,"marketplace,cultural hub,economic center"
946,Itahari Matrix,a modern shopping mall or commercial complex in itahari nepal offering a range of retail store dining option and entertainment facility itahari matrix is a popular spot for shopping socializing and enjoying leisure activity the mall provides a variety of brand and product catering to both local and tourist it also host event exhibition and performance making it a hub of cultural and social activity in the city the mall is known for it contemporary architecture and vibrant atmosphere,Koshi Province,"shopping mall,cultural hub,recreational spot"
947,Itahari Roundabout,a key traffic junction in itahari nepal where multiple road converge facilitating the movement of vehicle and pedestrian the roundabout is an important landmark in the city connecting various part of itahari and providing easy access to nearby region it serf a a central point for transportation making it a busy area during peak hour,Koshi Province,"landmark,tourist attraction,cultural hub"
950,Itumbaha Museum,a cultural and historical museum located in itumbaha nepal dedicated to preserving and showcasing the region ’ s heritage itumbaha museum display a wide array of artifact including traditional clothing tool artwork and photograph that illustrate the rich cultural history of the area the museum offer visitor a chance to explore the region ’ s past through interactive exhibit and educational display it also host workshop and event that promote local history art and culture itumbaha museum is an important educational resource for both local and tourist,Bagmati Province,"museum,historic site,cultural heritage"
952,J.P Vetwal Smriti Park,jp vetwal smriti park is a commemorative park located in rapti chitwan nepal the park serf a a memorial space though specific detail about it dedication or historical significance are limited visitor can enjoy the serene environment and the park proximity to other local attraction,Bagmati Province,"park,recreational spot,family-friendly destination"
959,Jagadol Jhanda Park,jagadol jhanda park located in the budhanilkantha municipality of kathmandu nepal is a popular recreational area known for it panoramic view of the kathmandu valley and the surrounding himalayan range the park is situated near the village of jagadol approximately 1 kilometer from shahid park in gokarna feature and attraction scenic view visitor can enjoy breathtaking vista of the kathmandu valley especially during the early morning and late afternoon hour the park offer a tranquil environment to relax and appreciate the natural beauty of the region sunset and sunrise the park is renowned for it stunning sunset and sunrise making it an ideal spot for photography enthusiast and nature lover the view of the himalaya during these time is particularly captivatingaccessibility jagadol jhanda park is easily accessible from various part of kathmandu local transportation option including bus and taxi are available to reach the park the wellmaintained path within the park make it suitable for leisurely walk and picnic,Bagmati Province,"park,recreational spot,natural beauty"
960,Jagadulla Khola-Thuli Bheri Confluence,the confluence of jagadulla khola and the thuli bheri river is situated in the dolpa district of nepal within the jagadulla rural municipality this area is characterized by rugged terrain and is part of the higher himalayan crystalline rock geographical feature jagadulla khola a tributary of the thuli bheri river jagadulla khola originates from the mountainous region of dolpa the river is known for it challenging rapid making it a destination for experienced kayakers thuli bheri river flowing through the dolpa district the thuli bheri river is a significant tributary of the bheri river which in turn feed into the karnali river the river is renowned for it scenic beauty and is a popular spot for adventure activity like kayaking and trekkingconfluence significance the confluence of jagadulla khola and the thuli bheri river is a notable geographical feature in the region this confluence is situated at an elevation of approximately 750 meter above sea level contributing to the diverse topography of the area,Sudurpashchim Province,"natural beauty,river confluence,tourist attraction"
961,Jagadulla Taal,jagadulla taal also known a jagadulla lake is a pristine freshwater lake situated at an elevation of approximately 4700 meter above sea level in the jagadulla rural municipality of dolpa district nepal this secluded lake is renowned for it unique heartshaped appearance earning it the nickname prem taal or heart lakegeographical feature location jagadulla taal is nestled in the remote region of dolpa a district known for it rugged terrain and rich cultural heritage the lake is accessible via challenging trekking route making it a destination for adventurous traveler altitude at 4700 meter the lake is situated in the highaltitude zone offering breathtaking view of the surrounding himalayan landscapescultural significance the lake hold religious importance for both buddhist and hindu community in the region it wa historically known a dudh kunda and later a rakxes daha before being referred to a prem taal due to it heartshaped formtrekking and accessibility trekking route reaching jagadulla taal involves a strenuous trek through rugged terrain requiring proper preparation and acclimatization the journey offer trekker a chance to experience the untouched natural beauty of dolpa best time to visit the ideal time to visit is during the dry season from october to april when the weather is clear and suitable for trekking,Karnali Province,"lake,natural beauty,pilgrimage site"
964,Jagannath Temple Bhaktapur,heritage site the ancient evidence say that king bhupatindra malla is responsible for the erection of the chardham temple of bhaktapur along with the jagannath temple he also commenced the badrinath temple kedarnath temple and rameshwar temple yes however this jagannath temple consists of a place among char dham temple the current temple of jagannath seems quite ordinary covered with a tin roof this onestory temple wa three time bigger and of two story on it erection the ruinous earthquake of 1934 ad somehow spectacularly affect the physical appearance of this temple nowadays we can see a simple architecture assembled over there so it can protect the beautiful wood sculpture of lord krishna balaram and subhadra erected inside the temple image of jagannath the jagana god jatra this jagana god jatra is a very minor jatra of bhaktapur that is not forgotten continuously now according to the event of the lunar year this event fall on the second day of dillathwa yonder dillathwa mean the starting day of the ninth month a of the nepal sambat on the occasion of the day the statue of jagannath is worshipped by it pujari that with a special ritual meanwhile a small group of people carry away the diety to roam the city,Bagmati Province,"hindu_temple,historic site,cultural heritage"
966,Jagarnathpur Stadium,jagarnathpur stadium is a local sport facility situated in jagarnathpur nepal it serf a a venue for various community sport event including football match for instance the t20 mayor cup 2080 season 5 featured a match between jagarnathpur gavpalika and dhobini highlighting the stadium role in promoting local sport activity while specific detail about the stadium capacity and facility are limited it play a significant role in fostering sport culture within the community local event and tournament held at jagarnathpur stadium contribute to the development of sport and provide a platform for emerging athlete in the region,Madhesh Province,"stadium,sports hub,cultural hub"
967,Jagat Sundar Statue,the jagat sundar malla statue is a monument dedicated to jagat sundar malla a prominent figure in the nepal bhasa newar language revival movement born in 1882 malla wa instrumental in promoting and preserving the newar language and culture during a period when it faced decline location and significance bhaktapur a statue wa erected in his honor in bhaktapur on october 25 1992 by the bhaktapur municipality kathmandu in 1991 a nepal bhasamedium school named jagat sundar bwonekuthi wa established in kathmandu to honor his contributionscultural impact jagat sundar malla is celebrated a one of the four pillar of nepal bhasa a group of individual who played a pivotal role in the revival and promotion of the newar language and culture,Bagmati Province,"monument,historic site,cultural heritage"
968,Jagatpur Parsa Nepal,jagatpur is a locality situated in the pokhariya municipality of parsa district madhesh province nepal it is located near the locality of mananpur and gardaul the area is characterized by a monsooninfluenced humid subtropical climatefor traveler jagatpur is accessible via various mode of transportation including flight and bus,Madhesh Province,"historic site,cultural hub,rural tourism"
969,Jagdishpur Bird Sanctuary,the jagdishpur bird sanctuary is a significant wetland area located in kapilvastu district lumbini province nepal spanning approximately 157 hectare it wa designated a a ramsar wetland site in august 2003 highlighting it international importance for biodiversity conservationecological significance jagdishpur lake serf a a crucial habitat for a diverse array of bird specie it is home to 168 bird specie including 42 family and provides shelter to 20000 to 22000 bird making it a vital site for both resident and migratory bird conservation effort in july 2022 effort were underway to officially declare jagdishpur lake a nepal second bird sanctuary aiming to enhance conservation measure and promote bird tourismvisiting information for bird enthusiast and nature lover jagdishpur bird sanctuary offer an opportunity to observe a variety of bird specie in their natural habitat the sanctuary is accessible to visitor and local guide are available to enhance the experience,Lumbini Province,"wetland,biodiversity hotspot,tourist attraction"
976,Jajarkot Risang,risang is a picturesque village located in the jajarkot district of karnali province nepal nestled amidst the rugged terrain and lush landscape of the region risang offer a serene environment that reflects the traditional lifestyle and cultural heritage of it inhabitant geographical location risang is situated within the bheri municipality of jajarkot district the village is accessible via local road connecting it to the district headquarters khalanga the area is characterized by it mountainous terrain dense forest and terraced field which are typical of the midhill region of nepal cultural significance the village is home to diverse ethnic community each with it own tradition and custom the local population relies on agriculture livestock farming and traditional craft for their livelihood the unique cultural identity of jajarkot including village like risang is under threat a the younger generation becomes disconnected from it root in response initiative have been undertaken to preserve and promote local art culture and tradition,Karnali Province,"village life,natural beauty,cultural heritage"
978,Jakhor Lake,jakhor lake is a wellknown location located at pj4crvq dhanagadhaii 10900 naepaala it offer a variety of experience for visitor jakhor lake is a wellknown location located at pj4crvq dhanagadhaii 10900 naepaala it offer a variety of experience for visitor jakhor lake is a wellknown location located at pj4crvq dhanagadhaii 10900 naepaala it offer a variety of experience for visitor jakhor lake is a wellknown location located at pj4crvq dhanagadhaii 10900 naepaala it offer a variety of experience for visitor jakhor lake is a wellknown location located at pj4crvq dhanagadhaii 10900 naepaala it offer a variety of experience for visitor jakhor lake is a wellknown location located at pj4crvq dhanagadhaii 10900 naepaala it offer a variety of experience for visitor jakhor lake is a wellknown location located at pj4crvq dhanagadhaii 10900 naepaala it offer a variety of experience for visitor jakhor lake is a wellknown location located at pj4crvq dhanagadhaii 10900 naepaala it offer a variety of experience for visitor one of the spot at dhangadhi you can go for refreshment for a walk on fresh air greenary with some recreation for child evening time is good when you are boredðÿðÿ–¤ðÿ˜˜ this is the lake lie at dhangadhi it is good place to visit this area is good who want to be fresh temperature is normal to visit this place park around lake is amazing but lake is dirty need to be clean there wa no water on lake when i got there lake is dry in winter when it rain lake will be filled jokhar tal wa a wonderful lake and i have a lot of memory which is always connected to me thats why im giving to the five out of five beautiful place to relax and enjoy the day with pretty good scenario please visit often to get refresh best place to enjoy nature famous place for dating ðÿ˜ðÿ˜ â€¦,Sudurpashchim Province,"lake,picnic spot,natural beauty"
980,Jalapa Cultural Museum,the jalapa cultural museum is a notable institution located in jala nepal it is dedicated to preserving and showcasing the rich cultural heritage of the region the museum offer a variety of experience for visitor including exhibit display of traditional artifact art and household item that reflect the local culture and history educational program initiative aimed at promoting understanding and appreciation of the area cultural diversity community engagement activity designed to involve the local community in cultural preservation effort,Koshi Province,"museum,cultural heritage,tourist attraction"
983,Jalbire Jharna,natural landmark jalbire a picturesque village nestled in the heart of chitwan district nepal is renowned for it pristine natural beauty and serene ambiance located near the southern border of the country jalbire offer visitor a tranquil retreat amidst lush greenery cascading waterfall and enchanting landscape the village is a haven for nature lover and adventure enthusiast boasting opportunity for trekking birdwatching and cultural immersionreaching jalbire is relatively straightforward with various transportation option available from major city in nepal from kathmandu traveler can take a scenic bus ride to bharatpur the largest city in chitwan district which take approximately 56 hour from bharatpur local bus or taxi can be hired to reach jalbire a journey of around 23 hour alternatively private transportation or organized tour offer a convenient way to reach jalbire directly from kathmandu or other nearby town,Bagmati Province,"waterfall,natural beauty,tourist attraction"
984,Jaleshwar Haat Bazaar,the jaleshwar haat bazaar is a traditional market located in jaleshwar mahottari district nepal haat bazaar are periodic market that play a vital role in the local economy providing a space for people to buy and sell good and serving a social gathering pointshistorical context in may 1968 photograph captured a woman and her son selling edible gourd at jaleshwars haat bazaar highlighting the market longstanding presence in the community visiting information location jaleshwar mahottari district nepal access the bazaar is accessible to visitor yearround activity visitor can explore a variety of good including local produce craft and textile and experience the vibrant atmosphere of a traditional nepali market,Madhesh Province,"marketplace,cultural hub,economic center"
986,Jaljale Bazar Dailekh,jaljale bazar is a notable market area situated in the dailekh district of nepal located within bhairabi municipality1 it serf a a central hub for commerce and community activity in the region geographical location jaljale bazar is positioned in the rawatkot area of dailekh within the bheri zone of the madhya pashchimanchal regioneconomic and social significance a a primary market center jaljale bazar facilitates the exchange of good and service supporting the livelihood of local resident it also serf a a social gathering point fostering community interaction and cultural exchangesinfrastructure and development recent development in the area include the discovery of positive sign of natural gas after drilling reached significant depth additionally infrastructure project such a the bada khola bridge are under design to improve connectivity in the region,Karnali Province,"marketplace,tourist attraction,economic center"
989,Jalpa Park,jalpa park is a recreational area located in tokha kathmandu nepal it offer a serene environment for visitor to relax and enjoy nature the park is open daily from 900 am to 500 pmlocation jalpa park is situated in tokha a municipality in the kathmandu valley tokha is known for it natural beauty and is a popular destination for those seeking a peaceful retreat from the city hustle and bustle facility the park provides amenity such a walking path seating area and open space suitable for picnic and leisure activity it is an ideal spot for family couple and individual looking to unwind in a tranquil setting visiting information address tokha 44600 nepal opening hour 900 am to 500 pm daily,Bagmati Province,"park,recreational spot,family-friendly destination."
991,Kanyam Photo Point,kanyam photo point located in the picturesque kanyam region of ilam nepal is a renowned vantage point offering panoramic view of the surrounding tea garden and the majestic mount kanchenjunga the area is celebrated for it lush green tea plantation rolling hill and serene landscape making it a haven for photographer and nature enthusiast visitor can capture the beauty of the tea garden the vibrant sunrise and the distant snowcapped peak all from this vantage point the tranquil environment and the harmonious blend of natural element make kanyam photo point a mustvisit destination for those seeking to experience the scenic charm of eastern nepal,Koshi Province,"picnic,natural beauty,tourist attraction."
993,KU Corner,ku corner is a designated area within kathmandu university ku in dhulikhel nepal serving a a central hub for student faculty and visitor this space is designed to foster interaction collaboration and relaxation offering a comfortable environment for academic discussion social gathering and leisure activity the area is equipped with seating arrangement greenery and amenity that encourage community engagement and provide a serene atmosphere amidst the university bustling campus life ku corner play a pivotal role in enhancing the campus experience by promoting a sense of belonging and community among the university diverse populatio,Bagmati Province,"museum,cultural hub,recreational spot"
994,Kabilas Chauki Dada,kabilas chauki dada is a scenic hilltop located in the kabilas area of chitwan nepal situated approximately 13 kilometer from kabilas resort and funpark it offer panoramic view of the surrounding landscape including the chitwan national park and the nearby river the area is accessible yearround and is popular among visitor for activity such a hiking sightseeing and photography the serene environment and natural beauty make it an ideal spot for relaxation and enjoying the outdoors,Bagmati Province,"park,hiking destination,natural beauty"
995,Kabristaan Dewanganj Sunsari,kabristaan dewanganj also known a the dewanganj cemetery is located in the dewanganj area of sunsari district nepal this cemetery serf a the final resting place for many individual from the local community while specific detail about the cemetery history and significance are limited it play a crucial role in the cultural and social practice of the dewanganj area,Koshi Province,"mosque,religious site,cultural significance"
998,Kage Dada,kage dada is a scenic hilltop in the dhading district of nepal offering stunning panoramic view of the surrounding landscape and the himalaya including ganesh himal and manaslu located at an elevation of about 2000 meter it is accessible via a short trek from dhading besi the area is perfect for nature walk photography and relaxation with a peaceful atmosphere away from more crowded destination kage dada is best visited during the dry season from september to november and march to may for optimal trekking condition,Bagmati Province,"park,hiking destination,natural beauty"
1002,Kailashpuri Forest Garden,kailashpuri forest garden located in the upper corner of harion municipality in sarlahi district nepal is a picturesque destination known for it natural beauty and recreational facility the area feature the kailashpuri temple refreshment park ample parking space local eatery and designated picnic spot all set amidst a peaceful environmentvisitors to kailashpuri forest garden can enjoy a variety of experience including exploring the temple relaxing in the park and participating in community activity the serene surroundings make it an ideal location for picnic and family outing,Madhesh Province,"park,recreational spot,nature retreat"
1003,Kailpal Temple Chamsal,kailpal temple located in chamsal dadeldhura district nepal is a revered hindu temple dedicated to lord shiva situated in the amargadhi municipality ward no 3 the temple is a significant spiritual center for the local community the temple is renowned for it serene ambiance and architectural beauty attracting both devotee and visitor interested in exploring nepal rich cultural heritage the inner sanctum house a statue of lord shiva and the temple complex is surrounded by lush greenery providing a tranquil environment for meditation and prayervisitors to kailpal temple can participate in various activity such a attending service engaging in community outreach program and experiencing the local custom and tradition the temple serene environment and welcoming community make it a meaningful destination for those interested in exploring the spiritual life of the region,Sudurpashchim Province,"hindu_temple,pilgrimage site,cultural heritage"
1004,Kaiser Mahal Palace,historical ruin kaiser mahal is a historic rana palace located in kathmandu nepal west of the narayanhiti palace originally built in 1895 for kaiser shamsher jang bahadur rana the palace complex feature an impressive array of courtyard garden and building showcasing unique edwardian architectural element historically significant kaiser mahal ha undergone various change since the fall of the rana regime it wa sold to the government of nepal and now house the kaiser library and the public procurement monitoring office the library established by kaiser shamsher contains around 28000 volume and serf a both a library and a small museum showcasing his extensive collection of book and artifact the palace wa partially damaged during the april 2015 earthquake but ha since undergone retrofitting to preserve it historical architecture while enhancing safety standard a of june 2024 it ha been fully operational a a government office following extensive renovation,Bagmati Province,"historic site,museum,cultural heritage"
1005,Kaji Kalu Pandey Dada,kaji kalu pandey dada is a revered historical and religious site located in the western part of kathmandu valley within the chandragiri municipality the area is named after kaji kalu pandey a prominent military strategist and chief minister of gorkha in the 18th century who played a pivotal role in nepal unificationthe memorial park dedicated to kaji kalu pandey offer visitor a serene environment to reflect on his contribution to nepal history the park provides panoramic view of the kathmandu valley including the ganesh himal and langtang lirung mountain range,Bagmati Province,"monument,historic site,cultural significance"
1006,Kajin Sara Lake (Singar Lake),kajin sara lake also known a singar lake is a highaltitude glacial lake located in the manang district of nepal at an elevation of around 5020 meter 16470 foot making it one of the highest lake in the world situated near the lamjung himal base camp it is accessed through a challenging trek that typically start from chame the trek take several day passing through rugged terrain and offering stunning view of the annapurna and manaslu mountain range kajin sara lake hold cultural significance for local community and ha recently gained attention a a popular destination for adventure tourism offering trekker the opportunity to experience nepal pristine natural beauty the journey to the lake requires proper acclimatization and physical preparation due to it high altitude,Gandaki Province,"lake,hiking destination,natural beauty"
1009,Kakani Thai Memorial Park,kakani thai memorial park located in kakani nuwakot district nepal is a solemn and significant site dedicated to the memory of the victim of the 1992 crash of thai airway international flight 311 the park serf a a tribute to the life lost in the tragic accident and offer a peaceful space for reflection and remembrance surrounded by stunning natural landscape visitor can enjoy panoramic view of the himalaya including ganesh himal langtang and manaslu range kakani thai memorial park provides a tranquil environment for those seeking solace and a deeper understanding of the historical event making it a meaningful destination for both local and tourist,Bagmati Province,"monument,historic site,cultural significance."
1011,Kakhbari (Sauraha),kakhbari is a locality situated in sauraha within the chitwan district of nepal sauraha serf a the eastern gateway to the renowned chitwan national park a unesco world heritage site celebrated for it rich biodiversity including the endangered onehorned rhinoceros and bengal tiger visitor to sauraha can engage in various activity such a jungle safari canoe ride and cultural experience with the indigenous tharu community the area also feature attraction like the elephant breeding centre and the tharu cultural museum,Bagmati Province,"hike,wildlife tourism,cultural experience."
1013,Kakre Bihar,archaeological site a small hillock in the middle of surkhet valley kakre vihar is home to ruin of a 12thcentury stone temple which show that the people of the region practiced hinduism along with buddhism the carved stone and bronze statue reflect the image of buddha and many hindu god and goddess including saraswati and ganesh embracing an amazing view of birendranagar this beautiful place continuously rank a one of the most important tourist destination thousand of people come to this area for religious purpose a well a to experience the rich atmosphere of nature,Karnali Province,"archaeological site,historic site,cultural heritage"
1015,Kala Premi Art House,kala premi art house also known a kalapremi ceramic studio is a renowned art studio founded by the esteemed nepali sculptor and ceramist gopal kalapremi shrestha established over three decade ago the studio serf a a hub for artistic expression focusing on the promotion and teaching of clay art form in nepalthe studio not only showcase kalapremis own creation but also feature artwork from various artist worldwide fostering a diverse and dynamic artistic environment it ha become a significant cultural landmark hosting exhibition workshop and cultural event that engage both local and international audiencesfor those interested in experiencing the rich artistic heritage of nepal kala premi art house offer a unique opportunity to explore the intersection of traditional craftsmanship and modern artistic expression,Madhesh Province,"art_gallery,cultural hub,tourist attraction"
1016,Kalaiya 3 Gangapur Bara,kalaiya 3 gangapur bara is a wellknown location located at unnamed road 44400 nepal it is recognized for being an art gallery providing visitor with various cultural and artistic experience the area offer a unique blend of local artistry and creativity showcasing work that reflect the heritage and culture of the bara district and the madhesh province visitor can explore diverse art form including painting sculpture and other artistic display while also engaging with the local community and appreciating the vibrant culture of the region the gallery serf a a hub for art enthusiast and provides a space to celebrate nepalese creativity,Madhesh Province,"art_gallery,cultural hub,tourist attraction"
1018,Kalaiya Calvary Church,kalaiya calvary church is a christian place of worship located in kalaiya bara district nepal the church actively engages with the local community through various event and service,Madhesh Province,"church,religious hub,charity work"
1020,Kalawati Art Garden,kalawati art garden is a wellknown location situated at p93qmc6 vijaya nagar marg i 33000 nepal it is renowned for it vibrant and artistic atmosphere offering visitor a place to explore various form of visual art the garden is a creative space that showcase a diverse range of art piece including sculpture painting and installation it serf a a hub for art enthusiast and provides a platform for local and international artist to display their work the serene environment of the garden enhances the artistic experience making it an ideal location for those interested in culture art and creativity,Madhesh Province,"art_gallery,cultural hub,natural beauty"
1024,Kali Temple Haldibari-2 Jhapa,kali temple situated in haldibari2 jhapa nepal is a revered hindu shrine dedicated to goddess kali the temple is known for it serene ambiance and attracts devotee and visitor seeking spiritual solace the architecture of the temple reflects traditional nepali design featuring intricate carving and vibrant decoration that enhance it spiritual significance during festival the temple becomes a hub of activity with special prayer and ritual conducted to honor goddess kali the surrounding area is tranquil offering a peaceful environment for meditation and reflection visitor can also explore the local culture and tradition of the jhapa district making it a meaningful destination for both spiritual and cultural experience,Koshi Province,"hindu_temple,religious site,cultural heritage"
1025,Kali Cave Mahadev Temple,kali cave mahadev temple is a revered hindu shrine located at khurkotghurmi madhya pahadi highway balakhau 45900 nepal the temple is dedicated to lord shiva and is situated inside a natural cave which add to it serene and spiritual atmosphere pilgrim and visitor are drawn to the temple for it tranquil environment which is perfect for meditation and worship the cave house a shiva lingam and the temple is known for it significance during religious festival especially maha shivaratri when devotee come in large number to offer prayer and participate in ritual the temple is accessible by road and the journey offer beautiful view of the surrounding hill making it a popular destination for both religious and nature enthusiast,Koshi Province,"hindu_temple,religious site,natural beauty"
1026,Kalika Bhagwati Community Forest,park pointofinterest establishment kalika bhagwati community forest is a communitymanaged forest in baglung it offer a serene natural environment where visitor can learn about local conservation effort while enjoying the scenic beauty of the area,Gandaki Province,"community forest,biodiversity hotspot,nature retreat."
1030,"Kalika Park, Budhanilkantha-8",kalika park located in budhanilkantha8 bhangal kathmandu is a wellknown park known for it serene atmosphere and beautiful surroundings this park is located in a peaceful neighborhood and offer a tranquil environment for relaxation and nature walk the park proximity to the scenic area of kathmandu make it an attractive spot for both local and visitor looking for a quiet retreat kalika park provides green space making it ideal for outdoor activity and enjoying the natural beauty of the area the park peaceful ambiance combined with it accessibility make it a popular destination for those seeking a calm and refreshing environment in the heart of kathmandu,Bagmati Province,"park,recreational spot,natural beauty"
1032,Kalikamai Temple,kalikamai temple situated in hariharpur birta parsa district nepal is a revered hindu temple dedicated to goddess kali the temple is located at coordinate 3p5j6rw hariharpur birta 44300 nepal the temple is known for it spiritual significance and attracts devotee seeking blessing and peace the serene environment surrounding the temple offer a tranquil setting for meditation and prayer,Madhesh Province,"hindu_temple,pilgrimage site,cultural significance"
1033,Kalikasthan Mandir,kalikasthan temple located in the dillibazar area of kathmandu is a significant religious site dedicated to goddess kali a fierce and powerful form of the divine feminine the temple hold cultural importance particularly during festival like dashain and navratri when many devotee gather to offer prayer and perform ritual in reverence to the goddess the temple architecture feature traditional nepali design reflecting the rich cultural heritage of the region kalikasthan temple play a crucial role in the local community serving a a hub for religious activity and fostering a sense of unity among worshipper it central location in kathmandu make it easily accessible by public transportation attracting both local and tourist alike a a spiritual site kalikasthan temple embodies the devotion of it follower and the deeprooted tradition associated with goddess kali in nepali culture,Bagmati Province,"hindu_temple,historic site,cultural hub"
1035,Kalikot Khalla,kalikot khalla is a wellknown location situated at 5r8h648 jaubaithaa 21300 nepal it is known for being a hindu temple attracting devotee who visit to offer prayer and perform religious ritual the temple is located in a picturesque area surrounded by natural beauty making it a serene spot for both spiritual practice and nature lover kalikot khalla serf a an important religious site for the local community and hold cultural significance particularly during hindu festival the peaceful environment and the temple dedication to hindu deity make it a notable destination for those seeking a tranquil spiritual experience,Koshi Province,"hindu_temple,pilgrimage site,natural beauty"
1037,Kalimati Gangamala Temple,kalimati gangamala temple is a significant hindu temple located in the kalimati area of kathmandu nepal this temple is dedicated to goddess kali symbolizing strength and protection and hold a deep spiritual connection for the local community the temple is especially revered by devotee who visit to offer prayer and seek blessing from the deity the gangamala temple is also culturally important a it serf a a religious and social center for the community particularly during festival like dashain and tihar when many people gather for ritual and celebration the temple ’ s traditional architecture featuring intricate carving and a serene ambiance attracts both worshipper and tourist interested in nepal rich spiritual heritage situated in a bustling part of kathmandu kalimati gangamala temple is easily accessible making it a popular destination for both local and visitor it offer a peaceful retreat in the heart of the city allowing visitor to connect with nepali tradition and the divine,Bagmati Province,"hindu_temple,pilgrimage site,cultural hub"
1040,Kalu Pandey Museum,kalu pandey museum located in lamjung district nepal is dedicated to kalu pandey a key figure in nepal unification under prithvi narayan shah the museum showcase a range of historical artifact including weapon photograph and personal item related to kalu pandey offering a glimpse into his life and contribution to the unification movement it serf a an educational hub for visitor to learn about nepal military and political history preserving the legacy of this important historical figure the museum is also situated in a scenic location making it an attractive spot for history enthusiast and tourist interested in nepal ’ s cultural heritage,Bagmati Province,"museum,historic site,cultural heritage."
1041,"Kalyanpur Church,Saptari",kalyanpur church located in the saptari district of nepal is a wellknown christian place of worship situated in the area of kalayaanapaura characha the church serf a a spiritual center for local christian community the church is dedicated to providing religious service community support and fostering a sense of unity among it congregation visitor can experience it peaceful environment and participate in worship prayer and other community activity kalyanpur church play an important role in the cultural and religious life of the region welcoming both local and visitor,Madhesh Province,"church,religious hub,charity work."
1044,Kamal Pokhari,park pointofinterest establishment kamal pokhari is a tranquil park located near kamal pokhari path in bhaktapur offering a peaceful retreat for both local and visitor the park is known for it lush greenery serene atmosphere and wellmaintained pathway making it an ideal spot for leisurely walk and relaxation,Bagmati Province,"park,natural beauty,sightseeing"
1051,Kanchanpur Saptari Arch,the kanchanpur saptari arch is a notable landmark in the area serving a a symbolic entry point to the district,Madhesh Province,"landmark,cultural"
1053,Kandara Mandir,kandara mandir located in dang district nepal is a revered hindu temple dedicated to goddess kali symbolizing strength and protection the temple play a central role in the religious and cultural life of the community especially during festival like dashain and tihar when numerous devotee visit to offer prayer and seek blessing it architecture reflects traditional nepali style with intricate carving and design that showcase the region rich cultural heritage beyond it religious significance the temple serf a a community hub hosting various cultural event that foster social connection easily accessible by road from major city like kathmandu and nepalgunj kandara mandir is a key destination for both pilgrim and tourist exploring nepal spiritual heritage,Lumbini Province,"hindu temple pilgrimage,cultural significance"
1054,Kanepokhari (Ear Pond),kanepokhari also known a ear pond is a scenic natural water body located in the eastern region of nepal particularly in the ilam district it is a popular tourist spot known for it serene beauty and peaceful environment the pond is surrounded by lush green hill and offer breathtaking view making it an ideal place for nature lover photographer and those seeking tranquility kanepokhari is also recognized for it cultural significance to the local community with several religious and cultural event taking place around it visitor can enjoy activity like boating hiking and picnicking making it a great destination for both relaxation and exploration the area around the pond is rich in flora and fauna adding to it appeal a an ecotourism site,Koshi Province,"natural beauty,cultural significance"
1055,Kanepokhari Park,kanepokhari park is a popular natural park located in the ilam district of nepal the park is wellknown for it picturesque view lush green surroundings and tranquil environment it is centered around kanepokhari a beautiful pond which add to the charm of the area the park is a great destination for nature enthusiast and those seeking a peaceful retreat visitor can enjoy activity like hiking boating and picnicking while taking in the scenic view of the surrounding hill and the serene pond the area is also home to diverse flora and fauna making it an attractive spot for ecotourism kanepokhari park serf a a cultural hub with local festival and event taking place in the vicinity bringing together both local and tourist the park accessibility from nearby town and city make it a convenient getaway for nature lover and tourist seeking to experience the beauty of eastern nepal,Koshi Province,"park,natural beauty,hiking"
1057,Kankai Mai Temples,kankai mai temple situated in the kankai municipality of jhapa district in eastern nepal is a revered hindu shrine dedicated to goddess kankai mai the temple hold significant cultural and spiritual importance for the local community attracting numerous devotee especially during major hindu festival such a dashain and tihar the temple architecture reflects traditional nepali style featuring intricate carving and design that showcase the rich cultural heritage of the region beyond it religious function the temple serf a a community hub hosting various cultural event and activity that strengthen social bond among resident located near the kankai river the temple is accessible by road from nearby town and city making it a notable destination for both pilgrim and tourist interested in exploring nepal spiritual site,Koshi Province,"hindu temple pilgrimage,religious shrine"
1058,Kankali Picnic Spot,kankali picnic spot situated in khairahani chitwan district nepal is a popular destination for both local and tourist seeking a serene environment for relaxation and recreation the area is renowned for it natural beauty featuring lush greenery tranquil surroundings and a peaceful atmosphere that make it ideal for picnic and family gathering visitor can enjoy various activity such a hiking exploring nearby temple and immersing themselves in the local culture the spot is easily accessible by road from major town in chitwan making it a convenient getaway for those looking to experience the natural charm of the region,Bagmati Province,"picnic spot,natural beauty,recreation"
1060,Kankali View Tower 2,kankali view tower located near the kankali temple in chitwan nepal is a popular tourist destination that offer visitor breathtaking panoramic view of the surrounding landscape the tower provides a unique vantage point from which to admire the lush greenery fertile plain and distant mountain range making it an ideal spot for photography and sightseeing the area is also known for it tranquility making it a great place for a peaceful retreat or a leisurely hike in addition to it scenic beauty the tower hold cultural significance a it attracts tourist who visit both the temple and the tower adding to the spiritual and recreational experience in the region,Bagmati Province,"hiking,natural beauty,sightseeing"
1061,Kanke Deurali Temple,kanke deurali situated in purtotaha gulmi district nepal is a revered hindu pilgrimage site known for it natural beauty and cultural significance the temple at kanke deurali is dedicated to a deity believed to grant devotee wish when they offer flower and flag a notable feature of the site is a lakuri tree adorned with bell symbolizing the prayer of the faithful additionally there is a pond at the base of the lakuri tree where milk is offered and numerous iron trident are present adding to the spiritual ambiance the area is also celebrated for it lush greenery making it a popular destination for visitor seeking a peaceful retreat during the winter season the region is known to receive snowfall enhancing it scenic appeal,Lumbini Province,"hindu temple pilgrimage,natural beauty,cultural significance"
1063,Kanti Tal (Puraini Talau/Lake),kanti tal also known a puraini talau or puraini lake is a picturesque water body situated in the puraini area of nepalgunj banke district nepal approximately 25 kilometer east of dhambojhi chowk the lake span an area of 25 bighas with 17 bighas in ward 22 of puraini and 8 bighas in ward 21 historically the lake served a a habitat for elephant and a haven for various bird specie in recent year effort have been made to develop kanti tal into a tourist destination including conservation and beautification project funded by the nepalgunj submetropolis these initiative aim to revitalize the lake natural beauty and cultural significance attracting both local and tourist,Lumbini Province,"lake,hiking,natural beauty,tourism spot"
1064,Kantipur Art Gallery,kantipur art gallery is a prominent art gallery located in the heart of kathmandu nepal it is wellknown for showcasing traditional and contemporary nepali art including painting sculpture and other form of visual expression the gallery serf a a platform for both established and emerging artist allowing them to display their work to a broader audience kantipur art gallery also organizes exhibition art workshop and cultural event that contribute to the promotion of nepali art and culture it role in fostering creativity and artistic dialogue make it a significant cultural landmark in kathmandu visitor can explore a wide range of artwork that reflect the rich artistic heritage of nepal while also engaging with modern interpretation of nepali culture,Bagmati Province,"art,arts and entertainment"
1065,Kantrang,kantrang is a wellknown location located at 33v97j6 jhaaralaangaga 45100 naepaala it is known for being a trek it offer a variety of experience for visitor,Koshi Province,"trekking,hiking"
1068,Kapersthan Mahankal Hike Point,kapersthan mahankal hike point located in the kavrepalanchok district of nepal is a notable destination for trekking enthusiast seeking a blend of natural beauty and cultural significance the hike offer panoramic view of the surrounding landscape including rolling hill and verdant forest providing a serene environment for nature lover along the trail trekker can experience the rich cultural heritage of the local community with opportunity to visit traditional village and observe daily life the mahankal temple dedicated to lord mahankal is a significant landmark along the route adding a spiritual dimension to the journey the temple is known for it historical importance and is a place of worship for both local and visitor the hike is accessible from kathmandu making it a convenient option for those looking to explore the natural and cultural offering of nepal for accommodation there are several option near the kapersthan mahankal hike point ranging from local guesthouse to more established hotel catering to different preference and budget,Bagmati Province,"hiking,hill"
1070,Kapilvastu Avinash Church,kapilvastu eternal church also known a avinash church is a christian place of worship located in the kapilvastu district of nepal the church serf a a spiritual center for the local christian community offering regular service and fellowship opportunity weekly gathering are held on saturday at 12 noon and prayer meeting take place on wednesday at 8 pm the church also engages in various community activity including cultural event that showcase the rich tradition of the tharu people such a performance during christmas program,Lumbini Province,"religious shrine,cultural"
1071,Kapilvastu Museum,kapilvastu museum situated in tilaurakot nepal is a cultural and religious institution dedicated to preserving the rich history of the ancient city of kapilvastu the birthplace of siddhartha gautama who later became known a the buddha the museum house a diverse collection of artifact including terracotta vessel copper coin and other item dating back to the 7th century bc offering valuable insight into the region archaeological and cultural heritagethe museum exhibit are meticulously curated to showcase the art and artifact discovered at various archaeological site within the ancient kapilvastu territory such a tilaurakot niglihawa gotihawa arorakot sisahaniyakot chhetradehi sagrahawa and pipari these site have yielded numerous ancient art remains and monument many of which are on display at the museum providing visitor with a comprehensive understanding of the area historical significancevisitors to the kapilvastu museum can explore it wellorganized gallery which feature a range of artifact that illuminate the daily life religious practice and artistic achievement of the ancient inhabitant of kapilvastu the museum serf a an essential resource for scholar student and tourist interested in the history of buddhism and the cultural evolution of the region for those planning a visit the museum is located approximately 26 kilometer from lumbini the birthplace of lord buddha making it a convenient addition to a pilgrimage or cultural tour of the area,Lumbini Province,"museum,cultural"
1072,Kapilvastu Park - Ancient Buddhist Site,kapilvastu park located in the kapilvastu district of nepal is an ancient buddhist site of profound historical and cultural significance this area wa once the capital of the shakya kingdom where siddhartha gautama who later became the buddha spent his early year the park encompasses the ruin of the ancient city of kapilavastu including remnant of palace temple and other structure that offer a glimpse into the life and time of the buddha archaeological excavation have uncovered artifact such a pottery coin and inscription providing valuable insight into the region rich history visitor to kapilvastu park can explore these historical site reflecting on the early life of the buddha and the cultural heritage of the shakya people the park is situated approximately 25 kilometer southwest of lumbini the birthplace of the buddha making it a significant destination for those interested in buddhist history and archaeology,Lumbini Province,"buddhist pilgrimage,historical"
1077,Karpureshwar Park,karpureshwar park is a serene recreational area located in besisahar the district headquarters of lamjung district in gandaki province nepal situated near the confluence of the marsyangdi and khudi river the park offer picturesque view of the surrounding hill and river making it an ideal spot for relaxation and photography visitor can enjoy leisurely walk along the riverbank engage in local cultural activity and explore nearby attraction such a the karpureshwar mandir a revered hindu temple dedicated to lord shiva the park tranquil environment provides a peaceful retreat for both local and tourist,Gandaki Province,"natural beauty,picnic spot"
1080,Kashitar Park and Picnic Spot,kashitar park and picnic spot is a recreational area located in kashitar jiling nepal the park is open yearround 247 offering visitor a serene environment to relax and enjoy nature,Gandaki Province,"picnic spot,natural beauty"
1082,Kaskikot Kalika Temple,kaskikot kalika temple is a revered hindu shrine situated atop a hill in kaskikot a village in the kaski district of nepal the temple is dedicated to goddess kali a principal deity in hinduism visitor can reach the temple by hiking from pokhara approximately 18 kilometer away historical significance the area around the temple wa once a fort in the 15th century often referred to a the kaskikot palace remnant of this fort including rampart still exist near the larger kalika temple offering dramatic view of the annapurna mountain visiting the temple the hike to kaskikot kalika temple is a popular activity for both pilgrim and tourist the trail is largely undeveloped unpaved and unmarked providing a more authentic experience at the top of the ridge there are two lookout point one with a small shiva shrine and a larger lookout point with the kali temple to the west the temple offer panoramic view of the surrounding valley and mountain making it a serene spot for reflection and meditation,Gandaki Province,"hindu temple pilgrimage,historical"
1083,Kaskikot Palace,kaskikot palace is a historic landmark situated in the serene hill of kaskikot nepal offering panoramic view of the surrounding landscape once the residence of the local king the palace stand a a testament to nepal royal heritage and architectural prowesshistorical significance before the unification of nepal the region wa divided into several small principality kaskikot wa one of these ruled by kulmandan shah his descendant drabya shah later established the kingdom of gorkha marking the beginning of the legendary gorkha warrior visiting the palace the palace is accessible via a hike from pokhara approximately 18 kilometer away the trail lead to stone ruin and a shrine offering hiker a glimpse into the area rich history the hike provides stunning view of the annapurna mountain range and the pokhara valley,Gandaki Province,"historical,cultural"
1084,Kasthamandap,kasthamandap is a historic threestory pagodastyle structure located in kathmandu durbar square nepal the name kasthamandap translates to woodcovered shelter reflecting it original construction from a single tree it is believed to have been built in the 7th century during the lichhavi era though some source suggest it wa constructed in the 12th century historical significance kasthamandap is not only an architectural marvel but also hold cultural importance it is said to have been built by lila vajra and there is a shrine consecrated to gorakshanath situated at maru kathmandu 2015 nepal earthquake and reconstruction on april 25 2015 kasthamandap wa severely damaged and collapsed due to the devastating earthquake subsequent excavation revealed that the original structure wa built in the 7th century the reconstruction effort aimed to restore it historical and cultural significance and the temple wa reopened to the public after extensive restoration work visiting kasthamandap kasthamandap is situated in the heart of kathmandu durbar square a unesco world heritage site visitor can explore the surrounding area which is rich in historical monument temple and palace the square offer a glimpse into nepal royal history and architectural heritage,Bagmati Province,"temple,historical,cultural landmark"
1085,Kathekhola -05 Gausara,kathekhola05 gausara is a ward within the kathekhola rural municipality in baglung district gandaki province nepal kathekhola rural municipality established in 2017 comprises eight ward with gausara being one of them gausara is known for it picturesque landscape including rolling hill terraced field and traditional nepali architecture the area offer a glimpse into rural life in nepal with opportunity to experience local custom agriculture and community activity,Gandaki Province,"historic site,natural beauty"
1086,Kathmandu Art House,kathmandu art house kah is a vibrant center dedicated to nepalese contemporary and paubha art located in the heart of kathmandu thamel district it serf a a hub for artist collector and art enthusiast offering a space to engage with local artist and explore a diverse range of artwork facility and offering studio and gallery kah house multiple studio and gallery providing artist with dedicated space to create and exhibit their work visitor can explore a variety of art form including painting sculpture and mixedmedia piece art supply store the center feature an art supply store catering to the need of both professional artist and hobbyist this convenience allows artist to access quality material onsite event and exhibition kah regularly host event exhibition and workshop fostering a dynamic art community these event provide platform for artist to showcase their work and for visitor to engage with the local art scene visiting information location kathmandu art house is situated in thamel kathmandu nepal operating hour the center is open daily from 1000 am to 600 pm offering free entry to all visitor,Bagmati Province,"art gallery,cultural,arts and entertainment"
1087,Kathmandu Durbar Square,kathmandu durbar square also known a hanuman dhoka durbar square is a historic and cultural landmark located in the heart of kathmandu nepal it served a the royal palace complex for the malla king and later the shah dynasty making it a significant site in nepalese historyhistorical significance the square ha been the center of kathmandu political and cultural life for century it wa the site where king were crowned and legitimized and from where they ruled architectural highlight hanuman dhoka palace complex this complex includes several courtyard and temple showcasing traditional newar architecture notable structure within the complex include the taleju temple and the kumari bahal the residence of the living goddess kumari temple and shrine the square is home to numerous temple including the jagannath temple the mahadev temple and the vishnu temple each adorned with intricate carving and sculpture cultural significance kathmandu durbar square is a unesco world heritage site recognized for it exceptional concentration of monument and building it exemplifies the fusion of hinduism buddhism and tantrism and remains central to the city today visitor information location kathmandu durbar square is situated in the heart of kathmandu nepal operating hour the square is open to visitor daily please note that there is an entrance fee for foreign visitor access the square is accessible by foot from various part of kathmandu it is recommended to hire a local guide to fully appreciate the historical and cultural significance of the site,Bagmati Province,"temple,historical,cultural landmark"
1088,Kathmandu Fun Park,kathmandu fun park is a prominent amusement park located in the heart of kathmandu nepal it offer a variety of ride and attraction suitable for all age making it a popular destination for both local and tourist attraction and activity ride the park feature numerous ride including a ferris wheel columbus train tower game and a dragon coaster these attraction cater to different age group ensuring fun for everyone additional amenity visitor can enjoy food court horse riding and a horror house the park is also beautifully landscaped with evergreen tree and flower providing a pleasant environment for family,Bagmati Province,"amusement park,family tour spot"
1092,Katyayani Mandir,religious site katyayani temple located in old baneshwar kathmandu is a significant hindu temple dedicated to goddess katyayani a form of durga this temple is revered for it spiritual importance and attracts numerous devotee goddess katyayani is worshipped a a fierce form of shakti known for slaying the buffalo demon mahishasura she is considered the sixth among the navadurga the nine form of durga worshipped during the festival of navaratri the temple feature traditional nepali architectural element and provides a serene environment for worship and meditation the temple serf a a center for various religious activity and ritual especially during festival like navaratri when many devotee visit to seek blessing katyayani temple is open daily allowing devotee to make offering and participate in prayer throughout the year situated in old baneshwar it is easily accessible for both local and tourist visiting kathmandu overall katyayani temple hold a prominent place in the spiritual landscape of kathmandu embodying the rich tradition of hindu worship and community engagement,Bagmati Province,"hindu temple,religious shrine"
1093,Kaude Lek,kaude lek is a scenic hilltop located in the palpa district of nepal near the town of tansen situated at an elevation of approximately 1500 meter 4920 foot it offer panoramic view of the surrounding landscape including the madi valley tansen satyawati and butwal attraction and activity hiking the journey to kaude lek involves a moderate hike typically taking 30 to 45 minute from the base the trail is wellmarked and pass through lush forest and traditional village providing hiker with a glimpse into local life photography the hilltop vantage point is ideal for capturing the natural beauty of the region especially during sunrise and sunset cultural exploration visitor can explore nearby village to experience the local culture architecture and cuisine access and transportation to reach kaude lek traveler typically start from tansen which is accessible by road from major city like butwal and pokhara from tansen local transportation option such a jeep or bus can be used to reach the trailhead it advisable to check the current road condition and transportation schedule before planning your visit,Lumbini Province,"hiking,natural beauty,sightseeing"
1096,Kavre Roshi Rural Municipality,roshi is a rural municipality located in the kavrepalanchowk district of bagmati province nepal established on march 10 2017 through the restructuring of local body roshi encompasses an area of 176 square kilometer and comprises 12 ward a of the 2011 nepal census it had a population of 28746 geography and demographic roshi is situated approximately 27 kilometer east of kathmandu the capital city of nepal the municipality is predominantly inhabited by the tamang ethnic group who speak the tamang language other community include magar chhetri brahmin newar and thakuri the area is characterized by it lush green landscape rolling hill and traditional tamang village attraction and activity tindhara waterfall located in the atrauli area of roshi tindhara waterfall is a popular destination for both local and tourist the waterfall is accessible via a short hike and offer a serene environment for relaxation and picnic cultural exploration visitor can immerse themselves in the rich tamang culture by exploring local village participating in traditional festival and experiencing the unique custom and lifestyle of the community,Bagmati Province,"natural beauty,village,cultural exploration"
1098,Kawasoti Skate Park,kawasoti skate park is a vibrant recreational facility located in kawasoti nawalpur district nepal established to provide a safe and engaging environment for skateboarding enthusiast the park ha become a central hub for the local skateboarding community location and accessibility the skate park is situated approximately 100 meter north of saphapati chowk near the dragon fruit intersection this central location make it easily accessible to both local and visitor facility and feature skateboarding area the park offer a variety of ramp rail and obstacle suitable for skater of all skill level community engagement kawasoti skate park serf a a gathering place for skateboarder fostering a sense of community and providing opportunity for skill development and social interaction,Gandaki Province,"amusement park,recreation,sports hub"
1103,Pokhari Bazar (Khandbari),pokhari bazar is a notable area within khandbari the district headquarters of sankhuwasabha in eastern nepal khandbari is situated at an elevation of approximately 1000 meter above sea level offering a cool climate and scenic view of the surrounding hill key feature of pokhari bazar pokhari park a central attraction in pokhari bazar is pokhari park a serene spot ideal for relaxation and community gathering the park feature a pond and is a popular place for both local and visitor haat bazar pokhari bazar host a traditional openair market known a the haat bazar this market operates on specific day and is a vibrant hub where local trade good including fresh produce handicraft and textile cultural significance the area is rich in cultural heritage with various festival and event celebrated throughout the year these event offer insight into the local tradition and lifestyle of the inhabitant,Koshi Province,"art gallery,cultural,village life exploration"
1105,Khadim Khadra Bridge,the khadim khadra bridge is a notable structure located in biratnagar nepal situated at coordinate c66x9r9 biratnagar 56613 nepal this bridge serf a a significant landmark in the area key feature cycling destination the bridge is renowned a a popular spot for cycling enthusiast in biratnagar it surroundings offer a scenic route making it a favored location for both local and visitor visitor review the bridge ha received positive feedback from visitor with a rating of 48 out of 5 based on 6 review one reviewer highlighted it a a great place to cycle around biratnagar,Koshi Province,"trek,cycling,landmark"
1106,Khadkawar Picnic Spot,khadkawar picnic spot is a popular destination in nepal known for it natural beauty and serene environment making it an ideal location for picnic and relaxation key feature scenic beauty the area offer picturesque landscape including lush greenery and tranquil surroundings perfect for outdoor activity and family gathering accessibility khadkawar is easily accessible from major city making it a convenient choice for a day trip activity visitor can enjoy various activity such a hiking nature walk and photography taking in the scenic view and natural beauty of the area,Lumbini Province,"picnic,natural beauty,hiking"
1108,Khalanga Gumba,khalanga gumba is a buddhist monastery located in khalanga the district headquarters of jumla district in western nepal situated in the town of khalanga jumla the monastery offer a serene environment for meditation and spiritual practice key feature location khalanga gumba is located in khalanga jumla district nepal significance the monastery serf a a spiritual center for the local community and visitor providing a peaceful setting for meditation and reflection architecture the monastery feature traditional buddhist architecture including intricately designed prayer hall and stupa visiting information accessibility jumla is accessible by air from kathmandu with flight operated by domestic airline from the airport local transportation option are available to reach khalanga gumba best time to visit the ideal time to visit is during the dry season from october to april to enjoy clear weather and scenic view,Karnali Province,"buddhist monastery,tourist attraction"
1113,Khani Khola Bridge,chitre is a village located in the kavrepalanchok district of bagmati province nepal it fall under the jurisdiction of the khanikhola rural municipality which wa established on march 10 2017 by merging several village development committee vdcs geographical location chitre is situated approximately 125 kilometer east of kathmandu the capital city of nepal the village is accessible via the khanikholagalchhi road which connects to the prithvi highway at malekhu this road network facilitates transportation to and from chitre linking it to other part of the district and the countrycultural significance chitre along with the rest of khanikhola rural municipality is known for it rich cultural heritage including traditional tamang custom festival and practice the area offer opportunity for ecotourism including trekking and exploring local tradition,Bagmati Province,"tourist attraction,cultural significance"
1125,Khiun Pokhari,khiun pokhari is a serene lake situated in the solukhumbu district of nepal approximately 50 kilometer south of mount everest at an elevation of 2400 meter the village of khiraule known for it sherpa community is located near this lake key feature monastery khiun pokhari is home to the ngonga thyakchhyok chhyoling monastery also known a khiraule monastery or chambaling monastery this monastery serf a a spiritual center for the local sherpa community stupa in 2019 a 45foot tall stupa named chyang chub chorten wa constructed in khiraule consecrated in 2020 this stupa symbolizes buddha enlightenment under the bodhi tree in bodh gaya,Koshi Province,"park,natural beauty,buddhist monastery"
1126,Khojpur Babaji Kuti Kabir Temple,the khojpur babaji kuti kabir temple is a revered spiritual site located in the khojpur area of nepal this temple is dedicated to kabir a 15thcentury indian mystic poet and saint whose teaching have significantly influenced the bhakti movement in south asia key feature historical significance kabirs teaching emphasize devotion to a formless god transcending religious boundary the khojpur babaji kuti kabir temple serf a a center for his follower to gather meditate and engage in spiritual practice architecture the temple architecture reflects traditional nepali design element featuring intricate woodwork and carving that depict scene from kabirs life and teaching community activity the temple host regular satsangs spiritual gathering kirtans devotional singing and other cultural event that promote communal harmony and spiritual growth,Koshi Province,"hindu temple,cultural significance"
1127,Khopra Trek Nepal,the khopra ridge trek is a captivating journey in nepal annapurna region offering trekker panoramic view of the himalaya cultural immersion in traditional village and a lesscrowded alternative to the popular annapurna base camp trek highlight of the khopra ridge trek scenic view the trek provides stunning vista of peak such a dhaulagiri annapurna nilgiri tukuche peak and machapuchare cultural experience traverse through traditional gurung and magar village experiencing the rich cultural heritage and hospitality of the local community khayar lake an optional extension of the trek lead to khayar lake situated at an altitude of approximately 4650 meter offering a serene alpine experience trek overview duration typically range from 5 to 8 day depending on the chosen itinerary and pace difficulty moderate to challenging with significant altitude gain and loss prior trekking experience and good physical fitness are recommended best time to trek the ideal season are spring march to may and autumn september to november offering clear sky and moderate temperature,Bagmati Province,"trekking,natural beauty,cultural experience"
1130,Simpani Gairee,simpani is a village located in the khotang district of eastern nepal formerly a village development committee vdc it is now part of the khotehang rural municipality a of the 2008 record simpani had a population of 5713 resident geographical location simpani is situated in the sagarmatha zone within the khotang district the area is characterized by a subtropical highland climate featuring dry winter community and culture the village is known for it vibrant community life with resident actively participating in various cultural and social event for instance a musical event wa recently held in simpani showcasing the local talent and community spirit infrastructure and development simpani ha been involved in various development project including small irrigation initiative aimed at improving agricultural productivity one such project is the simpani muhan bhumedada sichai yojana which focus on enhancing irrigation facility in the area transportation the village is accessible via road network connecting to major highway facilitating travel to and from the region,Sudurpashchim Province,"hindu temple,cultural significance,village life"
1131,Khukuri House Gallery,he khukuri house gallery is a specialized museum and showroom dedicated to preserving and showcasing the rich history and craftsmanship of the khukuri the traditional knife of the gurkha established on september 18 2019 by the khukuri house khhi nepal the gallery serf a a conservation campaign to educate the public about the significance development and history of the khukuri location the gallery is located in kathmandu nepal within the premise of the khukuri house feature special room display original antique khukuri from various historical period including cross khukuri in various size this room also feature a donor wall and a tv for documentary subject room focus on the evolution and significance of the khukuri providing indepth information about it history and cultural importance sale room offer a selection of khukuri and related product for purchase allowing visitor to acquire authentic piece,Bagmati Province,"museum,historical significance,cultural landmark"
1133,Khungai Nepal,khungai is a locality situated in the lumbini province of nepal specifically within the lumbini sanskritik municipality this area is renowned for it rich cultural heritage and historical significance visitor to khungai can explore various attraction including traditional architecture local craft and vibrant festival that showcase the region diverse tradition getting there to reach khungai from lumbini follow siddhartha highway also known a lumbini road east towards butwal after approximately 15 kilometer youll encounter a junction at bhairahawa from there continue for about 5 kilometer into lumbini sanskritik municipality to arrive at khungai local highlight cultural experience engage with local artisan to observe traditional craft and participate in community festival that reflect the area cultural vibrancy culinary delight savor authentic nepali cuisine at local eatery offering a taste of the region flavor natural beauty enjoy the serene landscape ideal for leisurely walk and photography capturing the essence of rural nepal,Lumbini Province,"historic site,cultural exploration,natural beauty"
1134,Khurkot Picnic Spot & Children's Park,khurkot picnic spot childrens park is a popular recreational area located in khurkot sindhuli district nepal situated approximately 150 kilometer southeast of kathmandu it serf a an ideal destination for family and traveler seeking a serene environment to relax and enjoy nature feature and attraction picnic facility the park offer wellmaintained picnic spot equipped with seating arrangement making it suitable for gathering and family outing childrens playground a dedicated play area is available for child featuring various play equipment to keep them entertained natural beauty the area is surrounded by lush greenery and scenic landscape providing a peaceful retreat from urban life,Bagmati Province,"picnic spot,recreation,natural beauty"
1135,Khusibu Children Park,khusibu child park is a recreational area located in the khusibu neighborhood of kathmandu nepal situated near riverfield futsal and carina international academy higher secondary school the park offer a serene environment for both child and adult feature playground the park feature a wellmaintained playground equipped with various play structure making it an ideal spot for child to engage in physical activity walking path designed with walking path the park provides a peaceful setting for morning and evening walk open hour the park open at 500 am and close at 800 am then reopens at 500 pm and close at 700 pm it is free to access during these hour,Bagmati Province,"park,recreation,family spot"
1136,Khusibu Masjid Nayabazar,khusibu masjid is a mosque located in the khusibu area of nayabazar kathmandu nepal it serf a a place of worship and community gathering for local resident feature location situated in the khusibu neighborhood of nayabazar the mosque is easily accessible to the local community facility the mosque provides facility for daily prayer including a prayer hall and ablution area community role beyond serving a a place of worship khusibu masjid play a significant role in community activity hosting event and educational program for local resident visitor information address khusibu nayabazar kathmandu nepal contact for inquiry you can reach out to the mosque through local community channel or visit during prayer time prayer time the mosque observes the five daily prayer specific prayer time can vary so it advisable to check locally or visit the mosque for the most accurate schedule,Bagmati Province,"mosque,religious site,cultural landmark"
1137,Khuwalung,scenic view khuwalung is a large rock in the middle of the arun river a few meter above the confluence of the arun and tamor river at triveni bordering dhankuta udaipur and bhojpur khuwalung is the center of religious and cultural faith of the entire kirat communitythe water of saptakoshi flow eastwest in this place and the river tamor come from the northkhuwalung is a place associated with the primitive civilization of kiranti engineer are warning that the government s attempt to destroy this area which is mentioned in the kirant scripture mundum and the ancestor went to different area from here is an attack on identity and faithaccording to mundum folklore the ancestor of the kirant community are believed to have been divided from the khuwalung area according to mundum scholar many group have repeatedly crossed khuwalung and after crossing khuwalung the kirantis have found their waykhuwalung wa closed when the kiranti ancestor crossed it the first group sacrificed jureli bird to open khuwalungafter the bird s blood wa spilled khuwalung opened and the first group crossed the river soon after the second group arrived and after inflicting blood on khuwalung by slightly injuring his own disciple s finger khuwalung is believed to be open forever and they too are believed to have crossed the koshi and climbed the hill,Koshi Province,"cultural significance,religious landmark,natural beauty"
1138,KI Singh 4 Wayal Shiva Temple,ki singh 4 wayal is a locality within the ki singh rural municipality in doti district sudurpashchim province nepal this area is known for it cultural significance and natural beauty shiva temple in ki singh 4 wayal the shiva temple in ki singh 4 wayal is a revered site for local resident and visitor dedicated to lord shiva the temple serf a a center for religious activity and community gathering feature religious significance the temple is a focal point for hindu worship especially during festival like maha shivaratri attracting devotee from surrounding area architecture the temple showcase traditional nepali architecture with intricate carving and a serene ambiance that reflects the spiritual heritage of the region community role beyond it religious function the temple play a vital role in community cohesion hosting event and serving a a gathering place for local,Sudurpashchim Province,"hindu temple,religious site,cultural landmark"
1140,King Birendra Circle Statue,the king birendra circle statue is a prominent monument located in kathmandu nepal dedicated to the late king birendra bir bikram shah dev king birendra who reigned from 1972 to 2001 is remembered for his contribution to nepal development and his advocacy for peace key feature location the statue is situated at a significant intersection in kathmandu serving a a central point for traffic and public gathering design the monument feature a lifesized bronze statue of king birendra depicted in a dignified pose the base of the statue is inscribed with inscription honoring his legacy significance this statue stand a a tribute to king birendras leadership and his role in nepal history it is a site for public remembrance and reflection especially on the anniversary of his passing visitor information access the statue is accessible to the public and is often visited by local and tourist alike event commemorative event are held at the statue on significant date such a the anniversary of king birendras passing where people gather to pay respect,Bagmati Province,"monument,historical significance,cultural landmark"
1141,King Janak Monument,the king janak monument is a significant landmark located in janakpur nepal dedicated to king janak the father of goddess sita from the hindu epic ramayana this monument honor his wisdom and benevolence reflecting the rich cultural heritage of the region evendo key feature location situated in janakpur approximately 22 kilometer east of the capital kathmandu design the monument feature a lifesized bronze statue of king janak depicted in a dignified pose the base of the statue is inscribed with inscription honoring his legacy significance this statue stand a a tribute to king janaks leadership and his role in nepal history it is a site for public remembrance and reflection especially on the anniversary of his passing visitor information access the monument is accessible to the public and is often visited by local and tourist alike event commemorative event are held at the statue on significant date such a the anniversary of king janaks passing where people gather to pay respect,Madhesh Province,"monument,historical significance,cultural landmark"
1142,King Prithvi Narayan Shah Statue,the king prithvi narayan shah statue is a prominent monument located in kathmandu nepal dedicated to king prithvi narayan shah the first king of unified nepal this statue stand a a tribute to his leadership and vision in unifying the various small kingdom into a single nation key feature location the statue is situated in front of the west gate to singha durbar a significant administrative building in kathmandu myrepublica design the monument feature a lifesized bronze statue of king prithvi narayan shah depicted in a dignified pose the base of the statue is inscribed with inscription honoring his legacy significance this statue stand a a tribute to king prithvi narayan shah leadership and his role in nepal history it is a site for public remembrance and reflection especially on the anniversary of his passing visitor information access the statue is accessible to the public and is often visited by local and tourist alike event commemorative event are held at the statue on significant date such a the anniversary of king prithvi narayan shah passing where people gather to pay respect,Koshi Province,"monument,historical significance,cultural landmark"
1145,Kirnekharka Tower,kirnekharka is a locality situated in the humla district of sudurpashchim province nepal it is known for it natural beauty and serf a a significant site for telecommunication infrastructure key feature location kirnekharka is located in the humla district which is part of the sudurpashchim province in nepal telecommunication infrastructure the area host a tower installed by nepal telecom indicating it role in enhancing communication service in the region bolpatra visitor information access the area can be reached via local road from the district headquarters simkot best time to visit the region is accessible yearround with the monsoon season june to september being less favorable due to heavy rainfall,Karnali Province,"hike,natural beauty,landmark"
1146,Kisunpur Mosque,the kisunpur mosque is a significant religious site located in the simraungadh area of rautahat district province no 2 nepal it serf a a central place of worship for the local muslim community key feature location situated in simraungadh rautahat district the mosque is accessible via local road connecting to the district headquarters facility the mosque is open yearround operating 247 and offer facility for daily prayer including the five daily salah tripcom community role beyond it religious function the mosque play a vital role in community cohesion hosting event and serving a a gathering place for local visitor information access the mosque is accessible by local road and visitor can reach it via public transportation or private vehicle from the district headquarters best time to visit while the mosque is open yearround visiting during major islamic festival offer a unique cultural experience,Madhesh Province,"mosque,religious site,cultural landmark"
1147,Kiul Dunamis Church,kiul dunamis church is a christian place of worship located in the helambu region of nepal it is part of the dunamis international gospel centre a global christian organization headquartered in abuja nigeria led by dr paul and dr becky enenche wikipedia key feature location situated on helambu road in helambu nepal facility the church is open 24 hour providing a space for worship prayer and community gathering instagram community role beyond it religious function the church play a vital role in community cohesion hosting event and serving a a gathering place for local visitor information access the church is accessible via local road and visitor can reach it via public transportation or private vehicle from the nearby area best time to visit while the church is open yearround visiting during major christian festival offer a unique cultural experience,Bagmati Province,"church,cultural significance,religious site"
1148,Kohalpur Chowk,kohalpur chowk is a prominent intersection located in kohalpur municipality banke district lumbini province nepal this bustling roundabout serf a a central hub connecting various region including surkhet bardiya and nepalgunj key feature strategic location situated on the eastwest highway kohalpur chowk is a vital junction facilitating travel to multiple destination commercial hub the area is surrounded by a variety of shop cafe and local vendor offering a glimpse into the daily life of the local transportation center a a major intersection it play a crucial role in the region transportation network connecting different part of the country visitor information access kohalpur chowk is accessible via local road and visitor can reach it via public transportation or private vehicle from the district headquarters best time to visit while the area is open yearround visiting during major festival offer a unique cultural experience,Lumbini Province,"tourist attraction,cultural hub,landmark"
1149,Kohalpur Community Church,kohalpur community church is a christian place of worship located in kohalpur banke district lumbini province nepal it serf a a spiritual center for the local community offering service fellowship and various program key feature location situated on ntv road in kohalpur the church is easily accessible to resident and visitor service and program the church conduct regular worship service youth fellowship and community event for instance a youth fellowship event wa held in 2017 featuring the song bolnuhos j bolna chahanuhunxa performed by the church youth group youtube community engagement kohalpur community church actively participates in community development and outreach program aiming to make a positive impact in the region,Lumbini Province,"church,religious site,cultural significance"
1151,Koilabas Sky Cycling,koilabas located in gadhwa rural municipality8 of dang district nepal ha introduced an exhilarating adventure activity known a sky cycling this attraction allows thrillseekers to pedal across a suspended cable offering panoramic view of the surrounding landscape sky cycling in koilabas ha garnered attention on various social medium platform with enthusiast sharing their experienceswhile specific detail about the operational aspect such a pricing and safety measure are limited the activity is gaining popularity among both local and tourist seeking unique adventure experience in nepal for those interested in visiting koilabas is accessible via road and the sky cycling facility is situated near the nepalindia border making it a convenient destination for traveler from both country,Lumbini Province,"hike,adventure,natural beauty"
1153,Kokhe Danda,kokhe danda situated at an elevation of 3303 meter stand a the highest point in nepal parbat district located just 34 kilometer from pokhara it offer trekker panoramic view of the dhaulagiri annapurna manaslu and langtang mountain rangesthe trek to kokhe danda is a hidden gem providing a serene alternative to more crowded trail like poon hill the journey typically span five day beginning with a drive from pokhara to kushma followed by a trek through charming village and lush forest the route culminates at the summit where trekker can enjoy breathtaking sunrise view over the himalaya for those interested in a shorter trek a threeday itinerary is available focusing on the ascent to kokhe danda and return this condensed version allows trekker to experience the highlight of the region without an extended commitmenthe trek is considered moderate in difficulty making it accessible to most trekker with a reasonable level of fitness the best time to undertake the kokhe danda trek are during the spring march to may and autumn september to december season when the weather is clear and the trail are in optimal condition,Gandaki Province,"trekking,natural beauty,mountain views"
1158,Konjyosom Pratima,konjyosom pratima located in bhardev southern lalitpur nepal is a serene park dedicated to lord gautam buddha the park feature a prominent buddha statue offering visitor a tranquil environment for reflection and relaxationthe area is also known for the konjyosom waterfall which can be reached via a scenic hike that pass through the park this journey provides an opportunity to experience the natural beauty of the regionfor those interested in visiting konjyosom pratima is accessible from the kathmandu valley making it a convenient destination for a day trip the park peaceful ambiance and the surrounding natural landscape make it a worthwhile spot for both local and tourist seeking a respite from the city hustle,Bagmati Province,"tourist attraction,natural beauty,Buddha statue"
1159,Kopan Monastery,religious site kopan monastery nestled near boudhanath on the outskirt of kathmandu nepal is a haven for tibetan buddhist study and practice founded in 1969 by lama thubten yeshe and lama thubten zopa rinpoche kopan ha garnered international acclaim for it dedication to teaching buddhism to westerner more than just a monastery kopan ha blossomed into a complex encompassing two distinct institution the kopan monastery atop kopan hill and the nearby khachoe ghakyil ling nunnery established in 1979 to empower woman with spiritual and practical education modelled after the monk program the nunnery remarkable growth from 4 nun to 400 in under 35 year is a testament to it dedication and the generosity of supporter who utilize platform like gofundme to fuel it expansion beyond it educational pursuit kopan monastery ha become a vibrant community hub welcoming hundred of visitor every saturday from 10 am to 4 pm while closed to the public on weekday these designated hour offer kathmandu resident and tourist alike a chance to immerse themselves in the monastery serene atmosphere participate in guided meditation and soak in the wisdom dispensed by resident monk and teacher kopan monastery stand a a beacon of buddhist scholarship and spiritual practice attracting both dedicated student and curious traveler seeking a glimpse into the rich tapestry of tibetan buddhist culture,Bagmati Province,"buddhist monastery,historic site,religious site"
1160,Kori Hill,kori hill situated at an elevation of approximately 3800 meter in nepal annapurna region is a relatively undiscovered trekking destination the trek to kori hill offer trekker a chance to experience the serene beauty of the himalaya including view of mount annapurna ii machhapuchhre fishtail and manaslu himal the journey unfolds through spectacular landscape serene eco trail dense rhododendron forest and challenging ascentsthe route is known for it lush green pasture especially vibrant during the monsoon season making it a haven for cattle from nearby village along the way trekker can encounter various waterfall and stream enhancing the natural allure of the path accommodation along the trek is typically in basic teahouse providing an authentic experience of local hospitality the trek is considered moderate in difficulty suitable for both seasoned trekker and those seeking a less crowded alternative to more popular route,Gandaki Province,"trekking,natural beauty,mountain views"
1161,Koshi Tappu Wildlife Reserve,koshi tappu wildlife reserve located in the eastern region of nepal is a renowned sanctuary for wildlife enthusiast and bird watcher established in 1976 the reserve span approximately 175 square kilometer and is situated along the sapta koshi river which is the largest river in nepal the area is characterized by it diverse ecosystem including grassland wetland and riverine forest making it a haven for various specie the reserve is particularly famous for it rich avian population hosting over 500 specie of bird among these the endangered wild water buffalo and the gangetic dolphin are notable resident additionally the reserve is home to other wildlife such a deer wild boar and various reptile for visitor koshi tappu offer opportunity for bird watching wildlife photography and boat ride along the koshi river the best time to visit is during the dry season from october to march when migratory bird are abundant the reserve is accessible from the town of biratnagar which is wellconnected by road and air to other part of nepal,Koshi Province,"wildlife reserve,hiking,bird watching"
1165,Kranti Dwar,kranti dwar also known a the gate of revolution is a significant landmark located in gaur rautahat district nepal this monument commemorates the 2007 revolution against the autocratic rana regime symbolizing the nation struggle for democracy and freedom the gate stand a a testament to the resilience and determination of the nepali people during that pivotal period in history situated in the heart of gaur kranti dwar serf a a central point for both local and visitor it strategic location make it easily accessible and it often host various cultural and social event reflecting the vibrant community spirit of the area the monument design and architecture are reflective of the historical significance it hold making it a notable attraction for those interested in nepal revolutionary history for traveler planning a visit gaur offer a range of accommodation and amenity hotel such a the royal indu hotel provide comfortable lodging option near kranti dwar ensuring a convenient stay for visitor the hotel proximity to the monument allows guest to easily explore the area and immerse themselves in the local culture,Madhesh Province,"monument,historical significance,cultural landmark"
1168,Kripalu Udhyan,kripalu udhyan also known a kripalu garden is a spiritualthemed garden located in bankali near pashupatinath in kathmandu nepal the garden wa inaugurated on march 31 2023 by the honorable president of nepal bidya devi bhandari the garden is designed to promote spiritual wellbeing and offer a serene environment for visitor it ha hosted various event including international yoga day celebration organized by the divine youth club nepal,Bagmati Province,"park,recreation,natural beauty"
1169,Krishna Bahadur Malla Chwok,krishna bahadur malla chowk is a notable square located in the heart of kathmandu durbar square nepal this historic area is renowned for it rich cultural heritage and architectural splendor reflecting the grandeur of the malla dynasty at the center of krishna bahadur malla chowk stand the king malla column a significant monument that honor the malla king who once ruled the kathmandu valley this column is a testament to the artistic and architectural achievement of the malla period adjacent to the square is the krishna mandir krishna temple a masterpiece of malla architecture constructed in 1637 by king siddhi narasimha malla the temple is celebrated for it intricate wood carving and detailed relief depicting scene from the mahabharata and ramayana epic the temple design with it tiered structure and ornate decoration exemplifies the artistic excellence of the malla era,Karnali Province,"monument,historical significance,cultural landmark"
1176,Kulekhani III Picnic Spot,kulekhani iii picnic spot situated near the kulekhani dam in makwanpur district nepal is a popular destination for both local and tourist seeking a serene environment for relaxation and recreation the area is renowned for it picturesque landscape including the tranquil kulekhani lake which offer opportunity for boating and fishingactivities and attraction boating and fishing visitor can enjoy boating on the calm water of kulekhani lake with option for paddle boating and fishing the lake clear water and surrounding hill provide a peaceful backdrop for these activity hiking the region offer several hiking trail including route to nearby village like chitlang known for it organic farming and newar culture the chitlang kulekhani hike is a popular choice providing scenic view of the valley and an opportunity to experience local tradition picnicking the kulekhani iii picnic spot is equipped with facility suitable for picnic making it an ideal location for family outing and group gathering the serene environment and natural beauty enhance the picnic experience,Bagmati Province,"picnic spot,natural beauty,recreation area"
1177,Kulpani Park,kulpani park situated in badahara within gadhawa rural municipality1 of dang district nepal ha transformed into a notable tourist destination the park is renowned for it lush greenery serene environment and various attraction that draw both local and visitor key feature sculpture and art installation the park feature sculpture of animal such a tiger deer and peacock enhancing it aesthetic appeal these artistic addition have become popular spot for photography and leisure wooden view tower a wooden view tower is under construction offering panoramic view of the surrounding landscape once completed it is expected to be a major attraction for visitor recreational activity the park provides a tranquil setting for picnic nature walk and relaxation making it an ideal spot for family outing and group gathering,Lumbini Province,"picnic spot,natural beauty,recreation area"
1179,Kumakh Hill,kumakh hill situated at an elevation of approximately 2520 meter above sea level is a prominent natural and religious site in salyan district nepal it serf a a significant destination for both pilgrim and tourist offering panoramic view of the surrounding landscape key feature siddha temple at the summit of kumakh hill lie the siddha temple a revered site for devotee the temple is particularly significant during the kojagrat purnima a full moon day when a fair is held attracting numerous visitor cave the hill is home to several cave with the siddha cave being notably beautiful these cave are not only natural attraction but also hold religious importance with devotee often visiting to worship panoramic view from the top of kumakh hill one can observe view of 15 district including nearby village various terrain of the terai and prominent hill such a sisne dhaulagiri chakhura kumakh hill chakhure hill digre and bhagwati temple cultural significance the fair held during kojagrat purnima is a vibrant event where traditional dance like bangadi tappa sorthi passeri dohori and serenge are performed reflecting the rich folk culture of the local community visiting information accessibility kumakh hill is accessible by an eighthour trek from the district headquarters of salyan khalanga best time to visit the ideal time to visit is during the dry season from october to april when the weather is pleasant and the hill is in full bloom,Karnali Province,"trekking,natural beauty,religious site"
1182,Kumari Chaur Park,kumari chaur park is a serene oasis nestled in the heart of kathmandu bustling boudhha area this wellmaintained park offer a tranquil retreat from the city hustle and bustle featuring lush greenery blooming flower and the soothing sound of chirping bird it an ideal spot for picnic leisurely walk or simply unwinding with a good book family often frequent the park where child can play freely in the open space the park layout encourages exploration allowing visitor to discover it various nook and cranny including serene bench perfect for meditation or enjoying the peaceful environment in addition to it natural beauty kumari chaur park showcase the rich culture of kathmandu visitor may encounter local artisan performer and occasional cultural event that celebrate the tradition of nepal whether youre looking to take a leisurely stroll enjoy a quiet moment of reflection or engage with the local community kumari chaur park offer a unique and enriching experience that appeal to both tourist and local alike covered with bush need to be maintained good small park to hang out park with tree good view small ground for kid and others great place to worship goddess kumari ðÿ™ ðÿ™ ðÿ™ â€¦ it a nice place to chill beautiful place,Bagmati Province,"park,natural beauty,recreation area"
1183,Kumari Ghar,kumari ghar also known a the kumari temple is a historic palace located in kathmandu durbar square nepal constructed in 1757 by king jaya prakash malla this threestory building exemplifies traditional newar architecture featuring intricate wood carving of deity and various symbol it serf a the residence of the kumari the living goddess of kathmandu a revered figure in nepali culture visitor can observe the kumari during specific hour typically between 911 am and 46 pm from a window on the building first floor the kumari ghar is situated near the southern entrance of durbar square making it a significant cultural and architectural landmark in kathmandu,Bagmati Province,"historic site,cultural landmark,hindu temple"
1184,Kumari Gift & Art Gallery,kumari gift art gallery located in kathmandu maru ganeshsthan area offer a diverse selection of item including accessory gift item poster sticker hookah and vape product soft doll birthday item face mask muffler glove watch wallet and lighter the gallery operates daily from 700 am to 900 pm for inquiry or purchase you can contact them at 9841051818 or 9841509005 they also maintain an active presence on social medium platform like facebook and instagram where you can explore their offering and stay updated on new arrival whether youre seeking unique gift or artistic item kumari gift art gallery provides a variety of option to suit your preference,Bagmati Province,"art gallery,store,cultural hub"
1187,Kumrang Church,kumrang church is a christian place of worship located in nepal while specific detail about this church are limited it serf a a spiritual center for the local community offering various service and activity the church is known for it vibrant worship session and community event,Lumbini Province,"church,religious site,cultural significance"
1189,Kundol Bhagawati Temple,kundol bhagawati temple is a revered hindu temple situated in the kundi area of nepal dedicated to goddess bhagawati the temple hold significant cultural and religious importance for the local community the temple is known for it vibrant worship session and community event,Bagmati Province,"hindu temple,religious shrine,cultural landmark"
1193,Kushma Art Project,the kushma art project initiated by ramesh adhikari from kushma nepal is dedicated to preserving and promoting nepalese cultural tradition through community engagement the organization focus on conserving archaeological element that reflect the rich nepali history and support youth development by encouraging participation in extracurricular activity their mission includes safeguarding cultural belief and tradition passed down by ancestor a well a fostering the growth of young mind for a brighter future one of their key initiative is the transformation of shatabdi ghar a heritage home into a center for research literature art culture and tourism through this project they aim to connect the diverse cultural aspect of society and provide a platform for various artistic expression,Gandaki Province,"museum,cultural heritage,youth engagement"
1194,Kusma Hill View Point,kusma hill view point is a wellknown location located at 6mfmqj6 dauralaunga sadaka kaushamaa 33400 naepaala it is known for being a touristattraction it offer a variety of experience for visitor,Gandaki Province,"tourist attraction,natural beauty,hiking"
1196,Kuwa Khola Temple,kuwa khola temple is a hindu temple located in nepal dedicated to the worship of lord shiva it is considered one of the important religious site in the country the temple is situated in the sitalpati area with the address f57cwj4 sitalpati 56900 nepal,Koshi Province,"hindu temple,religious shrine,cultural significance"
1198,Kyabung,kyabung is a locality situated in the ilam district of koshi province eastern nepal located at an elevation of approximately 1294 meter above sea level it is part of the mechī zonethe area is known for it scenic landscape and is in proximity to the town of dhuseni in recent year the kyabung development foundation ha been actively working to enhance and develop the village focusing on social and infrastructural improvement,Koshi Province,"church,religious site,natural beauty"
1202,Lipe Hill,a scenic hill located in the region offering beautiful panoramic view of the surrounding landscape lipe hill is an ideal spot for nature lover trekker and those seeking peaceful outdoor experience the area is known for it serene environment and is popular for hiking and nature walk visitor often come here to enjoy the natural beauty and capture stunning photograph it is a perfect destination for those looking for a quiet escape from the city,Bagmati Province,"scenic spot,hiking,natural beauty"
1203,LOTUS THANKA ART HANDICRAFTS,a shop or studio that specializes in creating and selling traditional thangka painting and other handicraft lotus thanka art handicraft offer beautifully crafted artwork that depict religious spiritual and cultural theme these handmade piece often use traditional technique passed down through generation the store also provides a wide selection of other nepalese craft making it a popular destination for tourist and art enthusiast visitor can purchase unique souvenir or even learn about the process of creating thangka art,Bagmati Province,"museum,art gallery,store"
1206,Ladari Fun Park,a recreational park designed for family and child featuring a variety of fun activity and entertainment option ladari fun park offer ride game and outdoor activity that are ideal for a day out with friend or family the park is popular for it safe clean and enjoyable atmosphere providing fun experience for people of all age it may also have picnic area food stall and event space for celebration and gathering the park is a great spot to relax and enjoy leisure time while staying active,Bagmati Province,"park,recreation,picnic spot"
1211,Lakhan Thapa View Tower,a viewpoint or tower dedicated to providing panoramic view of the surrounding area lakhan thapa view tower is named after a local figure and the tower is an iconic landmark in the region visitor can enjoy unobstructed view of the landscape including mountain valley or nearby village it is a popular spot for photography sightseeing and nature walk the tower may also have facility for relaxation making it a great destination for both local and tourist,Karnali Province,"trek,natural beauty,sightseeing"
1212,"Lakheba, Thulopatal",a small area or locality known for it cultural or environmental significance lakheba located in thulopatal may offer a glimpse into the traditional lifestyle of the local community it is a peaceful place surrounded by nature making it ideal for those looking to explore rural nepal the area is possibly known for it religious landmark cultural practice and scenic beauty visitor can enjoy local hospitality and explore the natural surroundings during their visit,Karnali Province,"park,natural beauty,cultural significance"
1213,Lalbabu Majhi,a community or individual known for their contribution to the local culture or society lalbabu majhi may be a recognized figure in the region possibly for their leadership or social work this location could be associated with local history tradition or event it may also be a place for cultural gathering or public ceremony visitor to lalbabu majhi ’ s area might have the chance to learn about the significant impact made by this individual or community,Koshi Province,"cultural site,historical significance,museum"
1216,Laligurans Stamba,a landmark or structure related to the national flower of nepal the laligurans rhododendron laligurans stamba is a symbol of the region natural beauty and botanical diversity the area may feature a dedicated space for the cultivation or appreciation of this iconic flower it could be a point of interest for nature enthusiast horticulturist and visitor who appreciate the local flora the site may also promote environmental awareness and the importance of preserving native plant specie,Koshi Province,"historic site,natural beauty,biodiversity hotspot"
1217,Lalita & Lalit Bdr. Thapa Memorial Stadium,a sport stadium dedicated to the memory of lalita and lalit bdr thapa possibly named in honor of their contribution to the community or sport the stadium host local and regional sporting event offering a venue for athlete to compete and showcase their skill the venue may also feature community program youth training and social event it is an important cultural and recreational center for the area the stadium contributes to the promotion of sport and healthy living in the local community,Karnali Province,"monument,sports venue,cultural hub"
1220,Lalitpur Metro Park,a public park offering a range of outdoor activity and green space for relaxation and recreation lalitpur metro park is a popular spot for local to walk jog and spend time in nature the park may feature playground,Bagmati Province,"park,recreation,nature walk"
1221,Lalitpur-Makawanpur District Border,the border between lalitpur and makawanpur district representing the geographical boundary of these two region the area is important for local administrative purpose and serf a a connecting point between the district visitor can experience the blend of culture and tradition that define both region the boundary may also feature landmark or scenic view it is a point of interest for those traveling between lalitpur and makawanpur,Bagmati Province,"trek,hiking,cultural exploration"
1222,Lamahi Biodiversity Park,a biodiversity park located in lamahi known for it rich flora and fauna the park serf a a sanctuary for various specie of plant and animal promoting environmental conservation it is an ideal spot for nature lover birdwatchers and ecotourists the park feature walking trail picnic area and educational display about local ecosystem it is a great place to experience the natural beauty and biodiversity of the region,Lumbini Province,"park,wildlife conservation,nature trails"
1224,Lamahi View Tower,a tower offering stunning panoramic view of lamahi and it surrounding landscape the viewpoint is popular for photography sightseeing and nature walk from the tower visitor can enjoy vista of mountain river and valley it is a peaceful spot for relaxation and reflection the tower may also serve a a historical or cultural landmark in the region,Lumbini Province,"tourist attraction,natural beauty,sightseeing"
1225,Lamahi Hill Viewpoint,a scenic viewpoint located on a hill in lamahi providing breathtaking view of the surrounding area the viewpoint is a favorite among tourist and local for it tranquility and natural beauty it is an excellent spot for capturing photograph of the landscape especially at sunrise or sunset lamahi hill offer a peaceful retreat from the busy city life it is ideal for hiking birdwatching and enjoying the outdoors,Lumbini Province,"trekking,natural beauty,birdwatching"
1228,Lamgau Garden House,a scenic garden house located in lamgau offering a relaxing environment with beautiful landscaping the garden house is ideal for visitor who enjoy nature relaxation and horticulture it may feature various plant specie walking path and seating area for visitor to enjoy the outdoors the garden house is also a perfect spot for family outing and small gathering it provides a calm and peaceful setting for those looking to unwind,Gandaki Province,"park,natural beauty,recreation area"
1229,Lamichhane Kul Mandir & Cultural Museum,a cultural and religious site in lamichhane featuring a temple and a museum the kul mandir is dedicated to local deity and serf a a place of worship for the community the attached cultural museum display artifact artwork and exhibit related to the region ’ s history and tradition visitor can explore the rich cultural heritage of the area while also experiencing spiritual practice the site offer a blend of history culture and religion,Bagmati Province,"museum,hindu temple,cultural heritage"
1230,Lamidada Holy Church,a church located in lamidada dedicated to christian worship and community service the church offer regular service prayer meeting and spiritual activity for it congregation it is a gathering place for the local christian community where people come together to worship and connect with one another the church may also participate in community outreach and charity work lamidada holy church is a place of faith and fellowship for believer,Bagmati Province,"church,religious site,cultural significance"
1232,Lamjung Durbar,a historical palace or royal residence located in lamjung often associated with local ruler or significant figure in the region ’ s history lamjung durbar is an important cultural landmark representing the region ’ s royal past visitor can explore the palace ’ s architecture and learn about the history of the area ’ s monarchy it is a popular site for history enthusiast and tourist interested in nepalese royalty the palace ground may feature garden courtyard and artifact from the past,Gandaki Province,"historic site,cultural landmark,palace"
1233,Lamjung Gairi Church,a christian church located in lamjung offering worship service and community gathering for the local christian population the church is a place of religious importance where people come together to pray sing and participate in spiritual activity it is also involved in social program and outreach to the community lamjung gairi church play a key role in promoting faith and fellowship in the region visitor are welcome to attend service and learn about the church ’ s contribution to the local area,Gandaki Province,"church,religious site,cultural hub"
1234,Lamjung Pathibhara Temple,a revered hindu temple dedicated to the goddess pathibhara located in lamjung the temple is an important pilgrimage site for devotee who come to worship and seek blessing the site is known for it religious significance and historical importance visitor can explore the temple ’ s architecture and participate in ritual and ceremony lamjung pathibhara temple is a peaceful and spiritual place for those looking to connect with the divine,Koshi Province,"hindu temple,pilgrimage site,religious landmark"
1237,Lamki Buspark,a public transportation hub in lamki where bus arrive and depart to various destination lamki buspark is an important travel point for local and traveler passing through the region the buspark serf a a key connection for people heading to nearby town and city visitor can find bus schedule ticket counter and various amenity in the area it is a busy place where traveler can rest before continuing their journey,Sudurpashchim Province,"transportation hub,recreation area,busy landmark"
1238,Lamki Chuha Wada Partappur,a locality or neighborhood near lamki possibly known for it local activity or historical significance lamki chuha wada partappur is a place where people come together for community event or cultural celebration the area may also have agricultural significance or serve a a market for local product visitor can explore the traditional lifestyle and rural activity that define the region it is a great spot for those looking to experience rural nepal,Sudurpashchim Province,"tourist attraction,cultural exploration,rural lifestyle"
1240,Lampuja Rolpa,lampuja rolpa is a wellknown location located at to laiwaanga 22100 naepaala it offer a variety of experience for visitor lampuja rolpa is a wellknown location located at to laiwaanga 22100 naepaala it offer a variety of experience for visitor lampuja rolpa is a wellknown location located at to laiwaanga 22100 naepaala it offer a variety of experience for visitor lampuja rolpa is a wellknown location located at to laiwaanga 22100 naepaala it offer a variety of experience for visitor lampuja rolpa is a wellknown location located at to laiwaanga 22100 naepaala it offer a variety of experience for visitor lampuja rolpa is a wellknown location located at to laiwaanga 22100 naepaala it offer a variety of experience for visitor lampuja rolpa is a wellknown location located at to laiwaanga 22100 naepaala it offer a variety of experience for visitor lampuja rolpa is a wellknown location located at to laiwaanga 22100 naepaala it offer a variety of experience for visitor lampuja rolpa is a one of the famous place which is the border of sunilsmriti vdc and rolpa municipality a small area village on the road of liwang and mijhing rolpa district start from here no traffic full of nature near about satdobata liwang good nature and good village lovely place and lovely view good to see new village and new place lovely place and lovely village i love view of nepal lampuja rolpa is the one of the famous place which is located in rolpa nepal really nice place with managed roadway very good place very nice palace well a glimpse of galeng community forest seen from lampuzha rolpaðÿ˜ðÿ˜ðÿ˜â¤ï¸â¤ï¸ â€¦,Lumbini Province,"village,hiking,natural beauty,cultural site"
1242,"Landstar View, Panchkhal, Bhamarkot",a popular viewpoint located in panchkhal bhamarkot offering stunning panoramic view of surrounding mountain and valley known for it natural beauty it an ideal spot for photography especially during sunrise and sunset the area is perfect for short trek and nature walk a tranquil destination for outdoor enthusiast and nature lover visitor can enjoy the breathtaking landscape and peaceful atmosphere,Bagmati Province,"tourist attraction,natural beauty,viewpoint"
1243,Lane Nerubon Statue,a statue located in nerubon nepal representing a historical or religious figure the statue is an important landmark drawing visitor interested in local culture and history it hold cultural and artistic significance serving a a symbol of the area ’ s heritage visitor can explore the surrounding region and learn about the statue historical importance it is a key part of the community spiritual and artistic identity,Koshi Province,"monument,historical significance,cultural landmark"
1248,"Lapha, Pachal Jharana",a scenic location in kalikot nepal featuring the pachal jharana waterfall the area is ideal for trekking nature walk and photography with lush greenery and refreshing landscape visitor can enjoy the serene atmosphere of the waterfall and surrounding nature the region is rich in biodiversity making it an excellent spot for nature enthusiast kalikot ’ s rural charm add to it unique appeal,Karnali Province,"tourist attraction,natural beauty,waterfall"
1250,Lapis Thanka & Art Gallery Shop,a gallery and shop showcasing unique lapis lazuli artwork and traditional nepali thanka painting the gallery offer handpainted thankas sculpture and other artistic creation it is a hub for art enthusiast and collector providing insight into nepalese craftsmanship visitor can purchase exclusive art piece and learn about their cultural significance the gallery promotes traditional nepali art and local artisan,Bagmati Province,"museum,art gallery,cultural hub"
1253,Latihs Art & Decoration Gallery,a gallery featuring traditional and contemporary nepalese art including painting sculpture and handcrafted decoration latihs art decoration gallery provides a platform for local artisan and promotes nepalese craftsmanship visitor can admire unique work of art or purchase piece to take home the gallery is a mustvisit for art lover and collector it also contributes to the preservation and promotion of nepalese art tradition,Lumbini Province,"art gallery,cultural hub,tourist attraction"
1254,Laudasur Gufa,a cave located in laudasur known for it natural beauty and spiritual significance laudasur gufa is a destination for trekker and spiritual seeker offering a peaceful retreat the cave hold cultural and historical importance for the local community visitor can explore the unique cave formation and learn about it religious or historical relevance the site is surrounded by serene landscape enhancing it mystique,Bagmati Province,"historic site,cave,natural beauty"
1256,Laxmi Narayan Mandir,a hindu temple dedicated to lord narayan and goddess laxmi located in nepal the temple is a significant religious site for worshipper seeking blessing of prosperity and wealth it host regular prayer ritual and ceremony the temple is a symbol of spiritual devotion and community gathering visitor can learn about local custom and participate in religious activity,Bagmati Province,"hindu temple,pilgrimage site,religious landmark"
1258,Laxmi Temple Geruwaha - 01,a hindu temple dedicated to goddess laxmi situated in the geruwaha area of nepal revered a a site of prosperity the temple host several ceremony and prayer local devotee come here seeking blessing for wealth and wellbeing it serf a a hub of religious and social activity visitor can experience vibrant hindu ritual and local custom at the temple,Madhesh Province,"hindu temple,pilgrimage site,religious landmark"
1259,Laxminya Dam (Bandh),a dam in the laxminya region of nepal primarily used for irrigation and water management the dam play a vital role in supporting local agriculture and controlling water flow it also serf a a reservoir for domestic use and recreational activity visitor can enjoy scenic view of the surrounding landscape the dam is an important infrastructure project for the local community,Karnali Province,"dam,infrastructure,natural beauty"
1261,"Lekdanda Nisdi-7, Jyamire, Hubas, Palpa",a rural region in palpa nepal known for it picturesque landscape and peaceful environment the area offer a serene retreat with traditional village life and farming practice visitor can explore local market and interact with the community lekdanda nisdi7 provides a glimpse into nepal ’ s rural culture a perfect spot for those seeking a quiet escape and rural tourism experience,Lumbini Province,"tourist attraction,village life,natural beauty"
1262,Letang Immanuel Church,a christian church in letang morang offering spiritual service and community activity the church play a central role in the local christian community hosting regular worship service it is a place of faith prayer and fellowship visitor can attend service or learn about local christian tradition the church also contributes to community development and outreach program,Koshi Province,"church,religious site,cultural hub"
1268,Limbu Museum,a museum dedicated to preserving and showcasing the culture history and tradition of the limbu ethnic group in nepal the museum feature artifact traditional clothing tool and other item representing limbu heritage visitor can learn about the limbu people ’ s history and their contribution to nepali culture the museum is an important site for cultural education and preservation it offer insight into one of nepal ’ s indigenous community,Bagmati Province,"museum,cultural heritage,historical site"
1272,Little Star Fun Park with Family Restro Banepa,a fun and recreational park located in banepa nepal ideal for family outing little star fun park offer a variety of entertainment activity including ride game and picnic area the park is also home to a familyfriendly restaurant serving local cuisine it ’ s a great place for child and adult to enjoy a funfilled day out the park provides a relaxing environment with lot of activity for family,Bagmati Province,"amusement park,recreation,family spot"
1273,Little Green Park,a small but charming park offering a peaceful and green space for visitor to relax little green park is perfect for a quiet walk or a moment of solitude surrounded by nature the park provides a tranquil escape from the busy city life it is an ideal spot for meditation reading or spending time with family and friend visitor can enjoy the simplicity and beauty of the green surroundings,Koshi Province,"park,recreation,natural beauty"
1275,Living God Church,a christian church in nepal dedicated to worship and community service living god church is known for it regular service spiritual teaching and outreach activity it serf a a place for local christian to gather pray and support each other the church is an integral part of the community offering spiritual guidance and social support visitor can participate in religious event and learn about local christian tradition,Karnali Province,"church,religious site,cultural significance"
1277,Living Traditions Museum,a museum dedicated to showcasing nepal ’ s rich cultural heritage and tradition the museum feature exhibit on local custom craft and artifact from various ethnic group in nepal visitor can learn about the diverse culture and history of the country it ’ s an excellent destination for those interested in nepalese tradition and history the museum help preserve and promote the unique cultural practice of nepal ’ s various community,Bagmati Province,"museum,cultural heritage,historical site"
1281,Logos Presbyterian Church,a place of worship and community gathering for the presbyterian christian community in dhankuta the church host regular service fellowship program and community outreach it serf a a center for spiritual growth and connection visitor can attend service or engage with the local christian community logo presbyterian church play a key role in the religious life of hile1,Koshi Province,"church,religious site,cultural hub"
1283,Loharpatti 3 Mahadaiya Brahmasthan Temple,a significant hindu temple located in loharpatti dedicated to the worship of lord mahadaiya the temple is an important place of worship for local and attracts pilgrim from nearby region it is known for it tranquil atmosphere and beautiful surroundings the temple host various religious festival and event loharpatti 3 mahadaiya brahmasthan temple is a spiritual hub for the community,Madhesh Province,"hindu temple,pilgrimage site,religious landmark"
1284,Loharpatty Kalab,a historic and cultural site in loharpatty known for it artistic heritage and traditional craft kalab refers to a collection of cultural artifact and craft from the region visitor can explore the local art form including handicraft and traditional item the site is also important for understanding the local culture and history it ’ s an excellent place for those interested in nepalese art and tradition,Madhesh Province,"cultural site,historical significance,artistic heritage"
1292,Love Dadha,a serene location in nepal known for it tranquil beauty and ideal for nature lover love dadha is a popular spot for hiking picnic and outdoor activity the area is known for it panoramic view and lush green surroundings it offer a peaceful environment away from the hustle and bustle of city life love dadha is a perfect destination for those looking to enjoy nature and find peace,Gandaki Province,"picnic spot,natural beauty,hiking destination"
1293,Love Danda (Tripura Sundari Tauthali),a sacred hilltop in nepal known for it temple dedicated to goddess tripura sundari love danda offer beautiful view of the surrounding valley and mountain the area is both a spiritual site and a natural attraction ideal for hiking and religious visit the temple is a significant pilgrimage site for local visitor can experience both the religious and natural beauty of this sacred location,Bagmati Province,"trekking,pilgrimage site,natural beauty"
1297,Lowa Art Gallery & Book Shop,a unique art gallery and bookshop offering a collection of nepali artwork book and creative work lowa art gallery showcase local artist and their work providing a cultural experience for visitor the bookshop is a haven for book lover with a focus on nepali literature and art book it ’ s a great place to explore nepali culture through art and literature lowa art gallery book shop also host exhibition and cultural event,Gandaki Province,"art gallery,cultural hub,tourist attraction"
1298,Lower Chandretar,a scenic area in nepal known for it serene landscape and rural charm lower chandretar is ideal for visitor looking for a peaceful retreat in nature the area offer opportunity for outdoor activity like hiking birdwatching and photography it is surrounded by green field and forest making it perfect for nature lover lower chandretar provides a refreshing escape from the noise of urban life,Bagmati Province,"museum,natural beauty,rural tourism"
1300,Lucknow Mutiny Memorial Park,a historical park dedicated to the memory of the 1857 mutiny in india located in lucknow the park feature statue memorial and plaque commemorating those who fought in the mutiny it serf a a place of remembrance and historical reflection visitor can learn about the history of the revolt and the hero who participated in it the park also offer a peaceful environment for relaxation and exploration,Lumbini Province,"monument,historical site,cultural landmark"
1302,Lukuwa Dada,a hilltop area offering panoramic view of the surrounding landscape and local village lukuwa dada is known for it serene environment and is a popular spot for hiking and picnicking the area offer beautiful natural scenery especially during sunrise and sunset it is less commercialized making it a tranquil spot for those seeking peace and quiet lukuwa dada is an excellent place for outdoor activity and connecting with nature,Bagmati Province,"hiking,natural beauty,picnic spot"
1305,Lumbini Crane Sanctuary,a sanctuary located in lumbini dedicated to the conservation of crane and other migratory bird the sanctuary offer a natural habitat for various specie of crane and is a haven for bird watcher the area is known for it lush greenery and tranquil environment ideal for nature lover visitor can take guided tour to learn about the bird and the importance of conservation the lumbini crane sanctuary is an important site for biodiversity and environmental protection,Lumbini Province,"wildlife sanctuary,birdwatching,natural beauty"
1307,Lumbini Sanskritik Ahle Hadis Mosque,a mosque located within the lumbini area showcasing religious diversity in this sacred region the mosque serf the muslim community in lumbini and is an example of cultural and religious harmony it is a place for prayer community gathering and religious activity visitor can explore the mosque ’ s architecture and learn about it role in the lumbini community the mosque add to the spiritual significance of lumbini by representing different faith coexisting in the area,Lumbini Province,"mosque,religious site,cultural harmony"
1309,Lumbini Selfie Point,a popular spot in lumbini where visitor can take photo with the backdrop of the sacred garden or the buddha birthplace the selfie point is located near the lumbini development area and is a trendy spot for tourist to capture their visit it is especially popular among younger visitor and those sharing their travel experience on social medium while it ’ s a fun and lighthearted stop it also offer a beautiful view of the surrounding area lumbini selfie point is a modern addition to the historical region,Lumbini Province,"tourist attraction,historic site,buddhist heritage"
1313,Luu Jhya,a sacred site in nepal known for it religious and cultural significance luu jhya is associated with local religious practice and tradition it attracts devotee who visit the site for spiritual ritual and ceremony the site is often surrounded by natural beauty offering a peaceful atmosphere visitor can learn about the religious custom and spiritual importance of luu jhya,Bagmati Province,"hindu temple,cultural significance,natural beauty"
1315,Madina Masjid Modarasa Qadria,a mosque and madrasa located in the dailekh district of nepal serving the local muslim community the madina masjid is a place for worship prayer and community gathering it also offer religious education through it madrasa where student learn about islamic teaching the mosque is a key spiritual center in the region and attracts local devotee madina masjid is an important religious site in dailekh ’ s muslim community,Karnali Province,"mosque,religious site,community center"
1316,Madrasa Sirajul Uloom,a religious institution focused on islamic education located in a rural area of nepal it offer course in islamic study including the quran hadith and arabic language the madrasa serf a a center for religious learning and community development student come from surrounding area to study and engage in spiritual activity madrasa sirajul uloom play an important role in educating the local muslim community,Gandaki Province,"mosque,religious school,cultural hub"
1318,Manebhanjyang Circle,manebhanjyang circle is a central point in a rural area known for it picturesque surroundings and scenic beauty it serf a a meeting point for local and traveler passing through the region the area offer view of the surrounding hill and is a popular stop for trekker and nature lover manebhanjyang circle is also known for it peaceful ambiance and the opportunity to explore nearby village it is a quiet tranquil spot in the countryside,Koshi Province,"historic site,natural beauty,tourist attraction"
1319,Mas Islamic Video,a platform offering islamic educational video lecture and other religious content it serf a an online resource for muslim seeking to learn more about islam and it teaching the video cover a variety of topic including quranic study hadith and islamic history ma islamic video is popular among those seeking religious education through digital medium it is widely used by muslim who prefer learning at their own pace,Madhesh Province,"museum,digital platform,islamic education"
1320,Masjid Shukrauli MayaDevi,a mosque in the rupendehi district of lumbini province providing a space for worship prayer and community gathering for local muslim the masjid shukrauli mayadevi serf a an important center for islamic religious activity it also host educational program for child and adult teaching islamic principle the mosque is an important spiritual and social hub in the islam nagar area it peaceful environment provides a space for reflection and prayer,Lumbini Province,"mosque,religious site,cultural hub"
1322,MDS Museum and Agro Farming,a museum and agrotourism center that showcase agricultural practice and farming technique in nepal md museum educates visitor about local farming tradition and agricultural history it also includes exhibit on sustainable farming and agrobased product visitor can explore the museum and learn about nepal ’ s rich agricultural heritage md museum and agro farming provides a unique opportunity to connect with nepal ’ s rural root,Bagmati Province,"museum,farming education,cultural heritage"
1325,Maa Saroswti Mandir Pathsala Tilathi,a hindu temple dedicated to maa saraswati the goddess of knowledge located in tilathi nepal the temple is an important religious and cultural site for the local community it host regular worship service particularly during the festival of vasant panchami which celebrates the goddess maa saraswati mandir also serf a a place of learning a many student visit to seek blessing for their academic pursuit the temple is a spiritual hub in the area,Madhesh Province,"hindu temple,religious site,cultural significance"
1326,Maafi Temple,a small hindu temple located in a tranquil setting dedicated to the worship of local deity maafi temple is known for it peaceful ambiance and religious significance to the local community devotee visit the temple to offer prayer and seek divine blessing it is a place for both religious and spiritual reflection maafi temple is a quiet and serene spot that attracts visitor seeking peace and spiritual solace,Karnali Province,"hindu temple,religious site,natural beauty"
1329,Machchhegaun Christian Assembly,a christian worship center in machchhegaun nepal serving a a place of prayer fellowship and community activity the assembly provides spiritual guidance to local christian family and organizes various religious event it also offer educational program and social service to the surrounding community the machchhegaun christian assembly is an important site for christian in the region it foster a sense of community and spiritual growth,Bagmati Province,"church,religious site,cultural hub"
1331,Machedi Pratixyalaye,a historical and cultural institution in nepal focused on preserving traditional practice the site offer insight into the cultural heritage and custom of the region it also serf a a museum showcasing various artifact and display machedi pratixyalaye is important for those interested in the history and culture of nepal it attracts both local and tourist,Gandaki Province,"park,museum,cultural heritage"
1332,Machhapuchhre Village Inn,a popular guesthouse in the machhapuchhre region known for it warm hospitality and breathtaking view the inn offer a cozy stay for trekker and nature lover exploring the region guest can enjoy panoramic view of machhapuchhre mountain also known a fish tail it is a perfect spot for resting during trek in the annapurna region the inn is renowned for it homely atmosphere and great service,Gandaki Province,"historic site,village life,natural beauty"
1333,Machhapuchre Baptist Church,a christian church located in the machhapuchhre region providing a place for prayer and fellowship the church is a center for worship service community gathering and religious education it is known for it peaceful location and welcoming environment the church also organizes outreach program and social service machhapuchre baptist church is an important part of the christian community in the area,Gandaki Province,"church,religious site,cultural hub"
1335,Madan Bhandari Memorial Park,a park dedicated to the memory of madan bhandari a prominent political figure in nepal the park feature monument statue and information about his life and contribution it is a place for local and visitor to learn about his legacy the park also provides a peaceful environment for relaxation and reflection it is an important landmark for those interested in nepali politics and history,Bagmati Province,"park,historical site,cultural landmark"
1337,Madar Baba Masjid,a mosque in nepal dedicated to madar baba a revered spiritual figure it serf a a place of worship prayer and community gathering the mosque also offer educational service including quranic teaching for the local muslim community madar baba masjid play an important role in the religious and social life of the area it is a place of spiritual learning and reflection,Lumbini Province,"mosque,religious site,cultural hub"
1338,Madarasatul Taswid & Noorani Masjid,a mosque that offer religious education and prayer service in the traditional islamic style the masjid provides quranic study islamic history lesson and prayer service for the local community it serf a a place of spiritual growth and education madarasatul taswid noorani masjid is important for muslim seeking religious instruction it is also a hub for community gathering and islamic event,Koshi Province,"mosque,religious school,cultural hub"
1339,Madarsa Imdad-ul Ghorba,a madrasa providing islamic education to child and adult in a rural setting the institution offer a variety of religious course including quranic study arabic language and islamic history madarsa imdadul ghorba play an essential role in educating the local muslim community it serf a a community center where social spiritual and educational activity take place the madrasa help preserve traditional islamic teaching in the region,Madhesh Province,"mosque,religious school,cultural hub"
1345,Madhav Narayan Municipality,a local government area in nepal named after the hindu deity madhav narayan the municipality manages administrative function for the surrounding area providing essential service to resident madhav narayan municipality is known for it cultural and religious heritage it host various local festival and community event the municipality also focus on development project to improve the quality of life for it citizen,Madhesh Province,"historic site,cultural heritage,administrative center"
1346,Madhesi Park,a public park located in the madhesi region of nepal offering recreational facility for local and visitor the park is known for it wellmaintained ground walking path and peaceful atmosphere madhesi park is a popular spot for picnic outdoor activity and community gathering the park also feature area for child ’ s play and sport it is a great place to relax and enjoy the natural surroundings,Madhesh Province,"park,recreation,natural beauty"
1347,Madhupuri Baptist Church,a baptist church located in the madhupuri region of nepal serving a a place for worship and fellowship the church offer regular worship service bible study group and community event madhupuri baptist church is a center for christian religious activity in the area it also organizes charity work and outreach program for the community the church is a significant part of the christian community in madhupuri,Bagmati Province,"church,religious site,cultural hub"
1350,MadhyaNepal-4 Lamjung Shisaghat,a rural locality in lamjung district known for it agricultural activity and natural beauty the area is surrounded by lush field hill and river it is an ideal spot for trekking hiking and exploring nepali village life madhyanepal4 lamjung shisaghat offer serene landscape and cultural experience visitor can enjoy local tradition and the hospitality of the people,Gandaki Province,"hindu temple,village life,natural beauty"
1355,Madi Bridge Rolpa Road,a significant bridge along the rolpa road in madi offering picturesque view of the surrounding landscape the bridge is used for both pedestrian and vehicle traffic connecting different part of the region it is an important infrastructure for local connectivity and trade the area around the madi bridge is known for it beautiful natural surroundings it is a great spot for photography and sightseeing,Karnali Province,"monument,infrastructure,natural beauty"
1357,Madi View Tower,a tower located in the madi region providing spectacular view of the surrounding landscape from the tower visitor can enjoy vista of the hill river and forest below the location is ideal for nature walk and photography madi view tower is a popular stop for trekker exploring the region it offer a unique perspective of the natural beauty of nepal,Bagmati Province,"tower,tourist attraction,natural beauty"
1358,Madi Bagha Sankhuwasabha,a rural area located in the madi region of sankhuwasabha known for it scenic landscape and tranquil environment the area is surrounded by forest and river making it ideal for outdoor activity such a hiking and nature walk madi bagha is a great place for visitor who enjoy offthebeatenpath travel experience it is a serene location away from crowded tourist area the region offer a glimpse into the traditional rural life of nepal,Koshi Province,"picnic spot,rural tourism,natural beauty"
1368,Magical Nepal (P) Ltd.,a travel agency offering guided tour and travel service across nepal magical nepal specializes in trekking mountaineering and cultural tour providing unique experience for traveler the agency offer tailormade travel package to explore the natural beauty and cultural heritage of nepal it is known for it excellent customer service and knowledgeable guide magical nepal ensures that visitor have an unforgettable experience in the himalayan region,Bagmati Province,"travel agency,tourism,cultural tours"
1373,Mahabuddha Temple,a sacred buddhist temple located in the heart of nepal dedicated to lord buddha the temple is a site of pilgrimage for buddhist and is known for it peaceful atmosphere and beautiful architecture mahabuddha temple is famous for it intricate carving and historical significance it attracts visitor who wish to learn about buddhism and enjoy a spiritual retreat in a serene setting,Bagmati Province,"buddhist temple,historic site,cultural landmark"
1383,Mahakali Bridge,a bridge spanning the mahakali river connecting the town of dodhara and chadani the mahakali bridge is an important infrastructure project that enhances regional connectivity it is a significant landmark for the area offering stunning view of the river and the surrounding landscape the bridge serf a an important link for transportation and commerce between the two town,Sudurpashchim Province,"monument,infrastructure,tourist attraction"
1394,Mahankal Dada Gajaram Hiking Trail Start Point,a starting point for the mahankal dada gajaram parbat hiking trail which lead to scenic view of the surrounding landscape the trail is popular among trekker and nature lover who want to explore the natural beauty of the area,Bagmati Province,"hiking,natural beauty,outdoor adventure"
1396,Mahara-Paswan Tole Pokhari,a small pond or water body located in the maharapaswan tole region offering a tranquil spot for relaxation and recreation the pond is known for it clean surroundings and scenic view making it a popular local attraction,Madhesh Province,"tourist attraction,natural beauty,recreation area"
1397,Maharaja Mani Mukund Sen Palace Ruins,the historical ruin of the maharaja mani mukund sen palace located in nepal the site is a significant historical landmark offering insight into the royal history and architectural style of the region visitor can explore the remains of the palace and learn about the legacy of maharaja mukund sen,Lumbini Province,"museum,historical site,cultural heritage"
1399,"Mahat Gau, Rukum East (Pokhardanda)",a rural village located in the rukum east district of nepal offering a glimpse into traditional nepali life pokhardanda in mahat gau is known for it agriculture natural beauty and peaceful rural setting it is ideal for visitor seeking to experience the tranquility of rural nepal,Sudurpashchim Province,"village,natural beauty,cultural heritage"
1401,Mahendra Park & Mini Zoo,a public park and mini zoo located in nepal featuring a variety of animal specie and recreational facility mahendra park is a popular destination for family child and nature enthusiast it provides a space for leisure picnic and animal viewing in a serene environment,Lumbini Province,"zoo,recreation,picnic spot"
1406,Mahendranagar Park,a public park located in mahendranagar providing green space for local and visitor to relax exercise and enjoy nature the park is a community hub for outdoor activity and family gathering,Sudurpashchim Province,"park,recreation,natural beauty"
1413,Mahottari Durga Mandir,a hindu temple dedicated to goddess durga located in mahottari the temple is a sacred site for hindu attracting visitor for prayer religious ceremony and festival particularly during major hindu event like dashain,Madhesh Province,"hindu temple,pilgrimage site,religious landmark"
1414,Mahottari Field,a large agricultural field in mahottari known for it fertile soil and crop production the field is an important source of livelihood for local farmer and contributes to the agricultural economy of the region,Madhesh Province,"agriculture field,natural beauty,rural tourism"
1415,Mahuwari Pokhari,a pond or water body located in mahuwari nepal mahuwari pokhari is known for it scenic beauty and peaceful environment offering a tranquil space for relaxation and enjoyment of nature,Lumbini Province,"tourist attraction,natural beauty,picnic spot"
1418,Maidan Sataun,a local area in nepal known for it historical and cultural significance maidan sataun is often visited by local for cultural event social gathering and community activity,Gandaki Province,"park,historical site,cultural hub"
1420,Maipokhari Temple,a hindu temple located near maipokhari dedicated to lord shiva the temple is a significant spiritual site attracting visitor who come to pray and seek blessing it is a tranquil location for devotee and tourist alike,Koshi Province,"hindu temple,religious site,cultural significance"
1424,Maisthan Park,a local park in maisthan offering green space for recreation and outdoor activity the park is a popular spot for family child and tourist who want to relax and enjoy nature,Madhesh Province,"park,recreation,natural beauty"
1426,Maitidevi Temple,a hindu temple dedicated to goddess maitidevi located in the heart of nepal the temple is a significant religious site attracting devotee who come to offer prayer and seek blessing for prosperity and wellbeing,Bagmati Province,"hindu temple,religious site,cultural landmark"
1428,Maiyung Danda,a scenic hill or ridge offering panoramic view of the surrounding landscape maiyung danda is a popular hiking and trekking destination known for it natural beauty and tranquility,Koshi Province,"hiking,natural beauty,tourist attraction"
1429,Majeya Memorial Stadium,a sport stadium located in nepal dedicated to hosting sporting event and community activity the stadium serf a a hub for local sport team and recreational event,Koshi Province,"stadium,sports venue,cultural hub"
1433,Majuwa Hiking Junction (Majuwa Hiking Junction),a popular starting point for hiker looking to explore the majuwa region through scenic trail,Bagmati Province,"hiking,natural beauty,outdoor adventure"
1435,Makaju Painting Showroom,a local art showroom featuring painting and artwork inspired by nepalese culture and landscape,Bagmati Province,"art gallery,cultural hub,tourist attraction"
1437,Makalu Barun National Park,a national park located in the eastern himalaya of nepal home to diverse wildlife including the endangered red panda,Koshi Province,"national park,historic site,wildlife sanctuary"
1438,Makalu Base Camp Trek,a challenging and scenic trek to the base camp of mount makalu offering stunning view and a chance to experience the wilderness of nepal,Bagmati Province,"trekking,natural beauty,outdoor adventure"
1439,Makawanpur Gadhi,a historic fort and important cultural site located in the makawanpur district known for it strategic significance,Bagmati Province,"historic site,cultural landmark,hiking destination"
1443,Makwanpur Prasansa Mandali,a cultural organization based in makwanpur that promotes the region heritage and tradition through event and activity,Bagmati Province,"cultural organization,cultural hub,event venue"
1449,Malarani Temple,a hindu temple located in nepal dedicated to goddess malarani offering a place for prayer and spiritual reflection,Lumbini Province,"hindu temple,religious site,cultural landmark"
1450,Male Bagar Church,a christian church in the male bagar area serving the local christian community with worship service and outreach program,Karnali Province,"church,religious site,cultural hub"
1451,Malekhu Adventure Beach Resort,a resort located near malekhu known for it adventure sport activity and peaceful riverside environment,Karnali Province,"resort,outdoor adventure,natural beauty"
1459,Malikarjun Temple,a sacred temple dedicated to lord malik arjun located in a rural region of nepal known for it religious significance,Sudurpashchim Province,"religious site,hindu temple,cultural landmark"
1460,Malikarjun Dham,a religious site with a temple dedicated to lord malik arjun visited by pilgrim for spiritual activity and blessing,Sudurpashchim Province,"trekking,religious site,natural beauty"
1464,Malmala Devi Temple,a temple dedicated to the hindu goddess malmala devi located in a serene environment for religious practice,Lumbini Province,"hindu temple,religious site,cultural heritage"
1465,Malti Chowk (Malatai Chauk),a local gathering spot in malti known for it cultural significance and community activity,Madhesh Province,"cultural hub,gathering spot,hiking destination"
1467,Malyangdi Khola,a river or stream in the malyangdi region known for it scenic beauty and potential for trekking and outdoor activity,Koshi Province,"river,natural beauty,outdoor adventure"
1469,Manahari Peace Park,a peaceful park located in manahari offering a serene environment for walking meditation and community activity,Bagmati Province,"park,recreation,nature retreat"
1471,Manakamana Shiv Mandir,a temple dedicated to lord shiva located near the manakamana mandir offering spiritual service to devotee,Madhesh Province,"hindu temple,religious site,cultural significance"
1472,Manakamana Temple,a revered hindu temple dedicated to goddess manakamana attracting pilgrim from across nepal for it religious significance,Gandaki Province,"hindu temple,religious site,tourist attraction"
1474,Manang Culture Museum,a museum dedicated to the cultural heritage of the manang region showcasing local artifact tradition and history,Gandaki Province,"museum,cultural heritage,historical site"
1475,Manang Entrance Gate,the entrance gate to manang a district known for trekking and it stunning mountain landscape,Gandaki Province,"trekking gateway,natural beauty,tourist attraction"
1479,Manda Phalcha,a sacred or cultural site located in nepal known for it religious significance,Bagmati Province,"monument,historic site,cultural landmark"
1480,Mandan Deupur Municipality Gate (Ward No. 1),the administrative gateway to mandan deupur municipality marking the entrance to the local government office,Bagmati Province,"monument,civic landmark,cultural hub"
1482,Mane Kandh,a scenic hill or mountain ridge offering panoramic view of the surrounding area,Karnali Province,"hiking,natural beauty,outdoor adventure"
1486,Manekharka Church,a christian church located in the manekharka region serving the local christian community with worship service and spiritual guidance,Bagmati Province,"church,religious site,cultural hub"
1487,Manga Hiti,a water supply system or historic site located in the manga area known for it cultural significance,Bagmati Province,"historic site,cultural heritage,infrastructure landmark"
1488,Mangal Dharmadweep Mahavihar (Jhaur Bahi),a buddhist monastery located in nepal offering spiritual teaching and a peaceful environment for meditation and reflection,Bagmati Province,"buddhist monastery,religious site,cultural landmark"
1489,Mangala Indrani Park,a public park featuring recreational area green space and playground for family and child to enjoy,Gandaki Province,"park,recreation,natural beauty"
1490,Mangala Ghat Suspended Bridge,a suspended bridge located near the mangala ghat providing access to the area while offering scenic view of the river and surroundings,Gandaki Province,"suspended bridge,tourist attraction,infrastructure landmark"
1495,Mangalsen Historic Palace,a historic palace located in the mangalsen region offering insight into the royal history of nepal,Sudurpashchim Province,"historic palace,historical site,cultural heritage"
1496,Mangsebung 3 Ilam,a locality in ilam known for it peaceful rural life and beautiful landscape,Koshi Province,"park,village,natural beauty"
1497,Mani Chaitya,a buddhist stupa or monument dedicated to mani offering a peaceful space for meditation and reflection,Bagmati Province,"buddhist stupa,religious site,cultural landmark"
1499,Mani Khola Picnic Park,a picnic park located near the mani kh,Bagmati Province,"picnic spot,recreation,natural beauty"
1500,Mani Mandap,mani mandap is a prominent religious and cultural monument in nepal serving a a place of worship it is known for it peaceful atmosphere and serene surroundings the architecture blend traditional nepali and buddhist style it attracts visitor for it spiritual ambiance and scenic view local resident and tourist alike visit for reflection and meditation,Bagmati Province,"religious site,cultural landmark,historic site"
1501,Mani Mandap Mahabihar,mani mandap mahabihar is a buddhist monastery located in nepal dedicated to spiritual learning it is an important site for religious practice meditation and prayer the structure showcase traditional nepali buddhist architecture it is a center of peace and tranquility visitor come to study buddhist teaching and engage in reflective practice,Bagmati Province,"buddhist monastery,historic site,cultural landmark"
1505,Manilal Smriti Viewpoint,manilal smriti viewpoint offer panoramic view of the surrounding valley and mountain in nepal it is a popular spot for nature lover and photographer the viewpoint is named in honor of manilal a respected local figure it provides a peaceful environment for contemplation and sightseeing the area is surrounded by lush greenery making it a relaxing escape,Gandaki Province,"viewpoint,natural beauty,recreation area"
1508,Manishankar Mandir,manishankar mandir is a revered hindu temple dedicated to lord manishankar the temple is located in a serene area providing a peaceful environment for worship it is an important religious site for the local community especially during festival pilgrim and tourist visit for both spiritual and cultural experience the temple ’ s architecture is noted for it intricate carving and traditional design,Gandaki Province,"hindu temple,religious site,cultural significance"
1516,Manung Dada,manung dada is a picturesque hill located near ramechhap offering panoramic view of the surrounding valley and mountain it is a peaceful destination for trekking and nature walk the hilltop provides a serene environment for relaxation and meditation the area is also known for it biodiversity with a variety of plant and wildlife visitor can enjoy hiking through the lush forest and taking in the stunning scenery,Koshi Province,"park,hiking,natural beauty"
1519,Marchawari Mai Mandir,marchawari mai mandir is a hindu temple located in the region of nepal dedicated to the goddess mai the temple attracts pilgrim who come to worship and seek blessing the temple is known for it peaceful surroundings and religious significance it hold special importance during certain hindu festival visitor often come here to offer prayer and participate in the temple ’ s ritual,Lumbini Province,"hindu temple,religious site,cultural significance"
1525,Martha's Macrame,marthas macrame is a craft shop in nepal that specializes in macrame art and product the shop offer handmade macrame item such a wall hanging jewelry and home decor visitor can learn about the traditional art of knotting which is a significant craft in nepali culture the store also provides workshop and custommade item for customer martha ’ s macrame is known for it creative design and highquality craftsmanship,Gandaki Province,"art gallery,cultural hub,tourist attraction"
1526,Martyr Rudra Pakhrin Memorial Park,martyr rudra pakhrin memorial park is a public park in nepal dedicated to the memory of martyr rudra pakhrin a significant figure in the country ’ s history the park feature statue plaque and historical marker honoring pakhrin ’ s contribution it is a peaceful place for reflection and remembrance the park is also used for community event picnic and gathering it serf a a reminder of the sacrifice made for the country ’ s independence,Bagmati Province,"park,historic site,cultural landmark"
1527,Martyrs Memorial Park,martyr memorial park is a national park in nepal dedicated to the memory of the martyr who sacrificed their life for the country ’ s freedom the park feature statue monument and plaque commemorating the martyr it is an important site for national reflection and pride visitor can walk through the park and learn about the history of nepal ’ s struggle for independence the park is frequently visited by local on national holiday and remembrance day,Bagmati Province,"park,historic site,national landmark"
1530,Masta 7 Lataun Bajhang,masta 7 lataun is a scenic spot located in bajhang nepal offering picturesque view of the surrounding mountain and valley the location is popular for trekking and adventure tourism visitor can enjoy the peaceful atmosphere and explore the local culture it is an ideal destination for nature lover and those seeking solitude local community also use this area for seasonal gathering and festival,Sudurpashchim Province,"historic site,hiking,natural beauty"
1533,Masta Temple Bhandari Gaun Bhatekhola Bajhang,masta temple located in bhandari gaun bajhang is a significant hindu temple devoted to the worship of masta dev the temple is nestled in a scenic location surrounded by nature it is a focal point for the local community especially during religious festival and ceremony the temple offer a peaceful environment for reflection and prayer visitor can explore the temple ’ s history and the surrounding cultural heritage,Sudurpashchim Province,"hindu temple,religious site,cultural significance"
1535,Mathagadhi Fort,mathagadhi fort is a historic fort located in nepal known for it strategic significance during ancient time the fort offer stunning view of the surrounding landscape including hill and valley it is a popular site for history enthusiast and trekker the fort ’ s architecture reflects it historical importance with remnant of ancient structure still visible visitor can explore the fort history and enjoy trekking around the area,Lumbini Province,"historic site,tourist attraction,cultural heritage"
1538,Mattalo Kaji,mattalo kaji is a wellknown figure in nepalese folklore and his name is associated with various cultural story and legend his influence is seen in local tradition and ceremony the place named after mattalo kaji is a historic and cultural landmark visitor can explore the area to learn about the story surrounding mattalo kaji ’ s legacy it is a place rich in culture and history attracting people interested in nepal ’ s heritage,Karnali Province,"cultural landmark,historic site,tourist attraction"
1539,Maula Kalika Temple,maula kalika temple is a sacred hindu temple dedicated to goddess kalika located in nepal the temple is a popular pilgrimage site for devotee who come to worship and offer prayer it is especially revered for it connection to power and protection the temple offer a serene and peaceful atmosphere ideal for spiritual reflection visitor can participate in ritual and experience the deep cultural tradition of the local community,Lumbini Province,"hindu temple,religious site,cultural heritage"
1540,Maulapur Picnic Park,maulapur picnic park is a beautiful recreational spot located in nepal ideal for picnic family outing and relaxation the park offer scenic view of the surrounding landscape with lush greenery and open space it is a popular spot for both local and tourist who want to enjoy a peaceful day outdoors the park is wellmaintained with facility for sport and leisure activity visitor can unwind enjoy nature and partake in various outdoor activity,Bagmati Province,"picnic spot,recreation,natural beauty"
1544,Mayo Ko Bartan,mayo ko bartan is a traditional marketplace in nepal known for it vibrant atmosphere and variety of good the market offer a wide range of product including local handicraft spice and traditional nepali utensil it is a popular spot for both local and tourist who want to experience the local culture and shop for unique item the market is also a center for social gathering and community event visitor can enjoy bargaining and learning about nepal ’ s diverse craft and tradition,Madhesh Province,"marketplace,cultural hub,tourist attraction"
1548,Meghma Monastery,meghma monastery is a buddhist monastery located in meghma nepal the monastery is a peaceful retreat for meditation and spiritual practice it serf a a center for buddhist teaching offering visitor the opportunity to learn about buddhist philosophy the monastery is set amidst stunning natural surroundings providing a tranquil environment for reflection visitor can explore the monastery participate in ritual and experience local buddhist custom,Koshi Province,"buddhist monastery,religious site,cultural heritage"
1553,Melauli Park,melauli park is a public park located in melauli baitadi offering a place for local and tourist to relax and enjoy nature the park is surrounded by lush greenery and provides scenic view of the nearby hill and valley it is an excellent spot for family picnic leisurely walk and outdoor activity the park is wellmaintained and feature open space garden and small recreational area it is also a gathering point for cultural event and social activity,Sudurpashchim Province,"park,recreation,natural beauty"
1554,Mero Canvas,mero canvas is an art gallery and studio located in nepal showcasing various form of nepali and international art the gallery feature work by both established and emerging artist offering a platform for creative expression it is known for it diverse collection of painting sculpture and photography mero canvas also offer art workshop and event for people interested in learning and exploring the world of art visitor can immerse themselves in the vibrant art scene of nepal,Bagmati Province,"art gallery,cultural hub,tourist attraction"
1555,Methur Chaudhary Park,methur chaudhary park is a public park located in a serene area of nepal perfect for relaxation and outdoor activity the park is designed with lush greenery walking path and open space for picnic and family gathering it serf a a recreational area for local and a peaceful retreat for visitor the park is also a popular spot for morning walk and evening stroll it offer a calm environment away from the hustle and bustle of urban life,Madhesh Province,"park,recreation,natural beauty"
1559,Miku Nepal,miku nepal is an online platform offering service related to tourism trekking and adventure activity in nepal the platform provides valuable resource for traveler looking to explore nepal ’ s natural beauty and cultural heritage miku nepal aim to make travel more accessible by offering tailored travel package guide and expert advice the platform is dedicated to promoting sustainable and responsible tourism visitor can find detailed information on trekking route accommodation and adventure activity,Bagmati Province,"tourism platform,tourist attraction,cultural hub"
1561,Muktinath Temple,religious site muktinath is a vishnu temple sacred to both hindu and buddhist it is located in muktinath valley at the foot of the thorong la mountain pas in mustang nepal it is one of the world s highest temple the site is close to the village of ranipauwa which is sometimes mistakenly called muktinathsituated at an altitude of 3710 meter 12172 foot at the base of the thorong la mountain pas in the mustang district muktinath is a highly venerated sacred place for both hindu and buddhistshindus call the site mukti kshetra which literally mean the place of salvation and it is one of the most ancient temple of the god vishnu and the vaishnava tradition in nepal the shrine is considered to be one of the eight sacred place known a svayam vyakta ksetras the other seven being srirangam srimushnam tirupati naimisharanya totadri pushkar and badrinath a well a one of the 108 divya desam or holy place of worship of lord vishnu additionally it is also one of the 51 shakti pitha goddess sitesfor hindu muktinath temple is one of the 108 divya desams or holy abode of lord vishnu the god of preservation it is believed that a pilgrimage to this sacred site can help to break the cycle of birth and death samsara granting salvation moksha to the devotee in addition muktinath is one of the eight most sacred shrine in the hindu tradition known a the swayam vyakta kshetras where lord vishnu is said to have manifested himself devotee visiting the temple often take a ritual bath in the 108 sacred water spout known a mukti dhara and the two holy pond mukti kunda and saraswati kunda to cleanse themselves of sin and achieve spiritual purificationfor buddhist particularly those following the vajrayana tradition muktinath temple hold great importance a one of the 24 tantric place where the guru padmasambhava also known a guru rinpoche is believed to have meditated the presence of the temple within the annapurna conservation area which is home to numerous ancient buddhist monastery further solidifies it significance within the buddhist tradition buddhist believe that visiting muktinath can help them attain spiritual enlightenment and progress on their path to achieving buddhahood the harmonious coexistence of hindu and buddhist belief at muktinath temple is a testament to the shared spiritual heritage and mutual respect between these two ancient religion this unique blend of religious significance combined with the temple aweinspiring natural surroundings make muktinath a truly special pilgrimage site for devotee from all walk of life,Gandaki Province,"hindu temple,buddhist pilgrimage,religious site"
1566,Naagdaha Ichchhakamana,natural landmark naagdaha ichchhakaman is a lesserknown yet enchanting destination located in the chitwan district of nepal this serene spot is a perfect blend of natural beauty and cultural significance offering a peaceful retreat for visitor nestled amidst lush greenery and surrounded by the tranquility of nature naagdaha ichchhakaman is a lake that hold great religious and historical importance for the local community the name naagdaha translates to serpent lake and it is steeped in mythological tale according to local legend the lake is home to a naag a serpent deity that is highly revered in hindu culture the presence of this deity is believed to bring prosperity and protect the surrounding area each year local perform ritual and offer prayer to appease the serpent god seeking blessing for good fortune and protection from natural calamity the surrounding area of naagdaha ichchhakaman is equally captivating it is an ideal spot for nature lover and bird watcher the lush vegetation and the calm water of the lake create a habitat for various specie of bird and aquatic life early morning and late afternoon are the best time to visit a the serene environment is perfect for meditation and reflection the reflection of the surrounding hill and tree on the lake s surface add to the picturesque beauty of the place making it a haven for photographer culturally naagdaha ichchhakaman hold a significant place in the heart of the local people the lake and it surroundings are often the site of community gathering and festival one of the most prominent festival celebrated here is naag panchami during which devotee from different part of the region come together to honor the serpent deity with offering of milk flower and rice this festival not only reinforces the spiritual connection but also strengthens the community bond in recent year effort have been made to promote naagdaha ichchhakaman a a tourist destination sustainable tourism practice are being encouraged to preserve the natural and cultural heritage of the area local guide and community member play a crucial role in educating visitor about the significance of the lake and the need to maintain it pristine condition a more people discover the charm of naagdaha ichchhakaman it is hoped that the site will gain the recognition it deserves while preserving it serene and sacred atmosphere in conclusion naagdaha ichchhakaman is a hidden gem in the chitwan district offering a unique blend of natural beauty and cultural richness whether you are a nature enthusiast a spiritual seeker or someone looking for a tranquil escape this serene lake ha something to offer the harmony between the natural environment and the cultural practice surrounding the lake make it a truly special destination worth exploring,Bagmati Province,"lake,historic site,natural beauty"
1567,Nag Daha,natural landmark nagdaha is a lake in the dhapakhel village development committee of lalitpur districtwith it rich history and it tranquility it is a mysterious lake which is situated at about 45km from the satdobatothe lake is believed to be about 5 hectare and to have originated from a stone tap inside gaukhureshwor temple a temple on the northwestern side of the lake a the name suggests nagdaha lake of snake is believed to be the home of thousand of lake another famous myth about this place is that a male serpent a serpent king life in taudaha and a female serpent is at nagdaha during the rainy season the male serpent make a journey to the town of panauti in order to participate in a festival it is said that he stay with the female serpent of nagdaha on his way to and back from panauti this union of the naga mythical half serpent halfhuman being result in heavy rain,Bagmati Province,"lake,historic site,natural beauty"
1569,Narayanchaur Park Naxal,narayanchaur park naxal is a wellknown location located at sama marga kathmandu 44600 nepal it is known for being a park pointofinterest establishment it offer a variety of experience for visitor narayanchaur park naxal is a wellknown location located at sama marga kathmandu 44600 nepal it is known for being a park pointofinterest establishment it offer a variety of experience for visitor narayanchaur park naxal is a wellknown location located at sama marga kathmandu 44600 nepal it is known for being a park pointofinterest establishment it offer a variety of experience for visitor narayanchaur park naxal is a wellknown location located at sama marga kathmandu 44600 nepal it is known for being a park pointofinterest establishment it offer a variety of experience for visitor narayanchaur park naxal is a wellknown location located at sama marga kathmandu 44600 nepal it is a popular tourist destination it is known for being a park pointofinterest establishment it offer a variety of experience for visitor narayanchaur park naxal is a wellknown location located at sama marga kathmandu 44600 nepal it is known for being a park pointofinterest establishment it offer a variety of experience for visitor narayanchaur park naxal is a wellknown location located at sama marga kathmandu 44600 nepal it is known for being a park pointofinterest establishment it offer a variety of experience for visitor narayanchaur park naxal is a wellknown location located at sama marga kathmandu 44600 nepal it is known for being a park pointofinterest establishment it offer a variety of experience for visitor i saw this park from sixth floor of a nearby hotel and decided to visit beautiful park good for walking running jogging and other activity they have equipment for exorcising and swing for child many walker during morning time i could cover the walking trail in about 450 step ie about 325 meter there are several vehicle showroom accross the road on the northern gate u can do jogging and other physical activity over here and spacious a greenery park in the middle of the road with a peaceful environment and you will not hear the noise of vehicle often it a good park indeed definitely one of the peaceful park in the centre of kathmandu one of the best park in kathamndu not so dirty a the others some grass need to be grown a most of the grass are pretty dry nice place for the child to play and relax the park is also wheelchair accessible narayanchaur park located in the naxal area of kathmandu nepal is a popular urban park that serf a a green oasis amidst the bustling city known in nepali a à¤¨à¤¾à¤°à¤¾à¤¯à¤£à¤šà¥œà¤° à¤ªà¤¾à¤°à¥à¤• à¤¨à¤•à¥à¤¸à¤¾à¤² this park is a favorite spot for local seeking relaxation recreation and a connection with nature the park feature wellmaintained lawn walking path and an array of tree and flowering plant creating a peaceful environment for visitor it a great place for morning and evening walk jogging or simply sitting and enjoying the tranquility the open space and greenery offer a refreshing escape from the urban noise and pollution making it a cherished retreat for resident of naxal and the surrounding area narayanchaur park is also a community hub where people of all age gather for various activity child can be seen playing in the open area while adult engage in exercise yoga or leisurely stroll the park often host community event cultural program and social gathering fostering a sense of community and camaraderie among visitor in recent year effort have been made to enhance the park facility and maintain it cleanliness these initiative aim to preserve the park natural beauty and ensure it remains a welcoming space for everyone bench lighting and other amenity have been added to improve the visitor experience and regular maintenance help keep the park in good condition narayanchaur park is not only a place for recreation but also a symbol of the importance of green space in urban environment it provides a muchneeded breathing space in the densely populated city of kathmandu promoting physical and mental wellbeing for it visitor in summary narayanchaur park in naxal is a beloved urban park that offer a serene and green retreat for the people of kathmandu it serf a a recreational and social hub enhancing the quality of life for resident by providing a space for relaxation exercise and community activity a peaceful place to help your mind feel at ease the park is managed by the community police naxal you can not run here only walk because running will disturb the walker you can only run in the road around the park not inside the track in the park area this is the park where you can go for a walk do exercise and spend some good and healthy time in there lot of greenery you can find inside the park if you love to do a physical exercise there you can find a bar to do it if you want to spend my time you can go and sit on the ground or the bench if you love to connect yourself with nature this is the perfect place you can take out your shoe and walk on the grass thatâ€™s give you more energy if you have a child you can take them here or if you want to spend some quality time with your live one definitely this is the place in morning you can find crowded but in evening itâ€™s okay just go and enjoy and be healthy,Bagmati Province,"park,recreation,nature retreat"
1570,New Baneshwor Park,new baneshwor park is a wellknown location located at m8qpx7m kathmandu 44600 nepal it is known for being a park pointofinterest establishment it offer a variety of experience for visitor new baneshwor park is a wellknown location located at m8qpx7m kathmandu 44600 nepal it is known for being a park pointofinterest establishment it offer a variety of experience for visitor new baneshwor park is a wellknown location located at m8qpx7m kathmandu 44600 nepal it is known for being a park pointofinterest establishment it offer a variety of experience for visitor new baneshwor park is a wellknown location located at m8qpx7m kathmandu 44600 nepal it is known for being a park pointofinterest establishment it offer a variety of experience for visitor new baneshwor park is a wellknown location located at m8qpx7m kathmandu 44600 nepal it is known for being a park pointofinterest establishment it offer a variety of experience for visitor new baneshwor park is a wellknown location located at m8qpx7m kathmandu 44600 nepal it is known for being a park pointofinterest establishment it offer a variety of experience for visitor new baneshwor park is a wellknown location located at m8qpx7m kathmandu 44600 nepal it is known for being a park pointofinterest establishment it offer a variety of experience for visitor new baneshwor park is a wellknown location located at m8qpx7m kathmandu 44600 nepal it is known for being a park pointofinterest establishment it offer a variety of experience for visitor the place is a good initiation to avail public space at the busy street seat are fine with free wifi and public toilet recently being built up the place is busy all day and massively engaged in the evening with street market and stick food the place ha natural bulky tree shade located opposite to constitutional assembly the place provides good space for reposition this is public park environment of this park is very goodin this park public toilet is also available this place is aside the park outside a khurta store laphing here wa good and texture wa thick and yummytry it out narrow but wide if only few visit at a time you can order tea from a nearby tea shop the area is thronged by shopper food stall and commuter a healthy and pleasant environment to relax you will gain experience listening to senior citizen on diverse topic decent place to spend few minute though place is good for hangout and time pas but the area is too much busy those who dont like being in mass might not consider this place in addition the food stall beside the park offer tasty thing to eat good place to wait someone you can enjoy free wifi service too,Bagmati Province,"park,recreation,cultural hub"
1571,Nigoo Pukhu (Dui Pokhari),heritage site duipokhari or the nigoo pukhu which literally mean the two pond is now one of the popular middle of madhyapur thimi people go and spend time over there child do swimming and visitor boating first restored nigoo pukhu but it wa not the same scenario a few year back it ha been transformed into that ancient styled pond after a long period it is said that the pond wa once dried up to welcome king mahendra in bhaktapur a per the cited story the local didnâ€™t find a good and wide place to do a grand welcome of the then king thus they dried up the pond but unfortunately it became a dry meadow and an unmanaged field after that the concerned authority could not make it to it initial face until mr madan sundar shrestha the mayor of madhyapur thimi associated his work and post toward protecting these heritage site one of the nigoo pukhu two pond these pond hold a history of at least 300 year the name of queen ganga came whenever the talk start about the erection of the pond it is said that she erected these pond to facilitate the local with a water resource recently completed nigoo pukhu a for one solution if somehow fire brokes or else moreover the erection of the pond help to be alive to the other water source like the well and stone spout,Bagmati Province,"historic site,cultural landmark,recreation area"
1572,Nil Barahi Temple,heritage site nil barahi temple is located in the northern arena of the historical city tigani it is balkumari temple considered one of the four barahi of the kathmandu valley there is a natural stone inside the temple which represents the nil barahi herself there is no roof in this temple which additionally make it a distinct temple it is said that during the reign of king vikram sen this deity wa established over there adopting the tantrik way besides the nil barahi temple there are other image of astamatrika bhairava and pati on it premise other deity at nil barahi temple premise pc bhaktapurcompraz santt nil barahi temple premise moreover this prominent place is important for both hindu and buddhist meanwhile a lot of people worship this temple a dhana barahi too nil barahi temple a palanquin from this temple is prepared to participate in the sindoor jatra where an image of nil barahi with 3 eye and four hand is set aside this image of her however always remained at dyo chhen besides the legendary nil barahi dance is also closely related to this temple this temple is at quite a height and a small jungle lead the way up there so itâ€™s naturally a refreshing place jungle area near nil barahi temple way to the nil barahi temple there is a picnic spot too considering these feature the municipality organized to make it an ecopark from where the kathmandu valley a well a changu narayan temple can be seen very firmly western view from nil barahi temple the eastern view from nil barahi temple,Bagmati Province,"hindu temple,buddhist pilgrimage,cultural landmark"
1573,Nil Saraswati Mandir,religious site neel saraswati temple located in lazimpat kathmandu is a revered hindu temple dedicated to goddess neel saraswati a form of the goddess tara this temple is particularly significant for student and scholar a it is associated with knowledge and wisdom the temple is believed to have been established by gunakamdev and ha root dating back to the end of the malla period the idol of neel saraswati ha been worshipped by both hindu and buddhist reflecting it cultural significance the temple feature traditional nepali architectural style and includes idol of saraswati depicted with harp book and garland symbolizing knowledge and learning neel saraswati temple is especially popular during the festival of basant panchami saraswati puja when devotee gather to worship the goddess and seek blessing for academic success the temple becomes a hub for student during this time the temple offer a serene environment conducive to meditation attracting visitor looking for peace and spiritual reflection situated in a central location in kathmandu the temple is easily accessible by public transport and is a popular destination for both local and tourist overall neel saraswati temple serf a an important spiritual center in kathmandu embodying the rich tradition of hindu worship and the pursuit of knowledge,Bagmati Province,"hindu temple,religious site,cultural heritage"
1574,Nuwakot Durbar Square,nuwakot durbar square is a wellknown location located at w577frx nauwaakaota sadaka baidaura 44900 naepaala it offer a variety of experience for visitor nuwakot durbar square is a wellknown location located at w577frx nauwaakaota sadaka baidaura 44900 naepaala it offer a variety of experience for visitor nuwakot durbar square is a wellknown location located at w577frx nauwaakaota sadaka baidaura 44900 naepaala it offer a variety of experience for visitor nuwakot durbar square is a wellknown location located at w577frx nauwaakaota sadaka baidaura 44900 naepaala it offer a variety of experience for visitor nuwakot durbar square is a wellknown location located at w577frx nauwaakaota sadaka baidaura 44900 naepaala it offer a variety of experience for visitor nuwakot durbar square is a wellknown location located at w577frx nauwaakaota sadaka baidaura 44900 naepaala it offer a variety of experience for visitor nuwakot durbar square is a wellknown location located at w577frx nauwaakaota sadaka baidaura 44900 naepaala it offer a variety of experience for visitor nuwakot durbar square is a wellknown location located at w577frx nauwaakaota sadaka baidaura 44900 naepaala this place ha historical significance it offer a variety of experience for visitor definitely visit once if you want know about this historic site right now it free to visit this site a this palace is under rehabilitation but may be in coming future they gon na charge for it nuwakot durbar is under construction and is halted according to a local resident there it might not be resumed anytime soon previously there used to be ticket to enter the durbar but since it closed now you can just visit the premise of the durbar for free and roam around however there a small museum you can visit near the durbar square where traditional item are displayed the museum is run by an individual who collected the entire artifact by himself the museum is a must visit when youre there look for the sign byaktigat sangrahalaya after earthquake it not maintained the whole durbar is broken and is standing on the support built by king prithvi narayan shah the founder of modern nepal in the 18th century nuwakot durbar served a a strategic fortress and administrative center during the unification of nepal traditional newari architecture with intricate woodcarving stone masonry and pagodastyle roof the palace complex includes the main palace mul chowk taleju temple bhandarkhal garden and various other building ongoing effort by the nepalese government and china aid to preserve and restore nuwakot durbar visiting nuwakot durbar offer a glimpse into nepal royal history architectural brilliance and cultural depth the view are pretty good and lovely the main durbar is like fully covered with cloth so basically is under construction so i would say overall the view are great but main attraction is under construction this palace complex carry a huge significance in nepalese modern history but even after 9 year from 2015 earthquake the palace is still not renovated and is currently under scaffolding so if you plan to visit this palace complex now it will be like visiting a construction site however the nearby place are good and the road to reach here is very fun to driveride â€œan architectural marvel that whisper tale of history â€ “ nuwakot durbar is a cultural gem that captivates both the heart and the imagination stepping into this ancient palace feel like entering a living museum where every stone ha a story to tell the intricate this place hold great historical significance it under renovation now anyways the place is beautiful the palace wa built during the regime of king prithivi narayan shah in 18th century and considered a the important landmark in the history of nepal 2015 earthquake ha damaged the interior of palace but the visitor can still roam around durbar area,Bagmati Province,"historic site,cultural heritage,tourist attraction"
1575,Nuwakot Palace,historical ruin nuwakot a history in nepal nuwakot nestled on the bank of the trishuli and tandi river boast a rich tapestry woven with story of conquest trade and political significance for over a millennium it hilltop fort served a a watchful guardian protecting the western entry to kathmandu valley a a bustling hub for the malla king nuwakot facilitated trade between india and tibet it strategic importance drew covetous eye and the fort endured numerous battle most notably succumbing to a surprise attack by prithvi narayan shah in 1744 this pivotal victory by shah marked a turning point in nepalese history nuwakot became a crucial launching pad for shah conquest of the kathmandu valley solidifying his kingdom dominance the echo of history resonate further nuwakot nearly fell to chinese force during the nepalchina conflict and witnessed the first diplomatic meeting between nepal and britain nuwakots legacy is preserved in the majestic sevenstory durbar complex expanded by shah to cater to flourishing trade route the exquisite mallastyle architecture reflects the town past grandeur a testament to it role a a center of power and prosperity in recognition of it significance nuwakot seek inscription a a unesco world heritage site ensuring it legacy shine for generation to come,Bagmati Province,"historic site,cultural landmark,tourist attraction"
1576,Nyatapola Temple,religious site nyatapola temple is the hindu temple dedicated to the goddess siddhi laxmi and durga nyatapola is the newari language in which the nyata mean 5 storey and pola mean roof thus meaning the 5 storied roof temple this temple is one of the main tourist destination of the bhaktapur durbar square many tourist are fascinated by it art and architecture this beautifully sculptured building is considered one of the tallest pagoda in the country the temple stood tall and proud in the bhaktapur durbar square area nyatapola temple is the example of true art and architecture of the nepali culture the temple not only ha the architectural value but also the traditional and cultural value the visitor from all round the country a well a international tourist visit this place location of nyatapola temple nyatapola temple is the five storey pagoda style temple located in the bhaktapur district of nepal the temple is in front of the bhairab temple it rest on the base of the five level with four ganesh shrine in each corner of the temple this five storey temple with a five tier roof that stand just over thirty metre high can be reached by walking a few step that will lead you to the top of the platform,Bagmati Province,"hindu temple,cultural heritage,tourist attraction"
1577,OOPS! NEPAL - First FEC Funpark in Nepal,oops nepal located in dhumbarahi kathmandu is nepal first family entertainment center offering over 100 game and activity under one roof attraction trampoline park bounce and flip in a safe fun environment bumper car enjoy thrilling ride with friend and family bowling alley test your skill in a modern bowling setup virtual reality vr game immerse yourself in cuttingedge vr experience zip line feel the adrenaline rush a you zip across the park arcade game play classic and contemporary arcade game operating hour open daily from 1100 am to 800 pm,Bagmati Province,"amusement park,recreation,family entertainment"
1578,Okhaldhunga Historical Museum,the okhaldhunga historical museum located in the siddhicharan municipality of okhaldhunga district nepal serf a a cultural hub preserving and showcasing the rich history and heritage of the region established a the first museum in okhaldhunga it offer visitor a comprehensive insight into the local tradition artifact and historical narrative location situated at 8g2v586 siddhicharan 56100 nepal the museum is easily accessible to both local and tourist exhibit and collection the museum house a diverse collection of artifact including traditional costume folk musical instrument and various item of historical and cultural significance these exhibit provide a window into the daily life custom and artistic expression of the local community,Koshi Province,"museum,historic site,cultural heritage"
1581,Old Royal Palace,the old royal palace also known a the hanuman dhoka palace is a historic landmark situated in kathmandu durbar square nepal this palace complex served a the residence of the malla king and later the shah dynasty until the mid19th century today it stand a a testament to nepal rich royal heritage and architectural grandeur,Gandaki Province,"historic site,museum,cultural heritage"
1586,One Tree Hill Valley Viewpoint Sindhuli,one tree hill valley view point in sindhuli nepal is a renowned hiking destination offering panoramic view of the surrounding landscape situated at coordinate 6whp45r kamalamai 45900 nepal this spot is celebrated for it solitary tree atop a hill providing a unique vantage point for visitor key feature scenic view the location offer expansive vista of the sindhuli valley making it a popular spot for photography and nature appreciation hiking experience accessible via a wellmaintained trail the hike to the viewpoint is suitable for both novice and experienced hiker,Madhesh Province,"hiking,natural beauty,tourist attraction"
1587,Osho Shree Krishna Ashram,osho shree krishna ashram is a spiritual center located at 2f5fghq nayaroad road barahathawa 45800 nepal established with the aim of helping individual explore their inner self the ashram offer a variety of experience for visitor,Madhesh Province,"spiritual retreat,hiking,natural beauty"
1588,Oskar Chowk 'Yalambar Park',yalambar park also known a oskar chowk is a wellknown recreational area located at mpxr94 chaula chulai 57200 nepal situated in the city of dharan the park offer a variety of experience for visitor key feature historical significance the park is named after yalambar a prominent figure in kirat history believed to be the first kirat king this connection add cultural and historical depth to the park significance recreational activity visitor can enjoy various activity such a picnic leisurely walk and cultural event the park serene environment make it an ideal spot for relaxation and social gathering cultural event yalambar park often host traditional dance including the kirat sakela dance providing visitor with a glimpse into the rich cultural heritage of the region,Koshi Province,"park,historic site,recreation area"
1589,Our Lady Of Assumption Church,our lady of the assumption church also known a the cathedral of the assumption of the blessed virgin mary is a prominent catholic church located at m8f43j4 jhamsikhel road lalitpur 44700 nepal situated in the heart of kathmandu valley the cathedral serf a a central place of worship and community for catholic in the region,Bagmati Province,"church,religious site,cultural hub"
1590,Panauti Community Picnic Spot,panauti community picnic spot is a picturesque location situated in panauti approximately 32 kilometer southeast of kathmandu nepal this serene spot offer a tranquil environment making it an ideal destination for group picnic and gathering key feature scenic beauty the area is adorned with lush greenery rolling hill and traditional newari architecture providing a peaceful retreat from the city hustle cultural experience visitor can immerse themselves in the rich cultural heritage of panauti a town known for it medieval ambiance and historical significance community engagement the panauti community homestay initiative allows traveler to experience authentic newari hospitality by staying with local family,Bagmati Province,"picnic spot,historic site,cultural hub"
1593,Petbharwa Math Rautahat Nepal,petbharwa math located at x5wqw6 sanatapur daosataiyaa rautahat nepal is a hindu temple situated in the rautahat district of madhesh province this area is known for it rich cultural heritage and religious significance key feature religious significance a a hindu temple petbharwa math serf a a place of worship and spiritual gathering for the local community cultural heritage the temple is part of the rautahat district which is recognized for it diverse cultural tradition and practice the district is home to various ethnic group including a significant muslim population and is known for it historical temple and religious site,Madhesh Province,"hindu temple,religious site,cultural heritage"
1594,PIA Park Lele,pia park also known a lele memorial park is a serene recreational area located in lele lalitpur district nepal situated at h8g9qqj lele 44700 nepal the park offer visitor a tranquil environment amidst natural beauty key feature memorial significance constructed in 1992 the park commemorates the 167 individual who tragically lost their life in the pakistan international airline pia plane crash at bhatti danda natural beauty nestled in the lush green mountain of lele valley the park provides a peaceful retreat with scenic view making it an ideal spot for relaxation and reflection visitor experience the park is open daily from 900 am to 500 pm,Bagmati Province,"park,recreation,natural beauty"
1595,Praken Gompa,praken gompa is a revered buddhist monastery situated approximately 3945 meter above sea level overlooking the village of manang in nepal annapurna region this sacred site offer visitor a unique blend of spiritual significance and panoramic natural beauty key feature historical significance praken gompa is one of several monastery in the manang area including karki gompa bocho gompa and kagud gompa each monastery contributes to the rich cultural tapestry of the region scenic view from the monastery visitor can enjoy breathtaking vista of the annapurna mountain range including peak such a annapurna ii annapurna iv tarke kang and gangapurna cultural experience the monastery architecture reflects traditional buddhist design featuring intricate carving and vibrant mural that depict the rich history and teaching of buddhism,Gandaki Province,"buddhist monastery,historic site,cultural heritage"
1596,Pachabhaiya Zoological Park/Wildlife Rescue Center,pachabhaiya zoological park and wildlife rescue center located in pokhara nepal is a notable destination for wildlife enthusiast and nature lover situated at 5454xhc paokhara 33700 nepal the park offer a variety of experience for visitor key feature wildlife observation the park is home to a diverse range of specie including leopard nilgai blue bull red deer chital spotted deer forest cat jackal python white vulture owl peacock and turtle wildlife rescue center dedicated to rehabilitating injured and problematic wild animal the center play a crucial role in wildlife conservation effort cultural and religious site the area also emphasizes the protection and promotion of various religious and cultural place including sita cave bajramushti temple and site associated with naga baba naked hindu ascetic,Gandaki Province,"zoo,wildlife sanctuary,natural beauty"
1598,Pachali Bhairab Mandir,achali bhairab temple situated in kathmandu nepal is a significant religious site dedicated to bhairab a manifestation of lord shiva established in the 11th century by king gunakamadev the temple is renowned for it traditional nepali architecture intricate carving and serene ambiance it is surrounded by numerous smaller shrine and stone sculpture contributing to it status a an openair museum of art and culture a notable feature of the temple is the brass body of baital one of shiva manifestation which is displayed within the temple premise the temple also host the annual pachali bhairab jatra a vibrant festival celebrated once every twelve year involving elaborate ritual and procession that highlight the temple significance in local tradition,Bagmati Province,"hindu temple,historic site,cultural landmark"
1600,Pachvaiya Zoo And Wild Conservation Area,the pachvaiya zoo and wild conservation area located in the lekhnath region near pokhara nepal is a notable wildlife sanctuary dedicated to the conservation and rehabilitation of various animal specie established with the support of the gandaki province government the center span the community forest of pachbhaiya chainpur and chapapani chisakuna offering a natural habitat for diverse wildlife key feature wildlife conservation the center is home to a variety of specie including leopard blue bull red deer chital forest cat jackal python white vulture owl peacock and turtle it serf a a sanctuary for injured and problematic wild animal focusing on their rehabilitation and protection,Gandaki Province,"zoo,wildlife sanctuary,natural beauty"
1602,Padampur Park (Bhimwali Park),padampur park also known a bhimwali park is a wellknown recreational area located in jautapani kalika municipality chitwan district nepal situated at mfrm72r jautapani 44204 nepal the park offer a variety of experience for visitor,Bagmati Province,"park,recreation,natural beauty"
1604,Padhere Dada Mosque,padhere dada mosque is a wellknown mosque located in gogane nepal at coordinate 5x3874 57000 it offer a variety of experience for visitor including opportunity for prayer reflection and cultural engagement,Koshi Province,"mosque,religious site,cultural hub"
1605,Padma Sundar Lawoti Park,padma sundar lawoti park is a notable public space located in phidim the administrative center of panchthar district in eastern nepal situated at coordinate 27° 48 24 n latitude and 87° 18 24 e longitude the park offer a variety of experience for visitor key feature memorial significance the park is named in honor of the late padma sundar lawoti a prominent political figure and former minister who contributed significantly to the region development his legacy is commemorated within the park,Koshi Province,"park,recreation,cultural landmark"
1610,Pakhribas Picnic Spot,pakhribas picnic spot is a serene destination located in pakhribas dhankuta district nepal surrounded by lush greenery and offering stunning view of the surrounding hill it serf a an ideal retreat for family friend and nature enthusiast seeking a peaceful environment for picnicking and relaxation,Koshi Province,"picnic spot,natural beauty,recreation area"
1611,Pakucha Hiking Trail,pakucha located near dhulikhel in nepal is a popular hiking destination known for it scenic trail and panoramic view of the surrounding landscape situated at coordinate jhf85rg pakucha goreto dhulikhel 45200 nepal it offer a serene environment for hiker seeking a tranquil experience the hike to pakucha is considered moderate making it accessible to a wide range of hiker the trail wind through lush forest and traditional village providing opportunity to observe local flora fauna and culture upon reaching pakucha hiker are rewarded with expansive view of the himalayan range and the verdant valley below for those interested in exploring the area it advisable to start the hike early in the morning to fully enjoy the natural beauty and avoid the midday heat carrying sufficient water wearing appropriate footwear and checking local weather condition before embarking on the hike are recommended while in the region hiker might also consider exploring other nearby attraction in dhulikhel known for it rich cultural heritage and stunning mountain vista,Bagmati Province,"hiking,natural beauty,outdoor adventure"
1612,Pakuwa Khola Trekking Route,pakuwa khola situated near dharan in eastern nepal is a notable destination for trekking enthusiast the area is characterized by it natural beauty featuring lush landscape and flowing stream that provide a serene environment for trekker trekking experience the trek to pakuwa khola offer a moderate challenge making it suitable for both novice and experienced hiker the trail meander through verdant forest and traditional village allowing trekker to immerse themselves in the local culture and natural surroundings the sound of the flowing khola river accompanies hiker enhancing the tranquil experience,Koshi Province,"trekking,natural beauty,rural tourism"
1613,Palanchowk Bhagwati Tower Picnic Spot,palanchowk bhagwati tower picnic spot is a popular destination located near the historic palanchowk bhagwati temple in panchkhal nepal this spot offer visitor a serene environment with panoramic view of the surrounding landscape making it an ideal location for picnic and family outing key feature scenic view the picnic spot provides breathtaking vista of the himalayan range and the lush countryside offering a tranquil setting for visitor,Bagmati Province,"picnic spot,natural beauty,recreation area"
1614,Palpa Durbar & Museum,the palpa durbar museum is a historical and cultural site located in tansen nepal once the royal palace the building wa transformed into a museum that showcase a range of exhibit on the history art and culture of the palpa region the museum offer insight into local tradition a well a artifact spanning from spiritual relic to cultural item it is an excellent spot for visitor who want to learn about the region rich heritage art and history not only doe it highlight the area past but it also allows a glimpse into the unique architectural style of the building though relatively new a a museum it present a significant opportunity to explore the cultural richness of palpa which is a key area in nepal history visitor can spend around 40 minute here and get a deep dive into palpas tradition while it is primarily an educational destination the museum also serf a an artistic hub providing a remarkable collection of artifact the museum preservation effort along with thoughtful display make it a mustvisit for history enthusiast and those interested in nepalese culture,Lumbini Province,"historic site,museum,cultural heritage"
1617,Palpasa Art Gallery,palpasa art gallery is a wellknown location located at mahaamanyajausharaii nagarakaota 44800 naepaala it is known for being a artgallery it offer a variety of experience for visitor,Bagmati Province,"art gallery,cultural hub,tourist attraction"
1618,Palung Gadhi,palung gadhi situated in the palungtar municipality of gorkha district nepal is a historical site renowned for it strategic significance during the unification of nepal in the 18th century the term gadhi refers to a fort or stronghold and palung gadhi served a a crucial military base for king prithvi narayan shah force the fort strategic location allowed for effective control over the surrounding region playing a pivotal role in the unification campaign today palung gadhi stand a a testament to nepal rich history attracting visitor interested in exploring it historical significance and the scenic beauty of the surrounding area while specific detail about a museum at palung gadhi are limited the site itself offer valuable insight into nepal military history and the unification effort of the 18th century visitor can explore the remnant of the fortification and enjoy panoramic view of the surrounding landscape for those interested in a more comprehensive historical experience the nearby palpa durbar museum in tansen provides a rich collection of artifact and exhibit related to the region history and culture this museum offer a deeper understanding of the historical context of site like palung gadhi in summary palung gadhi is a significant historical site in nepal offering visitor a glimpse into the country unification history and the strategic military operation of the 18th century,Bagmati Province,"historic site,cultural heritage,tourist attraction"
1621,Panauti Durbar Square,panauti durbar square located in the heart of panauti nepal is a historic site that offer a variety of experience for visitor this square is renowned for it wellpreserved newar architecture ancient temple and rich cultural heritage key feature historical significance panauti durbar square is a testament to the town rich history showcasing traditional newar architecture and ancient temple the square is a unesco tentative site reflecting it cultural importance cultural heritage visitor can explore intricately carved wooden structure stone sculpture and ancient shrine that reflect the artistic prowess of the newar community the square serf a a hub for local festival and cultural event offering an immersive experience into the tradition of the area visitor information location panauti durbar square is situated at hgp8255 panauti 45209 nepal best time to visit the ideal time to visit is during the dry season from october to march when the weather is favorable for outdoor activity,Bagmati Province,"historic site,cultural heritage,tourist attraction"
1625,Pancha Batika,pancha batika is a wellknown park located at fcqhxwq siddharthanagar 32900 nepal it is a popular spot for picnic and offer a variety of experience for visitor the park is open daily from 600 am to 700 pm,Lumbini Province,"park,picnic spot,recreation area"
1626,Panchadeval Picnic Spot,panchadeval picnic spot located in godawari lalitpur district nepal is a popular destination for picnic and leisure activity situated near the godawari botanical garden it offer visitor a serene environment to relax and enjoy nature the area is known for it lush greenery making it an ideal spot for family outing and gathering visitor can engage in various activity such a picnicking nature walk and photography the proximity to the godawari botanical garden allows for exploration of diverse plant specie and tranquil surroundings the spot is easily accessible from kathmandu making it a convenient choice for a day trip for those planning a visit it advisable to check the latest information regarding entry fee operating hour and any specific guideline to ensure a pleasant experience,Bagmati Province,"picnic spot,recreation,natural beauty"
1627,"Panchadhura Temple,Bardibas",panchadhura temple also known a panchadhura mai mandir is a revered hindu temple situated in the heart of maisthan bardibas mahottari district nepal the temple is approximately a 30minute walk from bardibas town key feature religious significance the temple is dedicated to goddess panchadhura mai and is a significant pilgrimage site for hindu in the region devotee visit to perform traditional ritual including pujas and havans natural surroundings the temple is set amidst a serene environment featuring a pond adorned with lotus flower the area is also home to various temple and a well enhancing the spiritual ambiance community activity the temple serf a a venue for various community event such a workshop and marriage it is also a popular spot for picnic among local school and college visitor information location 2v397hr bardibas 45701 nepal operating hour the temple is open yearround 247 facility visitor can engage in traditional ritual explore the natural surroundings and participate in community event,Madhesh Province,"hindu temple,religious site,cultural significance"
1628,Panchakanya Mai Temple,the panchakanya mai temple situated in ugaratar jana gaala nepal is a revered hindu temple dedicated to the goddess panchakanya mai this sacred site attracts devotee and visitor seeking spiritual solace and cultural enrichment location and accessibility the temple is located at jgr35ph ugaratar jana gaala 45210 nepal to reach the temple one can travel from the nearest town or city to the designated location it advisable to consult local guide or map for precise direction cultural significance panchakanya mai temple hold significant cultural and religious importance in the region the temple is dedicated to panchakanya mai a revered deity in hinduism devotee visit the temple to seek blessing and participate in various religious ceremony visitor information visitor to the temple can experience the serene environment and observe traditional hindu ritual the temple architecture reflects the rich cultural heritage of the area it recommended to dress modestly and respect local custom when visiting,Bagmati Province,"hindu temple,religious site,cultural heritage"
1630,Panchpokhari Stupa (MANI Stupa),panchpokhari stupa mani stupa is a wellknown location located at 2pq7jxr naepaala it is known for being a park it offer a variety of experience for visitor,Bagmati Province,"buddhist stupa,religious site,natural beauty"
1631,Pandav Gufa Fields,pandav gufa field situated in the sinja valley of jumla district nepal is a site of historical and cultural significance the area is renowned for it association with the pandavas the central figure of the mahabharata epic according to local tradition the pandavas are believed to have spent part of their 12year exile in this region the sinja valley where pandav gufa field is located is also notable for it rich archaeological heritage it is considered the cradle of the khas language an important linguistic group in nepal the valley offer a wealth of religious cultural historical and archaeological evidence that relates to the origin of the khas nepali language visitor to pandav gufa field can explore the natural cave believed to be the pandavas shelter a well a the surrounding barley field and the hima river which add to the area scenic beauty the valley rich history and cultural significance make it a noteworthy destination for those interested in nepal heritage,Karnali Province,"historic site,tourist attraction,cultural heritage"
1633,Pangboche Monastery,pangboche monastery located in the village of pangboche in the solukhumbu district of nepal is an important religious and cultural landmark this monastery founded in the 17th century is one of the oldest sherpa monastery in the khumbu region it is famous for it role in sherpa religious life and hold several ceremony ritual and festival throughout the year the monastery is also noted for it unique collection of artifact including the famous yeti scalp which is claimed to be a relic from the mythical creature the yeti visitor can explore it ancient wall painting and sacred text which offer insight into the spiritual practice of the sherpa people the monastery is situated against the backdrop of the majestic himalaya adding to the serene and aweinspiring atmosphere of the area,Koshi Province,"buddhist monastery,historic site,cultural heritage"
1634,"Pangsang Vanjyang, Ruby Valley",pangsang vanjyang located in the ruby valley of nepal is renowned for it panoramic view of the ganesh himal range situated at an elevation of approximately 3800 meter 12467 foot it serf a a significant vantage point along the pangsang la pas trek this trek offer trekker the opportunity to immerse themselves in the natural beauty of the himalaya explore traditional tamang village and experience the rich cultural heritage of the region the ruby valley area is less frequented by tourist providing a more secluded and authentic trekking experience the trail pass through diverse landscape including subtropical forest terraced field and alpine meadow culminating in breathtaking view of the ganesh himal langtang himal and manaslu peak for those interested in exploring this region the pangsang la pas trek is a recommended route it typically span 9 to 10 day and offer a blend of adventure cultural immersion and stunning mountain vista,Bagmati Province,"monument,hiking,natural beauty"
1636,Panpiyahh Park,panpiyahh park is a wellknown recreational area located in barahampur nepal at coordinate vhrr55j baabaragamja raoda barahampur 45800 the park offer a variety of experience for visitor including natural beauty the park is known for it scenic landscape providing a tranquil environment for relaxation and leisure activity recreational facility visitor can enjoy various amenity such a walking path picnic spot and open space suitable for outdoor game and gathering cultural significance the park serf a a community hub hosting local event and cultural program that reflect the tradition and heritage of the area visitor information location vhrr55j baabaragamja raoda barahampur 45800 nepal operating hour the park is open daily from 600 am to 600 pm facility the park provides basic amenity such a seating area restroom and waste disposal bin to ensure a comfortable experience for visitor,Madhesh Province,"park,recreation,natural beauty"
1637,Papechung Dada,papechung dada is a scenic park located in phidim the administrative center of panchthar district in eastern nepal situated at coordinate 8v4v8f4 phidim 56200 nepal this park offer visitor a tranquil environment to relax and enjoy the natural beauty of the region phidim is renowned for it picturesque landscape including view of the kanchenjunga mountain range lush forest and diverse flora and fauna the town serf a a gateway for trekker heading towards the kanchenjunga conservation area one of nepal most pristine and lessexplored trekking region while specific detail about papechung dada are limited it location within phidim suggests it is part of the town effort to provide recreational space for both local and visitor the park serene atmosphere make it an ideal spot for leisurely walk picnic and enjoying the surrounding natural beauty,Koshi Province,"park,natural beauty,recreation area"
1638,Parasi Clock Tower,parasi clock tower is a historic landmark situated in ramgram nepal at coordinate gmj7fc2 ramgram harpur rd ramgram 33007 this clock tower serf a a central point for the community surrounded by lively market and traditional eatery making it a perfect spot for traveler to immerse themselves in local life,Lumbini Province,"monument,historic site,cultural hub"
1639,Parbat Beni,parbat beni located in the myagdi district of nepal is a town known for it scenic beauty and cultural significance while specific information about an art gallery in parbat beni is limited the town and it surroundings offer a rich cultural experience one notable cultural site is the heritage mallaj a 110yearold property situated above parbat beni at an elevation of 1205 meter this heritage site offer insight into the traditional architecture and lifestyle of the region additionally the kamalpur gallery provides a visual perspective of parbat beni myagdi beni and mangalaghat a seen from mallaj,Gandaki Province,"art gallery,cultural hub,tourist attraction"
1641,Paroha Lakeview Picnic Spot,paroha lakeview picnic spot located at r7x8c2 tejapakar 44500 nepal is a popular destination for visitor seeking a serene environment to relax and enjoy nature situated in the rautahat district this spot offer picturesque view of the surrounding landscape making it an ideal location for picnic and leisure activity,Bagmati Province,"picnic spot,natural beauty,recreation area"
1643,Parsa Gadhi Temple,parsa gadhi temple located at 4vp4w2j baageshwari taitarona 44300 nepal is a significant historical and religious site situated near jigana village the temple is dedicated to lord banwar baba a revered figure in the region historical significance approximately 250 year ago a pivotal battle occurred at this site where local force led by commander banwar baba successfully defended against british troop following the victory the temple wa constructed to honor the heroism of commander banwar baba the dashain festival a major hindu celebration is particularly significant here with devotee gathering to commemorate the battle and pay homage to the commander,Madhesh Province,"hindu temple,historic site,cultural heritage"
1646,Patan Dhoka Chautara,patan dhoka chautara is a notable landmark situated at m8hcc9h campus rd lalitpur 44700 nepal this chautara or resting place is a traditional stone platform designed for traveler to rest and socialize chautaras are common in nepalese culture especially in rural area serving a communal spot for rest and interaction located near the historic patan dhoka patan gate the chautara offer visitor a glimpse into the local lifestyle and architecture patan dhoka is a significant entrance to the ancient city of patan known for it rich cultural heritage and traditional newar architecture visitor to patan dhoka chautara can experience the serene ambiance of the area observe local life and appreciate the intricate woodwork and carving characteristic of newar craftsmanship the surrounding area is also home to various temple courtyard and narrow alley providing a comprehensive cultural experience,Bagmati Province,"landmark,historic site,cultural hub"
1648,Patan Museum,patan museum located in the heart of patan durbar square is a premier institution dedicated to preserving and showcasing nepal rich cultural heritage housed within the northernmost building complex of the durbar area the museum is set around the keshav narayan chowk a courtyard named after the central temple dedicated to keshavnarayan a form of lord vishnu this area historically known a chaukot durbar or the fourcornered fortpalace offer visitor a glimpse into the architectural grandeur of the malla king established with the collaborative effort of the austrian and nepalese government the museum wa inaugurated in 1997 it ha since been acclaimed a one of the finest museum in south asia offering an extensive collection of traditional sacred art from nepal the exhibit primarily focus on hindu and buddhist artifact including intricately cast bronze repoussé work in copper and ornate wood carving each piece is accompanied by detailed caption providing context within the living tradition of these religion the museum architecture is a masterpiece in itself reflecting the traditional newar craftsmanship of the kathmandu valley visitor can explore the museum three floor each meticulously restored to showcase the art and artifact in their original splendor the museum setting within the historic patan durbar square further enhances the cultural experience allowing visitor to immerse themselves in the rich history and artistry of the region for those planning a visit the museum is open daily from 1000 am to 400 pm with an entry fee of npr 250 for foreign national the museum also offer educational program and workshop making it a valuable resource for those interested in nepalese art and culture in addition to it permanent collection patan museum host temporary exhibition and cultural event further enriching the visitor experience whether youre an art enthusiast a history buff or simply curious about nepal cultural heritage patan museum offer a comprehensive and immersive experience,Bagmati Province,"museum,historic site,cultural heritage"
1651,Pathibhara Art Gallery,pathibhara art gallery located in kathmandu nepal specializes in tibetan authentic traditional thangkas these intricate artwork are created by highly skilled artist and serve a both spiritual expression and source of blessing,Madhesh Province,"art gallery,tourist attraction,cultural hub"
1652,Pathlaiya Park,pathlaiya park is a wellknown location located at 5xxjq82 gadhaiimaaii 44400 naepaala it offer a variety of experience for visitor pathlaiya park is a wellknown location located at 5xxjq82 gadhaiimaaii 44400 naepaala it offer a variety of experience for visitor pathlaiya park is a wellknown location located at 5xxjq82 gadhaiimaaii 44400 naepaala it offer a variety of experience for visitor pathlaiya park is a wellknown location located at 5xxjq82 gadhaiimaaii 44400 naepaala it offer a variety of experience for visitor pathlaiya park is a wellknown location located at 5xxjq82 gadhaiimaaii 44400 naepaala it offer a variety of experience for visitor pathlaiya park is a wellknown location located at 5xxjq82 gadhaiimaaii 44400 naepaala it offer a variety of experience for visitor pathlaiya park is a wellknown location located at 5xxjq82 gadhaiimaaii 44400 naepaala it offer a variety of experience for visitor pathlaiya park is a wellknown location located at 5xxjq82 gadhaiimaaii 44400 naepaala it offer a variety of experience for visitor pathlaiya is an industrial area located in bara district nepal it is known for hosting various industry including manufacturing and processing unit the region industrial significance contributes to economic activity and employment opportunity in the area if you have specific question about pathlaiya feel free to ask major junction to connect nepal with indiathis place connects birgunj raxaul in the south hetauda and west in the north and mahendrahighway in the eastern portalconstructed by nepal ussr cooperation it is currently renovating and the place is gate of going a two route 1 north side to hetuda narayanghat kathmandu 2 simara birgunj to india raxual bihar good place for find public vehicle to travel all over nepal sunil basnet house park haina normal clean green road decorated hiway ho good you can find bus for each place nearly,Madhesh Province,"park,recreation,nature retreat"
1654,Petare Daha,petare daha located in baajhakharka nepal is a serene lake that offer a tranquil environment for visitor situated at coordinate vmfgx7 baajhakharka 57400 nepal it is known for it natural beauty and is a popular spot for hiking enthusiast key feature scenic beauty the lake is surrounded by lush greenery and offer picturesque view making it an ideal spot for nature lover and photographer hiking opportunity the area around petare daha provides various hiking trail suitable for different skill level allowing visitor to explore the natural surroundings local culture visitor can experience the local culture and hospitality of the baajhakharka community adding a cultural dimension to their visit visiting information location petare daha is located in baajhakharka nepal with coordinate vmfgx7 baajhakharka 57400 nepal access the lake is accessible via local road from nearby town it advisable to check local map or consult with local for the best route activity visitor can enjoy hiking photography and exploring the natural beauty of the area,Koshi Province,"lake,hiking,natural beauty"
1657,Phedap Manggena Yak,phedap manggena yak located in saimale nepal is a historic site known for it cultural significance the area is part of the phedap rural municipality in terhathum district province no 1 nepal phedap is renowned for it rich cultural heritage including traditional limbu performance and the preservation of local language and script key feature cultural significance phedap is known for it traditional limbu performance which reflect the sociocultural and religious aspect of the community natural beauty the area offer picturesque landscape including view of snowcapped peak and lush greenery making it a serene destination for visitor local community the local community is known for it hospitality and effort to preserve their cultural heritage including traditional performance and language visiting information location phedap manggena yak is located in saimale within the phedap rural municipality terhathum district nepal access the site is accessible via local road from the district headquarters traveling by private vehicle is recommended due to the unpaved road condition accommodation homestays are available in the area offering visitor an opportunity to experience local culture and hospitality,Koshi Province,"historic site,cultural heritage,natural beauty"
1658,Phedii,phedii is a wellknown location located at cx4hq6 daobhaanae 57000 naepaala it is known for being a touristattraction it offer a variety of experience for visitor,Koshi Province,"tourist attraction,recreation,natural beauty"
1659,Phewa Lake,phewa lake also known a fewa lake is a prominent freshwater lake situated in the pokhara valley of nepal a the secondlargest lake in nepal it span approximately 443 square kilometer and reach depth of up to 24 meter the lake is renowned for it serene water that mirror the surrounding annapurna and dhaulagiri mountain range creating a picturesque landscape a notable feature of phewa lake is the tal barahi temple dedicated to the hindu goddess barahi this twostory pagodastyle temple is situated on a small island in the lake and is accessible by boat the temple serf a a significant cultural and religious site attracting both pilgrim and tourist visitor to phewa lake can engage in various activity including boating fishing and exploring the lakeside promenade known a lakeside the area is lined with numerous cafe restaurant and shop offering a vibrant atmosphere for relaxation and entertainment additionally the nearby rani ban queen forest provides opportunity for nature walk and birdwatching for those interested in panoramic view of the lake and the surrounding mountain a hike up to the world peace pagoda is recommended the pagoda offer breathtaking vista and a tranquil environment for meditation and reflection phewa lake combination of natural beauty cultural significance and recreational opportunity make it a mustvisit destination for traveler exploring nepal,Gandaki Province,"lake,hindu temple,recreation area"
1660,Phidim Bazar,phidim bazar located in the panchthar district of eastern nepal serf a the district administrative center situated at an elevation of approximately 1000 meter it offer panoramic view of the surrounding himalaya including peak like kanchenjunga and makalu the town is characterized by it diverse cultural heritage with inhabitant from various ethnic group such a limbu magar yakha gurung rai tamang and brahmin this diversity is reflected in the town festival tradition and daily life phidim bazar is a commercial hub for the rural surroundings offering a variety of experience for visitor the town is also a gateway for trekker heading towards the taplejung district which border the tibetan autonomous region of china the mechi highway connects phidim to other part of nepal facilitating access to the region,Koshi Province,"town,cultural hub,tourist attraction"
1661,Phulchowki,phulchowki hill situated approximately 20 kilometer south of kathmandu is the highest hill surrounding the kathmandu valley standing at an elevation of about 2750 meter 9022 foot highlight scenic view from the summit visitor can enjoy panoramic vista of the kathmandu valley the himalayas—including peak like gauri shankar jugal dorje lakpa langtang ganesh himal sisapangma manaslu and annapurna—and the surrounding landscape biodiversity the area is rich in flora and fauna making it a popular spot for birdwatching and nature walk phulchowki mai temple at the top of the hill lie the phulchowki mai temple a significant hindu pilgrimage site the temple is dedicated to the goddess phulchowki mai and is a focal point for visitor,Bagmati Province,"hiking,biodiversity,tourist attraction"
1664,Pigeon Hill Resort,pigeon hill resort located in damauli tanahun district nepal is a wellknown park offering a variety of experience for visitor situated approximately 5 km from damauli on the damauliborletar road,Gandaki Province,"park,recreation,natural beauty"
1666,Pikey Base Camp,pikey base camp situated in the solukhumbu region of nepal is renowned for it panoramic view of the everest and kanchenjunga mountain range this trek offer a serene alternative to the more crowded everest base camp route allowing trekker to experience the himalaya beauty without the highaltitude challenge,Bagmati Province,"picnic spot,hiking,natural beauty"
1667,Pilot Baba Ashram,pilot baba ashram situated approximately 6 kilometer south of bhaktapur durbar square is a serene spiritual retreat established by pilot baba a former pilot who left his profession to seek true peace away from the turmoil of war and human conflict,Bagmati Province,"spiritual retreat,museum,cultural hub"
1669,Pingal Park,pingal park is a recreational area situated in thecho a culturally rich town in lalitpur district nepal thecho is renowned for it traditional newar culture festival and historic temple including the pingal temple which is central to the local community the park is located on thecho chapagaun road near notable landmark such a the ridhi vinayak temple and the balkumari temple visitor to pingal park can enjoy the serene environment engage with the local community and explore the surrounding cultural site thecho host various festival and traditional event throughout the year offering visitor a chance to experience the vibrant newar culture firsthand,Bagmati Province,"park,recreation,cultural hub"
1671,Piple Kalika Mandir,piple kalika mandir is a revered hindu temple situated in the tanahun district of nepal near the town of tanaseena dedicated to goddess kalika the temple hold significant religious importance for the local community visitor often come to seek blessing and experience the serene ambiance of the temple ground the temple is located at an elevation of approximately 3500 foot 1067 meter above sea level offering panoramic view of the surrounding landscape the area is characterized by lush greenery and rolling hill making it a peaceful retreat for devotee and traveler alike,Lumbini Province,"hindu temple,religious site,natural beauty"
1679,Poudeldada,poudeldada is a popular picnic spot located in chhagan gaun nepal situated approximately 44600 meter from the central area it offer a serene environment ideal for relaxation and outdoor activity,Bagmati Province,"picnic spot,recreation,natural beauty"
1681,Pradhan Dada,pradhan dada is a scenic hilltop located in bungkot nepal at an elevation of approximately 2000 meter it is renowned for it panoramic view of the surrounding mountain and valley making it a popular destination for picnic and nature excursion visitor can enjoy activity such a hiking photography and birdwatching the area is accessible via a wellmaintained trail from the nearby village and it is advisable to check local condition before planning a visit,Gandaki Province,"picnic spot,hiking,natural beauty"
1682,Pradhan Senapati Badabir Statue,the pradhan senapati badabir statue is a monument located in shangakhara nepal it honor pradhan senapati badabir a distinguished military leader known for his contribution to nepal history the statue serf a a tribute to his legacy and is a point of interest for those exploring nepal historical site,Bagmati Province,"monument,historic site,cultural landmark"
1684,Prithivi Narayan Shah Statue,the prithivi narayan shah statue located at mfm72xx in bautawala 32907 nepal is a significant monument honoring king prithvi narayan shah the founder of the shah dynasty and the first king of unified nepal this statue stand a a testament to his vision and leadership in uniting various small kingdom into a single nation highlight of the prithivi narayan shah statue historical significance king prithvi narayan shah is credited with initiating the unification of nepal bringing together diverse region and culture under one rule,Lumbini Province,"monument,historic site,cultural landmark"
1687,Pumdikot Shiva Statue,the pumdikot shiva statue located approximately 16 kilometer north of pokhara nepal is a prominent landmark that attracts both pilgrim and tourist standing at 51 foot tall this statue is one of the largest of it kind in nepal,Gandaki Province,"monument,hindu temple,tourist attraction"
1688,Pun Community Museum,the pun community museum located in annapurna gaun palika 8 myagdi district nepal is dedicated to preserving and showcasing the rich cultural heritage of the pun magar community established along the karbakeli eco trek the museum offer visitor an immersive experience into the traditional lifestyle art and custom of the pun people,Gandaki Province,"museum,cultural heritage,tourist attraction"
1689,Puranche Dolakha,puranche dolakha is a historic site located in the dolakha district of nepal dolakha is renowned for it rich cultural heritage ancient monument and traditional newar architecture the district is home to several significant site including the dolakha bhimsen temple dedicated to bhimsen the patron god of trade and commerce,Bagmati Province,"historic site,cultural heritage,tourist attraction"
1691,Purna Museum of Newa Art,the purna museum of newa art is a distinguished institution located in kupondole height lalitpur nepal established to preserve and showcase the rich heritage of newa art the museum feature an extensive collection of traditional newa painting sculpture and artifact this collection is the result of over four decade of dedication by it founder anjana and the late purna man shakya,Bagmati Province,"museum,cultural heritage,art gallery"
1692,Purnachandi Mandir,the purnachandi temple also known a siddhi laxmi temple is a significant hindu temple located approximately 500 meter west of patan durbar square in lalitpur nepal dedicated to the goddess purnachandi the temple is renowned for it rich history and architectural beautythe purnachandi temple is a threestory pagodastyle structure standing at the south end of a small teardrop shaped pond the first and second story are covered in copper while the third story is adorned with gold the temple intricate wood carving and detailed architecture reflect the artistic heritage of the newar community,Bagmati Province,"hindu temple,historic site,cultural landmark"
1693,Pushpalal Memorial Park,pushpalal memorial park is a wellmaintained public park located at p853x5j pushpalal path kathmandu 44600 nepal established in memory of comrade pushpalal shrestha a prominent figure in nepal communist movement the park offer a variety of experience for visitor,Bagmati Province,"park,recreation,cultural landmark"
1695,RICH Museum of Craft and Design,the rich museum of craft and design located at j8m9949 lalitpur 44700 nepal is a cultural hub dedicated to preserving and showcasing nepal rich artistic heritage housed in a traditional newarstyle house the museum offer visitor a glimpse into the intricate craftsmanship and design that define nepalese art,Bagmati Province,"museum,cultural hub,tourist attraction"
1696,RN Joshi Museum / Park Gallery,the rn joshi museum park gallery situated in lalitpur nepal is dedicated to the work of the esteemed nepali artist rn joshi this cultural landmark offer a diverse collection of painting and sculpture that encapsulate nepal rich artistic heritagehe museum is housed in a traditional newastyle house providing an authentic ambiance that complement it artistic exhibit the surrounding park offer a serene environment for relaxation and contemplation visitor can explore the gallery engage with the artwork and enjoy the tranquil park setting,Bagmati Province,"museum,tourist attraction,cultural hub"
1699,Rasa Taal,rasa taal also known a rastra sammanit taal is a picturesque natural lake situated near itahari in the ramdhuni municipality of baklauri sunsari district nepal often referred to a the fewa lake of eastern nepal it offer a serene environment for visitor,Koshi Province,"lake,tourist attraction,natural beauty"
1700,Raatmaate Chautari,raatmaate chautari is a traditional resting place in baenaighat nepal in nepalese culture a chautari refers to a shaded resting spot often under a large tree like a banyan or ficus where traveler can rest and socialize these chautaris are typically surrounded by a stone retaining wall creating a communal space for relaxation and interaction,Madhesh Province,"park,recreation,cultural hub"
1701,Rabi Stand Gate,rabi stand gate is a wellknown location located at mpf35mf damaka 57217 naepaala it is known for being a historicsite it offer a variety of experience for visitor,Madhesh Province,"historic site,cultural hub,tourist attraction"
1702,Radha Krishna Temple,the radha krishna temple in mayurbasti bardiya nepal is a revered hindu temple dedicated to lord radha and lord krishna situated in the bardiya district the temple serf a a spiritual center for devotee and visitor alike location and accessibility located in mayurbasti bardiya the temple is accessible via local road visitor can reach the temple by traveling through the bardiya district which is wellconnected to major city in nepal cultural and religious significance the radha krishna temple is a place of worship and cultural gathering it host various religious ceremony festival and community event providing a serene environment for meditation and spiritual practice,Lumbini Province,"hindu temple,religious site,cultural hub"
1708,Rainaskot,rainaskot situated in the lamjung district of nepal is a historical village renowned for it rich cultural heritage and breathtaking natural beauty perched at an elevation of approximately 1700 meter it offer panoramic view of 18 mountain range including annapurna fishtail manaslu ganesh lamjung himal buddha himal and dr harka himal historical significance in the 15th century rainaskot served a the administrative base for drabya shah a king of nepal former shah dynasty the area is home to several ancient fort such a kalika koteswhar mahadev and thanimai which were constructed in the 14th century to protect the region,Gandaki Province,"historic village,tourist attraction,natural beauty"
1709,Rainbow Thanka Gallery,rainbow thanka gallery established in 1989 is a renowned art gallery located at 453 narsing chowk thamel kathmandu 44600 nepal specializing in traditional nepalese thangka painting the gallery offer a diverse collection of artwork that reflect the rich cultural heritage of nepal,Bagmati Province,"art gallery,museum,cultural hub"
1710,"Rajaji Maharaj Temple,Kanchanrup,Saptari",rajaji maharaj templekanchanrupsaptari is a wellknown location located at mv5xcm kanyachanaraupa 56400 naepaala it is known for being a hindutemple it offer a variety of experience for visitor,Madhesh Province,"hindu temple,religious site,cultural hub."
1716,Raktakali Memorial Park,raktakali memorial park located in nepal is a serene public space dedicated to the revered goddess raktakali a manifestation of goddess kali the park offer visitor a tranquil environment for relaxation and reflection complemented by it lush greenery and wellmaintained pathway adjacent to the park is the historic raktakali temple situated near naradevi in kathmandu this temple is one of nepal prominent shrine dedicated to goddess kali known locally a kulabhulu ajima the temple architecture and spiritual significance attract both devotee and tourist seeking to experience nepal rich cultural heritage,Bagmati Province,"park,recreation,cultural heritage"
1721,Ram Sita Vivah Mandap,the ram sita vivah mandap in janakpur nepal is a revered site commemorating the divine marriage of lord rama and goddess sita this sacred pavilion located southwest of the janaki mandir is a significant pilgrimage destination especially during the annual vivah panchami festival which celebrates their union architectural feature constructed from marble the mandap resembles a palace with sturdy pillar elegant arch and stunning dome at it center a depiction of the legendary wedding ceremony feature idol of lord rama and goddess sita on a raised pedestal with accompanying figure representing sage and their parent seated on parallel pedestal these idol adorned in colorful attire evoke the grandeur of the ancient royal celebration cultural significance the mandap hold immense importance for devotee symbolizing the sacred bond between rama and sita during vivah panchami observed on the fifth day of the waxing moon in november or december thousand of pilgrim visit to pay homage and participate in ritual reenacting the divine marriage,Madhesh Province,"historic site,hindu temple,cultural heritage"
1722,Ramagrama Relic Stupa,the ramagrama relic stupa located in ramgram municipality parasi district nepal is a significant buddhist monument renowned for being the only undisturbed original stupa containing relic of lord buddha historical significance after lord buddha cremation his relic were distributed among eight ancient kingdom each enshrining them in stupa the ramagrama stupa constructed in the 6th century bce is unique a it remains unopened and intact preserving it original sanctity,Lumbini Province,"buddhist stupa,historic site,cultural heritage"
1724,Ramapithecus Park,ramapithecus park located in the picturesque region of dobhan butwal nepal is a captivating destination that seamlessly blend natural beauty with historical significance situated approximately 7 kilometer from butwal the park offer a serene retreat from urban life,Lumbini Province,"park,recreation,historic site"
1725,Ramaroshan Lake,ramaroshan lake situated at an elevation of approximately 2500 meter in achham district farwestern nepal is a serene destination renowned for it natural beauty and cultural significance the area encompasses 12 lake and 18 meadow locally known a patans offering a tranquil retreat for nature enthusiast and traveler visitor can engage in activity such a trekking nature walk wildlife observation and photography all while enjoying the breathtaking view of the budhiganga basin and the peak of mount api and mount saipal the region is also home to diverse wildlife including the himalayan monal nepal national bird a well a bear wild cat and musk deer for those interested in exploring this hidden gem basic lodging facility are available in the vicinity providing option for local food and cultural experience,Sudurpashchim Province,"lake,natural beauty,tourist attraction"
1726,Ramaroshan Patal,ramaroshan patal situated at an elevation of approximately 2500 meter in achham district nepal is a captivating destination renowned for it natural beauty and cultural significance the area feature 12 lake and 18 meadow locally known a patans offering a serene environment for visitor the largest lake jigale lake is uniquely shaped like the english letter c while taune lake is the smallest the region is also home to diverse wildlife including the himalayan monal nepal national bird a well a bear wild cat and musk deer visitor can enjoy activity such a trekking nature walk and wildlife observation all while taking in the breathtaking view of the budhiganga basin and the peak of mount api and mount saipal for those interested in exploring this hidden gem basic lodging facility are available in the vicinity providing option for local food and cultural experience,Sudurpashchim Province,"lake,natural beauty,rural tourism."
1727,Rambha Top,rambha top situated in tahu palpa district nepal is a popular picnic spot known for it scenic beauty and panoramic view visitor can enjoy the lush greenery serene environment and the opportunity to relax amidst nature the area is accessible and offer a peaceful retreat for those looking to escape the hustle and bustle of city life it an ideal destination for family and friend seeking a day out in the natural surroundings of nepal,Gandaki Province,"picnic spot,natural beauty,recreation area."
1728,Ramche Stone Park,ramche stone park located in patlekhet kavrepalanchok district nepal is a picturesque destination known for it lush green field and serene surroundings visitor can immerse themselves in the natural beauty of the area making it an ideal spot for relaxation and sightseeing the park offer a tranquil environment perfect for those seeking a peaceful retreat amidst nature,Bagmati Province,"tourist attraction,natural beauty,recreation area."
1735,Rani Mahal,rani mahal often referred to a the taj mahal of nepal is a historic palace situated on the bank of the kali gandaki river in palpa district constructed in 1893 by general khadga shumsher jung bahadur rana the palace wa built in memory of his beloved wife tej kumari devi this architectural gem combine classical european style with local craftsmanship featuring grand veranda and intricate detailing despite it historical significance and romantic origin rani mahal remains relatively secluded offering visitor a serene and picturesque experience amidst nepal natural beauty,Gandaki Province,"historic site,cultural heritage,tourist attraction"
1737,Rani Pokhari,rani pokhari meaning queen pond is a historic artificial pond situated in the heart of kathmandu nepal constructed in 1670 ad by king pratap malla the pond wa built to console his queen after the tragic loss of their son to sanctify the pond water wa collected from various holy site including gosaikunda muktinath badrinath and kedarnath the pond is squareshaped measuring approximately 180 meter by 140 meter and cover an area of 77 acre at it center stand a temple dedicated to the hindu deity shiva accessible via a walkway from kanti path four smaller temple are located at each corner of the pond with the southwest corner featuring the ganesh temple and a statue of an elephant depicting king pratap malla and his two son rani pokhari hold significant religious and aesthetic value making it one of kathmandu most renowned landmark the pond is typically fenced and open to the public during religious festival,Sudurpashchim Province,"historic pond,hindu temple,religious site"
1739,Raniban Simikot,raniban simikot located in simikot humla district nepal is a notable locality situated at an elevation of approximately 2960 meter the area is known for it natural beauty and offer panoramic view of the surrounding landscape making it a popular spot for visitor seeking scenic vista the term raniban translates to queen forest indicating the area lush greenery and forested environment additionally raniban is situated near simikot airport which is undergoing expansion to accommodate increased air traffic with development activity extending into the raniban area this proximity to the airport enhances accessibility for traveler visitor to raniban simikot can enjoy the serene environment explore local trail and experience the cultural aspect of the humla region,Karnali Province,"hiking,natural beauty,cultural exploration"
1741,Ranigunj Royal Palace,the ranigunj royal palace located in pokhariya parsa district nepal is a historic structure from the rana era built during the rana regime this palace reflects the architectural style of that period over time the palace ha experienced deterioration due to neglect and lack of maintenance effort have been made to document and raise awareness about it condition including a video highlighting it current state,Madhesh Province,"museum,historic site,cultural landmark."
1742,Ranipokhari of Bhaktapur,ranipokhari also known a the queen pond is a historic artificial pond located in the heart of kathmandu nepal constructed in 1670 by king pratap malla in memory of his son the pond feature a central temple dedicated to lord shiva known a the balgopaleshwor temple the pond is surrounded by a stone wall adorned with statue of elephant symbolizing the king and his son ranipokhari hold significant cultural importance and is a popular site for religious ritual and festival including the annual chhath festival in 2015 the pond suffered damage due to an earthquake but reconstruction effort were completed in october 2020 restoring it historical and cultural significance in addition to it historical significance ranipokhari ha been a center for various cultural activity during the malla period it served a a venue for royal ceremony and public gathering the pond design with it central temple and surrounding statue reflects the architectural and artistic achievement of the era the restoration project aimed to preserve these element while ensuring the pond structural integrity for future generation today ranipokhari stand a a testament to nepal rich cultural heritage attracting both local and tourist who come to admire it beauty and historical significance the pond continues to be a site for various cultural event and religious ceremony maintaining it role a a central landmark in kathmandu,Bagmati Province,"hindu temple,historic pond,cultural heritage."
1744,Raniwas Picnic Park,raniwas picnic park located in simraungadh bara district nepal is a popular destination for both local and tourist seeking a peaceful environment for picnic and relaxation the park is situated near the historical raniwas temple and palace adding cultural significance to the area visitor can enjoy the serene atmosphere explore the nearby historical site and participate in local festival such a the chaitra navami ishara mela celebrated annually in simraungadh,Madhesh Province,"park,picnic spot,recreation area."
1746,Rapti River,the rapti river flowing through dang district in nepal is a significant waterway that offer a variety of experience for visitor originating in the lesser himalaya the west rapti river traverse the siwalik hill and the terai plain of nepal before joining the ganga river in india,Lumbini Province,"river,tourist attraction,natural beauty."
1749,Rastriya Majhi Sangrahalaya,rastriya majhi sangrahalaya located in madhuwan nepal is dedicated to preserving and showcasing the custom art artifact and culture of the majhi community the museum house a collection of tool and item used in majhi ritual including boat fishing net and dhoksa reflecting the community traditional lifestyle the majhi community numbering over 111000 individual resides across 43 local level in 63 district of nepal the museum serf a a cultural hub aiming to educate the younger generation about their heritage and identity,Koshi Province,"museum,cultural heritage,tourist attraction."
1751,Ratan Khola Waterfall,ratan khola waterfall located near chyamrangbesi in the besisahar area of nepal is a picturesque destination known for it natural beauty and serene environment the waterfall is situated along the ratan khola ratan river offering visitor a refreshing experience amidst lush greeneryto reach ratan khola waterfall visitor typically travel from besisahar the district headquarters of lamjung district from besisahar a short drive or hike lead to chyamrangbesi where the waterfall is located the journey offer scenic view of the surrounding landscape including the annapurna range,Bagmati Province,"hiking,natural beauty,recreation area"
1757,Republic Memorial,the republic memorial also known a ganatantra smarak is a significant landmark situated within the premise of the narayanhiti palace museum in kathmandu nepal this memorial commemorates the individual who contributed to the establishment of nepal a a republic marking the end of the monarchy location and significance located at narayanhiti palace museum the republic memorial stand a a tribute to those who played pivotal role in nepal transition to a republic the memorial feature a museum gallery with photographic exhibit chronicling nepal democratic movement during different period of history design and feature the memorial includes a booklike stone art installation symbolizing the federal republic constitution of nepal additionally the area contains an auditorium that serf a a gallery space with photograph and significant event carved on the wall providing visitor with a comprehensive understanding of nepal democratic journey visiting information the republic memorial is open to the public and offer a profound insight into nepal political history visitor can explore the exhibit and learn about the nation path to becoming a republic,Bagmati Province,"monument,historic site,cultural landmark"
1758,Resunga Foot Trail,the trail lead to resunga hill a significant historical site featuring a temple dedicated to the goddess resunga devi believed to have been built in the 14th century the hill offer panoramic view of the surrounding himalaya making it a favored spot for sunrise and sunset observation,Lumbini Province,"temple,hiking,natural beauty."
1760,Resunga Yagyashala Mandir,the trail lead to resunga hill a significant historical site featuring a temple dedicated to the goddess resunga devi believed to have been built in the 14th century the hill offer panoramic view of the surrounding himalaya making it a favored spot for sunrise and sunset observation along the trail hiker can visit the yagyashala mandir a place where vedic ritual and ceremony are conducted this site provides insight into traditional hindu practice and offer a serene environment for reflection,Lumbini Province,"hindu temple,historic site,cultural heritage."
1762,Reva Art Gallery,reva art gallery located at m8gg3cc durbar square lalitpur 44600 nepal is a renowned art establishment offering a diverse range of artistic experience the gallery specializes in portrait charcoal oil painting and landscape in acrylic and oil medium,Bagmati Province,"art gallery,museum,cultural hub."
1763,Ridi Bazaar,ridi bazaar is a vibrant market town located at the confluence of the kali gandaki and ridi khola river in the gulmi district of nepal situated approximately 12 kilometer from the district headquarters gaighat ridi bazaar serf a a central hub for both local and pilgrim visiting the area,Lumbini Province,"tourist attraction,cultural hub,historic site."
1764,Rincheling Thanka Gallery and Art School,rincheling thangka gallery and art school situated on boudha road in kathmandu nepal is a renowned establishment dedicated to the creation and preservation of traditional tibetan thangka painting established in 1976 the school ha become a significant center for both the production and education of thangka art adhering to mahayana and vajrayana buddhist tradition visitor to rincheling thangka gallery can observe the meticulous process of thangka creation which involves intricate handpainting technique and the use of natural pigment the gallery offer a diverse collection of thangkas including depiction of deity mandala and scene from buddhist teaching these artwork serve a both spiritual tool for meditation and valuable cultural artifact the gallery also function a an art school providing instruction to aspiring artist in the traditional method of thangka painting under the guidance of experienced instructor student learn the philosophical and artistic principle underlying thangka art ensuring the continuation of this ancient craft,Bagmati Province,"art gallery,cultural heritage,tourist attraction."
1767,Rock Garden Rolpa,the rock garden in rolpa nepal is a scenic park situated at an elevation of approximately 3200 meter above sea level on satdobato hill in the khumel area of rolpa municipality3 located about 12 kilometer east of the district headquarters liwang the garden ha become a popular destination for both local and tourist seeking recreation and panoramic view visitor to the rock garden can enjoy a variety of experience including leisurely walk picnic and photography all while taking in the breathtaking vista of surrounding mountain such a annapurna machhapuchhre sisne jaljala and dhaulagiri the area is also known for it unique geography and changing temperature making it an attractive spot for nature enthusiast the garden is open daily from 1000 am to 500 pm offering ample time for visitor to explore and appreciate it natural beauty,Lumbini Province,"park,recreation,natural beauty."
1768,Rohini River Dam Site,the rohini river dam in tilottama nepal is a significant infrastructure project aimed at enhancing irrigation and flood control in the region initiated under the rohini irrigation project the dam is designed to irrigate over 4000 hectare of agricultural land across devdaha municipality tilottama municipality omsatiya rural municipality and rohini rural municipality the project also envisions promoting tourism by developing a 3600meterwide water reservoir suitable for boating activity however the construction ha faced challenge including environmental concern and budget constraint leading to delay in it completion for visitor interested in exploring the area the dam surroundings offer scenic view of the rohini river and the lush landscape of the terai region the nearby town of tilottama is known for it rich cultural heritage and historical site including the rishikesh temple a revered hindu pilgrimage site while the dam itself is primarily an infrastructure project the area provides opportunity for ecotourism and cultural exploration,Lumbini Province,"dam,tourist attraction,infrastructure landmark."
1772,Roshan Art Gallery,roshan art gallery located in dhangadhi nepal is a vibrant hub for art enthusiast and aspiring artist the gallery offer a variety of experience including art class workshop and exhibition fostering a creative community in the region visitor can explore diverse art form from traditional nepali style to contemporary piece and engage with local artist whether youre looking to enhance your artistic skill or appreciate the rich cultural expression of nepal roshan art gallery provides a welcoming space for all,Sudurpashchim Province,"art gallery,cultural hub,tourist attraction"
1774,Royal Beach Camp,royal beach camp situated along the trishuli river in khatauti khola dhading nepal is a premier ecoadventure destination offering a variety of outdoor activity established in 2006 the camp is strategically located approximately halfway between kathmandu pokhara and chitwan making it an accessible retreat for both local and tourist the camp provides a range of adventure sport including rafting canyoning and kayaking catering to both beginner and experienced enthusiast they offer weekend package that include rafting trip on the trishuli river with option for multiday expedition additionally the camp conduct kayaking course and familyfriendly adventure package ensuring a comprehensive experience for all visitor beyond adventure sport royal beach camp emphasizes ecotourism and community engagement they employ and train local youth enhancing their professional and social skill and contribute to the local economy by promoting sustainable tourism practice,Bagmati Province,"eco-adventure,tourist attraction,recreation area"
1781,Salbari Park,salbari park is a wellknown location located at m2g7366 charali sanischare rd shanai arajauna 57205 naepaala it is also recognized for it scenic view it offer a variety of experience for visitor salbari park is a wellknown location located at m2g7366 charali sanischare rd shanai arajauna 57205 naepaala it offer a variety of experience for visitor salbari park is a wellknown location located at m2g7366 charali sanischare rd shanai arajauna 57205 naepaala it is also recognized for it scenic view it is a popular tourist destination it offer a variety of experience for visitor salbari park is a wellknown location located at m2g7366 charali sanischare rd shanai arajauna 57205 naepaala it offer a variety of experience for visitor salbari park is a wellknown location located at m2g7366 charali sanischare rd shanai arajauna 57205 naepaala it offer a variety of experience for visitor salbari park is a wellknown location located at m2g7366 charali sanischare rd shanai arajauna 57205 naepaala it offer a variety of experience for visitor salbari park is a wellknown location located at m2g7366 charali sanischare rd shanai arajauna 57205 naepaala it offer a variety of experience for visitor salbari park is a wellknown location located at m2g7366 charali sanischare rd shanai arajauna 57205 naepaala it offer a variety of experience for visitor salbari park is an absolute gem for a day out the highlight for me wa the hanging bridge â€ “ it offer stunning view of the surrounding area and give a bit of an adventurous feel a you cross over the boat ride wa another fantastic experience calm and peaceful perfect for unwinding and enjoying nature there are also plenty of fun activity making it a great place for family and group whether youre into exploring the park taking photo or just relaxing by the water there something for everyone the water show is a mustsee â€ “ it beautifully choreographed and add a magical touch to the atmosphere the canteen serf up some tasty snack and drink perfect for refueling after all the activity overall salbari park is a wonderful mix of adventure relaxation and entertainment highly recommend it for anyone looking for a fun and scenic outing lovely place to visit with ur close one not that i mean u cant go alone all required detail about park here below salbari park is a popular and enjoyable recreational destination it is also known a jheel it offer a serene environment for visitor to hang out have picnic and spend quality time with friend and family the park is known for it scenic beauty providing numerous picturesque spot that are ideal for photography at the heart of the park is a fountain located in the center of a lake which becomes even more captivating at night due to it lighting effect the park also feature a suspension bridge swing and a separate childrenâ€™s playing zone with trampoline slide and swing visitor can also explore the parkâ€™s wellmaintained garden inside the park along with the statue of martyr the park wa constructed a a memorial to honor the martyr who lost their life during the jhapa revolt their statue were placed at the center of the park symbolizing their sacrifice and the struggle for freedom and democracy when we went last time they charged u 50nepali rupeespp for entry ticket car and bike parking facility is available just opposite to the entrance gate with extra charge of parking you can also visit tortoise breeding centre for free which is located inside the park premise snack facility and toilet facility is provided inside the premise you can also bring food from outside they dont have objection evening show water fountain is special attraction for tourist park entry nrs 50 per person child park nrs 20 for 30min boating nrs50 per person if you are in jhapa or near by and you want to be with nature must visit place one of the best park to visit we can see the water show here and also we can do boating this place also have a beautiful flower garden and most recommended to visit with friend family and with love of you life a small park with greenery where people visit for refreshment and picnic in holiday people are attracted by it sound environment with bird animal suspension bridge and small pond a remote place near butabari staff chawk transportation facility is not that good last time we went it took u 50nepali rupeespp if you go single they might charge you 150car and bike parking facility is available just opposite to the entrance gate the place is very beautifuland you can feel the calmness best place for all age group and a well a tiktokers they will not be disturbed fooding facility and toilet facility is provided inside the premise you can also bring food from outside they dont have objection evening showwater fountain is special attraction for tourist small hut are made at one corner of the park for family gathering were group of people can enjoy their meal try to keep the place neat and clean park staff are always alert and helpful when needed and also kind child park ticket cost20 nepali rupees30min boating50nepali rupee this is amazing place in jhapa salbari come join u on this captivating visual journey a we uncover the beauty like a forest view suspension bridgelake view small greenery garden much more her are you enjoy and when i wa walking in the middle of the forest i wa having a different feeling you too can definitely enjoy this peace at salbari park if you want to know completely then definitely watch my video on youtube search biplove rai vlogs bad advantage less maintain rating 54 keep travelling keep exploringâ€™â€™ ðÿ‡³ðÿ‡µ,Koshi Province,"park,recreation,natural beauty."
1782,SanoGadi Picnic Spot,sanogadi picnic spot is a wellknown location located at bharatapaura 44200 naepaala it offer a variety of experience for visitor sanogadi picnic spot is a wellknown location located at bharatapaura 44200 naepaala it offer a variety of experience for visitor sanogadi picnic spot is a wellknown location located at bharatapaura 44200 naepaala it offer a variety of experience for visitor sanogadi picnic spot is a wellknown location located at bharatapaura 44200 naepaala it offer a variety of experience for visitor sanogadi picnic spot is a wellknown location located at bharatapaura 44200 naepaala it offer a variety of experience for visitor sanogadi picnic spot is a wellknown location located at bharatapaura 44200 naepaala it offer a variety of experience for visitor sanogadi picnic spot is a wellknown location located at bharatapaura 44200 naepaala it offer a variety of experience for visitor sanogadi picnic spot is a wellknown location located at bharatapaura 44200 naepaala it offer a variety of experience for visitor visited this place about a month back when we decided to conduct a picnic a our internship for surgery wa about to be over drpriyanka planned everything and it wa a joint venture from everyone this location wa decided by my dr ramesh and dr sagar we went to our stall at around 900 in the morning i wa shocked to see everyone already there eating and dancing at 830 in the morning when we arrived at our destiny priyanka and the team did most of the cooking and we were there to eat and enjoy btw we also did some work by carrying everything that wa needed overall the place wa a good picnic spot the hygiene couldve been better for the spot and arrangement couldve been better from the management side of the spot anyway it wa a good memorable day with sarda didi and my colleague here are some picture that i just elected randomly on scrolling good place for picnic in the bank of narayani river small zoo with different type of animal are preserved beautiful garden worth a visit with family for picnic try to get their in morning and spend whole day the park there is very good badly managed holding for animal very nice place for picnic and visiting with family best place for picnic awesome experience good place for refreshment good place for picnic greeny bluish water of narayani river beautiful place to hangout,Bagmati Province,"picnic spot,recreation area,natural beauty."
1786,Sataun Chandi Kalika Temple,sataun chandi kalika is a wellknown location located at 4r2p2mv pautalaiibajaara 33800 naepaala it offer a variety of experience for visitor sataun chandi kalika is a wellknown location located at 4r2p2mv pautalaiibajaara 33800 naepaala it is a popular tourist destination it offer a variety of experience for visitor sataun chandi kalika is a wellknown location located at 4r2p2mv pautalaiibajaara 33800 naepaala it offer a variety of experience for visitor sataun chandi kalika is a wellknown location located at 4r2p2mv pautalaiibajaara 33800 naepaala it is a popular tourist destination it offer a variety of experience for visitor sataun chandi kalika is a wellknown location located at 4r2p2mv pautalaiibajaara 33800 naepaala it offer a variety of experience for visitor sataun chandi kalika is a wellknown location located at 4r2p2mv pautalaiibajaara 33800 naepaala it offer a variety of experience for visitor sataun chandi kalika is a wellknown location located at 4r2p2mv pautalaiibajaara 33800 naepaala it offer a variety of experience for visitor sataun chandi kalika is a wellknown location located at 4r2p2mv pautalaiibajaara 33800 naepaala it offer a variety of experience for visitor shakti pith sataun chandi kakila is a hindu temple of goddess kali also known a the power house to many hindu and nepali cast people located in remote jungle this temple will surely make you feel next to god road are easily connected towards the temple direction where you may find some off road not to worry visit to the chandi kalika and get some blessing one of the most popular destination when you are in syangja combined with sataun kot and pashupati temple uphill in the ridge 360 degree view from sataun kot mesmerizing mountain range including fishtail annapurna etc when the weather is good for visibility visit once if you are in syangja well sataun chandi kalika is a famous temple in this area actually this is the temple of goddess chandi the temple is located very well well chandi is another form of goddess parvati who manifested to destroy evil chandi represents the power the place is really peace and awesome in my opinion the temple is very nice to visit with family and friend it very common to see lot of religious people here we usually visit temple in the name of bhakal bhakal mean worship after wish i really enjoy coming here and taking picture i strongly recommend people to visit this place one of the popular hindu durga temple of nepal which is mostly crowded during the dashain festival where hundred of thousand people visit yearly one of the famous religious place of syangja districtjust about 78 km away from syangja bazarmonthly more than 1000 pilgrim visit this templeon the occasion of dashain there is too much line for worshipwe have to wait more than hour to worship on the festival time awesome temple mostly open whole year but please take care on these day a they are closed for any ceremonial activity during 2224 rajya used to be different state named sataun kot chandi kalika temple nowadays very beautiful place in syangja district putalibazar,Gandaki Province,"hindu temple,religious site,cultural landmark."
1787,Sauraha Tharu Village,tourist attraction the village tour is famous for close and personal observation of the tharu culture tourist like to take village tour to witness the daily lifestyle and activity of the tharu community the tharu community reside along the entire length of the terai plain of nepal but chitwan is especially popular for their traditional culture there is a choice between foot or tonka ride for village tour it is advisable to take the aid of a guide during the tour to better understand the local custom during tour you can experience the uniquely placed culture of the tharu people relish what their culture is like in the tharu village museum in the heart of sauraha bachhauli for century the tharu have lived very closed to this protected area and hence their tradition reflects their intimate relationship with the natural world visit the tharu village and share their world with them a you reach out to touch another culture to know more about the lifestyle and culture of tharu people you can find book at the shop located at the sauraha you can tour the tharu village by yourself with the help of map or you can get the guide also for this and some hotel and travel agency also arrange this service,Bagmati Province,"cultural hub,village tourism,rural life exploration."
1788,Sawarikot View Point,sawarikot view point is a wellknown location located at 2hf242r lakashamaiipaura 22400 naepaala it offer a variety of experience for visitor sawarikot view point is a wellknown location located at 2hf242r lakashamaiipaura 22400 naepaala it is a popular tourist destination it offer a variety of experience for visitor sawarikot view point is a wellknown location located at 2hf242r lakashamaiipaura 22400 naepaala it offer a variety of experience for visitor sawarikot view point is a wellknown location located at 2hf242r lakashamaiipaura 22400 naepaala it offer a variety of experience for visitor sawarikot view point is a wellknown location located at 2hf242r lakashamaiipaura 22400 naepaala it offer a variety of experience for visitor sawarikot view point is a wellknown location located at 2hf242r lakashamaiipaura 22400 naepaala it offer a variety of experience for visitor sawarikot view point is a wellknown location located at 2hf242r lakashamaiipaura 22400 naepaala it offer a variety of experience for visitor sawarikot view point is a wellknown location located at 2hf242r lakashamaiipaura 22400 naepaala it offer a variety of experience for visitor from here you can see the best view of sawarikot if you are planning to visit sawarikot definitely you must visit this areaâ¤ï¸â¤ï¸ðÿ‡³ðÿ‡µ sawaricoat viewpoin â€¢ viewpoint is a popular offering breathtaking panoramic view of the himalaya â€¢ the viewpoint is especially known for it mesmerizing sunrise view attracting visitor from around the world beutifull view it sawarikot it amazing place i think this the more adorable place in ghorahi city which show all the 360â° view of ghorahi city cause it is located in top of ghorahi this is the best place for nightcamping ðÿ˜š it a really cool palace to enjoy your holiday in the lap of nature you can never feel alone even if you visit this place alone i loved this place it silent good for alone or with friend family can go here for picnic a well nice place to hangout with friend ðÿ˜ „ ðÿ˜ „ â€¦ such a nice placeðÿ¤— â€¦,Lumbini Province,"viewpoint,hiking,natural beauty."
1791,Shankha Park,shankha park is a wellknown location located at p8mv93r pragati tole marg kathmandu 44600 nepal it is known for being a park pointofinterest establishment it offer a variety of experience for visitor shankha park is a wellknown location located at p8mv93r pragati tole marg kathmandu 44600 nepal it is known for being a park pointofinterest establishment it offer a variety of experience for visitor shankha park is a wellknown location located at p8mv93r pragati tole marg kathmandu 44600 nepal it is known for being a park pointofinterest establishment it offer a variety of experience for visitor shankha park is a wellknown location located at p8mv93r pragati tole marg kathmandu 44600 nepal it is known for being a park pointofinterest establishment it offer a variety of experience for visitor shankha park is a wellknown location located at p8mv93r pragati tole marg kathmandu 44600 nepal it is known for being a park pointofinterest establishment it offer a variety of experience for visitor shankha park is a wellknown location located at p8mv93r pragati tole marg kathmandu 44600 nepal it is known for being a park pointofinterest establishment it offer a variety of experience for visitor shankha park is a wellknown location located at p8mv93r pragati tole marg kathmandu 44600 nepal it is known for being a park pointofinterest establishment it offer a variety of experience for visitor shankha park is a wellknown location located at p8mv93r pragati tole marg kathmandu 44600 nepal it is known for being a park pointofinterest establishment it offer a variety of experience for visitor great place to relax and spend time with your family and loved one good place the minimum of every community park should have adequate space to breathe in and breathe out jungle gym adequate space to walk and sit and talk minimum of garden maintained and enough tall tree to enjoy the bird chirping really nice park where you can rest and feel the nature around you there is also a workout area in the park everyone can access the park free of cost best for childrens i love the ecofriendly parkðÿ˜ðÿ˜ðÿ˜ðÿ‡³ðÿ‡µ â€¦ sankha park near chappal karkhana area is well managed by the kathmandu metropolitan situated along the ring road and close to bhatbhateni store it serf a a tranquil spot for picnic morning stroll and dating spot kudos to the metropolitan city for maintaining this green haven that enhances the community wellbeing park is busy during holiday not fully accessible best for jogging and exercise best for photoshoot ha small temple great place to relax and have small picnic with family shankha park in kathmandu is a hidden gem that offer a serene escape from the hustle and bustle of the city spread across a vast area this park is a perfect spot for nature lover and those seeking tranquility with it wellmaintained garden lush greenery and soothing ambiance shankha park provides a delightful experience the park feature a diverse range of flora including colorful flower towering tree and neatly trimmed hedge walking along the meandering pathway one can breathe in the fresh air and enjoy the peaceful surroundings the park also boast a picturesque pond adorned with lotus flower adding to it natural charm the wellplaced bench and seating area throughout the park invite visitor to sit back relax and enjoy the beauty of their surroundings whether youre seeking solitude or a place to socialize shankha park caters to both need family couple and individual can all find their own peaceful corner within this expansive oasis moreover the park provides various recreational facility including a childrens playground making it an ideal destination for family with kid the welldesigned play area ensures that child can have fun in a safe and secure environment shankha park cleanliness and wellmanicured landscape reflect the dedication of the park management the staff member are courteous and helpful enhancing the overall experience for visitor if youre in kathmandu and crave a break from the city chaos shankha park is a mustvisit it tranquil ambiance breathtaking greenery and wellmaintained facility make it an oasis of serenity amidst the urban landscape located near chappal factory kathmandu people come to the park for refreshing picnic meeting morning and evening walk this park is well managed by the kathmandu metropolitan city there are also mediocityâ functioningâ equipment for excerise and play area for child one of the best place i always spends my vacation with heart ðÿ « € â€¦,Bagmati Province,"park,recreation,natural beauty"
1792,Sindhuli Gadhi War Museum,sindhuli gadhi war museum is a wellknown location located at 7xh4qcp sindhuligadi memorial park dhulikhel sindhuli bhittamod rajmarg jalkanya 45900 nepal it is known for being a museum pointofinterest establishment it offer a variety of experience for visitor sindhuli gadhi war museum is a wellknown location located at 7xh4qcp sindhuligadi memorial park dhulikhel sindhuli bhittamod rajmarg jalkanya 45900 nepal this place ha historical significance it is known for being a museum pointofinterest establishment it offer a variety of experience for visitor sindhuli gadhi war museum is a wellknown location located at 7xh4qcp sindhuligadi memorial park dhulikhel sindhuli bhittamod rajmarg jalkanya 45900 nepal it is known for being a museum pointofinterest establishment it offer a variety of experience for visitor sindhuli gadhi war museum is a wellknown location located at 7xh4qcp sindhuligadi memorial park dhulikhel sindhuli bhittamod rajmarg jalkanya 45900 nepal it is known for being a museum pointofinterest establishment it offer a variety of experience for visitor sindhuli gadhi war museum is a wellknown location located at 7xh4qcp sindhuligadi memorial park dhulikhel sindhuli bhittamod rajmarg jalkanya 45900 nepal this place ha historical significance it is known for being a museum pointofinterest establishment it offer a variety of experience for visitor sindhuli gadhi war museum is a wellknown location located at 7xh4qcp sindhuligadi memorial park dhulikhel sindhuli bhittamod rajmarg jalkanya 45900 nepal this place ha historical significance it is known for being a museum pointofinterest establishment it offer a variety of experience for visitor sindhuli gadhi war museum is a wellknown location located at 7xh4qcp sindhuligadi memorial park dhulikhel sindhuli bhittamod rajmarg jalkanya 45900 nepal this place ha historical significance it is known for being a museum pointofinterest establishment it offer a variety of experience for visitor sindhuli gadhi war museum is a wellknown location located at 7xh4qcp sindhuligadi memorial park dhulikhel sindhuli bhittamod rajmarg jalkanya 45900 nepal it is known for being a museum pointofinterest establishment it offer a variety of experience for visitor here the weapon used by nepalese soldier in this place during contemporary time are kept safely i found the management of museum outstanding it is one of the valuable place to visit â¤ï¸â¤ï¸â¤ï¸ sindhuli gadhi is the historical fort and tourist attraction site located in the sindhuli district of nepal the place is famous for the battle between the gorkha army led by sardar bhansu gurung bir bhadra upadhyay and the british troop headed by caption kinloch the gorkha force under the command of khajanchi bir bhadra upadhya and sardar bhansu gurung defeated the british troop in november 1767 kartik 24 1824 b it wa so amazing and we really got a lot of information about our history of nepal while fighting with british and i feel so proud to be nepali after visiting this place the weather at the top it is covered by fog even in summer also and that environment make me so much fascinating i highly recommend all of the people of any age will visit this historical place while visiting this place you can see a lot of thing like 1 sindhuligadhi war museum 2 the large fort thulo gadhi 3 the small fort sano gadhi 4 tutedhara 5 statue representing four hero of gorkha army after their victory over the british army 6 the memorial park 7 the courtprison adalat jelghar 8 siddhababa temple 9 tudikhel 10 sindhuligadhi rani durbar while travelling you can see nice view on the way to sindhuligadhi bp highway from dhulikhel sindhuligadhi war museum is the first war museum of nepal it is located in kamalamai municipality the museum ha well preserved the weapon artifact clothes etc when the force of british india arrived in sindhuli gadhi the gorkha military conducted a guerrilla attack against them many of the british indian force were killed and the rest eventually fled leaving behind a huge amount of weapon and ammunition which were seized by the gorkha army gorkha army under banshu gurungs command had prevented the british troop from advancing towards the kathmandu valley gorkhas had used unconventional war tactic like unleashing the hornet and using nettle among a variety of other tactic to defeat the british soldier getting to visit the first war museum of nepal wa really amazing it wa really cool to see all the technique and weapon that the people used to fend off the attacker in the past outside of the museum the place wa really chill and peaceful ironic since it war museum haha sindhuligadhi war museum is constructed very well we can find historical artifact weapon gallery ancient accessory and many more sano gadhi and thulo gadhi are major attraction the museum area is kept clean and organized with availability of all facility ticket price is r 50 per person and parking charge is rs10 it is a historic battlefield won by the nepal army in a fierce battle with the army of the east india company led by captain kinlock who wa advancing towards kathmandu in support of the then malla king jayaprakash malla of kathmandu during the unification of nepal sindhuligadhi museum the nepal army ha built a war museum in the sindhuligadhi fort which ha historical significance after defeating the army of the east india company the museum house war weapon used by the ancestor to protect nepal and old material that can be kept in the war museum with the nepal army sindhuligadhi ha a history of defeating the british army equipped with modern weapon led by captain kinlock of the east india company to capture kathmandu in the battle of sindhuligadhi on 15 september 1824 b this war museum ha also been established to develop sindhuligadhi a an internationally recognized tourist destination inside the war museum are archive depicting the historical and strategic significance of the fort through artefact homemade weapon cannon ammunition document used by the army at that time display of uniform of the army and the opposition during the war there is a sixroom onestorey museum building with an area of â€‹â€‹about 6281 square foot it is the first war museum in nepali also recommend you to visit and observe this historical place very nice historical place an ancient war place of nepal while king pn shahâ€™s unification movement well collected war item are preserved in the museum unfortunately no camera are allowed inside the museum war sculpture and statue and old cannon are well preserved outside the war museum there is also a park constructed nearby place is clean and usually crowded in weekend and holiday,Madhesh Province,"museum,historic site,cultural heritage"
1794,Sukhani Sahid Statue,sukhani sahid statue is a wellknown location located at m2g66p7 salbari park shanai arajauna 57205 naepaala it is known for being a monument the sukhani sahid statue is a prominent monument located within salbari park in shanai arajauna jhapa district nepal this statue honor the martyr of the jhapa movement a significant political movement in nepal history key feature historical significance the statue commemorates the five martyr of the jhapa movement which began in 1969 ad this movement wa initiated by the communist party of nepal marxistleninist and played a crucial role in nepal political landscape location situated at m2g66p7 salbari park shanai arajauna 57205 jhapa nepal the monument is easily accessible to visitor design and structure the statue is crafted to reflect the valor and sacrifice of the martyr serving a a symbol of their contribution to the nation democratic journey visitor experience cultural insight visitor can gain a deeper understanding of nepal political history and the sacrifice made during the jhapa movement scenic environment salbari park offer a serene setting with wellmaintained garden making it an ideal spot for reflection and relaxation community engagement the park serf a a gathering place for local and tourist alike fostering a sense of community and shared history practical information best time to visit the park is open yearround however visiting during local festival can provide a unique cultural experience accessibility the monument is accessible by road from major town in jhapa district public transportation option are available but it advisable to check local schedule in advance facility basic amenity such a seating area and restroom are available within the park,Madhesh Province,"monument,historic site,cultural landmark"
1795,Sunchhahari Natural Waterfall,the sunchhahari natural waterfall is a prominent tourist attraction located in the sunchhahari rural municipality of rolpa district nepal situated near the village of saiuraii this waterfall is renowned for it impressive height and the scenic beauty of it surroundings key feature height and structure the waterfall cascade from a significant height creating a mesmerizing display a it plunge into the river below the surrounding area is characterized by lush greenery and rugged terrain enhancing the natural allure of the site accessibility reaching the waterfall involves a journey through rural path offering visitor a chance to experience the local culture and lifestyle of the inhabitant the trek to the waterfall is considered moderate suitable for those with a reasonable level of fitness visitor experience scenic beauty visitor can enjoy panoramic view of the waterfall and it surroundings making it an ideal spot for photography and nature walk cultural interaction the area is home to indigenous community providing opportunity for cultural exchange and learning about traditional practice adventure activity the rugged terrain around the waterfall is suitable for light trekking and exploration appealing to adventure enthusiast practical information best time to visit the ideal time to visit is during the dry season from october to april when the weather is favorable for outdoor activity accommodation basic lodging option are available in the nearby village of saiuraii for more extensive facility visitor may need to travel to the district headquarters or nearby town guide and permit while no special permit are required for visiting the waterfall hiring a local guide is recommended to enhance the experience and support the local economy,Karnali Province,"waterfall,natural beauty,tourist attraction"
1798,Sunkoshi River,sunkoshi is a wellknown location located at 8xqv7mj khurkot suspension bridge khaurakaota jhaolaungagae paula bhalauwaajaora 45900 naepaala it is known for being a touristattraction it offer a variety of experience for visitorsthe sunkoshi river often referred to a the river of gold is a prominent waterway in nepal renowned for it scenic beauty and adventure opportunity originating from tibet it flow through nepal eventually merging with the arun and tamur river to form the saptkoshi river key feature rafting and kayaking the sunkoshi river is celebrated for it thrilling rapid making it a prime destination for rafting and kayaking enthusiast the river offer a range of rapid from grade iii to iv providing both challenge and excitement for adventurer scenic landscape traveler can enjoy breathtaking view of the surrounding landscape including lush forest terraced field and traditional village the river path through the terrain offer a unique perspective of nepal natural beauty cultural insight the area along the sunkoshi river are home to diverse community offering visitor a chance to experience local culture tradition and lifestyle visitor experience adventure activity engage in rafting expedition that traverse the river rapid providing an adrenalinepumping experience for those interested in kayaking the river intermediate rapid offer suitable challenge trekking explore trekking route that follow the river course allowing for immersion in the natural surroundings and interaction with local community photography the diverse landscape and vibrant cultural scene present ample opportunity for photography enthusiast practical information access point the river is accessible from various point with dolaghat being a common starting point for rafting trip the khurkot suspension bridge located near the river serf a a notable landmark and access point best time to visit the optimal time for rafting and trekking along the sunkoshi river is during the dry season from october to april when water level are suitable for adventure activity safety consideration given the river challenging rapid it is advisable to undertake activity with experienced guide and appropriate safety equipment,Madhesh Province,"river,tourist attraction,outdoor adventure"
1801,Syange Waterfall,syange waterfall located in the village of syange lamjung district nepal is a prominent natural attraction along the annapurna circuit trekking route this majestic waterfall is renowned for it impressive height and the powerful roar of water cascading down the cliff creating a captivating spectacle for visitor natural beauty the waterfall is a significant highlight along the annapurna circuit offering trekker a refreshing stop to rest and enjoy the surrounding scenery cultural significance the area around syange is inhabited by various ethnic community including gurungs and brahmin who contribute to the rich cultural tapestry of the region visitor experience trekking syange serf a a popular rest point for trekker on the annapurna circuit providing an opportunity to relax and appreciate the natural surroundings photography the waterfall dramatic drop and the lush greenery make it an excellent spot for photography enthusiast local interaction visitor can engage with the local community gaining insight into their traditional lifestyle and custom accessibility syange is accessible via the annapurna circuit trekking route with the waterfall being a notable landmark along the way best time to visit the ideal time to visit are during the dry season from october to april when the weather is favorable for trekking and outdoor activity accommodation basic lodging option are available in the village of syange offering trekker a place to rest and refresh,Gandaki Province,"waterfall,tourist attraction,natural beauty"
1802,Takpa Gallery Lazimpat,takpa gallery lazimpat is a wellknown location located at nursery rd kathmandu 44600 nepal it is known for being a artgallery pointofinterest establishment it offer a variety of experience for visitor takpa gallery lazimpat is a wellknown location located at nursery rd kathmandu 44600 nepal it is known for being a artgallery pointofinterest establishment it offer a variety of experience for visitor takpa gallery lazimpat is a wellknown location located at nursery rd kathmandu 44600 nepal it is known for being a artgallery pointofinterest establishment it offer a variety of experience for visitor takpa gallery lazimpat is a wellknown location located at nursery rd kathmandu 44600 nepal it is known for being a artgallery pointofinterest establishment it offer a variety of experience for visitor takpa gallery lazimpat is a wellknown location located at nursery rd kathmandu 44600 nepal it is known for being a artgallery pointofinterest establishment it offer a variety of experience for visitor takpa gallery lazimpat is a wellknown location located at nursery rd kathmandu 44600 nepal it is known for being a artgallery pointofinterest establishment it offer a variety of experience for visitor takpa gallery lazimpat is a wellknown location located at nursery rd kathmandu 44600 nepal it is known for being a artgallery pointofinterest establishment it offer a variety of experience for visitor takpa gallery lazimpat is a wellknown location located at nursery rd kathmandu 44600 nepal it is known for being a artgallery pointofinterest establishment it offer a variety of experience for visitor one of the best gallery of nepal shown exhibition wa echo from the land of memory by nabina sunuwar this gallery represents few financially successful artist of nepal nice to see spotless clean art gallery in kathmandu great vibe want to see lain singh bangdels art work explained well by his grand son great place to visit for art lover the best gallery so far elegant simplicity focus on the art lovely space very calm and quiet place plenty of natural lighting throughout the gallery small and beautiful art free of charge,Bagmati Province,"art gallery,cultural hub,tourist attraction."
1803,Tal Barahi Temple,religious site the temple of tal barahi or tal barahi is located in kaski district and is known popularly a the lake temple dedicated to goddess durga this temple stand alone in a small island in a section of phewa lake while there are many story associated with the temple the most popular one among the people are that king kulmandan shah who wa the first king of kaski had a dream in which he saw the temple above the lake and the goddess asking him to construct it he followed the instruction and build the templetal barahi temple is a small 2 story pagoda style temple devoted to the deity tal barahithis hindu temple in nepal dedicated to ajima in the boar manifestation represation of the force of shakti shakti is the hindu mother goddess who is the origin of the univese creativity and power shakti a a feminine power assumens several role in the form of durga shakti protects the gogs from demon durga take on the manifestation of ajima in the form of a boar called barahi to pirece her evil enemy with her pointed tusk barahi is pictureds with the face of boar with a cup in one hand and fish in other hand a such barahi temple is a very important center of worship for the hindu devotee tourist are likely to see worshiper making their way to the temple on saturday carrying way to the temple on saturday carrying animal fir sacrificethe original structure of the temple is made of stone and ha a thadched roof the dramatic beauty of it location it self attracts everyone a the temple is on a small island in fewa lake the only way to visit it is by boat tal barahi is one of the most famous pilgrimage site in nepal and countless hindu come to worship the deitythe legend ha it that many year ago a deity named barahi came here to see the local people here but later decided to live here permanentlythe temple located in the heart the pokhara valley at lakeside and is easy to get to from any part of pokhara talbarahi temple sits on a small mound surrounded by the crystalclear water of fewa lake the only way of getting to the temple is by boat phewa lake is the second biggest in nepal it size measure in at 4 km by 15 km the lake itself is a major attraction drawing those who enjoy water sport family and those who simply love absorbing the beautiful scenery the warm water are inviting and ideal for a trip on a little wooden boat which can be rented along the shoreline along the lakeside section of phewa visitor can explore the various souvenir store bookshop and restaurant simply hop aboard a boat and float out to the island in the center to discover even more treasure,Gandaki Province,"hindu temple,religious site,cultural heritage."
1806,Taleju Bell (Tagoun Ghan),heritage site the durbar square is a package of surprise wherein every single step you find an alien creation the giant bell in front of the golden gate is one among them the taleju bell is a symbol of devotion toward the goddess taleju who is stoked inside the royal palace it is said that the bell is rung during the worship of the goddess taleju the big bell is hung in an open platform above the four stone pillar factually you can have a close glimpse of the statue of king bhupatindra malla and the durbar area from that open platform nevertheless this enormous and astounding bell is oneâ€™s pennyworth of king ranjit malla the inscription mentioned on that bell authenticates that it commenced on thursday 6 january 1737 ad so donâ€™t miss out on a chance to take advantage of this beautiful creation while you are in bhaktapur,Bagmati Province,"historic site,cultural heritage,tourist attraction."
1809,Tansen Bazaar Palpa,tansen bazaar located in tansen palpa district nepal is a historic town renowned for it rich cultural heritage and traditional newar architecture situated at an elevation of approximately 1310 meter tansen offer visitor a glimpse into nepal past with it cobbled street ancient temple and vibrant local life key feature cultural heritage tansen bazaar showcase traditional newar architecture including intricately carved window pagodastyle temple and historic ranaera building scenic view the town provides panoramic vista of the surrounding hill valley and the distant himalaya making it an ideal spot for nature enthusiast and photographer local craft tansen is known for it handcrafted dhaka textile including the national cap of nepal offering visitor a chance to purchase unique souvenir visitor experience historical exploration visitor can explore the old bazaar visit ancient temple and wander through narrow alley to experience the town rich history cultural immersion engaging with local artisan and resident provides insight into traditional newar culture and craft scenic photography the town landscape combined with it historic architecture offer ample opportunity for photography enthusiast practical information best time to visit the ideal time to visit are during the dry season from october to april when the weather is favorable for outdoor activity accommodation moderate hotel and lodge are available for accommodation in tansen palpa,Lumbini Province,"historic site,cultural heritage,tourist attraction"
1811,Taplejung Samrakshyan Smriti Park,taplejung samrakshyan smriti park located in phungling bazar taplejung nepal is a tranquil park offering visitor a serene environment to relax and enjoy nature while it may not feature elaborate amenity the park provides a peaceful retreat with scenic view of the surrounding hill and cloud key feature scenic view the park offer picturesque vista of the nearby hill and the everchanging cloud formation making it an ideal spot for nature lover and photographer statue and monument visitor can find various statue within the park adding a cultural touch to the natural surroundings main building a central building house several office serving a a hub for administrative activity related to the park visitor experience relaxation the park serene environment make it an excellent place to unwind meditate or enjoy a quiet moment amidst nature photography the scenic landscape and unique cloud pattern provide ample opportunity for photography enthusiast cultural exploration the statue and monument offer insight into the local culture and heritage enriching the visitor experience practical information accessibility the park is accessible to the public though specific visiting hour may vary facility while the park offer basic amenity visitor are advised to bring their own refreshment and essential,Koshi Province,"park,recreation,natural beauty"
1812,Taragaon Next,taragaon next is a wellknown location located at boudhanath sadak kathmandu 44600 nepal it is known for being a museum pointofinterest establishment it offer a variety of experience for visitor taragaon next is a wellknown location located at boudhanath sadak kathmandu 44600 nepal it is known for being a museum pointofinterest establishment it offer a variety of experience for visitor taragaon next is a wellknown location located at boudhanath sadak kathmandu 44600 nepal it is known for being a museum pointofinterest establishment it offer a variety of experience for visitor taragaon next is a wellknown location located at boudhanath sadak kathmandu 44600 nepal it is known for being a museum pointofinterest establishment it offer a variety of experience for visitor taragaon next is a wellknown location located at boudhanath sadak kathmandu 44600 nepal it is known for being a museum pointofinterest establishment it offer a variety of experience for visitor taragaon next is a wellknown location located at boudhanath sadak kathmandu 44600 nepal it is known for being a museum pointofinterest establishment it offer a variety of experience for visitor taragaon next is a wellknown location located at boudhanath sadak kathmandu 44600 nepal it is known for being a museum pointofinterest establishment it offer a variety of experience for visitor taragaon next is a wellknown location located at boudhanath sadak kathmandu 44600 nepal it is known for being a museum pointofinterest establishment it offer a variety of experience for visitor taragaun next is a special place that can give you a sense of peace and tranquility away from the hustle and bustle of kathmandu the atmosphere here is very calm and cozy which make people who come here love it if you want to relax with a cup of coffee or spend time with friend this place is suitable this place is very attractive for taking photo and video the unique and authentic atmosphere here give you the opportunity to make unique photo and video this place is very good for people who want to experience the quiet side of kathmandu and you will definitely love the atmosphere here rating 810 key feature quiet atmosphere great place for unique photo and video and a great atmosphere for relaxation taragaon next à¤¤à¤¾à¤°à¤¾à¤—à¤¾à¤‰à¤ à¤¸à¤‚à¤¸à¥à¤•à¥ƒà¤¤à¤¿ à¤¸à¤™à¥à¤—à¥à¤°à¤¹à¤¾à¤²à¤¯ is a hidden gem in kathmandu that seamlessly merges contemporary art and traditional heritage nestled in a serene setting this cultural museum offer a unique window into nepal diverse cultural landscape the architecture of the museum itself is striking blending modern design with traditional element inside the space is thoughtfully curated with a variety of exhibit that range from ancient artifact to contemporary artwork each exhibit tell a story providing insight into nepal rich history and vibrant present what set taragaon next apart is it commitment to preserving and showcasing the work of artist both established and emerging the gallery space are dynamic constantly evolving to feature new and exciting piece visitor can expect to see a mix of painting sculpture and mixedmedia installation that reflect the country artistic spirit additionally the museum often host workshop lecture and cultural event making it a vibrant hub for creative mind the staff is knowledgeable and passionate always ready to share their insight and enhance the visitor experience whether youre an art enthusiast or someone interested in learning more about nepal cultural heritage taragaon next à¤¤à¤¾à¤°à¤¾à¤—à¤¾à¤‰à¤ à¤¸à¤‚à¤¸à¥à¤•à¥ƒà¤¤à¤¿ à¤¸à¤™à¥à¤—à¥à¤°à¤¹à¤¾à¤²à¤¯ offer a refreshing and enriching experience it a mustvisit for anyone looking to delve deeper into the artistic soul of nepal an extraordinary piece of vault and brick architecture at middle of kathmandu city the place is amazing and different from ordinary museum back in 2016 when it wa not viral in social medias the place used to be calmer and also no entry fee were taken but the case is opposite now it a that place who wa sad anxiety and drepess this place gave happy enjoyed and peacefull i this place is too good vibe place so i love this place and garden desgine photo the place is nice and peaceful but most of the visitor were quite loud and seemed only interested in taking picture and video which wa disturbing they didnt appreciate the art itself focusing instead on capturing image the entry fee is 150 r per person overall it wa a good experience visiting this art gallery the place is huge and a good choice for refreshment despite a decent number of attendance the place still seems vacant due to it large size the place used a a museum is small so dont expect it to be a proper museum but an overall good place to enjoy with your friend and family a great place for a picnic they have wonderful and unique architecture and usually have artarchitecture related exhibition and program the barrel vault arched ceiling are a highlight of this hostelturnedmuseum there is also a design shop with creative product made from recycled glass and plastic waste appropriate for all age group couple family a well a school trip there is a small ticket fee but plenty of parking and space to wander or sit and observe you may find a fox or two the taragaon museum is located in kathmandu nepalðÿ‡³ðÿ‡µðÿ‡³ðÿ‡µ this museum indeed offer a rich exploration of the cultural heritage and history of the kathmandu valley highlighting it architectural marvel urban evolution and the vibrant lifestyle of nepali people throughout history it a fascinating destination for those interested in learning more about nepal rich cultural heritage,Bagmati Province,"museum,cultural hub,tourist attraction"
1814,Tarakeshwor Viewpoint,tarakeshwor viewpoint located in the tarakeshwor municipality of kathmandu nepal is a popular destination for hiker seeking a blend of natural beauty and cultural significance the viewpoint offer panoramic vista of the kathmandu valley the surrounding hill and the majestic himalaya key feature scenic view from the viewpoint visitor can enjoy sweeping view of the kathmandu valley the himalaya and the lush greenery of the surrounding hill the area is especially captivating during sunrise and sunset when the landscape is bathed in golden light hiking trail the hike to tarakeshwor is considered moderate making it suitable for both beginner and experienced hiker the wellmarked trail wind through dense forest offering a peaceful retreat from the city hustle and bustle the journey typically take about 2 to 3 hour depending on pace and rest stop cultural significance the area is home to the tarakeshwor mahadev temple dedicated to lord shiva the temple is a significant pilgrimage site attracting devotee and visitor alike the temple architecture and the surrounding natural beauty make it a serene spot for reflection and relaxation visitor experience picnicking the serene environment make tarakeshwor an ideal spot for picnic visitor often bring snack and enjoy meal amidst nature taking in the tranquil surroundings photography the diverse landscape and panoramic view provide excellent opportunity for photography capturing the beauty of the region wildlife spotting the area is home to various specie of flora and fauna offering nature lover a chance to observe local wildlife in their natural habitat practical information best time to visit the ideal time to visit are during the dry season from october to april when the weather is favorable for outdoor activity preparation it advisable to wear comfortable hiking shoe carry sufficient water and pack light snack while the trail is generally safe it recommended to hike during daylight hour and inform someone about your plan,Bagmati Province,"hiking,natural beauty,cultural exploration"
1815,Tarebhir View Point,tarebhir view point located in the gokarneshwor area of kathmandu nepal is a popular destination for hiker and nature enthusiast the term tarebhir translates to hilltop in nepali aptly describing this scenic spot that offer panoramic view of the kathmandu valley and the surrounding shivapuri national park key feature scenic view from the viewpoint visitor can enjoy sweeping vista of the kathmandu valley the himalaya and the lush greenery of shivapuri national park the area is especially captivating during sunrise and sunset when the landscape is bathed in golden light hiking trail the hike to tarebhir is considered moderate making it suitable for both beginner and experienced hiker the wellmarked trail wind through dense forest offering a peaceful retreat from the city hustle and bustle accessibility located approximately 10 km northeast of kathmandu center the trailhead begin at jagdol a small settlement easily reachable by public transportation or private vehicle the hike typically take about 2 to 3 hour to complete depending on pace and rest stop visitor experience picnicking the serene environment make tarebhir an ideal spot for picnic visitor often bring snack and enjoy meal amidst nature taking in the tranquil surroundings photography the diverse landscape and panoramic view provide excellent opportunity for photography capturing the beauty of the region wildlife spotting the area is home to various specie of flora and fauna offering nature lover a chance to observe local wildlife in their natural habitat practical information best time to visit the ideal time to visit are during the dry season from october to april when the weather is favorable for outdoor activity preparation it advisable to wear comfortable hiking shoe carry sufficient water and pack light snack while the trail is generally safe it recommended to hike during daylight hour and inform someone about your plan,Bagmati Province,"hiking,natural beauty,recreation area"
1818,Statue of King Bhupatindra Malla,heritage site the statue of king bhupatindra malla is one of the finest example of metallic artwork available in bhaktapur however you have to go to the taleju bell tagou ghan to have a closeup sight and study the detail of the statue the artwork on that representation of king bhupatindra malla is simply outstanding this golden masterpiece is staged right opposite the golden gate facing toward the north direction at bhaktapur durbar square you might also notice that this statue is quite different from most of the other kingâ€™s statue normally the kingâ€™s statue portray their bravery but this statue here show the devotion of a king toward their worshipped deity moreover the figure of the king is posed in crossed leg posture above the seat of snake naagaashan lotus padmaashan and lion on four corner simhaashan of the pillar the joined hand and a bowing head of the king is a rare scene to depict which you could encounter over there the statue of king bhupatindra malla ha a bullet wound in the leg from the battle of bhaktapur november 1012 1769 ad so donâ€™t miss out on a chance to allocate it while you are in this ancient burg bhaktapur,Bagmati Province,"historic site,cultural landmark,tourist attraction."
1820,Todke Jharna,todke jharna is a wellknown location located at 2wvwjfr iilaama 57300 naepaala it offer a variety of experience for visitor todke jharna is a wellknown location located at 2wvwjfr iilaama 57300 naepaala it offer a variety of experience for visitor todke jharna is a wellknown location located at 2wvwjfr iilaama 57300 naepaala it offer a variety of experience for visitor todke jharna is a wellknown location located at 2wvwjfr iilaama 57300 naepaala it offer a variety of experience for visitor todke jharna is a wellknown location located at 2wvwjfr iilaama 57300 naepaala it offer a variety of experience for visitor todke jharna is a wellknown location located at 2wvwjfr iilaama 57300 naepaala it offer a variety of experience for visitor todke jharna is a wellknown location located at 2wvwjfr iilaama 57300 naepaala it offer a variety of experience for visitor todke jharna is a wellknown location located at 2wvwjfr iilaama 57300 naepaala it offer a variety of experience for visitor one of highest waterfall of nepal this place can be visited during chhintaphu trek maimajua is nearest village from where this waterfall can be reached by car or by trek also you can enjoy a bath here also which will be a memorable experience introduction tucked away in the enchanting hill of maimajhuwa near mai pokhari in ilam district todke jharana stand a a testament to nature aweinspiring beauty with a towering height of 85 meter this magnificent waterfall cascade down gracefully adding life to the mai river accessible through a trekking trail from the district headquarters todke jharana promise a captivating experience for nature enthusiast and adventure seeker alike during my recent visit i wa mesmerized by the sheer grandeur and tranquility of this captivating waterfall aweinspiring natural wonder todke jharana is a true spectacle of nature power and beauty a the water plunge from great height it creates a mesmerizing display of cascading stream that captivate the sens the roar of the waterfall coupled with the mistfilled air creates an ambiance that evokes a sense of wonder and awe standing in it presence one cant help but feel humbled by the magnificence of the natural world trekking adventure reaching todke jharana requires embarking on a trekking adventure which add to the allure of the experience the trail leading to the waterfall is surrounded by lush greenery offering panoramic view of the rolling hill and verdant landscape of ilam the journey itself becomes an integral part of the overall experience allowing visitor to immerse themselves in the beauty of the region tourism development effort the local government ha recognized the potential of todke jharana a a tourist attraction and ha taken step to enhance the visitor experience effort are underway to develop road and lodging facility near the waterfall making it more accessible and comfortable for tourist these initiative will undoubtedly contribute to the growth of tourism in the area allowing more people to witness the captivating beauty of todke jharana nature retreat todke jharana offer a serene retreat for those seeking solace amidst nature embrace the surrounding tranquility and the sound of rushing water create a soothing atmosphere that wash away the stress of everyday life visitor can find respite by sitting near the waterfall listening to it gentle melody and basking in the serenity of the surroundings it a perfect spot to unwind reflect and reconnect with nature conclusion todke jharana nestled in the hill of maimajhuwa near mai pokhari is a majestic natural wonder that leaf a lasting impression with it impressive height and captivating beauty the waterfall offer a mesmerizing experience for adventurer and nature lover the ongoing tourism development effort by the local government will further enhance the accessibility and infrastructure around the waterfall if you are seeking a tranquil escape surrounded by the splendor of nature todke jharana in ilam district is a destination that should not be missed one cool and amazing water fall at maimajhuwa ilam a fine place to visit in ilam beautiful place for natural view the 2nd highest waterfall of nepal it an amazing place to visit the path is somewhat difficult but you will not regret after reaching there beautiful place,Koshi Province,"waterfall,hiking,natural beauty."
1824,Tusa Hiti,natural landmark tusa hiti also known a tusha hiti or tusha hit is a historic stone spout located in lalitpur nepal spout like tusa hiti are traditional water source that have been an integral part of the kathmandu valley urban infrastructure for century providing clean water for drinking bathing and religious ritual tusa hiti is believed to have been constructed during the malla period which lasted from the 12th to the 18th century the malla ruler known for their patronage of art architecture and culture commissioned the construction of many public amenity including stone spout like tusa hiti a a way to serve the need of the local population,Bagmati Province,"historic site,cultural heritage,infrastructure landmark."
1825,Ugrachandi Statue Bhaktapur Durbar Square,heritage site the statue of ugrachandi is one of the most beautiful sculpture that you could find in bhaktapur durbar square the sculpture exudes a distinct vibe her facial expression when defeating a demon the feature of having pair of hand with weapon in them and the karirihasta mudra is just remarkable ugrachandi bhagwati is known a the furious goddess in the area due to her characteristic even her name ugrachandi signifies â€œthe deity of great rage here ugra mean â€œsevereâ€ while chandi refers to the angry female deity a we all know king bhupatindra malla wa a keen individual who enjoyed beautifying the durbar area a well a building temple according to legend he proposed the statue of ugrachandi bhagwati in front of basantapur durbar in 1707 most likely after it had been renovated you can see this magnificent artwork on your left a you pas the tourist information office through the white concrete gate,Bagmati Province,"historic site,hindu temple,cultural landmark."
1826,Ugrachandi Mandir Patan,religious site the charming ugrachandi mandir which is also known a tamakhdyah lie in the local tole of patan this square fourstorey temple with a hip roof made of flat sheet ha an air of mystery the first recorded mention of the temple is from 1702 ce but it true age is not known inside the temple house the fierce goddess ugrachandi the mother deity of the tamrakar clan hence this give the temple it newar name tamakahdyah which mean the goddess of tamkrakars according to legend she wa brought from kathmandu to patan through tantric magic the goddess is still revered in this modern age despite holding it ancient religious value many physical change have been added to this ancient site in 1756 and 1761 a beautiful wooden torana wa added to the temple today an iconic stone under a copper torana in the sanctum represents ugrachandi exuding divine peace the divinity of this temple is kept alive by various ritual and worship a newar upadhyaya brahmin conduct daily ritual supported by the tamrakar community various tamkrakar guthi local newari community involve themselves by sponsoring different religious event at this temple among these event key activity of the shrine include the regular ugrachandi worship this occurs between the full moon of the month baishakh and the sixth day of the brighter half of the month jestha here also occurs the grand tahguthi puha with animal sacrifice and a community feast these vibrant ritual and ceremony breathe life into the temple making it not just a structure of stone and wood but a living symbol of the tamrakar people faith and culture,Bagmati Province,"hindu temple,religious site,cultural hub."
1827,Uma Maheshwor Temple Kirtipur,religious site it is said that bishwo nath source from patan made endowment to built this temple and installed idol of bhawani shankar which is now known a bhawani shankar uma maheshwor the idol wa installed in respect of shiva and his concort parvati both immensely worshipped by hindusinside the temple inscription dated 1662 ad 1678 ad 1679 ad 1687 ad 1715 ad 782 n 798 n 779 n 807 n and 835 n can be found idol of saraswati maheshmardini and ganesh are also placed inside temple architectural characteristic the temple stoods a an example of extraordinary newah temple architecture this three tiered temple rest on a raised platform of four successive plinth made of bricka stone stairway lead to ground floor of temple where a circumambulatory space is also provided in the form of verandah two elephant in the first plinth guard the entry way inner core brickwall and twenty number of beautifully carved exterior column support the upper structure just below the first roof a verandah like space is provided instead of solid wall normally seen in other templesthe brick wall are provided with decorated door and window all the three roof are finished with jhingati tile and supported from below by decorative timber strut the strut consists of image of godsgoddesses the temple is topped by metal gajur and a metal banner is hanged down from gajur to first tier in the front side a uma maheshwor temple is located in high elevation it provides the good view of kathmandu and immediate surroundings,Bagmati Province,"hindu temple,religious site,cultural heritage."
1828,Uperdangadi Chitwan,natural landmark uperdangadi wa chitwan district old headquarter uperdangadi a historical place located in ichchhakamana rural municipality ward no7 in mahabharat parbhat range is at 1275 metre height from the sea level this historical place wa built by the sen king for military accommodation during medieval period later on prithvi narayan shah grandson bahadur shah son satrubhanjan shah reconstructed uperdangadi uperdangadi cover 639 square metre area and there are royal palace historical court remainings of police and military accomodation cannon at the four wall lord shiva and kalika temple at the south lord ganesh idol at the north and bajrayogini and balkumari temple inside gadi uperdangadi is constructed from stone and limestone we can view chitwan national park narayani river and rapti river from uperdangadi we can even see tourist bird in this region,Bagmati Province,"historic fort,hindu temple,cultural heritage."
1833,Baluwakhani (Pashupati Kshetra Vikash Kosh),baluwakhani situated within the pashupati area in kageshwari manohara nepal is a historic site renowned for it cultural and religious significance a part of the pashupatinath temple complex a unesco world heritage site it offer visitor a profound insight into nepal rich heritage historical and cultural significance pashupatinath temple complex the pashupatinath temple dedicated to lord shiva is one of the most sacred hindu temple globally the temple complex span 246 hectare and includes 518 minitemples and ashram along the bank of the sacred bagmati river unesco world heritage site designated in 1979 the pashupatinath temple complex is recognized for it extensive collection of temple ashram image and inscription reflecting century of religious and cultural development visitor experience spiritual atmosphere visitor can immerse themselves in the spiritual ambiance of the area observing traditional hindu ritual and ceremony that are regularly performed architectural marvel the site feature traditional pagodastyle architecture intricate wood carving and sacred symbol offering a visual feast for those interested in historical structure cultural observation the bagmati river flowing through the complex is a significant site for hindu cremation ceremony providing visitor with a deeper understanding of local custom and belief practical information location baluwakhani is located within the pashupati area in kageshwari manohara approximately 5 kilometer northeast of kathmandu city center visiting hour the temple complex is generally open to visitor from early morning until late evening however certain area may have restricted access during specific ritual or festival entry requirement while the inner sanctum of the pashupatinath temple is reserved for hindu the surrounding premise are open to visitor of all background modest attire and respectful behavior are expected,Bagmati Province,"historic site,religious site,cultural heritage"
1835,Barahi Ajima Temple,the barahi ajima temple also known a yakati ajima in nepalbhasa is a significant religious site located in bhaktapur nepal situated near the araniko highway just west of the suryabinayak crossing this temple hold substantial cultural and spiritual importance for the local community historical and cultural significance barahi ajima is revered a the female counterpart of lord vishnu boar incarnation lord baraha according to local tradition the goddess barahi wa created on the fifth day of nawaratri a festival dedicated to the worship of the nine form of the goddess durga the temple is part of the astamatrika mandala which encompasses eight mother goddess and is integral to the nawaratri celebration in bhaktapur architectural feature the temple showcase traditional newari architecture characterized by intricate wood carving and a tiered pagodastyle roof it proximity to the araniko highway make it easily accessible to visitor festival and ritual during nawaratri devotee flock to the temple to offer prayer and seek blessing the temple also host various ceremony including the preparation of samay baji—a traditional newari ritual platter—during special occasion visitor experience visitor to the barahi ajima temple can immerse themselves in the rich cultural heritage of bhaktapur the temple serene environment coupled with the vibrant local tradition offer a unique experience for those interested in nepalese culture and spirituality,Bagmati Province,"hindu temple,religious site,cultural heritage"
1837,Kailashnath Mahadev Statue,monument kailashnath mahadev is the world s tallest shiva statue according to the list of statue by height kailashnath mahadev is the world s fortiethtallest statue four place below the statue of liberty it is situated in sanga the border of bhaktapur and kavrepalanchwok district in nepal which is about 20 km from kathmandu the statue is 144 foot high and made using copper zinc concrete and steel according to the list of statue by height kailashnath mahadev is the world s fortiethtallest statue four place below the statue of liberty,Bagmati Province,"monument,hindu temple,tourist attraction"
1839,Mountain View Salyan,mountain view salyan located in salyan district nepal offer visitor a serene environment with panoramic view of the surrounding hill and landscape attraction and activity natural scenery the area is renowned for it beautiful natural landscape including lush forest and rolling hill making it a perfect spot for nature enthusiast and photographer hiking and trekking the region offer various trail suitable for hiking and trekking allowing visitor to explore the local flora and fauna cultural site salyan district is home to several hindu temple such a the shiva temple in chhayachhetra and laxmipur and the devi temple at khairabang in shaarada municipality providing insight into the local religious practice best time to visit the ideal time to visit mountain view salyan is during the spring march to may and autumn september to november season when the weather is pleasant and the sky are clear offering unobstructed view of the mountain getting there salyan district is accessible by road from major city like kathmandu and pokhara local transportation option include bus and private vehicle accommodation while the area may not have luxury hotel there are local guesthouse and homestays that offer comfortable accommodation and a chance to experience local hospitality,Karnali Province,"scenic viewpoint,hiking,natural beauty"
1842,Bindhyabasini Temple,bindhyabasini temple is a significant hindu temple located in pokhara nepal situated along the pokharabaglung highway in the bagar area it is dedicated to goddess bindhyabasini an incarnation of kali the temple is renowned for it historical importance and architectural beauty,Gandaki Province,"hindu temple,religious site,cultural landmark."
1845,Wakupati Narayan Temple,wakupati narayan temple situated in bhaktapurs suryamadhi tole near dattatreya square is a twostory pagodastyle structure dedicated to lord vishnu constructed in 1667 ad during the reign of king jagat prakash malla the temple is renowned for it unique architectural feature and cultural significance key feature architectural significance the temple pagoda design is a rare example of this style in bhaktapur showcasing intricate woodwork and traditional newar craftsmanship cultural importance the temple is a vital part of the local community with daily ritual and festival that attract both devotee and visitor interested in nepalese culture unique element notably the temple feature four garuda statues—mythical birdlike creature associated with lord vishnu—arranged in a row a sight uncommon in other temple,Bagmati Province,"hindu temple,historic site,cultural landmark."
1846,Banbatika Park,the location mf3j3xv tilottama 32907 nepal corresponds to banbatika park an amusement park situated in the tilottama area of nepal this park offer a variety of experience for visitor including recreational activity and leisure space key feature of banbatika park recreational facility the park provides various amenity for visitor to enjoy such a open space for picnic and relaxation accessibility banbatika park is easily accessible via local road visitor can reach the park by following sign to tilottama from bhairahawa parking is generally available nearby,Lumbini Province,"park,recreation,natural beauty."
1847,Banaskhandi Temple,banaskhandi temple located on banaskhandi road in hetauda nepal is a revered hindu temple offering a variety of experience for visitor situated at coordinate c2prhxf the temple is dedicated to the goddess banasundari a form of goddess durga highlight of banaskhandi temple cultural significance the temple is a significant religious site for hindu attracting devotee and visitor interested in exploring nepal spiritual heritage architectural feature the temple showcase traditional nepali architecture with intricate carving and a serene ambiance that reflects the country rich cultural tapestry festival and event major hindu festival such a dashain and tihar are celebrated with grandeur at the temple offering visitor a chance to witness traditional ritual and festivity,Madhesh Province,"hindu temple,religious site,cultural heritage."
1852,Yalamber Chowk,yalamber chowk located on pashupati oil road in damak jhapa district nepal is a notable landmark named after king yalamber the first kirat king who established the kirata kingdom around 800 bc in january 2017 a lifesize statue of king yalamber wa installed at yalamber chowk funded by local resident who raised approximately npr 900000 visitor to yalamber chowk can explore the surrounding area which offer a variety of experience including local market cultural site and the opportunity to learn about the region history and heritage,Koshi Province,"historic site,cultural hub,tourist attraction"
1855,UN Park,un park is a wellknown recreational area situated along the bagmati river offering a serene environment for visitor the park feature walking and jogging path making it a popular spot for runner and fitness enthusiast according to a discussion on reddit the route starting from himalayan college shankha park and going straight along the river to teku kalopul is approximately 5 kilometer which is a favored path among local in addition to it pathway un park provides open gym facility and area for various sport activity including volleyball the park greenery and relatively low pollution level contribute to it appeal a a recreational spot for those interested in exploring more park in lalitpur the city ha been developing new green space for instance a new park ha been under construction at lagankhel aiming to provide additional recreational area for resident and visitor overall un park serf a a valuable green space in lalitpur offering various amenity for exercise relaxation and community activity,Bagmati Province,"park,recreation,natural beauty"
