user_id,place_id,place_name,rating,types
1,,"The Lion Gate, Bhaktapur",3,
2,,"The Lion Gate, Bhaktapur",1,
3,,"The Lion Gate, Bhaktapur",5,
4,,"The Lion Gate, Bhaktapur",4,
5,,"The Lion Gate, Bhaktapur",5,
6,,"The Lion Gate, Bhaktapur",5,
7,,"The Lion Gate, Bhaktapur",5,
8,,"The Lion Gate, Bhaktapur",4,
9,6175.0,Taleju Temple,5, Religious Site
10,6175.0,Taleju Temple,5, Religious Site
11,6175.0,Taleju Temple,5, Religious Site
12,6175.0,Taleju Temple,5, Religious Site
13,6175.0,Taleju Temple,4, Religious Site
14,6175.0,Taleju Temple,5, Religious Site
15,6175.0,Taleju Temple,5, Religious Site
16,6175.0,Taleju Temple,5, Religious Site
17,6112.0,Dipankar Mahavihar,5,Heritage Site
18,6112.0,Dipankar Mahavihar,5,Heritage Site
19,6112.0,Dipankar Mahavihar,5,Heritage Site
20,6112.0,Dipankar Mahavihar,5,Heritage Site
21,6112.0,Dipankar Mahavihar,4,Heritage Site
22,6112.0,Dipankar Mahavihar,5,Heritage Site
23,6112.0,Dipankar Mahavihar,5,Heritage Site
24,6112.0,Dipankar Mahavihar,5,Heritage Site
25,,Uma Maheshwor temple,5,
26,,Uma Maheshwor temple,4,
27,,Uma Maheshwor temple,5,
16,,Uma Maheshwor temple,5,
28,,Uma Maheshwor temple,5,
29,,Uma Maheshwor temple,5,
30,,Uma Maheshwor temple,5,
31,,Uma Maheshwor temple,5,
32,6148.0,Nil Barahi Temple,2,Heritage Site
33,6148.0,Nil Barahi Temple,4,Heritage Site
34,6148.0,Nil Barahi Temple,5,Heritage Site
35,6148.0,Nil Barahi Temple,5,Heritage Site
36,6148.0,Nil Barahi Temple,5,Heritage Site
37,6148.0,Nil Barahi Temple,4,Heritage Site
38,6148.0,Nil Barahi Temple,5,Heritage Site
39,6148.0,Nil Barahi Temple,4,Heritage Site
16,6151.0,Siddhi Kali Temple,5,Heritage Site
40,6151.0,Siddhi Kali Temple,5,Heritage Site
41,6151.0,Siddhi Kali Temple,5,Heritage Site
42,6151.0,Siddhi Kali Temple,5,Heritage Site
43,6151.0,Siddhi Kali Temple,5,Heritage Site
44,6151.0,Siddhi Kali Temple,5,Heritage Site
45,6151.0,Siddhi Kali Temple,5,Heritage Site
46,6151.0,Siddhi Kali Temple,5,Heritage Site
47,6169.0,"Brass and Bronze museum of Bhaktapur, Nepal",1,Heritage Site
48,6169.0,"Brass and Bronze museum of Bhaktapur, Nepal",5,Heritage Site
49,6169.0,"Brass and Bronze museum of Bhaktapur, Nepal",5,Heritage Site
50,6169.0,"Brass and Bronze museum of Bhaktapur, Nepal",3,Heritage Site
51,6169.0,"Brass and Bronze museum of Bhaktapur, Nepal",3,Heritage Site
52,6169.0,"Brass and Bronze museum of Bhaktapur, Nepal",5,Heritage Site
53,6169.0,"Brass and Bronze museum of Bhaktapur, Nepal",5,Heritage Site
54,6169.0,"Brass and Bronze museum of Bhaktapur, Nepal",5,Heritage Site
16,6171.0,"Wood carving museum of Bhaktapur, Nepal",5,Heritage Site
55,6171.0,"Wood carving museum of Bhaktapur, Nepal",4,Heritage Site
56,6171.0,"Wood carving museum of Bhaktapur, Nepal",2,Heritage Site
57,6171.0,"Wood carving museum of Bhaktapur, Nepal",5,Heritage Site
58,6171.0,"Wood carving museum of Bhaktapur, Nepal",5,Heritage Site
59,6171.0,"Wood carving museum of Bhaktapur, Nepal",5,Heritage Site
60,6171.0,"Wood carving museum of Bhaktapur, Nepal",4,Heritage Site
51,6171.0,"Wood carving museum of Bhaktapur, Nepal",4,Heritage Site
16,6186.0,Balkumari Temple of Thimi,5,Heritage Site
61,6186.0,Balkumari Temple of Thimi,4,Heritage Site
62,6186.0,Balkumari Temple of Thimi,5,Heritage Site
63,6186.0,Balkumari Temple of Thimi,5,Heritage Site
64,6186.0,Balkumari Temple of Thimi,2,Heritage Site
65,6186.0,Balkumari Temple of Thimi,5,Heritage Site
66,6186.0,Balkumari Temple of Thimi,5,Heritage Site
67,6186.0,Balkumari Temple of Thimi,5,Heritage Site
68,8.0,National Art Museum,2,"tourist_attraction, museum, point_of_interest, establishment"
69,8.0,National Art Museum,4,"tourist_attraction, museum, point_of_interest, establishment"
70,8.0,National Art Museum,4,"tourist_attraction, museum, point_of_interest, establishment"
71,8.0,National Art Museum,5,"tourist_attraction, museum, point_of_interest, establishment"
72,8.0,National Art Museum,4,"tourist_attraction, museum, point_of_interest, establishment"
73,8.0,National Art Museum,4,"tourist_attraction, museum, point_of_interest, establishment"
74,8.0,National Art Museum,3,"tourist_attraction, museum, point_of_interest, establishment"
75,8.0,National Art Museum,5,"tourist_attraction, museum, point_of_interest, establishment"
76,6198.0,Chyasalin mandap,5,Heritage Site
77,6198.0,Chyasalin mandap,5,Heritage Site
78,6198.0,Chyasalin mandap,5,Heritage Site
7,6198.0,Chyasalin mandap,5,Heritage Site
79,6198.0,Chyasalin mandap,5,Heritage Site
80,6198.0,Chyasalin mandap,5,Heritage Site
16,6198.0,Chyasalin mandap,5,Heritage Site
81,6198.0,Chyasalin mandap,5,Heritage Site
82,6204.0,Taleju bell ( Tagoun Ghan),4,Heritage Site
83,6204.0,Taleju bell ( Tagoun Ghan),5,Heritage Site
84,6204.0,Taleju bell ( Tagoun Ghan),4,Heritage Site
85,6204.0,Taleju bell ( Tagoun Ghan),4,Heritage Site
86,6204.0,Taleju bell ( Tagoun Ghan),5,Heritage Site
87,6204.0,Taleju bell ( Tagoun Ghan),5,Heritage Site
88,6204.0,Taleju bell ( Tagoun Ghan),4,Heritage Site
89,6204.0,Taleju bell ( Tagoun Ghan),4,Heritage Site
90,,Changu Narayan temple,5,
91,,Changu Narayan temple,5,
92,,Changu Narayan temple,5,
93,,Changu Narayan temple,4,
94,,Changu Narayan temple,5,
95,,Changu Narayan temple,5,
96,,Changu Narayan temple,5,
97,,Changu Narayan temple,5,
78,6215.0,The most fascinating Statue of King Bhupatindra Malla,5,Heritage Site
7,6215.0,The most fascinating Statue of King Bhupatindra Malla,5,Heritage Site
98,6215.0,The most fascinating Statue of King Bhupatindra Malla,5,Heritage Site
99,6215.0,The most fascinating Statue of King Bhupatindra Malla,5,Heritage Site
100,6215.0,The most fascinating Statue of King Bhupatindra Malla,5,Heritage Site
101,6215.0,The most fascinating Statue of King Bhupatindra Malla,5,Heritage Site
102,6215.0,The most fascinating Statue of King Bhupatindra Malla,5,Heritage Site
103,6215.0,The most fascinating Statue of King Bhupatindra Malla,5,Heritage Site
104,6405.0,Nyatapola Temple,5, Religious Site
105,6405.0,Nyatapola Temple,5, Religious Site
106,6405.0,Nyatapola Temple,5, Religious Site
107,6405.0,Nyatapola Temple,5, Religious Site
108,6405.0,Nyatapola Temple,5, Religious Site
109,6405.0,Nyatapola Temple,5, Religious Site
110,6405.0,Nyatapola Temple,5, Religious Site
111,6405.0,Nyatapola Temple,5, Religious Site
25,6223.0,55 window palace,5,Heritage Site
112,6223.0,55 window palace,4,Heritage Site
113,6223.0,55 window palace,5,Heritage Site
114,6223.0,55 window palace,5,Heritage Site
115,6223.0,55 window palace,5,Heritage Site
116,6223.0,55 window palace,5,Heritage Site
117,6223.0,55 window palace,4,Heritage Site
16,6223.0,55 window palace,5,Heritage Site
118,6120.0,Davis Fall Pokhara,4, Natural Landmark
119,6120.0,Davis Fall Pokhara,4, Natural Landmark
120,6120.0,Davis Fall Pokhara,5, Natural Landmark
121,6120.0,Davis Fall Pokhara,4, Natural Landmark
122,6120.0,Davis Fall Pokhara,4, Natural Landmark
123,6120.0,Davis Fall Pokhara,4, Natural Landmark
124,6120.0,Davis Fall Pokhara,2, Natural Landmark
125,6120.0,Davis Fall Pokhara,5, Natural Landmark
126,6129.0,Hanuman Dhoka,5, Historical Ruins
127,6129.0,Hanuman Dhoka,5, Historical Ruins
128,6129.0,Hanuman Dhoka,3, Historical Ruins
129,6129.0,Hanuman Dhoka,4, Historical Ruins
130,6129.0,Hanuman Dhoka,5, Historical Ruins
131,6129.0,Hanuman Dhoka,5, Historical Ruins
132,6129.0,Hanuman Dhoka,5, Historical Ruins
133,6129.0,Hanuman Dhoka,5, Historical Ruins
134,6131.0,Kakre Bihar,4, Archaeological Site
135,6131.0,Kakre Bihar,5, Archaeological Site
136,6131.0,Kakre Bihar,5, Archaeological Site
137,6131.0,Kakre Bihar,5, Archaeological Site
138,6131.0,Kakre Bihar,4, Archaeological Site
139,6131.0,Kakre Bihar,5, Archaeological Site
140,6131.0,Kakre Bihar,5, Archaeological Site
141,6131.0,Kakre Bihar,4, Archaeological Site
142,6140.0,Nava Durga Temple,5, Religious Site
16,6140.0,Nava Durga Temple,5, Religious Site
143,6140.0,Nava Durga Temple,5, Religious Site
144,6140.0,Nava Durga Temple,3, Religious Site
145,6140.0,Nava Durga Temple,5, Religious Site
146,6140.0,Nava Durga Temple,5, Religious Site
147,6140.0,Nava Durga Temple,5, Religious Site
148,6140.0,Nava Durga Temple,5, Religious Site
149,,kalika Bhagwati Temple,5,
150,,kalika Bhagwati Temple,5,
151,,kalika Bhagwati Temple,5,
152,,kalika Bhagwati Temple,5,
153,,kalika Bhagwati Temple,5,
154,,kalika Bhagwati Temple,5,
155,,kalika Bhagwati Temple,5,
156,,kalika Bhagwati Temple,5,
149,6145.0,Kalika Bhagwati Temple,5,0
150,6145.0,Kalika Bhagwati Temple,5,0
151,6145.0,Kalika Bhagwati Temple,5,0
152,6145.0,Kalika Bhagwati Temple,5,0
153,6145.0,Kalika Bhagwati Temple,5,0
154,6145.0,Kalika Bhagwati Temple,5,0
155,6145.0,Kalika Bhagwati Temple,5,0
156,6145.0,Kalika Bhagwati Temple,5,0
157,6147.0,Budhasubba Temple,5, Religious Site
158,6147.0,Budhasubba Temple,5, Religious Site
159,6147.0,Budhasubba Temple,5, Religious Site
160,6147.0,Budhasubba Temple,4, Religious Site
161,6147.0,Budhasubba Temple,5, Religious Site
162,6147.0,Budhasubba Temple,5, Religious Site
163,6147.0,Budhasubba Temple,5, Religious Site
164,6147.0,Budhasubba Temple,3, Religious Site
165,6150.0,Phewa Lake,4, Natural Landmark
166,6150.0,Phewa Lake,5, Natural Landmark
167,6150.0,Phewa Lake,5, Natural Landmark
168,6150.0,Phewa Lake,5, Natural Landmark
169,6150.0,Phewa Lake,5, Natural Landmark
170,6150.0,Phewa Lake,5, Natural Landmark
171,6150.0,Phewa Lake,5, Natural Landmark
172,6150.0,Phewa Lake,5, Natural Landmark
173,6173.0,Nepal Art Council ,5, Art Gallery
174,6173.0,Nepal Art Council ,5, Art Gallery
175,6173.0,Nepal Art Council ,5, Art Gallery
176,6173.0,Nepal Art Council ,5, Art Gallery
177,6173.0,Nepal Art Council ,5, Art Gallery
178,6173.0,Nepal Art Council ,5, Art Gallery
179,6173.0,Nepal Art Council ,5, Art Gallery
180,6173.0,Nepal Art Council ,5, Art Gallery
9,6175.0,Taleju Temple,5, Religious Site
10,6175.0,Taleju Temple,5, Religious Site
11,6175.0,Taleju Temple,5, Religious Site
12,6175.0,Taleju Temple,5, Religious Site
13,6175.0,Taleju Temple,4, Religious Site
14,6175.0,Taleju Temple,5, Religious Site
15,6175.0,Taleju Temple,5, Religious Site
16,6175.0,Taleju Temple,5, Religious Site
181,6181.0,Umbrella Street,5, Tourist Attraction
182,6181.0,Umbrella Street,4, Tourist Attraction
183,6181.0,Umbrella Street,5, Tourist Attraction
184,6181.0,Umbrella Street,4, Tourist Attraction
185,6181.0,Umbrella Street,4, Tourist Attraction
186,6181.0,Umbrella Street,4, Tourist Attraction
187,6181.0,Umbrella Street,4, Tourist Attraction
188,6181.0,Umbrella Street,5, Tourist Attraction
175,292.0,Siddhartha Art Gallery,4,"art_gallery, tourist_attraction, point_of_interest, establishment"
189,292.0,Siddhartha Art Gallery,4,"art_gallery, tourist_attraction, point_of_interest, establishment"
139,292.0,Siddhartha Art Gallery,4,"art_gallery, tourist_attraction, point_of_interest, establishment"
190,292.0,Siddhartha Art Gallery,5,"art_gallery, tourist_attraction, point_of_interest, establishment"
191,292.0,Siddhartha Art Gallery,4,"art_gallery, tourist_attraction, point_of_interest, establishment"
192,292.0,Siddhartha Art Gallery,5,"art_gallery, tourist_attraction, point_of_interest, establishment"
193,292.0,Siddhartha Art Gallery,5,"art_gallery, tourist_attraction, point_of_interest, establishment"
194,292.0,Siddhartha Art Gallery,4,"art_gallery, tourist_attraction, point_of_interest, establishment"
195,6199.0,Gosaikunda Lake,4, Natural Landmark
196,6199.0,Gosaikunda Lake,5, Natural Landmark
197,6199.0,Gosaikunda Lake,5, Natural Landmark
198,6199.0,Gosaikunda Lake,5, Natural Landmark
199,6199.0,Gosaikunda Lake,5, Natural Landmark
200,6199.0,Gosaikunda Lake,5, Natural Landmark
201,6199.0,Gosaikunda Lake,5, Natural Landmark
202,6199.0,Gosaikunda Lake,5, Natural Landmark
203,6203.0,Nuwakot Palace ,4, Historical Ruins
204,6203.0,Nuwakot Palace ,4, Historical Ruins
205,6203.0,Nuwakot Palace ,4, Historical Ruins
206,6203.0,Nuwakot Palace ,4, Historical Ruins
207,6203.0,Nuwakot Palace ,4, Historical Ruins
208,6203.0,Nuwakot Palace ,5, Historical Ruins
209,6203.0,Nuwakot Palace ,4, Historical Ruins
210,6203.0,Nuwakot Palace ,4, Historical Ruins
211,6209.0,Pilot Baba Aashram,5, Religious Site
212,6209.0,Pilot Baba Aashram,5, Religious Site
213,6209.0,Pilot Baba Aashram,5, Religious Site
159,6209.0,Pilot Baba Aashram,5, Religious Site
214,6209.0,Pilot Baba Aashram,4, Religious Site
215,6209.0,Pilot Baba Aashram,4, Religious Site
216,6209.0,Pilot Baba Aashram,4, Religious Site
217,6209.0,Pilot Baba Aashram,4, Religious Site
218,6216.0,Guhyeshwari Shaktipeeth Temple,5, Religious Site
219,6216.0,Guhyeshwari Shaktipeeth Temple,5, Religious Site
220,6216.0,Guhyeshwari Shaktipeeth Temple,5, Religious Site
221,6216.0,Guhyeshwari Shaktipeeth Temple,5, Religious Site
222,6216.0,Guhyeshwari Shaktipeeth Temple,5, Religious Site
223,6216.0,Guhyeshwari Shaktipeeth Temple,5, Religious Site
224,6216.0,Guhyeshwari Shaktipeeth Temple,4, Religious Site
225,6216.0,Guhyeshwari Shaktipeeth Temple,5, Religious Site
226,6217.0,Naxal Bhagawati Temple,3, Religious Site
227,6217.0,Naxal Bhagawati Temple,3, Religious Site
26,6217.0,Naxal Bhagawati Temple,4, Religious Site
228,6217.0,Naxal Bhagawati Temple,5, Religious Site
229,6217.0,Naxal Bhagawati Temple,5, Religious Site
82,6217.0,Naxal Bhagawati Temple,5, Religious Site
230,6217.0,Naxal Bhagawati Temple,4, Religious Site
35,6217.0,Naxal Bhagawati Temple,5, Religious Site
231,6224.0,Agnishala,5, Religious Site
87,6224.0,Agnishala,4, Religious Site
232,6224.0,Agnishala,5, Religious Site
233,6224.0,Agnishala,5, Religious Site
234,6224.0,Agnishala,5, Religious Site
235,6224.0,Agnishala,4, Religious Site
236,6224.0,Agnishala,5, Religious Site
88,6224.0,Agnishala,5, Religious Site
237,6226.0,Uperdangadi Chitwan,5, Natural Landmark
238,6226.0,Uperdangadi Chitwan,5, Natural Landmark
239,6226.0,Uperdangadi Chitwan,1, Natural Landmark
240,6226.0,Uperdangadi Chitwan,4, Natural Landmark
241,6226.0,Uperdangadi Chitwan,4, Natural Landmark
242,6226.0,Uperdangadi Chitwan,4, Natural Landmark
243,6226.0,Uperdangadi Chitwan,5, Natural Landmark
244,6226.0,Uperdangadi Chitwan,5, Natural Landmark
245,6232.0,Lumbini Museum,3, Art Gallery
246,6232.0,Lumbini Museum,4, Art Gallery
247,6232.0,Lumbini Museum,5, Art Gallery
248,6232.0,Lumbini Museum,5, Art Gallery
249,6232.0,Lumbini Museum,2, Art Gallery
250,6232.0,Lumbini Museum,3, Art Gallery
251,6232.0,Lumbini Museum,4, Art Gallery
252,6232.0,Lumbini Museum,4, Art Gallery
253,13.0,Elephant Breeding Center,3,"tourist_attraction, park, food, point_of_interest, establishment"
254,13.0,Elephant Breeding Center,1,"tourist_attraction, park, food, point_of_interest, establishment"
255,13.0,Elephant Breeding Center,3,"tourist_attraction, park, food, point_of_interest, establishment"
256,13.0,Elephant Breeding Center,4,"tourist_attraction, park, food, point_of_interest, establishment"
257,13.0,Elephant Breeding Center,5,"tourist_attraction, park, food, point_of_interest, establishment"
258,13.0,Elephant Breeding Center,1,"tourist_attraction, park, food, point_of_interest, establishment"
259,13.0,Elephant Breeding Center,2,"tourist_attraction, park, food, point_of_interest, establishment"
260,13.0,Elephant Breeding Center,4,"tourist_attraction, park, food, point_of_interest, establishment"
261,6242.0,Purnachandi Mandir,5, Religious Site
87,6242.0,Purnachandi Mandir,4, Religious Site
262,6242.0,Purnachandi Mandir,5, Religious Site
16,6242.0,Purnachandi Mandir,5, Religious Site
263,6242.0,Purnachandi Mandir,5, Religious Site
264,6242.0,Purnachandi Mandir,3, Religious Site
265,6242.0,Purnachandi Mandir,3, Religious Site
58,6242.0,Purnachandi Mandir,4, Religious Site
9,6246.0,Degu Taleju Mandir,5, Religious Site
10,6246.0,Degu Taleju Mandir,5, Religious Site
11,6246.0,Degu Taleju Mandir,5, Religious Site
12,6246.0,Degu Taleju Mandir,5, Religious Site
13,6246.0,Degu Taleju Mandir,4, Religious Site
14,6246.0,Degu Taleju Mandir,5, Religious Site
15,6246.0,Degu Taleju Mandir,5, Religious Site
16,6246.0,Degu Taleju Mandir,5, Religious Site
87,6248.0,Ashok Stupa Pulchowk,5, Archaeological Site
266,6248.0,Ashok Stupa Pulchowk,4, Archaeological Site
267,6248.0,Ashok Stupa Pulchowk,5, Archaeological Site
268,6248.0,Ashok Stupa Pulchowk,4, Archaeological Site
269,6248.0,Ashok Stupa Pulchowk,5, Archaeological Site
270,6248.0,Ashok Stupa Pulchowk,5, Archaeological Site
88,6248.0,Ashok Stupa Pulchowk,5, Archaeological Site
271,6248.0,Ashok Stupa Pulchowk,3, Archaeological Site
87,6266.0,Yognarendra Salik,5, Religious Site
272,6266.0,Yognarendra Salik,4, Religious Site
33,6268.0,Changu Museum,5, Art Gallery
273,6268.0,Changu Museum,5, Art Gallery
274,6268.0,Changu Museum,5, Art Gallery
275,6268.0,Changu Museum,5, Art Gallery
276,6268.0,Changu Museum,2, Art Gallery
277,6268.0,Changu Museum,5, Art Gallery
278,6268.0,Changu Museum,4, Art Gallery
279,6268.0,Changu Museum,5, Art Gallery
280,6273.0,Aadeshwar Mahadev Temple,5, Religious Site
281,6273.0,Aadeshwar Mahadev Temple,5, Religious Site
282,6273.0,Aadeshwar Mahadev Temple,5, Religious Site
283,6273.0,Aadeshwar Mahadev Temple,4, Religious Site
284,6273.0,Aadeshwar Mahadev Temple,5, Religious Site
285,6273.0,Aadeshwar Mahadev Temple,5, Religious Site
44,6273.0,Aadeshwar Mahadev Temple,5, Religious Site
286,6273.0,Aadeshwar Mahadev Temple,3, Religious Site
287,6275.0,Maitidevi Temple,5, Religious Site
288,6275.0,Maitidevi Temple,5, Religious Site
289,6275.0,Maitidevi Temple,5, Religious Site
290,6275.0,Maitidevi Temple,5, Religious Site
291,6275.0,Maitidevi Temple,5, Religious Site
159,6275.0,Maitidevi Temple,5, Religious Site
292,6275.0,Maitidevi Temple,5, Religious Site
293,6275.0,Maitidevi Temple,5, Religious Site
25,6276.0,Uma Maheshwor Temple,5, Religious Site
26,6276.0,Uma Maheshwor Temple,4, Religious Site
27,6276.0,Uma Maheshwor Temple,5, Religious Site
16,6276.0,Uma Maheshwor Temple,5, Religious Site
28,6276.0,Uma Maheshwor Temple,5, Religious Site
29,6276.0,Uma Maheshwor Temple,5, Religious Site
30,6276.0,Uma Maheshwor Temple,5, Religious Site
31,6276.0,Uma Maheshwor Temple,5, Religious Site
90,6280.0,Changu Narayan Temple,5,Heritage Site
91,6280.0,Changu Narayan Temple,5,Heritage Site
92,6280.0,Changu Narayan Temple,5,Heritage Site
93,6280.0,Changu Narayan Temple,4,Heritage Site
94,6280.0,Changu Narayan Temple,5,Heritage Site
95,6280.0,Changu Narayan Temple,5,Heritage Site
96,6280.0,Changu Narayan Temple,5,Heritage Site
97,6280.0,Changu Narayan Temple,5,Heritage Site
294,6284.0,Katyayini Mandir,5, Religious Site
295,6284.0,Katyayini Mandir,5, Religious Site
296,6284.0,Katyayini Mandir,5, Religious Site
297,6284.0,Katyayini Mandir,5, Religious Site
298,6284.0,Katyayini Mandir,5, Religious Site
299,6284.0,Katyayini Mandir,4, Religious Site
300,6284.0,Katyayini Mandir,1, Religious Site
301,6284.0,Katyayini Mandir,4, Religious Site
12,6287.0,Pachali Bhairab Mandir,4, Religious Site
302,6287.0,Pachali Bhairab Mandir,5, Religious Site
303,6287.0,Pachali Bhairab Mandir,5, Religious Site
304,6287.0,Pachali Bhairab Mandir,5, Religious Site
305,6287.0,Pachali Bhairab Mandir,5, Religious Site
306,6287.0,Pachali Bhairab Mandir,3, Religious Site
307,6287.0,Pachali Bhairab Mandir,4, Religious Site
308,6287.0,Pachali Bhairab Mandir,5, Religious Site
309,6297.0,Kaiser Mahal Palace,5, Historical Ruins
310,6297.0,Kaiser Mahal Palace,5, Historical Ruins
311,6297.0,Kaiser Mahal Palace,2, Historical Ruins
312,6297.0,Kaiser Mahal Palace,5, Historical Ruins
313,6297.0,Kaiser Mahal Palace,4, Historical Ruins
314,6297.0,Kaiser Mahal Palace,5, Historical Ruins
315,6297.0,Kaiser Mahal Palace,5, Historical Ruins
316,6297.0,Kaiser Mahal Palace,5, Historical Ruins
317,6298.0,Banbatika Park,5, Scenic View
318,6298.0,Banbatika Park,4, Scenic View
319,6298.0,Banbatika Park,5, Scenic View
320,6298.0,Banbatika Park,4, Scenic View
321,6298.0,Banbatika Park,5, Scenic View
322,6298.0,Banbatika Park,4, Scenic View
323,6298.0,Banbatika Park,5, Scenic View
324,6298.0,Banbatika Park,4, Scenic View
325,6300.0,Nil Saraswati Mandir,5, Religious Site
12,6300.0,Nil Saraswati Mandir,4, Religious Site
326,6300.0,Nil Saraswati Mandir,5, Religious Site
327,6300.0,Nil Saraswati Mandir,4, Religious Site
328,6300.0,Nil Saraswati Mandir,5, Religious Site
329,6300.0,Nil Saraswati Mandir,5, Religious Site
330,6300.0,Nil Saraswati Mandir,5, Religious Site
331,6300.0,Nil Saraswati Mandir,5, Religious Site
121,6301.0,Sauraha Tharu Village ,5, Tourist Attraction
332,6301.0,Sauraha Tharu Village ,5, Tourist Attraction
333,6301.0,Sauraha Tharu Village ,5, Tourist Attraction
334,6301.0,Sauraha Tharu Village ,5, Tourist Attraction
335,6301.0,Sauraha Tharu Village ,5, Tourist Attraction
336,6301.0,Sauraha Tharu Village ,3, Tourist Attraction
337,6301.0,Sauraha Tharu Village ,4, Tourist Attraction
338,6301.0,Sauraha Tharu Village ,4, Tourist Attraction
339,6315.0,Mount Everest,5, Natural Landmark
340,6317.0,Tanglu,5, Scenic View
341,6317.0,Tanglu,5, Scenic View
342,6317.0,Tanglu,5, Scenic View
343,6317.0,Tanglu,5, Scenic View
344,6317.0,Tanglu,5, Scenic View
345,6317.0,Tanglu,5, Scenic View
346,6317.0,Tanglu,5, Scenic View
347,6317.0,Tanglu,4, Scenic View
348,6319.0,Birat Durbar,3, Historical Ruins
349,6319.0,Birat Durbar,4, Historical Ruins
350,6319.0,Birat Durbar,3, Historical Ruins
351,6319.0,Birat Durbar,3, Historical Ruins
352,6319.0,Birat Durbar,4, Historical Ruins
353,6319.0,Birat Durbar,4, Historical Ruins
354,6319.0,Birat Durbar,4, Historical Ruins
355,6319.0,Birat Durbar,4, Historical Ruins
356,,konjyosom Pratima,5,
357,,konjyosom Pratima,5,
358,,konjyosom Pratima,5,
359,,konjyosom Pratima,5,
360,,konjyosom Pratima,5,
361,,konjyosom Pratima,5,
362,,konjyosom Pratima,4,
363,,konjyosom Pratima,5,
237,6324.0,Uppardang Gadi,5, Scenic View
238,6324.0,Uppardang Gadi,5, Scenic View
239,6324.0,Uppardang Gadi,1, Scenic View
240,6324.0,Uppardang Gadi,4, Scenic View
241,6324.0,Uppardang Gadi,4, Scenic View
242,6324.0,Uppardang Gadi,4, Scenic View
243,6324.0,Uppardang Gadi,5, Scenic View
244,6324.0,Uppardang Gadi,5, Scenic View
364,6327.0,Umit Jharana,5, Natural Landmark
365,6327.0,Umit Jharana,5, Natural Landmark
366,6328.0,Simali Gaun,5, Natural Landmark
367,6328.0,Simali Gaun,3, Natural Landmark
368,6328.0,Simali Gaun,3, Natural Landmark
369,6331.0,Kabilas Chauki dada,5, Scenic View
370,6331.0,Kabilas Chauki dada,5, Scenic View
371,6331.0,Kabilas Chauki dada,5, Scenic View
372,6331.0,Kabilas Chauki dada,1, Scenic View
373,6331.0,Kabilas Chauki dada,3, Scenic View
374,6331.0,Kabilas Chauki dada,4, Scenic View
375,6331.0,Kabilas Chauki dada,4, Scenic View
376,6331.0,Kabilas Chauki dada,5, Scenic View
377,6333.0,Gairibari jharana,4, Natural Landmark
378,6333.0,Gairibari jharana,4, Natural Landmark
379,6333.0,Gairibari jharana,4, Natural Landmark
380,6333.0,Gairibari jharana,3, Natural Landmark
381,6333.0,Gairibari jharana,4, Natural Landmark
243,6333.0,Gairibari jharana,4, Natural Landmark
382,6333.0,Gairibari jharana,3, Natural Landmark
383,6333.0,Gairibari jharana,5, Natural Landmark
76,6334.0,Naagdaha  Ichchhakamana,4, Natural Landmark
384,6334.0,Naagdaha  Ichchhakamana,1, Natural Landmark
69,6341.0,Mahabuddha Temple,5, Religious Site
16,6341.0,Mahabuddha Temple,5, Religious Site
385,6341.0,Mahabuddha Temple,5, Religious Site
386,6341.0,Mahabuddha Temple,5, Religious Site
387,6341.0,Mahabuddha Temple,5, Religious Site
388,6341.0,Mahabuddha Temple,3, Religious Site
389,6341.0,Mahabuddha Temple,5, Religious Site
390,6341.0,Mahabuddha Temple,5, Religious Site
391,6374.0,Bhedetar Bazar,5, Tourist Attraction
392,6374.0,Bhedetar Bazar,5, Tourist Attraction
393,6374.0,Bhedetar Bazar,4, Tourist Attraction
394,6374.0,Bhedetar Bazar,5, Tourist Attraction
395,6374.0,Bhedetar Bazar,3, Tourist Attraction
396,6374.0,Bhedetar Bazar,5, Tourist Attraction
397,6374.0,Bhedetar Bazar,5, Tourist Attraction
398,6374.0,Bhedetar Bazar,5, Tourist Attraction
399,6402.0,Nepal Folk Musical Instrument Museum,5, Art Gallery
400,6402.0,Nepal Folk Musical Instrument Museum,5, Art Gallery
401,6402.0,Nepal Folk Musical Instrument Museum,5, Art Gallery
402,6402.0,Nepal Folk Musical Instrument Museum,5, Art Gallery
403,6402.0,Nepal Folk Musical Instrument Museum,5, Art Gallery
404,6402.0,Nepal Folk Musical Instrument Museum,4, Art Gallery
405,6402.0,Nepal Folk Musical Instrument Museum,5, Art Gallery
406,6402.0,Nepal Folk Musical Instrument Museum,5, Art Gallery
16,6411.0,Siddhakali Temple,5, Religious Site
40,6411.0,Siddhakali Temple,5, Religious Site
41,6411.0,Siddhakali Temple,5, Religious Site
42,6411.0,Siddhakali Temple,5, Religious Site
43,6411.0,Siddhakali Temple,5, Religious Site
44,6411.0,Siddhakali Temple,5, Religious Site
45,6411.0,Siddhakali Temple,5, Religious Site
46,6411.0,Siddhakali Temple,5, Religious Site
407,6412.0,Begnas Lake,5, Natural Landmark
17,6412.0,Begnas Lake,5, Natural Landmark
408,6412.0,Begnas Lake,5, Natural Landmark
409,6412.0,Begnas Lake,5, Natural Landmark
223,6412.0,Begnas Lake,5, Natural Landmark
410,6412.0,Begnas Lake,5, Natural Landmark
411,6412.0,Begnas Lake,5, Natural Landmark
303,6412.0,Begnas Lake,5, Natural Landmark
412,6413.0,Ram Sita Vivah Mandap,4, Historical Ruins
413,6413.0,Ram Sita Vivah Mandap,2, Historical Ruins
414,6413.0,Ram Sita Vivah Mandap,5, Historical Ruins
415,6421.0,Gopal Fun Park,3, Theme Park
416,6421.0,Gopal Fun Park,5, Theme Park
417,6421.0,Gopal Fun Park,3, Theme Park
418,6421.0,Gopal Fun Park,5, Theme Park
419,6421.0,Gopal Fun Park,4, Theme Park
420,6421.0,Gopal Fun Park,3, Theme Park
421,6421.0,Gopal Fun Park,1, Theme Park
422,6421.0,Gopal Fun Park,3, Theme Park
423,6423.0,International Meditation Center Hall,4, Tourist Attraction
424,6423.0,International Meditation Center Hall,5, Tourist Attraction
425,6423.0,International Meditation Center Hall,4, Tourist Attraction
426,6423.0,International Meditation Center Hall,4, Tourist Attraction
427,6423.0,International Meditation Center Hall,5, Tourist Attraction
428,6423.0,International Meditation Center Hall,5, Tourist Attraction
429,6423.0,International Meditation Center Hall,4, Tourist Attraction
430,6423.0,International Meditation Center Hall,5, Tourist Attraction
70,6424.0,Iskcon Chitwan,4, Religious Site
431,6424.0,Iskcon Chitwan,5, Religious Site
432,6424.0,Iskcon Chitwan,5, Religious Site
433,6424.0,Iskcon Chitwan,4, Religious Site
434,6424.0,Iskcon Chitwan,5, Religious Site
435,6424.0,Iskcon Chitwan,5, Religious Site
436,6424.0,Iskcon Chitwan,5, Religious Site
437,6424.0,Iskcon Chitwan,3, Religious Site
438,6426.0,Maula Kalika temple,5, Religious Site
439,6426.0,Maula Kalika temple,5, Religious Site
440,6426.0,Maula Kalika temple,5, Religious Site
441,6426.0,Maula Kalika temple,4, Religious Site
442,6426.0,Maula Kalika temple,5, Religious Site
443,6426.0,Maula Kalika temple,4, Religious Site
444,6426.0,Maula Kalika temple,5, Religious Site
445,6426.0,Maula Kalika temple,5, Religious Site
446,6437.0,GangaJamuna Temple,5, Religious Site
447,6437.0,GangaJamuna Temple,5, Religious Site
448,6437.0,GangaJamuna Temple,4, Religious Site
449,6437.0,GangaJamuna Temple,4, Religious Site
450,6437.0,GangaJamuna Temple,5, Religious Site
451,6437.0,GangaJamuna Temple,5, Religious Site
452,6437.0,GangaJamuna Temple,5, Religious Site
453,6437.0,GangaJamuna Temple,5, Religious Site
439,6441.0,Devghat Dham,4, Religious Site
454,6441.0,Devghat Dham,5, Religious Site
240,6441.0,Devghat Dham,5, Religious Site
455,6441.0,Devghat Dham,5, Religious Site
456,6441.0,Devghat Dham,5, Religious Site
457,6441.0,Devghat Dham,4, Religious Site
181,6441.0,Devghat Dham,5, Religious Site
458,6441.0,Devghat Dham,5, Religious Site
459,138.0,Kamal Pokhari Park,5,"park, point_of_interest, establishment"
410,138.0,Kamal Pokhari Park,5,"park, point_of_interest, establishment"
460,138.0,Kamal Pokhari Park,4,"park, point_of_interest, establishment"
207,138.0,Kamal Pokhari Park,4,"park, point_of_interest, establishment"
461,138.0,Kamal Pokhari Park,5,"park, point_of_interest, establishment"
462,138.0,Kamal Pokhari Park,3,"park, point_of_interest, establishment"
463,138.0,Kamal Pokhari Park,3,"park, point_of_interest, establishment"
464,138.0,Kamal Pokhari Park,5,"park, point_of_interest, establishment"
465,6447.0,Tusa Hiti,5, Natural Landmark
266,6447.0,Tusa Hiti,5, Natural Landmark
466,6447.0,Tusa Hiti,5, Natural Landmark
467,6447.0,Tusa Hiti,5, Natural Landmark
33,6447.0,Tusa Hiti,5, Natural Landmark
468,6447.0,Tusa Hiti,5, Natural Landmark
469,6447.0,Tusa Hiti,5, Natural Landmark
470,6447.0,Tusa Hiti,5, Natural Landmark
471,6459.0, Mayadevi Temple,5, Religious Site
472,6459.0, Mayadevi Temple,5, Religious Site
178,6459.0, Mayadevi Temple,5, Religious Site
473,6459.0, Mayadevi Temple,5, Religious Site
10,6459.0, Mayadevi Temple,5, Religious Site
474,6459.0, Mayadevi Temple,5, Religious Site
335,6459.0, Mayadevi Temple,5, Religious Site
475,6459.0, Mayadevi Temple,5, Religious Site
476,6462.0,Siddha Gufa ,4, Natural Landmark
477,6462.0,Siddha Gufa ,5, Natural Landmark
478,6462.0,Siddha Gufa ,5, Natural Landmark
479,6462.0,Siddha Gufa ,5, Natural Landmark
480,6462.0,Siddha Gufa ,5, Natural Landmark
481,6462.0,Siddha Gufa ,5, Natural Landmark
243,6462.0,Siddha Gufa ,5, Natural Landmark
482,6462.0,Siddha Gufa ,4, Natural Landmark
483,6467.0,Bhedetar View Tower,5, Scenic View
484,6467.0,Bhedetar View Tower,3, Scenic View
485,6467.0,Bhedetar View Tower,5, Scenic View
486,6467.0,Bhedetar View Tower,5, Scenic View
487,6467.0,Bhedetar View Tower,5, Scenic View
488,6467.0,Bhedetar View Tower,5, Scenic View
489,6467.0,Bhedetar View Tower,3, Scenic View
302,6467.0,Bhedetar View Tower,5, Scenic View
9,6470.0,Taleju Mandir,5, Religious Site
10,6470.0,Taleju Mandir,5, Religious Site
11,6470.0,Taleju Mandir,5, Religious Site
12,6470.0,Taleju Mandir,5, Religious Site
13,6470.0,Taleju Mandir,4, Religious Site
14,6470.0,Taleju Mandir,5, Religious Site
15,6470.0,Taleju Mandir,5, Religious Site
16,6470.0,Taleju Mandir,5, Religious Site
490,6473.0,IchhaKamana Mandir,4, Religious Site
491,6473.0,IchhaKamana Mandir,5, Religious Site
492,6473.0,IchhaKamana Mandir,5, Religious Site
493,6473.0,IchhaKamana Mandir,5, Religious Site
494,6473.0,IchhaKamana Mandir,4, Religious Site
76,6473.0,IchhaKamana Mandir,5, Religious Site
495,6473.0,IchhaKamana Mandir,5, Religious Site
496,6473.0,IchhaKamana Mandir,4, Religious Site
9,6475.0,Taleju Bhawani Temple,5, Religious Site
10,6475.0,Taleju Bhawani Temple,5, Religious Site
11,6475.0,Taleju Bhawani Temple,5, Religious Site
12,6475.0,Taleju Bhawani Temple,5, Religious Site
13,6475.0,Taleju Bhawani Temple,4, Religious Site
14,6475.0,Taleju Bhawani Temple,5, Religious Site
15,6475.0,Taleju Bhawani Temple,5, Religious Site
16,6475.0,Taleju Bhawani Temple,5, Religious Site
17,6476.0,Jalbire Jharna,5, Natural Landmark
497,6476.0,Jalbire Jharna,4, Natural Landmark
498,6476.0,Jalbire Jharna,5, Natural Landmark
499,6476.0,Jalbire Jharna,1, Natural Landmark
191,6476.0,Jalbire Jharna,4, Natural Landmark
500,6476.0,Jalbire Jharna,5, Natural Landmark
501,6476.0,Jalbire Jharna,3, Natural Landmark
502,6476.0,Jalbire Jharna,5, Natural Landmark
503,,Chonga Ganesh Temple and jungle of Sallaghari,5,
108,,Chonga Ganesh Temple and jungle of Sallaghari,5,
9,,Chonga Ganesh Temple and jungle of Sallaghari,5,
504,,Chonga Ganesh Temple and jungle of Sallaghari,3,
505,,Chonga Ganesh Temple and jungle of Sallaghari,4,
16,,Chonga Ganesh Temple and jungle of Sallaghari,5,
506,,Chonga Ganesh Temple and jungle of Sallaghari,4,
507,,Chonga Ganesh Temple and jungle of Sallaghari,5,
410,,Suryabinayak temple,5,
26,,Suryabinayak temple,4,
400,,Suryabinayak temple,5,
508,,Suryabinayak temple,5,
509,,Suryabinayak temple,4,
159,,Suryabinayak temple,5,
510,,Suryabinayak temple,5,
511,,Suryabinayak temple,5,
512,,Dattatraya Square,4,
232,,Dattatraya Square,5,
293,,Dattatraya Square,5,
106,,Dattatraya Square,5,
108,,Dattatraya Square,5,
16,,Dattatraya Square,5,
508,,Dattatraya Square,5,
513,,Dattatraya Square,5,
25,,Pottery Square of Bhaktapur,5,
514,,Pottery Square of Bhaktapur,5,
512,,Pottery Square of Bhaktapur,4,
515,,Pottery Square of Bhaktapur,4,
516,,Pottery Square of Bhaktapur,4,
14,,Pottery Square of Bhaktapur,5,
517,,Pottery Square of Bhaktapur,5,
518,,Pottery Square of Bhaktapur,5,
519,,Kalamasi-Bojini dam site and picnic spot,5,
16,,Kalamasi-Bojini dam site and picnic spot,4,
520,,Kalamasi-Bojini dam site and picnic spot,5,
191,,Kalamasi-Bojini dam site and picnic spot,3,
521,,Kalamasi-Bojini dam site and picnic spot,5,
522,,Kalamasi-Bojini dam site and picnic spot,5,
17,,Kalamasi-Bojini dam site and picnic spot,5,
523,,Kalamasi-Bojini dam site and picnic spot,5,
524,,Kathmandu Valley ,5,
525,,Kathmandu Valley ,5,
526,,Kathmandu Valley ,5,
527,,Kathmandu Valley ,5,
528,,Kathmandu Valley ,5,
529,,Kathmandu Valley ,5,
530,,Kathmandu Valley ,5,
531,,Kathmandu Valley ,5,
532,6309.0,Bhaktapur Durbar Square,5, Historical Ruins
533,6309.0,Bhaktapur Durbar Square,4, Historical Ruins
534,6309.0,Bhaktapur Durbar Square,5, Historical Ruins
125,6309.0,Bhaktapur Durbar Square,5, Historical Ruins
535,6309.0,Bhaktapur Durbar Square,5, Historical Ruins
536,6309.0,Bhaktapur Durbar Square,5, Historical Ruins
537,6309.0,Bhaktapur Durbar Square,5, Historical Ruins
538,6309.0,Bhaktapur Durbar Square,5, Historical Ruins
68,8.0,National Art Museum,2,"tourist_attraction, museum, point_of_interest, establishment"
69,8.0,National Art Museum,4,"tourist_attraction, museum, point_of_interest, establishment"
70,8.0,National Art Museum,4,"tourist_attraction, museum, point_of_interest, establishment"
71,8.0,National Art Museum,5,"tourist_attraction, museum, point_of_interest, establishment"
72,8.0,National Art Museum,4,"tourist_attraction, museum, point_of_interest, establishment"
73,8.0,National Art Museum,4,"tourist_attraction, museum, point_of_interest, establishment"
74,8.0,National Art Museum,3,"tourist_attraction, museum, point_of_interest, establishment"
75,8.0,National Art Museum,5,"tourist_attraction, museum, point_of_interest, establishment"
16,,मयुर झ्याल,5,
539,,मयुर झ्याल,5,
540,,मयुर झ्याल,5,
541,,मयुर झ्याल,5,
1,,मयुर झ्याल,5,
519,,मयुर झ्याल,5,
542,,मयुर झ्याल,2,
543,,मयुर झ्याल,5,
544,12.0,Kamal pokhari,5,"park, point_of_interest, establishment"
361,12.0,Kamal pokhari,5,"park, point_of_interest, establishment"
545,12.0,Kamal pokhari,4,"park, point_of_interest, establishment"
546,12.0,Kamal pokhari,4,"park, point_of_interest, establishment"
547,12.0,Kamal pokhari,4,"park, point_of_interest, establishment"
410,12.0,Kamal pokhari,5,"park, point_of_interest, establishment"
548,12.0,Kamal pokhari,5,"park, point_of_interest, establishment"
549,12.0,Kamal pokhari,5,"park, point_of_interest, establishment"
253,13.0,Elephant Breeding Center,3,"tourist_attraction, park, food, point_of_interest, establishment"
254,13.0,Elephant Breeding Center,1,"tourist_attraction, park, food, point_of_interest, establishment"
255,13.0,Elephant Breeding Center,3,"tourist_attraction, park, food, point_of_interest, establishment"
256,13.0,Elephant Breeding Center,4,"tourist_attraction, park, food, point_of_interest, establishment"
257,13.0,Elephant Breeding Center,5,"tourist_attraction, park, food, point_of_interest, establishment"
258,13.0,Elephant Breeding Center,1,"tourist_attraction, park, food, point_of_interest, establishment"
259,13.0,Elephant Breeding Center,2,"tourist_attraction, park, food, point_of_interest, establishment"
260,13.0,Elephant Breeding Center,4,"tourist_attraction, park, food, point_of_interest, establishment"
550,17.0,Bhaludhunga Religious Tourism Ecological Park,5,"park, point_of_interest, establishment"
551,17.0,Bhaludhunga Religious Tourism Ecological Park,4,"park, point_of_interest, establishment"
552,17.0,Bhaludhunga Religious Tourism Ecological Park,5,"park, point_of_interest, establishment"
553,17.0,Bhaludhunga Religious Tourism Ecological Park,3,"park, point_of_interest, establishment"
554,17.0,Bhaludhunga Religious Tourism Ecological Park,4,"park, point_of_interest, establishment"
555,17.0,Bhaludhunga Religious Tourism Ecological Park,5,"park, point_of_interest, establishment"
556,17.0,Bhaludhunga Religious Tourism Ecological Park,1,"park, point_of_interest, establishment"
354,17.0,Bhaludhunga Religious Tourism Ecological Park,5,"park, point_of_interest, establishment"
557,19.0,Bhandarkhal Jungle,4,"park, tourist_attraction, point_of_interest, establishment"
558,19.0,Bhandarkhal Jungle,5,"park, tourist_attraction, point_of_interest, establishment"
559,19.0,Bhandarkhal Jungle,4,"park, tourist_attraction, point_of_interest, establishment"
69,19.0,Bhandarkhal Jungle,3,"park, tourist_attraction, point_of_interest, establishment"
560,19.0,Bhandarkhal Jungle,5,"park, tourist_attraction, point_of_interest, establishment"
561,19.0,Bhandarkhal Jungle,4,"park, tourist_attraction, point_of_interest, establishment"
562,19.0,Bhandarkhal Jungle,5,"park, tourist_attraction, point_of_interest, establishment"
563,19.0,Bhandarkhal Jungle,5,"park, tourist_attraction, point_of_interest, establishment"
564,20.0,Bhrikuti Mandap Park,5,"park, tourist_attraction, point_of_interest, establishment"
565,20.0,Bhrikuti Mandap Park,4,"park, tourist_attraction, point_of_interest, establishment"
566,20.0,Bhrikuti Mandap Park,4,"park, tourist_attraction, point_of_interest, establishment"
567,20.0,Bhrikuti Mandap Park,3,"park, tourist_attraction, point_of_interest, establishment"
568,20.0,Bhrikuti Mandap Park,3,"park, tourist_attraction, point_of_interest, establishment"
569,20.0,Bhrikuti Mandap Park,4,"park, tourist_attraction, point_of_interest, establishment"
570,20.0,Bhrikuti Mandap Park,4,"park, tourist_attraction, point_of_interest, establishment"
571,20.0,Bhrikuti Mandap Park,4,"park, tourist_attraction, point_of_interest, establishment"
183,23.0,Aqua Freak Nepal,5,"aquarium, tourist_attraction, point_of_interest, establishment"
572,23.0,Aqua Freak Nepal,5,"aquarium, tourist_attraction, point_of_interest, establishment"
573,23.0,Aqua Freak Nepal,5,"aquarium, tourist_attraction, point_of_interest, establishment"
574,23.0,Aqua Freak Nepal,5,"aquarium, tourist_attraction, point_of_interest, establishment"
575,23.0,Aqua Freak Nepal,5,"aquarium, tourist_attraction, point_of_interest, establishment"
576,23.0,Aqua Freak Nepal,5,"aquarium, tourist_attraction, point_of_interest, establishment"
577,23.0,Aqua Freak Nepal,5,"aquarium, tourist_attraction, point_of_interest, establishment"
71,23.0,Aqua Freak Nepal,3,"aquarium, tourist_attraction, point_of_interest, establishment"
578,26.0,"Puspalal Birth Place, Ramechhap",4,"park, point_of_interest, establishment"
579,26.0,"Puspalal Birth Place, Ramechhap",4,"park, point_of_interest, establishment"
580,26.0,"Puspalal Birth Place, Ramechhap",4,"park, point_of_interest, establishment"
581,27.0,Sindhuli Gadhi Small Fort,5,"tourist_attraction, museum, point_of_interest, establishment"
582,27.0,Sindhuli Gadhi Small Fort,5,"tourist_attraction, museum, point_of_interest, establishment"
583,27.0,Sindhuli Gadhi Small Fort,5,"tourist_attraction, museum, point_of_interest, establishment"
584,27.0,Sindhuli Gadhi Small Fort,5,"tourist_attraction, museum, point_of_interest, establishment"
585,27.0,Sindhuli Gadhi Small Fort,3,"tourist_attraction, museum, point_of_interest, establishment"
586,27.0,Sindhuli Gadhi Small Fort,5,"tourist_attraction, museum, point_of_interest, establishment"
587,27.0,Sindhuli Gadhi Small Fort,5,"tourist_attraction, museum, point_of_interest, establishment"
588,27.0,Sindhuli Gadhi Small Fort,5,"tourist_attraction, museum, point_of_interest, establishment"
589,28.0,Hem Narayan Park,5,"park, point_of_interest, establishment"
590,28.0,Hem Narayan Park,5,"park, point_of_interest, establishment"
591,28.0,Hem Narayan Park,4,"park, point_of_interest, establishment"
592,28.0,Hem Narayan Park,1,"park, point_of_interest, establishment"
593,28.0,Hem Narayan Park,5,"park, point_of_interest, establishment"
594,28.0,Hem Narayan Park,5,"park, point_of_interest, establishment"
595,28.0,Hem Narayan Park,5,"park, point_of_interest, establishment"
596,28.0,Hem Narayan Park,3,"park, point_of_interest, establishment"
597,29.0,Kalika Bhagwati Community Forest,3,"park, point_of_interest, establishment"
598,29.0,Kalika Bhagwati Community Forest,4,"park, point_of_interest, establishment"
599,29.0,Kalika Bhagwati Community Forest,5,"park, point_of_interest, establishment"
164,,Taksar Bazar टक्सार बजार,5,
600,,Taksar Bazar टक्सार बजार,4,
601,,Taksar Bazar टक्सार बजार,4,
602,,Taksar Bazar टक्सार बजार,3,
603,,Taksar Bazar टक्सार बजार,5,
604,,Taksar Bazar टक्सार बजार,3,
605,,Taksar Bazar टक्सार बजार,4,
606,,Taksar Bazar टक्सार बजार,4,
607,31.0,Sindhuligadi Memorial Park,5,"park, point_of_interest, establishment"
608,31.0,Sindhuligadi Memorial Park,5,"park, point_of_interest, establishment"
23,31.0,Sindhuligadi Memorial Park,5,"park, point_of_interest, establishment"
310,31.0,Sindhuligadi Memorial Park,4,"park, point_of_interest, establishment"
609,31.0,Sindhuligadi Memorial Park,5,"park, point_of_interest, establishment"
610,31.0,Sindhuligadi Memorial Park,4,"park, point_of_interest, establishment"
611,31.0,Sindhuligadi Memorial Park,5,"park, point_of_interest, establishment"
612,31.0,Sindhuligadi Memorial Park,3,"park, point_of_interest, establishment"
613,32.0,Birendra Aishwarya Park,5,"park, point_of_interest, establishment"
614,32.0,Birendra Aishwarya Park,5,"park, point_of_interest, establishment"
615,32.0,Birendra Aishwarya Park,5,"park, point_of_interest, establishment"
616,32.0,Birendra Aishwarya Park,5,"park, point_of_interest, establishment"
617,32.0,Birendra Aishwarya Park,4,"park, point_of_interest, establishment"
618,33.0,"Baglung Municipality-2, Purano Bus park, Yashora Park",2,"park, point_of_interest, establishment"
619,34.0,Rudra lake Baglung Nepal,5,"park, point_of_interest, establishment"
620,,Rudraman Gurung Memorial Park(रुद्रमान गुरुङ स्मृतिपार्क,5,
621,,Rudraman Gurung Memorial Park(रुद्रमान गुरुङ स्मृतिपार्क,5,
622,,मंगलेको डाँडा,5,
623,52.0,Maire khola jharana (Waterfall),5,"park, point_of_interest, establishment"
624,,गणेश चौतारी Ganesh Choutari,4,
625,,गणेश चौतारी Ganesh Choutari,5,
626,,गणेश चौतारी Ganesh Choutari,5,
627,,Jhaukhel pipal boat झाैखेल पिपल बाेट,4,
103,,Jhaukhel pipal boat झाैखेल पिपल बाेट,5,
628,,Jhaukhel pipal boat झाैखेल पिपल बाेट,5,
629,59.0,Jagat Sundar Statue,5,"park, point_of_interest, establishment"
630,,Gamcha Pipal Bot,5,
631,,Gamcha Pipal Bot,5,
632,,Gamcha Pipal Bot,3,
67,,Gamcha Pipal Bot,5,
633,,Gamcha Pipal Bot,1,
634,,Gamcha Pipal Bot,5,
635,130.0,Tinkune Park,4,"park, point_of_interest, establishment"
636,130.0,Tinkune Park,4,"park, point_of_interest, establishment"
637,130.0,Tinkune Park,5,"park, point_of_interest, establishment"
638,130.0,Tinkune Park,4,"park, point_of_interest, establishment"
639,130.0,Tinkune Park,4,"park, point_of_interest, establishment"
640,130.0,Tinkune Park,4,"park, point_of_interest, establishment"
641,130.0,Tinkune Park,5,"park, point_of_interest, establishment"
642,130.0,Tinkune Park,5,"park, point_of_interest, establishment"
643,131.0,Madan Bhandari Smriti Vatika,5,"park, point_of_interest, establishment"
644,131.0,Madan Bhandari Smriti Vatika,3,"park, point_of_interest, establishment"
645,131.0,Madan Bhandari Smriti Vatika,4,"park, point_of_interest, establishment"
646,131.0,Madan Bhandari Smriti Vatika,5,"park, point_of_interest, establishment"
647,131.0,Madan Bhandari Smriti Vatika,5,"park, point_of_interest, establishment"
648,131.0,Madan Bhandari Smriti Vatika,5,"park, point_of_interest, establishment"
112,131.0,Madan Bhandari Smriti Vatika,4,"park, point_of_interest, establishment"
649,131.0,Madan Bhandari Smriti Vatika,4,"park, point_of_interest, establishment"
650,132.0,BUDDHA PARK Boudhanath,5,"park, tourist_attraction, point_of_interest, establishment"
17,132.0,BUDDHA PARK Boudhanath,5,"park, tourist_attraction, point_of_interest, establishment"
124,132.0,BUDDHA PARK Boudhanath,5,"park, tourist_attraction, point_of_interest, establishment"
651,132.0,BUDDHA PARK Boudhanath,5,"park, tourist_attraction, point_of_interest, establishment"
652,132.0,BUDDHA PARK Boudhanath,4,"park, tourist_attraction, point_of_interest, establishment"
653,132.0,BUDDHA PARK Boudhanath,4,"park, tourist_attraction, point_of_interest, establishment"
654,132.0,BUDDHA PARK Boudhanath,4,"park, tourist_attraction, point_of_interest, establishment"
655,132.0,BUDDHA PARK Boudhanath,5,"park, tourist_attraction, point_of_interest, establishment"
656,133.0,Suryamukhi Park,5,"park, point_of_interest, establishment"
39,133.0,Suryamukhi Park,5,"park, point_of_interest, establishment"
657,133.0,Suryamukhi Park,5,"park, point_of_interest, establishment"
658,133.0,Suryamukhi Park,5,"park, point_of_interest, establishment"
659,133.0,Suryamukhi Park,5,"park, point_of_interest, establishment"
660,133.0,Suryamukhi Park,2,"park, point_of_interest, establishment"
661,133.0,Suryamukhi Park,4,"park, point_of_interest, establishment"
662,133.0,Suryamukhi Park,4,"park, point_of_interest, establishment"
663,134.0,Balaju Park,3,"park, amusement_park, tourist_attraction, point_of_interest, establishment"
664,134.0,Balaju Park,3,"park, amusement_park, tourist_attraction, point_of_interest, establishment"
665,134.0,Balaju Park,5,"park, amusement_park, tourist_attraction, point_of_interest, establishment"
666,134.0,Balaju Park,4,"park, amusement_park, tourist_attraction, point_of_interest, establishment"
667,134.0,Balaju Park,4,"park, amusement_park, tourist_attraction, point_of_interest, establishment"
668,134.0,Balaju Park,5,"park, amusement_park, tourist_attraction, point_of_interest, establishment"
669,134.0,Balaju Park,3,"park, amusement_park, tourist_attraction, point_of_interest, establishment"
565,134.0,Balaju Park,5,"park, amusement_park, tourist_attraction, point_of_interest, establishment"
668,136.0,Shankha Park,5,"park, point_of_interest, establishment"
670,136.0,Shankha Park,4,"park, point_of_interest, establishment"
671,136.0,Shankha Park,5,"park, point_of_interest, establishment"
231,136.0,Shankha Park,4,"park, point_of_interest, establishment"
672,136.0,Shankha Park,4,"park, point_of_interest, establishment"
673,136.0,Shankha Park,5,"park, point_of_interest, establishment"
674,136.0,Shankha Park,4,"park, point_of_interest, establishment"
675,136.0,Shankha Park,4,"park, point_of_interest, establishment"
676,137.0,New Baneshwor Park,4,"park, point_of_interest, establishment"
677,137.0,New Baneshwor Park,5,"park, point_of_interest, establishment"
678,137.0,New Baneshwor Park,4,"park, point_of_interest, establishment"
679,137.0,New Baneshwor Park,4,"park, point_of_interest, establishment"
680,137.0,New Baneshwor Park,4,"park, point_of_interest, establishment"
681,137.0,New Baneshwor Park,4,"park, point_of_interest, establishment"
682,137.0,New Baneshwor Park,4,"park, point_of_interest, establishment"
683,137.0,New Baneshwor Park,5,"park, point_of_interest, establishment"
459,138.0,Kamal Pokhari Park,5,"park, point_of_interest, establishment"
410,138.0,Kamal Pokhari Park,5,"park, point_of_interest, establishment"
460,138.0,Kamal Pokhari Park,4,"park, point_of_interest, establishment"
207,138.0,Kamal Pokhari Park,4,"park, point_of_interest, establishment"
461,138.0,Kamal Pokhari Park,5,"park, point_of_interest, establishment"
462,138.0,Kamal Pokhari Park,3,"park, point_of_interest, establishment"
463,138.0,Kamal Pokhari Park,3,"park, point_of_interest, establishment"
464,138.0,Kamal Pokhari Park,5,"park, point_of_interest, establishment"
684,139.0,Narayanchaur Park Naxal,3,"park, point_of_interest, establishment"
685,139.0,Narayanchaur Park Naxal,5,"park, point_of_interest, establishment"
175,139.0,Narayanchaur Park Naxal,4,"park, point_of_interest, establishment"
686,139.0,Narayanchaur Park Naxal,5,"park, point_of_interest, establishment"
35,139.0,Narayanchaur Park Naxal,5,"park, point_of_interest, establishment"
687,139.0,Narayanchaur Park Naxal,5,"park, point_of_interest, establishment"
688,139.0,Narayanchaur Park Naxal,3,"park, point_of_interest, establishment"
400,139.0,Narayanchaur Park Naxal,5,"park, point_of_interest, establishment"
689,140.0,Jump KTM Indoor Trampoline Park,4,"amusement_park, park, point_of_interest, establishment"
207,140.0,Jump KTM Indoor Trampoline Park,4,"amusement_park, park, point_of_interest, establishment"
690,140.0,Jump KTM Indoor Trampoline Park,3,"amusement_park, park, point_of_interest, establishment"
691,140.0,Jump KTM Indoor Trampoline Park,5,"amusement_park, park, point_of_interest, establishment"
692,140.0,Jump KTM Indoor Trampoline Park,5,"amusement_park, park, point_of_interest, establishment"
693,140.0,Jump KTM Indoor Trampoline Park,3,"amusement_park, park, point_of_interest, establishment"
694,140.0,Jump KTM Indoor Trampoline Park,2,"amusement_park, park, point_of_interest, establishment"
695,140.0,Jump KTM Indoor Trampoline Park,5,"amusement_park, park, point_of_interest, establishment"
696,141.0,Switzerland Park Aloknagar,5,"park, point_of_interest, establishment"
697,141.0,Switzerland Park Aloknagar,5,"park, point_of_interest, establishment"
698,141.0,Switzerland Park Aloknagar,1,"park, point_of_interest, establishment"
699,141.0,Switzerland Park Aloknagar,4,"park, point_of_interest, establishment"
700,141.0,Switzerland Park Aloknagar,5,"park, point_of_interest, establishment"
701,141.0,Switzerland Park Aloknagar,5,"park, point_of_interest, establishment"
702,141.0,Switzerland Park Aloknagar,5,"park, point_of_interest, establishment"
703,141.0,Switzerland Park Aloknagar,4,"park, point_of_interest, establishment"
288,142.0,Namuna Park,5,"park, point_of_interest, establishment"
674,142.0,Namuna Park,4,"park, point_of_interest, establishment"
704,142.0,Namuna Park,5,"park, point_of_interest, establishment"
705,142.0,Namuna Park,5,"park, point_of_interest, establishment"
706,142.0,Namuna Park,4,"park, point_of_interest, establishment"
707,142.0,Namuna Park,5,"park, point_of_interest, establishment"
708,142.0,Namuna Park,5,"park, point_of_interest, establishment"
709,142.0,Namuna Park,5,"park, point_of_interest, establishment"
710,144.0,Khusibu Children Park,4,"park, point_of_interest, establishment"
711,144.0,Khusibu Children Park,4,"park, point_of_interest, establishment"
711,144.0,Khusibu Children Park,5,"park, point_of_interest, establishment"
712,144.0,Khusibu Children Park,5,"park, point_of_interest, establishment"
713,144.0,Khusibu Children Park,5,"park, point_of_interest, establishment"
714,144.0,Khusibu Children Park,5,"park, point_of_interest, establishment"
715,144.0,Khusibu Children Park,3,"park, point_of_interest, establishment"
716,144.0,Khusibu Children Park,5,"park, point_of_interest, establishment"
717,145.0,Bhurungkhel Green Park,4,"park, point_of_interest, establishment"
718,145.0,Bhurungkhel Green Park,5,"park, point_of_interest, establishment"
719,145.0,Bhurungkhel Green Park,4,"park, point_of_interest, establishment"
720,145.0,Bhurungkhel Green Park,5,"park, point_of_interest, establishment"
721,145.0,Bhurungkhel Green Park,5,"park, point_of_interest, establishment"
722,145.0,Bhurungkhel Green Park,5,"park, point_of_interest, establishment"
723,145.0,Bhurungkhel Green Park,4,"park, point_of_interest, establishment"
724,145.0,Bhurungkhel Green Park,2,"park, point_of_interest, establishment"
725,147.0,Samakhusi Children Park,3,"park, point_of_interest, establishment"
726,147.0,Samakhusi Children Park,5,"park, point_of_interest, establishment"
727,147.0,Samakhusi Children Park,1,"park, point_of_interest, establishment"
728,147.0,Samakhusi Children Park,3,"park, point_of_interest, establishment"
729,147.0,Samakhusi Children Park,1,"park, point_of_interest, establishment"
730,147.0,Samakhusi Children Park,5,"park, point_of_interest, establishment"
731,147.0,Samakhusi Children Park,4,"park, point_of_interest, establishment"
732,147.0,Samakhusi Children Park,2,"park, point_of_interest, establishment"
733,150.0,Pushpalal Memorial Park,4,"park, point_of_interest, establishment"
720,150.0,Pushpalal Memorial Park,5,"park, point_of_interest, establishment"
734,150.0,Pushpalal Memorial Park,4,"park, point_of_interest, establishment"
735,150.0,Pushpalal Memorial Park,3,"park, point_of_interest, establishment"
736,150.0,Pushpalal Memorial Park,5,"park, point_of_interest, establishment"
234,150.0,Pushpalal Memorial Park,5,"park, point_of_interest, establishment"
737,150.0,Pushpalal Memorial Park,5,"park, point_of_interest, establishment"
738,150.0,Pushpalal Memorial Park,5,"park, point_of_interest, establishment"
559,151.0,Kripalu Udhyan,5,"park, point_of_interest, establishment"
739,151.0,Kripalu Udhyan,5,"park, point_of_interest, establishment"
740,151.0,Kripalu Udhyan,5,"park, point_of_interest, establishment"
741,151.0,Kripalu Udhyan,5,"park, point_of_interest, establishment"
742,151.0,Kripalu Udhyan,5,"park, point_of_interest, establishment"
743,151.0,Kripalu Udhyan,5,"park, point_of_interest, establishment"
744,151.0,Kripalu Udhyan,5,"park, point_of_interest, establishment"
745,151.0,Kripalu Udhyan,5,"park, point_of_interest, establishment"
746,154.0,Kumari Chaur Park,5,"park, point_of_interest, establishment"
747,154.0,Kumari Chaur Park,4,"park, point_of_interest, establishment"
748,154.0,Kumari Chaur Park,3,"park, point_of_interest, establishment"
749,154.0,Kumari Chaur Park,5,"park, point_of_interest, establishment"
59,154.0,Kumari Chaur Park,5,"park, point_of_interest, establishment"
750,154.0,Kumari Chaur Park,5,"park, point_of_interest, establishment"
751,154.0,Kumari Chaur Park,5,"park, point_of_interest, establishment"
752,154.0,Kumari Chaur Park,2,"park, point_of_interest, establishment"
753,155.0,The Handigaun Triangle (dhungedhara) park,5,"park, point_of_interest, establishment"
270,155.0,The Handigaun Triangle (dhungedhara) park,1,"park, point_of_interest, establishment"
754,155.0,The Handigaun Triangle (dhungedhara) park,5,"park, point_of_interest, establishment"
755,155.0,The Handigaun Triangle (dhungedhara) park,5,"park, point_of_interest, establishment"
756,155.0,The Handigaun Triangle (dhungedhara) park,4,"park, point_of_interest, establishment"
757,155.0,The Handigaun Triangle (dhungedhara) park,5,"park, point_of_interest, establishment"
758,155.0,The Handigaun Triangle (dhungedhara) park,3,"park, point_of_interest, establishment"
759,155.0,The Handigaun Triangle (dhungedhara) park,4,"park, point_of_interest, establishment"
760,156.0,Dovan Park,5,"park, point_of_interest, establishment"
644,156.0,Dovan Park,3,"park, point_of_interest, establishment"
761,156.0,Dovan Park,5,"park, point_of_interest, establishment"
762,156.0,Dovan Park,3,"park, point_of_interest, establishment"
763,156.0,Dovan Park,4,"park, point_of_interest, establishment"
764,156.0,Dovan Park,5,"park, point_of_interest, establishment"
765,157.0,Janamaitri Park (Pepsicola Town Plan),5,"park, point_of_interest, establishment"
652,157.0,Janamaitri Park (Pepsicola Town Plan),4,"park, point_of_interest, establishment"
560,157.0,Janamaitri Park (Pepsicola Town Plan),5,"park, point_of_interest, establishment"
674,157.0,Janamaitri Park (Pepsicola Town Plan),4,"park, point_of_interest, establishment"
658,157.0,Janamaitri Park (Pepsicola Town Plan),5,"park, point_of_interest, establishment"
766,157.0,Janamaitri Park (Pepsicola Town Plan),4,"park, point_of_interest, establishment"
767,157.0,Janamaitri Park (Pepsicola Town Plan),5,"park, point_of_interest, establishment"
768,157.0,Janamaitri Park (Pepsicola Town Plan),3,"park, point_of_interest, establishment"
769,158.0,Sahayoginagar Park,4,"park, point_of_interest, establishment"
770,158.0,Sahayoginagar Park,5,"park, point_of_interest, establishment"
771,158.0,Sahayoginagar Park,5,"park, point_of_interest, establishment"
772,158.0,Sahayoginagar Park,5,"park, point_of_interest, establishment"
773,158.0,Sahayoginagar Park,5,"park, point_of_interest, establishment"
774,158.0,Sahayoginagar Park,5,"park, point_of_interest, establishment"
775,158.0,Sahayoginagar Park,4,"park, point_of_interest, establishment"
776,158.0,Sahayoginagar Park,5,"park, point_of_interest, establishment"
777,159.0,Salik Chowk Park,4,"park, point_of_interest, establishment"
778,159.0,Salik Chowk Park,4,"park, point_of_interest, establishment"
721,159.0,Salik Chowk Park,5,"park, point_of_interest, establishment"
779,159.0,Salik Chowk Park,5,"park, point_of_interest, establishment"
780,159.0,Salik Chowk Park,4,"park, point_of_interest, establishment"
781,159.0,Salik Chowk Park,5,"park, point_of_interest, establishment"
782,159.0,Salik Chowk Park,3,"park, point_of_interest, establishment"
783,159.0,Salik Chowk Park,3,"park, point_of_interest, establishment"
70,160.0,Earthquake Memorial park,5,"park, point_of_interest, establishment"
784,160.0,Earthquake Memorial park,5,"park, point_of_interest, establishment"
785,160.0,Earthquake Memorial park,5,"park, point_of_interest, establishment"
786,160.0,Earthquake Memorial park,5,"park, point_of_interest, establishment"
787,160.0,Earthquake Memorial park,5,"park, point_of_interest, establishment"
788,160.0,Earthquake Memorial park,5,"park, point_of_interest, establishment"
789,160.0,Earthquake Memorial park,5,"park, point_of_interest, establishment"
790,160.0,Earthquake Memorial park,5,"park, point_of_interest, establishment"
791,162.0,Airport Nagar Children’s Park,5,"park, point_of_interest, establishment"
792,162.0,Airport Nagar Children’s Park,5,"park, point_of_interest, establishment"
793,162.0,Airport Nagar Children’s Park,4,"park, point_of_interest, establishment"
794,162.0,Airport Nagar Children’s Park,4,"park, point_of_interest, establishment"
795,162.0,Airport Nagar Children’s Park,4,"park, point_of_interest, establishment"
796,162.0,Airport Nagar Children’s Park,5,"park, point_of_interest, establishment"
797,162.0,Airport Nagar Children’s Park,5,"park, point_of_interest, establishment"
798,162.0,Airport Nagar Children’s Park,5,"park, point_of_interest, establishment"
799,,Bancharetar Chowk (बन्चरे टार चोक),5,
800,,Bancharetar Chowk (बन्चरे टार चोक),5,
801,,Bancharetar Chowk (बन्चरे टार चोक),1,
802,,Bancharetar Chowk (बन्चरे टार चोक),5,
803,,Bancharetar Chowk (बन्चरे टार चोक),5,
804,,Bancharetar Chowk (बन्चरे टार चोक),5,
805,,Bancharetar Chowk (बन्चरे टार चोक),5,
806,,Bancharetar Chowk (बन्चरे टार चोक),5,
410,164.0,Whoopee Land Amusement Water Park,4,"amusement_park, park, lodging, restaurant, food, point_of_interest, establishment"
807,164.0,Whoopee Land Amusement Water Park,5,"amusement_park, park, lodging, restaurant, food, point_of_interest, establishment"
808,164.0,Whoopee Land Amusement Water Park,5,"amusement_park, park, lodging, restaurant, food, point_of_interest, establishment"
809,164.0,Whoopee Land Amusement Water Park,2,"amusement_park, park, lodging, restaurant, food, point_of_interest, establishment"
810,164.0,Whoopee Land Amusement Water Park,5,"amusement_park, park, lodging, restaurant, food, point_of_interest, establishment"
811,164.0,Whoopee Land Amusement Water Park,5,"amusement_park, park, lodging, restaurant, food, point_of_interest, establishment"
812,164.0,Whoopee Land Amusement Water Park,4,"amusement_park, park, lodging, restaurant, food, point_of_interest, establishment"
205,164.0,Whoopee Land Amusement Water Park,4,"amusement_park, park, lodging, restaurant, food, point_of_interest, establishment"
17,165.0,Ghyoi Lisang Peace Park,5,"park, point_of_interest, establishment"
813,165.0,Ghyoi Lisang Peace Park,5,"park, point_of_interest, establishment"
814,165.0,Ghyoi Lisang Peace Park,5,"park, point_of_interest, establishment"
815,165.0,Ghyoi Lisang Peace Park,5,"park, point_of_interest, establishment"
816,165.0,Ghyoi Lisang Peace Park,5,"park, point_of_interest, establishment"
817,165.0,Ghyoi Lisang Peace Park,5,"park, point_of_interest, establishment"
818,165.0,Ghyoi Lisang Peace Park,5,"park, point_of_interest, establishment"
819,165.0,Ghyoi Lisang Peace Park,4,"park, point_of_interest, establishment"
820,166.0,Bagmati Nagar Park,4,"park, point_of_interest, establishment"
821,166.0,Bagmati Nagar Park,5,"park, point_of_interest, establishment"
822,166.0,Bagmati Nagar Park,5,"park, point_of_interest, establishment"
823,166.0,Bagmati Nagar Park,4,"park, point_of_interest, establishment"
69,167.0,Miku Nepal,3,"park, store, point_of_interest, establishment"
209,167.0,Miku Nepal,4,"park, store, point_of_interest, establishment"
824,167.0,Miku Nepal,5,"park, store, point_of_interest, establishment"
825,167.0,Miku Nepal,4,"park, store, point_of_interest, establishment"
826,167.0,Miku Nepal,5,"park, store, point_of_interest, establishment"
827,167.0,Miku Nepal,4,"park, store, point_of_interest, establishment"
828,167.0,Miku Nepal,5,"park, store, point_of_interest, establishment"
829,167.0,Miku Nepal,4,"park, store, point_of_interest, establishment"
830,168.0,Setopool Park,5,"park, point_of_interest, establishment"
831,168.0,Setopool Park,4,"park, point_of_interest, establishment"
832,168.0,Setopool Park,4,"park, point_of_interest, establishment"
833,168.0,Setopool Park,4,"park, point_of_interest, establishment"
834,168.0,Setopool Park,5,"park, point_of_interest, establishment"
835,168.0,Setopool Park,5,"park, point_of_interest, establishment"
836,168.0,Setopool Park,5,"park, point_of_interest, establishment"
837,168.0,Setopool Park,5,"park, point_of_interest, establishment"
838,,Dharahara Park धरहरा बगैचा,5,
839,,Dharahara Park धरहरा बगैचा,5,
840,,Dharahara Park धरहरा बगैचा,4,
841,,Dharahara Park धरहरा बगैचा,2,
842,,Dharahara Park धरहरा बगैचा,5,
769,,Dharahara Park धरहरा बगैचा,4,
843,,Dharahara Park धरहरा बगैचा,4,
844,,Dharahara Park धरहरा बगैचा,5,
87,,UN Park,3,
845,,UN Park,5,
846,,UN Park,5,
847,,UN Park,5,
16,,UN Park,4,
587,,UN Park,3,
15,,UN Park,4,
848,,UN Park,5,
849,178.0,"Kusunti Height, Bista Pakha Park",3,"park, point_of_interest, establishment"
850,178.0,"Kusunti Height, Bista Pakha Park",4,"park, point_of_interest, establishment"
851,178.0,"Kusunti Height, Bista Pakha Park",4,"park, point_of_interest, establishment"
852,178.0,"Kusunti Height, Bista Pakha Park",3,"park, point_of_interest, establishment"
853,178.0,"Kusunti Height, Bista Pakha Park",5,"park, point_of_interest, establishment"
854,178.0,"Kusunti Height, Bista Pakha Park",4,"park, point_of_interest, establishment"
855,178.0,"Kusunti Height, Bista Pakha Park",3,"park, point_of_interest, establishment"
856,178.0,"Kusunti Height, Bista Pakha Park",5,"park, point_of_interest, establishment"
857,180.0,Syosyo Hajurba Chowk Park,4,"park, point_of_interest, establishment"
858,180.0,Syosyo Hajurba Chowk Park,4,"park, point_of_interest, establishment"
859,180.0,Syosyo Hajurba Chowk Park,3,"park, point_of_interest, establishment"
860,180.0,Syosyo Hajurba Chowk Park,3,"park, point_of_interest, establishment"
861,180.0,Syosyo Hajurba Chowk Park,3,"park, point_of_interest, establishment"
862,180.0,Syosyo Hajurba Chowk Park,5,"park, point_of_interest, establishment"
863,180.0,Syosyo Hajurba Chowk Park,5,"park, point_of_interest, establishment"
864,180.0,Syosyo Hajurba Chowk Park,5,"park, point_of_interest, establishment"
68,182.0,Duniya Danda Green Park,5,"park, point_of_interest, establishment"
865,182.0,Duniya Danda Green Park,4,"park, point_of_interest, establishment"
866,182.0,Duniya Danda Green Park,5,"park, point_of_interest, establishment"
867,182.0,Duniya Danda Green Park,5,"park, point_of_interest, establishment"
868,182.0,Duniya Danda Green Park,1,"park, point_of_interest, establishment"
869,182.0,Duniya Danda Green Park,4,"park, point_of_interest, establishment"
870,182.0,Duniya Danda Green Park,5,"park, point_of_interest, establishment"
871,182.0,Duniya Danda Green Park,5,"park, point_of_interest, establishment"
872,183.0,Lalitpur Metro Park,5,"park, point_of_interest, establishment"
873,183.0,Lalitpur Metro Park,4,"park, point_of_interest, establishment"
843,183.0,Lalitpur Metro Park,4,"park, point_of_interest, establishment"
874,183.0,Lalitpur Metro Park,5,"park, point_of_interest, establishment"
875,183.0,Lalitpur Metro Park,5,"park, point_of_interest, establishment"
876,183.0,Lalitpur Metro Park,5,"park, point_of_interest, establishment"
877,183.0,Lalitpur Metro Park,5,"park, point_of_interest, establishment"
878,185.0,Safal Park,5,"park, point_of_interest, establishment"
879,185.0,Safal Park,5,"park, point_of_interest, establishment"
880,185.0,Safal Park,5,"park, point_of_interest, establishment"
881,185.0,Safal Park,3,"park, point_of_interest, establishment"
882,185.0,Safal Park,4,"park, point_of_interest, establishment"
883,185.0,Safal Park,4,"park, point_of_interest, establishment"
884,185.0,Safal Park,5,"park, point_of_interest, establishment"
885,185.0,Safal Park,4,"park, point_of_interest, establishment"
288,186.0,Jwagal Children Park / Jwagala Machakhya,5,"park, point_of_interest, establishment"
886,186.0,Jwagal Children Park / Jwagala Machakhya,3,"park, point_of_interest, establishment"
887,186.0,Jwagal Children Park / Jwagala Machakhya,5,"park, point_of_interest, establishment"
888,186.0,Jwagal Children Park / Jwagala Machakhya,2,"park, point_of_interest, establishment"
889,186.0,Jwagal Children Park / Jwagala Machakhya,5,"park, point_of_interest, establishment"
890,186.0,Jwagal Children Park / Jwagala Machakhya,2,"park, point_of_interest, establishment"
71,186.0,Jwagal Children Park / Jwagala Machakhya,3,"park, point_of_interest, establishment"
891,186.0,Jwagal Children Park / Jwagala Machakhya,5,"park, point_of_interest, establishment"
892,187.0,Butterfly square,3,"park, point_of_interest, establishment"
893,187.0,Butterfly square,5,"park, point_of_interest, establishment"
894,187.0,Butterfly square,5,"park, point_of_interest, establishment"
895,187.0,Butterfly square,5,"park, point_of_interest, establishment"
896,187.0,Butterfly square,5,"park, point_of_interest, establishment"
897,187.0,Butterfly square,5,"park, point_of_interest, establishment"
898,187.0,Butterfly square,5,"park, point_of_interest, establishment"
899,188.0,"Imadol, Bhojhepokhari",5,"park, point_of_interest, establishment"
900,188.0,"Imadol, Bhojhepokhari",4,"park, point_of_interest, establishment"
901,188.0,"Imadol, Bhojhepokhari",5,"park, point_of_interest, establishment"
902,188.0,"Imadol, Bhojhepokhari",3,"park, point_of_interest, establishment"
903,188.0,"Imadol, Bhojhepokhari",5,"park, point_of_interest, establishment"
904,188.0,"Imadol, Bhojhepokhari",4,"park, point_of_interest, establishment"
905,188.0,"Imadol, Bhojhepokhari",5,"park, point_of_interest, establishment"
906,188.0,"Imadol, Bhojhepokhari",2,"park, point_of_interest, establishment"
907,191.0,Bagdole Batika,4,"park, point_of_interest, establishment"
908,191.0,Bagdole Batika,5,"park, point_of_interest, establishment"
909,191.0,Bagdole Batika,4,"park, point_of_interest, establishment"
910,191.0,Bagdole Batika,5,"park, point_of_interest, establishment"
911,191.0,Bagdole Batika,5,"park, point_of_interest, establishment"
912,191.0,Bagdole Batika,4,"park, point_of_interest, establishment"
913,191.0,Bagdole Batika,4,"park, point_of_interest, establishment"
914,191.0,Bagdole Batika,5,"park, point_of_interest, establishment"
915,192.0,dadathok park,1,"park, point_of_interest, establishment"
916,192.0,dadathok park,4,"park, point_of_interest, establishment"
917,192.0,dadathok park,3,"park, point_of_interest, establishment"
918,192.0,dadathok park,5,"park, point_of_interest, establishment"
919,192.0,dadathok park,3,"park, point_of_interest, establishment"
920,192.0,dadathok park,5,"park, point_of_interest, establishment"
921,192.0,dadathok park,5,"park, point_of_interest, establishment"
922,192.0,dadathok park,5,"park, point_of_interest, establishment"
923,193.0,"Gagan Batika, Nagbahal",4,"park, point_of_interest, establishment"
924,193.0,"Gagan Batika, Nagbahal",4,"park, point_of_interest, establishment"
925,193.0,"Gagan Batika, Nagbahal",5,"park, point_of_interest, establishment"
926,193.0,"Gagan Batika, Nagbahal",3,"park, point_of_interest, establishment"
927,193.0,"Gagan Batika, Nagbahal",5,"park, point_of_interest, establishment"
928,193.0,"Gagan Batika, Nagbahal",5,"park, point_of_interest, establishment"
929,193.0,"Gagan Batika, Nagbahal",5,"park, point_of_interest, establishment"
930,193.0,"Gagan Batika, Nagbahal",5,"park, point_of_interest, establishment"
931,,Patan Dhoka Chautara (चौतारी),5,
932,,Patan Dhoka Chautara (चौतारी),4,
58,195.0,Pocket park,5,"park, point_of_interest, establishment"
933,195.0,Pocket park,5,"park, point_of_interest, establishment"
934,195.0,Pocket park,5,"park, point_of_interest, establishment"
87,200.0,Imukhel Bal Udhyan,4,"park, point_of_interest, establishment"
935,200.0,Imukhel Bal Udhyan,4,"park, point_of_interest, establishment"
936,200.0,Imukhel Bal Udhyan,5,"park, point_of_interest, establishment"
937,200.0,Imukhel Bal Udhyan,5,"park, point_of_interest, establishment"
938,200.0,Imukhel Bal Udhyan,3,"park, point_of_interest, establishment"
33,201.0,Lamochaur Jhamsikhel Park,4,"park, point_of_interest, establishment"
939,201.0,Lamochaur Jhamsikhel Park,1,"park, point_of_interest, establishment"
940,201.0,Lamochaur Jhamsikhel Park,5,"park, point_of_interest, establishment"
567,203.0,Shant Vawan Uddhan,4,"park, point_of_interest, establishment"
941,204.0,RN Joshi Museum / Park Gallery,4,"tourist_attraction, art_gallery, museum, point_of_interest, establishment"
942,204.0,RN Joshi Museum / Park Gallery,4,"tourist_attraction, art_gallery, museum, point_of_interest, establishment"
943,204.0,RN Joshi Museum / Park Gallery,4,"tourist_attraction, art_gallery, museum, point_of_interest, establishment"
944,204.0,RN Joshi Museum / Park Gallery,4,"tourist_attraction, art_gallery, museum, point_of_interest, establishment"
945,204.0,RN Joshi Museum / Park Gallery,5,"tourist_attraction, art_gallery, museum, point_of_interest, establishment"
946,204.0,RN Joshi Museum / Park Gallery,4,"tourist_attraction, art_gallery, museum, point_of_interest, establishment"
947,204.0,RN Joshi Museum / Park Gallery,4,"tourist_attraction, art_gallery, museum, point_of_interest, establishment"
948,204.0,RN Joshi Museum / Park Gallery,4,"tourist_attraction, art_gallery, museum, point_of_interest, establishment"
949,209.0,Khusi The Happiness,1,"park, point_of_interest, establishment"
950,209.0,Khusi The Happiness,5,"park, point_of_interest, establishment"
951,209.0,Khusi The Happiness,5,"park, point_of_interest, establishment"
952,209.0,Khusi The Happiness,5,"park, point_of_interest, establishment"
953,209.0,Khusi The Happiness,5,"park, point_of_interest, establishment"
954,211.0,King Birendra Circle Statue,4,"park, point_of_interest, establishment"
955,211.0,King Birendra Circle Statue,4,"park, point_of_interest, establishment"
956,211.0,King Birendra Circle Statue,5,"park, point_of_interest, establishment"
957,211.0,King Birendra Circle Statue,5,"park, point_of_interest, establishment"
958,211.0,King Birendra Circle Statue,4,"park, point_of_interest, establishment"
959,211.0,King Birendra Circle Statue,3,"park, point_of_interest, establishment"
960,211.0,King Birendra Circle Statue,5,"park, point_of_interest, establishment"
961,211.0,King Birendra Circle Statue,4,"park, point_of_interest, establishment"
962,,"Ookhar Bot, sitapakha, Lalitpur",5,
963,,E's Nest Bike Park,1,
964,,E's Nest Bike Park,2,
965,,E's Nest Bike Park,4,
966,,E's Nest Bike Park,5,
967,,E's Nest Bike Park,5,
968,,E's Nest Bike Park,2,
969,,E's Nest Bike Park,5,
970,,E's Nest Bike Park,5,
87,,Ji Swā Chuka,4,
971,216.0,Martyr Rudra Pakhrin Memorial Park,4,"park, point_of_interest, establishment"
972,216.0,Martyr Rudra Pakhrin Memorial Park,4,"park, point_of_interest, establishment"
973,216.0,Martyr Rudra Pakhrin Memorial Park,3,"park, point_of_interest, establishment"
974,216.0,Martyr Rudra Pakhrin Memorial Park,3,"park, point_of_interest, establishment"
975,216.0,Martyr Rudra Pakhrin Memorial Park,5,"park, point_of_interest, establishment"
976,216.0,Martyr Rudra Pakhrin Memorial Park,5,"park, point_of_interest, establishment"
977,216.0,Martyr Rudra Pakhrin Memorial Park,5,"park, point_of_interest, establishment"
978,216.0,Martyr Rudra Pakhrin Memorial Park,5,"park, point_of_interest, establishment"
979,218.0,Milarepa Memorial Park,5,"park, point_of_interest, establishment"
980,223.0,Dendi Sherpa Lookout Point,5,"park, point_of_interest, establishment"
981,224.0,Balbahadur statue,4,"park, point_of_interest, establishment"
982,224.0,Balbahadur statue,5,"park, point_of_interest, establishment"
983,224.0,Balbahadur statue,3,"park, point_of_interest, establishment"
984,224.0,Balbahadur statue,5,"park, point_of_interest, establishment"
985,224.0,Balbahadur statue,5,"park, point_of_interest, establishment"
986,224.0,Balbahadur statue,4,"park, point_of_interest, establishment"
987,224.0,Balbahadur statue,4,"park, point_of_interest, establishment"
988,224.0,Balbahadur statue,5,"park, point_of_interest, establishment"
989,225.0,BHUSUNE JUNGLE,5,"park, point_of_interest, establishment"
990,229.0,YB chok,5,"park, point_of_interest, establishment"
991,,सोमरे धारा,1,
992,,सोमरे धारा,5,
993,,सोमरे धारा,5,
994,,सोमरे धारा,5,
995,,सोमरे धारा,4,
996,,सोमरे धारा,1,
22,,सोमरे धारा,1,
997,,सोमरे धारा,5,
998,,BITAR RASAM PARK बिटार रासम पार्क,4,
999,,BITAR RASAM PARK बिटार रासम पार्क,4,
611,,BITAR RASAM PARK बिटार रासम पार्क,4,
1000,,BITAR RASAM PARK बिटार रासम पार्क,4,
1001,,BITAR RASAM PARK बिटार रासम पार्क,3,
1002,,BITAR RASAM PARK बिटार रासम पार्क,5,
1003,,BITAR RASAM PARK बिटार रासम पार्क,5,
1004,,BITAR RASAM PARK बिटार रासम पार्क,5,
1005,250.0,Dadako Park,5,"park, point_of_interest, establishment"
1006,250.0,Dadako Park,5,"park, point_of_interest, establishment"
1007,,Thulaghar danda park ठुलाघरडाँडा पार्क,5,
1008,,Thulaghar danda park ठुलाघरडाँडा पार्क,5,
1009,,Thulaghar danda park ठुलाघरडाँडा पार्क,5,
1010,,Thulaghar danda park ठुलाघरडाँडा पार्क,5,
1011,252.0,madhya pahadi lokmarga-Dahoo,5,"park, point_of_interest, establishment"
1007,,Udayanarayan Smriti Park(उदयनारायण स्मृति पार्क),5,
885,,Udayanarayan Smriti Park(उदयनारायण स्मृति पार्क),5,
1012,,यात्रु प्रतिक्षालय मन्थलि,3,
1013,260.0,"Suryapura chok,Rupandehi,Tilottama-8",5,"park, point_of_interest, establishment"
1014,260.0,"Suryapura chok,Rupandehi,Tilottama-8",5,"park, point_of_interest, establishment"
1015,260.0,"Suryapura chok,Rupandehi,Tilottama-8",4,"park, point_of_interest, establishment"
1016,262.0,Madhesi Park,5,"park, point_of_interest, establishment"
1017,262.0,Madhesi Park,5,"park, point_of_interest, establishment"
1018,262.0,Madhesi Park,4,"park, point_of_interest, establishment"
708,262.0,Madhesi Park,5,"park, point_of_interest, establishment"
1019,262.0,Madhesi Park,5,"park, point_of_interest, establishment"
1020,262.0,Madhesi Park,3,"park, point_of_interest, establishment"
590,262.0,Madhesi Park,5,"park, point_of_interest, establishment"
1021,262.0,Madhesi Park,4,"park, point_of_interest, establishment"
1022,264.0,Children garden Gulariya.,4,"park, point_of_interest, establishment"
1023,270.0,Gauri shankar krishi farm.khairtoka,5,"park, point_of_interest, establishment"
1024,270.0,Gauri shankar krishi farm.khairtoka,5,"park, point_of_interest, establishment"
1025,274.0,Torpee toll,5,"park, point_of_interest, establishment"
1026,274.0,Torpee toll,5,"park, point_of_interest, establishment"
1027,276.0,shyam mahara D.S.P,1,"park, point_of_interest, establishment"
1028,276.0,shyam mahara D.S.P,2,"park, point_of_interest, establishment"
1016,276.0,shyam mahara D.S.P,1,"park, point_of_interest, establishment"
1029,276.0,shyam mahara D.S.P,5,"park, point_of_interest, establishment"
1030,276.0,shyam mahara D.S.P,5,"park, point_of_interest, establishment"
1031,276.0,shyam mahara D.S.P,5,"park, point_of_interest, establishment"
1032,279.0,Maidan Sataun,2,"park, point_of_interest, establishment"
1033,279.0,Maidan Sataun,5,"park, point_of_interest, establishment"
1034,279.0,Maidan Sataun,5,"park, point_of_interest, establishment"
1035,279.0,Maidan Sataun,5,"park, point_of_interest, establishment"
1036,279.0,Maidan Sataun,4,"park, point_of_interest, establishment"
975,279.0,Maidan Sataun,2,"park, point_of_interest, establishment"
1037,279.0,Maidan Sataun,1,"park, point_of_interest, establishment"
1038,279.0,Maidan Sataun,2,"park, point_of_interest, establishment"
1039,280.0,Upper Bhujunge 360° view point,5,"park, point_of_interest, establishment"
1040,280.0,Upper Bhujunge 360° view point,5,"park, point_of_interest, establishment"
1041,280.0,Upper Bhujunge 360° view point,5,"park, point_of_interest, establishment"
1042,280.0,Upper Bhujunge 360° view point,5,"park, point_of_interest, establishment"
1043,283.0,DD Park Tanahunsur,2,"park, point_of_interest, establishment"
1044,283.0,DD Park Tanahunsur,3,"park, point_of_interest, establishment"
1045,284.0,Kanchenjunga Conservation Area,5,"park, point_of_interest, establishment"
1046,284.0,Kanchenjunga Conservation Area,5,"park, point_of_interest, establishment"
1047,284.0,Kanchenjunga Conservation Area,5,"park, point_of_interest, establishment"
1048,284.0,Kanchenjunga Conservation Area,5,"park, point_of_interest, establishment"
1049,284.0,Kanchenjunga Conservation Area,5,"park, point_of_interest, establishment"
1050,284.0,Kanchenjunga Conservation Area,5,"park, point_of_interest, establishment"
1051,284.0,Kanchenjunga Conservation Area,3,"park, point_of_interest, establishment"
1052,284.0,Kanchenjunga Conservation Area,5,"park, point_of_interest, establishment"
491,,ghaprakharka झाप्राखर्क मालिका,5,
1053,,ghaprakharka झाप्राखर्क मालिका,5,
1054,286.0,Lamgau garden house,5,"park, point_of_interest, establishment"
1055,290.0,Finear Art Gallery,5,"art_gallery, point_of_interest, establishment"
1056,290.0,Finear Art Gallery,3,"art_gallery, point_of_interest, establishment"
17,290.0,Finear Art Gallery,4,"art_gallery, point_of_interest, establishment"
1057,290.0,Finear Art Gallery,4,"art_gallery, point_of_interest, establishment"
1058,290.0,Finear Art Gallery,5,"art_gallery, point_of_interest, establishment"
1059,290.0,Finear Art Gallery,5,"art_gallery, point_of_interest, establishment"
1060,290.0,Finear Art Gallery,5,"art_gallery, point_of_interest, establishment"
1061,290.0,Finear Art Gallery,5,"art_gallery, point_of_interest, establishment"
183,291.0,Kathmandu Art House,5,"art_gallery, point_of_interest, establishment"
1062,291.0,Kathmandu Art House,5,"art_gallery, point_of_interest, establishment"
389,291.0,Kathmandu Art House,5,"art_gallery, point_of_interest, establishment"
1063,291.0,Kathmandu Art House,5,"art_gallery, point_of_interest, establishment"
1064,291.0,Kathmandu Art House,5,"art_gallery, point_of_interest, establishment"
1065,291.0,Kathmandu Art House,5,"art_gallery, point_of_interest, establishment"
1066,291.0,Kathmandu Art House,5,"art_gallery, point_of_interest, establishment"
1067,291.0,Kathmandu Art House,5,"art_gallery, point_of_interest, establishment"
175,292.0,Siddhartha Art Gallery,4,"art_gallery, tourist_attraction, point_of_interest, establishment"
189,292.0,Siddhartha Art Gallery,4,"art_gallery, tourist_attraction, point_of_interest, establishment"
139,292.0,Siddhartha Art Gallery,4,"art_gallery, tourist_attraction, point_of_interest, establishment"
190,292.0,Siddhartha Art Gallery,5,"art_gallery, tourist_attraction, point_of_interest, establishment"
191,292.0,Siddhartha Art Gallery,4,"art_gallery, tourist_attraction, point_of_interest, establishment"
192,292.0,Siddhartha Art Gallery,5,"art_gallery, tourist_attraction, point_of_interest, establishment"
193,292.0,Siddhartha Art Gallery,5,"art_gallery, tourist_attraction, point_of_interest, establishment"
194,292.0,Siddhartha Art Gallery,4,"art_gallery, tourist_attraction, point_of_interest, establishment"
1068,293.0,Universal Art Gallery,5,"art_gallery, point_of_interest, establishment"
1069,293.0,Universal Art Gallery,5,"art_gallery, point_of_interest, establishment"
1070,293.0,Universal Art Gallery,5,"art_gallery, point_of_interest, establishment"
515,293.0,Universal Art Gallery,5,"art_gallery, point_of_interest, establishment"
1071,293.0,Universal Art Gallery,5,"art_gallery, point_of_interest, establishment"
1072,293.0,Universal Art Gallery,5,"art_gallery, point_of_interest, establishment"
1073,293.0,Universal Art Gallery,5,"art_gallery, point_of_interest, establishment"
1074,293.0,Universal Art Gallery,5,"art_gallery, point_of_interest, establishment"
280,294.0,Buddha Nepal Art Gallery,5,"art_gallery, store, point_of_interest, establishment"
1075,294.0,Buddha Nepal Art Gallery,5,"art_gallery, store, point_of_interest, establishment"
1076,294.0,Buddha Nepal Art Gallery,4,"art_gallery, store, point_of_interest, establishment"
1077,294.0,Buddha Nepal Art Gallery,4,"art_gallery, store, point_of_interest, establishment"
1078,294.0,Buddha Nepal Art Gallery,5,"art_gallery, store, point_of_interest, establishment"
1079,294.0,Buddha Nepal Art Gallery,5,"art_gallery, store, point_of_interest, establishment"
1080,294.0,Buddha Nepal Art Gallery,5,"art_gallery, store, point_of_interest, establishment"
1081,294.0,Buddha Nepal Art Gallery,5,"art_gallery, store, point_of_interest, establishment"
1082,295.0,"Takpa Gallery, lazimpat",5,"art_gallery, point_of_interest, establishment"
1083,295.0,"Takpa Gallery, lazimpat",5,"art_gallery, point_of_interest, establishment"
1084,295.0,"Takpa Gallery, lazimpat",5,"art_gallery, point_of_interest, establishment"
1085,295.0,"Takpa Gallery, lazimpat",5,"art_gallery, point_of_interest, establishment"
1086,295.0,"Takpa Gallery, lazimpat",5,"art_gallery, point_of_interest, establishment"
1087,295.0,"Takpa Gallery, lazimpat",5,"art_gallery, point_of_interest, establishment"
183,295.0,"Takpa Gallery, lazimpat",4,"art_gallery, point_of_interest, establishment"
1088,295.0,"Takpa Gallery, lazimpat",5,"art_gallery, point_of_interest, establishment"
153,297.0,Freedom Art Gallery,5,"art_gallery, point_of_interest, establishment"
1089,297.0,Freedom Art Gallery,5,"art_gallery, point_of_interest, establishment"
1090,297.0,Freedom Art Gallery,5,"art_gallery, point_of_interest, establishment"
1091,297.0,Freedom Art Gallery,5,"art_gallery, point_of_interest, establishment"
1092,297.0,Freedom Art Gallery,5,"art_gallery, point_of_interest, establishment"
1093,297.0,Freedom Art Gallery,5,"art_gallery, point_of_interest, establishment"
1094,297.0,Freedom Art Gallery,5,"art_gallery, point_of_interest, establishment"
1095,297.0,Freedom Art Gallery,5,"art_gallery, point_of_interest, establishment"
1096,299.0,Museum Of Nepali Art,4,"museum, point_of_interest, establishment"
1097,299.0,Museum Of Nepali Art,4,"museum, point_of_interest, establishment"
1098,299.0,Museum Of Nepali Art,5,"museum, point_of_interest, establishment"
1099,299.0,Museum Of Nepali Art,4,"museum, point_of_interest, establishment"
1100,299.0,Museum Of Nepali Art,4,"museum, point_of_interest, establishment"
1101,299.0,Museum Of Nepali Art,4,"museum, point_of_interest, establishment"
1102,299.0,Museum Of Nepali Art,4,"museum, point_of_interest, establishment"
1103,299.0,Museum Of Nepali Art,5,"museum, point_of_interest, establishment"
1104,300.0,BK ART Gallery,5,"art_gallery, store, point_of_interest, establishment"
1105,300.0,BK ART Gallery,5,"art_gallery, store, point_of_interest, establishment"
1106,300.0,BK ART Gallery,5,"art_gallery, store, point_of_interest, establishment"
1107,300.0,BK ART Gallery,5,"art_gallery, store, point_of_interest, establishment"
1108,300.0,BK ART Gallery,5,"art_gallery, store, point_of_interest, establishment"
1109,300.0,BK ART Gallery,5,"art_gallery, store, point_of_interest, establishment"
59,300.0,BK ART Gallery,5,"art_gallery, store, point_of_interest, establishment"
1110,300.0,BK ART Gallery,1,"art_gallery, store, point_of_interest, establishment"
1111,301.0,Nupur Art Gallery Center Pvt. Ltd.,5,"shopping_mall, art_gallery, food, point_of_interest, establishment"
1112,301.0,Nupur Art Gallery Center Pvt. Ltd.,5,"shopping_mall, art_gallery, food, point_of_interest, establishment"
1113,301.0,Nupur Art Gallery Center Pvt. Ltd.,5,"shopping_mall, art_gallery, food, point_of_interest, establishment"
1114,303.0,Thang Ku Artist,5,"art_gallery, point_of_interest, establishment"
1115,303.0,Thang Ku Artist,5,"art_gallery, point_of_interest, establishment"
1116,303.0,Thang Ku Artist,5,"art_gallery, point_of_interest, establishment"
1117,304.0,Swoyambhu Art Gallery,5,"art_gallery, point_of_interest, establishment"
1118,304.0,Swoyambhu Art Gallery,5,"art_gallery, point_of_interest, establishment"
1119,304.0,Swoyambhu Art Gallery,5,"art_gallery, point_of_interest, establishment"
1120,304.0,Swoyambhu Art Gallery,5,"art_gallery, point_of_interest, establishment"
1121,304.0,Swoyambhu Art Gallery,5,"art_gallery, point_of_interest, establishment"
1122,304.0,Swoyambhu Art Gallery,5,"art_gallery, point_of_interest, establishment"
1123,304.0,Swoyambhu Art Gallery,5,"art_gallery, point_of_interest, establishment"
1124,305.0,ArTree Nepal,5,"art_gallery, point_of_interest, establishment"
963,305.0,ArTree Nepal,4,"art_gallery, point_of_interest, establishment"
1125,305.0,ArTree Nepal,5,"art_gallery, point_of_interest, establishment"
1126,305.0,ArTree Nepal,5,"art_gallery, point_of_interest, establishment"
1127,305.0,ArTree Nepal,5,"art_gallery, point_of_interest, establishment"
1128,305.0,ArTree Nepal,5,"art_gallery, point_of_interest, establishment"
1129,305.0,ArTree Nepal,5,"art_gallery, point_of_interest, establishment"
1130,305.0,ArTree Nepal,4,"art_gallery, point_of_interest, establishment"
1131,306.0,Mithila Yain Art Gallery,5,"art_gallery, point_of_interest, establishment"
1132,306.0,Mithila Yain Art Gallery,5,"art_gallery, point_of_interest, establishment"
1133,306.0,Mithila Yain Art Gallery,3,"art_gallery, point_of_interest, establishment"
1134,306.0,Mithila Yain Art Gallery,4,"art_gallery, point_of_interest, establishment"
1135,306.0,Mithila Yain Art Gallery,5,"art_gallery, point_of_interest, establishment"
1136,306.0,Mithila Yain Art Gallery,5,"art_gallery, point_of_interest, establishment"
1137,306.0,Mithila Yain Art Gallery,4,"art_gallery, point_of_interest, establishment"
1138,306.0,Mithila Yain Art Gallery,1,"art_gallery, point_of_interest, establishment"
1139,307.0,Himalayan Arts/Thangka Gallery,5,"art_gallery, store, point_of_interest, establishment"
1140,307.0,Himalayan Arts/Thangka Gallery,5,"art_gallery, store, point_of_interest, establishment"
1141,307.0,Himalayan Arts/Thangka Gallery,5,"art_gallery, store, point_of_interest, establishment"
1142,307.0,Himalayan Arts/Thangka Gallery,5,"art_gallery, store, point_of_interest, establishment"
1143,307.0,Himalayan Arts/Thangka Gallery,5,"art_gallery, store, point_of_interest, establishment"
1144,307.0,Himalayan Arts/Thangka Gallery,5,"art_gallery, store, point_of_interest, establishment"
1145,307.0,Himalayan Arts/Thangka Gallery,2,"art_gallery, store, point_of_interest, establishment"
1146,307.0,Himalayan Arts/Thangka Gallery,4,"art_gallery, store, point_of_interest, establishment"
1147,308.0,Shangri-La Art Gallery,5,"art_gallery, point_of_interest, establishment"
1148,309.0,Woodcraft Gallery,5,"art_gallery, point_of_interest, establishment"
1149,309.0,Woodcraft Gallery,5,"art_gallery, point_of_interest, establishment"
1150,309.0,Woodcraft Gallery,5,"art_gallery, point_of_interest, establishment"
706,309.0,Woodcraft Gallery,4,"art_gallery, point_of_interest, establishment"
1151,309.0,Woodcraft Gallery,5,"art_gallery, point_of_interest, establishment"
1152,309.0,Woodcraft Gallery,5,"art_gallery, point_of_interest, establishment"
1153,309.0,Woodcraft Gallery,5,"art_gallery, point_of_interest, establishment"
1154,309.0,Woodcraft Gallery,5,"art_gallery, point_of_interest, establishment"
1155,310.0,Everest Art Gallery,5,"art_gallery, point_of_interest, establishment"
1156,310.0,Everest Art Gallery,5,"art_gallery, point_of_interest, establishment"
1157,310.0,Everest Art Gallery,5,"art_gallery, point_of_interest, establishment"
1158,310.0,Everest Art Gallery,5,"art_gallery, point_of_interest, establishment"
1159,310.0,Everest Art Gallery,5,"art_gallery, point_of_interest, establishment"
1160,310.0,Everest Art Gallery,5,"art_gallery, point_of_interest, establishment"
1161,310.0,Everest Art Gallery,1,"art_gallery, point_of_interest, establishment"
1162,310.0,Everest Art Gallery,4,"art_gallery, point_of_interest, establishment"
1163,311.0,Artudio,5,"art_gallery, point_of_interest, establishment"
1164,311.0,Artudio,5,"art_gallery, point_of_interest, establishment"
1165,311.0,Artudio,5,"art_gallery, point_of_interest, establishment"
1166,311.0,Artudio,5,"art_gallery, point_of_interest, establishment"
1167,311.0,Artudio,3,"art_gallery, point_of_interest, establishment"
1168,311.0,Artudio,5,"art_gallery, point_of_interest, establishment"
1169,311.0,Artudio,5,"art_gallery, point_of_interest, establishment"
1170,311.0,Artudio,3,"art_gallery, point_of_interest, establishment"
1171,312.0,Tiny Art Gallery Thamel,5,"art_gallery, store, point_of_interest, establishment"
1172,312.0,Tiny Art Gallery Thamel,5,"art_gallery, store, point_of_interest, establishment"
1173,312.0,Tiny Art Gallery Thamel,5,"art_gallery, store, point_of_interest, establishment"
1174,312.0,Tiny Art Gallery Thamel,5,"art_gallery, store, point_of_interest, establishment"
1175,312.0,Tiny Art Gallery Thamel,5,"art_gallery, store, point_of_interest, establishment"
1176,312.0,Tiny Art Gallery Thamel,5,"art_gallery, store, point_of_interest, establishment"
1177,312.0,Tiny Art Gallery Thamel,5,"art_gallery, store, point_of_interest, establishment"
1178,312.0,Tiny Art Gallery Thamel,5,"art_gallery, store, point_of_interest, establishment"
1179,313.0,Kantipur Art Gallery,5,"art_gallery, point_of_interest, establishment"
1180,313.0,Kantipur Art Gallery,5,"art_gallery, point_of_interest, establishment"
1181,314.0,Nepalian Art,5,"art_gallery, point_of_interest, establishment"
1182,315.0,The Art Gallery Cafe,5,"art_gallery, cafe, store, food, point_of_interest, establishment"
1183,315.0,The Art Gallery Cafe,5,"art_gallery, cafe, store, food, point_of_interest, establishment"
1184,315.0,The Art Gallery Cafe,5,"art_gallery, cafe, store, food, point_of_interest, establishment"
1185,315.0,The Art Gallery Cafe,5,"art_gallery, cafe, store, food, point_of_interest, establishment"
1186,315.0,The Art Gallery Cafe,5,"art_gallery, cafe, store, food, point_of_interest, establishment"
479,315.0,The Art Gallery Cafe,5,"art_gallery, cafe, store, food, point_of_interest, establishment"
1187,315.0,The Art Gallery Cafe,5,"art_gallery, cafe, store, food, point_of_interest, establishment"
1188,315.0,The Art Gallery Cafe,5,"art_gallery, cafe, store, food, point_of_interest, establishment"
1189,316.0,Kumari Gift & Art Gallery,5,"art_gallery, store, point_of_interest, establishment"
1190,316.0,Kumari Gift & Art Gallery,4,"art_gallery, store, point_of_interest, establishment"
235,316.0,Kumari Gift & Art Gallery,4,"art_gallery, store, point_of_interest, establishment"
1191,316.0,Kumari Gift & Art Gallery,4,"art_gallery, store, point_of_interest, establishment"
1192,316.0,Kumari Gift & Art Gallery,4,"art_gallery, store, point_of_interest, establishment"
1193,316.0,Kumari Gift & Art Gallery,4,"art_gallery, store, point_of_interest, establishment"
1194,316.0,Kumari Gift & Art Gallery,2,"art_gallery, store, point_of_interest, establishment"
1195,316.0,Kumari Gift & Art Gallery,5,"art_gallery, store, point_of_interest, establishment"
1196,317.0,"Nabin Art Creation, New Buspark",5,"art_gallery, point_of_interest, establishment"
1197,317.0,"Nabin Art Creation, New Buspark",5,"art_gallery, point_of_interest, establishment"
1198,318.0,Anush Art Gallery,5,"art_gallery, point_of_interest, establishment"
1199,318.0,Anush Art Gallery,5,"art_gallery, point_of_interest, establishment"
1200,319.0,Yang Yang Thanka Art Private Limited,5,"art_gallery, point_of_interest, establishment"
1201,319.0,Yang Yang Thanka Art Private Limited,5,"art_gallery, point_of_interest, establishment"
1202,319.0,Yang Yang Thanka Art Private Limited,1,"art_gallery, point_of_interest, establishment"
1203,319.0,Yang Yang Thanka Art Private Limited,5,"art_gallery, point_of_interest, establishment"
1204,320.0,Dangol's Bird Art Gallery & art institute,4,"art_gallery, point_of_interest, establishment"
1205,320.0,Dangol's Bird Art Gallery & art institute,5,"art_gallery, point_of_interest, establishment"
1206,320.0,Dangol's Bird Art Gallery & art institute,5,"art_gallery, point_of_interest, establishment"
1207,320.0,Dangol's Bird Art Gallery & art institute,5,"art_gallery, point_of_interest, establishment"
1208,320.0,Dangol's Bird Art Gallery & art institute,5,"art_gallery, point_of_interest, establishment"
1209,320.0,Dangol's Bird Art Gallery & art institute,3,"art_gallery, point_of_interest, establishment"
1210,322.0,21st century art gallery,5,"art_gallery, museum, point_of_interest, establishment"
1211,322.0,21st century art gallery,5,"art_gallery, museum, point_of_interest, establishment"
1212,322.0,21st century art gallery,5,"art_gallery, museum, point_of_interest, establishment"
1148,322.0,21st century art gallery,5,"art_gallery, museum, point_of_interest, establishment"
1213,322.0,21st century art gallery,5,"art_gallery, museum, point_of_interest, establishment"
1214,322.0,21st century art gallery,5,"art_gallery, museum, point_of_interest, establishment"
1215,322.0,21st century art gallery,5,"art_gallery, museum, point_of_interest, establishment"
1216,322.0,21st century art gallery,5,"art_gallery, museum, point_of_interest, establishment"
1217,323.0,Rincheling Thanka Gallery and Art School,5,"art_gallery, point_of_interest, establishment"
1218,323.0,Rincheling Thanka Gallery and Art School,5,"art_gallery, point_of_interest, establishment"
1219,323.0,Rincheling Thanka Gallery and Art School,5,"art_gallery, point_of_interest, establishment"
1220,323.0,Rincheling Thanka Gallery and Art School,5,"art_gallery, point_of_interest, establishment"
1221,323.0,Rincheling Thanka Gallery and Art School,5,"art_gallery, point_of_interest, establishment"
1222,323.0,Rincheling Thanka Gallery and Art School,5,"art_gallery, point_of_interest, establishment"
1223,323.0,Rincheling Thanka Gallery and Art School,5,"art_gallery, point_of_interest, establishment"
1224,323.0,Rincheling Thanka Gallery and Art School,5,"art_gallery, point_of_interest, establishment"
1225,326.0,Atelier 2 Fine Art Gallery,5,"art_gallery, museum, point_of_interest, establishment"
1226,327.0,Lapis Thanka & Art Gallery Shop,4,"museum, point_of_interest, store, establishment"
1227,327.0,Lapis Thanka & Art Gallery Shop,5,"museum, point_of_interest, store, establishment"
1228,327.0,Lapis Thanka & Art Gallery Shop,5,"museum, point_of_interest, store, establishment"
1229,327.0,Lapis Thanka & Art Gallery Shop,5,"museum, point_of_interest, store, establishment"
1230,327.0,Lapis Thanka & Art Gallery Shop,5,"museum, point_of_interest, store, establishment"
1231,327.0,Lapis Thanka & Art Gallery Shop,5,"museum, point_of_interest, store, establishment"
1232,327.0,Lapis Thanka & Art Gallery Shop,5,"museum, point_of_interest, store, establishment"
1233,327.0,Lapis Thanka & Art Gallery Shop,5,"museum, point_of_interest, store, establishment"
1234,328.0,Bhav Art Gallery,2,"art_gallery, point_of_interest, establishment"
1235,328.0,Bhav Art Gallery,5,"art_gallery, point_of_interest, establishment"
1236,328.0,Bhav Art Gallery,5,"art_gallery, point_of_interest, establishment"
1237,328.0,Bhav Art Gallery,4,"art_gallery, point_of_interest, establishment"
1238,329.0,Rainbow Thanka Gallery,5,"art_gallery, museum, point_of_interest, store, establishment"
1239,329.0,Rainbow Thanka Gallery,5,"art_gallery, museum, point_of_interest, store, establishment"
303,331.0,Reva Art Gallery,4,"art_gallery, point_of_interest, establishment"
1240,331.0,Reva Art Gallery,5,"art_gallery, point_of_interest, establishment"
1241,331.0,Reva Art Gallery,5,"art_gallery, point_of_interest, establishment"
1242,331.0,Reva Art Gallery,5,"art_gallery, point_of_interest, establishment"
1243,331.0,Reva Art Gallery,5,"art_gallery, point_of_interest, establishment"
1244,331.0,Reva Art Gallery,5,"art_gallery, point_of_interest, establishment"
420,331.0,Reva Art Gallery,4,"art_gallery, point_of_interest, establishment"
1245,331.0,Reva Art Gallery,5,"art_gallery, point_of_interest, establishment"
1246,333.0,Classic gallery,5,"art_gallery, point_of_interest, establishment"
180,333.0,Classic gallery,5,"art_gallery, point_of_interest, establishment"
1247,333.0,Classic gallery,5,"art_gallery, point_of_interest, establishment"
1248,333.0,Classic gallery,4,"art_gallery, point_of_interest, establishment"
1249,333.0,Classic gallery,5,"art_gallery, point_of_interest, establishment"
1250,333.0,Classic gallery,5,"art_gallery, point_of_interest, establishment"
1251,333.0,Classic gallery,4,"art_gallery, point_of_interest, establishment"
286,333.0,Classic gallery,4,"art_gallery, point_of_interest, establishment"
1252,334.0,Dipak Art Gallery,5,"art_gallery, point_of_interest, establishment"
1253,335.0,AS Handicrafts & Art Gallery,5,"art_gallery, point_of_interest, establishment"
1254,335.0,AS Handicrafts & Art Gallery,5,"art_gallery, point_of_interest, establishment"
1255,336.0,Araniko Newa And Traditional Arts,5,"art_gallery, point_of_interest, establishment"
1256,336.0,Araniko Newa And Traditional Arts,5,"art_gallery, point_of_interest, establishment"
1257,336.0,Araniko Newa And Traditional Arts,5,"art_gallery, point_of_interest, establishment"
33,337.0,Himalayan Art Gallery Jhamsikhel,4,"art_gallery, museum, point_of_interest, establishment"
1258,337.0,Himalayan Art Gallery Jhamsikhel,5,"art_gallery, museum, point_of_interest, establishment"
718,337.0,Himalayan Art Gallery Jhamsikhel,4,"art_gallery, museum, point_of_interest, establishment"
1259,337.0,Himalayan Art Gallery Jhamsikhel,5,"art_gallery, museum, point_of_interest, establishment"
1260,337.0,Himalayan Art Gallery Jhamsikhel,3,"art_gallery, museum, point_of_interest, establishment"
1261,339.0,ADVENTURE ART GALLERY,5,"art_gallery, museum, point_of_interest, store, establishment"
1262,339.0,ADVENTURE ART GALLERY,5,"art_gallery, museum, point_of_interest, store, establishment"
1263,340.0,Mithila Things Art gallery,5,"art_gallery, point_of_interest, establishment"
1264,340.0,Mithila Things Art gallery,5,"art_gallery, point_of_interest, establishment"
1265,340.0,Mithila Things Art gallery,5,"art_gallery, point_of_interest, establishment"
1266,340.0,Mithila Things Art gallery,5,"art_gallery, point_of_interest, establishment"
1263,340.0,Mithila Things Art gallery,5,"art_gallery, point_of_interest, establishment"
1267,342.0,Gallery of Creatives,4,"art_gallery, point_of_interest, establishment"
565,342.0,Gallery of Creatives,4,"art_gallery, point_of_interest, establishment"
1268,342.0,Gallery of Creatives,5,"art_gallery, point_of_interest, establishment"
1269,342.0,Gallery of Creatives,1,"art_gallery, point_of_interest, establishment"
1270,342.0,Gallery of Creatives,4,"art_gallery, point_of_interest, establishment"
1271,342.0,Gallery of Creatives,1,"art_gallery, point_of_interest, establishment"
1272,342.0,Gallery of Creatives,5,"art_gallery, point_of_interest, establishment"
1273,342.0,Gallery of Creatives,5,"art_gallery, point_of_interest, establishment"
1274,347.0,Prints of Nepali Art,5,"art_gallery, point_of_interest, establishment"
1275,347.0,Prints of Nepali Art,5,"art_gallery, point_of_interest, establishment"
1276,350.0,Zorig Thangka Gallery,5,"art_gallery, point_of_interest, store, establishment"
1277,350.0,Zorig Thangka Gallery,5,"art_gallery, point_of_interest, store, establishment"
1278,350.0,Zorig Thangka Gallery,5,"art_gallery, point_of_interest, store, establishment"
1279,350.0,Zorig Thangka Gallery,4,"art_gallery, point_of_interest, store, establishment"
1280,,Shrestha Art Gallery,5,
1281,,Shrestha Art Gallery,5,
1282,353.0,Newa Gallery,5,"art_gallery, home_goods_store, point_of_interest, store, establishment"
622,,हिलियापानी धारो,5,
47,359.0,Brass and Bronze Museum,1,"museum, point_of_interest, establishment"
48,359.0,Brass and Bronze Museum,5,"museum, point_of_interest, establishment"
49,359.0,Brass and Bronze Museum,5,"museum, point_of_interest, establishment"
50,359.0,Brass and Bronze Museum,3,"museum, point_of_interest, establishment"
51,359.0,Brass and Bronze Museum,3,"museum, point_of_interest, establishment"
52,359.0,Brass and Bronze Museum,5,"museum, point_of_interest, establishment"
53,359.0,Brass and Bronze Museum,5,"museum, point_of_interest, establishment"
54,359.0,Brass and Bronze Museum,5,"museum, point_of_interest, establishment"
1283,360.0,"Falaicha Art,Culture And Museum Stay",5,"museum, point_of_interest, establishment"
1284,,सहिद अजबलाल ऐसमारक,4,
1285,,सहिद अजबलाल ऐसमारक,3,
1286,363.0,The City Museum Kathmandu,1,"art_gallery, museum, point_of_interest, establishment"
1287,363.0,The City Museum Kathmandu,1,"art_gallery, museum, point_of_interest, establishment"
1288,363.0,The City Museum Kathmandu,5,"art_gallery, museum, point_of_interest, establishment"
1289,363.0,The City Museum Kathmandu,3,"art_gallery, museum, point_of_interest, establishment"
1290,363.0,The City Museum Kathmandu,3,"art_gallery, museum, point_of_interest, establishment"
1291,363.0,The City Museum Kathmandu,2,"art_gallery, museum, point_of_interest, establishment"
218,364.0,Aviation Museum,5,"museum, tourist_attraction, point_of_interest, establishment"
455,364.0,Aviation Museum,5,"museum, tourist_attraction, point_of_interest, establishment"
1292,364.0,Aviation Museum,3,"museum, tourist_attraction, point_of_interest, establishment"
1293,364.0,Aviation Museum,4,"museum, tourist_attraction, point_of_interest, establishment"
1294,364.0,Aviation Museum,5,"museum, tourist_attraction, point_of_interest, establishment"
1295,364.0,Aviation Museum,3,"museum, tourist_attraction, point_of_interest, establishment"
690,364.0,Aviation Museum,4,"museum, tourist_attraction, point_of_interest, establishment"
1296,364.0,Aviation Museum,5,"museum, tourist_attraction, point_of_interest, establishment"
281,365.0,Military Museum,5,"tourist_attraction, museum, point_of_interest, establishment"
1297,365.0,Military Museum,4,"tourist_attraction, museum, point_of_interest, establishment"
1298,365.0,Military Museum,5,"tourist_attraction, museum, point_of_interest, establishment"
466,365.0,Military Museum,4,"tourist_attraction, museum, point_of_interest, establishment"
152,365.0,Military Museum,5,"tourist_attraction, museum, point_of_interest, establishment"
1299,365.0,Military Museum,4,"tourist_attraction, museum, point_of_interest, establishment"
1300,365.0,Military Museum,5,"tourist_attraction, museum, point_of_interest, establishment"
1301,365.0,Military Museum,4,"tourist_attraction, museum, point_of_interest, establishment"
1302,366.0,Birendra Museum,4,"museum, point_of_interest, establishment"
1303,366.0,Birendra Museum,1,"museum, point_of_interest, establishment"
1304,366.0,Birendra Museum,5,"museum, point_of_interest, establishment"
1305,366.0,Birendra Museum,4,"museum, point_of_interest, establishment"
1306,366.0,Birendra Museum,5,"museum, point_of_interest, establishment"
1307,366.0,Birendra Museum,5,"museum, point_of_interest, establishment"
1308,367.0,Tribhuvan Museum,5,"museum, point_of_interest, establishment"
1309,367.0,Tribhuvan Museum,4,"museum, point_of_interest, establishment"
1310,,Shree Sadan,1,
1311,,Shree Sadan,4,
1312,,Shree Sadan,5,
1313,,Shree Sadan,5,
1314,,Shree Sadan,5,
1315,,Shree Sadan,3,
1316,,Shree Sadan,4,
1317,,Shree Sadan,4,
1318,370.0,Purna Museum of Newa Art,5,"museum, point_of_interest, establishment"
1319,370.0,Purna Museum of Newa Art,5,"museum, point_of_interest, establishment"
1320,370.0,Purna Museum of Newa Art,5,"museum, point_of_interest, establishment"
1321,371.0,RICH museum of Craft and Design,4,"museum, point_of_interest, establishment"
1322,371.0,RICH museum of Craft and Design,5,"museum, point_of_interest, establishment"
1323,372.0,Limbu Museum,1,"museum, point_of_interest, establishment"
1324,372.0,Limbu Museum,2,"museum, point_of_interest, establishment"
1325,372.0,Limbu Museum,3,"museum, point_of_interest, establishment"
329,372.0,Limbu Museum,5,"museum, point_of_interest, establishment"
1326,372.0,Limbu Museum,2,"museum, point_of_interest, establishment"
1327,372.0,Limbu Museum,5,"museum, point_of_interest, establishment"
938,372.0,Limbu Museum,3,"museum, point_of_interest, establishment"
1328,372.0,Limbu Museum,5,"museum, point_of_interest, establishment"
1329,374.0,Newa stone craft,4,"museum, point_of_interest, establishment"
1330,374.0,Newa stone craft,5,"museum, point_of_interest, establishment"
1331,374.0,Newa stone craft,5,"museum, point_of_interest, establishment"
1332,377.0,Khukuri house gallery,5,"museum, point_of_interest, establishment"
1333,378.0,NIRVANA THANGKA GALLERY,4,"museum, point_of_interest, establishment"
1334,378.0,NIRVANA THANGKA GALLERY,5,"museum, point_of_interest, establishment"
1335,378.0,NIRVANA THANGKA GALLERY,1,"museum, point_of_interest, establishment"
1336,379.0,PEACE GALLERY IMPEX,4,"museum, point_of_interest, establishment"
1337,380.0,TARA ART CONCERN,5,"museum, point_of_interest, establishment"
1338,381.0,Shakya Siddhartha Thanka Painting School,5,"museum, point_of_interest, establishment"
1339,381.0,Shakya Siddhartha Thanka Painting School,5,"museum, point_of_interest, establishment"
1340,381.0,Shakya Siddhartha Thanka Painting School,5,"museum, point_of_interest, establishment"
1341,382.0,Gyanlal Handcraft,5,"museum, point_of_interest, establishment"
1342,382.0,Gyanlal Handcraft,5,"museum, point_of_interest, establishment"
1343,382.0,Gyanlal Handcraft,5,"museum, point_of_interest, establishment"
1344,382.0,Gyanlal Handcraft,2,"museum, point_of_interest, establishment"
1345,382.0,Gyanlal Handcraft,5,"museum, point_of_interest, establishment"
1345,382.0,Gyanlal Handcraft,5,"museum, point_of_interest, establishment"
1346,382.0,Gyanlal Handcraft,5,"museum, point_of_interest, establishment"
1347,,इतिहास हस्तकला,5,
1348,,इतिहास हस्तकला,1,
1349,388.0,Adi Buddha Handicraft,1,"museum, point_of_interest, establishment"
1350,,The Unique Handicraft अनुपम हस्तकला,4,
1326,,The Unique Handicraft अनुपम हस्तकला,1,
928,391.0,Utpala Arts,5,"museum, point_of_interest, store, establishment"
214,391.0,Utpala Arts,5,"museum, point_of_interest, store, establishment"
1351,391.0,Utpala Arts,4,"museum, point_of_interest, store, establishment"
1352,393.0,Pwasya Metal Craft,5,"museum, point_of_interest, establishment"
1353,393.0,Pwasya Metal Craft,5,"museum, point_of_interest, establishment"
1354,393.0,Pwasya Metal Craft,5,"museum, point_of_interest, establishment"
1355,393.0,Pwasya Metal Craft,5,"museum, point_of_interest, establishment"
1356,395.0,Ashoka Handicrafts,5,"art_gallery, museum, point_of_interest, store, establishment"
1357,397.0,Manang Culture Museum,2,"museum, point_of_interest, establishment"
1358,397.0,Manang Culture Museum,5,"museum, point_of_interest, establishment"
1359,397.0,Manang Culture Museum,4,"museum, point_of_interest, establishment"
1360,397.0,Manang Culture Museum,4,"museum, point_of_interest, establishment"
1361,397.0,Manang Culture Museum,5,"museum, point_of_interest, establishment"
1362,398.0,Shiv Temple Lalparsa Ghat,5,"museum, point_of_interest, establishment"
1363,398.0,Shiv Temple Lalparsa Ghat,5,"museum, point_of_interest, establishment"
1364,398.0,Shiv Temple Lalparsa Ghat,4,"museum, point_of_interest, establishment"
1365,398.0,Shiv Temple Lalparsa Ghat,5,"museum, point_of_interest, establishment"
1366,398.0,Shiv Temple Lalparsa Ghat,4,"museum, point_of_interest, establishment"
1367,398.0,Shiv Temple Lalparsa Ghat,4,"museum, point_of_interest, establishment"
1368,398.0,Shiv Temple Lalparsa Ghat,5,"museum, point_of_interest, establishment"
1369,398.0,Shiv Temple Lalparsa Ghat,5,"museum, point_of_interest, establishment"
1370,400.0,Tarakhase pokhari,3,"museum, point_of_interest, establishment"
1371,400.0,Tarakhase pokhari,2,"museum, point_of_interest, establishment"
1372,400.0,Tarakhase pokhari,3,"museum, point_of_interest, establishment"
1373,400.0,Tarakhase pokhari,4,"museum, point_of_interest, establishment"
1374,400.0,Tarakhase pokhari,5,"museum, point_of_interest, establishment"
580,400.0,Tarakhase pokhari,3,"museum, point_of_interest, establishment"
1375,401.0,Sindhuli Gadhi War Museum,5,"museum, point_of_interest, establishment"
1376,401.0,Sindhuli Gadhi War Museum,5,"museum, point_of_interest, establishment"
587,401.0,Sindhuli Gadhi War Museum,5,"museum, point_of_interest, establishment"
567,401.0,Sindhuli Gadhi War Museum,4,"museum, point_of_interest, establishment"
1377,401.0,Sindhuli Gadhi War Museum,5,"museum, point_of_interest, establishment"
1378,401.0,Sindhuli Gadhi War Museum,5,"museum, point_of_interest, establishment"
136,401.0,Sindhuli Gadhi War Museum,4,"museum, point_of_interest, establishment"
812,401.0,Sindhuli Gadhi War Museum,4,"museum, point_of_interest, establishment"
1379,405.0,Everest Science Center Nepal,4,"museum, point_of_interest, establishment"
1380,405.0,Everest Science Center Nepal,4,"museum, point_of_interest, establishment"
348,405.0,Everest Science Center Nepal,2,"museum, point_of_interest, establishment"
1381,405.0,Everest Science Center Nepal,4,"museum, point_of_interest, establishment"
1382,405.0,Everest Science Center Nepal,3,"museum, point_of_interest, establishment"
1383,405.0,Everest Science Center Nepal,2,"museum, point_of_interest, establishment"
1384,405.0,Everest Science Center Nepal,4,"museum, point_of_interest, establishment"
1385,405.0,Everest Science Center Nepal,4,"museum, point_of_interest, establishment"
1386,407.0,Golfutar Sunrise Point,5,"park, point_of_interest, establishment"
1387,407.0,Golfutar Sunrise Point,5,"park, point_of_interest, establishment"
1388,407.0,Golfutar Sunrise Point,5,"park, point_of_interest, establishment"
1389,408.0,Nepal Trek Hub,5,"travel_agency, park, point_of_interest, establishment"
1390,408.0,Nepal Trek Hub,5,"travel_agency, park, point_of_interest, establishment"
1391,408.0,Nepal Trek Hub,5,"travel_agency, park, point_of_interest, establishment"
1392,408.0,Nepal Trek Hub,5,"travel_agency, park, point_of_interest, establishment"
1393,408.0,Nepal Trek Hub,5,"travel_agency, park, point_of_interest, establishment"
1394,408.0,Nepal Trek Hub,5,"travel_agency, park, point_of_interest, establishment"
1395,408.0,Nepal Trek Hub,5,"travel_agency, park, point_of_interest, establishment"
1396,408.0,Nepal Trek Hub,5,"travel_agency, park, point_of_interest, establishment"
1397,409.0,By Mountain People | unlock your next trekking adventure,5,"travel_agency, park, store, point_of_interest, establishment"
1398,409.0,By Mountain People | unlock your next trekking adventure,5,"travel_agency, park, store, point_of_interest, establishment"
1399,409.0,By Mountain People | unlock your next trekking adventure,5,"travel_agency, park, store, point_of_interest, establishment"
1400,409.0,By Mountain People | unlock your next trekking adventure,5,"travel_agency, park, store, point_of_interest, establishment"
1077,409.0,By Mountain People | unlock your next trekking adventure,5,"travel_agency, park, store, point_of_interest, establishment"
1401,409.0,By Mountain People | unlock your next trekking adventure,5,"travel_agency, park, store, point_of_interest, establishment"
1402,409.0,By Mountain People | unlock your next trekking adventure,5,"travel_agency, park, store, point_of_interest, establishment"
1403,409.0,By Mountain People | unlock your next trekking adventure,5,"travel_agency, park, store, point_of_interest, establishment"
1404,410.0,Sandakpur View Tower,4,"park, point_of_interest, establishment"
1405,410.0,Sandakpur View Tower,5,"park, point_of_interest, establishment"
1406,410.0,Sandakpur View Tower,4,"park, point_of_interest, establishment"
1407,410.0,Sandakpur View Tower,3,"park, point_of_interest, establishment"
1408,410.0,Sandakpur View Tower,5,"park, point_of_interest, establishment"
1409,410.0,Sandakpur View Tower,5,"park, point_of_interest, establishment"
1410,410.0,Sandakpur View Tower,5,"park, point_of_interest, establishment"
1411,410.0,Sandakpur View Tower,5,"park, point_of_interest, establishment"
464,411.0,Maitighar Mandala,4,"park, point_of_interest, establishment"
1412,411.0,Maitighar Mandala,5,"park, point_of_interest, establishment"
1413,411.0,Maitighar Mandala,4,"park, point_of_interest, establishment"
329,411.0,Maitighar Mandala,5,"park, point_of_interest, establishment"
1414,411.0,Maitighar Mandala,5,"park, point_of_interest, establishment"
1415,411.0,Maitighar Mandala,5,"park, point_of_interest, establishment"
1416,411.0,Maitighar Mandala,5,"park, point_of_interest, establishment"
938,412.0,Shahid Dharma Bhakta Statue,4,"park, point_of_interest, establishment"
1417,414.0,Nepal Wildlife Resort Pvt Ltd,4,"zoo, park, point_of_interest, establishment"
1418,414.0,Nepal Wildlife Resort Pvt Ltd,5,"zoo, park, point_of_interest, establishment"
1419,414.0,Nepal Wildlife Resort Pvt Ltd,5,"zoo, park, point_of_interest, establishment"
1420,414.0,Nepal Wildlife Resort Pvt Ltd,5,"zoo, park, point_of_interest, establishment"
1421,414.0,Nepal Wildlife Resort Pvt Ltd,5,"zoo, park, point_of_interest, establishment"
1422,414.0,Nepal Wildlife Resort Pvt Ltd,5,"zoo, park, point_of_interest, establishment"
1423,414.0,Nepal Wildlife Resort Pvt Ltd,5,"zoo, park, point_of_interest, establishment"
1424,414.0,Nepal Wildlife Resort Pvt Ltd,5,"zoo, park, point_of_interest, establishment"
1425,415.0,Zebra House,5,"zoo, point_of_interest, establishment"
1426,415.0,Zebra House,1,"zoo, point_of_interest, establishment"
1427,415.0,Zebra House,1,"zoo, point_of_interest, establishment"
1428,415.0,Zebra House,5,"zoo, point_of_interest, establishment"
1429,416.0,Bhaktapur Durbar Square LAYAKU,5,"museum, point_of_interest, establishment"
1430,416.0,Bhaktapur Durbar Square LAYAKU,5,"museum, point_of_interest, establishment"
445,416.0,Bhaktapur Durbar Square LAYAKU,5,"museum, point_of_interest, establishment"
1431,416.0,Bhaktapur Durbar Square LAYAKU,5,"museum, point_of_interest, establishment"
1432,416.0,Bhaktapur Durbar Square LAYAKU,5,"museum, point_of_interest, establishment"
1433,416.0,Bhaktapur Durbar Square LAYAKU,5,"museum, point_of_interest, establishment"
1434,416.0,Bhaktapur Durbar Square LAYAKU,4,"museum, point_of_interest, establishment"
1435,416.0,Bhaktapur Durbar Square LAYAKU,5,"museum, point_of_interest, establishment"
1436,417.0,The Peacock Shop,5,"tourist_attraction, museum, store, place_of_worship, point_of_interest, establishment"
1437,417.0,The Peacock Shop,5,"tourist_attraction, museum, store, place_of_worship, point_of_interest, establishment"
1438,417.0,The Peacock Shop,5,"tourist_attraction, museum, store, place_of_worship, point_of_interest, establishment"
70,417.0,The Peacock Shop,4,"tourist_attraction, museum, store, place_of_worship, point_of_interest, establishment"
1439,417.0,The Peacock Shop,5,"tourist_attraction, museum, store, place_of_worship, point_of_interest, establishment"
1440,417.0,The Peacock Shop,5,"tourist_attraction, museum, store, place_of_worship, point_of_interest, establishment"
1441,417.0,The Peacock Shop,5,"tourist_attraction, museum, store, place_of_worship, point_of_interest, establishment"
1442,417.0,The Peacock Shop,5,"tourist_attraction, museum, store, place_of_worship, point_of_interest, establishment"
1443,418.0,LOTUS THANKA ART HANDICRAFTS,5,"museum, point_of_interest, store, establishment"
1444,418.0,LOTUS THANKA ART HANDICRAFTS,1,"museum, point_of_interest, store, establishment"
1445,418.0,LOTUS THANKA ART HANDICRAFTS,5,"museum, point_of_interest, store, establishment"
1446,418.0,LOTUS THANKA ART HANDICRAFTS,5,"museum, point_of_interest, store, establishment"
1447,418.0,LOTUS THANKA ART HANDICRAFTS,5,"museum, point_of_interest, store, establishment"
1448,418.0,LOTUS THANKA ART HANDICRAFTS,5,"museum, point_of_interest, store, establishment"
1449,418.0,LOTUS THANKA ART HANDICRAFTS,5,"museum, point_of_interest, store, establishment"
1450,418.0,LOTUS THANKA ART HANDICRAFTS,5,"museum, point_of_interest, store, establishment"
1451,419.0,The Precious Arts,5,"art_gallery, store, point_of_interest, establishment"
1452,419.0,The Precious Arts,5,"art_gallery, store, point_of_interest, establishment"
1453,419.0,The Precious Arts,5,"art_gallery, store, point_of_interest, establishment"
1454,419.0,The Precious Arts,5,"art_gallery, store, point_of_interest, establishment"
1455,419.0,The Precious Arts,5,"art_gallery, store, point_of_interest, establishment"
1456,419.0,The Precious Arts,5,"art_gallery, store, point_of_interest, establishment"
1457,419.0,The Precious Arts,5,"art_gallery, store, point_of_interest, establishment"
1458,419.0,The Precious Arts,5,"art_gallery, store, point_of_interest, establishment"
1459,420.0,Bhraka Gomba.,5,"museum, point_of_interest, establishment"
1460,420.0,Bhraka Gomba.,4,"museum, point_of_interest, establishment"
1461,420.0,Bhraka Gomba.,5,"museum, point_of_interest, establishment"
1462,420.0,Bhraka Gomba.,4,"museum, point_of_interest, establishment"
1463,420.0,Bhraka Gomba.,5,"museum, point_of_interest, establishment"
1464,420.0,Bhraka Gomba.,5,"museum, point_of_interest, establishment"
1465,420.0,Bhraka Gomba.,5,"museum, point_of_interest, establishment"
1466,420.0,Bhraka Gomba.,5,"museum, point_of_interest, establishment"
1467,421.0,Curio Concern,4,"art_gallery, jewelry_store, furniture_store, home_goods_store, store, point_of_interest, establishment"
1468,421.0,Curio Concern,1,"art_gallery, jewelry_store, furniture_store, home_goods_store, store, point_of_interest, establishment"
1469,422.0,Blue Moon Curio Shop,5,"art_gallery, store, point_of_interest, establishment"
1470,422.0,Blue Moon Curio Shop,5,"art_gallery, store, point_of_interest, establishment"
1471,422.0,Blue Moon Curio Shop,5,"art_gallery, store, point_of_interest, establishment"
1472,422.0,Blue Moon Curio Shop,5,"art_gallery, store, point_of_interest, establishment"
1473,422.0,Blue Moon Curio Shop,5,"art_gallery, store, point_of_interest, establishment"
1474,422.0,Blue Moon Curio Shop,3,"art_gallery, store, point_of_interest, establishment"
1475,422.0,Blue Moon Curio Shop,3,"art_gallery, store, point_of_interest, establishment"
1476,422.0,Blue Moon Curio Shop,5,"art_gallery, store, point_of_interest, establishment"
1477,423.0,Children's Art Museum of Nepal (CAM Nepal),5,"museum, point_of_interest, establishment"
1478,423.0,Children's Art Museum of Nepal (CAM Nepal),5,"museum, point_of_interest, establishment"
326,423.0,Children's Art Museum of Nepal (CAM Nepal),4,"museum, point_of_interest, establishment"
1479,423.0,Children's Art Museum of Nepal (CAM Nepal),4,"museum, point_of_interest, establishment"
1480,423.0,Children's Art Museum of Nepal (CAM Nepal),3,"museum, point_of_interest, establishment"
1481,423.0,Children's Art Museum of Nepal (CAM Nepal),4,"museum, point_of_interest, establishment"
1482,423.0,Children's Art Museum of Nepal (CAM Nepal),5,"museum, point_of_interest, establishment"
1483,423.0,Children's Art Museum of Nepal (CAM Nepal),5,"museum, point_of_interest, establishment"
1484,,Khaling Bhumethan2 (चोप्रा),5,
1485,,Khaling Bhumethan2 (चोप्रा),5,
1486,,Khaling Bhumethan2 (चोप्रा),5,
1487,,Khaling Bhumethan2 (चोप्रा),5,
1488,,Khaling Bhumethan2 (चोप्रा),5,
16,,काठमाडौं फन भ्याली,4,
1489,,काठमाडौं फन भ्याली,4,
1490,,काठमाडौं फन भ्याली,3,
463,,काठमाडौं फन भ्याली,3,
1276,,काठमाडौं फन भ्याली,4,
1491,,काठमाडौं फन भ्याली,5,
1492,,काठमाडौं फन भ्याली,1,
1493,,काठमाडौं फन भ्याली,5,
1494,,ट्रीनिटी चर्च,3,
1495,,ट्रीनिटी चर्च,1,
1496,,ट्रीनिटी चर्च,5,
1497,,ट्रीनिटी चर्च,1,
1498,,खप्तड राष्ट्रिय निकुञ्ज,5,
1499,,खप्तड राष्ट्रिय निकुञ्ज,4,
1500,,खप्तड राष्ट्रिय निकुञ्ज,5,
1501,,खप्तड राष्ट्रिय निकुञ्ज,5,
1502,,खप्तड राष्ट्रिय निकुञ्ज,5,
1503,,खप्तड राष्ट्रिय निकुञ्ज,5,
1504,,खप्तड राष्ट्रिय निकुञ्ज,5,
1505,,खप्तड राष्ट्रिय निकुञ्ज,5,
410,,हुपी ल्याण्ड जल उद्यान,4,
807,,हुपी ल्याण्ड जल उद्यान,5,
808,,हुपी ल्याण्ड जल उद्यान,5,
809,,हुपी ल्याण्ड जल उद्यान,2,
810,,हुपी ल्याण्ड जल उद्यान,5,
811,,हुपी ल्याण्ड जल उद्यान,5,
812,,हुपी ल्याण्ड जल उद्यान,4,
205,,हुपी ल्याण्ड जल उद्यान,4,
1506,435.0,Calvary Blessing Church-Achham,5,
1507,436.0,Ramaroshan Patal,5,
1508,436.0,Ramaroshan Patal,5,
1509,436.0,Ramaroshan Patal,5,
1510,436.0,Ramaroshan Patal,5,
1511,436.0,Ramaroshan Patal,4,
1512,436.0,Ramaroshan Patal,5,
1513,436.0,Ramaroshan Patal,5,
1514,436.0,Ramaroshan Patal,4,
231,,"राष्ट्रिय संग्रहालय, छाउनी",5,
1515,,"राष्ट्रिय संग्रहालय, छाउनी",4,
1516,,"राष्ट्रिय संग्रहालय, छाउनी",5,
1517,,"राष्ट्रिय संग्रहालय, छाउनी",5,
1518,,"राष्ट्रिय संग्रहालय, छाउनी",3,
1519,,"राष्ट्रिय संग्रहालय, छाउनी",5,
1520,,"राष्ट्रिय संग्रहालय, छाउनी",5,
281,,"राष्ट्रिय संग्रहालय, छाउनी",5,
576,,नेपाल अक्वा स्टडियो,5,
1521,,नेपाल अक्वा स्टडियो,5,
1522,,नेपाल अक्वा स्टडियो,5,
1523,,नेपाल अक्वा स्टडियो,5,
1524,,नेपाल अक्वा स्टडियो,4,
1525,,नेपाल अक्वा स्टडियो,5,
1526,,नेपाल अक्वा स्टडियो,5,
1527,,नेपाल अक्वा स्टडियो,5,
1528,441.0,G Art Gallery,5,
1529,441.0,G Art Gallery,5,
1530,441.0,G Art Gallery,5,
1531,441.0,G Art Gallery,5,
1532,441.0,G Art Gallery,5,
1533,441.0,G Art Gallery,5,
1534,441.0,G Art Gallery,5,
1535,441.0,G Art Gallery,5,
1536,445.0,Ramaroshan Lake,5,
1537,445.0,Ramaroshan Lake,5,
1538,445.0,Ramaroshan Lake,5,
1539,445.0,Ramaroshan Lake,5,
1540,445.0,Ramaroshan Lake,4,
1541,445.0,Ramaroshan Lake,5,
1542,445.0,Ramaroshan Lake,5,
1543,445.0,Ramaroshan Lake,5,
1544,,नरपानी पिक्निक स्थल,5,
1545,,नरपानी पिक्निक स्थल,4,
1546,,नरपानी पिक्निक स्थल,5,
1547,,नरपानी पिक्निक स्थल,5,
1548,,नरपानी पिक्निक स्थल,5,
1549,,नरपानी पिक्निक स्थल,5,
1550,,नरपानी पिक्निक स्थल,4,
1551,,नरपानी पिक्निक स्थल,3,
262,,द वोन्डरल्याण्ड,3,
68,,द वोन्डरल्याण्ड,3,
1552,,द वोन्डरल्याण्ड,5,
1553,,द वोन्डरल्याण्ड,4,
1554,,द वोन्डरल्याण्ड,4,
1555,,द वोन्डरल्याण्ड,5,
1556,,द वोन्डरल्याण्ड,4,
29,,द वोन्डरल्याण्ड,3,
1557,,सन्धिखर्क सुसमाचारका चर्च,5,
1558,,सन्धिखर्क सुसमाचारका चर्च,5,
1559,,सन्धिखर्क सुसमाचारका चर्च,5,
1560,,सन्धिखर्क सुसमाचारका चर्च,5,
1561,,सन्धिखर्क सुसमाचारका चर्च,2,
1562,,सन्धिखर्क सुसमाचारका चर्च,4,
1563,,Shrestha Aquarium House,4,
1564,,Shrestha Aquarium House,4,
1565,,Shrestha Aquarium House,1,
1566,,Shrestha Aquarium House,4,
1567,,Shrestha Aquarium House,3,
1568,,Shrestha Aquarium House,3,
1569,,Shrestha Aquarium House,2,
1570,,Shrestha Aquarium House,1,
608,,लाहुरे टाँसिएको भिर,5,
1571,,लाहुरे टाँसिएको भिर,4,
1572,,लाहुरे टाँसिएको भिर,5,
1573,,लाहुरे टाँसिएको भिर,5,
1574,,लाहुरे टाँसिएको भिर,5,
1575,,लाहुरे टाँसिएको भिर,4,
1576,,लाहुरे टाँसिएको भिर,5,
1577,,लाहुरे टाँसिएको भिर,5,
1578,454.0,Deurali Arghakhanchi,4,
95,454.0,Deurali Arghakhanchi,5,
1579,454.0,Deurali Arghakhanchi,3,
1580,454.0,Deurali Arghakhanchi,5,
1581,454.0,Deurali Arghakhanchi,5,
1582,454.0,Deurali Arghakhanchi,3,
1583,454.0,Deurali Arghakhanchi,5,
1584,454.0,Deurali Arghakhanchi,4,
1585,,जीप पार्क चौक,5,
1586,,जीप पार्क चौक,3,
1587,,जीप पार्क चौक,5,
1588,,जीप पार्क चौक,4,
1589,,जीप पार्क चौक,3,
1590,,जीप पार्क चौक,3,
1591,,जीप पार्क चौक,4,
1592,,जीप पार्क चौक,5,
1593,,बुद्द हिल Buddha Hill,5,
1594,,बुद्द हिल Buddha Hill,5,
1595,,बुद्द हिल Buddha Hill,5,
1596,,बुद्द हिल Buddha Hill,5,
1597,,बुद्द हिल Buddha Hill,5,
1598,,बुद्द हिल Buddha Hill,5,
1599,,बुद्द हिल Buddha Hill,3,
1600,457.0,Nepal christian baglung church,3,
1601,457.0,Nepal christian baglung church,5,
597,458.0,Manilal Smriti Viewpoint,4,
1602,458.0,Manilal Smriti Viewpoint,4,
598,458.0,Manilal Smriti Viewpoint,4,
1603,458.0,Manilal Smriti Viewpoint,4,
1604,458.0,Manilal Smriti Viewpoint,5,
1605,458.0,Manilal Smriti Viewpoint,5,
1606,458.0,Manilal Smriti Viewpoint,5,
1607,458.0,Manilal Smriti Viewpoint,5,
1608,459.0,Abdul Rahman Masjid ram rekha Baglung,5,
1609,459.0,Abdul Rahman Masjid ram rekha Baglung,5,
1610,459.0,Abdul Rahman Masjid ram rekha Baglung,4,
1611,459.0,Abdul Rahman Masjid ram rekha Baglung,5,
156,,श्री श्रीधराचार्य शालिग्राम संग्राहलय,5,
154,,श्री श्रीधराचार्य शालिग्राम संग्राहलय,5,
1612,,श्री श्रीधराचार्य शालिग्राम संग्राहलय,5,
1613,,श्री श्रीधराचार्य शालिग्राम संग्राहलय,5,
1614,,श्री श्रीधराचार्य शालिग्राम संग्राहलय,5,
1615,,श्री श्रीधराचार्य शालिग्राम संग्राहलय,5,
1616,,श्री श्रीधराचार्य शालिग्राम संग्राहलय,5,
1617,,श्री श्रीधराचार्य शालिग्राम संग्राहलय,3,
1618,462.0,Bhakunde Fish Market,5,
1619,462.0,Bhakunde Fish Market,4,
149,,कालिका भगवती मन्दिर,5,
150,,कालिका भगवती मन्दिर,5,
151,,कालिका भगवती मन्दिर,5,
152,,कालिका भगवती मन्दिर,5,
153,,कालिका भगवती मन्दिर,5,
154,,कालिका भगवती मन्दिर,5,
155,,कालिका भगवती मन्दिर,5,
156,,कालिका भगवती मन्दिर,5,
1620,467.0,Baitadi khakardhar,5,
1621,468.0,Bairatpur Mosque,5,
1622,468.0,Bairatpur Mosque,5,
1623,468.0,Bairatpur Mosque,5,
1624,468.0,Bairatpur Mosque,5,
1625,468.0,Bairatpur Mosque,4,
1626,468.0,Bairatpur Mosque,3,
1627,470.0,Friends Aquatics Nepal,5,
1628,470.0,Friends Aquatics Nepal,5,
1629,470.0,Friends Aquatics Nepal,5,
1630,470.0,Friends Aquatics Nepal,5,
1631,470.0,Friends Aquatics Nepal,5,
1632,470.0,Friends Aquatics Nepal,5,
1633,470.0,Friends Aquatics Nepal,5,
1634,470.0,Friends Aquatics Nepal,3,
1635,472.0,"Pipalkot,Baitadi",5,
1636,472.0,"Pipalkot,Baitadi",5,
1637,,देस्कोवेरी वोर्ल्ड तरेक,5,
1638,,देस्कोवेरी वोर्ल्ड तरेक,5,
1639,,देस्कोवेरी वोर्ल्ड तरेक,5,
1640,,देस्कोवेरी वोर्ल्ड तरेक,5,
1641,,देस्कोवेरी वोर्ल्ड तरेक,5,
1642,,देस्कोवेरी वोर्ल्ड तरेक,5,
1643,,देस्कोवेरी वोर्ल्ड तरेक,5,
1644,,देस्कोवेरी वोर्ल्ड तरेक,5,
1645,474.0,Bhundole Ground,5,
1646,474.0,Bhundole Ground,5,
1647,474.0,Bhundole Ground,5,
1648,474.0,Bhundole Ground,5,
29,474.0,Bhundole Ground,5,
212,474.0,Bhundole Ground,5,
108,474.0,Bhundole Ground,5,
565,474.0,Bhundole Ground,4,
1649,480.0,Bhaktapur Aquarium,1,
1650,480.0,Bhaktapur Aquarium,4,
1651,480.0,Bhaktapur Aquarium,5,
1652,480.0,Bhaktapur Aquarium,1,
1653,480.0,Bhaktapur Aquarium,4,
1654,480.0,Bhaktapur Aquarium,4,
1655,480.0,Bhaktapur Aquarium,4,
1656,480.0,Bhaktapur Aquarium,4,
1657,481.0,Masta temple Bhandari gaun bhatekhola Bajhang,5,
1658,481.0,Masta temple Bhandari gaun bhatekhola Bajhang,5,
1659,481.0,Masta temple Bhandari gaun bhatekhola Bajhang,5,
1660,482.0,Bhopur Darbar (Bhopur Palace),5,
1661,482.0,Bhopur Darbar (Bhopur Palace),5,
1662,482.0,Bhopur Darbar (Bhopur Palace),4,
1663,482.0,Bhopur Darbar (Bhopur Palace),4,
1664,482.0,Bhopur Darbar (Bhopur Palace),5,
1665,482.0,Bhopur Darbar (Bhopur Palace),3,
1666,482.0,Bhopur Darbar (Bhopur Palace),4,
1667,482.0,Bhopur Darbar (Bhopur Palace),4,
310,484.0,"Lokhada, Khaptad-channa Bajhang",5,
1668,485.0,Vajra Fulbari Nagar Udhyan (Dikulpuja Park),4,
1669,485.0,Vajra Fulbari Nagar Udhyan (Dikulpuja Park),3,
329,485.0,Vajra Fulbari Nagar Udhyan (Dikulpuja Park),5,
1670,485.0,Vajra Fulbari Nagar Udhyan (Dikulpuja Park),5,
1671,487.0,Nuri Jama Masjid Nabin,5,
1671,487.0,Nuri Jama Masjid Nabin,5,
1672,489.0,"Tribeni patan, Bajura",5,
1673,489.0,"Tribeni patan, Bajura",5,
1674,489.0,"Tribeni patan, Bajura",5,
1675,489.0,"Tribeni patan, Bajura",1,
1676,490.0,Jarayotar Statue,4,
1677,490.0,Jarayotar Statue,5,
1678,490.0,Jarayotar Statue,5,
1679,490.0,Jarayotar Statue,5,
1680,490.0,Jarayotar Statue,1,
1681,490.0,Jarayotar Statue,3,
1682,490.0,Jarayotar Statue,5,
1683,490.0,Jarayotar Statue,5,
1684,491.0,Khopra Trek Nepal,5,
1685,,सल्लाघारी पिकनिक स्थल,4,
1686,,सल्लाघारी पिकनिक स्थल,4,
1687,,सल्लाघारी पिकनिक स्थल,5,
1688,,सल्लाघारी पिकनिक स्थल,3,
1689,,सल्लाघारी पिकनिक स्थल,4,
1690,,सल्लाघारी पिकनिक स्थल,5,
1691,,सल्लाघारी पिकनिक स्थल,3,
1692,,सल्लाघारी पिकनिक स्थल,4,
1693,495.0,Wonderland Water Park,1,
1694,495.0,Wonderland Water Park,3,
5,495.0,Wonderland Water Park,3,
1695,495.0,Wonderland Water Park,5,
1696,495.0,Wonderland Water Park,5,
1697,495.0,Wonderland Water Park,4,
1698,495.0,Wonderland Water Park,3,
1699,495.0,Wonderland Water Park,5,
1700,496.0,"Balidan AG Church, Sikta",5,
1701,496.0,"Balidan AG Church, Sikta",5,
1702,496.0,"Balidan AG Church, Sikta",5,
1703,496.0,"Balidan AG Church, Sikta",5,
1704,496.0,"Balidan AG Church, Sikta",5,
1705,498.0,HASHMATI MASJID UP MAHA NAGAR PALIKA 5 NEPALGUNJ BANKE NEPAL,5,
1706,504.0,Masjid bilal gorakh chaura bardiya,5,
5,505.0,"Tharu Cultural Museum, Bardiya National Park, Thakurdwara",4,
1707,506.0,"Cage of the Tiger, Bardiya National Park",5,
1708,506.0,"Cage of the Tiger, Bardiya National Park",5,
1709,506.0,"Cage of the Tiger, Bardiya National Park",5,
5,507.0,"Ambassa, Entry Point of Bardiya National Park",3,
1710,507.0,"Ambassa, Entry Point of Bardiya National Park",3,
1711,507.0,"Ambassa, Entry Point of Bardiya National Park",5,
1712,507.0,"Ambassa, Entry Point of Bardiya National Park",1,
1713,507.0,"Ambassa, Entry Point of Bardiya National Park",5,
1714,507.0,"Ambassa, Entry Point of Bardiya National Park",5,
1715,507.0,"Ambassa, Entry Point of Bardiya National Park",5,
1716,507.0,"Ambassa, Entry Point of Bardiya National Park",4,
1717,508.0,Chautari Community Church (Reformed),5,
1718,,भक्तपुर जामे मस्जिद,4,
1719,,भक्तपुर जामे मस्जिद,5,
1720,,भक्तपुर जामे मस्जिद,5,
1721,,भक्तपुर जामे मस्जिद,5,
1722,,भक्तपुर जामे मस्जिद,5,
1723,,भक्तपुर जामे मस्जिद,4,
21,,भक्तपुर जामे मस्जिद,4,
1724,,भक्तपुर जामे मस्जिद,5,
17,,वाकुपति नारायण मन्दिर,5,
16,,वाकुपति नारायण मन्दिर,5,
37,,वाकुपति नारायण मन्दिर,4,
1725,,वाकुपति नारायण मन्दिर,5,
23,,वाकुपति नारायण मन्दिर,5,
1726,,वाकुपति नारायण मन्दिर,2,
1329,,वाकुपति नारायण मन्दिर,5,
331,,वाकुपति नारायण मन्दिर,5,
25,,पचपन्न झ्याले दरवार,5,
112,,पचपन्न झ्याले दरवार,4,
113,,पचपन्न झ्याले दरवार,5,
114,,पचपन्न झ्याले दरवार,5,
115,,पचपन्न झ्याले दरवार,5,
116,,पचपन्न झ्याले दरवार,5,
117,,पचपन्न झ्याले दरवार,4,
16,,पचपन्न झ्याले दरवार,5,
1727,514.0,Bhaktapur Trekking Store,5,
1728,,नील बाराही बनभोज स्थल,4,
1729,,नील बाराही बनभोज स्थल,3,
1730,,नील बाराही बनभोज स्थल,3,
1731,,नील बाराही बनभोज स्थल,4,
1732,,नील बाराही बनभोज स्थल,5,
1733,,नील बाराही बनभोज स्थल,5,
113,,नील बाराही बनभोज स्थल,4,
1734,,नील बाराही बनभोज स्थल,2,
445,518.0,Temke dada,5,
1735,518.0,Temke dada,5,
1736,518.0,Temke dada,5,
1737,518.0,Temke dada,5,
1738,518.0,Temke dada,5,
1739,518.0,Temke dada,5,
1740,518.0,Temke dada,5,
1741,518.0,Temke dada,5,
931,519.0,AQUA CLOSET,5,
1742,519.0,AQUA CLOSET,5,
1743,519.0,AQUA CLOSET,5,
1744,519.0,AQUA CLOSET,3,
1745,519.0,AQUA CLOSET,5,
1746,519.0,AQUA CLOSET,4,
1747,519.0,AQUA CLOSET,5,
1748,519.0,AQUA CLOSET,5,
1749,520.0,Bhojpur bajar,5,
1750,520.0,Bhojpur bajar,3,
1751,520.0,Bhojpur bajar,3,
1752,520.0,Bhojpur bajar,3,
1753,520.0,Bhojpur bajar,3,
1754,520.0,Bhojpur bajar,5,
1755,520.0,Bhojpur bajar,5,
1756,520.0,Bhojpur bajar,4,
1757,,चखेवा CHAKHEWA,5,
1758,,चखेवा CHAKHEWA,5,
1759,,चखेवा CHAKHEWA,5,
1760,,चखेवा CHAKHEWA,5,
1761,,चखेवा CHAKHEWA,4,
1676,,चखेवा CHAKHEWA,5,
1762,,चखेवा CHAKHEWA,4,
1763,,चखेवा CHAKHEWA,5,
1757,522.0,"Chakhewa, Bhojpur",5,
1758,522.0,"Chakhewa, Bhojpur",5,
1759,522.0,"Chakhewa, Bhojpur",5,
1760,522.0,"Chakhewa, Bhojpur",5,
1761,522.0,"Chakhewa, Bhojpur",4,
1676,522.0,"Chakhewa, Bhojpur",5,
1762,522.0,"Chakhewa, Bhojpur",4,
1763,522.0,"Chakhewa, Bhojpur",5,
1375,524.0,James World Fun Park,4,
1764,524.0,James World Fun Park,4,
1765,524.0,James World Fun Park,3,
1766,524.0,James World Fun Park,5,
1767,524.0,James World Fun Park,2,
1768,524.0,James World Fun Park,4,
1769,524.0,James World Fun Park,4,
1770,524.0,James World Fun Park,4,
1771,525.0,Makki Jame Masjid مسجد,5,
1772,525.0,Makki Jame Masjid مسجد,5,
1773,525.0,Makki Jame Masjid مسجد,5,
1774,525.0,Makki Jame Masjid مسجد,5,
1775,525.0,Makki Jame Masjid مسجد,5,
1776,525.0,Makki Jame Masjid مسجد,5,
1777,525.0,Makki Jame Masjid مسجد,5,
1778,525.0,Makki Jame Masjid مسجد,5,
1779,,थारु सांस्कृतिक संग्रहालय तथा अनुसन्धान केन्द्र,4,
1780,,थारु सांस्कृतिक संग्रहालय तथा अनुसन्धान केन्द्र,5,
121,,थारु सांस्कृतिक संग्रहालय तथा अनुसन्धान केन्द्र,3,
1781,,थारु सांस्कृतिक संग्रहालय तथा अनुसन्धान केन्द्र,5,
426,,थारु सांस्कृतिक संग्रहालय तथा अनुसन्धान केन्द्र,4,
1782,,थारु सांस्कृतिक संग्रहालय तथा अनुसन्धान केन्द्र,4,
1783,,थारु सांस्कृतिक संग्रहालय तथा अनुसन्धान केन्द्र,5,
1784,,थारु सांस्कृतिक संग्रहालय तथा अनुसन्धान केन्द्र,5,
1785,527.0,Chitwan National Park (Sauraha),5,
1786,527.0,Chitwan National Park (Sauraha),4,
1787,527.0,Chitwan National Park (Sauraha),5,
1788,527.0,Chitwan National Park (Sauraha),5,
1789,527.0,Chitwan National Park (Sauraha),5,
1790,527.0,Chitwan National Park (Sauraha),5,
1779,527.0,Chitwan National Park (Sauraha),5,
1791,527.0,Chitwan National Park (Sauraha),4,
1792,528.0,Nepal Aquarium & Decoration House,5,
1793,528.0,Nepal Aquarium & Decoration House,3,
1794,528.0,Nepal Aquarium & Decoration House,5,
1795,528.0,Nepal Aquarium & Decoration House,5,
1796,528.0,Nepal Aquarium & Decoration House,5,
1797,528.0,Nepal Aquarium & Decoration House,5,
1798,528.0,Nepal Aquarium & Decoration House,1,
1799,528.0,Nepal Aquarium & Decoration House,5,
1800,,गैंडा प्रतिमा,4,
5,,गैंडा प्रतिमा,4,
1801,,गैंडा प्रतिमा,4,
1802,,गैंडा प्रतिमा,3,
1803,,गैंडा प्रतिमा,5,
1783,,गैंडा प्रतिमा,5,
1804,,गैंडा प्रतिमा,5,
59,,गैंडा प्रतिमा,5,
1805,531.0,The Chitwan Jungle Guides(Crazy Tiger's Trek & Tours),4,
1806,531.0,The Chitwan Jungle Guides(Crazy Tiger's Trek & Tours),5,
1807,531.0,The Chitwan Jungle Guides(Crazy Tiger's Trek & Tours),5,
1808,531.0,The Chitwan Jungle Guides(Crazy Tiger's Trek & Tours),5,
1809,531.0,The Chitwan Jungle Guides(Crazy Tiger's Trek & Tours),5,
1810,531.0,The Chitwan Jungle Guides(Crazy Tiger's Trek & Tours),5,
1811,531.0,The Chitwan Jungle Guides(Crazy Tiger's Trek & Tours),5,
1812,531.0,The Chitwan Jungle Guides(Crazy Tiger's Trek & Tours),5,
1813,532.0,SanoGadi Picnic Spot,4,
734,532.0,SanoGadi Picnic Spot,5,
1814,532.0,SanoGadi Picnic Spot,5,
1815,532.0,SanoGadi Picnic Spot,3,
1816,532.0,SanoGadi Picnic Spot,4,
1817,532.0,SanoGadi Picnic Spot,3,
1818,532.0,SanoGadi Picnic Spot,5,
1819,532.0,SanoGadi Picnic Spot,3,
1820,,टिकौली जंगल,5,
1821,,टिकौली जंगल,4,
1822,,टिकौली जंगल,5,
1823,,टिकौली जंगल,3,
1824,,टिकौली जंगल,5,
1825,,टिकौली जंगल,5,
23,,टिकौली जंगल,4,
1826,,टिकौली जंगल,4,
1827,534.0,"Amaragadhi Park, Dadeldhura",5,
1828,534.0,"Amaragadhi Park, Dadeldhura",5,
1829,534.0,"Amaragadhi Park, Dadeldhura",5,
1830,534.0,"Amaragadhi Park, Dadeldhura",5,
1831,534.0,"Amaragadhi Park, Dadeldhura",5,
1514,534.0,"Amaragadhi Park, Dadeldhura",5,
1832,534.0,"Amaragadhi Park, Dadeldhura",1,
1833,534.0,"Amaragadhi Park, Dadeldhura",5,
1834,535.0,Dream World Amusement Pvt. Ltd.,4,
1835,535.0,Dream World Amusement Pvt. Ltd.,5,
1836,535.0,Dream World Amusement Pvt. Ltd.,5,
1837,535.0,Dream World Amusement Pvt. Ltd.,5,
1838,535.0,Dream World Amusement Pvt. Ltd.,5,
1839,535.0,Dream World Amusement Pvt. Ltd.,5,
1840,535.0,Dream World Amusement Pvt. Ltd.,5,
1705,,GHAUSIA JAMA MASJID Bhimdatta Nagar Palika 4 Street (Gali) No (1) MahindraNagar Dist. KanchanPur SudurPashchim ( Nepal ),5,
1841,539.0,Mahendranagar museum,4,
1842,539.0,Mahendranagar museum,3,
1843,539.0,Mahendranagar museum,3,
1844,539.0,Mahendranagar museum,5,
1845,539.0,Mahendranagar museum,3,
1846,539.0,Mahendranagar museum,4,
1847,539.0,Mahendranagar museum,4,
1848,539.0,Mahendranagar museum,4,
1849,541.0,Bhimdatta Panta Statue,3,
1850,546.0,Barhakune Park,4,
1851,546.0,Barhakune Park,5,
1852,546.0,Barhakune Park,5,
1853,546.0,Barhakune Park,5,
1854,546.0,Barhakune Park,4,
1855,546.0,Barhakune Park,5,
1856,546.0,Barhakune Park,5,
1857,546.0,Barhakune Park,4,
1858,548.0,Balidan AG Church Ghorahi Dang,4,
1859,548.0,Balidan AG Church Ghorahi Dang,5,
1860,548.0,Balidan AG Church Ghorahi Dang,5,
1861,548.0,Balidan AG Church Ghorahi Dang,5,
1862,548.0,Balidan AG Church Ghorahi Dang,1,
1863,548.0,Balidan AG Church Ghorahi Dang,5,
1864,548.0,Balidan AG Church Ghorahi Dang,5,
1865,548.0,Balidan AG Church Ghorahi Dang,3,
1866,549.0,Sawarikot View Point,5,
1850,549.0,Sawarikot View Point,4,
1867,549.0,Sawarikot View Point,5,
1868,549.0,Sawarikot View Point,5,
1869,549.0,Sawarikot View Point,5,
1851,549.0,Sawarikot View Point,5,
1870,549.0,Sawarikot View Point,4,
1871,549.0,Sawarikot View Point,5,
1872,550.0,Al salfiya zama mosque,4,
5,550.0,Al salfiya zama mosque,3,
1873,550.0,Al salfiya zama mosque,5,
1865,550.0,Al salfiya zama mosque,4,
740,550.0,Al salfiya zama mosque,5,
1874,550.0,Al salfiya zama mosque,5,
557,550.0,Al salfiya zama mosque,4,
1875,550.0,Al salfiya zama mosque,4,
1876,553.0,Poshan Arts,5,
1877,553.0,Poshan Arts,5,
1878,553.0,Poshan Arts,5,
1879,553.0,Poshan Arts,5,
1880,553.0,Poshan Arts,4,
1881,556.0,Shahid Netralal Chowk,3,
1882,556.0,Shahid Netralal Chowk,5,
1883,556.0,Shahid Netralal Chowk,5,
1884,556.0,Shahid Netralal Chowk,5,
1885,556.0,Shahid Netralal Chowk,1,
1886,556.0,Shahid Netralal Chowk,5,
1887,556.0,Shahid Netralal Chowk,5,
1888,556.0,Shahid Netralal Chowk,1,
1889,558.0,Sisne Khola Picnic Spot,5,
1890,,पानीको इनार,5,
1891,,पानीको इनार,5,
1892,,पानीको इनार,5,
1893,,पानीको इनार,1,
1894,560.0,Dhanushadham Church,1,
1895,560.0,Dhanushadham Church,1,
1896,560.0,Dhanushadham Church,3,
1285,560.0,Dhanushadham Church,5,
1897,560.0,Dhanushadham Church,4,
1898,560.0,Dhanushadham Church,4,
1899,561.0,Dhanusha Dham To Way,5,
1900,561.0,Dhanusha Dham To Way,5,
1901,561.0,Dhanusha Dham To Way,5,
1902,561.0,Dhanusha Dham To Way,4,
1903,561.0,Dhanusha Dham To Way,5,
1904,561.0,Dhanusha Dham To Way,5,
1905,561.0,Dhanusha Dham To Way,5,
1906,561.0,Dhanusha Dham To Way,5,
1907,,धनुष द्वार गेट धनुषाधाम,4,
1908,,धनुष द्वार गेट धनुषाधाम,5,
1909,,धनुष द्वार गेट धनुषाधाम,5,
1910,,धनुष द्वार गेट धनुषाधाम,5,
1285,,धनुष द्वार गेट धनुषाधाम,5,
1911,,धनुष द्वार गेट धनुषाधाम,5,
1912,,धनुष द्वार गेट धनुषाधाम,4,
1913,,धनुष द्वार गेट धनुषाधाम,4,
1914,563.0,Janaki Mandir Historical Museum And Janaki Animation,5,
1915,563.0,Janaki Mandir Historical Museum And Janaki Animation,4,
85,563.0,Janaki Mandir Historical Museum And Janaki Animation,4,
1916,563.0,Janaki Mandir Historical Museum And Janaki Animation,4,
1917,563.0,Janaki Mandir Historical Museum And Janaki Animation,4,
1918,563.0,Janaki Mandir Historical Museum And Janaki Animation,5,
1919,563.0,Janaki Mandir Historical Museum And Janaki Animation,5,
1920,563.0,Janaki Mandir Historical Museum And Janaki Animation,5,
1921,564.0,Janakpur aquarium house,3,
1922,564.0,Janakpur aquarium house,5,
1923,564.0,Janakpur aquarium house,5,
1924,564.0,Janakpur aquarium house,5,
1925,564.0,Janakpur aquarium house,5,
1926,564.0,Janakpur aquarium house,1,
1927,564.0,Janakpur aquarium house,4,
1928,564.0,Janakpur aquarium house,2,
1929,565.0,Sunaina Mithila Art Gallery,5,
1930,565.0,Sunaina Mithila Art Gallery,5,
1931,565.0,Sunaina Mithila Art Gallery,5,
1932,565.0,Sunaina Mithila Art Gallery,5,
1933,565.0,Sunaina Mithila Art Gallery,5,
1934,565.0,Sunaina Mithila Art Gallery,5,
1935,565.0,Sunaina Mithila Art Gallery,5,
1936,565.0,Sunaina Mithila Art Gallery,5,
1937,,Shree Hanuman Ram Janaki Mandir,5,
1938,,Shree Hanuman Ram Janaki Mandir,5,
1938,,Shree Hanuman Ram Janaki Mandir,5,
1939,,Shree Hanuman Ram Janaki Mandir,5,
1940,,Shree Hanuman Ram Janaki Mandir,5,
1941,,Shree Hanuman Ram Janaki Mandir,5,
1942,,Shree Hanuman Ram Janaki Mandir,5,
1884,,Shree Hanuman Ram Janaki Mandir,5,
85,567.0,King Janak Monument,5,
1943,567.0,King Janak Monument,4,
1944,567.0,King Janak Monument,5,
598,567.0,King Janak Monument,5,
1945,567.0,King Janak Monument,5,
1946,567.0,King Janak Monument,5,
1947,567.0,King Janak Monument,2,
1948,567.0,King Janak Monument,5,
1949,,धनुषाधाम संरक्षित वन,5,
1950,,धनुषाधाम संरक्षित वन,4,
426,,धनुषाधाम संरक्षित वन,3,
1951,,धनुषाधाम संरक्षित वन,5,
1952,,धनुषाधाम संरक्षित वन,4,
1953,,धनुषाधाम संरक्षित वन,5,
1954,,धनुषाधाम संरक्षित वन,2,
1955,,धनुषाधाम संरक्षित वन,5,
1956,570.0,Champuja Greenery Park/Children Park,4,
874,570.0,Champuja Greenery Park/Children Park,5,
1957,570.0,Champuja Greenery Park/Children Park,4,
1958,570.0,Champuja Greenery Park/Children Park,5,
1959,570.0,Champuja Greenery Park/Children Park,5,
1800,570.0,Champuja Greenery Park/Children Park,4,
1960,570.0,Champuja Greenery Park/Children Park,1,
1961,570.0,Champuja Greenery Park/Children Park,5,
159,,"द्वाल्खा भिमदेउ, दोलखा भीमसेन मन्दिर",5,
1962,,"द्वाल्खा भिमदेउ, दोलखा भीमसेन मन्दिर",5,
1963,,"द्वाल्खा भिमदेउ, दोलखा भीमसेन मन्दिर",5,
1964,,"द्वाल्खा भिमदेउ, दोलखा भीमसेन मन्दिर",4,
1655,,"द्वाल्खा भिमदेउ, दोलखा भीमसेन मन्दिर",5,
1965,,"द्वाल्खा भिमदेउ, दोलखा भीमसेन मन्दिर",4,
1966,,"द्वाल्खा भिमदेउ, दोलखा भीमसेन मन्दिर",5,
1967,,"द्वाल्खा भिमदेउ, दोलखा भीमसेन मन्दिर",5,
1968,574.0,G.Sagar Aquarium,5,
1969,574.0,G.Sagar Aquarium,5,
1970,574.0,G.Sagar Aquarium,5,
191,574.0,G.Sagar Aquarium,3,
1971,574.0,G.Sagar Aquarium,5,
576,574.0,G.Sagar Aquarium,4,
1972,574.0,G.Sagar Aquarium,5,
1973,574.0,G.Sagar Aquarium,5,
1974,575.0,Dolpo Art Gallery,5,
1975,575.0,Dolpo Art Gallery,5,
1976,575.0,Dolpo Art Gallery,3,
1977,575.0,Dolpo Art Gallery,5,
1978,575.0,Dolpo Art Gallery,5,
1979,575.0,Dolpo Art Gallery,5,
1980,575.0,Dolpo Art Gallery,5,
1981,575.0,Dolpo Art Gallery,5,
1982,577.0,Kharidhunga Picnic Sport,5,
1983,577.0,Kharidhunga Picnic Sport,5,
611,577.0,Kharidhunga Picnic Sport,4,
1984,577.0,Kharidhunga Picnic Sport,5,
1907,577.0,Kharidhunga Picnic Sport,5,
1985,577.0,Kharidhunga Picnic Sport,5,
1986,577.0,Kharidhunga Picnic Sport,1,
1987,577.0,Kharidhunga Picnic Sport,5,
1988,579.0,NIM Dolpa Himalayan Church,5,
1989,584.0,Maafi Temple,5,
1990,586.0,Bhimsen Thapa Park,3,
649,586.0,Bhimsen Thapa Park,3,
26,586.0,Bhimsen Thapa Park,4,
1991,586.0,Bhimsen Thapa Park,4,
33,586.0,Bhimsen Thapa Park,4,
1992,586.0,Bhimsen Thapa Park,4,
1993,586.0,Bhimsen Thapa Park,5,
1994,586.0,Bhimsen Thapa Park,5,
1995,591.0,Monkey trail,4,
1996,591.0,Monkey trail,5,
1997,591.0,Monkey trail,4,
382,591.0,Monkey trail,5,
1998,591.0,Monkey trail,5,
1999,591.0,Monkey trail,5,
2000,591.0,Monkey trail,4,
2001,591.0,Monkey trail,4,
2002,592.0,Garjura Park,5,
2003,592.0,Garjura Park,5,
2004,592.0,Garjura Park,5,
2005,592.0,Garjura Park,5,
2006,592.0,Garjura Park,5,
2007,592.0,Garjura Park,3,
2008,592.0,Garjura Park,3,
2009,593.0,Resunga Fun Park,5,
2010,593.0,Resunga Fun Park,5,
2011,593.0,Resunga Fun Park,5,
2012,593.0,Resunga Fun Park,3,
2013,595.0,Tamghas masjid,5,
2014,,Musikot Palace मुसिकोट दरवार,5,
2015,,Musikot Palace मुसिकोट दरवार,5,
2016,,Musikot Palace मुसिकोट दरवार,5,
2017,,Musikot Palace मुसिकोट दरवार,5,
2018,,Musikot Palace मुसिकोट दरवार,4,
2019,,Musikot Palace मुसिकोट दरवार,5,
2020,,Musikot Palace मुसिकोट दरवार,5,
2021,,Musikot Palace मुसिकोट दरवार,5,
2022,597.0,Pokharel Animal and Agricultural Farm,5,
2023,598.0,Get Fish Aquarium,5,
2024,598.0,Get Fish Aquarium,5,
2025,598.0,Get Fish Aquarium,5,
2026,598.0,Get Fish Aquarium,5,
2027,598.0,Get Fish Aquarium,1,
2028,600.0,Timure Taal,5,
27,600.0,Timure Taal,5,
2029,600.0,Timure Taal,4,
2030,600.0,Timure Taal,5,
2031,600.0,Timure Taal,5,
2032,600.0,Timure Taal,5,
2033,600.0,Timure Taal,5,
2034,600.0,Timure Taal,5,
95,603.0,Resunga Foot Trail,5,
2035,603.0,Resunga Foot Trail,5,
2036,603.0,Resunga Foot Trail,5,
2037,603.0,Resunga Foot Trail,5,
2038,603.0,Resunga Foot Trail,5,
2039,603.0,Resunga Foot Trail,4,
2021,603.0,Resunga Foot Trail,5,
2012,603.0,Resunga Foot Trail,3,
2040,605.0,Somai_Danda,5,
1386,,मुर्मा सिरान,4,
2041,,मुर्मा सिरान,5,
2042,,मुर्मा सिरान,5,
1660,,मुर्मा सिरान,5,
2043,,मुर्मा सिरान,5,
2044,,मुर्मा सिरान,5,
2045,,मुर्मा सिरान,5,
2046,,मुर्मा सिरान,5,
2047,,"ग्रेस चर्च,श्रीनगर हुम्ला, Grace Church Adanchuli Rural Municipality Humla",5,
2048,,यालबाङ गुम्बा,1,
2049,,यालबाङ गुम्बा,5,
2050,,यालबाङ गुम्बा,5,
2051,,यालबाङ गुम्बा,5,
2052,,यालबाङ गुम्बा,5,
2053,,यालबाङ गुम्बा,5,
2054,,यालबाङ गुम्बा,5,
2055,,यालबाङ गुम्बा,5,
2056,611.0,SU FLOWERHORN AQUARIUM,1,
2057,611.0,SU FLOWERHORN AQUARIUM,1,
2058,611.0,SU FLOWERHORN AQUARIUM,4,
2059,611.0,SU FLOWERHORN AQUARIUM,4,
2060,611.0,SU FLOWERHORN AQUARIUM,3,
2061,611.0,SU FLOWERHORN AQUARIUM,4,
2062,611.0,SU FLOWERHORN AQUARIUM,3,
2063,611.0,SU FLOWERHORN AQUARIUM,4,
2064,613.0,Humla chang la valley trek,1,
2065,613.0,Humla chang la valley trek,5,
2066,,हिमालय सीनरी ट्रेकहरू प्राइवेट लिमिटेड,4,
2067,,हिमालय सीनरी ट्रेकहरू प्राइवेट लिमिटेड,5,
2068,,हिमालय सीनरी ट्रेकहरू प्राइवेट लिमिटेड,5,
2069,,हिमालय सीनरी ट्रेकहरू प्राइवेट लिमिटेड,5,
2070,,हिमालय सीनरी ट्रेकहरू प्राइवेट लिमिटेड,5,
2071,,हिमालय सीनरी ट्रेकहरू प्राइवेट लिमिटेड,5,
2072,,हिमालय सीनरी ट्रेकहरू प्राइवेट लिमिटेड,5,
2073,,हिमालय सीनरी ट्रेकहरू प्राइवेट लिमिटेड,5,
2074,617.0,Himalayan Companion Treks and Expedition,5,
2075,617.0,Himalayan Companion Treks and Expedition,5,
2076,617.0,Himalayan Companion Treks and Expedition,3,
2077,617.0,Himalayan Companion Treks and Expedition,1,
2078,617.0,Himalayan Companion Treks and Expedition,4,
2079,617.0,Himalayan Companion Treks and Expedition,5,
2080,617.0,Himalayan Companion Treks and Expedition,5,
2081,617.0,Himalayan Companion Treks and Expedition,3,
2082,618.0,Magical Nepal (P) Ltd.,5,
2083,618.0,Magical Nepal (P) Ltd.,5,
2084,618.0,Magical Nepal (P) Ltd.,5,
2085,618.0,Magical Nepal (P) Ltd.,5,
2086,618.0,Magical Nepal (P) Ltd.,5,
2087,618.0,Magical Nepal (P) Ltd.,5,
2088,618.0,Magical Nepal (P) Ltd.,5,
2089,618.0,Magical Nepal (P) Ltd.,5,
551,624.0,Fun Park Ilam,4,
2090,624.0,Fun Park Ilam,4,
2091,,हिमालय क्रुसेड पेन्तीकोस्टल चर्च इलाम,5,
2092,,हिमालय क्रुसेड पेन्तीकोस्टल चर्च इलाम,5,
2093,,हिमालय क्रुसेड पेन्तीकोस्टल चर्च इलाम,5,
2094,,हिमालय क्रुसेड पेन्तीकोस्टल चर्च इलाम,5,
2095,,हिमालय क्रुसेड पेन्तीकोस्टल चर्च इलाम,1,
2096,,इलाम भ्यू टावर,5,
2097,,इलाम भ्यू टावर,5,
160,,इलाम भ्यू टावर,5,
2098,,इलाम भ्यू टावर,4,
2099,,इलाम भ्यू टावर,5,
2100,,इलाम भ्यू टावर,4,
2101,,इलाम भ्यू टावर,5,
2102,,इलाम भ्यू टावर,5,
2103,627.0,"Pahadi jama masjid, ilam nagar palika",1,
2104,627.0,"Pahadi jama masjid, ilam nagar palika",5,
2105,631.0,The Triangle,5,
2106,631.0,The Triangle,5,
2107,631.0,The Triangle,3,
2108,631.0,The Triangle,5,
2109,631.0,The Triangle,5,
2110,631.0,The Triangle,3,
2111,631.0,The Triangle,3,
2112,631.0,The Triangle,5,
2113,632.0,East Nepal Adventure Trekking & tour,5,
2114,632.0,East Nepal Adventure Trekking & tour,5,
2115,632.0,East Nepal Adventure Trekking & tour,5,
2116,632.0,East Nepal Adventure Trekking & tour,5,
2117,632.0,East Nepal Adventure Trekking & tour,5,
2118,632.0,East Nepal Adventure Trekking & tour,5,
2119,632.0,East Nepal Adventure Trekking & tour,5,
2120,632.0,East Nepal Adventure Trekking & tour,5,
2121,633.0,Todke Jharna,5,
673,633.0,Todke Jharna,5,
504,633.0,Todke Jharna,3,
2122,633.0,Todke Jharna,5,
1405,633.0,Todke Jharna,5,
2123,633.0,Todke Jharna,5,
2124,633.0,Todke Jharna,4,
2125,633.0,Todke Jharna,5,
2126,634.0,Chapabot park,3,
2127,634.0,Chapabot park,5,
2128,634.0,Chapabot park,5,
2129,634.0,Chapabot park,3,
2130,634.0,Chapabot park,4,
2131,634.0,Chapabot park,5,
2132,634.0,Chapabot park,3,
2133,634.0,Chapabot park,5,
2134,635.0,Jajarkot Risang,5,
2135,,कश्मीरी जामा मस्जिद नेपाल काठमाडौं,5,
2136,,कश्मीरी जामा मस्जिद नेपाल काठमाडौं,5,
2137,,कश्मीरी जामा मस्जिद नेपाल काठमाडौं,5,
2138,,कश्मीरी जामा मस्जिद नेपाल काठमाडौं,5,
2139,,कश्मीरी जामा मस्जिद नेपाल काठमाडौं,5,
2059,,कश्मीरी जामा मस्जिद नेपाल काठमाडौं,2,
2140,,कश्मीरी जामा मस्जिद नेपाल काठमाडौं,5,
2141,,कश्मीरी जामा मस्जिद नेपाल काठमाडौं,5,
2142,637.0,Barekot 7 luhag Jajarkot,5,
2143,,तिर हने jajarkot को राजाले,5,
2144,,तिर हने jajarkot को राजाले,5,
2145,639.0,Salbari Park,5,
2146,639.0,Salbari Park,5,
2147,639.0,Salbari Park,5,
2148,639.0,Salbari Park,5,
2149,639.0,Salbari Park,4,
2150,639.0,Salbari Park,4,
2151,639.0,Salbari Park,5,
2152,639.0,Salbari Park,4,
2153,,ह्याप्पील्याण्ड फनपार्क,5,
134,,ह्याप्पील्याण्ड फनपार्क,3,
2154,,ह्याप्पील्याण्ड फनपार्क,4,
2155,,ह्याप्पील्याण्ड फनपार्क,5,
2156,,ह्याप्पील्याण्ड फनपार्क,5,
2157,,ह्याप्पील्याण्ड फनपार्क,5,
2158,,ह्याप्पील्याण्ड फनपार्क,4,
2159,,ह्याप्पील्याण्ड फनपार्क,5,
2160,641.0,New Church Bhangbari Jhapa,5,
2161,641.0,New Church Bhangbari Jhapa,5,
2162,643.0,Jhapa Natak Ghar,5,
2163,643.0,Jhapa Natak Ghar,4,
2164,643.0,Jhapa Natak Ghar,5,
2165,643.0,Jhapa Natak Ghar,3,
2166,643.0,Jhapa Natak Ghar,5,
2167,643.0,Jhapa Natak Ghar,5,
2168,643.0,Jhapa Natak Ghar,3,
2169,643.0,Jhapa Natak Ghar,5,
2170,644.0,Jamunkhadi Zoo,5,
2171,644.0,Jamunkhadi Zoo,3,
2172,644.0,Jamunkhadi Zoo,5,
2173,644.0,Jamunkhadi Zoo,3,
2174,644.0,Jamunkhadi Zoo,5,
214,644.0,Jamunkhadi Zoo,2,
2175,644.0,Jamunkhadi Zoo,5,
2176,644.0,Jamunkhadi Zoo,5,
2177,,Exotic Aquariums and Pet Shop,5,
2178,,Exotic Aquariums and Pet Shop,5,
2179,,Exotic Aquariums and Pet Shop,5,
2180,,Exotic Aquariums and Pet Shop,5,
2181,,Exotic Aquariums and Pet Shop,5,
2182,,Exotic Aquariums and Pet Shop,5,
2183,,Exotic Aquariums and Pet Shop,5,
572,,Exotic Aquariums and Pet Shop,5,
2122,645.0,DEHI ART,5,
2184,645.0,DEHI ART,5,
2185,645.0,DEHI ART,4,
2186,645.0,DEHI ART,4,
2187,645.0,DEHI ART,4,
2188,645.0,DEHI ART,5,
2189,645.0,DEHI ART,5,
2190,645.0,DEHI ART,5,
2191,646.0,Durgapur Jhapa,5,
2192,646.0,Durgapur Jhapa,5,
2193,646.0,Durgapur Jhapa,5,
2194,646.0,Durgapur Jhapa,4,
2195,646.0,Durgapur Jhapa,3,
2196,646.0,Durgapur Jhapa,4,
2197,646.0,Durgapur Jhapa,5,
2198,646.0,Durgapur Jhapa,5,
2199,,यलम्बर चोक Yalamber Chowk,5,
2200,,यलम्बर चोक Yalamber Chowk,5,
2201,,यलम्बर चोक Yalamber Chowk,4,
2202,,यलम्बर चोक Yalamber Chowk,5,
2203,,यलम्बर चोक Yalamber Chowk,5,
2204,,यलम्बर चोक Yalamber Chowk,5,
2205,,यलम्बर चोक Yalamber Chowk,2,
2206,,यलम्बर चोक Yalamber Chowk,5,
2207,649.0,Trek 8586,5,
2208,649.0,Trek 8586,5,
2209,649.0,Trek 8586,5,
2210,649.0,Trek 8586,5,
2211,649.0,Trek 8586,5,
2212,649.0,Trek 8586,5,
2213,649.0,Trek 8586,5,
2214,649.0,Trek 8586,5,
2215,650.0,Minimountain Picnic Spot,4,
2152,650.0,Minimountain Picnic Spot,4,
2216,650.0,Minimountain Picnic Spot,5,
2217,650.0,Minimountain Picnic Spot,4,
2218,650.0,Minimountain Picnic Spot,4,
484,650.0,Minimountain Picnic Spot,3,
2219,650.0,Minimountain Picnic Spot,5,
2220,650.0,Minimountain Picnic Spot,3,
2221,652.0,Jumla Botanical Garden Dhitachaur,5,
2222,652.0,Jumla Botanical Garden Dhitachaur,5,
2223,653.0,Nepal Jagriti Church,5,
2224,653.0,Nepal Jagriti Church,5,
2225,,नेपाली जामे मस्जीद,5,
2226,,नेपाली जामे मस्जीद,5,
2227,,नेपाली जामे मस्जीद,5,
2228,,नेपाली जामे मस्जीद,5,
1736,,नेपाली जामे मस्जीद,5,
2229,,नेपाली जामे मस्जीद,5,
2230,,नेपाली जामे मस्जीद,5,
2231,,नेपाली जामे मस्जीद,1,
218,,"गुह्येश्वरी शक्तिपीठ मन्दिर, काठमाण्डौं",5,
219,,"गुह्येश्वरी शक्तिपीठ मन्दिर, काठमाण्डौं",5,
220,,"गुह्येश्वरी शक्तिपीठ मन्दिर, काठमाण्डौं",5,
221,,"गुह्येश्वरी शक्तिपीठ मन्दिर, काठमाण्डौं",5,
222,,"गुह्येश्वरी शक्तिपीठ मन्दिर, काठमाण्डौं",5,
223,,"गुह्येश्वरी शक्तिपीठ मन्दिर, काठमाण्डौं",5,
224,,"गुह्येश्वरी शक्तिपीठ मन्दिर, काठमाण्डौं",4,
225,,"गुह्येश्वरी शक्तिपीठ मन्दिर, काठमाण्डौं",5,
2232,657.0,Jumla valley,4,
2233,657.0,Jumla valley,5,
2234,657.0,Jumla valley,5,
2235,657.0,Jumla valley,5,
2236,657.0,Jumla valley,5,
2237,657.0,Jumla valley,5,
1988,657.0,Jumla valley,5,
2238,657.0,Jumla valley,1,
1386,,रारा ताल,4,
2239,,रारा ताल,5,
2240,,रारा ताल,4,
2241,,रारा ताल,5,
2242,,रारा ताल,5,
2243,,रारा ताल,5,
2244,,रारा ताल,5,
668,,रारा ताल,5,
2245,,टीकापुर पार्क,4,
2246,,टीकापुर पार्क,4,
2247,,टीकापुर पार्क,5,
654,,टीकापुर पार्क,4,
2248,,टीकापुर पार्क,5,
1537,,टीकापुर पार्क,5,
2249,,टीकापुर पार्क,3,
2250,,टीकापुर पार्क,5,
2251,,धनगढी फन सिटी प्रा. लि,4,
2252,,धनगढी फन सिटी प्रा. लि,3,
2253,,धनगढी फन सिटी प्रा. लि,4,
2254,,धनगढी फन सिटी प्रा. लि,4,
2255,,धनगढी फन सिटी प्रा. लि,2,
2256,,धनगढी फन सिटी प्रा. लि,5,
2257,,धनगढी फन सिटी प्रा. लि,2,
2258,,धनगढी फन सिटी प्रा. लि,5,
2259,667.0,Jakhor Lake,4,
2260,667.0,Jakhor Lake,4,
2261,667.0,Jakhor Lake,3,
2262,667.0,Jakhor Lake,3,
2263,667.0,Jakhor Lake,5,
2264,667.0,Jakhor Lake,4,
2265,667.0,Jakhor Lake,5,
2266,667.0,Jakhor Lake,5,
2267,668.0,Noori Jama Masjid PashupatiTol Dhangadhi (1) District Kailali SudurPashchim (Nepal),1,
2268,668.0,Noori Jama Masjid PashupatiTol Dhangadhi (1) District Kailali SudurPashchim (Nepal),5,
2269,668.0,Noori Jama Masjid PashupatiTol Dhangadhi (1) District Kailali SudurPashchim (Nepal),5,
2270,668.0,Noori Jama Masjid PashupatiTol Dhangadhi (1) District Kailali SudurPashchim (Nepal),5,
2271,668.0,Noori Jama Masjid PashupatiTol Dhangadhi (1) District Kailali SudurPashchim (Nepal),5,
2272,668.0,Noori Jama Masjid PashupatiTol Dhangadhi (1) District Kailali SudurPashchim (Nepal),5,
2273,668.0,Noori Jama Masjid PashupatiTol Dhangadhi (1) District Kailali SudurPashchim (Nepal),5,
2274,668.0,Noori Jama Masjid PashupatiTol Dhangadhi (1) District Kailali SudurPashchim (Nepal),5,
2275,671.0,"New Ocean View Aquariums & Pet Shop, Dhangadhi",1,
2276,671.0,"New Ocean View Aquariums & Pet Shop, Dhangadhi",5,
2277,671.0,"New Ocean View Aquariums & Pet Shop, Dhangadhi",5,
2278,671.0,"New Ocean View Aquariums & Pet Shop, Dhangadhi",5,
2279,671.0,"New Ocean View Aquariums & Pet Shop, Dhangadhi",5,
2280,671.0,"New Ocean View Aquariums & Pet Shop, Dhangadhi",5,
2281,671.0,"New Ocean View Aquariums & Pet Shop, Dhangadhi",5,
2282,671.0,"New Ocean View Aquariums & Pet Shop, Dhangadhi",5,
2283,672.0,Roshan art gallery,5,
1537,,श्री बेहडा बाबा मन्दिर,5,
2284,,श्री बेहडा बाबा मन्दिर,5,
2285,,श्री बेहडा बाबा मन्दिर,5,
2286,,श्री बेहडा बाबा मन्दिर,4,
2287,,श्री बेहडा बाबा मन्दिर,5,
2288,,श्री बेहडा बाबा मन्दिर,5,
2289,,श्री बेहडा बाबा मन्दिर,3,
2290,,श्री बेहडा बाबा मन्दिर,5,
2291,676.0,Valka kund picnic spot,5,
2292,676.0,Valka kund picnic spot,5,
2293,676.0,Valka kund picnic spot,5,
2294,676.0,Valka kund picnic spot,5,
2295,676.0,Valka kund picnic spot,1,
2296,676.0,Valka kund picnic spot,5,
2297,676.0,Valka kund picnic spot,5,
2298,676.0,Valka kund picnic spot,4,
2299,,पोखरा डिज्नील्याण्ड,5,
124,,पोखरा डिज्नील्याण्ड,4,
2300,,पोखरा डिज्नील्याण्ड,4,
2301,,पोखरा डिज्नील्याण्ड,5,
2302,,पोखरा डिज्नील्याण्ड,5,
2303,,पोखरा डिज्नील्याण्ड,3,
2304,,पोखरा डिज्नील्याण्ड,4,
2305,,पोखरा डिज्नील्याण्ड,3,
2306,680.0,"Polyang, Kaski",5,
2307,680.0,"Polyang, Kaski",1,
410,680.0,"Polyang, Kaski",4,
482,680.0,"Polyang, Kaski",4,
2308,680.0,"Polyang, Kaski",4,
2309,680.0,"Polyang, Kaski",4,
2310,680.0,"Polyang, Kaski",5,
2311,680.0,"Polyang, Kaski",5,
2312,681.0,Masjid Aqsa,5,
2313,681.0,Masjid Aqsa,5,
2314,681.0,Masjid Aqsa,5,
2315,681.0,Masjid Aqsa,5,
2316,681.0,Masjid Aqsa,5,
2317,681.0,Masjid Aqsa,5,
2318,681.0,Masjid Aqsa,5,
2319,681.0,Masjid Aqsa,5,
2320,,पोखरा जनावर क्षेत्र,4,
2321,,पोखरा जनावर क्षेत्र,3,
2322,,पोखरा जनावर क्षेत्र,1,
2323,,पोखरा जनावर क्षेत्र,1,
2324,,पोखरा जनावर क्षेत्र,5,
2325,,पोखरा जनावर क्षेत्र,5,
2326,,पोखरा जनावर क्षेत्र,1,
2327,,पोखरा जनावर क्षेत्र,4,
2328,,पोखरा अक्वायरियम,4,
2329,,पोखरा अक्वायरियम,1,
2330,,पोखरा अक्वायरियम,2,
2331,,पोखरा अक्वायरियम,5,
2332,,पोखरा अक्वायरियम,5,
2333,,पोखरा अक्वायरियम,5,
2334,,पोखरा अक्वायरियम,4,
2335,,पोखरा अक्वायरियम,5,
2336,,सरीया आर्ट ग्यालेरी,5,
2337,,सरीया आर्ट ग्यालेरी,5,
2338,,सरीया आर्ट ग्यालेरी,5,
2339,,सरीया आर्ट ग्यालेरी,5,
2340,,सरीया आर्ट ग्यालेरी,5,
2341,,सरीया आर्ट ग्यालेरी,5,
2342,,सरीया आर्ट ग्यालेरी,5,
2343,,सरीया आर्ट ग्यालेरी,5,
2344,687.0,Kaskikot Palace,5,
2345,687.0,Kaskikot Palace,5,
2346,687.0,Kaskikot Palace,5,
2347,687.0,Kaskikot Palace,4,
2348,687.0,Kaskikot Palace,5,
2349,687.0,Kaskikot Palace,4,
523,687.0,Kaskikot Palace,5,
2350,687.0,Kaskikot Palace,5,
2351,688.0,The Mountain House Treks & expedition Pvt.Ltd - Trekking in Pokhara Nepal,5,
2352,688.0,The Mountain House Treks & expedition Pvt.Ltd - Trekking in Pokhara Nepal,5,
2353,688.0,The Mountain House Treks & expedition Pvt.Ltd - Trekking in Pokhara Nepal,5,
2354,688.0,The Mountain House Treks & expedition Pvt.Ltd - Trekking in Pokhara Nepal,5,
2355,688.0,The Mountain House Treks & expedition Pvt.Ltd - Trekking in Pokhara Nepal,5,
2356,688.0,The Mountain House Treks & expedition Pvt.Ltd - Trekking in Pokhara Nepal,5,
2357,688.0,The Mountain House Treks & expedition Pvt.Ltd - Trekking in Pokhara Nepal,5,
2358,688.0,The Mountain House Treks & expedition Pvt.Ltd - Trekking in Pokhara Nepal,5,
135,,कास्कीकोट पिक्निक स्पट,5,
2359,,कास्कीकोट पिक्निक स्पट,5,
2360,,कास्कीकोट पिक्निक स्पट,5,
2361,,कास्कीकोट पिक्निक स्पट,4,
2362,,कास्कीकोट पिक्निक स्पट,5,
2363,,कास्कीकोट पिक्निक स्पट,5,
2364,,कास्कीकोट पिक्निक स्पट,5,
2365,,"Kori Hill,कोरी डाँडा",5,
2366,,"Kori Hill,कोरी डाँडा",5,
2367,,"Kori Hill,कोरी डाँडा",5,
2368,,"Kori Hill,कोरी डाँडा",5,
2369,,"Kori Hill,कोरी डाँडा",4,
520,,"Kori Hill,कोरी डाँडा",5,
2370,,"Kori Hill,कोरी डाँडा",5,
2371,,"Kori Hill,कोरी डाँडा",4,
2372,,रत्न पार्क,4,
2373,,रत्न पार्क,5,
2374,,रत्न पार्क,5,
2220,,रत्न पार्क,4,
287,,रत्न पार्क,3,
2375,,रत्न पार्क,4,
2376,,रत्न पार्क,4,
649,,रत्न पार्क,4,
2377,692.0,GREATER GRACE CHURCH KATHMANDU NEPAL,5,
2378,692.0,GREATER GRACE CHURCH KATHMANDU NEPAL,5,
2379,692.0,GREATER GRACE CHURCH KATHMANDU NEPAL,5,
2380,692.0,GREATER GRACE CHURCH KATHMANDU NEPAL,4,
2381,692.0,GREATER GRACE CHURCH KATHMANDU NEPAL,4,
2382,692.0,GREATER GRACE CHURCH KATHMANDU NEPAL,5,
2383,692.0,GREATER GRACE CHURCH KATHMANDU NEPAL,5,
2384,692.0,GREATER GRACE CHURCH KATHMANDU NEPAL,2,
668,,शंख पार्क,5,
670,,शंख पार्क,4,
671,,शंख पार्क,5,
231,,शंख पार्क,4,
672,,शंख पार्क,4,
673,,शंख पार्क,5,
674,,शंख पार्क,4,
675,,शंख पार्क,4,
2385,700.0,"Nepali Evangelical Church (NEC), Banepa, Kavre, Nepal",5,
1629,700.0,"Nepali Evangelical Church (NEC), Banepa, Kavre, Nepal",5,
2386,700.0,"Nepali Evangelical Church (NEC), Banepa, Kavre, Nepal",5,
2387,700.0,"Nepali Evangelical Church (NEC), Banepa, Kavre, Nepal",5,
2388,700.0,"Nepali Evangelical Church (NEC), Banepa, Kavre, Nepal",5,
2389,700.0,"Nepali Evangelical Church (NEC), Banepa, Kavre, Nepal",5,
2390,701.0,TINDHARA JHARANA WATERFALL BASE,4,
2391,701.0,TINDHARA JHARANA WATERFALL BASE,4,
2392,701.0,TINDHARA JHARANA WATERFALL BASE,5,
2393,701.0,TINDHARA JHARANA WATERFALL BASE,5,
2394,701.0,TINDHARA JHARANA WATERFALL BASE,4,
2395,701.0,TINDHARA JHARANA WATERFALL BASE,5,
16,701.0,TINDHARA JHARANA WATERFALL BASE,5,
2396,701.0,TINDHARA JHARANA WATERFALL BASE,5,
2397,,पनौती संग्रहालय,3,
560,,पनौती संग्रहालय,4,
2398,,पनौती संग्रहालय,4,
2399,,पनौती संग्रहालय,4,
2400,,पनौती संग्रहालय,5,
33,,पनौती संग्रहालय,4,
2401,,पनौती संग्रहालय,4,
2402,,पनौती संग्रहालय,4,
279,703.0,Maa Chandeshwori Aquariums,5,
2403,703.0,Maa Chandeshwori Aquariums,4,
2404,703.0,Maa Chandeshwori Aquariums,5,
410,,Panauti Durbar Square पनौती दरबार क्षेत्र,5,
2405,,Panauti Durbar Square पनौती दरबार क्षेत्र,5,
389,,Panauti Durbar Square पनौती दरबार क्षेत्र,5,
2406,,Panauti Durbar Square पनौती दरबार क्षेत्र,4,
33,,Panauti Durbar Square पनौती दरबार क्षेत्र,3,
2407,,Panauti Durbar Square पनौती दरबार क्षेत्र,3,
2408,,Panauti Durbar Square पनौती दरबार क्षेत्र,5,
2409,,Panauti Durbar Square पनौती दरबार क्षेत्र,5,
2410,708.0,Community Hike,5,
235,708.0,Community Hike,4,
2411,708.0,Community Hike,4,
2412,708.0,Community Hike,5,
999,708.0,Community Hike,5,
2413,708.0,Community Hike,4,
2414,708.0,Community Hike,5,
2415,708.0,Community Hike,4,
2416,709.0,PANAUTI COMMUNITY PICNIC SPOT,5,
2417,710.0,"Manebhanjyang park, Sakela Gaaunpalika, khotang",5,
2418,710.0,"Manebhanjyang park, Sakela Gaaunpalika, khotang",4,
2419,710.0,"Manebhanjyang park, Sakela Gaaunpalika, khotang",5,
2420,710.0,"Manebhanjyang park, Sakela Gaaunpalika, khotang",4,
1735,710.0,"Manebhanjyang park, Sakela Gaaunpalika, khotang",5,
2421,717.0,Thalthale Picnic Spot,5,
1739,,Rupakot Danda रुपाकोट डांडा,5,
2422,,Rupakot Danda रुपाकोट डांडा,5,
2418,,Rupakot Danda रुपाकोट डांडा,5,
2423,,Rupakot Danda रुपाकोट डांडा,3,
2424,,Rupakot Danda रुपाकोट डांडा,5,
2425,,Rupakot Danda रुपाकोट डांडा,5,
87,,यु एन पार्क,3,
845,,यु एन पार्क,5,
846,,यु एन पार्क,5,
847,,यु एन पार्क,5,
16,,यु एन पार्क,4,
587,,यु एन पार्क,3,
15,,यु एन पार्क,4,
848,,यु एन पार्क,5,
2426,720.0,Our Lady Of Assumption Church,5,
2427,720.0,Our Lady Of Assumption Church,5,
2428,720.0,Our Lady Of Assumption Church,5,
2429,720.0,Our Lady Of Assumption Church,5,
2430,720.0,Our Lady Of Assumption Church,4,
2431,720.0,Our Lady Of Assumption Church,5,
33,720.0,Our Lady Of Assumption Church,4,
2432,720.0,Our Lady Of Assumption Church,4,
2433,721.0,Jame Masjid Patan,5,
2434,721.0,Jame Masjid Patan,5,
2435,721.0,Jame Masjid Patan,5,
2436,721.0,Jame Masjid Patan,5,
2229,721.0,Jame Masjid Patan,4,
2437,721.0,Jame Masjid Patan,5,
2438,721.0,Jame Masjid Patan,5,
2439,721.0,Jame Masjid Patan,5,
648,724.0,Balkumari Picnic Spot,5,
2440,724.0,Balkumari Picnic Spot,4,
2441,724.0,Balkumari Picnic Spot,5,
2442,724.0,Balkumari Picnic Spot,5,
2443,724.0,Balkumari Picnic Spot,3,
2438,724.0,Balkumari Picnic Spot,5,
2444,724.0,Balkumari Picnic Spot,5,
2445,724.0,Balkumari Picnic Spot,5,
2446,726.0,"Gairikhoriya(Koiralaphant),Lamjung,Nepal.",5,
2447,726.0,"Gairikhoriya(Koiralaphant),Lamjung,Nepal.",5,
2448,726.0,"Gairikhoriya(Koiralaphant),Lamjung,Nepal.",5,
2449,726.0,"Gairikhoriya(Koiralaphant),Lamjung,Nepal.",5,
2447,726.0,"Gairikhoriya(Koiralaphant),Lamjung,Nepal.",5,
2450,726.0,"Gairikhoriya(Koiralaphant),Lamjung,Nepal.",4,
1575,,फिस्टेल ड्रीम पार्क,5,
2451,,फिस्टेल ड्रीम पार्क,3,
2452,,फिस्टेल ड्रीम पार्क,5,
2453,,फिस्टेल ड्रीम पार्क,2,
2371,,फिस्टेल ड्रीम पार्क,3,
2454,,फिस्टेल ड्रीम पार्क,5,
2455,,फिस्टेल ड्रीम पार्क,2,
2456,,फिस्टेल ड्रीम पार्क,5,
2457,728.0,The Church of Children of Light,5,
2458,729.0,Lamjung Durbar,5,
2459,729.0,Lamjung Durbar,5,
2460,729.0,Lamjung Durbar,5,
2461,729.0,Lamjung Durbar,5,
2462,729.0,Lamjung Durbar,5,
2463,729.0,Lamjung Durbar,4,
2464,729.0,Lamjung Durbar,5,
694,729.0,Lamjung Durbar,5,
2465,,फैजन ए मुस्किल कुशा मुसल्ला,5,
2466,733.0,Bhulbhule Canyoning Lamjung,5,
1459,733.0,Bhulbhule Canyoning Lamjung,5,
310,733.0,Bhulbhule Canyoning Lamjung,5,
2467,733.0,Bhulbhule Canyoning Lamjung,4,
2468,733.0,Bhulbhule Canyoning Lamjung,5,
2469,733.0,Bhulbhule Canyoning Lamjung,5,
2470,733.0,Bhulbhule Canyoning Lamjung,3,
2471,733.0,Bhulbhule Canyoning Lamjung,4,
2472,734.0,LIPE HILL,5,
2473,734.0,LIPE HILL,5,
2474,734.0,LIPE HILL,5,
2475,734.0,LIPE HILL,5,
2476,734.0,LIPE HILL,5,
2477,734.0,LIPE HILL,5,
2478,738.0,Makwanpur Prasansa Mandali,5,
2479,738.0,Makwanpur Prasansa Mandali,5,
2480,740.0,Frn's Aquarium,5,
2481,740.0,Frn's Aquarium,5,
2482,740.0,Frn's Aquarium,5,
2483,740.0,Frn's Aquarium,5,
2484,740.0,Frn's Aquarium,3,
2485,740.0,Frn's Aquarium,5,
2486,740.0,Frn's Aquarium,5,
1702,740.0,Frn's Aquarium,5,
2487,742.0,Martyrs Memorial Park,5,
2488,742.0,Martyrs Memorial Park,5,
2489,742.0,Martyrs Memorial Park,5,
2490,742.0,Martyrs Memorial Park,3,
2491,742.0,Martyrs Memorial Park,5,
2492,742.0,Martyrs Memorial Park,5,
612,742.0,Martyrs Memorial Park,3,
2493,742.0,Martyrs Memorial Park,4,
2494,,सगरमाथा पैदल यात्रा ट्रेकहरू र अभियान,5,
2495,,सगरमाथा पैदल यात्रा ट्रेकहरू र अभियान,5,
2496,,सगरमाथा पैदल यात्रा ट्रेकहरू र अभियान,5,
2497,,सगरमाथा पैदल यात्रा ट्रेकहरू र अभियान,5,
2498,,सगरमाथा पैदल यात्रा ट्रेकहरू र अभियान,5,
2499,,सगरमाथा पैदल यात्रा ट्रेकहरू र अभियान,5,
2500,,सगरमाथा पैदल यात्रा ट्रेकहरू र अभियान,5,
2501,,सगरमाथा पैदल यात्रा ट्रेकहरू र अभियान,5,
205,745.0,Makawanpur Gadi Picnic Spot,4,
2502,745.0,Makawanpur Gadi Picnic Spot,4,
309,745.0,Makawanpur Gadi Picnic Spot,5,
2503,745.0,Makawanpur Gadi Picnic Spot,5,
2504,745.0,Makawanpur Gadi Picnic Spot,5,
2505,745.0,Makawanpur Gadi Picnic Spot,5,
2506,745.0,Makawanpur Gadi Picnic Spot,5,
2507,745.0,Makawanpur Gadi Picnic Spot,5,
1357,,मनाङ संस्कृति संग्रहालय,2,
1358,,मनाङ संस्कृति संग्रहालय,5,
1359,,मनाङ संस्कृति संग्रहालय,4,
1360,,मनाङ संस्कृति संग्रहालय,4,
1361,,मनाङ संस्कृति संग्रहालय,5,
476,,थोरङ्गला भञ्ज्याङ,5,
2508,,थोरङ्गला भञ्ज्याङ,5,
2509,,थोरङ्गला भञ्ज्याङ,1,
2510,,थोरङ्गला भञ्ज्याङ,3,
2511,,थोरङ्गला भञ्ज्याङ,5,
2512,,थोरङ्गला भञ्ज्याङ,5,
2513,,थोरङ्गला भञ्ज्याङ,5,
2514,,थोरङ्गला भञ्ज्याङ,5,
2515,,Itahara Chowk ईटहरा चोँक,4,
2516,,Itahara Chowk ईटहरा चोँक,4,
2517,,Itahara Chowk ईटहरा चोँक,3,
2518,,Itahara Chowk ईटहरा चोँक,5,
2519,,Itahara Chowk ईटहरा चोँक,2,
2520,,Itahara Chowk ईटहरा चोँक,5,
2521,,Itahara Chowk ईटहरा चोँक,1,
2522,,Itahara Chowk ईटहरा चोँक,5,
162,,यिप्पी ल्याण्ड,5,
2523,,यिप्पी ल्याण्ड,5,
2524,,यिप्पी ल्याण्ड,5,
400,,यिप्पी ल्याण्ड,5,
2525,,यिप्पी ल्याण्ड,4,
1851,,यिप्पी ल्याण्ड,5,
2526,,यिप्पी ल्याण्ड,4,
2527,,यिप्पी ल्याण्ड,5,
1379,,एभरेष्ट साईन्स सेन्टर,4,
1380,,एभरेष्ट साईन्स सेन्टर,4,
348,,एभरेष्ट साईन्स सेन्टर,2,
1381,,एभरेष्ट साईन्स सेन्टर,4,
1382,,एभरेष्ट साईन्स सेन्टर,3,
1383,,एभरेष्ट साईन्स सेन्टर,2,
1384,,एभरेष्ट साईन्स सेन्टर,4,
1385,,एभरेष्ट साईन्स सेन्टर,4,
2528,761.0,"Biratnagar Aquarium ""Modern Aquatic Pet""",5,
2529,761.0,"Biratnagar Aquarium ""Modern Aquatic Pet""",5,
2530,761.0,"Biratnagar Aquarium ""Modern Aquatic Pet""",5,
2531,761.0,"Biratnagar Aquarium ""Modern Aquatic Pet""",5,
2532,761.0,"Biratnagar Aquarium ""Modern Aquatic Pet""",5,
2533,761.0,"Biratnagar Aquarium ""Modern Aquatic Pet""",5,
2534,761.0,"Biratnagar Aquarium ""Modern Aquatic Pet""",5,
2535,761.0,"Biratnagar Aquarium ""Modern Aquatic Pet""",5,
2536,762.0,"Bajrangbali Temple, Gramthan - 7, Morang, Nepal",5,
2537,763.0,Jirikhimti chowk morang,5,
2538,763.0,Jirikhimti chowk morang,5,
2539,763.0,Jirikhimti chowk morang,5,
2540,763.0,Jirikhimti chowk morang,5,
666,,ताल तलया,4,
2541,,ताल तलया,1,
2542,,ताल तलया,4,
2543,,ताल तलया,4,
2544,,ताल तलया,3,
2545,,ताल तलया,5,
2546,,ताल तलया,5,
2547,,ताल तलया,4,
2548,,Anugrah Pabitra Church ( अनुग्रह पवित्र चर्च ) - Biblical Church at Nawalparasi,5,
2549,,Anugrah Pabitra Church ( अनुग्रह पवित्र चर्च ) - Biblical Church at Nawalparasi,5,
2550,,Anugrah Pabitra Church ( अनुग्रह पवित्र चर्च ) - Biblical Church at Nawalparasi,5,
2551,,Anugrah Pabitra Church ( अनुग्रह पवित्र चर्च ) - Biblical Church at Nawalparasi,5,
2552,,Anugrah Pabitra Church ( अनुग्रह पवित्र चर्च ) - Biblical Church at Nawalparasi,5,
2553,,Anugrah Pabitra Church ( अनुग्रह पवित्र चर्च ) - Biblical Church at Nawalparasi,5,
2554,,Anugrah Pabitra Church ( अनुग्रह पवित्र चर्च ) - Biblical Church at Nawalparasi,5,
2555,,Anugrah Pabitra Church ( अनुग्रह पवित्र चर्च ) - Biblical Church at Nawalparasi,5,
357,,सीजी शाश्वतधाम,5,
169,,सीजी शाश्वतधाम,5,
494,,सीजी शाश्वतधाम,5,
2556,,सीजी शाश्वतधाम,3,
439,,सीजी शाश्वतधाम,4,
2557,,सीजी शाश्वतधाम,4,
335,,सीजी शाश्वतधाम,4,
2558,,सीजी शाश्वतधाम,5,
1985,768.0,Narayani River Amaltari,5,
2559,768.0,Narayani River Amaltari,5,
2560,768.0,Narayani River Amaltari,5,
243,769.0,Parsa Nepali Jame Masjid,4,
2561,769.0,Parsa Nepali Jame Masjid,5,
1777,769.0,Parsa Nepali Jame Masjid,5,
2562,769.0,Parsa Nepali Jame Masjid,5,
2563,769.0,Parsa Nepali Jame Masjid,5,
2564,769.0,Parsa Nepali Jame Masjid,3,
2565,769.0,Parsa Nepali Jame Masjid,5,
2566,769.0,Parsa Nepali Jame Masjid,5,
2567,770.0,Kalawati Art Garden,5,
2568,770.0,Kalawati Art Garden,5,
2569,770.0,Kalawati Art Garden,5,
2570,770.0,Kalawati Art Garden,5,
2571,770.0,Kalawati Art Garden,5,
2572,770.0,Kalawati Art Garden,5,
2573,770.0,Kalawati Art Garden,5,
2574,770.0,Kalawati Art Garden,1,
2575,771.0,"Raju Arts, Parasi, Nawalparasi",5,
2576,771.0,"Raju Arts, Parasi, Nawalparasi",2,
2577,771.0,"Raju Arts, Parasi, Nawalparasi",4,
1213,771.0,"Raju Arts, Parasi, Nawalparasi",5,
2578,771.0,"Raju Arts, Parasi, Nawalparasi",5,
2579,771.0,"Raju Arts, Parasi, Nawalparasi",4,
2580,771.0,"Raju Arts, Parasi, Nawalparasi",5,
2581,771.0,"Raju Arts, Parasi, Nawalparasi",2,
2582,772.0,Riders Mountain Bike Station and Kids Cycle Store,5,
2583,772.0,Riders Mountain Bike Station and Kids Cycle Store,5,
2584,772.0,Riders Mountain Bike Station and Kids Cycle Store,5,
2585,772.0,Riders Mountain Bike Station and Kids Cycle Store,5,
2586,772.0,Riders Mountain Bike Station and Kids Cycle Store,5,
2587,772.0,Riders Mountain Bike Station and Kids Cycle Store,5,
2588,772.0,Riders Mountain Bike Station and Kids Cycle Store,5,
2589,772.0,Riders Mountain Bike Station and Kids Cycle Store,5,
2590,773.0,British Camp Picnic Spot,5,
2591,773.0,British Camp Picnic Spot,3,
2592,773.0,British Camp Picnic Spot,4,
2593,773.0,British Camp Picnic Spot,4,
2594,773.0,British Camp Picnic Spot,5,
2595,773.0,British Camp Picnic Spot,4,
2596,773.0,British Camp Picnic Spot,4,
2597,773.0,British Camp Picnic Spot,5,
2598,774.0,"Arelighari dhodeni, Nawalparasi",4,
2599,777.0,Battar New Vision Church Inarpati,5,
2600,777.0,Battar New Vision Church Inarpati,3,
203,,नुवाकोट सात-तले दरबार,4,
204,,नुवाकोट सात-तले दरबार,4,
205,,नुवाकोट सात-तले दरबार,4,
206,,नुवाकोट सात-तले दरबार,4,
207,,नुवाकोट सात-तले दरबार,4,
208,,नुवाकोट सात-तले दरबार,5,
209,,नुवाकोट सात-तले दरबार,4,
210,,नुवाकोट सात-तले दरबार,4,
2601,779.0,"Jame Masjid Devighat, Nuwakot",4,
2602,779.0,"Jame Masjid Devighat, Nuwakot",5,
2603,779.0,"Jame Masjid Devighat, Nuwakot",3,
2604,779.0,"Jame Masjid Devighat, Nuwakot",3,
175,780.0,Nuwakot Durbar Square Museum,5,
2605,780.0,Nuwakot Durbar Square Museum,5,
2606,780.0,Nuwakot Durbar Square Museum,5,
2607,780.0,Nuwakot Durbar Square Museum,5,
2608,780.0,Nuwakot Durbar Square Museum,4,
2609,780.0,Nuwakot Durbar Square Museum,5,
2610,780.0,Nuwakot Durbar Square Museum,5,
2611,780.0,Nuwakot Durbar Square Museum,5,
2612,,श्री भैरबी मन्दिर नुवाकोट,5,
2613,,श्री भैरबी मन्दिर नुवाकोट,4,
205,,श्री भैरबी मन्दिर नुवाकोट,5,
2614,,श्री भैरबी मन्दिर नुवाकोट,4,
410,,श्री भैरबी मन्दिर नुवाकोट,5,
565,,श्री भैरबी मन्दिर नुवाकोट,4,
2615,,श्री भैरबी मन्दिर नुवाकोट,5,
60,,श्री भैरबी मन्दिर नुवाकोट,4,
2616,782.0,Nuwakot Durbar Square,5,
517,782.0,Nuwakot Durbar Square,5,
2617,782.0,Nuwakot Durbar Square,3,
2618,782.0,Nuwakot Durbar Square,5,
2619,782.0,Nuwakot Durbar Square,5,
1967,782.0,Nuwakot Durbar Square,4,
309,782.0,Nuwakot Durbar Square,5,
2620,782.0,Nuwakot Durbar Square,4,
2621,783.0,Siltanki Nuwakot,3,
565,783.0,Siltanki Nuwakot,3,
2622,783.0,Siltanki Nuwakot,2,
234,783.0,Siltanki Nuwakot,4,
2623,783.0,Siltanki Nuwakot,5,
2624,783.0,Siltanki Nuwakot,5,
2625,783.0,Siltanki Nuwakot,4,
2626,783.0,Siltanki Nuwakot,4,
2627,784.0,D-Siltank picnic spot,5,
2628,784.0,D-Siltank picnic spot,1,
2629,784.0,D-Siltank picnic spot,5,
2630,784.0,D-Siltank picnic spot,4,
2631,784.0,D-Siltank picnic spot,5,
2632,784.0,D-Siltank picnic spot,5,
2633,784.0,D-Siltank picnic spot,3,
2320,784.0,D-Siltank picnic spot,4,
2634,,ककनी भ्यू प्वाइन्ट,5,
2635,,ककनी भ्यू प्वाइन्ट,5,
2636,,ककनी भ्यू प्वाइन्ट,5,
652,,ककनी भ्यू प्वाइन्ट,4,
2637,,ककनी भ्यू प्वाइन्ट,5,
2638,,ककनी भ्यू प्वाइन्ट,4,
2639,,ककनी भ्यू प्वाइन्ट,5,
2640,,ककनी भ्यू प्वाइन्ट,4,
2641,,ओखल्ढुङ्गा टुडिखेल,4,
2642,,ओखल्ढुङ्गा टुडिखेल,5,
1324,,ओखल्ढुङ्गा टुडिखेल,3,
2643,,ओखल्ढुङ्गा टुडिखेल,4,
2644,,ओखल्ढुङ्गा टुडिखेल,5,
2645,,ओखल्ढुङ्गा टुडिखेल,3,
2646,,ओखल्ढुङ्गा टुडिखेल,4,
2647,,ओखल्ढुङ्गा टुडिखेल,3,
2648,790.0,Okhaldhunga Historical Museum,5,
2649,790.0,Okhaldhunga Historical Museum,5,
2650,790.0,Okhaldhunga Historical Museum,5,
2651,790.0,Okhaldhunga Historical Museum,5,
1389,,नेपाल ट्रेक हब,5,
1390,,नेपाल ट्रेक हब,5,
1391,,नेपाल ट्रेक हब,5,
1392,,नेपाल ट्रेक हब,5,
1393,,नेपाल ट्रेक हब,5,
1394,,नेपाल ट्रेक हब,5,
1395,,नेपाल ट्रेक हब,5,
1396,,नेपाल ट्रेक हब,5,
2652,795.0,Ramapithecus Park,5,
2653,795.0,Ramapithecus Park,4,
2654,795.0,Ramapithecus Park,5,
2655,795.0,Ramapithecus Park,4,
2656,795.0,Ramapithecus Park,2,
293,795.0,Ramapithecus Park,5,
2657,795.0,Ramapithecus Park,5,
2658,795.0,Ramapithecus Park,5,
2659,,"World mission society church of god- Tansen,palpa (विश्व सुसमाचार समाज परमेश्‍वरको मण्डली तानसेन ,पाल्पा)",5,
2660,,"World mission society church of god- Tansen,palpa (विश्व सुसमाचार समाज परमेश्‍वरको मण्डली तानसेन ,पाल्पा)",5,
2661,,"World mission society church of god- Tansen,palpa (विश्व सुसमाचार समाज परमेश्‍वरको मण्डली तानसेन ,पाल्पा)",4,
2662,,"World mission society church of god- Tansen,palpa (विश्व सुसमाचार समाज परमेश्‍वरको मण्डली तानसेन ,पाल्पा)",5,
2663,,"World mission society church of god- Tansen,palpa (विश्व सुसमाचार समाज परमेश्‍वरको मण्डली तानसेन ,पाल्पा)",5,
2664,,"World mission society church of god- Tansen,palpa (विश्व सुसमाचार समाज परमेश्‍वरको मण्डली तानसेन ,पाल्पा)",5,
2665,,"World mission society church of god- Tansen,palpa (विश्व सुसमाचार समाज परमेश्‍वरको मण्डली तानसेन ,पाल्पा)",5,
2666,,"World mission society church of god- Tansen,palpa (विश्व सुसमाचार समाज परमेश्‍वरको मण्डली तानसेन ,पाल्पा)",5,
121,798.0,Palpa Durbar & Museum,5,
2667,798.0,Palpa Durbar & Museum,4,
2668,798.0,Palpa Durbar & Museum,5,
2669,798.0,Palpa Durbar & Museum,5,
2670,798.0,Palpa Durbar & Museum,5,
2671,798.0,Palpa Durbar & Museum,5,
2672,798.0,Palpa Durbar & Museum,4,
2673,798.0,Palpa Durbar & Museum,3,
2674,799.0,Banbatika Zoo,3,
2675,799.0,Banbatika Zoo,5,
2676,799.0,Banbatika Zoo,5,
2677,799.0,Banbatika Zoo,4,
2678,799.0,Banbatika Zoo,5,
2679,799.0,Banbatika Zoo,5,
2680,799.0,Banbatika Zoo,4,
2681,799.0,Banbatika Zoo,5,
195,802.0,Bhairabsthan Temple,4,
122,802.0,Bhairabsthan Temple,5,
494,802.0,Bhairabsthan Temple,5,
518,802.0,Bhairabsthan Temple,5,
2682,802.0,Bhairabsthan Temple,4,
2683,802.0,Bhairabsthan Temple,5,
508,802.0,Bhairabsthan Temple,5,
2684,802.0,Bhairabsthan Temple,5,
2685,803.0,Butwal Bike Station,5,
2686,803.0,Butwal Bike Station,5,
2687,803.0,Butwal Bike Station,5,
2688,803.0,Butwal Bike Station,1,
2689,803.0,Butwal Bike Station,5,
2690,803.0,Butwal Bike Station,5,
2691,803.0,Butwal Bike Station,5,
2692,803.0,Butwal Bike Station,5,
2693,,अथवा पार्क,5,
2694,,अथवा पार्क,5,
2695,,अथवा पार्क,5,
2696,,अथवा पार्क,5,
2697,,अथवा पार्क,1,
2698,806.0,Nepal Evangelical Patichaur Church,5,
2699,807.0,Ramesh Parbat,3,
2700,807.0,Ramesh Parbat,5,
78,,भूपतीन्द्र मल्ल प्रतिमा,5,
7,,भूपतीन्द्र मल्ल प्रतिमा,5,
98,,भूपतीन्द्र मल्ल प्रतिमा,5,
99,,भूपतीन्द्र मल्ल प्रतिमा,5,
100,,भूपतीन्द्र मल्ल प्रतिमा,5,
101,,भूपतीन्द्र मल्ल प्रतिमा,5,
102,,भूपतीन्द्र मल्ल प्रतिमा,5,
103,,भूपतीन्द्र मल्ल प्रतिमा,5,
2701,811.0,Durlung Kot,5,
461,811.0,Durlung Kot,4,
2702,811.0,Durlung Kot,4,
2703,811.0,Durlung Kot,3,
2704,811.0,Durlung Kot,5,
2705,811.0,Durlung Kot,5,
2706,811.0,Durlung Kot,3,
2707,811.0,Durlung Kot,5,
2708,812.0,Kokhe Danda,5,
2709,812.0,Kokhe Danda,5,
2710,812.0,Kokhe Danda,4,
1684,812.0,Kokhe Danda,5,
2711,812.0,Kokhe Danda,5,
2712,812.0,Kokhe Danda,5,
2713,812.0,Kokhe Danda,5,
2714,812.0,Kokhe Danda,5,
38,,पर्सा राष्ट्रिय निकुञ्ज,5,
2715,,पर्सा राष्ट्रिय निकुञ्ज,5,
2716,,पर्सा राष्ट्रिय निकुञ्ज,5,
2717,,पर्सा राष्ट्रिय निकुञ्ज,1,
2718,,पर्सा राष्ट्रिय निकुञ्ज,4,
2719,,पर्सा राष्ट्रिय निकुञ्ज,4,
2720,,पर्सा राष्ट्रिय निकुञ्ज,5,
2721,,पर्सा राष्ट्रिय निकुञ्ज,3,
2722,816.0,Thrill Factory & Water Park,5,
2723,816.0,Thrill Factory & Water Park,3,
2724,816.0,Thrill Factory & Water Park,5,
2725,816.0,Thrill Factory & Water Park,4,
2726,816.0,Thrill Factory & Water Park,1,
2727,816.0,Thrill Factory & Water Park,5,
2728,816.0,Thrill Factory & Water Park,1,
2729,816.0,Thrill Factory & Water Park,1,
2730,817.0,New Apostolic Church Jeetpur,5,
2601,817.0,New Apostolic Church Jeetpur,4,
2731,817.0,New Apostolic Church Jeetpur,5,
2732,817.0,New Apostolic Church Jeetpur,5,
2733,817.0,New Apostolic Church Jeetpur,5,
2734,,"Brahma Kumaris sub-centre, Murali Bagaicha, Birgunj, Parsa",5,
2735,,"Brahma Kumaris sub-centre, Murali Bagaicha, Birgunj, Parsa",2,
2736,,"Brahma Kumaris sub-centre, Murali Bagaicha, Birgunj, Parsa",4,
2737,,"Brahma Kumaris sub-centre, Murali Bagaicha, Birgunj, Parsa",3,
2738,,"Brahma Kumaris sub-centre, Murali Bagaicha, Birgunj, Parsa",5,
2739,,"Brahma Kumaris sub-centre, Murali Bagaicha, Birgunj, Parsa",1,
2740,,"Brahma Kumaris sub-centre, Murali Bagaicha, Birgunj, Parsa",3,
2741,,"Brahma Kumaris sub-centre, Murali Bagaicha, Birgunj, Parsa",5,
2742,821.0,Parsa gadhi temple,5,
2743,821.0,Parsa gadhi temple,4,
2744,821.0,Parsa gadhi temple,5,
2745,821.0,Parsa gadhi temple,5,
2746,821.0,Parsa gadhi temple,5,
2747,821.0,Parsa gadhi temple,5,
2748,821.0,Parsa gadhi temple,1,
1897,821.0,Parsa gadhi temple,5,
2749,,Shankaracharya Prawesh Dwar शंकराचार्य प्रवेश द्वार,4,
2725,,Shankaracharya Prawesh Dwar शंकराचार्य प्रवेश द्वार,4,
2750,,Shankaracharya Prawesh Dwar शंकराचार्य प्रवेश द्वार,5,
2751,,Shankaracharya Prawesh Dwar शंकराचार्य प्रवेश द्वार,5,
2752,,Shankaracharya Prawesh Dwar शंकराचार्य प्रवेश द्वार,3,
2753,,Shankaracharya Prawesh Dwar शंकराचार्य प्रवेश द्वार,4,
2754,,Shankaracharya Prawesh Dwar शंकराचार्य प्रवेश द्वार,5,
2755,,Shankaracharya Prawesh Dwar शंकराचार्य प्रवेश द्वार,5,
2756,826.0,Nepal fishmandu,5,
2757,826.0,Nepal fishmandu,5,
2758,826.0,Nepal fishmandu,5,
2759,826.0,Nepal fishmandu,5,
2760,826.0,Nepal fishmandu,1,
576,826.0,Nepal fishmandu,2,
2761,826.0,Nepal fishmandu,5,
2762,826.0,Nepal fishmandu,4,
2763,832.0,Bharosa Gospel Church Ramechhap ️,5,
2764,833.0,RAMECHHAP ARUKHARKEY,4,
2765,833.0,RAMECHHAP ARUKHARKEY,5,
2766,,सगरमाथा आधार शिविर ट्रेकिङ,5,
2767,,सगरमाथा आधार शिविर ट्रेकिङ,5,
2768,,सगरमाथा आधार शिविर ट्रेकिङ,5,
2769,,सगरमाथा आधार शिविर ट्रेकिङ,5,
2770,,सगरमाथा आधार शिविर ट्रेकिङ,5,
2771,,सगरमाथा आधार शिविर ट्रेकिङ,5,
2772,,सगरमाथा आधार शिविर ट्रेकिङ,5,
2773,,सगरमाथा आधार शिविर ट्रेकिङ,5,
2774,838.0,Yubra church ministry,5,
2775,838.0,Yubra church ministry,5,
2776,,रसुवागढी,5,
219,,रसुवागढी,5,
2777,,रसुवागढी,4,
2778,,रसुवागढी,5,
95,,रसुवागढी,5,
2779,,रसुवागढी,5,
2780,,रसुवागढी,3,
2537,,रसुवागढी,4,
2781,,S.S ART gallery,5,
2782,,S.S ART gallery,5,
2783,,S.S ART gallery,5,
2784,,S.S ART gallery,5,
2785,,S.S ART gallery,5,
2786,,Majuwa hiking junction(मजुवा हाइकिङ जक्सन),4,
2787,,Majuwa hiking junction(मजुवा हाइकिङ जक्सन),4,
2788,,Majuwa hiking junction(मजुवा हाइकिङ जक्सन),5,
2789,,Majuwa hiking junction(मजुवा हाइकिङ जक्सन),4,
2790,,Majuwa hiking junction(मजुवा हाइकिङ जक्सन),3,
2791,,Majuwa hiking junction(मजुवा हाइकिङ जक्सन),5,
2792,,Majuwa hiking junction(मजुवा हाइकिङ जक्सन),5,
2793,,Majuwa hiking junction(मजुवा हाइकिङ जक्सन),5,
2794,845.0,Lampuja Rolpa,5,
2795,845.0,Lampuja Rolpa,3,
2796,845.0,Lampuja Rolpa,5,
2797,845.0,Lampuja Rolpa,5,
2798,845.0,Lampuja Rolpa,5,
2799,845.0,Lampuja Rolpa,5,
2800,845.0,Lampuja Rolpa,2,
2801,845.0,Lampuja Rolpa,5,
2802,846.0,Bethel Church Rolpa,5,
2803,846.0,Bethel Church Rolpa,5,
2804,847.0,View Tower Liwang Rolpa Nepal,4,
2805,847.0,View Tower Liwang Rolpa Nepal,4,
2806,847.0,View Tower Liwang Rolpa Nepal,5,
2807,847.0,View Tower Liwang Rolpa Nepal,3,
2808,847.0,View Tower Liwang Rolpa Nepal,5,
2809,847.0,View Tower Liwang Rolpa Nepal,4,
2810,847.0,View Tower Liwang Rolpa Nepal,5,
2609,847.0,View Tower Liwang Rolpa Nepal,4,
2811,850.0,R. R. AQUARIUM HOUSE,5,
2812,850.0,R. R. AQUARIUM HOUSE,5,
576,850.0,R. R. AQUARIUM HOUSE,5,
2813,850.0,R. R. AQUARIUM HOUSE,1,
2814,850.0,R. R. AQUARIUM HOUSE,4,
2815,850.0,R. R. AQUARIUM HOUSE,5,
2174,850.0,R. R. AQUARIUM HOUSE,5,
2816,850.0,R. R. AQUARIUM HOUSE,3,
2817,851.0,Ota Rolpa Nepal,5,
2818,851.0,Ota Rolpa Nepal,2,
2819,851.0,Ota Rolpa Nepal,5,
2820,858.0,"Gupta daha, rukum east.",5,
2469,858.0,"Gupta daha, rukum east.",3,
2821,858.0,"Gupta daha, rukum east.",5,
2822,858.0,"Gupta daha, rukum east.",5,
2823,860.0,"Digre saikumari temple, rukum",5,
2824,860.0,"Digre saikumari temple, rukum",4,
2825,860.0,"Digre saikumari temple, rukum",5,
2826,860.0,"Digre saikumari temple, rukum",5,
2827,860.0,"Digre saikumari temple, rukum",5,
2828,860.0,"Digre saikumari temple, rukum",5,
2829,860.0,"Digre saikumari temple, rukum",3,
2830,860.0,"Digre saikumari temple, rukum",5,
2831,865.0,HOPE CHURCH BUTWAL,5,
2832,865.0,HOPE CHURCH BUTWAL,5,
2833,865.0,HOPE CHURCH BUTWAL,1,
2834,865.0,HOPE CHURCH BUTWAL,5,
2835,865.0,HOPE CHURCH BUTWAL,5,
2836,865.0,HOPE CHURCH BUTWAL,5,
2837,865.0,HOPE CHURCH BUTWAL,5,
2838,865.0,HOPE CHURCH BUTWAL,5,
508,868.0,Karki Aquarium Plant and Pet House,3,
2839,868.0,Karki Aquarium Plant and Pet House,5,
2840,868.0,Karki Aquarium Plant and Pet House,5,
2841,868.0,Karki Aquarium Plant and Pet House,5,
2842,868.0,Karki Aquarium Plant and Pet House,4,
2843,868.0,Karki Aquarium Plant and Pet House,5,
2844,868.0,Karki Aquarium Plant and Pet House,3,
2845,868.0,Karki Aquarium Plant and Pet House,1,
2846,869.0,Nahakul Arts Studio & gallery,5,
471,,माया देवी मन्दिर,5,
472,,माया देवी मन्दिर,5,
178,,माया देवी मन्दिर,5,
473,,माया देवी मन्दिर,5,
10,,माया देवी मन्दिर,5,
474,,माया देवी मन्दिर,5,
335,,माया देवी मन्दिर,5,
475,,माया देवी मन्दिर,5,
2847,875.0,"Aijalon AG Church Darimjyula, Salyan",5,
2848,875.0,"Aijalon AG Church Darimjyula, Salyan",5,
2849,875.0,"Aijalon AG Church Darimjyula, Salyan",1,
2850,875.0,"Aijalon AG Church Darimjyula, Salyan",5,
2851,875.0,"Aijalon AG Church Darimjyula, Salyan",5,
607,,सिन्धुलीगढी मेमोरियल पार्क,5,
608,,सिन्धुलीगढी मेमोरियल पार्क,5,
23,,सिन्धुलीगढी मेमोरियल पार्क,5,
310,,सिन्धुलीगढी मेमोरियल पार्क,4,
609,,सिन्धुलीगढी मेमोरियल पार्क,5,
610,,सिन्धुलीगढी मेमोरियल पार्क,4,
611,,सिन्धुलीगढी मेमोरियल पार्क,5,
612,,सिन्धुलीगढी मेमोरियल पार्क,3,
2852,884.0,"Nepali Evangelical Church (NEC), Sindhuli,Pipal Danda, Nepal",1,
2853,884.0,"Nepali Evangelical Church (NEC), Sindhuli,Pipal Danda, Nepal",5,
1629,884.0,"Nepali Evangelical Church (NEC), Sindhuli,Pipal Danda, Nepal",5,
2386,884.0,"Nepali Evangelical Church (NEC), Sindhuli,Pipal Danda, Nepal",5,
2854,884.0,"Nepali Evangelical Church (NEC), Sindhuli,Pipal Danda, Nepal",5,
2855,884.0,"Nepali Evangelical Church (NEC), Sindhuli,Pipal Danda, Nepal",5,
2856,884.0,"Nepali Evangelical Church (NEC), Sindhuli,Pipal Danda, Nepal",5,
581,,सिन्धुली गढी दरबार क्षेत्र,5,
582,,सिन्धुली गढी दरबार क्षेत्र,5,
583,,सिन्धुली गढी दरबार क्षेत्र,5,
584,,सिन्धुली गढी दरबार क्षेत्र,5,
585,,सिन्धुली गढी दरबार क्षेत्र,3,
586,,सिन्धुली गढी दरबार क्षेत्र,5,
587,,सिन्धुली गढी दरबार क्षेत्र,5,
588,,सिन्धुली गढी दरबार क्षेत्र,5,
2857,886.0,Sindhuli Jame Masjid Sindhuli,5,
2858,886.0,Sindhuli Jame Masjid Sindhuli,5,
1375,,सिन्धुली गढी युद्ध संग्रहालय,5,
1376,,सिन्धुली गढी युद्ध संग्रहालय,5,
587,,सिन्धुली गढी युद्ध संग्रहालय,5,
567,,सिन्धुली गढी युद्ध संग्रहालय,4,
1377,,सिन्धुली गढी युद्ध संग्रहालय,5,
1378,,सिन्धुली गढी युद्ध संग्रहालय,5,
136,,सिन्धुली गढी युद्ध संग्रहालय,4,
812,,सिन्धुली गढी युद्ध संग्रहालय,4,
1994,,Seti Devi Mirror Temple मुलकोट रिट्ठेभीर,5,
2859,,Seti Devi Mirror Temple मुलकोट रिट्ठेभीर,4,
2505,,Seti Devi Mirror Temple मुलकोट रिट्ठेभीर,5,
812,,Seti Devi Mirror Temple मुलकोट रिट्ठेभीर,4,
2860,,Seti Devi Mirror Temple मुलकोट रिट्ठेभीर,5,
2861,,Seti Devi Mirror Temple मुलकोट रिट्ठेभीर,5,
197,,Seti Devi Mirror Temple मुलकोट रिट्ठेभीर,5,
2862,,Seti Devi Mirror Temple मुलकोट रिट्ठेभीर,5,
357,,चौतारा बुद्ध पार्क,5,
2110,,चौतारा बुद्ध पार्क,3,
2863,,चौतारा बुद्ध पार्क,4,
67,,चौतारा बुद्ध पार्क,5,
2864,,चौतारा बुद्ध पार्क,5,
2865,,चौतारा बुद्ध पार्क,5,
2866,,चौतारा बुद्ध पार्क,5,
2867,,चौतारा बुद्ध पार्क,5,
2868,,Shree Uhgrachandi Bhagabati,4,
2869,895.0,Jay Bageshwori (Palchoki Mai) Temple,4,
1851,895.0,Jay Bageshwori (Palchoki Mai) Temple,5,
2870,895.0,Jay Bageshwori (Palchoki Mai) Temple,5,
2871,895.0,Jay Bageshwori (Palchoki Mai) Temple,5,
2872,895.0,Jay Bageshwori (Palchoki Mai) Temple,4,
2873,895.0,Jay Bageshwori (Palchoki Mai) Temple,5,
2874,895.0,Jay Bageshwori (Palchoki Mai) Temple,4,
2875,895.0,Jay Bageshwori (Palchoki Mai) Temple,4,
2876,,पिकनिक मैदान जहरसिङपौवा,5,
2877,,पिकनिक मैदान जहरसिङपौवा,5,
2878,,पिकनिक मैदान जहरसिङपौवा,5,
2879,,पिकनिक मैदान जहरसिङपौवा,3,
2880,,पिकनिक मैदान जहरसिङपौवा,5,
2881,,पिकनिक मैदान जहरसिङपौवा,5,
2882,,पिकनिक मैदान जहरसिङपौवा,4,
2883,,पिकनिक मैदान जहरसिङपौवा,4,
2884,,नगरकोट पानोरमिक हाइकिङ ट्रेल,5,
2885,,नगरकोट पानोरमिक हाइकिङ ट्रेल,5,
125,,नगरकोट पानोरमिक हाइकिङ ट्रेल,5,
2886,,नगरकोट पानोरमिक हाइकिङ ट्रेल,2,
2887,,नगरकोट पानोरमिक हाइकिङ ट्रेल,4,
2888,,नगरकोट पानोरमिक हाइकिङ ट्रेल,5,
2889,,नगरकोट पानोरमिक हाइकिङ ट्रेल,5,
13,,नगरकोट पानोरमिक हाइकिङ ट्रेल,1,
2890,901.0,Batika Fun Park,4,
2891,901.0,Batika Fun Park,5,
2892,901.0,Batika Fun Park,4,
2893,901.0,Batika Fun Park,5,
2894,901.0,Batika Fun Park,2,
2895,901.0,Batika Fun Park,4,
2896,901.0,Batika Fun Park,3,
2897,901.0,Batika Fun Park,3,
2898,905.0,Crown Aquatics Nepal,5,
2229,905.0,Crown Aquatics Nepal,4,
2899,905.0,Crown Aquatics Nepal,1,
2900,905.0,Crown Aquatics Nepal,5,
2901,905.0,Crown Aquatics Nepal,5,
2902,905.0,Crown Aquatics Nepal,5,
2903,905.0,Crown Aquatics Nepal,5,
2904,905.0,Crown Aquatics Nepal,5,
325,,Shree Sarshwarnath Temple and Hindu Society,5,
2905,,Shree Sarshwarnath Temple and Hindu Society,5,
2906,,Shree Sarshwarnath Temple and Hindu Society,5,
2907,,Shree Sarshwarnath Temple and Hindu Society,5,
2908,,Shree Sarshwarnath Temple and Hindu Society,5,
2909,,Shree Sarshwarnath Temple and Hindu Society,5,
2910,,Shree Sarshwarnath Temple and Hindu Society,5,
2911,,Shree Sarshwarnath Temple and Hindu Society,5,
2912,,St. John Bosco Catholic Church (सेन्ट जोन बोस्को क्याथोलिक चर्च),4,
2913,,St. John Bosco Catholic Church (सेन्ट जोन बोस्को क्याथोलिक चर्च),5,
2914,,St. John Bosco Catholic Church (सेन्ट जोन बोस्को क्याथोलिक चर्च),5,
2915,,St. John Bosco Catholic Church (सेन्ट जोन बोस्को क्याथोलिक चर्च),5,
2916,,St. John Bosco Catholic Church (सेन्ट जोन बोस्को क्याथोलिक चर्च),5,
2917,910.0,Tarahara Bazar,5,
2918,910.0,Tarahara Bazar,5,
2919,910.0,Tarahara Bazar,4,
2920,910.0,Tarahara Bazar,5,
486,910.0,Tarahara Bazar,5,
2921,910.0,Tarahara Bazar,5,
2922,910.0,Tarahara Bazar,5,
2923,910.0,Tarahara Bazar,4,
2924,,कल्पना एक्वारियम तथा पेट शप,5,
2925,,कल्पना एक्वारियम तथा पेट शप,5,
2926,,कल्पना एक्वारियम तथा पेट शप,4,
2927,,कल्पना एक्वारियम तथा पेट शप,4,
2928,,कल्पना एक्वारियम तथा पेट शप,5,
2929,,कल्पना एक्वारियम तथा पेट शप,5,
2930,,कल्पना एक्वारियम तथा पेट शप,1,
2931,,कल्पना एक्वारियम तथा पेट शप,1,
2932,,बराहक्षेत्र मन्दिर,5,
2933,,बराहक्षेत्र मन्दिर,5,
2934,,बराहक्षेत्र मन्दिर,5,
2935,,बराहक्षेत्र मन्दिर,4,
2936,,बराहक्षेत्र मन्दिर,5,
2937,,बराहक्षेत्र मन्दिर,4,
2892,,बराहक्षेत्र मन्दिर,5,
2938,,बराहक्षेत्र मन्दिर,5,
2939,916.0,Phushre Statue,5,
2940,916.0,Phushre Statue,4,
2941,916.0,Phushre Statue,5,
2942,916.0,Phushre Statue,5,
2943,,पिण्डेश्वर शिव मन्दिर,5,
2944,,पिण्डेश्वर शिव मन्दिर,5,
2945,,पिण्डेश्वर शिव मन्दिर,5,
2946,,पिण्डेश्वर शिव मन्दिर,5,
2947,,पिण्डेश्वर शिव मन्दिर,5,
2948,,पिण्डेश्वर शिव मन्दिर,4,
2949,,पिण्डेश्वर शिव मन्दिर,5,
2950,,पिण्डेश्वर शिव मन्दिर,4,
134,,काँक्रेविहार,4,
135,,काँक्रेविहार,5,
136,,काँक्रेविहार,5,
137,,काँक्रेविहार,5,
138,,काँक्रेविहार,4,
140,,काँक्रेविहार,5,
139,,काँक्रेविहार,5,
141,,काँक्रेविहार,4,
15,,"बि. पि. कोइराला मेमोरियल प्लानेटरियम, अब्जरभेटरी र विज्ञान संग्रालय",3,
2951,,"बि. पि. कोइराला मेमोरियल प्लानेटरियम, अब्जरभेटरी र विज्ञान संग्रालय",3,
2952,,"बि. पि. कोइराला मेमोरियल प्लानेटरियम, अब्जरभेटरी र विज्ञान संग्रालय",5,
2953,,"बि. पि. कोइराला मेमोरियल प्लानेटरियम, अब्जरभेटरी र विज्ञान संग्रालय",3,
329,,"बि. पि. कोइराला मेमोरियल प्लानेटरियम, अब्जरभेटरी र विज्ञान संग्रालय",5,
2954,,"बि. पि. कोइराला मेमोरियल प्लानेटरियम, अब्जरभेटरी र विज्ञान संग्रालय",4,
2955,,"बि. पि. कोइराला मेमोरियल प्लानेटरियम, अब्जरभेटरी र विज्ञान संग्रालय",4,
2956,,"बि. पि. कोइराला मेमोरियल प्लानेटरियम, अब्जरभेटरी र विज्ञान संग्रालय",4,
2957,925.0,Tiger Lily Petting farm,5,
2958,925.0,Tiger Lily Petting farm,4,
2959,925.0,Tiger Lily Petting farm,5,
2960,925.0,Tiger Lily Petting farm,1,
2961,925.0,Tiger Lily Petting farm,5,
1290,925.0,Tiger Lily Petting farm,5,
2962,925.0,Tiger Lily Petting farm,4,
2963,925.0,Tiger Lily Petting farm,4,
2964,,सूर्योदय साहसिक ट्रेक र अभियान पी लिमिटेड,5,
2965,,सूर्योदय साहसिक ट्रेक र अभियान पी लिमिटेड,5,
2966,,सूर्योदय साहसिक ट्रेक र अभियान पी लिमिटेड,5,
2967,,सूर्योदय साहसिक ट्रेक र अभियान पी लिमिटेड,5,
2968,,सूर्योदय साहसिक ट्रेक र अभियान पी लिमिटेड,5,
2969,,सूर्योदय साहसिक ट्रेक र अभियान पी लिमिटेड,5,
2970,,सूर्योदय साहसिक ट्रेक र अभियान पी लिमिटेड,5,
2971,,सूर्योदय साहसिक ट्रेक र अभियान पी लिमिटेड,5,
217,,भस्मासुर डाँडा,5,
584,,भस्मासुर डाँडा,5,
2972,,भस्मासुर डाँडा,5,
2973,,भस्मासुर डाँडा,5,
2974,,भस्मासुर डाँडा,4,
2975,,भस्मासुर डाँडा,5,
2044,,भस्मासुर डाँडा,5,
2976,,भस्मासुर डाँडा,5,
2977,930.0,Bhalu pahad Park,4,
1213,930.0,Bhalu pahad Park,5,
2978,930.0,Bhalu pahad Park,5,
2979,930.0,Bhalu pahad Park,2,
2061,930.0,Bhalu pahad Park,5,
323,930.0,Bhalu pahad Park,5,
2980,930.0,Bhalu pahad Park,5,
2981,930.0,Bhalu pahad Park,4,
2982,932.0,St.Mary's Believers Eastern Church Galyang Bazar Syangja,3,
2983,932.0,St.Mary's Believers Eastern Church Galyang Bazar Syangja,5,
2984,932.0,St.Mary's Believers Eastern Church Galyang Bazar Syangja,1,
2985,932.0,St.Mary's Believers Eastern Church Galyang Bazar Syangja,5,
2986,932.0,St.Mary's Believers Eastern Church Galyang Bazar Syangja,4,
2982,932.0,St.Mary's Believers Eastern Church Galyang Bazar Syangja,1,
2987,932.0,St.Mary's Believers Eastern Church Galyang Bazar Syangja,5,
2988,932.0,St.Mary's Believers Eastern Church Galyang Bazar Syangja,5,
2989,934.0,Sataun Chandi Kalika,5,
2990,934.0,Sataun Chandi Kalika,4,
2991,934.0,Sataun Chandi Kalika,5,
2992,934.0,Sataun Chandi Kalika,5,
1034,934.0,Sataun Chandi Kalika,5,
2993,934.0,Sataun Chandi Kalika,5,
2994,934.0,Sataun Chandi Kalika,5,
2995,934.0,Sataun Chandi Kalika,5,
2996,935.0,Thaple Viewpoint,5,
2997,935.0,Thaple Viewpoint,4,
2550,935.0,Thaple Viewpoint,5,
1034,935.0,Thaple Viewpoint,5,
2998,935.0,Thaple Viewpoint,5,
2999,935.0,Thaple Viewpoint,4,
66,935.0,Thaple Viewpoint,5,
3000,935.0,Thaple Viewpoint,4,
3001,,"बि.पी. चोक, स्याङ्जा बजार (B.P. Chowk, Syangja Bazar)",5,
3002,,"बि.पी. चोक, स्याङ्जा बजार (B.P. Chowk, Syangja Bazar)",1,
3003,,"बि.पी. चोक, स्याङ्जा बजार (B.P. Chowk, Syangja Bazar)",5,
3004,,"बि.पी. चोक, स्याङ्जा बजार (B.P. Chowk, Syangja Bazar)",5,
3005,,कुविण्डे खेत,3,
329,,कुविण्डे खेत,5,
3006,,कुविण्डे खेत,3,
3007,,कुविण्डे खेत,5,
3008,,कुविण्डे खेत,3,
3009,,कुविण्डे खेत,5,
3010,,कुविण्डे खेत,5,
3011,,कुविण्डे खेत,4,
3012,,"Nepali Evangelical Church (NEC) Dumre, Bandipur, Tanahun, Nepal नेपाली सुसमाचारीय मण्डली, दुम्रे, बन्दीपुर, तनहु, नेपाल",5,
2385,,"Nepali Evangelical Church (NEC) Dumre, Bandipur, Tanahun, Nepal नेपाली सुसमाचारीय मण्डली, दुम्रे, बन्दीपुर, तनहु, नेपाल",5,
1629,,"Nepali Evangelical Church (NEC) Dumre, Bandipur, Tanahun, Nepal नेपाली सुसमाचारीय मण्डली, दुम्रे, बन्दीपुर, तनहु, नेपाल",5,
2856,,"Nepali Evangelical Church (NEC) Dumre, Bandipur, Tanahun, Nepal नेपाली सुसमाचारीय मण्डली, दुम्रे, बन्दीपुर, तनहु, नेपाल",5,
98,,Bhanubhakta Zoological Garden भानुभक्त प्राणी उद्यान,5,
3013,,Bhanubhakta Zoological Garden भानुभक्त प्राणी उद्यान,5,
3014,,Bhanubhakta Zoological Garden भानुभक्त प्राणी उद्यान,5,
3015,,Bhanubhakta Zoological Garden भानुभक्त प्राणी उद्यान,5,
3016,,Chhabdi Barahi Temple (छाब्दी बाराही मन्दिर),5,
3017,,Chhabdi Barahi Temple (छाब्दी बाराही मन्दिर),5,
3018,,Chhabdi Barahi Temple (छाब्दी बाराही मन्दिर),5,
3019,,Chhabdi Barahi Temple (छाब्दी बाराही मन्दिर),5,
3020,,Chhabdi Barahi Temple (छाब्दी बाराही मन्दिर),4,
3021,,Chhabdi Barahi Temple (छाब्दी बाराही मन्दिर),5,
3022,,Chhabdi Barahi Temple (छाब्दी बाराही मन्दिर),5,
3023,,Chhabdi Barahi Temple (छाब्दी बाराही मन्दिर),5,
609,944.0,Tanahunsur Durbar,4,
3024,944.0,Tanahunsur Durbar,4,
3025,944.0,Tanahunsur Durbar,5,
3026,944.0,Tanahunsur Durbar,5,
3027,944.0,Tanahunsur Durbar,5,
3028,944.0,Tanahunsur Durbar,5,
3029,944.0,Tanahunsur Durbar,5,
3030,944.0,Tanahunsur Durbar,5,
643,946.0,Udaya Garden,5,
3031,946.0,Udaya Garden,4,
3032,946.0,Udaya Garden,5,
3033,946.0,Udaya Garden,4,
3034,946.0,Udaya Garden,5,
67,946.0,Udaya Garden,5,
3035,946.0,Udaya Garden,4,
3036,946.0,Udaya Garden,5,
3037,947.0,"Chautarbari, Jhargaun, Tanahun",5,
3038,947.0,"Chautarbari, Jhargaun, Tanahun",5,
3039,947.0,"Chautarbari, Jhargaun, Tanahun",3,
150,950.0,Taplejung Samrakshyan Smriti Park,2,
3040,950.0,Taplejung Samrakshyan Smriti Park,5,
3041,950.0,Taplejung Samrakshyan Smriti Park,4,
3042,950.0,Taplejung Samrakshyan Smriti Park,4,
3043,950.0,Taplejung Samrakshyan Smriti Park,5,
3044,950.0,Taplejung Samrakshyan Smriti Park,1,
3045,953.0,Juwel Aquarium,4,
3046,953.0,Juwel Aquarium,5,
3047,953.0,Juwel Aquarium,3,
3048,953.0,Juwel Aquarium,4,
1744,953.0,Juwel Aquarium,2,
3049,953.0,Juwel Aquarium,4,
3050,953.0,Juwel Aquarium,2,
3051,953.0,Juwel Aquarium,5,
3052,955.0,Pomujong Yak,4,
3053,955.0,Pomujong Yak,1,
3054,955.0,Pomujong Yak,5,
3055,,Phungphunge waterfall (फुङफुङ्गे झरना ताप्लेजुङ्ग),5,
3056,,Phungphunge waterfall (फुङफुङ्गे झरना ताप्लेजुङ्ग),4,
644,,Phungphunge waterfall (फुङफुङ्गे झरना ताप्लेजुङ्ग),4,
706,,Phungphunge waterfall (फुङफुङ्गे झरना ताप्लेजुङ्ग),5,
3057,,Phungphunge waterfall (फुङफुङ्गे झरना ताप्लेजुङ्ग),5,
3042,,Phungphunge waterfall (फुङफुङ्गे झरना ताप्लेजुङ्ग),4,
3058,,Phungphunge waterfall (फुङफुङ्गे झरना ताप्लेजुङ्ग),5,
3059,,Phungphunge waterfall (फुङफुङ्गे झरना ताप्लेजुङ्ग),5,
3060,958.0,Cholung Park,5,
3061,958.0,Cholung Park,5,
164,958.0,Cholung Park,4,
3062,958.0,Cholung Park,5,
1715,958.0,Cholung Park,5,
808,958.0,Cholung Park,5,
354,958.0,Cholung Park,5,
3063,958.0,Cholung Park,5,
3064,961.0,"Aathrai-6, Chuhandada Tehrathum",4,
3065,961.0,"Aathrai-6, Chuhandada Tehrathum",5,
484,,पाथिभरा मन्दिर तेह्रथुम सङ्खुवासभा सिमाना,4,
3066,,पाथिभरा मन्दिर तेह्रथुम सङ्खुवासभा सिमाना,5,
3067,,पाथिभरा मन्दिर तेह्रथुम सङ्खुवासभा सिमाना,5,
3068,,पाथिभरा मन्दिर तेह्रथुम सङ्खुवासभा सिमाना,5,
3069,,पाथिभरा मन्दिर तेह्रथुम सङ्खुवासभा सिमाना,5,
3070,,पाथिभरा मन्दिर तेह्रथुम सङ्खुवासभा सिमाना,5,
3071,,पाथिभरा मन्दिर तेह्रथुम सङ्खुवासभा सिमाना,5,
2172,,पाथिभरा मन्दिर तेह्रथुम सङ्खुवासभा सिमाना,5,
1715,965.0,Laligurans Stamba,5,
3072,965.0,Laligurans Stamba,4,
3073,965.0,Laligurans Stamba,5,
3074,965.0,Laligurans Stamba,3,
3075,965.0,Laligurans Stamba,4,
3076,965.0,Laligurans Stamba,4,
3077,965.0,Laligurans Stamba,4,
58,965.0,Laligurans Stamba,3,
808,966.0,Tinjure dada,5,
3056,966.0,Tinjure dada,4,
3078,966.0,Tinjure dada,5,
3079,966.0,Tinjure dada,4,
3080,966.0,Tinjure dada,5,
3081,966.0,Tinjure dada,5,
3082,966.0,Tinjure dada,5,
3083,966.0,Tinjure dada,4,
3084,,Tute Deurali टुटे देऊराली,5,
3085,,Tute Deurali टुटे देऊराली,4,
3077,,Tute Deurali टुटे देऊराली,5,
3086,,Tute Deurali टुटे देऊराली,5,
3087,,Tute Deurali टुटे देऊराली,5,
3076,,Tute Deurali टुटे देऊराली,4,
3088,,Tute Deurali टुटे देऊराली,5,
3061,,Tute Deurali टुटे देऊराली,5,
3089,,"थारु संग्रहालय, उदयपुर",5,
3090,,"थारु संग्रहालय, उदयपुर",3,
3091,,"थारु संग्रहालय, उदयपुर",5,
3092,,"थारु संग्रहालय, उदयपुर",5,
3093,,"थारु संग्रहालय, उदयपुर",5,
519,,बोजिनी ड्याम तथा पिकनिक स्थल,5,
16,,बोजिनी ड्याम तथा पिकनिक स्थल,4,
520,,बोजिनी ड्याम तथा पिकनिक स्थल,5,
191,,बोजिनी ड्याम तथा पिकनिक स्थल,3,
521,,बोजिनी ड्याम तथा पिकनिक स्थल,5,
522,,बोजिनी ड्याम तथा पिकनिक स्थल,5,
17,,बोजिनी ड्याम तथा पिकनिक स्थल,5,
523,,बोजिनी ड्याम तथा पिकनिक स्थल,5,
3094,975.0,Pathlaiya Park,5,
3095,975.0,Pathlaiya Park,5,
3096,975.0,Pathlaiya Park,2,
3097,975.0,Pathlaiya Park,3,
3098,975.0,Pathlaiya Park,5,
2944,975.0,Pathlaiya Park,3,
3099,975.0,Pathlaiya Park,5,
3100,975.0,Pathlaiya Park,5,
3101,979.0,Narba Treks & Expeditions(p)Ltd.,5,
3102,979.0,Narba Treks & Expeditions(p)Ltd.,5,
3103,979.0,Narba Treks & Expeditions(p)Ltd.,5,
3104,979.0,Narba Treks & Expeditions(p)Ltd.,5,
3105,979.0,Narba Treks & Expeditions(p)Ltd.,5,
3106,979.0,Narba Treks & Expeditions(p)Ltd.,5,
3107,979.0,Narba Treks & Expeditions(p)Ltd.,5,
3108,979.0,Narba Treks & Expeditions(p)Ltd.,5,
3109,980.0,Mahendranagar Park,3,
3110,980.0,Mahendranagar Park,5,
3111,980.0,Mahendranagar Park,5,
3112,980.0,Mahendranagar Park,5,
3113,980.0,Mahendranagar Park,2,
3114,980.0,Mahendranagar Park,2,
3115,980.0,Mahendranagar Park,4,
3116,980.0,Mahendranagar Park,4,
3117,987.0,"Mountain Routes | Trekking in Nepal | Everest Trek, Annapurna Trek and Helicopter Tour in Nepal",5,
3118,987.0,"Mountain Routes | Trekking in Nepal | Everest Trek, Annapurna Trek and Helicopter Tour in Nepal",5,
3119,987.0,"Mountain Routes | Trekking in Nepal | Everest Trek, Annapurna Trek and Helicopter Tour in Nepal",5,
3120,987.0,"Mountain Routes | Trekking in Nepal | Everest Trek, Annapurna Trek and Helicopter Tour in Nepal",5,
3121,987.0,"Mountain Routes | Trekking in Nepal | Everest Trek, Annapurna Trek and Helicopter Tour in Nepal",5,
3122,987.0,"Mountain Routes | Trekking in Nepal | Everest Trek, Annapurna Trek and Helicopter Tour in Nepal",5,
3123,987.0,"Mountain Routes | Trekking in Nepal | Everest Trek, Annapurna Trek and Helicopter Tour in Nepal",5,
3124,987.0,"Mountain Routes | Trekking in Nepal | Everest Trek, Annapurna Trek and Helicopter Tour in Nepal",5,
3125,988.0,Pyarataal Picnic Spot,5,
3126,988.0,Pyarataal Picnic Spot,5,
3127,988.0,Pyarataal Picnic Spot,3,
3128,988.0,Pyarataal Picnic Spot,5,
3129,988.0,Pyarataal Picnic Spot,5,
3130,988.0,Pyarataal Picnic Spot,5,
3131,988.0,Pyarataal Picnic Spot,5,
3132,988.0,Pyarataal Picnic Spot,3,
1101,1.0,Garden of Dreams,4,"tourist_attraction, park, point_of_interest, establishment"
3133,1.0,Garden of Dreams,5,"tourist_attraction, park, point_of_interest, establishment"
3134,1.0,Garden of Dreams,4,"tourist_attraction, park, point_of_interest, establishment"
3135,1.0,Garden of Dreams,5,"tourist_attraction, park, point_of_interest, establishment"
165,1.0,Garden of Dreams,4,"tourist_attraction, park, point_of_interest, establishment"
3136,1.0,Garden of Dreams,5,"tourist_attraction, park, point_of_interest, establishment"
3137,1.0,Garden of Dreams,4,"tourist_attraction, park, point_of_interest, establishment"
3138,1.0,Garden of Dreams,5,"tourist_attraction, park, point_of_interest, establishment"
3139,2.0,Swayambhu Buddha Park - Ring Road,5,"park, tourist_attraction, point_of_interest, establishment"
3140,2.0,Swayambhu Buddha Park - Ring Road,4,"park, tourist_attraction, point_of_interest, establishment"
3141,2.0,Swayambhu Buddha Park - Ring Road,4,"park, tourist_attraction, point_of_interest, establishment"
1499,2.0,Swayambhu Buddha Park - Ring Road,4,"park, tourist_attraction, point_of_interest, establishment"
3142,2.0,Swayambhu Buddha Park - Ring Road,5,"park, tourist_attraction, point_of_interest, establishment"
3143,2.0,Swayambhu Buddha Park - Ring Road,3,"park, tourist_attraction, point_of_interest, establishment"
1296,2.0,Swayambhu Buddha Park - Ring Road,5,"park, tourist_attraction, point_of_interest, establishment"
3144,2.0,Swayambhu Buddha Park - Ring Road,5,"park, tourist_attraction, point_of_interest, establishment"
535,3.0,Narayanhiti Royal Palace,4,"museum, point_of_interest, establishment"
3145,3.0,Narayanhiti Royal Palace,5,"museum, point_of_interest, establishment"
3146,3.0,Narayanhiti Royal Palace,5,"museum, point_of_interest, establishment"
3147,3.0,Narayanhiti Royal Palace,5,"museum, point_of_interest, establishment"
473,3.0,Narayanhiti Royal Palace,5,"museum, point_of_interest, establishment"
3148,3.0,Narayanhiti Royal Palace,3,"museum, point_of_interest, establishment"
3149,3.0,Narayanhiti Royal Palace,4,"museum, point_of_interest, establishment"
3150,3.0,Narayanhiti Royal Palace,4,"museum, point_of_interest, establishment"
3151,14.0,Shey Phoksundo National Park,5,"tourist_attraction, park, point_of_interest, establishment"
409,14.0,Shey Phoksundo National Park,5,"tourist_attraction, park, point_of_interest, establishment"
3152,14.0,Shey Phoksundo National Park,5,"tourist_attraction, park, point_of_interest, establishment"
3153,14.0,Shey Phoksundo National Park,5,"tourist_attraction, park, point_of_interest, establishment"
2972,14.0,Shey Phoksundo National Park,5,"tourist_attraction, park, point_of_interest, establishment"
3154,14.0,Shey Phoksundo National Park,4,"tourist_attraction, park, point_of_interest, establishment"
3155,14.0,Shey Phoksundo National Park,5,"tourist_attraction, park, point_of_interest, establishment"
3156,14.0,Shey Phoksundo National Park,5,"tourist_attraction, park, point_of_interest, establishment"
3157,15.0,Gorkha Museum,4,"museum, tourist_attraction, point_of_interest, establishment"
3158,15.0,Gorkha Museum,5,"museum, tourist_attraction, point_of_interest, establishment"
3159,15.0,Gorkha Museum,4,"museum, tourist_attraction, point_of_interest, establishment"
1376,15.0,Gorkha Museum,4,"museum, tourist_attraction, point_of_interest, establishment"
1710,15.0,Gorkha Museum,5,"museum, tourist_attraction, point_of_interest, establishment"
3160,15.0,Gorkha Museum,5,"museum, tourist_attraction, point_of_interest, establishment"
3161,15.0,Gorkha Museum,5,"museum, tourist_attraction, point_of_interest, establishment"
3162,15.0,Gorkha Museum,5,"museum, tourist_attraction, point_of_interest, establishment"
3163,22.0,Patan Museum,5,"tourist_attraction, museum, point_of_interest, establishment"
3064,22.0,Patan Museum,5,"tourist_attraction, museum, point_of_interest, establishment"
3164,22.0,Patan Museum,5,"tourist_attraction, museum, point_of_interest, establishment"
3165,22.0,Patan Museum,5,"tourist_attraction, museum, point_of_interest, establishment"
3166,22.0,Patan Museum,5,"tourist_attraction, museum, point_of_interest, establishment"
3167,22.0,Patan Museum,5,"tourist_attraction, museum, point_of_interest, establishment"
10,22.0,Patan Museum,5,"tourist_attraction, museum, point_of_interest, establishment"
3168,22.0,Patan Museum,5,"tourist_attraction, museum, point_of_interest, establishment"
464,362.0,Taragaon Next,5,"museum, point_of_interest, establishment"
3169,362.0,Taragaon Next,4,"museum, point_of_interest, establishment"
3170,362.0,Taragaon Next,5,"museum, point_of_interest, establishment"
3171,362.0,Taragaon Next,5,"museum, point_of_interest, establishment"
155,362.0,Taragaon Next,4,"museum, point_of_interest, establishment"
3172,362.0,Taragaon Next,5,"museum, point_of_interest, establishment"
3173,362.0,Taragaon Next,5,"museum, point_of_interest, establishment"
3174,362.0,Taragaon Next,5,"museum, point_of_interest, establishment"
3175,406.0,Central Zoo,5,"zoo, point_of_interest, establishment"
26,406.0,Central Zoo,4,"zoo, point_of_interest, establishment"
3176,406.0,Central Zoo,5,"zoo, point_of_interest, establishment"
1520,406.0,Central Zoo,4,"zoo, point_of_interest, establishment"
3177,406.0,Central Zoo,5,"zoo, point_of_interest, establishment"
3178,406.0,Central Zoo,5,"zoo, point_of_interest, establishment"
410,406.0,Central Zoo,4,"zoo, point_of_interest, establishment"
3179,406.0,Central Zoo,4,"zoo, point_of_interest, establishment"
3151,,शे-फोक्सुन्डो राष्ट्रिय निकुञ्ज,5,
409,,शे-फोक्सुन्डो राष्ट्रिय निकुञ्ज,5,
3152,,शे-फोक्सुन्डो राष्ट्रिय निकुञ्ज,5,
3153,,शे-फोक्सुन्डो राष्ट्रिय निकुञ्ज,5,
2972,,शे-फोक्सुन्डो राष्ट्रिय निकुञ्ज,5,
3154,,शे-फोक्सुन्डो राष्ट्रिय निकुञ्ज,4,
3155,,शे-फोक्सुन्डो राष्ट्रिय निकुञ्ज,5,
3156,,शे-फोक्सुन्डो राष्ट्रिय निकुञ्ज,5,
3175,,सदर चिडियाखाना,5,
26,,सदर चिडियाखाना,4,
3176,,सदर चिडियाखाना,5,
1520,,सदर चिडियाखाना,4,
3177,,सदर चिडियाखाना,5,
3178,,सदर चिडियाखाना,5,
410,,सदर चिडियाखाना,4,
3179,,सदर चिडियाखाना,4,
3180,,बर्दिया राष्ट्रिय निकुञ्ज,4,
134,,बर्दिया राष्ट्रिय निकुञ्ज,3,
3181,,बर्दिया राष्ट्रिय निकुञ्ज,5,
3182,,बर्दिया राष्ट्रिय निकुञ्ज,4,
683,,बर्दिया राष्ट्रिय निकुञ्ज,4,
1499,,बर्दिया राष्ट्रिय निकुञ्ज,4,
3183,,बर्दिया राष्ट्रिय निकुञ्ज,5,
3184,,बर्दिया राष्ट्रिय निकुञ्ज,5,
532,,भक्तपुर दरबार क्षेत्र,5,
533,,भक्तपुर दरबार क्षेत्र,4,
534,,भक्तपुर दरबार क्षेत्र,5,
125,,भक्तपुर दरबार क्षेत्र,5,
535,,भक्तपुर दरबार क्षेत्र,5,
536,,भक्तपुर दरबार क्षेत्र,5,
537,,भक्तपुर दरबार क्षेत्र,5,
538,,भक्तपुर दरबार क्षेत्र,5,
3185,,चितवन राष्ट्रिय निकुञ्ज,5,
3186,,चितवन राष्ट्रिय निकुञ्ज,5,
3139,,चितवन राष्ट्रिय निकुञ्ज,5,
3187,,चितवन राष्ट्रिय निकुञ्ज,5,
3188,,चितवन राष्ट्रिय निकुञ्ज,5,
3189,,चितवन राष्ट्रिय निकुञ्ज,2,
138,,चितवन राष्ट्रिय निकुञ्ज,5,
3190,,चितवन राष्ट्रिय निकुञ्ज,3,
3191,,अन्तर्राष्ट्रिय पर्वतीय संग्रहालय,4,
3192,,अन्तर्राष्ट्रिय पर्वतीय संग्रहालय,3,
3193,,अन्तर्राष्ट्रिय पर्वतीय संग्रहालय,4,
473,,अन्तर्राष्ट्रिय पर्वतीय संग्रहालय,5,
3194,,अन्तर्राष्ट्रिय पर्वतीय संग्रहालय,5,
3195,,अन्तर्राष्ट्रिय पर्वतीय संग्रहालय,3,
3196,,अन्तर्राष्ट्रिय पर्वतीय संग्रहालय,5,
121,,अन्तर्राष्ट्रिय पर्वतीय संग्रहालय,5,
1101,,स्वप्न बगैँचा,4,
3133,,स्वप्न बगैँचा,5,
3134,,स्वप्न बगैँचा,4,
3135,,स्वप्न बगैँचा,5,
165,,स्वप्न बगैँचा,4,
3136,,स्वप्न बगैँचा,5,
3137,,स्वप्न बगैँचा,4,
3138,,स्वप्न बगैँचा,5,
464,,तारागाउँ संस्कृति सङ्ग्रहालय,5,
3169,,तारागाउँ संस्कृति सङ्ग्रहालय,4,
3170,,तारागाउँ संस्कृति सङ्ग्रहालय,5,
3171,,तारागाउँ संस्कृति सङ्ग्रहालय,5,
155,,तारागाउँ संस्कृति सङ्ग्रहालय,4,
3172,,तारागाउँ संस्कृति सङ्ग्रहालय,5,
3173,,तारागाउँ संस्कृति सङ्ग्रहालय,5,
3174,,तारागाउँ संस्कृति सङ्ग्रहालय,5,
3197,,काठमाडौं दरबार क्षेत्र,5,
165,,काठमाडौं दरबार क्षेत्र,4,
643,,काठमाडौं दरबार क्षेत्र,5,
3198,,काठमाडौं दरबार क्षेत्र,5,
3199,,काठमाडौं दरबार क्षेत्र,5,
3200,,काठमाडौं दरबार क्षेत्र,5,
3201,,काठमाडौं दरबार क्षेत्र,5,
167,,काठमाडौं दरबार क्षेत्र,5,
25,,पाटन दरबार क्षेत्र,5,
3163,,पाटन दरबार क्षेत्र,5,
138,,पाटन दरबार क्षेत्र,5,
3198,,पाटन दरबार क्षेत्र,5,
3202,,पाटन दरबार क्षेत्र,5,
3203,,पाटन दरबार क्षेत्र,5,
3204,,पाटन दरबार क्षेत्र,5,
3205,,पाटन दरबार क्षेत्र,5,
3163,,पाटन संग्रहालय,5,
3064,,पाटन संग्रहालय,5,
3164,,पाटन संग्रहालय,5,
3165,,पाटन संग्रहालय,5,
3166,,पाटन संग्रहालय,5,
3167,,पाटन संग्रहालय,5,
10,,पाटन संग्रहालय,5,
3168,,पाटन संग्रहालय,5,
3206,,अन्नपुर्ण संरक्षण क्षेत्र,5,
3207,,अन्नपुर्ण संरक्षण क्षेत्र,5,
3208,,अन्नपुर्ण संरक्षण क्षेत्र,5,
2972,,अन्नपुर्ण संरक्षण क्षेत्र,5,
3209,,अन्नपुर्ण संरक्षण क्षेत्र,5,
3210,,अन्नपुर्ण संरक्षण क्षेत्र,5,
3211,,अन्नपुर्ण संरक्षण क्षेत्र,4,
3212,,अन्नपुर्ण संरक्षण क्षेत्र,4,
3213,,श्री मुक्तिनाथ मन्दिर,5,
3214,,श्री मुक्तिनाथ मन्दिर,5,
3202,,श्री मुक्तिनाथ मन्दिर,5,
3215,,श्री मुक्तिनाथ मन्दिर,5,
1788,,श्री मुक्तिनाथ मन्दिर,5,
3216,,श्री मुक्तिनाथ मन्दिर,2,
12,,श्री मुक्तिनाथ मन्दिर,4,
3217,,श्री मुक्तिनाथ मन्दिर,5,
3218,754.0,Hotel Mountain Lake,0,
3219,754.0,Hotel Mountain Lake,0,
3220,754.0,Hotel Mountain Lake,0,
2996,754.0,Hotel Mountain Lake,0,
3221,754.0,Hotel Mountain Lake,0,
10,754.0,Hotel Mountain Lake,0,
3222,754.0,Hotel Mountain Lake,0,
3223,754.0,Hotel Mountain Lake,0,
3224,,लाङ्गटाङ्ग राष्ट्रिय निकुञ्ज,3,
3225,,लाङ्गटाङ्ग राष्ट्रिय निकुञ्ज,5,
3226,,लाङ्गटाङ्ग राष्ट्रिय निकुञ्ज,5,
3227,,लाङ्गटाङ्ग राष्ट्रिय निकुञ्ज,5,
3228,,लाङ्गटाङ्ग राष्ट्रिय निकुञ्ज,5,
3229,,लाङ्गटाङ्ग राष्ट्रिय निकुञ्ज,5,
3230,,लाङ्गटाङ्ग राष्ट्रिय निकुञ्ज,5,
3231,,लाङ्गटाङ्ग राष्ट्रिय निकुञ्ज,5,
219,,कैलाशनाथ महादेव मूर्ति,5,
95,,कैलाशनाथ महादेव मूर्ति,4,
3232,,कैलाशनाथ महादेव मूर्ति,4,
3233,,कैलाशनाथ महादेव मूर्ति,5,
3234,,कैलाशनाथ महादेव मूर्ति,3,
3235,,कैलाशनाथ महादेव मूर्ति,5,
3236,,कैलाशनाथ महादेव मूर्ति,5,
3237,,कैलाशनाथ महादेव मूर्ति,4,
3238,,कोशी टप्पु वन्यजन्तु आरक्ष,4,
3239,,कोशी टप्पु वन्यजन्तु आरक्ष,5,
3240,,कोशी टप्पु वन्यजन्तु आरक्ष,4,
560,,कोशी टप्पु वन्यजन्तु आरक्ष,5,
3241,,कोशी टप्पु वन्यजन्तु आरक्ष,5,
3242,,कोशी टप्पु वन्यजन्तु आरक्ष,2,
3243,,कोशी टप्पु वन्यजन्तु आरक्ष,5,
3244,,कोशी टप्पु वन्यजन्तु आरक्ष,5,
3245,,ताप्लेजुङ गेष्ट हाउस एण्ड होटल पाथिभरा,0,
3246,,ताप्लेजुङ गेष्ट हाउस एण्ड होटल पाथिभरा,0,
3247,,ताप्लेजुङ गेष्ट हाउस एण्ड होटल पाथिभरा,0,
1157,,ताप्लेजुङ गेष्ट हाउस एण्ड होटल पाथिभरा,0,
3248,,ताप्लेजुङ गेष्ट हाउस एण्ड होटल पाथिभरा,0,
3249,,ताप्लेजुङ गेष्ट हाउस एण्ड होटल पाथिभरा,0,
3250,,ताप्लेजुङ गेष्ट हाउस एण्ड होटल पाथिभरा,0,
3251,,ताप्लेजुङ गेष्ट हाउस एण्ड होटल पाथिभरा,0,
