id,name,address,latitude,longitude,rating,second_word,types
1,Garden of Dreams,"P877+MR2, Tridevi Sadak, Kathmandu 44600, Nepal",27.7141261,85.3145041,4.2,Tridevi Sadak,"tourist_attraction, park, point_of_interest, establishment"
2,Swayambhu Buddha Park - Ring Road,"Kathmandu 44600, Nepal",27.716145,85.2838866,4.5,Nepal,"park, tourist_attraction, point_of_interest, establishment"
3,Narayanhiti Royal Palace,"Narayanhiti Path, Kathmandu 44600, Nepal",27.7148218,85.3180841,4.4,Kathmandu,"museum, point_of_interest, establishment"
4,Kathmandu Guide,"Paknajol Marg, Kathmandu 44600, Nepal",27.7172237,85.3090963,4,Kathmandu,"tourist_attraction, museum, hindu_temple, travel_agency, place_of_worship, point_of_interest, establishment"
5,Ratna Park,"रत्न पार्क पथ, Kathmandu 44600, Nepal",27.7060531,85.3148081,3.9,Kathmandu,"park, tourist_attraction, point_of_interest, establishment"
6,Chittikot paid-bajura,"9845+9V3, Bajura 10600, Nepal",29.3558565,81.3096089,3.8,Bajura,"museum, point_of_interest, establishment"
7,Nag Pokhari,"MCFM+M8H, Bhaktapur 44800, Nepal",27.6741945,85.4333464,4.1,Bhaktapur,"park, point_of_interest, establishment"
8,National Art Museum,"MCCH+W55, Durbar square Durbar Square, Bhaktapur 44800, Nepal",27.6721934,85.4281506,4.2,Durbar square Durbar Square,"tourist_attraction, museum, point_of_interest, establishment"
9,मयुर झ्याल,"MCFP+87C, Bhaktapur 44800, Nepal",27.6733036,85.4356439,4.7,Bhaktapur,"museum, point_of_interest, establishment"
10,Bhaktapur Art Gallery,"MCCH+W55, Bhaktapur 44800, Nepal",27.6722594,85.4279759,4.6,Bhaktapur,"art_gallery, museum, point_of_interest, establishment"
11,Wood Carving Museum,"MCFP+85P, Mako Galli, Bhaktapur 44800, Nepal",27.6733339,85.4353738,4.2,Mako Galli,"museum, point_of_interest, establishment"
12,Kamal pokhari,"MCGQ+RHM, Kamal Pokhari Path, Bhaktapur 44800, Nepal",27.6768477,85.4384818,4.3,Kamal Pokhari Path,"park, point_of_interest, establishment"
13,Elephant Breeding Center,"Baadreni Road Royal Chitwan NP., Bharatpur 44204, Nepal",27.5819444,84.4630556,4.1,Bharatpur,"tourist_attraction, park, food, point_of_interest, establishment"
14,Shey Phoksundo National Park,"Suligad, Dolpa Suligad, 21400, Nepal",29.4532191,82.8013965,4.3,Dolpa Suligad,"tourist_attraction, park, point_of_interest, establishment"
15,Gorkha Museum,"Rani Pokhari Maarga, Gorkha 34000, Nepal",27.9987262,84.6244287,4.4,Gorkha,"museum, tourist_attraction, point_of_interest, establishment"
16,Gorkha Palace,"2J3H+QGF, Gorkha Bazar 34000, Nepal",28.0044263,84.6288075,4.5,Gorkha,"museum, point_of_interest, establishment"
17,Bhaludhunga Religious Tourism Ecological Park,"WWG6+6P7, Ilam 57300, Nepal",26.9255355,87.9117984,4.2,Ilam,"park, point_of_interest, establishment"
18,National Museum of Nepal,"Museum Marg, Kathmandu 44600, Nepal",27.7057922,85.2895261,4.3,Kathmandu,"tourist_attraction, museum, point_of_interest, establishment"
19,Bhandarkhal Jungle,"P85R+VR4, Pashupati Nath Road, Kathmandu 44621, Nepal",27.7096468,85.3420728,4.2,Pashupati Nath Road,"park, tourist_attraction, point_of_interest, establishment"
20,Bhrikuti Mandap Park,"P829+GF6, Pradarshani Marg, Kathmandu 44600, Nepal",27.701292,85.3186434,3.9,Pradarshani Marg,"park, tourist_attraction, point_of_interest, establishment"
21,Kathmandu Fun Park,"Pradarshani Marg, Kathmandu 44600, Nepal",27.701377,85.3203981,4,Kathmandu,"amusement_park, tourist_attraction, park, point_of_interest, establishment"
22,Patan Museum,"M8FG + 944, Seat - Saig: Lan, Lalitpur 44700, NEPAL",27.6733773,85.3253361,4.6,Seho 6 - Saig: Lan,"tourist_attraction, museum, point_of_interest, establishment"
23,Aqua Freak Nepal,"Bagamati Tripureswor Bridge, Lalitpur 44600, Nepal",27.6904776,85.3094065,4.2,Lalitpur,"aquarium, tourist_attraction, point_of_interest, establishment"
24,Parsa National Park,"Parsa Wildlife Reserve, 44202, Nepal",27.4760099,84.7942091,4.2,44202,"park, point_of_interest, establishment"
25,Mallarani pyuthan,"3VPR+6R9, Pyuthan 22300, Nepal",28.0855417,82.8921088,4.3,Pyuthan,"park, point_of_interest, establishment"
26,"Puspalal Birth Place, Ramechhap","83J9+6H4, Ramechhap 45400, Nepal",27.3305111,86.068947,4,Ramechhap,"park, point_of_interest, establishment"
27,Sindhuli Gadhi Small Fort,"7XJ3+3WP, Dhulikhel Sindhuli Bhittamod Rajmarg, Bhadrakali 45900, Nepal",27.2802152,85.9548275,4.4,Dhulikhel Sindhuli Bhittamod Rajmarg,"tourist_attraction, museum, point_of_interest, establishment"
28,Hem Narayan Park,"M666+FV6, Siraha 56500, Nepal",26.6611672,86.2121261,4.2,Siraha,"park, point_of_interest, establishment"
29,Kalika Bhagwati Community Forest,"7J47+892, Bhagawati Path, Baglung 33300, Nepal",28.2557602,83.6133779,4,Bhagawati Path,"park, point_of_interest, establishment"
30,Taksar Bazar टक्सार बजार,"Bhojpur Sadak, Bhojpur 57000, Nepal",27.1573375,87.0509521,4.2,Bhojpur,"museum, point_of_interest, establishment"
31,Sindhuligadi Memorial Park,"7XJ4+2GQ, Dhulikhel Sindhuli Bhittamod Rajmarg, Jalkanya 45900, Nepal",27.2800772,85.9563604,4.4,Dhulikhel Sindhuli Bhittamod Rajmarg,"park, point_of_interest, establishment"
32,Birendra Aishwarya Park,"7J72+XF7, Baglung 33300, Nepal",28.2649155,83.60118,4.8,Baglung,"park, point_of_interest, establishment"
33,"Baglung Municipality-2, Purano Bus park, Yashora Park","7J72+WJF, Baglung 33300, Nepal",28.2648102,83.601561,2,Baglung,"park, point_of_interest, establishment"
34,Rudra lake Baglung Nepal,"7HGJ+XJH, Baglung 33300, Nepal",28.2774326,83.581615,5,Baglung,"park, point_of_interest, establishment"
35,10000 liters of water tank,"7HWP+MH5, फेदी, Baglung, Nepal",28.2966493,83.586496,5,फेदी,"park, point_of_interest, establishment"
36,Rudraman Gurung Memorial Park(रुद्रमान गुरुङ स्मृतिपार्क,"Baglung-10, Bhakunde, Nepal",28.2774326,83.581615,5,Bhakunde,"park, point_of_interest, establishment"
37,Farmers Father DevDhawal Park,"7J47+R2, Baglung 33300, Nepal",28.2570579,83.6125858,5,Baglung,"park, point_of_interest, establishment"
38,सल्लेनी पाखा सामुदायिक बन,"8H2H+8R5, Unnamed Road, Baglung 33300, Nepal",28.3007654,83.5796088,5,Unnamed Road,"park, point_of_interest, establishment"
39,Bhimpokhara,"7GQH+XXX, Baglung 33300, Nepal",28.29,83.53,4.7,Baglung,"park, point_of_interest, establishment"
40,Sansaarkot vault,"7HW2+48H titaure sansar kot, Baglung 33300, Nepal",28.2953026,83.5508645,4.7,Baglung,"park, point_of_interest, establishment"
41,Muggling hill,"7HHH+9R8, Baglung 33300, Nepal",28.2784187,83.5795731,5,Baglung,"park, point_of_interest, establishment"
42,UK KRISHI TATHA PASHUPANCHI FARM,"7JH2+GRX, Baglung 33300, Nepal",28.2788634,83.6021242,5,Baglung,"park, point_of_interest, establishment"
43,Sahid Smriti Park DHAULAGIRI BAGLUNG,"7J64+GFF, Baglung 33300, Nepal",28.2613157,83.6061683,0,Baglung,"park, point_of_interest, establishment"
44,B.P. Smriti Park,"Yog Nath Kandel's Home, Baglung 33300, Nepal",28.2666073,83.6060378,0,Baglung,"park, point_of_interest, establishment"
45,Kripa,"7H8X+2J2, Baglung 33300, Nepal",28.2648024,83.5985629,0,Baglung,"park, point_of_interest, establishment"
46,Hariyali park,"7J92+PWV, Baglung 33300, Nepal",28.269357,83.6022898,0,Baglung,"park, point_of_interest, establishment"
47,Birendra Aishworya Park,"7JG2+535, Baglung 33300, Nepal",28.2753953,83.6002499,0,Baglung,"park, point_of_interest, establishment"
48,Ismriti prak,"7J84+GC7, Baglung 33300, Nepal",28.2662807,83.6060455,0,Baglung,"park, point_of_interest, establishment"
49,"Mannaya, Dhimi","7H95+6GQ, Baglung 33300, Nepal",28.2680787,83.5588605,0,Baglung,"park, point_of_interest, establishment"
50,Aashish thapa,"7HGJ+XJH, Baglung 33300, Nepal",28.2774326,83.581615,0,Baglung,"park, point_of_interest, establishment"
51,Sansaarkot संसारकोट,"बा न पा ७, तितौरे, Baglung, Nepal",28.2774326,83.581615,0,तितौरे,"park, point_of_interest, establishment"
52,Maire khola jharana (Waterfall),"972C+HWR, Bajura 10600, Nepal",29.3514949,81.2722595,5,Bajura,"park, point_of_interest, establishment"
53,Banke National Park,"Banke National Park, 21900, Nepal",28.1758206,81.8879884,,21900,"premise, park, point_of_interest, establishment"
54,Sahid Smriti Udyan,"MCFF+CXP, Unnamed Road, Bhaktapur 44800, Nepal",27.6735852,85.4249554,4.2,Unnamed Road,"park, point_of_interest, establishment"
55,Inacho ईनाचो,"MCCM+XJV, Bhaktapur 44800, Nepal",27.6724809,85.4340592,4.2,Bhaktapur,"park, point_of_interest, establishment"
56,गणेश चौतारी Ganesh Choutari,"MCF4+F48, Unnamed Road, Bhaktapur 44800, Nepal",27.6736737,85.4054584,4.7,Unnamed Road,"park, point_of_interest, establishment"
57,Bhoula pukhu,"MCFJ+WMG Bholachhen Pond, Bhaktapur 44800, Nepal",27.6748115,85.4317032,5,Bhaktapur,"park, point_of_interest, establishment"
58,"Kamal Binayak, Bhaktapur","MCGQ+P3X Pokhari, Kamalbinayak, Bhaktapur 44800, Nepal",27.6768477,85.4384818,4.8,Kamalbinayak,"park, point_of_interest, establishment"
59,Jhaukhel pipal boat झाैखेल पिपल बाेट,"MCPJ+Q2W, Bhaktapur 44800, Nepal",27.6869946,85.4301197,4.7,Bhaktapur,"park, point_of_interest, establishment"
60,Jagat Sundar Statue,"MCCG+XRG, Bhaktapur 44800, Nepal",27.6724393,85.4270837,5,Bhaktapur,"park, point_of_interest, establishment"
61,Dugure Ground,"MCFR+X48, Bhaktapur 44800, Nepal",27.6749088,85.4403228,0,Bhaktapur,"park, point_of_interest, establishment"
62,Single Bar,"MCGJ+MHM, Bhaktapur 44800, Nepal",27.6767052,85.4314316,0,Bhaktapur,"park, point_of_interest, establishment"
63,Temple park,"MCF4+RVW, Bhaktapur 44800, Nepal",27.6745439,85.4074859,0,Bhaktapur,"park, point_of_interest, establishment"
64,Pipalbot,"MCC8+JP7, Nagarkot Road, Bhaktapur 44800, Nepal",27.6715355,85.4167828,0,Nagarkot Road,"park, point_of_interest, establishment"
65,Shahid udyan,"MCCH+CW4 Smriti Nagar, Bhaktapur 44800, Nepal",27.6710221,85.4298197,0,Bhaktapur,"park, point_of_interest, establishment"
66,Changu Narayan,"MCFG+WX2, Bhaktapur 44800, Nepal",27.674766,85.4273979,5,Bhaktapur,"park, point_of_interest, establishment"
67,फुलबारी,"MCCV+4MP, Bhaktapur 44800, Nepal",27.6703326,85.4441932,0,Bhaktapur,"park, point_of_interest, establishment"
68,Gamcha Pipal Bot,"M94R+WM4, Thimi-Biruwa Rd, Bhaktapur, Nepal",27.6572562,85.3917093,4,Thimi-Biruwa Rd,"park, point_of_interest, establishment"
69,sallaghari,"MCF6+P94, Nagarkot Rd, Bhaktapur 44800, Nepal",27.6739946,85.4113633,0,Nagarkot Rd,"park, point_of_interest, establishment"
70,Suchana tole,"Bhaktapur 32701, Nepal",27.6634375,85.3781875,5,Nepal,"park, point_of_interest, establishment"
71,Baniya Danda Naya Basti,"Bhaktapur, Nepal",27.6843543,85.4622264,5,Nepal,"park, point_of_interest, establishment"
72,Rabin homes,"MCFG+QWP, Bhaktapur 44800, Nepal",27.6744697,85.4273127,0,Bhaktapur,"park, point_of_interest, establishment"
73,"Itapako, taralan chok","MCG7+77J, Nagarkot Rd, Bhaktapur 44800, Nepal",27.6757188,85.4131511,0,Nagarkot Rd,"park, point_of_interest, establishment"
74,tenge,"MCFG+WX2, Bhaktapur 44800, Nepal",27.674766,85.4273979,0,Bhaktapur,"park, point_of_interest, establishment"
75,Bagmara,"MCCH+CW4, Bhaktapur 44800, Nepal",27.6710221,85.4298197,0,Bhaktapur,"park, point_of_interest, establishment"
76,जरायोटार,"53H2+5XV, Bhojpur 57000, Nepal",27.1779842,87.0524338,0,Bhojpur,"park, point_of_interest, establishment"
77,Mahendra park,"5352+2F2, Bhojpur Sadak, Bhojpur 57000, Nepal",27.1575046,87.0511301,5,Bhojpur Sadak,"park, point_of_interest, establishment"
78,Sahid Memorial Park,"529X+JR3, Bhojpur 57000, Nepal",27.1690194,87.049539,4,Bhojpur,"park, point_of_interest, establishment"
79,Tharpu Dada,"52QH+7MQ, Bhojpur 57000, Nepal",27.188537,87.030407,0,Bhojpur,"park, point_of_interest, establishment"
80,Dhap kharka,"52XX+GFR, Bhojpur 57000, Nepal",27.1988617,87.0486487,0,Bhojpur,"park, point_of_interest, establishment"
81,Magar Bari,"52PG+V8P, Bhojpur 57000, Nepal",27.1872118,87.0258364,0,Bhojpur,"park, point_of_interest, establishment"
82,School Dada Park,"52QW+49, Bhojpur 57000, Nepal",27.187781,87.045901,0,Bhojpur,"park, point_of_interest, establishment"
83,Bar Danda,"52PF+9PR, Bhojpur 57000, Nepal",27.1859926,87.024262,0,Bhojpur,"park, point_of_interest, establishment"
84,Dawan चौक,"6226+XV7, Bhojpur 57000, Nepal",27.2024621,87.0122539,0,Bhojpur,"park, point_of_interest, establishment"
85,Ramailo Dada (Aakash Memorial),"52RH+678, Bhojpur 57000, Nepal",27.1905262,87.0281944,0,Bhojpur,"park, point_of_interest, establishment"
86,Pipal Bot,"52QG+8XX, Bhojpur 57000, Nepal",27.1883599,87.0273852,0,Bhojpur,"park, point_of_interest, establishment"
87,Balaute बलौटे बजार,"6262+2XF, Balaute Bazar Dawan, Bhojpur 57000, Nepal",27.2099918,87.0025084,0,Balaute Bazar Dawan,"park, point_of_interest, establishment"
88,Piple Dada,"52J7+MWW, Bhojpur 57000, Nepal",27.1817266,87.0148388,0,Bhojpur,"park, point_of_interest, establishment"
89,Halhale,"3WQQ+4JM, Bhojpur 57000, Nepal",27.0878267,86.9390365,0,Bhojpur,"park, point_of_interest, establishment"
90,Bantawa Niwas,"52PG+XH9, Bhojpur 57000, Nepal",27.1874575,87.0264966,0,Bhojpur,"park, point_of_interest, establishment"
91,Khamare Dobato,"52QF+7WQ, Bhojpur 57000, Nepal",27.1882067,87.024852,0,Bhojpur,"park, point_of_interest, establishment"
92,Chhimalung,"54R2+8W5, Bhojpur 57000, Nepal",27.1907718,87.1023746,0,Bhojpur,"park, point_of_interest, establishment"
93,Spring water source,"53H2+5XV, Bhojpur 57000, Nepal",27.1779842,87.0524338,0,Bhojpur,"park, point_of_interest, establishment"
94,Balaute Bhanjyang,"8XV2+8F5, Bhojpur 57000, Nepal",27.3432608,86.9512359,5,Bhojpur,"park, point_of_interest, establishment"
95,Mundum Trail,"7XC2+83J, Bhojpur 57000, Nepal",27.270833,86.9501513,5,Bhojpur,"park, point_of_interest, establishment"
96,Wild Adventure Resort,"Badrehani 8, Sauraha, Chitwan 44202, Nepal",27.5779533,84.4747772,4.4,Sauraha,"lodging, park, restaurant, food, point_of_interest, establishment"
97,Sarang Wildlife Sanctuary,"27, Meghauli, Chitwan 44210, Nepal",27.5761575,84.2144993,4.2,Meghauli,"zoo, lodging, restaurant, park, food, point_of_interest, establishment"
98,Dhanushadham Protected Forest,"R3V2+X5F, Dhanusadham 45600, Nepal",26.8449378,86.0504111,4.2,Dhanusadham,"park, point_of_interest, establishment"
99,Dhanushadham Botanical Garden,"Dhanusha dham.3, Dhanusadham 45600, Nepal",26.8703606,86.0445641,4.3,Dhanusadham,"park, point_of_interest, establishment"
100,Tinkune Park Dharapani,"W24R+5JC, Dhanusadham 45600, Nepal",26.9054473,86.0415017,5,Dhanusadham,"park, point_of_interest, establishment"
101,"Jugeshwarpur, Tree Place","R24P+27F, Dhanusadham 45600, Nepal",26.805053,86.0356809,3.7,Dhanusadham,"park, point_of_interest, establishment"
102,Jehovah Intersection,"W323+PG3, Dhanusadham 45600, Nepal",26.9017515,86.0537983,5,Dhanusadham,"park, point_of_interest, establishment"
103,The Mount Toll Chuck Dhanusha,"W24J+5PQ, Dhanusadham 45600, Nepal",26.9062857,86.032086,0,Dhanusadham,"park, point_of_interest, establishment"
104,Dolpo Buddha Hotel,"45GP+Q7H, Dolpa, Dho 1, Nepal",29.1269276,83.18574,0,Dolpa,"campground, park, lodging, point_of_interest, establishment"
105,The Gurkhaz Rock Garden & Stone Park (Love Park),"Gorkha 34000, Nepal",27.9969906,84.630357,5,Nepal,"park, point_of_interest, establishment"
106,Children Park,"2J36+JCJ, Unnamed Road, Gorkha 34000, Nepal",28.0040974,84.6110049,3.9,Unnamed Road,"park, point_of_interest, establishment"
107,Gurkhali Stone Park,"Gorkha-6, Gorkha, Nepal",27.9958005,84.6283638,5,Gorkha,"park, point_of_interest, establishment"
108,Dumsheree Gorkha,"2JHF+4PX, Gorkha 34000, Nepal",28.0278656,84.6243656,0,Gorkha,"park, point_of_interest, establishment"
109,चिया बारी,"WW7C+3X4, Ilam 57300, Nepal",26.9126304,87.9224488,4.2,Ilam,"park, point_of_interest, establishment"
110,"Love Danda, Ilam","Ilam Tea Factory, Near, Ilam 57300, Nepal",26.9097744,87.9222912,4.4,Near,"park, point_of_interest, establishment"
111,New Zealand Park,"WWFC+WPX, Ilam 57300, Nepal",26.9248629,87.921854,5,Ilam,"park, point_of_interest, establishment"
112,Workout Park,"WW8F+9HX, Unnamed Road, Ilam 57300, Nepal",26.9159904,87.923978,3.5,Unnamed Road,"park, point_of_interest, establishment"
113,B. P. Park,"WW5G+75R, Ilam 57300, Nepal",26.908232,87.9253824,4.9,Ilam,"park, point_of_interest, establishment"
114,Statue of Martyr Ratna Kumar Bantawa Rai,"WW5F+94G, Ilam 57300, Nepal",26.9084359,87.9228189,4.1,Ilam,"park, point_of_interest, establishment"
115,Sukilumba Park,"VWH4+PP, Ilam 57300, Nepal",26.8793571,87.906842,4,Ilam,"park, point_of_interest, establishment"
116,Karki Park,"WW8H+VP3, Ranabir Gurung Marg, Ilam 57300, Nepal",26.9171323,87.9293008,3.8,Ranabir Gurung Marg,"park, point_of_interest, establishment"
117,Tea garden view hand,"WW5C+XXF, Ilam 57300, Nepal",26.9099323,87.9224316,4.6,Ilam,"park, point_of_interest, establishment"
118,"Barhabise masar,ilam","VVGQ+MF, Ilam 57300, Nepal",26.8766875,87.8886875,5,Ilam,"park, point_of_interest, establishment"
119,Shrastha Park,"WW5G+GW3, Ilam 57300, Nepal",26.9087517,87.9272872,3,Ilam,"park, point_of_interest, establishment"
120,Bisauni Dhunga,"WW5C+XXF Tea garden view hand, Ilam 57300, Nepal",26.9103204,87.9221493,5,Ilam,"park, point_of_interest, establishment"
121,Janaki Chock,"WW5H+36C, Ilam 57300, Nepal",26.9081342,87.9276691,0,Ilam,"park, point_of_interest, establishment"
122,Nar Bahadur Samarung's Tea garden,"Ilam 57300, Nepal",26.9256953,87.857104,5,Nepal,"park, point_of_interest, establishment"
123,Deurali,"WWC9+3GV, Ilam 57300, Nepal",26.9202464,87.9187975,0,Ilam,"park, point_of_interest, establishment"
124,Padam kanta's tea garden 🏡,"VV76+PMG, Ilam 57300, Nepal",26.8643133,87.8617117,0,Ilam,"park, point_of_interest, establishment"
125,Statue of Martyr Bam Prasad Bantawa,"WW5F+GF5, Ilam 57300, Nepal",26.9087678,87.9237453,0,Ilam,"park, point_of_interest, establishment"
126,Rajbanshi tol,"J37F+337, Himali Chowk Bus Stop, Jhapa, Mechi Hwy, Bhadrapur 57200, Nepal",26.6126567,88.0726716,0,Himali Chowk Bus Stop,"park, point_of_interest, establishment"
127,Manoria vegetation Kailali,"MJPC+3JW, Kailali, Dhandaghi, Dhangadhi, Nepal",28.685244,80.621591,4.2,Kailali,"park, point_of_interest, establishment"
128,Orange orchard (house conditioned) 🍊,"Chure 01 Kailali Chure 01, 10900, Nepal",29.0033162,80.6676659,5,10900,"park, point_of_interest, establishment"
129,"Khadgaun vokunday,kaskikot, Nepal","7VGR+9V5, Khadgakot, Kaskikot, Nepal",28.2758836,83.8922191,4.7,Khadgakot,"park, point_of_interest, establishment"
130,Sankhamul Park,"Kathmandu 44600, Nepal",27.6788847,85.3312506,4.1,Nepal,"park, point_of_interest, establishment"
131,Tinkune Park,"Ring Rd, Kathmandu 44600, Nepal",27.6853659,85.3488678,3.5,Kathmandu,"park, point_of_interest, establishment"
132,Madan Bhandari Smriti Vatika,"Kathmandu 44600, Nepal",27.681429,85.3433998,4.3,Nepal,"park, point_of_interest, establishment"
133,BUDDHA PARK Boudhanath,"44600, Kathmandu, Nepal",27.7223837,85.3614813,4.5,Kathmandu,"park, tourist_attraction, point_of_interest, establishment"
134,Suryamukhi Park,"Kathmandu 44600, Nepal",27.6905987,85.3670526,4.1,Nepal,"park, point_of_interest, establishment"
135,Balaju Park,"P8M2+GFM, Trishuli Hwy, Kathmandu 44600, Nepal",27.7338465,85.3011804,4.1,Trishuli Hwy,"park, amusement_park, tourist_attraction, point_of_interest, establishment"
136,Buddha park,"M7RV+326, Kathmandu 44600, Nepal",27.6902968,85.2928922,4.7,Kathmandu,"park, point_of_interest, establishment"
137,Shankha Park,"P8MV+93R, Pragati Tole Marg, Kathmandu 44600, Nepal",27.7334797,85.3426304,4.2,Pragati Tole Marg,"park, point_of_interest, establishment"
138,New Baneshwor Park,"M8QP+X7M, Kathmandu 44600, Nepal",27.6899742,85.3356834,3.8,Kathmandu,"park, point_of_interest, establishment"
139,Kamal Pokhari Park,"P86G+49X, Kamal Pokhari St, Kathmandu 44600, Nepal",27.7103591,85.3259695,4.4,Kamal Pokhari St,"park, point_of_interest, establishment"
140,Narayanchaur Park Naxal,"Sama Marga, Kathmandu 44600, Nepal",27.7145886,85.3255148,4.4,Kathmandu,"park, point_of_interest, establishment"
141,Jump KTM Indoor Trampoline Park,"Dhumbarahi Marg, Kathmandu 44600, Nepal",27.7346197,85.3462353,4,Kathmandu,"amusement_park, park, point_of_interest, establishment"
142,Switzerland Park Aloknagar,"M8MQ+3F4, Unnamed Road, Kathmandu 44600, Nepal",27.6826285,85.3386885,4.2,Unnamed Road,"park, point_of_interest, establishment"
143,Namuna Park,"M9Q7+HH5, Kathmandu 44600, Nepal",27.6888768,85.3639724,4.1,Kathmandu,"park, point_of_interest, establishment"
144,Raniban Park,"P7PQ+GGX Ward no 1, Raniban Park, Nagarjung, Kathmandu 44600, Nepal",27.7363667,85.2888608,4.3,Raniban Park,"park, point_of_interest, establishment"
145,Khusibu Children Park,"P892+465, Kathmandu 44600, Nepal",27.7177548,85.3006209,4.2,Kathmandu,"park, point_of_interest, establishment"
146,Bhurungkhel Green Park,"P853+VWW, Burakhya Marg, Kathmandu 44600, Nepal",27.7097317,85.3048404,3.8,Burakhya Marg,"park, point_of_interest, establishment"
147,Children’s Park,"P8WW+5VW, Kathmandu 44600, Nepal",27.7454886,85.3472111,4,Kathmandu,"park, point_of_interest, establishment"
148,Samakhusi Children Park,"P8F7+JC5, Road, Kathmandu 44600, Nepal",27.7240061,85.3136197,3.8,Road,"park, point_of_interest, establishment"
149,Apple Ground Public Park Narephat,"M992+HHW, Kathmandu 44600, Nepal",27.6684625,85.3517663,4,Kathmandu,"park, point_of_interest, establishment"
150,Shanti Park,"P977+J3P, Boudha Rd Nayabasti, Kathmandu 44600, Nepal",27.7138328,85.3630829,3.8,Boudha Rd Nayabasti,"park, point_of_interest, establishment"
151,Bhadrakali park,"M8X8+MXR, Kathmandu 44600, Nepal",27.6992387,85.3173864,4,Kathmandu,"park, point_of_interest, establishment"
152,Pushpalal Memorial Park,"P853+X5J, Pushpalal Path, Kathmandu 44600, Nepal",27.7099652,85.3028848,4,Pushpalal Path,"park, point_of_interest, establishment"
153,Kripalu Udhyan,"Kathmandu 44600, Nepal",27.707939,85.345415,4.6,Nepal,"park, point_of_interest, establishment"
154,Shanti Park,"P8J8+GQW, Kathmandu 44600, Nepal",27.7313634,85.3169568,3.4,Kathmandu,"park, point_of_interest, establishment"
155,Mitra Park,"M7RV+3FM, Gaurishankar Sadak, Kathmandu 44600, Nepal",27.690445,85.2935547,3.9,Gaurishankar Sadak,"park, point_of_interest, establishment"
156,Kumari Chaur Park,"P994+28Q, Kathmandu 44600, Nepal",27.7174624,85.3558678,3.9,Kathmandu,"park, point_of_interest, establishment"
157,The Handigaun Triangle (dhungedhara) park,"Handigaun Marg, Kathmandu 44600, Nepal",27.7187081,85.3371799,3.9,Kathmandu,"park, point_of_interest, establishment"
158,Dovan Park,"M8HM+GX2, Kathmandu 44600, Nepal",27.6788056,85.3345194,4.2,Kathmandu,"park, point_of_interest, establishment"
159,Janamaitri Park (Pepsicola Town Plan),"गौरीपुत्र मार्ग, Kathmandu 44600, Nepal",27.6920404,85.364882,4.2,Kathmandu,"park, point_of_interest, establishment"
160,Sahayoginagar Park,"M8JP+2VH, Kathmandu 44600, Nepal",27.6798765,85.3370561,4.3,Kathmandu,"park, point_of_interest, establishment"
161,Salik Chowk Park,"M7WG+PVP, Kathmandu 44600, Nepal",27.6968398,85.2771942,4.1,Kathmandu,"park, point_of_interest, establishment"
162,Earthquake Memorial park,"P74Q+G9M, Kathmandu 44600, Nepal",27.7065081,85.2884511,4.9,Kathmandu,"park, point_of_interest, establishment"
163,Ranibari Community Forest,"Kathmandu 44600, Nepal",27.7308175,85.321047,4.4,Nepal,"park, point_of_interest, establishment"
164,Airport Nagar Children’s Park,"Kathmandu 44600, Nepal",27.7024696,85.3660836,4.5,Nepal,"park, point_of_interest, establishment"
165,Bancharetar Chowk (बन्चरे टार चोक),"P979+G89, Kathmandu 44600, Nepal",27.7137883,85.3683668,4.5,Kathmandu,"park, point_of_interest, establishment"
166,Whoopee Land Amusement Water Park,"Kathmandu 44600, Nepal",27.6620256,85.2875264,4.1,Nepal,"amusement_park, park, lodging, restaurant, food, point_of_interest, establishment"
167,Ghyoi Lisang Peace Park,"P9C6+XHF, Unnamed Road, Kathmandu 44600, Nepal",27.7224362,85.3614313,4.7,Unnamed Road,"park, point_of_interest, establishment"
168,Bagmati Nagar Park,"P975+WWP, Kathmandu 44600, Nepal",27.714826,85.359817,4.5,Kathmandu,"park, point_of_interest, establishment"
169,Miku Nepal,"Narayanchaur, Kathmandu 44604, Nepal",27.7148397,85.3249456,4.2,Kathmandu,"park, store, point_of_interest, establishment"
170,Setopool Park,"P83P+683, Kathmandu 44600, Nepal",27.70302,85.3358048,4.7,Kathmandu,"park, point_of_interest, establishment"
171,Dharahara Park धरहरा बगैचा,"P827+55C, Shundara marg, Kathmandu 44600, Nepal",27.7006755,85.3130526,4.3,Shundara marg,"park, point_of_interest, establishment"
172,Nepal Rastra Bank Sworna Jayanti Park,"P8FJ+R7M, Kathmandu 44600, Nepal",27.7245933,85.3306724,4.7,Kathmandu,"park, point_of_interest, establishment"
173,Pasupatinath forest,"Unnamed Road, Kathmandu 44600, Nepal",27.7112392,85.3518243,4.5,Kathmandu,"park, point_of_interest, establishment"
174,Bhugol Park,"P834+PX3, Infront of bishal bazar, near basantpur, नयाँ सडक, Kathmandu, Nepal",27.704272,85.307417,4.3,Infront of bishal bazar,"park, point_of_interest, establishment"
175,pashupatinath park,"44600, Kathmandu 44600, Nepal",27.7102241,85.3494938,5,Kathmandu,"park, point_of_interest, establishment"
176,khotang bazar,"2VR2+45P, 2, Khotang Bazar 56200, Nepal",27.0403397,86.8504639,0,2,"park, point_of_interest, establishment"
177,UN Park,"M8PG+6GJ, Park Ln, Lalitpur 44700, Nepal",27.6855826,85.3262662,3.9,Park Ln,"park, point_of_interest, establishment"
178,Yaualakhel Park,"M8H5+44J, Lalitpur 44701, Nepal",27.6778486,85.3077674,4,Lalitpur,"park, point_of_interest, establishment"
179,Jawalakhel Park,"M8F7+897, Lalitpur 44600, Nepal",27.6732833,85.3134109,4.3,Lalitpur,"park, point_of_interest, establishment"
180,"Kusunti Height, Bista Pakha Park","M866+4G5, Lalitpur 44700, Nepal",27.6595799,85.3113759,4,Lalitpur,"park, point_of_interest, establishment"
181,Manmohan Park,"M7JX+VRV, Lalitpur 44600, Nepal",27.6822363,85.2995521,3.6,Lalitpur,"park, point_of_interest, establishment"
182,Syosyo Hajurba Chowk Park,"M866+93V, Kusunti-13, Hajurba Chowk, Kusunti Kumar Peeth Marg, Lalitpur 44700, Nepal",27.6607405,85.3100864,4.2,Kusunti-13,"park, point_of_interest, establishment"
183,Guita Open Garden,"M8CM+JC7, Lalitpur 44600, Nepal",27.6715494,85.3335605,4.1,Lalitpur,"park, point_of_interest, establishment"
184,Duniya Danda Green Park,"M827+3QP, Lalitpur 44700, Nepal",27.6502044,85.314441,3.8,Lalitpur,"park, point_of_interest, establishment"
185,Lalitpur Metro Park,"M8G8+MJ2 Jhanakhya Metro Park झनाख्यः मेत्रो पार्क, Lalitpur 44600, Nepal",27.6767753,85.3164651,4.7,Lalitpur,"park, point_of_interest, establishment"
186,Sahid Smarak Park,"M8Q2+8GM, Lalitpur 44600, Nepal",27.6883469,85.3013095,3.8,Lalitpur,"park, point_of_interest, establishment"
187,Safal Park,"M864+FXP, Lalitpur 44600, Nepal",27.6612102,85.3074545,4,Lalitpur,"park, point_of_interest, establishment"
188,Jwagal Children Park / Jwagala Machakhya,"M8PC+CHP, Lalitpur 44600, Nepal",27.6866,85.3219281,4,Lalitpur,"park, point_of_interest, establishment"
189,Butterfly square,"Lalitpur 44600, Nepal",27.673398,85.315603,4.7,Nepal,"park, point_of_interest, establishment"
190,"Imadol, Bhojhepokhari","M87x + WFM, Boege Plow Route, Lalitpur 4460, NEPAL",27.6648369,85.3486734,4.3,Bowez pool route,"park, point_of_interest, establishment"
191,Shovahiti(ढुङ्गेधारा),"M848+RGW, Lalitpur 44700, Nepal",27.6571154,85.3163243,3.7,Lalitpur,"park, point_of_interest, establishment"
192,Shanti Batika,"M8C6+8PC, Lalitpur 44600, Nepal",27.6708246,85.3117779,4.1,Lalitpur,"park, point_of_interest, establishment"
193,Bagdole Batika,"M77W+VPW, Bagdol Rd, Lalitpur 44600, Nepal",27.6647495,85.2968308,4.2,Bagdol Rd,"park, point_of_interest, establishment"
194,dadathok park,"Lalitpur, Nepal",27.6331875,85.3823125,4.1,Nepal,"park, point_of_interest, establishment"
195,Park बगैँचा,"M8C6+7RG, Lalitpur 44600, Nepal",27.6707077,85.3119828,4,Lalitpur,"park, point_of_interest, establishment"
196,"Gagan Batika, Nagbahal","M8GF+8G5, Nagabahal - Nyadha Galli, Lalitpur 44600, Nepal",27.6757678,85.3238613,4.5,Nagabahal - Nyadha Galli,"park, point_of_interest, establishment"
197,Patan Dhoka Chautara (चौतारी),"M8HC+C9H, Campus Rd, Lalitpur 44700, Nepal",27.6784528,85.3209749,4.5,Campus Rd,"park, point_of_interest, establishment"
198,Park बगैँचा,"M8C8+QM3, Lalitpur 44600, Nepal",27.6718051,85.3167772,4,Lalitpur,"park, point_of_interest, establishment"
199,Pocket park,"M8F7+XV3, Lalitpur 44600, Nepal",27.674891,85.3146708,5,Lalitpur,"park, point_of_interest, establishment"
200,Park बगैचा,"M885+QC7, Ekantakuna Rd, Lalitpur 44600, Nepal",27.666975,85.308411,4,Ekantakuna Rd,"park, point_of_interest, establishment"
201,Hattiban,"J8XM+HHW, गोदावरी रोड़, Lalitpur 44700, Nepal",27.6484973,85.3335739,4.8,गोदावरी रोड़,"park, point_of_interest, establishment"
202,Park,"M8G5+68G, Lamochaur Sadak, Lalitpur 44600, Nepal",27.6755722,85.3083139,5,Lamochaur Sadak,"park, point_of_interest, establishment"
203,Playground Park,"M8HJ+7MV Bangalamukhi, Sankhamul - Balkumari Rd, Lalitpur 44700, Nepal",27.6784653,85.3316199,3,Sankhamul - Balkumari Rd,"park, point_of_interest, establishment"
204,Imukhel Bal Udhyan,"M8HG+9GV, Lalitpur 44600, Nepal",27.6784968,85.3261163,4.2,Lalitpur,"park, point_of_interest, establishment"
205,Children’s park,"M85F+GV4, Lalitpur 44700, Nepal",27.6587525,85.3247183,4.5,Lalitpur,"park, point_of_interest, establishment"
206,Lamochaur Jhamsikhel Park,"M8G5+PGP, Jhamsikhel Road, Lalitpur 44600, Nepal",27.6765137,85.3089261,3.3,Jhamsikhel Road,"park, point_of_interest, establishment"
207,Jhanakhya Metro Park झनाख्यः मेत्रो पार्क,"M8G8+JJC, Lalitpur 44600, Nepal",27.6765719,85.3165,4.2,Lalitpur,"park, point_of_interest, establishment"
208,Shant Vawan Uddhan,"M8J4+35W, Milap Rd, Lalitpur 44600, Nepal",27.6802361,85.3054521,4,Milap Rd,"park, point_of_interest, establishment"
209,RN Joshi Museum / Park Gallery,"Opposite to Jhamsikhel Road, Pulchowk, Lalitpur 44600, Nepal",27.6754787,85.3159635,3.5,Pulchowk,"tourist_attraction, art_gallery, museum, point_of_interest, establishment"
210,Public Fitness Park,"J8MQ+WXC, Lalitpur 44700, Nepal",27.6349745,85.3399475,5,Lalitpur,"park, point_of_interest, establishment"
211,Mahalaxmisthan,"M869+VGQ, M869+H8C Mahalaxmisthan Chowk, Lalitpur 44700, Nepal",27.661345,85.3183185,4,M869+H8C Mahalaxmisthan Chowk,"park, point_of_interest, establishment"
212,Ganeshman Singh Park गणेशमान सिंह पार्क,"Administrative staff college, Lalitpur 44600, Nepal",27.670977,85.3121766,4,Lalitpur,"park, point_of_interest, establishment"
213,Small park,"M8C6+8PC Shanti Batika, Lalitpur 44600, Nepal",27.6708704,85.3118591,3,Lalitpur,"park, point_of_interest, establishment"
214,Khusi The Happiness,"J8VH+WPF, Airawat, Lalitpur 44700, Nepal",27.6448163,85.3293102,4.2,Airawat,"park, point_of_interest, establishment"
215,lagankhel,"M88C+GV8, Lalitpur 44700, Nepal",27.6662809,85.3222121,4,Lalitpur,"park, point_of_interest, establishment"
216,King Birendra Circle Statue,"M8F7+4CX, Lalitpur 44600, Nepal",27.6728544,85.3136146,4.3,Lalitpur,"park, point_of_interest, establishment"
217,"Ookhar Bot, sitapakha, Lalitpur","J8XR+64H, Ookharko Bot, Sitapakha, Lalitpur, Nepal",27.6480741,85.3403555,5,Ookharko Bot,"park, point_of_interest, establishment"
218,E's Nest Bike Park,"Lalitpur 44600, Nepal",27.677599,85.300297,3.4,Nepal,"park, point_of_interest, establishment"
219,Ji Swā Chuka,"M8FG+948, Lalitpur 44700, Nepal",27.6733286,85.3255595,4,Lalitpur,"park, point_of_interest, establishment"
220,Dhadkhola,"Harraboat Lamjung, Tarkughat 33600, Nepal",28.1180855,84.4403973,0,Tarkughat,"park, point_of_interest, establishment"
221,Martyr Rudra Pakhrin Memorial Park,"C39F+M5H, Makwanpurgadhi, Nepal",27.4191828,85.0729705,4.6,Makwanpurgadhi,"park, point_of_interest, establishment"
222,Nachai,"M288+MM7, Manang 33500, Nepal",28.666667,84.016667,0,Manang,"park, point_of_interest, establishment"
223,Milarepa Memorial Park,"M28G+857, Manang Sadak, Bhraka 33500, Nepal",28.6657967,84.0254185,5,Manang Sadak,"park, point_of_interest, establishment"
224,Thorang peak,"QXCJ+83M, Tanki Manang 33500, Nepal",28.7708273,83.9801738,4,Tanki,"park, point_of_interest, establishment"
225,Thorang La Pass,"QWVQ+CFQ, Thorong Phedi - Thorong La Rd, Tanki Manang 33500, Nepal",28.7935762,83.9387337,4.9,Thorong Phedi - Thorong La Rd,"park, point_of_interest, establishment"
226,Gangapurna Lookout,"M259+MV8, Manang 33500, Nepal",28.65904,84.0199,0,Manang,"park, point_of_interest, establishment"
227,Blue Lake,"J3R8+RCR, Upper Manang 33500, Nepal",28.6421108,84.0660141,5,Upper,"park, point_of_interest, establishment"
228,Dendi Sherpa Lookout Point,"M259+MV8, Manang 33500, Nepal",28.6591295,84.0197269,5,Manang,"park, point_of_interest, establishment"
229,Balbahadur statue,"8G44+3QG, Harkapur-Okhaldhunga Road, Siddhicharan 56100, Nepal",27.3051782,86.5069525,4.3,Harkapur-Okhaldhunga Road,"park, point_of_interest, establishment"
230,BHUSUNE JUNGLE,"7FGR+85G, Harkapur-Okhaldhunga Road, Siddhicharan 56100, Nepal",27.2758147,86.4904445,5,Harkapur-Okhaldhunga Road,"park, point_of_interest, establishment"
231,Hilephani Hillander,"Harkapur-Okhaldhunga Road, 56100, Nepal",27.1696277,86.4303379,3.9,56100,"park, point_of_interest, establishment"
232,Palpa fun park,"RMC5+4X5 Palpa dawnpawa, Rahabas Jhadewa Sadak, Humin 32500, Nepal",27.820255,83.659997,0,Rahabas Jhadewa Sadak,"park, point_of_interest, establishment"
233,Parbat singh ka bera,"6MFX+VF3 Parbat singh ka bera, asana 33400, Nepal",28.2246464,83.6986568,0,asana,"park, point_of_interest, establishment"
234,Hariyali Park,"4WWP+42C, Belwa Parsauni 44400, Nepal",27.1454461,84.9350603,5,Belwa,"park, point_of_interest, establishment"
235,YB chok,"4RQM+3HM, Pyuthan 22300, Nepal",28.1377115,82.8339308,5,Pyuthan,"park, point_of_interest, establishment"
236,बाइसधारा मुल (Baaisdhara Mul),"4W69+5CJ, Pyuthan 22300, Nepal",28.1104517,82.9185066,4.6,Pyuthan,"park, point_of_interest, establishment"
237,बजेनी,"4RHP+8GM, Pyuthan 22300, Nepal",28.1283469,82.8362814,5,Pyuthan,"park, point_of_interest, establishment"
238,Stealthy pig quartara,"4RMM+WQP, Pyuthan 22300, Nepal",28.134603,82.834922,5,Pyuthan,"park, point_of_interest, establishment"
239,"Sahid Smirti Park, Gajuri","4V55+7R2, Pyuthan 22300, Nepal",28.1081469,82.8595214,2,Pyuthan,"park, point_of_interest, establishment"
240,Ganesh Mandir Park,"3VPJ+63P, Pyuthan 22300, Nepal",28.085595,82.8802133,0,Pyuthan,"park, point_of_interest, establishment"
241,Bhalabang,"4Q3M+HJP, Pyuthan 22300, Nepal",28.1039634,82.7840712,4.5,Pyuthan,"park, point_of_interest, establishment"
242,Chautara juction,"3QXP+6C, Pyuthan 22300, Nepal",28.0980025,82.7860517,0,Pyuthan,"park, point_of_interest, establishment"
243,सोमरे धारा,"4RQM+M6G, Pyuthan 22300, Nepal",28.1391788,82.8330631,5,Pyuthan,"park, point_of_interest, establishment"
244,Pratikshya laye,"3VGR+8H, Pyuthan 22300, Nepal",28.0758409,82.8914752,0,Pyuthan,"park, point_of_interest, establishment"
245,Rattari,"4V23+M87, Pyuthan 22300, Nepal",28.1016595,82.8532928,0,Pyuthan,"park, point_of_interest, establishment"
246,Okhaldhunga chaur,"3QVQ+8Q, Pyuthan 22300, Nepal",28.0932658,82.7893934,0,Pyuthan,"park, point_of_interest, establishment"
247,LAXMAN HOUSE,"5VCG+8QF, Pyuthan 22300, Nepal",28.1708889,82.8764444,0,Pyuthan,"park, point_of_interest, establishment"
248,धाईरे,"5V4V+RV7, Pyuthan 22300, Nepal",28.157048,82.8946831,0,Pyuthan,"park, point_of_interest, establishment"
249,Gajuri,"4V23+M87, Pyuthan 22300, Nepal",28.1016595,82.8532928,0,Pyuthan,"park, point_of_interest, establishment"
250,The door is open,"5VCQ+X84, Pyuthan 22300, Nepal",28.1723944,82.8883297,0,Pyuthan,"park, point_of_interest, establishment"
251,Pokhrel newas,"4V23+M87, Pyuthan 22300, Nepal",28.1016595,82.8532928,0,Pyuthan,"park, point_of_interest, establishment"
252,Sundar foam house,"4W72+FQF, Pyuthan 22300, Nepal",28.1136814,82.9019164,0,Pyuthan,"park, point_of_interest, establishment"
253,Mallarani,"4V23+M87, Pyuthan 22300, Nepal",28.1016595,82.8532928,0,Pyuthan,"park, point_of_interest, establishment"
254,Damti suspension bridge,"4WW4+5XX, Pyuthan 22300, Nepal",28.1454996,82.90748,0,Pyuthan,"park, point_of_interest, establishment"
255,BITAR RASAM PARK BITAR RAMAD PAR,"Ramechhap Rd, Ramechhap 45400, Nepal",27.3642715,86.0769488,3.7,Ramechhap,"park, point_of_interest, establishment"
256,Dadako Park,"74WR+XM8, Ramechhap 45400, Nepal",27.2974055,86.1417017,5,Ramechhap,"park, point_of_interest, establishment"
257,Thulaghar danda park ठुलाघरडाँडा पार्क,"83VC+JWW, Ramechhap 45400, Nepal",27.3440411,86.0725477,5,Ramechhap,"park, point_of_interest, establishment"
258,madhya pahadi lokmarga-Dahoo,"8493+PHF, Ramechhap 45400, Nepal",27.319307,86.1039189,5,Ramechhap,"park, point_of_interest, establishment"
259,Udayanarayan Smriti Park(उदयनारायण स्मृति पार्क),"83VC+JWW, Ramechhap 45400, Nepal",27.3441137,86.0723364,5,Ramechhap,"park, point_of_interest, establishment"
260,Gautam Kumar Hao,"73XV+W44, Ramechhap 45400, Nepal",27.299752,86.0928148,0,Ramechhap,"park, point_of_interest, establishment"
261,Volident wait room mantli,"93X7+GX9, Ramechhap, Manthali 45400, Nepal",27.3987883,86.0649895,3,Ramechhap,"park, point_of_interest, establishment"
262,Salle,"9324+MPV, Ramechhap 45400, Nepal",27.3517252,86.056784,0,Ramechhap,"park, point_of_interest, establishment"
263,DADA GAUN,"8493+PHF, Ramechhap 45400, Nepal",27.319307,86.1039189,0,Ramechhap,"park, point_of_interest, establishment"
264,Damakur,"Rolpa municipality 8 damakur, Nepal",28.3044851,82.6363356,0,Nepal,"park, point_of_interest, establishment"
265,Tamri,"Rolpa municipality 09 Tamari, Bhawang 22100, Nepal",28.3292768,82.6365484,0,Bhawang,"park, point_of_interest, establishment"
266,"Suryapura chok,Rupandehi,Tilottama-8","Suryapura chok, Rupandehi ,Tilottama-8, Tilottama 32900, Nepal",27.6166849,83.4895596,4.7,Rupandehi,"park, point_of_interest, establishment"
267,Childern Park,"M633+RQF, Siraha 56500, Nepal",26.6545699,86.2044216,3.8,Siraha,"park, point_of_interest, establishment"
268,Madhesi Park,"M659+JWW, Siraha 56500, Nepal",26.6591132,86.2198197,4.1,Siraha,"park, point_of_interest, establishment"
269,Dahipauri,"J5QP+V4X, Siraha 56500, Nepal",26.6397409,86.1853474,5,Siraha,"park, point_of_interest, establishment"
270,Children garden Gulariya.,"M6MM+WHQ, Siraha 56500, Nepal",26.6848255,86.2339918,4,Siraha,"park, point_of_interest, establishment"
271,Siraha,"J5QP+V4X, Siraha 56500, Nepal",26.6397409,86.1853474,0,Siraha,"park, point_of_interest, establishment"
272,No one,"M6M4+C32, Siraha 56500, Nepal",26.6834605,86.2058054,0,Siraha,"park, point_of_interest, establishment"
273,Lauwa pokhari,"M7C6+58X, Siraha 56500, Nepal",26.670476,86.2608655,0,Siraha,"park, point_of_interest, establishment"
274,Thenghi clean water State deep Boring,"M6CM+9VF, Thenghi, Siraha 09, Nepal",26.6709467,86.2346827,0,Thenghi,"park, point_of_interest, establishment"
275,Nahar Singh syaraha,"J5QP+V4X Nahar Singh, Siraha 56500, Nepal",26.6397409,86.1853474,0,Siraha,"park, point_of_interest, establishment"
276,Gauri shankar krishi farm.khairtoka,"Siraha 56500, Nepal",26.6253848,86.1746094,5,Nepal,"park, point_of_interest, establishment"
277,Dilip home,"J5VP+C65, Siraha 56500, Nepal",26.6444144,86.186282,5,Siraha,"park, point_of_interest, establishment"
278,Mahisotha,"J5QP+V4X Highway, Siraha 56500, Nepal",26.6397409,86.1853474,5,Siraha,"park, point_of_interest, establishment"
279,ROMAN RONY HOME 🏠,"J5VP+HGH Nepal ward no 5 Barerwa, Siraha 56500, Nepal",26.6439337,86.1863541,0,Siraha,"park, point_of_interest, establishment"
280,Torpee toll,"M644+27H, Siraha 56500, Nepal",26.6550633,86.2057458,5,Siraha,"park, point_of_interest, establishment"
281,naresh home,"J5QP+V4X, Siraha 56500, Nepal",26.6397409,86.1853474,0,Siraha,"park, point_of_interest, establishment"
282,shyam mahara D.S.P,"M6C9+C84, Siraha 56500, Nepal",26.6710206,86.2183402,3.2,Siraha,"park, point_of_interest, establishment"
283,portaha village,"J5QP+V4X, Siraha 56500, Nepal",26.6397409,86.1853474,0,Siraha,"park, point_of_interest, establishment"
284,Goit pappu,"M56W+RPV, Siraha 56500, Nepal",26.662121,86.1967879,0,Siraha,"park, point_of_interest, establishment"
285,Maidan Sataun,"4R5J+39W, Syangja Satuan road, Putalibazar 33800, Nepal",28.1077394,83.8309407,3.8,Syangja Satuan road,"park, point_of_interest, establishment"
286,Upper Bhujunge 360° view point,"Syangja-lamage-Rahaley-Chandisthan, Putalibazar 33800, Nepal",28.1006799,83.8424311,5,Putalibazar,"park, point_of_interest, establishment"
287,BP Smirti Pratikshalaya(balti more),"VRHP+6PQ, Syangja Chapakot Rd, Chapakot 33800, Nepal",27.8780895,83.8368543,5,Syangja Chapakot Rd,"park, point_of_interest, establishment"
288,Macchang waterfall,"4V66+MP9, Syangja- Sataun Road, Putalibazar 33800, Nepal",28.1116717,83.8618687,0,Syangja- Sataun Road,"park, point_of_interest, establishment"
289,DD Park Tanahunsur,"28GC+QV, Tanahunsur, Nepal",28.0269113,84.3221541,2.5,Tanahunsur,"park, point_of_interest, establishment"
290,Kanchenjunga Conservation Area,"JWHM+799, Lelep,Taplejung,Mechi, Tapethok, Nepal",27.6281668,87.9334803,4.5,Lelep,"park, point_of_interest, establishment"
291,ghaprakharka झाप्राखर्क मालिका,"8G4X+4G, Baglung 33200, Nepal",28.3053125,83.5488125,5,Baglung,"park, point_of_interest, establishment"
292,Lamgau garden house,"7HMR+W6, Baglung 33300, Nepal",28.284778,83.590536,5,Baglung,"park, point_of_interest, establishment"
293,Shree Nepal forest,"5W4W+962, Belwa Parsauni 44400, Nepal",27.1558761,84.9455183,0,Belwa,"park, point_of_interest, establishment"
294,दिवा विश्राम स्थल,"Nuwakot Sadak 12, Bidur 44900, Nepal",27.88673,85.1030421,0,Bidur,"park, point_of_interest, establishment"
295,अर्धनारेशोवर गोठाटार पार्क,"Gothatar, Kageshwari Manohara, 8, Kathmandu 44600, Nepal",27.7033779,85.3843709,4.5,Kageshwari Manohara,"park, point_of_interest, establishment"
296,Finear Art Gallery,"MCCH+H4V, Ichhu Galli, Bhaktapur 44800, Nepal",27.6714725,85.4278354,4.5,Ichhu Galli,"art_gallery, point_of_interest, establishment"
297,Kathmandu Art House,"सात घुम्ती मार्ग, Kathmandu 44600, Nepal",27.7152136,85.3092047,4.7,Kathmandu,"art_gallery, point_of_interest, establishment"
298,Siddhartha Art Gallery,"Babermahal Revisited premises, Tanka Prasad Ghumti Sadak, Kathmandu 44617, Nepal",27.6944534,85.3226963,4.5,Tanka Prasad Ghumti Sadak,"art_gallery, tourist_attraction, point_of_interest, establishment"
299,Universal Art Gallery,"Thamel Dabali Marg, Kathmandu 44600, Nepal",27.7151628,85.311494,5,Kathmandu,"art_gallery, point_of_interest, establishment"
300,Buddha Nepal Art Gallery,"Infront Of Global IME Bank, Chaksibari Marg, Kathmandu 44600, Nepal",27.7164864,85.3101423,4.8,Chaksibari Marg,"art_gallery, store, point_of_interest, establishment"
301,"Takpa Gallery, lazimpat","Nursery Rd, Kathmandu 44600, Nepal",27.720725,85.3186361,4.9,Kathmandu,"art_gallery, point_of_interest, establishment"
302,Arts Nepal Gallery - Art Gallery in Nepal,"सगरमाथा बजार, Paryatan Marg, Kathmandu 44600, Nepal",27.7150598,85.3108008,4.9,Paryatan Marg,"art_gallery, store, point_of_interest, establishment"
303,Freedom Art Gallery,"ठमेल भगवती मार्ग, Kathmandu 44600, Nepal",27.7157566,85.3116134,4.9,Kathmandu,"art_gallery, point_of_interest, establishment"
304,Nepali Gallery,"Krian Niwas, Bhattarai Marg 1, Kathmandu 44600, Nepal",27.6819119,85.3320678,4.6,Bhattarai,"art_gallery, point_of_interest, establishment"
305,Museum Of Nepali Art,"Kathmandu 44600, Nepal",27.7150613,85.3099101,4.6,Nepal,"museum, point_of_interest, establishment"
306,BK ART Gallery,"२ कुमारी माई मार्ग, Kathmandu 44600, Nepal",27.7204288,85.3200854,4.3,Kathmandu,"art_gallery, store, point_of_interest, establishment"
307,Nupur Art Gallery Center Pvt. Ltd.,"सात घुम्ती मार्ग 3-15, Kathmandu 44600, Nepal",27.7156625,85.3099435,5,Kathmandu,"shopping_mall, art_gallery, food, point_of_interest, establishment"
308,Fine Arts,"P876+QM7, Tridevi Sadak, Kathmandu 44600, Nepal",27.7144654,85.311674,5,Tridevi Sadak,"art_gallery, point_of_interest, establishment"
309,Thang Ku Artist,"P9FC+GCP, Kathmandu 44602, Nepal",27.7238263,85.3710812,5,Kathmandu,"art_gallery, point_of_interest, establishment"
310,Swoyambhu Art Gallery,"Kathmandu 44600, Nepal",27.7148322,85.3102272,5,Nepal,"art_gallery, point_of_interest, establishment"
311,ArTree Nepal,"M8V7+X58, Samarpan Marg, Kathmandu 44600, Nepal",27.6948949,85.312953,4.6,Samarpan Marg,"art_gallery, point_of_interest, establishment"
312,Mithila Yain Art Gallery,"P876+92X, J.P Road, Kathmandu 44600, Nepal",27.713479,85.310125,4,J.P Road,"art_gallery, point_of_interest, establishment"
313,Himalayan Arts/Thangka Gallery,"Ashok Galli 26, Kathmandu 44600, Nepal",27.712748,85.3113666,4.6,Kathmandu,"art_gallery, store, point_of_interest, establishment"
314,Shangri-La Art Gallery,"Chaksibari Marg, Kathmandu 44600, Nepal",27.7160865,85.3101087,5,Kathmandu,"art_gallery, point_of_interest, establishment"
315,Woodcraft Gallery,"सात घुम्ती मार्ग, Kathmandu 44600, Nepal",27.715202,85.3092083,4.7,Kathmandu,"art_gallery, point_of_interest, establishment"
316,Everest Art Gallery,"Bansbari Rd, P.O.Box No. 9614, Kathmandu 44600, Nepal",27.7453378,85.341891,4.1,P.O.Box,"art_gallery, point_of_interest, establishment"
317,Artudio,"P76Q+JVQ, Chhauni Hospital Rd, Kathmandu 44600, Nepal",27.7116145,85.2897088,4.5,Chhauni Hospital Rd,"art_gallery, point_of_interest, establishment"
318,Tiny Art Gallery Thamel,"Thamel Marg, Kathmandu 44600, Nepal",27.7118606,85.3110677,5,Kathmandu,"art_gallery, store, point_of_interest, establishment"
319,Kantipur Art Gallery,"seven corner, सात घुम्ती मार्ग, Kathmandu 44600, Nepal",27.7159196,85.3096773,5,सात घुम्ती मार्ग,"art_gallery, point_of_interest, establishment"
320,Nepalian Art,"Pasang Lamu Marg, Kathmandu, Nepal",27.7254334,85.3618108,5,Kathmandu,"art_gallery, point_of_interest, establishment"
321,The Art Gallery Cafe,"Yetakha Baha:, Gangalal Marg, Kathmandu 46000, Nepal",27.7067966,85.3064786,4.9,Gangalal Marg,"art_gallery, cafe, store, food, point_of_interest, establishment"
322,Kumari Gift & Art Gallery,"P834+RC8, Gangalal Marg , Pyaphal Kathmandu , Maru, Nepal",27.7045463,85.3060248,4,Gangalal Marg,"art_gallery, store, point_of_interest, establishment"
323,"Nabin Art Creation, New Buspark","P8M6+QFR, Kathmandu 44600, Nepal",27.7344886,85.311154,5,Kathmandu,"art_gallery, point_of_interest, establishment"
324,Anush Art Gallery,"chibal, Kathmandu 44600, Nepal",27.713323,85.311124,5,Kathmandu,"art_gallery, point_of_interest, establishment"
325,Yang Yang Thanka Art Private Limited,"Thamel Marg 26, Kathmandu 44600, Nepal",27.7176529,85.3118285,4,Kathmandu,"art_gallery, point_of_interest, establishment"
326,Dangol's Bird Art Gallery & art institute,"Kathmandu 44600, Nepal",27.6931503,85.2893099,4.5,Nepal,"art_gallery, point_of_interest, establishment"
327,THE HIMALAYAN ART GALLERY,"दरबार मार्ग सडक, Kathmandu 44600, Nepal",27.7121072,85.317899,5,Kathmandu,"art_gallery, furniture_store, home_goods_store, store, point_of_interest, establishment"
328,21st century art gallery,"Kathmandu 44600, Nepal",27.715548,85.3094968,4.6,Nepal,"art_gallery, museum, point_of_interest, establishment"
329,Rincheling Thanka Gallery and Art School,"Boudha Rd, Kathmandu 44602, Nepal",27.722027,85.362487,4.7,Kathmandu,"art_gallery, point_of_interest, establishment"
330,New Himalayan Art Gallery,"P869+FGP, पर्यटक मार्ग, Kathmandu 44600, Nepal",27.7112103,85.318802,4.2,पर्यटक मार्ग,"art_gallery, museum, point_of_interest, establishment"
331,Art Nepal,"P8G8+6QC, Bal Kumari Marg, Kathmandu 44600, Nepal",27.7255601,85.3169041,5,Bal Kumari Marg,"art_gallery, point_of_interest, establishment"
332,Atelier 2 Fine Art Gallery,"Dallu Aawas Marg, Kathmandu 44600, Nepal",27.7090434,85.2958004,5,Kathmandu,"art_gallery, museum, point_of_interest, establishment"
333,Lapis Thanka & Art Gallery Shop,"Tridevi Sadak, Kathmandu 44600, Nepal",27.7144161,85.3118797,4.9,Kathmandu,"museum, point_of_interest, store, establishment"
334,Bhav Art Gallery,"Ward No. 3 (Near to Shivapuri Higher Secondary School, Shimana Marga, Kathmandu 44600, Nepal",27.7298617,85.328801,4,Shimana Marga,"art_gallery, point_of_interest, establishment"
335,Rainbow Thanka Gallery,"Thamel Marg 453, Kathmandu 00977, Nepal",27.7151667,85.3115293,5,Kathmandu,"art_gallery, museum, point_of_interest, store, establishment"
336,LA gallery,"Unnamed Road, Kathmandu 44600, Nepal",27.7224593,85.3618253,2.9,Kathmandu,"art_gallery, point_of_interest, establishment"
337,Reva Art Gallery,"M8GG+3CC durbar square, Lalitpur, Nepal",27.6752292,85.3258866,4.9,Lalitpur,"art_gallery, point_of_interest, establishment"
338,The Spiritual Arts,"Thaina-6, Lalitpur 44700, Nepal",27.6695101,85.3262453,4.9,Lalitpur,"art_gallery, point_of_interest, establishment"
339,Classic gallery,"M8HG+P79, Chakupat Rd, Lalitpur 44600, Nepal",27.6792967,85.3257494,4.2,Chakupat Rd,"art_gallery, point_of_interest, establishment"
340,Dipak Art Gallery,"M849+CMV, Lalitpur 44700, Nepal",27.6561069,85.3191794,5,Lalitpur,"art_gallery, point_of_interest, establishment"
341,AS Handicrafts & Art Gallery,"Gakyaba Marga, Lalitpur 44700, Nepal",27.6713409,85.3201495,5,Lalitpur,"art_gallery, point_of_interest, establishment"
342,Araniko Newa And Traditional Arts,"Patan durbar square,krishna temple, Lalitpur 44600, Nepal",27.6738129,85.3249196,5,krishna temple,"art_gallery, point_of_interest, establishment"
343,Himalayan Art Gallery Jhamsikhel,"Opposite Vivanta Hotel, Jhamsikhel Road 3, Lalitpur 44600, Nepal",27.6767742,85.3102178,4.2,Jhamsikhel,"art_gallery, museum, point_of_interest, establishment"
344,Thanka Art Gallery,"Kwalakhu Rd, Lalitpur 44700, Nepal",27.6741911,85.3245895,4.1,Lalitpur,"art_gallery, museum, point_of_interest, establishment"
345,ADVENTURE ART GALLERY,"भिन्द्यो क्व - सौग: लँ, Lalitpur 44700, Nepal",27.6740859,85.3252345,5,Lalitpur,"art_gallery, museum, point_of_interest, store, establishment"
346,Mithila Things Art gallery,"M8GC+PPJ, Lalitpur 44600, Nepal",27.6768328,85.3217531,5,Lalitpur,"art_gallery, point_of_interest, establishment"
347,ART DECOR,"M8M9+59F, Lalitpur 44700, Nepal",27.6829574,85.3183737,5,Lalitpur,"art_gallery, point_of_interest, establishment"
348,Gallery of Creatives,"Sanepa Chowk, Lalitpur 44600, Nepal",27.6851703,85.30711,3.8,Lalitpur,"art_gallery, point_of_interest, establishment"
349,Gallery Station,"Lalitpur 44600, Nepal",27.6777601,85.3145745,0,Nepal,"art_gallery, point_of_interest, establishment"
350,HUNGRY EYE ART GALLERY,"Lalitpur 44700, Nepal",27.6783642,85.3113835,0,Nepal,"art_gallery, museum, point_of_interest, establishment"
351,Brush Strokes Art Gallery,"Lalitpur 44600, Nepal",27.6786833,85.3104654,0,Nepal,"art_gallery, point_of_interest, establishment"
352,The Idyllic Paintings,"M899+F2W, Lalitpur 44600, Nepal",27.6687445,85.3175768,0,Lalitpur,"art_gallery, point_of_interest, establishment"
353,Prints of Nepali Art,"M8M7+F2H, Bakhundol, Lalitpur 44600, Nepal",27.6837129,85.3126378,5,Bakhundol,"art_gallery, point_of_interest, establishment"
354,Nuwakot 3D Art Museum,"buspark, Nuwakot 44900, Nepal",27.9038104,85.1444163,0,Nuwakot,"museum, point_of_interest, establishment"
355,Sachin Art Gallery,"Syangja- Sataun Road, Putalibazar 33800, Nepal",28.1043191,83.8738888,0,Putalibazar,"art_gallery, point_of_interest, establishment"
356,Zorig Thangka Gallery,"Charumati Vihar, Kathmandu 44602, Nepal",27.7213159,85.361306,4.8,Kathmandu,"art_gallery, point_of_interest, store, establishment"
357,Chitra Nepal,"Kathmandu 44600, Nepal",27.7243947,85.3224065,5,Nepal,"art_gallery, point_of_interest, establishment"
358,Shrestha Art Gallery,"Siddhartha Sadak, Kathmandu 44600, Nepal",27.7109732,85.2938535,5,Kathmandu,"art_gallery, point_of_interest, establishment"
359,Newa Gallery,"Temple, Kathmandu 00977, Nepal",27.7152926,85.290278,5,Kathmandu,"art_gallery, home_goods_store, point_of_interest, store, establishment"
360,Art of Nepalaya,"Kathmandu 44600, Nepal",27.7105952,85.3116353,0,Nepal,"art_gallery, point_of_interest, establishment"
361,Arjun Nepali Arghakhanchi,"Arghakhanchi malarani -8, chhahara, Nepal",28.0732956,83.0484613,0,chhahara,"museum, point_of_interest, establishment"
362,Shree Shreedharacharya Saligram Museum,"7HWQ+44X, Baglung, Nepal",28.2953507,83.5878706,4.6,Baglung,"museum, point_of_interest, establishment"
363,हिलियापानी धारो,"7HMC+3J9, Baglung 33300, Nepal",28.2826616,83.5716231,5,Baglung,"museum, point_of_interest, establishment"
364,कुमलेको पहरो,"7HMF+63X, Baglung 33300, Nepal",28.2831065,83.5727261,5,Baglung,"museum, point_of_interest, establishment"
365,Brass and Bronze Museum,"Bhaktapur 44800, Nepal",27.6735419,85.4357212,4.1,Nepal,"museum, point_of_interest, establishment"
366,"Falaicha Art,Culture And Museum Stay","Bhojpur 57000, Nepal",27.1567158,87.0843056,5,Nepal,"museum, point_of_interest, establishment"
367,सहिद अजबलाल ऐसमारक,"R3J4+MRP, Dhanusadham 45600, Nepal",26.8317219,86.0570743,3.5,Dhanusadham,"museum, point_of_interest, establishment"
368,Taragaon Next,"Boudhanath Sadak, Kathmandu 44600, Nepal",27.7201823,85.3561869,4.2,Kathmandu,"museum, point_of_interest, establishment"
369,The City Museum Kathmandu,"P869+F82, पर्यटक मार्ग, Kathmandu 44600, Nepal",27.7111816,85.3182855,2.5,पर्यटक मार्ग,"art_gallery, museum, point_of_interest, establishment"
370,Aviation Museum,"44600, Kathmandu, Nepal",27.6938316,85.3538524,4,Kathmandu,"museum, tourist_attraction, point_of_interest, establishment"
371,Military Museum,"Kathmandu 44600, Nepal",27.7065591,85.289711,4.4,Nepal,"tourist_attraction, museum, point_of_interest, establishment"
372,Birendra Museum,"Kot Square, Gangalal Marg, Kathmandu 44600, Nepal",27.7040812,85.3073134,4,Gangalal Marg,"museum, point_of_interest, establishment"
373,Tribhuvan Museum,"P834+PW9, Kathmandu 44600, Nepal",27.7042985,85.3073738,4.5,Kathmandu,"museum, point_of_interest, establishment"
374,Natural History Museum,"P77Q+M46 Natural Science Museum of Tribhuvan University, Swayambhu Cir Rd, Kathmandu 44600, Nepal",27.7145936,85.2879659,4.2,Swayambhu Cir Rd,"museum, tourist_attraction, point_of_interest, establishment"
375,Shree Sadan,"Palace Museum, Kathmandu 44600, Nepal",27.7151866,85.3208639,3.9,Kathmandu,"museum, point_of_interest, establishment"
376,Purna Museum of Newa Art,"Kupondole Hts Rd, Lalitpur 44700, Nepal",27.6835819,85.318023,5,Lalitpur,"museum, point_of_interest, establishment"
377,RICH museum of Craft and Design,"J8M9+949, Lalitpur 44700, Nepal",27.6334191,85.3178297,4.5,Lalitpur,"museum, point_of_interest, establishment"
378,Limbu Museum,"M848+QCC, Timba Sirak Factory, Lalitpur 44700, Nepal",27.6568711,85.3160227,3.7,Timba Sirak Factory,"museum, point_of_interest, establishment"
379,दुपाःत्वाः पुखुसि फल्चा ( Phukhusi Phalcha ),"Lalitpur 44600, Nepal",27.6695813,85.330258,5,Nepal,"museum, point_of_interest, establishment"
380,Newa stone craft,"M8CJ+29V, Bhinchhen Baha Marg Uttar, Lalitpur 44600, Nepal",27.6701056,85.3308545,4.7,Bhinchhen Baha Marg Uttar,"museum, point_of_interest, establishment"
381,TIBETAN SINGINGBOWL CENTER,"भिन्द्यो क्व, Bhimshen ,(Bangalaamukhi marga, Lalitpur 44600, Nepal",27.674199,85.3252728,4.8,Bhimshen,"museum, point_of_interest, establishment"
382,Dhalachhen,"M89H+JMJ, Tyagal - Lalitpur Rd, Lalitpur 44600, Nepal",27.6690774,85.3291483,4,Tyagal - Lalitpur Rd,"museum, point_of_interest, establishment"
383,Khukuri house gallery,"Patan industrial estate, Lalitpur 44700, Nepal",27.664022,85.3265519,5,Lalitpur,"museum, point_of_interest, establishment"
384,NIRVANA THANGKA GALLERY,"क्वाल्खु, Lalitpur 44700, Nepal",27.6746172,85.3249087,3.3,Lalitpur,"museum, point_of_interest, establishment"
385,PEACE GALLERY IMPEX,"M8GF+3HW, धलायचा लँ, Lalitpur 44700, Nepal",27.6752292,85.3239631,4,धलायचा लँ,"museum, point_of_interest, establishment"
386,TARA ART CONCERN,"M8FF+RQ5, Kwalakhu Rd, Lalitpur 44700, Nepal",27.6745021,85.3244867,5,Kwalakhu Rd,"museum, point_of_interest, establishment"
387,Shakya Siddhartha Thanka Painting School,"M8FF+XWV, Kwalakhu Rd, Lalitpur 44700, Nepal",27.674972,85.3248044,5,Kwalakhu Rd,"museum, point_of_interest, establishment"
388,Gyanlal Handcraft,"M8CG+RQ7, Lalitpur 44700, Nepal",27.6720413,85.3269305,4.6,Lalitpur,"museum, point_of_interest, establishment"
389,Nepalese Crafts Pvt. Ltd.,"Patan Industrial Estate, Thulo Chakra, Lalitpur 44700, Nepal",27.6624185,85.3245447,4.3,Thulo Chakra,"museum, point_of_interest, establishment"
390,PATAN FINE ART,"M8FF+VX9, Kwalakhu Nhoolan Marg, Lalitpur 44700, Nepal",27.6745993,85.3249616,0,Kwalakhu Nhoolan Marg,"museum, point_of_interest, establishment"
391,इतिहास हस्तकला,"M8FF+JW6, भिन्द्यो क्व - सौग: लँ, Lalitpur 44700, Nepal",27.6740334,85.3247752,3,भिन्द्यो क्व - सौग: लँ,"museum, point_of_interest, establishment"
392,Bodhisattva International,"House no 91, Diamond Marg, Lalitpur 44600, Nepal",27.6837017,85.3179958,0,Diamond Marg,"museum, point_of_interest, establishment"
393,Babu Ratna Stone Carving,"मंगलबजार रोड, Lalitpur 44700, Nepal",27.6690297,85.3289959,4.3,Lalitpur,"museum, point_of_interest, establishment"
394,Adi Buddha Handicraft,"PatakwoGalli, Lalitpur 44600, Nepal",27.6736156,85.3262615,1,Lalitpur,"museum, point_of_interest, establishment"
395,The Unique Handicraft अनुपम हस्तकला,"Kwalakhu Rd, Lalitpur 44700, Nepal",27.6740611,85.324218,2.5,Lalitpur,"museum, point_of_interest, establishment"
396,Satyamohan Joshi Loksahitya Sangrahalaya,"M8FG+3PX, Lalitpur 44600, Nepal",27.6726257,85.3267868,0,Lalitpur,"museum, point_of_interest, establishment"
397,Utpala Arts,"M8GC+GV9, धलायचा लँ, Lalitpur 44600, Nepal",27.6763445,85.3222694,4.7,धलायचा लँ,"museum, point_of_interest, store, establishment"
398,Gautam Gift Emporium,"22 Kwalakhu rd, near Golden Temple, Lalitpur 44600, Nepal",27.6752072,85.3247581,5,near Golden Temple,"museum, point_of_interest, store, establishment"
399,Pwasya Metal Craft,"Ward no. 12 Tangal, Lalitpur 44700, Nepal",27.6692539,85.3244157,5,Lalitpur,"museum, point_of_interest, establishment"
400,JUJU HANDICRAFT EXPORTERS,"Chakupat-11, Lalitpur 44700, Nepal",27.6803221,85.3253013,0,Lalitpur,"museum, point_of_interest, establishment"
401,Ashoka Handicrafts,"Nagbahal, Khachhen 44700, Lalitpur 44700, Nepal",27.6754538,85.3236608,5,Khachhen,"art_gallery, museum, point_of_interest, store, establishment"
402,Seolee Handicraft,"M87H+C3G, Deepawali Marg, Lalitpur 44700, Nepal",27.6635727,85.3277043,0,Deepawali Marg,"museum, point_of_interest, establishment"
403,Manang Culture Museum,"M28F+4MQ, Tanki Manang 33500, Nepal",28.6653597,84.024244,4,Tanki,"museum, point_of_interest, establishment"
404,Shiv Temple Lalparsa Ghat,"QPMV+WP2, Lal Parsa, Bihar 845433, India",26.7847675,84.7442684,4.5,Lal Parsa,"museum, point_of_interest, establishment"
405,single mango tree,"4V69+WJW, Pyuthan 22300, Nepal",28.1123578,82.8690674,0,Pyuthan,"museum, point_of_interest, establishment"
406,Tarakhase pokhari,"8477+5HG, Ramechhap Road, Ramechhap 45400, Nepal",27.3129484,86.113946,3.3,Ramechhap Road,"museum, point_of_interest, establishment"
407,Sindhuli Gadhi War Museum,"7XH4+QCP Sindhuligadi Memorial Park, Dhulikhel Sindhuli Bhittamod Rajmarg, Jalkanya 45900, Nepal",27.2794969,85.9561365,4.5,Dhulikhel Sindhuli Bhittamod Rajmarg,"museum, point_of_interest, establishment"
408,Chaurasia Tole,"J5HR+63M, Siraha 56500, Nepal",26.6280983,86.1901659,0,Siraha,"museum, point_of_interest, establishment"
409,Bindash dj (Bali yadav),"J5QP+V4X nabraj 5, Siraha 56500, Nepal",26.6397409,86.1853474,0,Siraha,"museum, point_of_interest, establishment"
410,Saka new plat,"M6MJ+8R7, Siraha 56500, Nepal",26.6832938,86.2320519,0,Siraha,"museum, point_of_interest, establishment"
411,Everest Science Center Nepal,"Barju - 5, Sitagunj, Sunsari, Nepal Sitagunj, Nepal",26.4476094,87.2126916,3.6,Sitagunj,"museum, point_of_interest, establishment"
412,Central Zoo,"Jawalakhel Rd, Lalitpur 44600, Nepal",27.672704,85.3118294,4,Lalitpur,"zoo, point_of_interest, establishment"
413,Golfutar Sunrise Point,"P8CF+HQ6, Kathmandu 44600, Nepal",27.7456033,85.3487589,5,Kathmandu,"park, point_of_interest, establishment"
414,Nepal Trek Hub,"Bal Kumari Marg, Kathmandu 44600, Nepal",27.7259526,85.3176154,5,Kathmandu,"travel_agency, park, point_of_interest, establishment"
415,By Mountain People | unlock your next trekking adventure,"Kathmandu 44600, Nepal",27.7267295,85.3150398,4.9,Nepal,"travel_agency, park, store, point_of_interest, establishment"
416,Sandakpur View Tower,"Ilam 57300, Nepal",27.1046917,88.001054,4.5,Nepal,"park, point_of_interest, establishment"
417,Maitighar Mandala,"M8VC+R5R, Kathmandu 44600, Nepal",27.6944693,85.3203174,4.2,Kathmandu,"park, point_of_interest, establishment"
418,Shahid Dharma Bhakta Statue,"P86Q+VG7, Kathmandu 44600, Nepal",27.7121558,85.3387878,4,Kathmandu,"park, point_of_interest, establishment"
419,Bakhetro Samabeshi Bakhra Utpadan Firm,"Dudesota khola Dang, Ghorahi 22400, Nepal",28.0576212,82.4734103,5,Ghorahi,"zoo, point_of_interest, establishment"
420,Nepal Wildlife Resort Pvt Ltd,"2nd Floor bhagbanbahal, Kathmandu 44600, Nepal",27.7153902,85.3123293,4.3,Kathmandu,"zoo, park, point_of_interest, establishment"
421,Zebra House,"M9Q5+45J, Kathmandu 44600, Nepal",27.687829,85.357882,3,Kathmandu,"zoo, point_of_interest, establishment"
422,Bhaktapur Durbar Square LAYAKU,"Bhaktapur 44800, Nepal",27.6722475,85.4274454,4.8,Nepal,"museum, point_of_interest, establishment"
423,The Peacock Shop,"Behind Dattatraya Temple Near the Peacock Window, Bhaktapur 44800, Nepal",27.6732197,85.4358238,4.9,Bhaktapur,"tourist_attraction, museum, store, place_of_worship, point_of_interest, establishment"
424,LOTUS THANKA ART HANDICRAFTS,"Shree Gha Bihar Rd, Kathmandu 44600, Nepal",27.7094017,85.3098541,4.8,Kathmandu,"museum, point_of_interest, store, establishment"
425,The Precious Arts,"Chushika, Hakha Bahal Galli, Lalitpur 44600, Nepal",27.6726296,85.3266042,4.9,Hakha Bahal Galli,"art_gallery, store, point_of_interest, establishment"
426,Bhraka Gomba.,"M25R+H95, Manang Sadak, Bhraka 33500, Nepal",28.6588589,84.0410151,4.8,Manang Sadak,"museum, point_of_interest, establishment"
427,Curio Concern,"Durbar Marg, Kathmandu 44600, Nepal",27.711452,85.3174464,2.5,Kathmandu,"art_gallery, jewelry_store, furniture_store, home_goods_store, store, point_of_interest, establishment"
428,Blue Moon Curio Shop,"Ganesh Man Building, J.P Road, Kathmandu 44600, Nepal",27.7135107,85.3100631,4.5,J.P Road,"art_gallery, store, point_of_interest, establishment"
429,Children's Art Museum of Nepal (CAM Nepal),"P86C+CWC Buddha Air Building (Top Floor, Hattisar Sadak, Kathmandu 44600, Nepal",27.7110516,85.322258,4.2,Hattisar Sadak,"museum, point_of_interest, establishment"
430,Khaling Bhumethan2 (चोप्रा),"Solukhumbu, Juving 2, Mapay Dudkoshi 1, 56000, Nepal",27.5988971,86.6924815,5,Juving,"museum, point_of_interest, establishment"
431,श्री सुपा देउराली मन्दिर (अर्घाखाँची ),"W42P+3GJ, Sitapur, Arghakhanchi, सन्धिखर्क-गोरुसिंगे सडक, सितापुर 32700, नेपाल",27.90022,83.13627,4.6,Sitapur,
432,Radha Krishna Temple Mayurbasti,"Bardiya badhaiyatal -8 ,Mayurbasti, 21800, नेपाल",28.3102323,81.4278984,5,Mayurbasti,
433,काठमाडौं फन भ्याली,"अरनिको राजमार्ग Bhaktapur, अरनिको राजमार्ग Bhaktapur, सुर्यविनायक 44805, नेपाल",27.6467707,85.4670261,3.9,अरनिको राजमार्ग Bhaktapur,
434,"Shalom A G. Church , Bhojpur","Bhojpur Municipality - 06, भोजपुर 57000, नेपाल",27.1779842,87.0524338,0,भोजपुर,
435,ट्रीनिटी चर्च,"Beni Chock, Saradpur, Bharatpur-9, Chitwan, Nepal, 44200, नेपाल",27.6642258,84.434135,2.5,Saradpur,
436,Tripureshwor Shiva Mandir,"Bharatpur-9 Sharadpur, Chitwan, भरतपुर 44207, नेपाल",27.6596905,84.4412453,4.7,Chitwan,
437,शे-फोक्सुन्डो राष्ट्रिय निकुञ्ज,"Suligad, Dolpa Suligad, 21400, नेपाल",29.4532191,82.8013965,4.3,Dolpa Suligad,
438,Nareshwor gorkha,"M975+J48, Gorkha 44600, नेपाल",27.6640693,85.3577914,0,Gorkha,
439,खप्तड राष्ट्रिय निकुञ्ज,"10800, नेपाल",29.3782752,81.1416691,4.5,नेपाल,
440,हुपी ल्याण्ड जल उद्यान,"Kathmandu 44600, नेपाल",27.6620256,85.2875264,4.1,नेपाल,
441,Calvary Blessing Church-Achham,"6454+826, साकोट 10700, नेपाल",29.2082877,81.1043465,5,साकोट,
442,Ramaroshan Patal,"6C4Q+J44, 10700, नेपाल",29.2065143,81.4378249,4.3,10700,
443,जुमा मस्जिद मालकोट,"6G43+9WJ जुमा मस्जिद, मालकोट 21300, नेपाल",29.2059597,81.5047772,0,मालकोट,
444,"राष्ट्रिय संग्रहालय, छाउनी","Museum Marg, काठमाडौँ 44600, नेपाल",27.7057922,85.2895261,4.3,काठमाडौँ,
445,सदर चिडियाखाना,"Jawalakhel Rd, ललितपुर 44600, नेपाल",27.672704,85.3118294,4,ललितपुर,
446,नेपाल अक्वा स्टडियो,"Lazimpat Rd, काठमाडौँ 44600, नेपाल",27.7237678,85.3216457,4.9,काठमाडौँ,
447,G Art Gallery,"sundarbasti, tallo vangal, बुढानीलकण्ठ 44600, नेपाल",27.7473528,85.3519197,4.9,tallo vangal,
448,"Temple ,achham","53QJ+F6, साकोट 10700, नेपाल",29.189982,81.0813116,5,साकोट,
449,Achham Nepal binayak,"8822+MXP, 10700, नेपाल",29.3017043,81.3024528,0,10700,
450,Badatadi Picnic Spot,"RHWW+FF, दुल्लु 21600, नेपाल",28.8461861,81.5962345,0,दुल्लु,
451,Ramaroshan Lake,"10700, नेपाल",29.233918,81.4688798,4.4,नेपाल,
452,नरपानी पिक्निक स्थल,"W46W+M55, सन्धिखर्क-गोरुसिंगे सडक, सन्धीखर्क 32700, नेपाल",27.9116477,83.1454962,4.4,सन्धिखर्क-गोरुसिंगे सडक,
453,द वोन्डरल्याण्ड,"J8H4+37, कार्यविनायक 44700, नेपाल",27.6276875,85.3056875,4,कार्यविनायक,
454,सन्धिखर्क सुसमाचारका चर्च,"X4MH+Q7R, सन्धीखर्क 32700, नेपाल",27.984412,83.1280732,4.3,सन्धीखर्क,
455,Islamiya faijunnabi jama masjid,"X5J3+Q38, सन्धीखर्क 32700, नेपाल",27.9819185,83.1527453,3,सन्धीखर्क,
456,Razan bodey haouseyyy,"26VR+7X, रेसुङ्गा 32600, नेपाल",28.0423095,83.2421209,0,रेसुङ्गा,
457,Shrestha Aquarium House,"X4GF+GQW, सन्धीखर्क 32700, नेपाल",27.9763873,83.1244543,3.4,सन्धीखर्क,
458,लाहुरे टाँसिएको भिर,"V4XM+H3M, सितापुर 32700, नेपाल",27.8989692,83.1326776,4.2,सितापुर,
459,Argakhanchi Rock Garden,"24FX+79H, सन्धीखर्क 32700, नेपाल",28.0231931,83.1484697,4.4,सन्धीखर्क,
460,Deurali Arghakhanchi,"25XX+JVW, Deurali Chauri Rd, भगवती 32600, नेपाल",28.0491242,83.1997125,4.9,Deurali Chauri Rd,
461,जीप पार्क चौक,"7H9X+V93, क्याम्पस रोड, बागलुङ 33300, नेपाल",28.2696375,83.5984261,3.9,क्याम्पस रोड,
462,बुद्द हिल Buddha Hill,"7HMG+3Q6 Buddha Hill, बुद्ध, हिल 33300, नेपाल",28.282671,83.576902,4.7,बुद्ध,
463,Nepal christian baglung church,"7H8R+J5V, बागलुङ 33300, नेपाल",28.2666138,83.5904232,4,बागलुङ,
464,Manilal Smriti Viewpoint,"7J84+Q4J, Unnamed Road, 33300, नेपाल",28.2669696,83.6052784,4.6,Unnamed Road,
465,Abdul Rahman Masjid ram rekha Baglung,"7J83+4CM, बागलुङ 33300, नेपाल",28.265389,83.6036399,4.8,बागलुङ,
466,श्री श्रीधराचार्य शालिग्राम संग्राहलय,"7HWQ+44X, बागलुङ, नेपाल",28.2953507,83.5878706,4.6,बागलुङ,
467,Sarkari ban(pala),"7GCV+W4, पाला 33300, नेपाल",28.272319,83.5428145,0,पाला,
468,Bhakunde Fish Market,"6JQ5+579, भकुण्डे 33300, नेपाल",28.237925,83.6082346,4.5,भकुण्डे,
469,कालिका भगवती मन्दिर,"7J47+5C8, बागलुङ 33300, नेपाल",28.2554203,83.6135628,4.7,बागलुङ,
470,पञ्चकोट बाग्लुङ्ग,"बागलुङ 33300, नेपाल",28.2889122,83.5784161,4.4,नेपाल,
471,JYUTALI BAITADI,"GF99+CGM, Khalanga 10200, नेपाल",29.5185787,80.4688061,5,Khalanga,
472,Bethshalom Church,"P82C+4G9, काठमाडौँ 44600, नेपाल",27.7002536,85.3213627,5,काठमाडौँ,
473,Baitadi khakardhar,"GF99+CGM, Khalanga 10200, नेपाल",29.5185787,80.4688061,5,Khalanga,
474,Bairatpur Mosque,"भतौडा 44400, नेपाल",27.0341554,84.9615296,4.5,नेपाल,
475,ईजर,"8JCP+7G, अमरगढी 10300, नेपाल",29.3206897,80.6363362,0,अमरगढी,
476,Friends Aquatics Nepal,"मध्यपुर थिमि 44600, नेपाल",27.6799846,85.3763028,4.3,नेपाल,
477,श्री नीगलासैनी भगवती मन्दिर,"GFG8+6J6, Khalanga 10207, नेपाल",29.5255495,80.4665035,4.7,Khalanga,
478,"Pipalkot,Baitadi","HFV2+63X, श्रीकेदार 10200, नेपाल",29.5929514,80.4512259,5,श्रीकेदार,
479,देस्कोवेरी वोर्ल्ड तरेक,"Kaldhara Marg, काठमाडौँ 44600, नेपाल",27.7157974,85.3083157,5,काठमाडौँ,
480,Bhundole Ground,"J6PX+RQW, दक्षिणकाली 44600, नेपाल",27.637105,85.2494561,4.4,दक्षिणकाली,
481,बारिल झरना Baril waterfall,"H5H5+FR6, जयपृथ्वी 10500, नेपाल",29.578671,81.1595118,4.5,जयपृथ्वी,
482,"Ananta Mukti Church, Bajhang, Nepal (अनन्त मुक्ति चर्च)","Ringrode, जयपृथ्वी 10500, नेपाल",29.5509403,81.200997,3,जयपृथ्वी,
483,Chainpur bajhang,"H52X+QHJ, जयपृथ्वी 10500, नेपाल",29.5519527,81.1988883,4.4,जयपृथ्वी,
484,(धौलिगाड)( लघुजलविद्युत),"H2RG+7V, लेखगाउँ 10500, नेपाल",29.5906907,81.0271282,5,लेखगाउँ,
485,राष्ट्रिय कला सङ्ग्रहालय,"MCCH+W55, Durbar square Durbar Square, भक्तपुर 44800, नेपाल",27.6721934,85.4281506,4.2,Durbar square Durbar Square,
486,Bhaktapur Aquarium,"सुर्यविनायक 44800, नेपाल",27.6639935,85.4261263,3.9,नेपाल,
487,Masta temple Bhandari gaun bhatekhola Bajhang,"H64X+555, भाटेखोला 10500, नेपाल",29.5553965,81.2479838,5,भाटेखोला,
488,Bhopur Darbar (Bhopur Palace),"H645+VFV, जयपृथ्वी 10500, नेपाल",29.5572377,81.2086771,4.3,जयपृथ्वी,
489,"Jayaprithvinagar, Bajhang","G4J3+W93, कडेल 10500, नेपाल",29.5322548,81.1034166,4.3,कडेल,
490,"Lokhada, Khaptad-channa Bajhang","C48V+G58, 10500, नेपाल",29.4162974,81.1429634,5,10500,
491,Vajra Fulbari Nagar Udhyan (Dikulpuja Park),"Chapagaun to, F24, झरुवाराशी 44700, नेपाल",27.6074903,85.3331856,4.3,F24,
492,Church of Lord's Grace,"बडीमालिका 10600, नेपाल",29.456993,81.4791511,4.2,नेपाल,
493,Nuri Jama Masjid Nabin,"Q2VG+VC, कजरा रमौल 45600, नेपाल",26.7945691,86.0261703,5,कजरा,
494,राष्ट्रिय काष्ठकला सङ्ग्रहालय,"MCFP+86P, भक्तपुर 44800, नेपाल",27.673326,85.435567,4.6,भक्तपुर,
495,"Tribeni patan, Bajura","P9W3+5Q4, Kailashmandau 44600, नेपाल",27.7453826,85.3544733,4,Kailashmandau,
496,Jarayotar Statue,"562V+CC4, जरायोटार 57000, नेपाल",27.1510047,87.2435763,4.3,जरायोटार,
497,Khopra Trek Nepal,"Pattipa, Bagdol, ललितपुर 44600, नेपाल",27.6708563,85.3011228,5,Bagdol,
498,सल्लाघारी पिकनिक स्थल,"PF5Q+J28, नगरकोट पदयात्रा मार्ग, महामञ्जुश्री नगरकोट, नेपाल",27.7090273,85.4875642,4.2,नगरकोट पदयात्रा मार्ग,
499,Kakrabari,"Doleshwor-Aashapur Rd, सुर्यविनायक, नेपाल",27.6344015,85.4636161,4.6,सुर्यविनायक,
500,बाँके राष्ट्रिय निकुञ्ज,"Banke, 21904, नेपाल",28.2276507,81.7072105,4.1,21904,
501,Wonderland Water Park,"4M75+26, Ratna Rajmarg H12 (Nepalganj-Surkhet Road), नेपालगञ्ज 21900, नेपाल",28.1122643,81.6581918,4,Ratna Rajmarg H12 (Nepalganj-Surkhet Road),
502,"Balidan AG Church, Sikta","बाँके राष्ट्रिय निकुञ्ज, Sikta, Raptisonari-1, नेपाल",28.0343512,81.9795524,5,Sikta,
503,श्री बागेश्वरी मंदिर,"नेपालगञ्ज 21900, नेपाल",28.0617648,81.6237633,4.5,नेपाल,
504,HASHMATI MASJID UP MAHA NAGAR PALIKA 5 NEPALGUNJ BANKE NEPAL,"3J3M+X8P, नेपालगञ्ज 21900, नेपाल",28.0549688,81.6333349,5,नेपालगञ्ज,
505,भानुभक्त चोक,"3J7H+M7F, New Rd, नेपालगञ्ज 21900, नेपाल",28.0640907,81.6282014,0,New Rd,
506,Ramblers Nepal Trekkng And Adventure Pvt. Ltd.,"3J6Q+9FW, नेपालगञ्ज 21900, नेपाल",28.0609983,81.6387091,3.8,नेपालगञ्ज,
507,Picnic park,"बाँसगढी 21800, नेपाल",28.3490936,81.7221675,4.8,नेपाल,
508,Banke National Park,"7MQ7+HWG, बाँसगढी 21904, नेपाल",28.288941,81.6648169,4.3,बाँसगढी,
509,बर्दिया राष्ट्रिय निकुञ्ज,नेपाल,28.3648644,81.5596427,4.4,,
510,Shanti Church,"C8PP+Q5G, महेन्द्र राजमार्ग, नेउलापुर 21800, नेपाल",28.4369346,81.3354598,5,महेन्द्र राजमार्ग,
511,Masjid bilal gorakh chaura bardiya,"5CR5+R6M, Munalbasti 21800, नेपाल",28.1920652,81.4080453,5,Munalbasti,
512,"Tharu Cultural Museum, Bardiya National Park, Thakurdwara","F63V+28H, ठाकुरद्धारा 21800, नेपाल",28.45258,81.2433413,4,ठाकुरद्धारा,
513,"Cage of the Tiger, Bardiya National Park","F63R+3HH, 21800, नेपाल",28.4526575,81.2414824,5,21800,
514,"Ambassa, Entry Point of Bardiya National Park","G86G+924, नेउलापुर 21800, नेपाल",28.5107288,81.3251272,4.2,नेउलापुर,
515,Chautari Community Church (Reformed),"MCCG+8JG, भक्तपुर 44800, नेपाल",27.6708014,85.4266027,5,भक्तपुर,
516,भक्तपुर दरबार क्षेत्र,"Durbar square, भक्तपुर 44800, नेपाल",27.67207,85.4282951,4.6,भक्तपुर,
517,भक्तपुर जामे मस्जिद,"MC9M+W8Q, अरनिको राजमार्ग, भक्तपुर 44800, नेपाल",27.6698252,85.4333642,4,अरनिको राजमार्ग,
518,भक्तपुर कला ग्यालरी,"MCCH+W55, भक्तपुर 44800, नेपाल",27.6722594,85.4279759,4.6,भक्तपुर,
519,वाकुपति नारायण मन्दिर,"MCFP+8RW, भक्तपुर 44800, नेपाल",27.6733709,85.4370815,4.7,भक्तपुर,
520,पचपन्न झ्याले दरवार,"Durbar Square, भक्तपुर 44800, नेपाल",27.6721673,85.4285799,4.7,भक्तपुर,
521,Bhaktapur Trekking Store,"भक्तपुर 44800, नेपाल",27.6702998,85.4282695,5,नेपाल,
522,नील बाराही बनभोज स्थल,"M9WW+5M6, मध्यपुर थिमि 44600, नेपाल",27.695404,85.3966293,4.1,मध्यपुर,
523,रानीकोट,"JCFH+V62, अनन्तलिङ्गेश्वर, नेपाल",27.6246392,85.4280041,4.3,अनन्तलिङ्गेश्वर,
524,Suntale,"63J5+VHH, भोजपुर 57000, नेपाल",27.2321898,87.0589991,3.8,भोजपुर,
525,Temke dada,"54R2+8W5, 57000, नेपाल",27.1907718,87.1023746,4,57000,
526,AQUA CLOSET,"Nagaun dobato, कीर्तिपुर 44618, नेपाल",27.6748205,85.2781001,4.4,कीर्तिपुर,
527,सिद्धकाली मन्दिर,"52FW+88P, भोजपुर 57000, नेपाल",27.1733185,87.0458387,4.4,भोजपुर,
528,Bhojpur bajar,"52CX+FF5, भोजपुर 57000, नेपाल",27.1711367,87.0487306,4.4,भोजपुर,
529,चखेवा CHAKHEWA,"5WXH+W66, भोजपुर 57000, नेपाल",27.1997846,86.9280252,4.5,भोजपुर,
530,"Chakhewa, Bhojpur","6W2M+F36, 57000, नेपाल",27.2014599,86.9331294,4.5,57000,
531,चितवन राष्ट्रिय निकुञ्ज,नेपाल,27.519285,84.3135318,4.4,,
532,James World Fun Park,"Adhwait Chok, Lanku, भरतपुर 44207, नेपाल",27.6767952,84.4068844,3.9,Lanku,
533,Makki Jame Masjid مسجد,"MCRC+CRP, भरतपुर 44200, नेपाल",27.6909815,84.4220117,4.5,भरतपुर,
534,थारु सांस्कृतिक संग्रहालय तथा अनुसन्धान केन्द्र,"रत्‍ननगर 44200, नेपाल",27.5823711,84.5077146,4.1,नेपाल,
535,Chitwan National Park (Sauraha),"HFFV+Q6W, रत्‍ननगर 44200, नेपाल",27.5743603,84.4933382,4.5,रत्‍ननगर,
536,Nepal Aquarium & Decoration House,"MCXG+RWH, Pragati Path, भरतपुर 44207, नेपाल",27.699603,84.4273097,4,Pragati Path,
537,Creative Art Gallery,"HFGV+XM4, Baadreni Road, रत्‍ननगर 44200, नेपाल",27.5773864,84.4942165,3.7,Baadreni Road,
538,गैंडा प्रतिमा,"HFGV+WJX, रत्‍ननगर 44204, नेपाल",27.577371,84.4941048,4.4,रत्‍ननगर,
539,The Chitwan Jungle Guides(Crazy Tiger's Trek & Tours),"Bachhaili Road, रत्‍ननगर 44204, नेपाल",27.5766502,84.4965941,4.6,रत्‍ननगर,
540,SanoGadi Picnic Spot,"भरतपुर 44200, नेपाल",27.6938142,84.358316,4.1,नेपाल,
541,टिकौली जंगल,"JFG7+9CV, भरतपुर 44204, नेपाल",27.6259771,84.4635565,4.3,भरतपुर,
542,"Amaragadhi Park, Dadeldhura","7HRX+W85, अमरगढी 10300, नेपाल",29.2922668,80.5983538,4.5,अमरगढी,
543,Dream World Amusement Pvt. Ltd.,"Ghumaune Tol, चन्द्रागिरी 7, नेपाल",27.6862568,85.2182448,4.9,चन्द्रागिरी,
544,"New India Church of God, Dedaldura, Nepal","H14, 10300, नेपाल",29.3507534,80.6063778,4,10300,
545,अमरगढी किल्ला,"7HXP+VFP, H14, अमरगढी 10300, नेपाल",29.2997091,80.5861974,4.4,H14,
546,GHAUSIA JAMA MASJID Bhimdatta Nagar Palika 4 Street (Gali) No (1) MahindraNagar Dist. KanchanPur SudurPashchim ( Nepal ),"X58J+5Q8, Hospital Link, भीमदत्त 10400, नेपाल",28.96546,80.1819578,5,Hospital Link,
547,Mahendranagar museum,"X59Q+W9V, भीमदत्त 10400, नेपाल",28.969822,80.1884121,3.8,भीमदत्त,
548,उग्रतारा मन्दिर,"8JJ3+QWX श्री उग्रतारा भगवती मन्दिर, H14, अमरगढी 10300, नेपाल",29.3345505,80.6036245,4.7,H14,
549,Bhimdatta Panta Statue,"7HXQ+3JX, गडी मार्ग, अमरगढी 10300, नेपाल",29.2976952,80.5891414,3,गडी मार्ग,
550,डडेलधुरा,"डडेलधुरा, नेपाल",29.2188245,80.4993857,,नेपाल,
551,एडभेन्चर ट्रेक्स नेपाल प्रा लि,"ठमेल मार्ग, काठमाडौँ 44600, नेपाल",27.713566,85.3112769,5,काठमाडौँ,
552,Danda khali,"3H89+V4, बुडर 10900, नेपाल",29.0671962,80.5677505,0,बुडर,
553,घासको मेला-भुड्डीसल्ला,"9QPW+3R, 10200, नेपाल",29.3851875,80.7970625,5,10200,
554,Barhakune Park,"3FFP+W4R, घोराही 22400, नेपाल",28.0748617,82.4852598,4.6,घोराही,
555,Dream Park,"घोराही 22400, नेपाल",28.0046875,82.4981875,4.4,नेपाल,
556,Balidan AG Church Ghorahi Dang,"2FQH+VHV, घोराही 22400, नेपाल",28.0397103,82.4789578,4.5,घोराही,
557,Sawarikot View Point,"2HF2+42R, लक्ष्मीपुर 22400, नेपाल",28.022852,82.550008,4.4,लक्ष्मीपुर,
558,Al salfiya zama mosque,"2FWQ+5R6, Nayabazar Rd, घोराही 22400, नेपाल",28.0454136,82.4895251,4.3,Nayabazar Rd,
559,"थारू साँस्कृतिक संग्रहालय, चखौरा","हेकुली 22412, नेपाल",28.116195,82.2019462,4.1,नेपाल,
560,Happy Fish Aquarium Dang,"Gorakshya Toll, Deupur Road, लमही 00977, नेपाल",27.8730077,82.5158099,3.7,Deupur Road,
561,Poshan Arts,"47HX+W67, तुलसीपुर 22412, नेपाल",28.1297746,82.2980424,4.8,तुलसीपुर,
562,Pandaveshwor Mahadev Temple,"XCCW+J2X, घोराही - धर्ना सडक, धरना 22400, नेपाल",27.9716145,82.4450958,4.5,घोराही - धर्ना सडक,
563,BP Chowk,"2FVG+46, घोराही 22400, नेपाल",28.0384607,82.4888854,3.9,घोराही,
564,Shahid Netralal Chowk,"2FQP+QM5, F015, घोराही 22400, नेपाल",28.0393923,82.4867423,3.9,F015,
565,Hattikharka,"3G99+CP, घोराही 22400, नेपाल",28.0685794,82.5193116,4.5,घोराही,
566,Sisne Khola Picnic Spot,"2GG6+JM4, घोराही 22400, नेपाल",28.02652,82.5116878,5,घोराही,
567,पानीको इनार,"WX47+G975, WX47+G7, मिथिला 45600, नेपाल",26.9058968,85.9632062,4,WX47+G7,
568,Dhanushadham Church,"R3P6+8X7, धनुषाधाम 45600, नेपाल",26.835801,86.0623246,3,धनुषाधाम,
569,Dhanusha Dham To Way,"QW7H+4P5, जनकपुर 45600, नेपाल",26.7627621,85.9293596,4.7,जनकपुर,
570,धनुष द्वार गेट धनुषाधाम,"R2JW+374, धनुषाधाम 2, नेपाल",26.8301258,86.0457121,4.2,धनुषाधाम,
571,Noori Jama Masjid,"W23J+GWC, धनुषाधाम 45600, नेपाल",26.9038178,86.0323054,5,धनुषाधाम,
572,Janaki Mandir Historical Museum And Janaki Animation,"Unnamed Road, 45600, नेपाल",26.7301842,85.9253389,4.4,45600,
573,Janakpur aquarium house,"PWFF+VV6, जनकपुर 45600, नेपाल",26.7246574,85.9246464,3.8,जनकपुर,
574,Sunaina Mithila Art Gallery,"PWJG+4CC, जनकपुर 45600, नेपाल",26.7303108,85.9260225,4.8,जनकपुर,
575,Shree Hanuman Ram Janaki Mandir,"kumhara Dhanusha 45608Yagyabhumi,, धनुषाधाम 45600, नेपाल",26.884309,86.0390301,4.9,,
576,King Janak Monument,"PWVC+6M7, जनकपुर 45600, नेपाल",26.7430337,85.9216811,4.5,जनकपुर,
577,धनुषाधाम संरक्षित वन,"R3V2+X5F, धनुषाधाम 45600, नेपाल",26.8449378,86.0504111,4.2,धनुषाधाम,
578,ट्रेक नेपाल,"p886+429, काठमाडौँ 44600, नेपाल",27.7152409,85.310043,4.9,काठमाडौँ,
579,Champuja Greenery Park/Children Park,"45500, भिमेश्वर नगरपालिका, नेपाल",27.6779445,86.0786748,4.5,भिमेश्वर नगरपालिका,
580,Pokhari/पोखरी,"M3GF+FGP, भिमेश्वर नगरपालिका 45500, नेपाल",27.6762001,86.0735732,0,भिमेश्वर,
581,Dolakha Church,"G4VX+Q7M, हावा 45500, नेपाल",27.5444627,86.1481685,5,हावा,
582,"द्वाल्खा भिमदेउ, दोलखा भीमसेन मन्दिर","M3HG+5HW, भिमेश्वर नगरपालिका 45500, नेपाल",27.6779789,86.0764479,4.6,भिमेश्वर,
583,Aqsa masjid,"M27W+7J, भिमेश्वर नगरपालिका 45500, नेपाल",27.6632548,86.0465325,5,भिमेश्वर,
584,G.Sagar Aquarium,"गुणकामदेव मार्ग, काठमाडौँ 44614, नेपाल",27.7017294,85.3052411,4.1,काठमाडौँ,
585,Dolpo Art Gallery,"P9G9+MWX, बौद्ध सडक, काठमाडौँ 44602, नेपाल",27.7267552,85.3698507,4.8,बौद्ध सडक,
586,Sailungeshwor Mahadev,"HX6F+HRR, शैलुङेश्वोर 45500, नेपाल",27.5614829,85.9745015,4.6,शैलुङेश्वोर,
587,Kharidhunga Picnic Sport,"PW3Q+X99, तौथली, नेपाल",27.7048377,85.9384948,4.4,तौथली,
588,Bhorle Waterfall - भोर्ले झरना,"Q54Q+296, चरिकोट - लामबगर सडक, सुनखानी 45500, नेपाल",27.7550492,86.1883761,4.9,चरिकोट - लामबगर सडक,
589,NIM Dolpa Himalayan Church,"XQVR+CFX, Jiun 21400, नेपाल",28.9936413,82.791237,5,Jiun,
590,Upper Dolpa Trek,"C3MW+7X9, साल्दाङ 21400, नेपाल",29.433172,83.097497,4.1,साल्दाङ,
591,Jama Masjid Baluwa,"MW9G+J57, कञ्चनरुप 56400, नेपाल",26.6690297,86.9254081,3.9,कञ्चनरुप,
592,Dolpo Museum डोल्पो संग्राहलय,"C3GC+75, साल्दाङ 21400, नेपाल",29.42557,83.0705315,5,साल्दाङ,
593,Upper Dolpo Nepal,"Saldang 21400 Dolpo, 21400, नेपाल",29.3495942,82.9649802,4.8,21400,
594,Maafi Temple,"2HG5+4XH, कालिका 21400, नेपाल",29.0253037,82.5599773,5,कालिका,
595,डोल्पा,"डोल्पा, नेपाल",29.0538532,83.0790865,,नेपाल,
596,Upper Dolpo Trek,"Dolpo, साल्दाङ 21400, नेपाल",29.3796513,83.122279,4,साल्दाङ,
597,Bhimsen Thapa Park,"Bhimsen Park, Unnamed Road, 34000, नेपाल",28.0161464,84.6454358,4.2,Unnamed Road,
598,गोरखा संग्रालय,"Rani Pokhari Maarga, गोरखा 34000, नेपाल",27.9987262,84.6244287,4.4,गोरखा,
599,Masjid Gorkha,"गोरखा 34000, नेपाल",27.9935621,84.6283767,5,नेपाल,
600,Gorakhnath Temple,"M9RP+J73, मध्यपुर थिमि 44600, नेपाल",27.6915042,85.3856631,4.3,मध्यपुर,
601,Trekking in Nepal Info ( P. ) Ltd.,"भक्तपुर दरबार क्षेत्र, भक्तपुर 44800, नेपाल",27.6721761,85.4284397,4.4,भक्तपुर,
602,Monkey trail,"P7C8+738, Unnamed Road, नागार्जुन 44600, नेपाल",27.7206504,85.2652078,4.3,Unnamed Road,
603,Garjura Park,"रेसुङ्गा 32600, नेपाल",28.0777908,83.2536718,4.4,नेपाल,
604,Resunga Fun Park,"37H3+48X Resunga park, रेसुङ्गा 32600, नेपाल",28.0786431,83.2526608,4.5,रेसुङ्गा,
605,Shalom,"XF9X+2PH, आलमदेवी 33800, नेपाल",27.9675602,83.4993723,5,आलमदेवी,
606,Gulmi,"36CQ+MVX, रेसुङ्गा 32600, नेपाल",28.071732,83.2396642,4.4,रेसुङ्गा,
607,Tamghas masjid,"369R+37F, Tamghas, रेसुङ्गा 32600, नेपाल",28.0676722,83.2406554,5,Tamghas,
608,Musikot Palace मुसिकोट दरवार,"5768+7Q4, Musikot 32600, नेपाल",28.1605624,83.2668933,4.5,Musikot,
609,Pokharel Animal and Agricultural Farm,"VFM4+9F6, Deurali 32500, नेपाल",27.8834098,83.456153,5,Deurali,
610,Get Fish Aquarium,"J992+GV, गोदावरी 44700, नेपाल",27.618808,85.3520538,4.2,गोदावरी,
611,bhagwati mandir thama (sumanbc),"35MV+42R, gulmi 6, रेसुङ्गा 32600, नेपाल",28.0828625,83.1925156,0,gulmi,
612,Timure Taal,"492H+6P5, शान्तिपुर 32600, नेपाल",28.1005141,83.3793654,4.2,शान्तिपुर,
613,गुल्मी,"गुल्मी, नेपाल",28.088934,83.2934086,,नेपाल,
614,Pulkamukh Gulmi,"38RR+32F, Unnamed Road, तुराङ 32600, नेपाल",28.0901835,83.3400603,3.9,Unnamed Road,
615,Resunga Foot Trail,"378C+8PP, रेसुङ्गा 32600, नेपाल",28.065847,83.2718422,4.3,रेसुङ्गा,
616,KankeDeurali tourism spot purkotdaha gulmi,"43FC+95H, भनभने 32600, नेपाल",28.1234335,83.0704842,3.8,भनभने,
617,Somai_Danda,"26JG+F9, भगवती 32600, नेपाल",28.0312038,83.2259353,5,भगवती,
618,मुर्मा सिरान,"G2PQ+FWM, Rara lake, रारा, नेपाल",29.5362068,82.0397864,4.8,Rara lake,
619,"ग्रेस चर्च,श्रीनगर हुम्ला, Grace Church Adanchuli Rural Municipality Humla","MV67+Q57 ग्रेस चर्च, श्रीनगर 21000, नेपाल",29.6619971,81.862877,5,श्रीनगर,
620,हुम्ला,"हुम्ला, नेपाल",30.0051731,81.9534815,,नेपाल,
621,"Limi Valley, Humla","2X43+399, ठेहे 21000, नेपाल",30.0051731,81.9534815,0,ठेहे,
622,यालबाङ गुम्बा,"3J69+9C6, लिमी ल्हाप्चा सडक, मुचू 21000, नेपाल",30.0608684,81.6184289,4.7,लिमी ल्हाप्चा सडक,
623,SU FLOWERHORN AQUARIUM,"02, Lazimpat, 44600, नेपाल",27.7196446,85.3183573,3.5,Lazimpat,
624,Thehe humla,"5X8G+V47, ठेहे 21000, नेपाल",30.167168,81.9752995,5,ठेहे,
625,Humla chang la valley trek,"XV5W+Q5C, बरगाउँ 21000, नेपाल",29.9594469,81.8954011,3,बरगाउँ,
626,HIMALAYAN TREKKERS PVT.LTD,"POB. No: 20620, ठमेल मार्ग 26, काठमाडौँ 44600, नेपाल",27.7151201,85.3113085,4.9,ठमेल,
627,लिमी,"लिमी, नेपाल",30.3070715,81.647344,,नेपाल,
628,हिमालय सीनरी ट्रेकहरू प्राइवेट लिमिटेड,"Chhetrapati, काठमाडौँ 44600, नेपाल",27.7120932,85.3074167,4.7,काठमाडौँ,
629,Himalayan Companion Treks and Expedition,"Mhepi 29, काठमाडौँ 44600, नेपाल",27.7269229,85.3111875,4.1,काठमाडौँ,
630,Magical Nepal (P) Ltd.,"ठमेल मार्ग, काठमाडौँ 44600, नेपाल",27.7159329,85.3117579,4.9,काठमाडौँ,
631,सिमिकोट,"सिमिकोट 21000, नेपाल",29.9862834,81.8333656,,नेपाल,
632,Raling Hotel,"सिमिकोट 21000, नेपाल",29.972497,81.8182818,3.8,नेपाल,
633,simikot humla,"सिमिकोट 21000, नेपाल",29.9862834,81.8333656,5,नेपाल,
634,Rara National Park,"G3FH+GGX Rara Lake, रारा 21100, नेपाल",29.5238567,82.0788445,4.4,रारा,
635,"Aul puma, Humla","Q2R4+CG5, गोठी 21000, नेपाल",29.7910152,82.0063566,3,गोठी,
636,Fun Park Ilam,"WW5J+V2R, ईलाम 57300, नेपाल",26.9096976,87.9297417,4,ईलाम,
637,हिमालय क्रुसेड पेन्तीकोस्टल चर्च इलाम,"VWPF+7J9, ईलाम 57300, नेपाल",26.8856467,87.9241379,4.2,ईलाम,
638,इलाम भ्यू टावर,"Panitanki, ईलाम 57300, नेपाल",26.9141056,87.9274384,4.2,ईलाम,
639,"Pahadi jama masjid, ilam nagar palika","WW3F+2W4, ईलाम 57300, नेपाल",26.9017096,87.9237209,3,ईलाम,
640,चियाबारी कटेज,"WW7G+VFM Ilam, Bazar 57300, नेपाल",26.9147055,87.9261745,3.9,Bazar,
641,Ilam Art,"WW5G+XXV, ईलाम 57300, नेपाल",26.9099915,87.9274266,0,ईलाम,
642,सिंहबाहिनी मन्दिर,"WW4H+H3G, मेची राजमार्ग, ईलाम 57300, नेपाल",26.906431,87.9276968,4.6,मेची राजमार्ग,
643,The Triangle,"WW6G+855, ईलाम 57300, नेपाल",26.9107605,87.92549,4.5,ईलाम,
644,East Nepal Adventure Trekking & tour,"Bhanupath Ilam, Bazar 57300, नेपाल",26.9078005,87.9238777,5,Bazar,
645,Todke Jharna,"2WVW+JFR, ईलाम 57300, नेपाल",27.0441079,87.9461457,4.4,ईलाम,
646,Chapabot park,"PC39+R82, High School Bus Stand, चाँगुनारायण 44802, नेपाल",27.7045163,85.4182586,4.1,High School Bus Stand,
647,Church,"P9JP+JPQ, जनसुधार मार्ग, गोकर्णेश्वर 44600, नेपाल",27.7316138,85.3868602,0,जनसुधार मार्ग,
648,Jajarkot Risang,"खलङ्गा 21500, नेपाल",28.708275,82.1994492,5,नेपाल,
649,कश्मीरी जामा मस्जिद नेपाल काठमाडौं,"P859+G33, दरवार मार्ग, काठमाडौँ 44600, नेपाल",27.7087615,85.3176462,4.6,दरवार मार्ग,
650,Barekot 7 luhag Jajarkot,"P8H6+HG6, काठमाडौँ 44600, नेपाल",27.7289146,85.3112622,5,काठमाडौँ,
651,तिर हने jajarkot को राजाले,"M6FF+62, कोटजहारी 22000, नेपाल",28.6731144,82.2225179,5,कोटजहारी,
652,Salbari Park,"M2G7+366, Charali- Sanischare Rd, शनि अर्जुन 57205, नेपाल",26.6751638,88.0130266,4.3,Charali- Sanischare Rd,
653,ह्याप्पील्याण्ड फनपार्क,"MV4X+4HQ, कन्काई 57200, नेपाल",26.6553354,87.8989824,4.2,कन्काई,
654,New Church Bhangbari Jhapa,"MMXW+MJJ, दमक 57217, नेपाल",26.6992166,87.696525,5,दमक,
655,आदर्श टोल,"HV3R+FGP, Surunga - Jhapa Rd, शरणामती 57200, नेपाल",26.5538365,87.8916127,4.7,Surunga - Jhapa Rd,
656,Jama Masjid,"Jhapa Gaunpalika 3, शरणामती 57200, नेपाल",26.5455087,87.8942451,0,शरणामती,
657,Jhapa Natak Ghar,"MX2G+586, बिर्तामोड 57204, नेपाल",26.6504229,87.975756,4.4,बिर्तामोड,
658,Jamunkhadi Zoo,"MW36+6XX Jamunbadi Wetland Area, कन्काई 57200, नेपाल",26.6531057,87.9124977,3.9,कन्काई,
659,Exotic Aquariums and Pet Shop,"MM5X+Q53, दमक 57217, नेपाल",26.6593994,87.6979017,4.6,दमक,
660,DEHI ART,"Ward office road, West of Manisha Polyclinic, Mechinagar 6, नेपाल",26.6473659,88.1532933,4.5,West of Manisha Polyclinic,
661,Durgapur Jhapa,"JWMF+VMQ, कन्काई 57200, नेपाल",26.6392992,87.9287896,3.7,कन्काई,
662,यलम्बर चोक Yalamber Chowk,"MM7V+X25, Pashupati Oil Rd, दमक 57217, नेपाल",26.6648816,87.6926156,4.1,Pashupati Oil Rd,
663,झापा चोक,"G3QP+QPG, भद्रपुर 57200, नेपाल",26.5394291,88.0868179,5,भद्रपुर,
664,Trek 8586,"Ilaka Road, बिर्तामोड 57204, नेपाल",26.6425567,87.9960388,4.9,बिर्तामोड,
665,Minimountain Picnic Spot,"Q4FW+CG3, जिर्मले 57200, नेपाल",26.7735143,88.1462922,3.9,जिर्मले,
666,"Pragati Tol Danda, East-West Highway","J5W5+CV9, मेचीनगर, नेपाल",26.6460254,88.1597233,3.9,मेचीनगर,
667,Jumla Botanical Garden Dhitachaur,"76C4+Q98, देपालगाउँ 21200, नेपाल",29.2719153,82.2059395,5,देपालगाउँ,
668,Nepal Jagriti Church,"P9CF+XFF, गोकर्णेश्वर 44600, नेपाल",27.7224265,85.3736831,5,गोकर्णेश्वर,
669,जुम्ला,"जुम्ला, नेपाल",29.2889218,82.3017728,,नेपाल,
670,नेपाली जामे मस्जीद,"Jame Market, दरवार मार्ग, काठमाडौँ 44600, नेपाल",27.7068043,85.3166468,4.6,दरवार मार्ग,
671,"गुह्येश्वरी शक्तिपीठ मन्दिर, काठमाण्डौं","P963+G93, काठमाडौँ 44621, नेपाल",27.7112609,85.3534316,4.6,काठमाडौँ,
672,Jumla valley,"75FM+WCQ, चन्दननाथ 21200, नेपाल",29.2748377,82.183599,4.5,चन्दननाथ,
673,"Sinja Valley , Jumla","C268+HR, कनकासुन्दरी 21200, नेपाल",29.4114697,82.0171216,4.6,कनकासुन्दरी,
674,Hemraj's House,"75FH+FV8, jumla marga, चन्दननाथ 21200, नेपाल",29.2736648,82.1796897,0,jumla marga,
675,रारा ताल,"रारा ताल, रारा 21100, नेपाल",29.5238567,82.0788445,4.7,रारा,
676,Picnic sport jumla,"75WP+92J, चन्दननाथ 21200, नेपाल",29.29597,82.1850172,5,चन्दननाथ,
677,Simkhada picnic spot,"75WP+92, चन्दननाथ 21200, नेपाल",29.2959197,82.185034,5,चन्दननाथ,
678,Khali Chaur,"पातरासी 21200, नेपाल",29.3584662,82.1606537,4.5,नेपाल,
679,टीकापुर पार्क,"F4PH+P63, टिकापुर 10901, नेपाल",28.4867707,81.1280537,4.3,टिकापुर,
680,धनगढी फन सिटी प्रा. लि,"Bhansar Rd, धनगढी 10900, नेपाल",28.6929426,80.5566861,4,धनगढी,
681,Alpha Church,"J5H4+8P, लम्की चुहा, नेपाल",28.6285231,81.1560598,5,लम्की चुहा,
682,Jakhor Lake,"PJ4C+RVQ, धनगढी 10900, नेपाल",28.7070775,80.6222412,4,धनगढी,
683,Noori Jama Masjid PashupatiTol Dhangadhi (1) District Kailali SudurPashchim (Nepal),"Santoshi Road, धनगढी 10900, नेपाल",28.7012365,80.588241,4.2,धनगढी,
684,The Dhangadhi 3D Art Museum,"धनगढी 10900, नेपाल",28.7097596,80.5765835,3.8,नेपाल,
685,Maheshpur,"Andaiya badaipur, धनगढी 10911, नेपाल",28.7559515,80.8087056,4,धनगढी,
686,"New Ocean View Aquariums & Pet Shop, Dhangadhi","धनगढी 10900, नेपाल",28.7085446,80.5757235,4.6,नेपाल,
687,Roshan art gallery,"धनगढी 10900, नेपाल",28.7066993,80.5897058,5,नेपाल,
688,श्री बेहडा बाबा मन्दिर,"10900, नेपाल",28.7395886,80.7064898,4.4,नेपाल,
689,Lovely Chok,"धनगढी 10900, नेपाल",28.7164815,80.5950823,3.8,नेपाल,
690,राजकाँडा,"VVHQ+XXX, मोहन्याल 10900, नेपाल",28.88,80.89,4,मोहन्याल,
691,Valka kund picnic spot,"QJHW+35, अत्तरीया 10900, नेपाल",28.7776902,80.6454625,4.2,अत्तरीया,
692,मितेरी पार्क,"6X28+GFV, पोखरा 33700, नेपाल",28.2013727,83.9661579,4.2,पोखरा,
693,पोखरा डिज्नील्याण्ड,"Lakeside Khara, पोखरा 33700, नेपाल",28.2182839,83.9581569,4.1,पोखरा,
694,St. Anne’s Catholic Church,"6XFM+9P5, गणेशमान सिंह मार्ग, पोखरा 33700, नेपाल",28.2233822,83.9843868,4.3,गणेशमान सिंह मार्ग,
695,"Polyang, Kaski","Unnamed Road, 33700, 33700, नेपाल",28.1086002,84.2164607,4.3,33700,
696,Masjid Aqsa,"6266+4HF, पोखरा 33700, नेपाल",28.2102967,84.0114232,4.6,पोखरा,
697,अन्तर्राष्ट्रिय पर्वतीय संग्रहालय,"पोखरा 33700, नेपाल",28.1893016,83.9797849,4.4,नेपाल,
698,पोखरा जनावर क्षेत्र,"5454+5H2, लेखनाथ 33700, नेपाल",28.1578917,84.1064056,3.1,लेखनाथ,
699,पोखरा अक्वायरियम,"Nayabazar Rd, पोखरा 33700, नेपाल",28.2199902,83.9899451,3.9,पोखरा,
700,सरीया आर्ट ग्यालेरी,"Hotel yellow pagoda, पोखरा 33700, नेपाल",28.1965344,83.9701116,4.7,पोखरा,
701,विन्ध्यवासिनी मन्दिर,"Pokhara-Baglung Hwy Bindhyabasini, पोखरा 33700, नेपाल",28.2377642,83.984173,4.6,पोखरा,
702,Kaskikot Palace,"7WC3+RXX, कास्कीकोट 33700, नेपाल",28.2721091,83.9049714,4.5,कास्कीकोट,
703,The Mountain House Treks & expedition Pvt.Ltd - Trekking in Pokhara Nepal,"Nahar Marg street no 32, पोखरा 33700, नेपाल",28.2130688,83.9658096,5,पोखरा,
704,कास्कीकोट पिक्निक स्पट,"7W8G+Q4, पोखरा 33700, नेपाल",28.266974,83.925286,4.9,पोखरा,
705,"Kori Hill,कोरी डाँडा","C59H+796, नमर्जुंग 33700, नेपाल",28.4181717,84.1783894,4.6,नमर्जुंग,
706,रत्न पार्क,"रत्न पार्क पथ, काठमाडौँ 44600, नेपाल",27.7060531,85.3148081,3.9,काठमाडौँ,
707,काठमाडौं फन पार्क,"प्रदर्शनी मार्ग, काठमाडौँ 44600, नेपाल",27.701377,85.3203981,4,काठमाडौँ,
708,GREATER GRACE CHURCH KATHMANDU NEPAL,"pepsicola काठमाडौ महानगर पालिका ३२ पेप्सिकोला, 44600, नेपाल",27.6872969,85.3648296,3.7,44600,
709,स्वप्न बगैँचा,"P877+MR2, त्रिदेवी सडक, काठमाडौँ 44600, नेपाल",27.7141261,85.3145041,4.2,त्रिदेवी सडक,
710,तारागाउँ संस्कृति सङ्ग्रहालय,"बौद्धनाथ सडक, काठमाडौँ 44600, नेपाल",27.7201823,85.3561869,4.2,काठमाडौँ,
711,पशुपतिनाथ मन्दिर,"पशुपतिनाथ मार्ग, काठमाडौँ 44600, नेपाल",27.710512,85.3488125,4.7,काठमाडौँ,
712,काठमाडौं दरबार क्षेत्र,"काठमाडौँ 44600, नेपाल",27.7042737,85.307463,4.5,नेपाल,
713,पाटन दरबार क्षेत्र,"ललितपुर 44600, नेपाल",27.6726981,85.3253211,4.6,नेपाल,
714,Nepal Trekking Experts Pvt. Ltd.,"Amrit Marg,Thamel, Post Box: 23437, काठमाडौँ 44600, नेपाल",27.7157787,85.3128545,5,Thamel,
715,शंख पार्क,"P8MV+93R, Pragati Tole Marg, काठमाडौँ 44600, नेपाल",27.7334797,85.3426304,4.2,Pragati Tole Marg,
716,Kavre,"Layaku Rajmanch, Layaku, बनेपा 45210, नेपाल",27.6337163,85.5193611,4.4,Layaku,
717,"Nepali Evangelical Church (NEC), Banepa, Kavre, Nepal","JGM8+CGQ, बनेपा 45210, नेपाल",27.6335873,85.516362,5,बनेपा,
718,TINDHARA JHARANA WATERFALL BASE,"पाँगु 45200, नेपाल",27.487874,85.5652426,4.5,नेपाल,
719,पनौती संग्रहालय,"HGP8+2V7, Indreshwor Temple Square, पनौती 45209, नेपाल",27.5850271,85.51709,4.4,Indreshwor Temple Square,
720,Maa Chandeshwori Aquariums,"Banepa kwolan tole, बनेपा 45210, नेपाल",27.6330743,85.5186673,4.5,बनेपा,
721,इथुली फल्चा:,"MC8X+PPV, Unnamed Road, 44800, नेपाल",27.6668549,85.4492827,5,Unnamed Road,
722,Panauti Durbar Square पनौती दरबार क्षेत्र,"HGP8+255, पनौती 45209, नेपाल",27.5850165,85.5154733,4.6,पनौती,
723,काभ्रेपलान्चोक,"काभ्रेपलान्चोक, नेपाल",27.5285353,85.643487,,नेपाल,
724,Achakhel,"JGJG+WW6, Ghokechaur Marg, बनेपा 45210, नेपाल",27.6322896,85.5272634,0,Ghokechaur Marg,
725,Community Hike,"community hike, Sanga, पनौती, नेपाल",27.6416498,85.4778176,4.6,Sanga,
726,PANAUTI COMMUNITY PICNIC SPOT,"पनौती 45209, नेपाल",27.5980103,85.4993294,5,नेपाल,
727,"Manebhanjyang park, Sakela Gaaunpalika, khotang","56200, नेपाल",27.1601655,86.851728,4.6,नेपाल,
728,"Hantolung Park, Nunthala","6Q7V+GFP, दिक्तेल 56200, नेपाल",27.2518125,86.7468125,0,दिक्तेल,
729,साब्रु एलाेहीम मण्डली,"8Q2X+WF, खार्मी 56200, नेपाल",27.3023309,86.7986598,0,खार्मी,
730,खोटांग बजार,"खोटांग बजार 56200, नेपाल",27.026608,86.8471308,,नेपाल,
731,Haleshi Mahadev Temple,"5JVC+4V7, महादेवस्थान 56200, नेपाल",27.1927785,86.6221567,4.8,महादेवस्थान,
732,Diktel Bazar,"दिक्तेल 56200, नेपाल",27.2231286,86.7878354,4.4,नेपाल,
733,Mundhum Trail,"5WXH+Q9X, 57000, नेपाल",27.1994849,86.9284717,4.9,57000,
734,Thalthale Picnic Spot,"2XJ4+H3, धोत्लेखानी, नेपाल",27.03143,86.955213,5,धोत्लेखानी,
735,Rupakot Danda रुपाकोट डांडा,"7Q6J+JX7, दिक्तेल 56200, नेपाल",27.2615401,86.7824351,4.7,दिक्तेल,
736,यु एन पार्क,"M8PG+6GJ, Park Ln, ललितपुर 44700, नेपाल",27.6855826,85.3262662,3.9,Park Ln,
737,Our Lady Of Assumption Church,"M8F4+3J4, Jhamsikhel Road, ललितपुर 44700, नेपाल",27.6726342,85.306591,4.6,Jhamsikhel Road,
738,Jame Masjid Patan,"M8FH+4VG, ललितपुर 44700, नेपाल",27.672801,85.3297129,4.5,ललितपुर,
739,पाटन संग्रहालय,"M8FG+944, भिन्द्यो क्व - सौग: लँ, ललितपुर 44700, नेपाल",27.6733773,85.3253361,4.6,भिन्द्यो क्व - सौग: लँ,
740,NEW AQARIUM CENTRE,"Hospital Rd, ललितपुर 44700, नेपाल",27.6691469,85.3217997,4.1,ललितपुर,
741,कृष्ण मन्दिर,"M8FF+CXG, ललितपुर 44700, नेपाल",27.673565,85.3249533,4.7,ललितपुर,
742,Balkumari Picnic Spot,"J8HC+RPQ Balkumari Temple, ललितपुर 44700, नेपाल",27.6295823,85.321853,4.1,ललितपुर,
743,पदयात्रा नेपालका लागि,"Bharma Kumari Marga, काठमाडौँ 44600, नेपाल",27.7131801,85.3124974,4.6,काठमाडौँ,
744,"Gairikhoriya(Koiralaphant),Lamjung,Nepal.","48XF+FGX, Koiralaphant 33600, नेपाल",28.1487347,84.3238547,4.8,Koiralaphant,
745,फिस्टेल ड्रीम पार्क,"5XGR+2G7, बागमारा रोड, पोखरा 33700, नेपाल",28.174387,83.9925495,4.1,बागमारा रोड,
746,The Church of Children of Light,"36RW+P7P, समिभन्ज्यांग 33600, नेपाल",28.0918378,84.2456939,5,समिभन्ज्यांग,
747,Lamjung Durbar,"6978+7Q3, वेसीशहर 33600, नेपाल",28.2131351,84.3669256,4.4,वेसीशहर,
748,फैजन ए मुस्किल कुशा मुसल्ला,"69HH+H46, वेसीशहर 33600, नेपाल",28.2289239,84.3777857,5,वेसीशहर,
749,SHILPI MUSEUM,"वेसीशहर 33600, नेपाल",28.205943,84.3707288,5,नेपाल,
750,Akaladevi Mandir अकलादेवी मन्दिर,"5C6Q+3G9, डुम्रे-बेसिशहर-चामे राजमार्ग, भोटेओडार 33600, नेपाल",28.1601589,84.4388693,4.6,डुम्रे-बेसिशहर-चामे राजमार्ग,
751,Bhulbhule Canyoning Lamjung,"79RG+MGR, खुदी 33600, नेपाल",28.2917289,84.3762741,4.5,खुदी,
752,LIPE HILL,"इलाम पोखरी 33600, नेपाल",28.2359081,84.5570933,5,नेपाल,
753,Campsite on Upper Marsyangdi reservoir,"8C72+9RW, बाहुनडाँडा 33600, नेपाल",28.3134908,84.4020769,5,बाहुनडाँडा,
754,शहीद स्मारक पार्क,"CXVX+2R, हेटौडा 44100, नेपाल",27.4430853,84.9999735,4.3,हेटौडा,
755,Adventure World Hetauda,"CXVX+2R, हेटौडा 44100, नेपाल",27.4423914,85.0003456,5,हेटौडा,
756,Makwanpur Prasansa Mandali,"C26M+6WG, हेटौडा 44107, नेपाल",27.4105998,85.0348503,5,हेटौडा,
757,जामे मस्जिद,"C2GP+MGQ, हेटौडा 44107, नेपाल",27.4267056,85.0364788,4.2,हेटौडा,
758,Frn's Aquarium,"श्री भुटनदेवी उच्च माध्यमिक विद्यालय, हेटौडा 44107, नेपाल",27.428594,85.0352454,4.9,हेटौडा,
759,पशुपती मन्दिर,"C29M+MFM, हेटौडा 44107, नेपाल",27.4192101,85.0336847,4.6,हेटौडा,
760,Martyrs Memorial Park,"C2V2+V6J शहीद स्तम्भ, हेटौडा 44100, नेपाल",27.4420456,84.9999012,4.3,हेटौडा,
761,Makawanpur Gadhi,"C46W+CX5, मकवानपुरगढी 44100, नेपाल",27.4110229,85.1474859,4.4,मकवानपुरगढी,
762,सगरमाथा पैदल यात्रा ट्रेकहरू र अभियान,"Pandey Chap Bus Park Kirtipur -15, 44100, नेपाल",27.655663,85.276063,4.5,44100,
763,Makawanpur Gadi Picnic Spot,"C562+J6C, Trail to Makwanpur Gadhi, मकवानपुरगढी 44100, नेपाल",27.4115616,85.1505069,4.5,Trail to Makwanpur Gadhi,
764,कुवापानी डाँडा,"FWMP+VM3, हेटौडा 44100, नेपाल",27.4846314,84.936665,4.3,हेटौडा,
765,New kachan,"94VF+WJR, नमर्जुंग 33700, नेपाल",28.394857,84.124008,0,नमर्जुंग,
766,Tanki Manang,"M2C7+H8M, मनाङ गाविस 33500, नेपाल",28.6714712,84.0133118,4.7,मनाङ,
767,मनाङ संस्कृति संग्रहालय,"M28F+4MQ, टंकी मनांङ् 33500, नेपाल",28.6653597,84.024244,4,टंकी,
768,अन्नपुर्ण संरक्षण क्षेत्र,"R2C8+5MX, जोमसोम 33100, नेपाल",28.8204837,84.0167423,4.6,जोमसोम,
769,Samriddhi Aquarium,"5XVW+RC3, पोखरा 33700, नेपाल",28.194521,83.9960592,5,पोखरा,
770,श्री मुक्तिनाथ मन्दिर,"Muktinath-Chumig Gyatsa Pilgrimage Site, मुक्तिनाथ 33100, नेपाल",28.8169466,83.871798,4.7,मुक्तिनाथ,
771,थोरङ्गला भञ्ज्याङ,"QWVQ+CFQ, Thorong Phedi - Thorong La Rd, टंकी मनांङ् 33500, नेपाल",28.7935762,83.9387337,4.9,Thorong Phedi - Thorong La Rd,
772,Hotel Mountain Lake,"M27G+P6H, टंकी मनांङ् 33500, नेपाल",28.6643135,84.0256055,4.2,टंकी,
773,Itahara Chowk ईटहरा चोँक,"GJP7+XGM, इटहरा 56600, नेपाल",26.5374614,87.6137972,4.1,इटहरा,
774,यिप्पी ल्याण्ड,"इटहरी 56705, नेपाल",26.6989948,87.2924747,4.3,नेपाल,
775,Biratnagar Pravat Church,"Biratnagar Sub-Metropolitan -5, Kanchanbari, Morang, Koshi, नेपाल",26.4839258,87.2728828,0,Kanchanbari,
776,बेतना सिमसार,"MC5J+PR8, बेलवारी 56600, नेपाल",26.6592765,87.4320678,4.2,बेलवारी,
777,"जामा मस्जिद ,विराटनगर","Sarochiya Road, विराटनगर 56613, नेपाल",26.4582407,87.2775471,4.5,विराटनगर,
778,एभरेष्ट साईन्स सेन्टर,"Barju - 5, Sitagunj, Sunsari, Nepal Sitagunj, नेपाल",26.4476094,87.2126916,3.6,Sitagunj,
779,"Biratnagar Aquarium ""Modern Aquatic Pet""","हिमालय हलको छेउमा, Biratnagar - 9, Himalaya Rd बिराटनगर - ९, हिमालय रोड (महेन्द्र चोक, विराटनगर, नेपाल",26.4541004,87.278561,4.8,Biratnagar,
780,"Bajrangbali Temple, Gramthan - 7, Morang, Nepal","H8XV+849, बनिगामा रोड, वनिगामा 56600, नेपाल",26.5982809,87.3428583,5,बनिगामा रोड,
781,Jirikhimti chowk morang,"MG6R+6WM Dash Khola, Dans Morangi Bridge, पथरी शनिश्चरे 56600, नेपाल",26.660576,87.5422845,5,Dans Morangi Bridge,
782,ताल तलया,"P822+323, इटहरी, नेपाल",26.7001495,87.3000599,4.2,इटहरी,
783,Morang,"FG45+PXC, रङ्गेली 56600, नेपाल",26.4568026,87.5099057,5,रङ्गेली,
784,Madan Bhandari Memorial Park,"चित्रवन 44200, नेपाल",27.6553012,84.2844909,4.2,नेपाल,
785,Anugrah Pabitra Church ( अनुग्रह पवित्र चर्च ) - Biblical Church at Nawalparasi,"School chowk, गैंडाकोट 33000, नेपाल",27.697503,84.3072928,5,गैंडाकोट,
786,सीजी शाश्वतधाम,"33004, Dumkauli 33004, नेपाल",27.6772404,84.2113584,4.2,Dumkauli,
787,Narayani River Amaltari,"H34R+FQQ, कावासोती 33007, नेपाल",27.556206,84.0919986,5,कावासोती,
788,Parsa Nepali Jame Masjid,"JH48+VGV, Sichai Rd, खैरहानी 44200, नेपाल",27.6072261,84.5663111,4.3,Sichai Rd,
789,Tharu Cultural Museum,"Gairi Bypass, कावासोती 33000, नेपाल",27.6252614,84.1587752,4.4,कावासोती,
790,Kalawati Art Garden,"P93Q+MC6, VijayaNagar Marg, I 33000, नेपाल",27.7041755,84.3885186,4.5,VijayaNagar Marg,
791,"Raju Arts, Parasi, Nawalparasi","GMJ8+97V, रामग्राम 33007, नेपाल",27.530988,83.6656641,4,रामग्राम,
792,Riders Mountain Bike Station and Kids Cycle Store,"Bharatpur 3, Kamalnagar, 44200, नेपाल",27.6947346,84.420453,4.8,Kamalnagar,
793,British Camp Picnic Spot,"गैंडाकोट 33000, नेपाल",27.7217236,84.4269785,4.3,नेपाल,
794,"Arelighari dhodeni, Nawalparasi","Arelighari dhodeni to, गैंडाकोट 33000, नेपाल",27.7505808,84.3817729,4,गैंडाकोट,
795,जम्दार बाजेको घर घलान बाजे,"W598+QC8, बिदुर 44900, नेपाल",27.9194201,85.1660825,0,बिदुर,
796,SB,"पासाङ ल्हामु राजमार्ग, बिदुर 44900, नेपाल",27.9407509,85.1572659,5,बिदुर,
797,Battar New Vision Church Inarpati,"Inarpati, Bidur-6, बिदुर 44900, नेपाल",27.9043554,85.1531216,4,Bidur-6,
798,नुवाकोट सात-तले दरबार,"W577+FRQ, नुवाकोट सडक, बिदुर 44900, नेपाल",27.9137229,85.1646211,4.4,नुवाकोट सडक,
799,"Jame Masjid Devighat, Nuwakot","V466+456, बिदुर 44900, नेपाल",27.8602799,85.1103951,3.8,बिदुर,
800,Nuwakot Durbar Square Museum,"W5F7+FP, बिदुर 44900, नेपाल",27.9236376,85.1643118,4.9,बिदुर,
801,श्री भैरबी मन्दिर नुवाकोट,"W577+2FC, बिदुर 44900, नेपाल",27.9125607,85.1636143,4.6,बिदुर,
802,Nuwakot Durbar Square,"W577+FRX, नुवाकोट सडक, बिदुर 44900, नेपाल",27.9137359,85.1646101,4.4,नुवाकोट सडक,
803,Siltanki Nuwakot,"W5V4+4QR, बिदुर 44900, नेपाल",27.9428708,85.1568824,4.2,बिदुर,
804,D-Siltank picnic spot,"बिदुर 44900, नेपाल",27.9421887,85.1582905,4.3,नेपाल,
805,ककनी भ्यू प्वाइन्ट,"ककनी 44900, नेपाल",27.8142941,85.2686545,4.2,नेपाल,
806,Sidhicharan Park,"8F9X+3XF, सगरमाथा राजमार्ग, कटारी 56100, नेपाल",27.3176885,86.4999211,4.1,सगरमाथा राजमार्ग,
807,"Birendra Park, Okahdlhunga","56100, सिद्धिचरण, नेपाल",27.3157808,86.4972739,4.4,सिद्धिचरण,
808,Aarohan church,"8GC4+964, सिद्धिचरण 56100, नेपाल",27.3211426,86.5056085,0,सिद्धिचरण,
809,ओखल्ढुङ्गा टुडिखेल,"सिद्धिचरण 56100, नेपाल",27.3143202,86.502892,4.1,नेपाल,
810,Okhaldhunga Historical Museum,"8G2V+586, सिद्धिचरण 56100, नेपाल",27.3004068,86.5432686,5,सिद्धिचरण,
811,"Shiva Temple, Okahdlhunga","56100, सिद्धिचरण, नेपाल",27.3131221,86.5025156,4,सिद्धिचरण,
812,Historical Okhaldhunga,"8F9X+3WP, सिद्धिचरण 56100, नेपाल",27.317724,86.4998222,4.9,सिद्धिचरण,
813,नेपाल ट्रेक हब,"Bal Kumari Marg, काठमाडौँ 44600, नेपाल",27.7259526,85.3176154,5,काठमाडौँ,
814,Thamdanda,"8GJ8+692, सिद्धिचरण 56100, नेपाल",27.3305157,86.5158917,4.8,सिद्धिचरण,
815,Ramapithecus Park,"PFP8+F73, H10, दोभान 32500, नेपाल",27.736148,83.4656855,4.3,H10,
816,वन वाटिका,"MF3J+3XV, तिलोत्तमा 32907, नेपाल",27.6527416,83.4824252,4.1,तिलोत्तमा,
817,"World mission society church of god- Tansen,palpa (विश्व सुसमाचार समाज परमेश्‍वरको मण्डली तानसेन ,पाल्पा)","VG9R+66, तानसेन 32500, नेपाल",27.868037,83.5405929,4.9,तानसेन,
818,Palpa Durbar & Museum,"तानसेन 32500, नेपाल",27.867475,83.5453295,4.3,नेपाल,
819,Masjid,"VGF8+2XH, तानसेन 32500, नेपाल",27.8725305,83.5174738,4.5,तानसेन,
820,Banbatika Zoo,"MF3P+J33, तिलोत्तमा 32907, नेपाल",27.6540046,83.4851772,4.1,तिलोत्तमा,
821,Butwal Aquirium And Plant House,"MFP8+8PW E W, महेन्द्र राजमार्ग, बुटवल 32907, नेपाल",27.6858584,83.4668131,3.8,महेन्द्र राजमार्ग,
822,Nepalese fine art gallery,"VH94+63F, Tansen mission road, नेपाल",27.8680292,83.5552002,0,Tansen mission road,
823,Bhairabsthan Temple,"VF9H+VGM, तानसेन-तम्घास सडक, भैरवस्थान 32500, नेपाल",27.8697108,83.4787868,4.7,तानसेन-तम्घास सडक,
824,Butwal Bike Station,"Horizon Chowk Bus Stop, H10, बुटवल 32907, नेपाल",27.6788842,83.4647928,4.3,H10,
825,Nuwakot,"PCGW+C4, दोभान 32907, नेपाल",27.7260625,83.4453125,4.1,दोभान,
826,अथवा पार्क,"6PG2+QW9, Unnamed Road, कुश्मा 33400, नेपाल",28.2269157,83.7023663,4.2,Unnamed Road,
827,Nepal Evangelical Patichaur Church,"7PFP+GVX, Deuraali, राम्जा सडक, पातिचौर 33400, नेपाल",28.2738485,83.7371998,5,Deuraali,
828,Ramesh Parbat,"3G2J+HJM, स्यूजा 22400, नेपाल",28.0520283,82.5321839,4,स्यूजा,
829,Raza Jama Masjid,"6M7H+7F6, कुश्मा 33400, नेपाल",28.2131421,83.6786692,3.4,कुश्मा,
830,Gupteswor Gupha (गुप्तेश्वर गुफा),"गुप्तेश्वोर पदमार्ग Shivalaya-8,Kusma,Parbat,Nepal, कुश्मा 33400, नेपाल",28.2274065,83.6746259,4.6,Kusma,
831,भूपतीन्द्र मल्ल प्रतिमा,"MCCH+R85, भक्तपुर 44800, नेपाल",27.6720189,85.4283481,4.9,भक्तपुर,
832,Durlung Kot,"कुश्मा 33400, नेपाल",28.2533235,83.6885371,4.4,नेपाल,
833,Kokhe Danda,"भुक्तान्गले, नेपाल",28.372265,83.6860682,4.8,नेपाल,
834,Gyandi Open Resort & Picnic Spot,"कुश्मा 33400, नेपाल",28.2063712,83.6799905,4.7,नेपाल,
835,Malyangdi Khola,"5MXM+VCH, कुश्मा 33400, नेपाल",28.1996761,83.683612,4,कुश्मा,
836,पर्सा राष्ट्रिय निकुञ्ज,"8VF7+88M, अमलेखगञ्ज, नेपाल",27.3233433,84.8632908,4.4,अमलेखगञ्ज,
837,Thrill Factory & Water Park,"3W55+P7G, त्रिभुवन राजपथ, वीरगञ्ज 44300, नेपाल",27.0594915,84.9087791,3.9,त्रिभुवन राजपथ,
838,New Apostolic Church Jeetpur,"4XM4+RX5, गढीमाई 44400, नेपाल",27.1345274,84.9574162,4.8,गढीमाई,
839,Jama Masjid Parsa,"3J35+P85, Unnamed Road, Mahuawa Sagrauwa, Bihar 845306, भारत",27.0542473,84.6084355,4.4,Unnamed Road,
840,"Brahma Kumaris sub-centre, Murali Bagaicha, Birgunj, Parsa","2V9P+6RP, बिरगंज बाइपास रोड, वीरगञ्ज 44300, नेपाल",27.0180824,84.8871364,3.5,बिरगंज बाइपास रोड,
841,Aqua Fish World,"गढीमाई 44400, नेपाल",27.1641297,84.9782205,4.2,नेपाल,
842,Parsa gadhi temple,"4VP4+W2J, बागेश्वरी तित्रोना 44300, नेपाल",27.1373241,84.855038,4.6,बागेश्वरी,
843,घण्टाघर,"वीरगञ्ज 44300, नेपाल",27.0149613,84.8788959,4.3,नेपाल,
844,Shankaracharya Prawesh Dwar शंकराचार्य प्रवेश द्वार,"XVR5+9C6, AH42, वीरगञ्ज, नेपाल",26.9909069,84.8585381,4.4,AH42,
845,Jagriti AG Church,"3VRJ+FWQ Helipad, प्यूठान 22300, नेपाल",28.0912521,82.8823801,1,प्यूठान,
846,रावतगाउँ नर्सरी (RawatGaun Nursery),"2FH4+283, घोराही 22400, नेपाल",28.0275062,82.4557907,0,घोराही,
847,Nepal fishmandu,"Redhon pool, काठमाडौँ 44600, नेपाल",27.7420283,85.3109494,4.1,काठमाडौँ,
848,श्री स्वर्गद्वारी मन्दिर,"Swargadwari Municipality, प्यूठान 22300, नेपाल",28.1216987,82.6745237,4.5,प्यूठान,
849,Swargadwari pyuthan,"4MCF+CJP, स्वर्गद्वारीखाल 22300, नेपाल",28.1210861,82.6740408,4.5,स्वर्गद्वारीखाल,
850,तिलौराकोट कपिलवस्तु,"H3G3+G37, कपिलवस्तु 32800, नेपाल",27.5762958,83.0526809,4.5,कपिलवस्तु,
851,नेपाल ट्रेकिङ मार्गहरू पदयात्राहरू र अभियान प्राइवेट लिमिटेड,"Attached building of LOD gate, ठमेल मार्ग, काठमाडौँ 44600, नेपाल",27.7160149,85.3115312,4.9,ठमेल मार्ग,
852,Banskhola picnic spot,"3VR3+6JQ, प्यूठान 22300, नेपाल",28.0905996,82.8541154,4.8,प्यूठान,
853,Bharosa Gospel Church Ramechhap ️,"83FJ+Q7M, रामेछाप 45400, नेपाल",27.3251544,86.0803388,5,रामेछाप,
854,RAMECHHAP ARUKHARKEY,"85F2+GR3, रामेछाप 45400, नेपाल",27.3237431,86.1520712,4.5,रामेछाप,
855,Ramechhap,"Ramechhap 8, रामेछाप 45400, नेपाल",27.3253952,86.0821281,5,रामेछाप,
856,Batase,"W878+GXR, कटारी 56300, नेपाल",26.9138643,86.317392,0,कटारी,
857,Taarakeshor Mahadev Temple,"8477+7JC, रामेछाप 45400, नेपाल",27.313199,86.1140179,5,रामेछाप,
858,"Manthali, Ramechhap","93M7+X9C, रामेछाप 45400, नेपाल",27.3849284,86.0633828,4.4,रामेछाप,
859,सगरमाथा आधार शिविर ट्रेकिङ,"अमृत मार्ग, काठमाडौँ 44600, नेपाल",27.7159436,85.3127654,5,काठमाडौँ,
860,लाङ्गटाङ्ग राष्ट्रिय निकुञ्ज,"Helambu, 45007, नेपाल",28.1288506,85.5438048,4.6,45007,
861,Yubra church ministry,"yubra charch naukunda 2, नेपाल",28.0067491,85.3002578,5,नेपाल,
862,"Gatlang Village Rasuwa, Nepal.","5779+56M, Gatlang, स्याप्रु बेसी 45000, नेपाल",28.1629624,85.2680497,4.6,Gatlang,
863,रसुवागढी,"45000, नेपाल",28.2776297,85.3776517,4.2,नेपाल,
864,S.S ART gallery,"J87G+9PG, ठेचो 44700, नेपाल",27.6134395,85.3268138,5,ठेचो,
865,Rasuwagadhi Temple,"नेपाली भंसार कार्यालय, 45000, नेपाल",28.2778206,85.3775422,4,45000,
866,Way to Thulo Sybru (Gosaikunda to Langtang Trek),"492C+477, 45000, नेपाल",28.1002855,85.3706823,5,45000,
867,Majuwa hiking junction(मजुवा हाइकिङ जक्सन),"X5WX+MJ6, पासाङ् ल्हामु राजमार्ग, लहरेपौवा 45000, नेपाल",27.9966614,85.1990095,4.4,पासाङ् ल्हामु राजमार्ग,
868,Lampuja Rolpa,"to, लिवाङ 22100, नेपाल",28.2652853,82.6907408,4.5,लिवाङ,
869,Bethel Church Rolpa,"8J2R+76X, लिवाङ 22100, नेपाल",28.3007462,82.6405964,5,लिवाङ,
870,View Tower Liwang Rolpa Nepal,"7M78+PW6, लिवाङ्ग 22100, नेपाल",28.2642951,82.6672633,4.2,लिवाङ्ग,
871,Badakhola,"F994+XCV, कोटबारा 22200, नेपाल",28.4699807,82.3560389,0,कोटबारा,
872,जनयुद्ध सङ्ग्रालय गैरिगाउ तिला रोल्पा,"8GC3+M2C, गैरीगाउँ 22100, नेपाल",28.3216991,82.5025481,3,गैरीगाउँ,
873,R. R. AQUARIUM HOUSE,"चक्रपथ, काठमाडौँ 44600, नेपाल",27.70236,85.340812,3.9,काठमाडौँ,
874,Ota Rolpa Nepal,"CC8Q+447, Ota 22100, नेपाल",28.4153002,82.4377818,4,Ota,
875,Darbot Rolpa दार्बोट रोल्पा,"8GGQ+XR, दार्बोट, कोटगाउँ, नेपाल",28.3275624,82.5383158,4.1,दार्बोट,
876,ROLPA,"7JXM+X8W, लिवाङ 22100, नेपाल",28.3,82.633333,0,लिवाङ,
877,Satdobato,"7MC9+W56, Unnamed Road, लिवाङ 22100, नेपाल",28.2722786,82.6678916,4.1,Unnamed Road,
878,Sankha Rukum,"Sankha 7 Rukum, Musikot 7, 22000, नेपाल",28.6137435,82.5094666,5,Musikot,
879,कुरिखोला खेत प्रेम के.सी,"H9M7+WF, पेउघा 22000, नेपाल",28.5848026,82.363645,5,पेउघा,
880,Koinonia Rukum Church,"West Part, Musikot - 7, नेपाल",28.6093429,82.5187044,4,Musikot,
881,"Gupta daha, rukum east.","PJRR+W5, सिस्ने 22000, नेपाल",28.7423069,82.6403869,4.5,सिस्ने,
882,मोर मान्छ जलाउने ठाउँ,"M6G4+94, पुर्तिमकाडा 22000, नेपाल",28.6759283,82.2052937,0,पुर्तिमकाडा,
883,"Digre saikumari temple, rukum","JFJG+7FH, मुसीकोट 22000, नेपाल",28.6306774,82.4762193,4.5,मुसीकोट,
884,कमल दह,"JJ8G+M67, रुकुमकोट 22000, नेपाल",28.6166696,82.625551,4.3,रुकुमकोट,
885,Labang लाबाङ,"GMJ7+PPP, महत 22000, नेपाल",28.5318439,82.6643374,5,महत,
886,"मणिमुकन्द सेन उद्यान, फुलबारी","Mayarani Palace, महेन्द्र राजमार्ग, बुटवल 32907, नेपाल",27.7062467,83.4561877,4.1,महेन्द्र राजमार्ग,
887,Lumbini Aqwa Park and Resort,"Belhaiya 1, सिद्धार्थनगर 32900, नेपाल",27.4861831,83.4628829,4,सिद्धार्थनगर,
888,HOPE CHURCH BUTWAL,"Unnamed Road, तिलोत्तमा 32900, नेपाल",27.6431938,83.5314308,4.5,तिलोत्तमा,
889,Jama Masjid Rahmaniya,"GC4X+GQ8, सिद्धार्थनगर 32900, नेपाल",27.5063452,83.4494516,4.3,सिद्धार्थनगर,
890,Siddhartha statue,"F7FG+G8C, Unnamed Road, लुम्बिनी साँस्कृतिक 32900, नेपाल",27.4738007,83.2757573,4.6,Unnamed Road,
891,Karki Aquarium Plant and Pet House,"Baniya Marg, तिलोत्तमा 32907, नेपाल",27.647404,83.4718136,4.3,तिलोत्तमा,
892,Nahakul Arts Studio & gallery,"Narayanpath 8, Narayan path 8, सिद्धार्थनगर 32900, नेपाल",27.5107439,83.4518504,5,Narayan,
893,माया देवी मन्दिर,"F79G+V83, तौलिहवा रोड, लुम्बिनी साँस्कृतिक 32900, नेपाल",27.4696415,83.2757848,4.7,तौलिहवा रोड,
894,"विश्व शान्ति स्तूप , लुम्बिनी","F7XG+HG6, लुम्बिनी साँस्कृतिक 32914, नेपाल",27.4989036,83.2762721,4.6,लुम्बिनी,
895,हिल पार्क,"MFWC+8M8, बुटवल 32907, नेपाल",27.6957886,83.4716902,4.1,बुटवल,
896,Sisnepatal Salyan,"CXVJ+QX, माझ काँडा 22200, नेपाल",28.4444608,81.9823834,5,माझ,
897,Mulpani,"68WX+82M, धन्वाङ 22200, नेपाल",28.2458271,82.3475474,0,धन्वाङ,
898,"Aijalon AG Church Darimjyula, Salyan","Chhatrshwari- 3 Darimjyula, नेपाल",28.3282531,82.2504456,4.2,नेपाल,
899,Jatapani salyan,"शारदा 22200, नेपाल",28.408707,82.114544,4,नेपाल,
900,GHULSHAN E RAZA JAMA MASJID JITATHAN Chhatreshwori Ruralmunicipality 7 Dict. Salyan Karnali(6) ( NEPAL ),"76PQ+P5R, छायाँक्षेत्र 22200, नेपाल",28.2868731,82.2379119,5,छायाँक्षेत्र,
901,"Salyan , Pipalneta","Santi Road, शारदा 22200, नेपाल",28.3795639,82.1531947,4.3,शारदा,
902,mountain view salyan,"7QMH+XV2, सल्यान 33700, नेपाल",28.2848883,83.7796317,5,सल्यान,
903,Nayapul Trekking Starting Point,"Baglung Rajmarg, सल्यान 33400, नेपाल",28.2964095,83.7676708,4.2,सल्यान,
904,Viral Malneta Picnic Spot,"C59Q+HP, शारदा 22200, नेपाल",28.4189035,82.1893527,0,शारदा,
905,Salyan hill,"H8RR+767, 44700, नेपाल",27.590662,85.3405339,5,44700,
906,सिन्धुलीगढी मेमोरियल पार्क,"7XJ4+2GQ, Dhulikhel Sindhuli Bhittamod Rajmarg, जलकन्या 45900, नेपाल",27.2800772,85.9563604,4.4,Dhulikhel Sindhuli Bhittamod Rajmarg,
907,"Nepali Evangelical Church (NEC), Sindhuli,Pipal Danda, Nepal","9VRJ+RH3, झाँगाझोली रातामाटा 45900, नेपाल",27.3920078,85.8814372,4.4,झाँगाझोली,
908,सिन्धुली गढी दरबार क्षेत्र,"7XJ3+3WP, Dhulikhel Sindhuli Bhittamod Rajmarg, भद्रकाली 45900, नेपाल",27.2802152,85.9548275,4.4,Dhulikhel Sindhuli Bhittamod Rajmarg,
909,Sindhuli Jame Masjid Sindhuli,"6W76+74V, कमलामाई 45900, नेपाल",27.2131998,85.9102899,5,कमलामाई,
910,सिन्धुली गढी युद्ध संग्रहालय,"7XH4+QCP सिन्धुलीगढी मेमोरियल पार्क, Dhulikhel Sindhuli Bhittamod Rajmarg, जलकन्या 45900, नेपाल",27.2794969,85.9561365,4.5,Dhulikhel Sindhuli Bhittamod Rajmarg,
911,Seti Devi Mirror Temple मुलकोट रिट्ठेभीर,"9WVH+V6, पुरानो झाँगाझोली 45900, नेपाल",27.3978539,85.9234111,4.5,पुरानो,
912,Kalapani park,"3WCP+4WX, बि.पी.राजमार्ग, बर्दिबास 45700, नेपाल",27.0703594,85.9373452,4.2,बि.पी.राजमार्ग,
913,चौतारा बुद्ध पार्क,"Q828+5P, Tarakeshwar 45306, नेपाल",27.7856541,85.7050907,4.5,Tarakeshwar,
914,christian house,"WMJ8+H45, थाम्पालकोट, नेपाल",27.931444,85.6655901,0,थाम्पालकोट,
915,Sindhupalchowk,"WMJ8+H45, थाम्पालकोट, नेपाल",27.9312893,85.6654124,4.5,थाम्पालकोट,
916,Charikot masjid,"M27W+8M8, भिमेश्वर नगरपालिका 45500, नेपाल",27.6632817,86.0466595,5,भिमेश्वर,
917,Shree Uhgrachandi Bhagabati,"MG5P+W5H, नाला उग्रचन्डी 45200, नेपाल",27.6598199,85.5354724,4,नाला,
918,Jay Bageshwori (Palchoki Mai) Temple,"VHM5+P42, पाल्चोक, नेपाल",27.884267,85.557757,4.6,पाल्चोक,
919,कैलाशनाथ महादेव मूर्ति,"Sanga, सुर्यविनायक 44800, नेपाल",27.6460679,85.4741948,4.5,सुर्यविनायक,
920,नाङ्गले बजार,"QG65+4R7, शाँखुबाट मेलम्ची-हेलम्बु सडक जोडनेबाटो, शङ्खरापुर 44600, नेपाल",27.7602938,85.5095496,4.5,शाँखुबाट मेलम्ची-हेलम्बु सडक जोडनेबाटो,
921,पाँच पोखरी,"2PR8+QJ5, गोल्चे, नेपाल",28.0418875,85.7166094,4.8,गोल्चे,
922,पिकनिक मैदान जहरसिङपौवा,"PFXW+7P8, शङ्खरापुर, नेपाल",27.7481604,85.4968339,4.3,शङ्खरापुर,
923,नगरकोट पानोरमिक हाइकिङ ट्रेल,"PGJH+649, Nagarkot Dandagoan Hwy, बालुवापाटी देउपुर 44812, नेपाल",27.7305368,85.5278724,4.3,Nagarkot Dandagoan Hwy,
924,Batika Fun Park,"PCHM+HFF, लहान 56500, नेपाल",26.7289352,86.4336586,3.6,लहान,
925,Siraha Church,"M645+4FJ, २ नं. रोड, सिराहा 56500, नेपाल",26.6553155,86.2087028,2,२ नं. रोड,
926,सिराहा,"सिराहा, नेपाल",26.6397409,86.1853474,,नेपाल,
927,"Jama Masjid,Purab Tola","J5VV+XX7, सिराहा 56500, नेपाल",26.6449064,86.1949557,4.5,सिराहा,
928,Crown Aquatics Nepal,"Mhepi Marg, काठमाडौँ 44600, नेपाल",27.7273849,85.3093281,4.5,काठमाडौँ,
929,Shree Sarshwarnath Temple and Hindu Society,"M6M2+JW4, सिराहा 56500, नेपाल",26.6840049,86.2023857,4.6,सिराहा,
930,Salhesh Temple,"M646+V99, सिराहा 56500, नेपाल",26.6571922,86.2110011,4.2,सिराहा,
931,हरियाली पार्क,"रेडियो नेपाल मार्ग, धरान 56700, नेपाल",26.8013632,87.2737183,4,धरान,
932,St. John Bosco Catholic Church (सेन्ट जोन बोस्को क्याथोलिक चर्च),"Laxmi Sadak 1, धरान 56700, नेपाल",26.824306,87.2849953,4.8,धरान,
933,Tarahara Bazar,"High School Road, इटहरी 56705, नेपाल",26.7041711,87.2729826,4.2,इटहरी,
934,जामे मस्जिद इनरुवा,"J42X+5G9 Jame masjid, Road, इनरुवा 56710, नेपाल",26.6004082,87.1488702,4.3,Road,
935,कोशी टप्पु वन्यजन्तु आरक्ष,"M222+J79, वैरवा 56713, नेपाल",26.6515465,87.0007499,4.2,वैरवा,
936,कल्पना एक्वारियम तथा पेट शप,"aaetabare road, इटहरी 56705, नेपाल",26.6634905,87.2763321,4.1,इटहरी,
937,Itahari art,"इटहरी 00977, नेपाल",26.6427393,87.2747558,5,नेपाल,
938,बराहक्षेत्र मन्दिर,"बराहक्षेत्र, नेपाल",26.8764451,87.1658868,4.6,नेपाल,
939,Phushre Statue,"R7RR+F8X, धरान 56700, नेपाल",26.8412371,87.2909071,4.8,धरान,
940,पिण्डेश्वर शिव मन्दिर,"R78V+239, पिण्डेश्वर पथ, धरान 56700, नेपाल",26.8136694,87.2945367,4.5,पिण्डेश्वर पथ,
941,दानाबारी,"R8HG+CCH, धरान 56700, नेपाल",26.8285703,87.326108,4.3,धरान,
942,Bhedetar Picnic Area,"V886+6XG, Unnamed Road, माहाभारत 56800, नेपाल",26.8655708,87.3124447,4.5,Unnamed Road,
943,Tirtha भिर,"R89F+CW8, धरान 56700, नेपाल",26.8185355,87.3248328,4.8,धरान,
944,Bulbule Park,"HJJ9+VCQ, वीरेन्द्रनगर 21700, नेपाल",28.5822032,81.618594,4,वीरेन्द्रनगर,
945,Birendranagar Church,"JJ8H+FH7, बिरेन्द्रनगर 44200, नेपाल",27.616153,84.628927,5,बिरेन्द्रनगर,
946,काँक्रेविहार,"काँक्रेविहार मन्दिर, Buddha Path - 6 6, वीरेन्द्रनगर 21700, नेपाल",28.5644175,81.6214028,4.4,Buddha,
947,"बि. पि. कोइराला मेमोरियल प्लानेटरियम, अब्जरभेटरी र विज्ञान संग्रालय","M7GM+5MC, Kirtipur Rd, कीर्तिपुर 44618, नेपाल",27.6754417,85.2841342,4,Kirtipur Rd,
948,Tiger Lily Petting farm,"अनन्तलिङ्गेश्वर, नेपाल",27.6554526,85.3729041,4.1,नेपाल,
949,Deutibajai temple,"JF25+J9Q, Kushadevi -1, 45200, नेपाल",27.6015875,85.4584844,3.7,Kushadevi -1,
950,घण्टाघर सुर्खेत,"HJXC+328, Unnamed Road, वीरेन्द्रनगर 21700, नेपाल",28.5976573,81.6200618,4.1,Unnamed Road,
951,सूर्योदय साहसिक ट्रेक र अभियान पी लिमिटेड,"पकनाजोल मार्ग, काठमाडौँ 44600, नेपाल",27.7169437,85.3088429,5,काठमाडौँ,
952,भस्मासुर डाँडा,"J6XM+R9G, दक्षिणकाली 44600, नेपाल",27.6495653,85.2334457,4.7,दक्षिणकाली,
953,Bhalu pahad Park,"4VV5+2H5, भाटखोला 33800, नेपाल",28.1425205,83.8589996,4.2,भाटखोला,
954,Syangja View Tower,"4V8G+Q9C, Siddartha Rajmarg, पुतलीबजार 33800, नेपाल",28.1150051,83.8752773,4.3,Siddartha Rajmarg,
955,St.Mary's Believers Eastern Church Galyang Bazar Syangja,"Galyang municipality Galyang municipality, जगत्रदेवी 33815, नेपाल",27.9447243,83.6768524,3.6,जगत्रदेवी,
956,"Ahle Sunnat Jame Masjid, putali bazar syangja","3VXF+F34, पुतलीबजार 33800, नेपाल",28.0987322,83.8726771,0,पुतलीबजार,
957,Sataun Chandi Kalika,"4R2P+2MV, पुतलीबजार 33800, नेपाल",28.100121,83.8366833,4.7,पुतलीबजार,
958,Thaple Viewpoint,"दरौं 33800, नेपाल",28.123644,83.8089121,4.8,नेपाल,
959,"बि.पी. चोक, स्याङ्जा बजार (B.P. Chowk, Syangja Bazar)","3VX9+6C9, H10, पुतलीबजार 33800, नेपाल",28.0979626,83.8686492,4,H10,
960,Women's trek Nepal,"पोखरा 33700, नेपाल",28.21288,83.971119,5,नेपाल,
961,कुविण्डे खेत,"पोखरा 33700, नेपाल",28.1892655,83.8983155,4.1,नेपाल,
962,"Nepali Evangelical Church (NEC) Dumre, Bandipur, Tanahun, Nepal नेपाली सुसमाचारीय मण्डली, दुम्रे, बन्दीपुर, तनहु, नेपाल","X98X+HM7, वन्दीपुर 33914, नेपाल",27.9664076,84.3991675,5,वन्दीपुर,
963,Tanahunsur Village,"Bhanu Marg, तनहुँसुर 19503, नेपाल",28.0346373,84.3419123,4.1,तनहुँसुर,
964,Ghausiya Jamiya Masjid,"23WG+695, पृथ्वी राजमार्ग, शुक्लगण्डकी, नेपाल",28.0455195,84.0759747,5,पृथ्वी राजमार्ग,
965,Bhanubhakta Zoological Garden भानुभक्त प्राणी उद्यान,"X9Q3+9FF, H04, घाँसीकुवा, नेपाल",27.9884917,84.3536405,5,H04,
966,Chhabdi Barahi Temple (छाब्दी बाराही मन्दिर),"X86F+4PM, ब्यास, नेपाल",27.9603353,84.3242988,4.6,ब्यास,
967,Tanahunsur Durbar,"28PR+P6F, तनहुँसुर, नेपाल",28.0368068,84.340547,4.6,तनहुँसुर,
968,Shakti Trek - Bhorletar,"5688+9WG, भोर्लेटार 33700, नेपाल",28.1659325,84.2173403,0,भोर्लेटार,
969,Udaya Garden,"XC4C+6P3, वन्दीपुर, नेपाल",27.9555155,84.4218039,4.3,वन्दीपुर,
970,"Chautarbari, Jhargaun, Tanahun","WC6J+344, वन्दीपुर, नेपाल",27.9101394,84.430342,4.3,वन्दीपुर,
971,"सहिद स्मृति पार्क, ताप्लेजुङ","फुङलिङ 57500, नेपाल",27.3528607,87.6697753,4,नेपाल,
972,Christiya Baptist Church Taplejung,"9M69+4Q3, फुङलिङ 57500, नेपाल",27.3604147,87.6692762,5,फुङलिङ,
973,Taplejung Samrakshyan Smriti Park,"फुङलिङ 57500, नेपाल",27.3530361,87.668412,3.5,नेपाल,
974,ताप्लेजुङ गेष्ट हाउस एण्ड होटल पाथिभरा,"Phungling 4, फुङलिङ 57500, नेपाल",27.355003,87.6690246,4.8,फुङलिङ,
975,Pathivara mandir,"9M39+J55, फुङलिङ 57500, नेपाल",27.3540207,87.6679765,4.5,फुङलिङ,
976,Juwel Aquarium,"परोपकार मार्ग, काठमाडौँ 44600, नेपाल",27.7021763,85.3041923,3.9,काठमाडौँ,
977,Taplejung,"9M37+X97, फुङलिङ 57500, नेपाल",27.3549134,87.663413,1,फुङलिङ,
978,Pomujong Yak,"Negraden GBS 1, Taplejong District., निधुरादीन, नेपाल",27.2774953,87.6690551,3.3,Taplejong District.,
979,Jhakri Cave Picnic Spot (झाँक्री गुफा बनभोज स्थल),"6JWJ+MP, खाम्लालुङ 57500, नेपाल",27.2467175,87.6317838,4.5,खाम्लालुङ,
980,Phungphunge waterfall (फुङफुङ्गे झरना ताप्लेजुङ्ग),"GJ2J+J2J, फुङलिङ 57500, नेपाल",27.5015905,87.6300226,4.6,फुङलिङ,
981,Cholung Park,"4CH5+HF6, F40, तामाफोक 56800, नेपाल",27.1289039,87.4086394,4.5,F40,
982,Lamchee Aahal,"6JGW+CGV, संक्रान्ती बजार 57500, नेपाल",27.2261081,87.6462945,0,संक्रान्ती,
983,Mount Bether Church,"5GP7+PG6, म्याङ्गलुङ्ग 57100, नेपाल",27.1867877,87.513772,4.5,म्याङ्गलुङ्ग,
984,"Aathrai-6, Chuhandada Tehrathum","6M3H+MG8, चुहान डाँडा 57500, नेपाल",27.2041611,87.6788351,4.5,चुहान,
985,"Yuma Museum , युमा संग्रहालय","4CH5+JP4, फुलेक 57500, नेपाल",27.1290161,87.4093147,4.6,फुलेक,
986,Himali Art gallery,"बेलवारी 56600, नेपाल",26.6589123,87.4144921,5,नेपाल,
987,पाथिभरा मन्दिर तेह्रथुम सङ्खुवासभा सिमाना,"Basantapur-Gupha-Dobhan Sadak, तामाफोक 56900, नेपाल",27.1770844,87.4244112,4.6,तामाफोक,
988,Laligurans Stamba,"4CM5+Q5C, F40, तामाफोक 56800, नेपाल",27.1344306,87.4078985,4.3,F40,
989,Tinjure dada,"5FH2+FCH, Basantapur-Gupha-Dobhan Sadak, तामाफोक 56900, नेपाल",27.1786837,87.4511115,4.2,Basantapur-Gupha-Dobhan Sadak,
990,Tute Deurali टुटे देऊराली,"5C65+2C7, Basantapur-Gupha-Dobhan Sadak, तामाफोक, नेपाल",27.160032,87.408549,4.2,Basantapur-Gupha-Dobhan Sadak,
991,RR garden,"5C87+PFV, 56900, नेपाल",27.1668557,87.4136605,4,56900,
992,Nepal udaypur gaighat,"QMX7+4MJ, त्रियुगा 56300, नेपाल",26.797828,86.664139,3.2,त्रियुगा,
993,SDA church Udaypur damouti,"PJRG+95, त्रियुगा 56400, नेपाल",26.7409599,86.6254092,5,त्रियुगा,
994,"Gaighat, Udayapur","QMRX+MH3, त्रियुगा 56300, नेपाल",26.7916261,86.6989185,4.1,त्रियुगा,
995,"थारु संग्रहालय, उदयपुर","Unnamed Road, तपेश्वोरी 56300, नेपाल",26.7308605,86.9906951,4.6,तपेश्वोरी,
996,बोजिनी ड्याम तथा पिकनिक स्थल,"MFVX+3FW, महामञ्जुश्री नगरकोट, नेपाल",27.6927496,85.4986914,4.1,महामञ्जुश्री नगरकोट,
997,कहियोकाल अत traffic प्रहरी रहै है,"P947+287, सुखिपुर 56500, नेपाल",26.7050318,86.3632941,5,सुखिपुर,
998,Pathlaiya Park,"5XXJ+Q82, गढीमाई 44400, नेपाल",27.1993883,84.9807538,4,गढीमाई,
999,Bethel Community Church,"44RJ+8FH, कोल्हवी 44400, नेपाल",27.1407975,85.1312216,4.3,कोल्हवी,
1000,"Baala Falls - Bardev, Konjyosom","HC4F+XHG, भर्देव 45200, नेपाल",27.5574441,85.4239543,5,भर्देव,
1001,बाराही अजिमा मन्दिर,"MC8F+JFP बाराही मन्दिर, भक्तपुर 44800, नेपाल",27.6668034,85.4239506,4.6,भक्तपुर,
1002,Bara Ropani Chok,"M96Q+VQ5 Hinchok, अनन्तलिङ्गेश्वर, नेपाल",27.6621477,85.3894711,4,अनन्तलिङ्गेश्वर,
1003,Narba Treks & Expeditions(p)Ltd.,"Chhetrapati, काठमाडौँ 00977, नेपाल",27.7103752,85.3095583,4.9,काठमाडौँ,
1004,Mahendranagar Park,"X57H+876, भीमदत्त 10400, नेपाल",28.963285,80.1781355,4,भीमदत्त,
1005,Kanchan church,"X56X+848, भीमदत्त 10400, नेपाल",28.9607909,80.1978517,5,भीमदत्त,
1006,बाह्रमासे झरना ( Evergreen Waterfall),"35FM+W53, भीमदत्त 10400, नेपाल",29.0747581,80.1829286,4.4,भीमदत्त,
1007,शुक्ला फाँटा राष्ट्रिय निकुञ्ज,"V743+5QF, 10400, नेपाल",28.8554386,80.254435,4.4,10400,
1008,Gps Aquarium & Interior Decor,"X57J+H79, Street-3, भीमदत्त 10400, नेपाल",28.9639192,80.18078,3.4,Street-3,
1009,g,"Near, irrigation Office, Gadda Highway, भीमदत्त 10400, नेपाल",28.9740294,80.1763381,0,irrigation Office,
1010,Shree siddhanath mandir,"12, BilashPur, Kanchanpur, बेलौरी 10400, नेपाल",28.7568852,80.3093133,4,BilashPur,
1011,"Mountain Routes | Trekking in Nepal | Everest Trek, Annapurna Trek and Helicopter Tour in Nepal","Nayarn Gopal Sadak, काठमाडौँ 44600, नेपाल",27.7299645,85.3249263,5,काठमाडौँ,
1012,Pyarataal Picnic Spot,"HG85+9MX, पुनर्वास 262902, नेपाल",28.5659935,80.5092438,4.3,पुनर्वास,
1013,हरियाली पार्क,"P8FX+WQJ, काठमाडौँ 44600, नेपाल",27.7248274,85.3494029,3.9,काठमाडौँ,
1014,Chhahari Retreat,"बुढानीलकण्ठ 44600, नेपाल",27.7860222,85.3545219,4.5,नेपाल,
1015,Chhahari Nepal for Mental Health,"ललितपुर 44700, नेपाल",27.6706662,85.3072984,5,नेपाल,
1016,चित्तधर हृदय प्रतिमा,"M8X2+C53, काठमाडौँ 44600, नेपाल",27.6985023,85.3004313,3.9,काठमाडौँ,
1017,Good Luck Trekking Shop,"P866+GV5, काठमाडौँ 44600, नेपाल",27.7112541,85.3122262,5,काठमाडौँ,
1018,चंपा देवी शिखर सम्मेलन,"J7W3+9RF, Champa Devi Trail, दक्षिणकाली 44600, नेपाल",27.6459375,85.2545439,4.4,Champa Devi Trail,
1019,नीलबाराही मन्दिर,"M9XV+PFG Municipality, मध्यपुर थिमि 44600, नेपाल",27.6993794,85.3969391,4.5,मध्यपुर,
1020,OOPS! NEPAL - First FEC funpark in Nepal,"Pipalbot, काठमाडौँ 44600, नेपाल",27.7235625,85.3390625,4.1,काठमाडौँ,
1021,Underwater Aquaria,"Chabahil Ganesh Marg, काठमाडौँ 44600, नेपाल",27.717425,85.3420406,4.2,काठमाडौँ,
1022,Himal,"WW6F+FFF, ईलाम 1, नेपाल",26.9111769,87.9236747,0,ईलाम,
1023,Nawadurga Aquarium,"MCFM+4F9, Inacho - Hanumanghat Rd, भक्तपुर 44800, नेपाल",27.6727927,85.4336757,3.5,Inacho - Hanumanghat Rd,
1024,Torchi's garden,"Mugu - 4, मुगु 21100, नेपाल",29.8085576,82.5185837,4,मुगु,
1025,💒Apostle Grace church♥️🇳🇵,"RG59+CCG, मुगु 21100, नेपाल",29.8085576,82.5185837,0,मुगु,
1026,Jame Masjid,"P78V+H3X Nepal, Takiya Galli, काठमाडौँ 44600, नेपाल",27.7164338,85.2927384,4.8,Takiya Galli,
1027,Gurung forest,"Mangala bare, प्रकाशपुर 56713, नेपाल",26.690849,87.0994317,0,प्रकाशपुर,
1028,Online Art Gallery And Paintings For Sale,"Bibek photo studio, My business address, कोहलपुर, नेपाल",28.1952837,81.6895771,2,My business address,
1029,Khesmalika Temple,"RG59+CCG, मुगु 21100, नेपाल",29.8085576,82.5185837,0,मुगु,
1030,मुगु,"मुगु, नेपाल",29.8085576,82.5185837,,नेपाल,
1031,रारा राष्ट्रिय निकुञ्ज मुगु,"G455+XM7, G465+6QJ, Rara, Lake Road, पिना 21100, नेपाल",29.5105875,82.1093906,4.5,G465+6QJ,
1032,सगरमाथा राष्ट्रिय निकुञ्ज,नेपाल,27.9324234,86.7013894,4.6,,
1033,Salom church,"56000, नेपाल",27.4499069,86.7052194,4.5,नेपाल,
1034,Solukhumbu district,"GH2P+VC9, दुधकुण्ड 56000, नेपाल",27.5021648,86.5861206,4.1,दुधकुण्ड,
1035,सगरमाथा राष्ट्रिय निकुञ्ज संग्रहालय,"RP37+6W5, Namche Marg, नाम्चे 56000, नेपाल",27.8030238,86.7148518,4.6,Namche Marg,
1036,Norbu Art Gallery,"Khumjung Marg, खुम्जुंग 56000, नेपाल",27.8193614,86.7161416,5,खुम्जुंग,
1037,Jwalamai Temple Tamakhani Solukhumbu,"GHM5+X8P, दुधकुण्ड 56000, नेपाल",27.5349712,86.5583406,4.7,दुधकुण्ड,
1038,National Luminary Pasang Lhamu Memorial Gate,"Lukla - Everest Base Camp Trekking Route 28, चौरीखर्क 56000, नेपाल",27.692305,86.7279717,4.6,चौरीखर्क,
1039,सगरमाथा भ्यु प्वाईन्ट,"QPV8+C97, Lukla - Everest Base Camp Trekking Route, नाम्चे 56000, नेपाल",27.7935331,86.7159345,4.5,Lukla - Everest Base Camp Trekking Route,
1040,NECHA,"9J3P+M7F, नेचा बेतघारी बिदेसी 56000, नेपाल",27.3541999,86.6356747,4.4,नेचा,
1041,Pikey Peak,"दुधकुण्ड 56000, नेपाल",27.533536,86.4743921,4.7,नेपाल,
1042,Ratna Park रत्नपार्क,"6QFQ+7C5, दिक्तेल सडक, दिक्तेल 56200, नेपाल",27.2231409,86.7886273,4,दिक्तेल सडक,
1043,Tokha Keba Fun Park,"Q86H+4MH, टोखा 44608, नेपाल",27.7624098,85.3283556,3.7,टोखा,
1044,Aradhana Baptist church Khotang,"8V53+M6P, बासपानी 56200, नेपाल",27.3091997,86.853079,5,बासपानी,
1045,Phuyal gaau,"5R5X+G7H, 56200, नेपाल",27.1588468,86.848245,5,56200,
1046,Alchhe Dhunga अल्छे ढुंगा,"6QGR+8JJ, दिक्तेल 56200, नेपाल",27.2252334,86.7921602,4.7,दिक्तेल,
1047,Dharma Peak,"CRQC+Q65, Sautang 56000, नेपाल",27.4393895,86.8206155,4.5,Sautang,
1048,Bhurinti jungle,"M36C+P83, भिमेश्वर नगरपालिका 45500, नेपाल",27.6617551,86.0708008,5,भिमेश्वर,
1049,दोलखा बजार,"M3HF+3CG भीमेश्वोर नगरपालिका-२, भिमेश्वर नगरपालिका 45500, नेपाल",27.6776966,86.0735766,5,भिमेश्वर,
1050,Kuri Valley,"P2WJ+PP2, Kalinchwok Rd, भिमेश्वर नगरपालिका 45500, नेपाल",27.7467661,86.031773,3.5,Kalinchwok Rd,
1051,Everest Base Camp Trailhead,"J6MJ+QV3, जिरी 45500, नेपाल",27.634389,86.2321722,4.6,जिरी,
1052,Padma Sundar Lawoti park,"27, 1482242 87, फिदिम, नेपाल",27.1205687,87.7664934,4,1482242,
1053,खोल्याङ,"4RC7+P9, रानीटार 57400, नेपाल",27.1218116,87.8134766,0,रानीटार,
1054,पारान प्रार्थना भवन,"6QPJ+CR5, पञ्चमी 57400, नेपाल",27.2360241,87.7821125,5,पञ्चमी,
1055,साँधुटार पांचथर,"फिदिम 57400, नेपाल",27.0782115,87.8133817,4.4,नेपाल,
1056,चामुघाट समाधिस्थल देउमाई खाेला चमैता इलाम,"2R2P+94, चमैटा 57300, नेपाल",27.0009158,87.8351503,0,चमैटा,
1057,संसरी डाँडा,"XQHQ+2GV, 57300, नेपाल",26.9776214,87.7887896,5,57300,
1058,Niwachaba Picnic Spot,"3M3G+WC5, यासोक 57400, नेपाल",27.0547641,87.676118,4.7,यासोक,
1059,Bhairamkot Temple,"X43Q+G4X, टुप्चे 44900, नेपाल",27.9538597,85.1378628,4.2,टुप्चे,
1060,Rasuwa Treks and Expedition,"P876+PGW, ठमेल मार्ग, काठमाडौँ 44600, नेपाल",27.7143536,85.3113133,5,ठमेल मार्ग,
1061,Balawa park,"PQVP+C65, Balawa - Janakpur Rd, बलवा 45700, नेपाल",26.7435073,85.785614,3.9,Balawa - Janakpur Rd,
1062,Navjiwan Church,"MR32+25X, जलेश्वर 45700, नेपाल",26.6526077,85.800494,3.7,जलेश्वर,
1063,तेलीवा पोखरी,"PR47+FX7, डाम्हीमराई 45700, नेपाल",26.7065587,85.8145788,4.5,डाम्हीमराई,
1064,Bhramarpura Masjid,"loharpatti-7,Mahottari,Nepal bhramarpura-5, Mahattori 45700, नेपाल",26.7243828,85.8527831,4.1,Mahottari,
1065,Mahottari Durga Mandir,"MRP8+Q2F, महोत्तरी 45700, नेपाल",26.6869098,85.8150373,4.4,महोत्तरी,
1066,जलेश्वर महादेव मन्दिर,"जलेश्वर 45700, नेपाल",26.6510489,85.7969523,4.5,नेपाल,
1067,कोटघर,"M6R7+XQX, चन्द्रागिरी 44600, नेपाल",27.6924965,85.2144823,4.3,चन्द्रागिरी,
1068,Maathillo Keurinitar Mode (माथिल्लो केउरिनिटार मोड),"8M3F+32, पोखरे 56100, नेपाल",27.3026723,86.6725155,0,पोखरे,
1069,Manipal Janakpur,"QW47+J2C, Unnamed Road, जनकपुर 45600, नेपाल",26.7577857,85.9147567,4.3,Unnamed Road,
1070,Temple,"Dhanushadham, Janakpur, नेपाल",26.8248746,86.0286513,5,Janakpur,
1071,"Hebron Church Urlabari - Morang, Nepal","MJ5M+M44, Unnamed Road, उर्लाबारी 56604, नेपाल",26.6591378,87.6328362,5,Unnamed Road,
1072,"Thekitol, Morang, madrasa","C9G6+HQ, पोखरिया 56600, नेपाल",26.428283,87.3613479,0,पोखरिया,
1073,"Faith Church, Nepal Chitwan","JHC5+34R, Sai Chowk - Chaipur Rd, खैरहानी 44204, नेपाल",27.6202343,84.5577561,5,Sai Chowk - Chaipur Rd,
1074,Shesnath,"Ganeshthan, भरतपुर 44200, नेपाल",27.706111,84.4429832,4.4,भरतपुर,
1075,BHIRLAKHURI VIEW POINT,"7HFQ+Q5V, रात्माटा-ढिकिचौर पैदल मार्ग, बागलुङ 33300, नेपाल",28.2744796,83.5879346,4.4,रात्माटा-ढिकिचौर पैदल मार्ग,
1076,"डोप्का खाल, ताँदी Dopka Khal Tandi","VF4F+M3V, तुर्माखाँद 10700, नेपाल",28.8567483,81.4726624,0,तुर्माखाँद, zoo
1077,Angel Aquarium House,"Samakhusi Marg, काठमाडौँ 44611, नेपाल",27.7302708,85.3149344,3.9,काठमाडौँ, aquarium
1078,रोमाञ्चक नेपाल पदयात्राहरू र अभियान प्रा। लिमिटेड,"Chaksibari Marga 29, काठमाडौँ 44600, नेपाल",27.715686,85.3091922,4.9,काठमाडौँ, trek
1079,ठुलासेन,"262M+48, मङ्गलसेन 10700, नेपाल",29.0003009,81.2332971,1,मङ्गलसेन, hike
1080,Balkot Pauwa,"X68R+P7C, F134, बलकोट 32700, नेपाल",27.9668223,83.240652,4.1,F134, museum
1081,पानी धारा,"VJX3+JHQ, 10100, नेपाल",29.8990758,80.6039938,0,10100, amusement_park
1082,"Dhamena village, Bajhang","J756+PPQ, Talkot 10500, नेपाल",29.6093367,81.2618517,3.6,Talkot, tourist_attraction
1083,भिराडिल साकुरा पार्क,"M7MC+J55, चन्द्रागिरी 44600, नेपाल",27.6840052,85.2704763,4.4,चन्द्रागिरी, park
1084,Mahendra Park & Mini Zoo (महेन्द्र पार्क तथा चिडियाखाना),"3J4F+587, नेपालगञ्ज 21900, नेपाल",28.0554088,81.6232916,4,नेपालगञ्ज, zoo
1085,Harvest Bible Church Bhaktapur,"MCJX+MF7, Saraswati Sthan Rd, महामञ्जुश्री नगरकोट, नेपाल",27.6816442,85.4487069,0,Saraswati Sthan Rd, church
1086,लुः ध्वाका,"MCCH+R8X, भक्तपुर 44800, नेपाल",27.6721136,85.4283739,4.6,भक्तपुर, tourist_attraction
1087,यक्षेश्वर महादेव मन्दिर (पशुपतिनाथ भक्तपुर),"MCCH+P98, भक्तपुर 44800, नेपाल",27.6717975,85.4284498,4.5,भक्तपुर, hindu_temple
1088,नेचर ट्रेक नेपाल,"MCJW+M3Q, नगरकोट सडक, भक्तपुर 44800, नेपाल",27.6817006,85.445227,4.8,नगरकोट सडक, trek
1089,Deaurali,"53H2+5XV, भोजपुर 6, नेपाल",27.1779842,87.0524338,0,भोजपुर, church
1090,Temke Danda (टेम्के डांडा),"56200, नेपाल",27.1709046,86.9131207,4.5,नेपाल, tourist_attraction
1091,Bodhisattva Gallery,"ललितपुर 44600, नेपाल",27.6837039,85.3180087,4.8,नेपाल, art_gallery
1092,शिव धाम परिगाउँ Dadeldhura Nepal,"5758+CJX, परशुराम 10300, नेपाल",29.1586014,80.2666209,5,परशुराम, hindu_temple
1093,Dolalgath Picnic,"JPQ5+2V7, भुम्लुटार 45215, नेपाल",27.6375406,85.7096738,3.7,भुम्लुटार, picnic
1094,Sallaghari,"3HMF+74, बुडर 10800, नेपाल",29.0831386,80.572844,0,बुडर, hike
1095,Shahid Lakhan Thapa Park,"2FWP+6RQ, घोराही 22400, नेपाल",28.0455804,82.4871117,3.8,घोराही, park
1096,Ghordaura View Point,"2GWM+M3M, घोराही 22400, नेपाल",28.0467105,82.5326767,4.3,घोराही, tourist_attraction
1097,शहीद गेट,"2FQP+W7G, Shahid Rd, घोराही 22400, नेपाल",28.0398086,82.4856912,4.5,Shahid Rd, monument
1098,Adventure Trip Tour and Travels,"Vishkarma chowk, जनकपुर 45600, नेपाल",26.7226526,85.9230265,4.9,जनकपुर, trek
1099,घोडाखोर चौरी फर्म,"3MGQ+F5, पहाडा 21400, नेपाल",29.0762094,82.6877553,0,पहाडा, zoo
1100,गोरखा स्मारक संग्रहालय,"6XWQ+FCW, Lamachaur Rd, पोखरा 33700, नेपाल",28.2461936,83.9885414,4.3,Lamachaur Rd, museum
1101,गोरखा दरबार,"2J3H+QGF, गोरखा बजार 34000, नेपाल",28.0044263,84.6288075,4.5,गोरखा, monument
1102,तल्लो धारा,"369R+929, रेसुङ्गा 32600, नेपाल",28.0684125,83.2400974,3,रेसुङ्गा, amusement_park
1103,"Shivalaya Pulkamukh, Gulmi","38QQ+VQ2, बलिथुम 32600, नेपाल",28.0896223,83.339387,4.5,बलिथुम, hindu_temple
1104,बाघदुला चौतारी,"QXR5+7H, साया 21000, नेपाल",29.7906963,81.9589858,0,साया, amusement_park
1105,फ़ुकछहड़ी Phukchahadi,"7M3J+5R, फुकोट 21300, नेपाल",29.2529876,81.6820253,0,फुकोट, amusement_park
1106,Namtales,"Nepal narayanamtales, चाँगुनारायण 44600, नेपाल",27.7129225,85.4444802,0,चाँगुनारायण, park
1107,Heaven Water Park,"JXGC+9VM, बिर्तामोड 57204, नेपाल",26.6259697,87.9721747,3.9,बिर्तामोड, amusement_park
1108,Kirat Mang-Poglung Manghim,"PPF2+F75, दमक 57200, नेपाल",26.7236441,87.7007229,4.4,दमक, museum
1109,Sadhukuti Temple Jhapa,"P26V+J27, Kalish Than Road, बुधवारे 57200, नेपाल",26.7115155,88.0425632,4.6,Kalish Than Road, hindu_temple
1110,Purbeli marga Get,"AH2 Subidar Dambar Bahadur Marg, दमक 57217, नेपाल",26.6609973,87.6798061,0,दमक, hike
1111,Khalanga Gumba,"75HG+9RW, चन्दननाथ 21200, नेपाल",29.2784915,82.1770829,4.3,चन्दननाथ, tourist_attraction
1112,Jurethum mandir,"9485+F8, हेटौडा 44100, नेपाल",27.3661429,85.108321,0,हेटौडा, hindu_temple
1113,Kaski Nepal,"7268+VMQ, पोखरा 33700, नेपाल",28.2622146,84.0167423,0,पोखरा, tourist_attraction
1114,स्वयम्भू बुद्ध पार्क,"काठमाडौँ 44600, नेपाल",27.716145,85.2838866,4.5,नेपाल, tourist_attraction
1115,Nagarkot Dhulikhel Trekking,"MGCQ+P2, नाला उग्रचन्डी 45200, नेपाल",27.6718297,85.537525,5,नाला, trek
1116,Animals kingdom,"RQ83+PR8, त्रियुगा 56300, नेपाल",26.8167898,86.7545807,0,त्रियुगा, zoo
1117,Khotang khotehang Nepal,"2VX5+V34, खोटांग बजार 56200, नेपाल",27.0496495,86.8576976,0,खोटांग, historic_site
1118,phisss nepal,"ललितपुर 44700, नेपाल",27.6716792,85.3373681,4.9,नेपाल, aquarium
1119,बालकुमारी मन्दिर,"M8CP+Q97, ललितपुर 44700, नेपाल",27.6719173,85.3359114,4.4,ललितपुर, hindu_temple
1120,नेचर ट्रेल ट्राभल र ट्रेकिङ एजेन्सी,"Tikavidyashram Marga, ललितपुर 44700, नेपाल",27.6838017,85.3101872,4.9,ललितपुर, trek
1121,Lamjung Gairi Church,"5CW3+F68, वेसीशहर 33600, नेपाल",28.1961746,84.4030739,3.7,वेसीशहर, church
1122,KHAIRENI AQUARIUM,"WG2Q+P4H, आँबु खैरेनी, नेपाल",27.9018403,84.537902,0,आँबु खैरेनी, aquarium
1123,Nangsa Art Gallery Pvt. Ltd.,"P996+RCH, Boudhadwar Marg, काठमाडौँ 44600, नेपाल",27.7195725,85.3610943,4.3,Boudhadwar Marg, art_gallery
1124,Manishankar Mandir,"4GQG+JMC, Lamjung, नेपाल",28.1390732,84.5266397,5,Lamjung, hindu_temple
1125,Lamidada Holy Church,"C448+8WV, मकवानपुरगढी 44100, नेपाल",27.4059209,85.1171923,4,मकवानपुरगढी, church
1126,प्राकृतिक इतिहास संग्रहालय,"P77Q+M46 Natural Science Museum of Tribhuvan University, Swayambhu Cir Rd, काठमाडौँ 44600, नेपाल",27.7145936,85.2879659,4.2,Swayambhu Cir Rd, museum
1127,Water park,"J4X3+6WG, ङावल 33500, नेपाल",28.6482492,84.1044965,0,ङावल, amusement_park
1128,नेपाल ईसाइ मण्डली,"कालो पुल, काठमाडौँ 44600, नेपाल",27.71249,85.335627,4.3,काठमाडौँ, church
1129,Forest places of animals,"6PMQ+5C, कुश्मा 33400, नेपाल",28.233619,83.737217,0,कुश्मा, zoo
1130,मनाङ गाविस,"मनाङ गाविस 33500, नेपाल",28.666667,84.016667,,नेपाल, monument
1131,Manang,"M288+MM7, मनाङ गाविस 33500, नेपाल",28.666667,84.016667,0,मनाङ, historic_site
1132,Chongkor View Point I,"M25C+P5C, 33500, नेपाल",28.6593138,84.0203848,4.6,33500, hike
1133,Ramailo रमाइलो,"JF8X+9F4, कानेपोखरी- रंगेली रोड, वयरवन 56600, नेपाल",26.615878,87.498718,4.1,कानेपोखरी- रंगेली रोड, tourist_attraction
1134,Shree Ramjanaki Mandir,"F062 Haraicha-7 Pacham, Morang, वनिगामा 56600, नेपाल",26.6215611,87.3726599,0,Morang, hindu_temple
1135,Khadim Khadra Bridge,"C66X+9R9, विराटनगर 56613, नेपाल",26.4109237,87.2496236,4.8,विराटनगर, trek
1136,Fountain Eco Park,"F76P+73W, विराटनगर 56613, नेपाल",26.4607491,87.2852092,3.9,विराटनगर, picnic
1137,Bal Udhyaan Forest Park,"M42J+CMQ, Devachuli-Kawasoti Rd, कावासोती 33000, नेपाल",27.6510799,84.1317212,4.4,Devachuli-Kawasoti Rd, park
1138,Safari Chitwan,"G9H3+MM4 Route Patithani, 44200, नेपाल",27.529131,84.3542049,0,44200, tourist_attraction
1139,Mahalakshmi,"W577+5M6, Durbar Square, बिदुर 44900, नेपाल",27.9129432,85.1641425,0,Durbar Square, hindu_temple
1140,Butwal water Park and Resort P. Ltd,"Janakinagar , 02, बुटवल 32900, नेपाल",27.6588747,83.4701764,3.8,2, amusement_park
1141,Piple kalika mandir,"RHWH+C6R, Unnamed Road, तानसेन 32500, नेपाल",27.8461088,83.5780285,5,Unnamed Road, hindu_temple
1142,MODERN FISH AQUARIUM,"2V6F+VRF, GP Road, वीरगञ्ज 44300, नेपाल",27.0121884,84.8745732,5,GP Road, aquarium
1143,प्यूठान,"प्यूठान 22300, नेपाल",28.1016595,82.8532928,,नेपाल, trek
1144,Satyawati trek trail,"2FVX+49, लिम्घा 32600, नेपाल",28.0428519,83.49844,0,लिम्घा, trek
1145,प्यूठान,"प्यूठान, 22300, नेपाल",28.1031994,82.8548258,,22300, trek
1146,नेपाल आर्मी चेक पोस्ट,"X6X5+M2P, पासाङ् ल्हामु राजमार्ग, लहरेपौवा 45000, नेपाल",27.9992171,85.2075634,4.2,पासाङ् ल्हामु राजमार्ग, park
1147,"भाँङ्गे झरना, रसुवा","डाँडागाउँ 45000, नेपाल",28.0385773,85.1911684,4.4,नेपाल, amusement_park
1148,Shree RadhaKrishna Temple,"X6X4+8PJ, पासाङ् ल्हामु राजमार्ग, लहरेपौवा 45000, नेपाल",27.99833,85.206758,4,पासाङ् ल्हामु राजमार्ग, hindu_temple
1149,Thurpa rolpa,"8GQM+JVW, 22100, नेपाल",28.3391249,82.5346928,3,22100, tourist_attraction
1150,Tso rolpa trek route,"VCHJ+H39, Unnamed Road, गौरी शंकर 45500, नेपाल",27.8789037,86.4302205,5,Unnamed Road, trek
1151,डिग्रा देबि साइकुमारी देबि मन्दिर,"HHW2+QC3, मुसीकोट 22000, नेपाल",28.5968757,82.5510469,5,मुसीकोट, mosque
1152,Mukteshwar Shiva Temple,"MC3M+FM, Butwal = 19 Rupandehi NEPAL, बुटवल 32907, नेपाल",27.6562055,83.4341526,4.4,Butwal = 19 Rupandehi NEPAL, hindu_temple
1153,सल्यानचौर,"C62R+HRC, शारदा 22200, नेपाल",28.4014261,82.2420028,4.5,शारदा, hike
1154,Kala Ghar Sindhuli कला घर सिन्धुली,"8W8W+44X, झाँगाझोली रातामाटा 45900, नेपाल",27.3153718,85.945364,5,झाँगाझोली, art_gallery
1155,सिन्धुली गढी किल्ला(ठूलोगढी),"7XH4+7J4, भद्रकाली 45900, नेपाल",27.2781295,85.9565729,4.3,भद्रकाली, historic_site
1156,"prayer church, nagarkot","PG89+R5X, नगरकोट सडक, महामञ्जुश्री नगरकोट 44812, नेपाल",27.7171735,85.518019,3,नगरकोट सडक, church
1157,बी.पी. संग्रहालय,"PCX8+J8V, गोकर्णेश्वर 44600, नेपाल",27.7491135,85.4157953,4.1,गोकर्णेश्वर, museum
1158,Helambu Great Trail,"WGVG+QCX, Unnamed Road, इचोक, नेपाल",27.9444859,85.5261206,4.7,Unnamed Road, historic_site
1159,Lahan siraha Nepal,"PFCJ+JJ5, लहान 56500, नेपाल",26.7215224,86.4816147,3.3,लहान, tourist_attraction
1160,Siraha Masjid,"M658+4FX, सिराहा 56500, नेपाल",26.657862,86.216327,5,सिराहा, mosque
1161,MITHILA AQUARIUM,"PWGR+V73, Murli chowk, जनकपुर 45600, नेपाल",26.7271466,85.9406745,1,Murli chowk, aquarium
1162,Noori Masjid MRj.masudululoom,"G46G+W2J, हरिनगरा, नेपाल",26.5123304,87.125058,4.3,हरिनगरा, mosque
1163,Pakuwa khola,"R7M7+4Q9, धरान 56700, नेपाल",26.8327972,87.264471,5,धरान, trek
1164,Sahid Park,"M7JC+QH9, कीर्तिपुर 44600, नेपाल",27.681907,85.2714891,4.6,कीर्तिपुर, park
1165,Believers Eastern Church,"M776+2RF, Prithvi Chowk, कीर्तिपुर 44600, नेपाल",27.6625541,85.2620329,4.6,Prithvi Chowk, church
1166,स्वरेक मैदान,"2PFP+W5F, स्वरेक 33801, नेपाल",28.0247899,83.7354332,4.4,स्वरेक, tourist_attraction
1167,palpa,"WHH3+5Q, यम्घा 33800, नेपाल",27.9279507,83.5544768,0,यम्घा, museum
1168,Subha Bihani Krishi tatha Pasupanchi fram,"XP47+MFJ, तीनदोबाटे 33801, नेपाल",27.9567202,83.7136414,4.3,तीनदोबाटे, zoo
1169,Shivalaye tample G.M2 batuwa pipalpari,"WMM2+8P7, Syangja Mirmi Sadak, जगत्रदेवी 33800, नेपाल",27.9332816,83.6517987,5,Syangja Mirmi Sadak, hindu_temple
1170,Manung Dada,"X68W+45, H04, ब्यास, नेपाल",27.967886,84.245773,4.5,H04, park
1171,Deurali देउराली,"FQ26+JFJ, फुङलिङ 57500, नेपाल",27.451593,87.7611437,3,फुङलिङ, zoo
1172,Thang heem,"4MHC+H76, रानी गाउँ 57400, नेपाल",27.1288621,87.6696156,0,रानी, church
1173,"शिवथान मन्दिर (Shivathan Temple) Amdim, Tehrathum","5F5J+F79, 57500, नेपाल",27.1586547,87.4807398,5,57500, hindu_temple
1174,Gyathum bridge,"VGPQ+8H, इचोक, नेपाल",27.8858321,85.5389584,0,इचोक, historic_site
1175,"सिसाघारी सिमसार तथा पर्यापर्यटन क्षेत्र कटारी -५ ,उदयपुर","Unnamed Road, कटारी 56300, नेपाल",26.9627847,86.405515,4.1,कटारी, park
1176,प्रगतिशिल मिश्रित समूह पोखरी,"QVQ7+8CR, बेल्टार बसाहा 56300, नेपाल",26.7883722,86.8635183,0,बेल्टार, aquarium
1177,Ganesh Temple,"QJQM+HPW, त्रियुगा 56300, नेपाल",26.7889782,86.6343362,5,त्रियुगा, hindu_temple
1178,Nayatola Masjid,"2VGR+47V, वीरगञ्ज 44400, नेपाल",27.0253608,84.8906683,4.3,वीरगञ्ज, mosque
1179,simal bot chok,"5233+FCP, गढीमाई 44400, नेपाल",27.1537158,85.0035773,4.7,गढीमाई, museum
1180,सिद्धबाबा मन्दिर,"भीमदत्त 10400, नेपाल",29.0640231,80.1325406,4.5,नेपाल, hindu_temple
1181,Mahendra statue park,"X58J+WMX, भीमदत्त 10400, नेपाल",28.9673712,80.1817243,2,भीमदत्त, monument
1182,One Tree Hill,"2677+9R, भीमदत्त 10400, नेपाल",29.0134442,80.2145669,0,भीमदत्त, hike
1183,Haramain Masjid مسجد,"J985+RVV, गोदावरी 44700, नेपाल",27.6170931,85.359575,3.7,गोदावरी, mosque
1184,स्वस्थानी मन्दिर,"M79R+RCQ, कीर्तिपुर 44600, नेपाल",27.6695962,85.2911248,4.3,कीर्तिपुर, hindu_temple
1185,Chovar gate,"M7CR+892, कीर्तिपुर 44600, नेपाल",27.6707572,85.2908822,0,कीर्तिपुर, hike
1186,Babai church,"7GMX+5FM, बाँसगढी 21800, नेपाल",28.2829686,81.5486728,0,बाँसगढी, church
1187,सामुदायिक ट्रेकहरू र अभियान प्रा। लिमिटेड,"Solu Dada, Kathmandu 10105, नेपाल",27.7342384,85.3643224,4.9,Kathmandu, trek
1188,समाईला,"V6C2+VX, ढिमे 21500, नेपाल",28.8721534,82.2023986,3.3,ढिमे, tourist_attraction
1189,Yanjakot,"7463+7J5, थुमाकोडाँडा 33700, नेपाल",28.2606277,84.1041006,4.3,थुमाकोडाँडा, monument
1190,Traditional Gurung Museum,"CQ5H+4H, घान्द्रुक 33700, नेपाल",28.4078696,83.7788968,0,घान्द्रुक, museum
1191,Summir Cover Gap,"G856+V5G, रोवा 21100, नेपाल",29.5096875,82.3104531,0,रोवा, hike
1192,Padhere dada,"5X38+74, गोगने 57000, नेपाल",27.1531712,86.9653701,1,गोगने, mosque
1193,"Nuptse East, 7804 m. First ascent 2003.","XV8P+V6M ЮВ стена, खुम्जुंग 56000, नेपाल",27.9672192,86.8855391,5,खुम्जुंग, zoo
1194,Baspani,"4G7V+JRR, 56300, नेपाल",27.1141203,86.5445027,0,56300, mosque
1195,Dudiley Tol,"9RH7+376, राखा बाङ्देल 56200, नेपाल",27.3776639,86.8131298,5,राखा, museum
1196,Lungthung Stone Monument,"X4RR+85, खैराङ 57000, नेपाल",26.9908532,87.1404018,0,खैराङ, monument
1197,Mahottari Field,"MRQC+HG5, महोत्तरी 45700, नेपाल",26.6888974,85.8213478,5,महोत्तरी, park
1198,Mahottari,"Q9CR+VFC, गोकर्णेश्वर 8, नेपाल",27.7721218,85.3912182,0,गोकर्णेश्वर, church
1199,ToteshworBhantabari Road,"2R37+PJC, बर्दिबास 45700, नेपाल",27.0045463,85.8141349,4.1,बर्दिबास, tourist_attraction
1200,Morang Aadhunik krishi Farm,"C77V+4G5, विराटनगर 56613, नेपाल",26.4127598,87.2938482,3.6,विराटनगर, picnic
1201,Shaktikhor jharana,"PJHF+J62, Unnamed Road, शक्तिखोर 44204, नेपाल",27.7290185,84.6230185,4.4,Unnamed Road, hike
1202,3B gallery,"Shreenagar Tole 2, बागलुङ 33300, नेपाल",28.2723125,83.5988302,0,बागलुङ, art_gallery
1203,ठुल्धारा,"VH4X+RW, दुल्लु 21600, नेपाल",28.8570301,81.5998179,1,दुल्लु, amusement_park
1204,तालामरा आर्यघाट,"3FG8+RQ, लयाटी 10700, नेपाल",29.0770721,81.4669661,0,लयाटी, museum
1205,Bhardev Nissi Church,"G9XG+94, भर्देव 44700, नेपाल",27.548477,85.3753014,5,भर्देव, church
1206,Bhamak,"MJ5C+X5, रुद्रेश्वर 10200, नेपाल",29.659986,80.620386,0,रुद्रेश्वर, trek
1207,"Bitthad Settlement, Bajhang","GQX4+63G, 10500, नेपाल",29.5480735,80.7552045,0,10500, tourist_attraction
1208,Jhota Darbar,"F2C2+V5F, भैरबनाथ 10500, नेपाल",29.472184,81.0004102,5,भैरबनाथ, museum
1209,Golden Aquaiam Sea World,"Simalgair Rd, near Aptek, Tiraha, Pithoragarh, Uttarakhand 262501, भारत",29.5839558,80.2029151,4,near Aptek, aquarium
1210,Tsum Valley Trek,"चाक्सीवारी मार्ग, काठमाडौँ 44600, नेपाल",27.715193,85.310262,4.2,काठमाडौँ, trek
1211,DHAMBOJHI Water Park,"नेपालगञ्ज 21900, नेपाल",28.0752578,81.6291556,4,नेपाल, park
1212,बाँके राष्ट्रिय निकुञ्ज कार्यालय,"4RF9+JHV, महादेवपुरी 21900, नेपाल",28.1241043,81.8189161,4.2,महादेवपुरी, historic_site
1213,Krishna khane pani Sewa,"4MCQ+QP, नेपालगञ्ज 21900, नेपाल",28.1219456,81.6893272,0,नेपालगञ्ज, hike
1214,"Bardiya National Park Office, Thakurdwara","Thakurdwara Road, 21800, नेपाल",28.4528817,81.2427123,4.4,21800, trek
1215,सिकारह गाउँ को चोक(धढवर),"8C58+7HH, मगरागढी 21800, नेपाल",28.3081772,81.4164843,0,मगरागढी, hike
1216,दत्तात्रय मन्दिर,"Mako Galli, भक्तपुर 44800, नेपाल",27.6734282,85.4353568,4.7,भक्तपुर, hindu_temple
1217,Sudal LandPlotstop,"MCFG+WX2, भक्तपुर 44800, नेपाल",27.674766,85.4273979,0,भक्तपुर, hike
1218,वन्य जन्तु आरक्षण एरिया,"QXHW+WM3, तपेश्वोरी 56300, नेपाल",26.7797555,86.9966568,0,तपेश्वोरी, zoo
1219,"Dharan Aquarium, Con:532457","गौतम पथ, धरान 56700, नेपाल",26.8123674,87.2832361,4.3,धरान, aquarium
1220,Sivalaye 8 bhojpur,"53F3+Q34, भोजपुर 57000, नेपाल",27.1751588,87.0526647,0,भोजपुर, hindu_temple
1221,अन्तर्राष्ट्रिय कृष्णभावनामृत संघ (इस्कोन),"MFX2+PPQ, Baseni, Bharatpur 11, भरतपुर, नेपाल",27.6995322,84.4519975,4.8,Baseni, hindu_temple
1222,Kankali Picnic Spot,"खैरहानी 44200, नेपाल",27.6522236,84.5697703,4.3,नेपाल, picnic
1223,Ambika Aquarium Shop,"JJWC+M2Q, पाँचखाल 45212, नेपाल",27.6467352,85.6201242,5,पाँचखाल, aquarium
1224,डोलेश्वर (विमलेश्वर) महादेव मन्दिर (केदारनाथ),"JCQQ+G9V, Suryebinayak - Doleswor Rd, सुर्यविनायक 45200, नेपाल",27.6388506,85.438405,4.6,Suryebinayak - Doleswor Rd, hindu_temple
1225,Radha krishna temple,"38MQ+W5H, बलिथुम 32600, नेपाल",28.0848014,83.3379939,4.8,बलिथुम, hindu_temple
1226,Upallo Humla Karnali,"5874+F9F, मुचू, नेपाल",30.1636753,81.3059182,0,मुचू, park
1227,Panidhara,"P8R8+74, घेत्मा 22000, नेपाल",28.7406213,82.3146129,0,घेत्मा, amusement_park
1228,भार ढुङ्गा लुहागा(ओलि कुल देवता),"P8J5+HVP, Jajarkot Barekot, Luhagha 44600, नेपाल",27.7314515,85.3096937,0,Jajarkot Barekot, hindu_temple
1229,Shrijanga chowk,"JXWF+FP8, बिर्तामोड 57204, नेपाल",26.64512,87.9748705,4.8,बिर्तामोड, museum
1230,Sukhani Sahid Statue,"M2G6+6P7 Salbari Park, शनि अर्जुन 57205, नेपाल",26.6755365,88.0117985,4.1,शनि, monument
1231,Pack and Pedal Nepal,"Anarmani-3, Birtamode, Jhapa, P.B.O 57204, बिर्तामोड 57204, नेपाल",26.6467544,87.9940586,4.6,Birtamode, trek
1232,Mosque,"Chandannath Muncipility-05, चन्दननाथ 21200, नेपाल",29.275418,82.1847479,1,चन्दननाथ, mosque
1233,Taalcha jumla,"857V+FQ, चन्दननाथ 21200, नेपाल",29.3137187,82.1944516,0,चन्दननाथ, hike
1234,Tripathi Kulayen Mandir,"Hemja 6 Kaski, 33700, नेपाल",28.2809919,83.9181849,5,33700, hindu_temple
1235,Annapurna Base Camp Trek,"ठमेल मार्ग, काठमाडौँ 44600, नेपाल",27.7148119,85.3112851,5,काठमाडौँ, hike
1236,देविस्थान पिक्निक स्थल,"kali temple, धुलिखेल 45200, नेपाल",27.6100834,85.5684388,4,धुलिखेल, picnic
1237,Khotang डिकुवा,"5GFR+F75, च्यास्मिटार 56200, नेपाल",27.1588151,86.5093037,4,च्यास्मिटार, hindu_temple
1238,मूल चोक,"मू चुक:, ललितपुर 44700, नेपाल",27.6729158,85.3251921,4.8,ललितपुर, historic_site
1239,"Turlungkot Gadi, Duradada Lamjung","58FM+6Q8, Unnamed Road, दुराडांडा 33600, नेपाल",28.1730411,84.3344393,4.5,Unnamed Road, park
1240,Abhishek Methodist Church,"3F87+W9W, डुम्रे-बेसिशहर-चामे राजमार्ग, पुरकोट, नेपाल",28.0673871,84.4634208,5,डुम्रे-बेसिशहर-चामे राजमार्ग, church
1241,"Historical Museum, Ghale Gaun","78H5+8GG, घले गाउँ 33600, नेपाल",28.2779705,84.3087414,5,घले, museum
1242,Bishwa Art,"Harikunja road Hetauda-2, हेटौडा 44107, नेपाल",27.4308097,85.0353314,4.2,हेटौडा, art_gallery
1243,Gangate Peace and Children Park,"V5R2+J83, बिदुर 44900, नेपाल",27.8915126,85.1507998,4.6,बिदुर, park
1244,Trek Bikes Nepal,"Panipokhari, काठमाडौँ 44600, नेपाल",27.7286232,85.3251467,4.2,काठमाडौँ, trek
1245,"Bashyal toll,palpa","VJVG+XX3, bashyaltoll 32500, नेपाल",27.8948972,83.6274288,5,bashyaltoll, hike
1246,Nepali art & painting gallery,"Lazimpat Sadak, काठमाडौँ 44600, नेपाल",27.7282336,85.3246457,0,काठमाडौँ, art_gallery
1247,Mohare Danda Trek,"काठमाडौँ 44600, नेपाल",28.3717883,83.6796143,4.9,नेपाल, trek
1248,Sudeep,"4JPX+XH, Kurgha Parbat 33400, नेपाल",28.1374135,83.6488814,0,Kurgha, hike
1249,Rest stop,"8Q6M+8W, ठोरी 44300, नेपाल",27.3108519,84.7848613,5,ठोरी, hike
1250,जौलिपोखरी,"6RRG+9J8, सिर्पा 22100, नेपाल",28.240909,82.8265691,0,सिर्पा, amusement_park
1251,Kalikasthan rasuwa,"X6P5+7W5 Kalika-2, लहरेपौवा 45000, नेपाल",27.9856374,85.2098543,2,लहरेपौवा, hindu_temple
1252,Community church rolpa liwang,"8J3R+2CM, Unnamed Road, लिवाङ 22100, नेपाल",28.3025984,82.6410495,3.3,Unnamed Road, church
1253,ब्राहा ठान,"6RF5+8R2, सिर्पा 22100, नेपाल",28.2232523,82.8095247,0,सिर्पा, hindu_temple
1254,Rolwaling Trek Pvt Ltd,"Naxal, Bhagwati Bahal, Dugad Marg, काठमाडौँ, नेपाल",27.7120419,85.3277827,5,Bhagwati Bahal, trek
1255,Dolanga Takura दोलङ्गा टाकुरा,"RCPQ+XFG, आठबिसकोट 22000, नेपाल",28.8374331,82.4387069,5,आठबिसकोट, picnic
1256,Picnic Ground,"MF4P+232, तिलोत्तमा 32907, नेपाल",27.6550247,83.4851544,5,तिलोत्तमा, picnic
1257,Muji Haddi Ram ko ghar,"HJHG+25V, वीरेन्द्रनगर 21700, नेपाल",28.5776106,81.6254283,0,वीरेन्द्रनगर, zoo
1258,Chhatreshwori Temple Salyan,"868R+Q7W, छायाँक्षेत्र 22200, नेपाल",28.3169917,82.2406976,4.4,छायाँक्षेत्र, hindu_temple
1259,कुपिन्दे दह,"C375+V5W, कुभिन्डेदह 22200, नेपाल",28.4147457,82.0579416,4.4,कुभिन्डेदह, monument
1260,साली ट्रेकिङ सेवा,"Ishaneswor Marg, काठमाडौँ 44600, नेपाल",27.6927239,85.2645446,4.7,काठमाडौँ, trek
1261,Pokhari बाेहाेरेटार पाेखरी,"CV5V+4M2, झाँगाझोली रातामाटा 45900, नेपाल",27.4077668,85.8941475,4,झाँगाझोली, amusement_park
1262,Sindhuli Baptist Church,"6WH9+3QM, कमलामाई 45900, नेपाल",27.2276966,85.9194164,4,कमलामाई, church
1263,Chhumber jharna,"WMRQ+XM5, नेपाल",27.9423893,85.6892479,0,नेपाल, hike
1264,Jama Masjid Shishwa Harinagar 5 Sunsari,"G35M+84, बसन्तपुर 56713, नेपाल",26.5084537,87.0825227,3,बसन्तपुर, mosque
1265,माछा पालन केन्द्र,"माछा पालन केन्द्र, मजुवा सर्लाही मार्ग, साँखर 33800, नेपाल",27.8819162,83.9272428,5,मजुवा सर्लाही मार्ग, aquarium
1266,"Bagaicha, 2 syangja","3VPQ+78X, पुतलीबजार 33800, नेपाल",28.0857259,83.8883661,0,पुतलीबजार, hike
1267,Patan Park,"Patan Park(公园, ब्यास 33900, नेपाल",27.9687535,84.2663703,3.7,ब्यास, park
1268,Thaman Art Galery,"पोखरा 33700, नेपाल",28.2124505,83.9557993,5,नेपाल, art_gallery
1269,Tanahun baindi,"VWJV+Q4, गाजरकोट 33800, नेपाल",27.8819733,83.9427933,0,गाजरकोट, hike
1270,ज्योतिषी Jotishi Taplejung,"8MJ6+QV, फुङलिङ 57500, नेपाल",27.3319485,87.6621906,5,फुङलिङ, hindu_temple
1271,Fun Land,"Bhadrakali Road, काठमाडौँ 44600, नेपाल",27.6975641,85.3190336,3.9,काठमाडौँ, amusement_park
1272,Jame Masjid Dhankuta जामे मस्जिद धनकुटा,"X8FV+RVR, धनकुटा 56800, नेपाल",26.9746992,87.3446677,0,धनकुटा, mosque
1273,Tinjure Danda,"Tinjure Danda, तामाफोक 56900, नेपाल",27.1713889,87.4027778,4.5,तामाफोक, trek
1274,Batase,"2GG8+7G, ओखरे 57500, नेपाल",27.0252929,87.5167599,0,ओखरे, hike
1275,Parsa National Park office,"Aadhabhar 44400, नेपाल",27.2299128,84.9875371,4.3,नेपाल, park
1276,Prashurampur Masjid,"W2MR+6PR, Bara, परशुरामपुर 44400, नेपाल",26.9331129,85.0417302,4.1,Bara, mosque
1277,Dk farm house,"Q7GF+76C, बेलडन्डी 10400, नेपाल",28.7756971,80.2730042,0,बेलडन्डी, zoo
1278,"Nepal Presbyterian Church, Chunikhel","J8C4+9R8 Anand Tole, कार्यविनायक 44700, नेपाल",27.6208661,85.3071146,4.2,कार्यविनायक, church
1279,"Pana, Rara, mugu,","F4WW+94, पिना 21100, नेपाल",29.4959356,82.1453349,0,पिना, church
1280,Mosque JAMA MASZID,"G3V3+HG6, कपिलवस्तु 32800, नेपाल",27.5439156,83.0537313,4.7,कपिलवस्तु, mosque
1281,St.Mark Believers Eastern church,"Salleri 5, नेपाल",27.4950192,86.5823749,0,नेपाल, church
1282,शेर्पा संस्कृति संग्रहालय,"RP47+2PQ, Everest Base Camp Trekking Rte, नाम्चे 56000, नेपाल",27.8050953,86.7143442,4.7,Everest Base Camp Trekking Rte, museum
1283,Gita Aquarium House,"Janak Chowk Bus Stop, जनकपुर 45600, नेपाल",26.7291617,85.9277633,3.5,जनकपुर, aquarium
1284,"Panchadhura Temple, Bardibas","2V39+7HR, बर्दिबास 45701, नेपाल",27.0032219,85.8689164,4.5,बर्दिबास, monument
1285,Mini Shimla,"PV9W+XQ, जनकपुर 45700, नेपाल",26.7199523,85.8969642,4.9,जनकपुर, picnic
1286,Mithilani Ghar Mithila Art gallery,"Dewan Pokhari South Face, जनकपुर 45600, नेपाल",26.7443703,85.9203997,4.9,जनकपुर, art_gallery
1287,Nocha Pokhari,"Unnamed Road, 45600, नेपाल",26.6961102,85.9336253,4.2,45600, picnic
1288,नाग पोखरी,"MCFM+M8H, भक्तपुर 44800, नेपाल",27.6741945,85.4333464,4.1,भक्तपुर, park
1289,Collossi Church,"MCHM+3MW, भक्तपुर 44800, नेपाल",27.677726,85.4341893,5,भक्तपुर, church
1290,पालिखेल ल्हो हिती,"MCCM+W8X, भक्तपुर 44800, नेपाल",27.672361,85.4333601,4.2,भक्तपुर, tourist_attraction
1291,Naya Planning Park,"मध्यपुर थिमि 44600, नेपाल",27.6898512,85.3711258,4.3,नेपाल, park
1292,"Upasana Church, Thimi, Bhaktapur","मध्यपुर ठिमी 44811, नेपाल",27.6773723,85.3881205,4.8,नेपाल, church
1293,बालकुमारी मन्दिर (क्वलाखु द्यः),"M9GP+84P, मध्यपुर थिमि 44600, नेपाल",27.675825,85.3853204,4.6,मध्यपुर, tourist_attraction
1294,Guppies kingdom,"मध्यपुर थिमि 44600, नेपाल",27.6729501,85.3791573,4.8,नेपाल, aquarium
1295,Mithila Art Center,"मध्यपुर थिमि 44800, नेपाल",27.680827,85.3935282,5,नेपाल, art_gallery
1296,शंखधर शख्वा मूर्ति,"M9FP+94R, मध्यपुर थिमि, नेपाल",27.673491,85.3852731,4.2,मध्यपुर थिमि, monument
1297,बुद्ध शान्ति पार्क (शान्ति डाँडा),"PG52+WX3, नगरकोट सडक, महामञ्जुश्री नगरकोट 44812, नेपाल",27.709765,85.5024153,4.3,नगरकोट सडक, park
1298,नगरकोट झरना,"PF4P+C54, नगरकोट पदयात्रा मार्ग, महामञ्जुश्री नगरकोट 44600, नेपाल",27.7060142,85.4854567,4.3,नगरकोट पदयात्रा मार्ग, tourist_attraction
1299,S.R Aquarium,"भक्तपुर 44600, नेपाल",27.6992699,85.4680101,4.5,नेपाल, aquarium
1300,महाकाली मन्दिर,"MCGJ+9G5, नगरकोट सडक, भक्तपुर 44800, नेपाल",27.6758774,85.4313614,4.4,नगरकोट सडक, hindu_temple
1301,नगरकोट भ्यू टावर,"44804, नेपाल",27.6921895,85.5199332,4.2,नेपाल, monument
1302,Madhyapur animal farm,"M9HR+WV5 Friendship park, मध्यपुर ठिमी 44600, नेपाल",27.6799106,85.3931551,0,मध्यपुर, zoo
1303,चाँगु नारायण मन्दिर,"PC8H+H38, चाँगुनारायण 44600, नेपाल",27.7163249,85.4278221,4.7,चाँगुनारायण, hindu_temple
1304,Changunarayan Forest,"PC7G+G65, Changu Narayan Southern Trail, चाँगुनारायण 44600, नेपाल",27.7137719,85.4256077,5,Changu Narayan Southern Trail, trek
1305,चाँगुनारायण पिकनिक स्थल,"Changunarayan Rd, चाँगुनारायण 44600, नेपाल",27.7170146,85.4314923,3.7,चाँगुनारायण, picnic
1306,Ganeshman Singh Smriti Batika,"MC66+6PG, सुर्यविनायक, नेपाल",27.6605627,85.411841,4.1,सुर्यविनायक, park
1307,सूर्यविनायक गणेश मन्दिर,"MC4F+F9V, सुर्यविनायक, नेपाल",27.656246,85.423476,4.6,सुर्यविनायक, hindu_temple
1308,Siddha Pokhari (Ta Pukhu),"Siddha Pokhari, भक्तपुर 44800, नेपाल",27.6719607,85.4210488,4.5,भक्तपुर, historic_site
1309,सूर्यविनायक वनभोज स्थल,"MC4F+JFR, सुर्यविनायक, नेपाल",27.6566223,85.4236314,4,सुर्यविनायक, picnic
1310,काष्ठकला सङ्ग्रहालय,"MCFP+85P, Mako Galli, भक्तपुर 44800, नेपाल",27.6733339,85.4353738,4.2,Mako Galli, museum
1311,Koinonia Bhaktapur Church,"MC95+F5M, सुर्यविनायक 44800, नेपाल",27.6687039,85.4079419,5,सुर्यविनायक, church
1312,"विष्णु देवी मन्दिर, भाजंगाल, कीर्तिपुर","कीर्तिपुर 44618, नेपाल",27.6692723,85.2863393,4.6,नेपाल, hindu_temple
1313,Nepal Trek Ways Pvt. Ltd.,"Tekhacho 4, भक्तपुर 44800, नेपाल",27.6699109,85.4255732,4.5,भक्तपुर, trek
1314,Madrasa Dare Arqam,"M9HQ+CQ8 Kamerotaar planing, मध्यपुर ठिमी 44600, नेपाल",27.6785227,85.3894716,4.5,मध्यपुर, mosque
1315,One Day Interactive 3D Museum,"M9GX+6CP, मध्यपुर थिमि, नेपाल",27.6755479,85.3984758,2.6,मध्यपुर थिमि, museum
1316,Sanothimi,"M9JC+FR3, पुरानो बाटो, मध्यपुर थिमि 44600, नेपाल",27.6811478,85.3720428,4.3,पुरानो बाटो, historic_site
1317,Trekadviser Pvt.Ltd.,"भक्तपुर 44800, नेपाल",27.6898824,85.4133837,5,नेपाल, trek
1318,सुन्दरीजल झरना,"QC8F+X9P, Chisapani Trek, गोकर्णेश्वर 44600, नेपाल",27.7674538,85.4234458,4.5,Chisapani Trek, park
1319,Sundarijal church,"PCV7+R2V, गोकर्णेश्वर 44600, नेपाल",27.7445352,85.4125543,5,गोकर्णेश्वर, church
1320,ईन्द्रायणी मन्दिर,"MCFG+7PG, भक्तपुर 2, नेपाल",27.673167,85.426814,4.5,भक्तपुर, hindu_temple
1321,सुन्दरीजल बाध,"QCCG+P9M, Chisapani Trek, गोकर्णेश्वर 44600, नेपाल",27.7718462,85.4259073,4.4,Chisapani Trek, historic_site
1322,Sundarijal-Chisapani Trek,"Sundarijal-Chisapani Trek, नेपाल",27.791617,85.4357231,,नेपाल, trek
1323,Sundarijal,"QCV7+RG5, गोकर्णेश्वर 44600, नेपाल",27.794522,85.4138521,4.5,गोकर्णेश्वर, hike
1324,Liwali,"MC9R+RH2, भक्तपुर 44800, नेपाल",27.6695052,85.4414015,0,भक्तपुर, church
1325,Aquatic Life Culture,"MCCQ+734, Maheshwari Chowk, भक्तपुर 44800, नेपाल",27.6706365,85.4376976,3,Maheshwari Chowk, aquarium
1326,सिद्धि वत्सला मन्दिर,"MCCH+RG6, भक्तपुर 44800, नेपाल",27.6720314,85.4287688,4.7,भक्तपुर, hindu_temple
1327,Itahari Roundabout,"M78G+75Q, इटहरी 56705, नेपाल",26.6629347,87.274534,4.7,इटहरी, tourist_attraction
1328,Noori Jaama Masjid,"M75H+R4M, इटहरी 56705, नेपाल",26.6595886,87.2778028,3.7,इटहरी, mosque
1329,Itahari Matrix,"M79Q+JHG, तालतलैया मार्ग, इटहरी 56705, नेपाल",26.6691823,87.2889445,4.5,तालतलैया मार्ग, museum
1330,Itahari Aquarium,"आइतबारे पथ 4, इटहरी 56705, नेपाल",26.6655161,87.2719744,5,इटहरी, aquarium
1331,Muktidham ᤕᤢᤔᤠ,"M76P+C28, इटहरी 56705, नेपाल",26.661055,87.2849995,4.5,इटहरी, hindu_temple
1332,गोकुलम रिसोर्ट,"J7WR+X2R, सुन्दर दुलारी 56705, नेपाल",26.6474791,87.2900214,4,सुन्दर, picnic
1333,वि. पी. पार्क,"R7WV+F63 Sardu Khola, धरान 56700, नेपाल",26.8461322,87.2930399,4.1,धरान, park
1334,ध​रान घण्टाघर,"R76P+M4M घण्टाघर, देशी लाईन, धरान 56700, नेपाल",26.8117069,87.2852886,4.3,देशी लाईन, monument
1335,राधा कृष्ण मन्दिर,"F7CM+VQ8, विराटनगर 56613, नेपाल",26.4721669,87.2844631,4.3,विराटनगर, hindu_temple
1336,शंख पार्क,"Bhedetar - Rajarani - Rabi - Ranke, भेडेटार 56804, नेपाल",26.8578935,87.32085,4.1,भेडेटार, park
1337,भेडेटार भ्यू टावर,"Charles Point, Dharan Dhankuta Hwy, धरान 56804, नेपाल",26.861125,87.3192823,4.3,Dharan Dhankuta Hwy, amusement_park
1338,Living Church Bhaktapur,"MCF3+CM3, Srijana Nagar, भक्तपुर 44800, नेपाल",27.6736151,85.4041061,0,Srijana Nagar, church
1339,भेडेटार बजार,"V859+QV7, कोशी राजमार्ग, भेडेटार 56804, नेपाल",26.8594058,87.3196591,4.3,कोशी राजमार्ग, mosque
1340,House of Bettas and guppies,"R77M+35X, गौतम पथ, धरान 56700, नेपाल",26.8127565,87.2829685,2,गौतम पथ, aquarium
1341,𑐨𑐿𑐮 𑐡𑑂𑐫𑑅 (भैरवनाथ मन्दिर),"Taumadhi Square, भक्तपुर 44800, नेपाल",27.6710131,85.4295141,4.9,भक्तपुर, hindu_temple
1342,योसिंखेल भैरबस्थान,"MC9J+H29, भक्तपुर 44800, नेपाल",27.6689112,85.4301039,4.7,भक्तपुर, historic_site
1343,न्यातपोल मन्दिर,"Taumadhi Square, भक्तपुर 44800, नेपाल",27.6713593,85.4293285,4.7,भक्तपुर, tourist_attraction
1344,इस्कन भक्तपुर,"MCCF+F4G, भक्तपुर 44800, नेपाल",27.6711905,85.4228279,4.6,भक्तपुर, mosque
1345,iTrekNepal,"Byasi Gate, नगरकोट सडक, भक्तपुर 44800, नेपाल",27.6748931,85.4279609,4.6,नगरकोट सडक, trek
1346,Bhaktapur.com,"Libali-8, Bhaktapur Municipality, भक्तपुर 44800, नेपाल",27.6716109,85.43823,4.3,Bhaktapur Municipality, historic_site
1347,Creative arts and crafts hub,"भक्तपुर 44800, नेपाल",27.6700939,85.4381802,0,नेपाल, art_gallery
1348,Dakshin Barahi Park,"M99P+29Q, अनन्तलिङ्गेश्वर, नेपाल",27.6675878,85.3859708,4.3,अनन्तलिङ्गेश्वर, park
1349,Pokhari danda,"JCXR+C5C, सुर्यविनायक, नेपाल",27.6485692,85.4403878,3.8,सुर्यविनायक, hike
1350,KamaalSin Chhaanaa,"579V+MW, मङ्गलसेन 10700, नेपाल",29.1691367,81.2948383,2,मङ्गलसेन, park
1351,अछाम दरबार ( मङल्सेन दरबार ) आर्मी ब्यारेक,"47R4+VH4, मङ्गलसेन 10700, नेपाल",29.1421439,81.2564536,4.2,मङ्गलसेन, tourist_attraction
1352,Mangalsem,"464H+XWH, मङ्गलसेन 10700, नेपाल",29.1074324,81.229853,0,मङ्गलसेन, tourist_attraction
1353,Sannikot Temple,"47V4+8G2, मङ्गलसेन 10700, नेपाल",29.1432534,81.2562713,3,मङ्गलसेन, mosque
1354,Lovely dada,"F53V+QP8, 10500, नेपाल",29.4544214,81.1943296,0,10500, zoo
1355,श्री कोकिला देवी मन्दिर/Kokila devi mandir (तिरुवा टोल),"Mangalsen nagarpalika ward no 14 kalagaun roll, नेपाल",29.1570698,81.3330847,5,नेपाल, hindu_temple
1356,Mangalsen Historic palace,"47Q4+QCW, मङ्गलसेन 10700, नेपाल",29.1394778,81.2560857,3.7,मङ्गलसेन, monument
1357,कुन्तिवण्डाली,"464H+XWH, मङ्गलसेन 10700, नेपाल",29.107441,81.2298513,0,मङ्गलसेन, trek
1358,Janali Falls (जनाली झरना),"37RP+63G jharna, मङ्गलसेन 10700, नेपाल",29.0905625,81.2851875,4.2,मङ्गलसेन, picnic
1359,काला खोला,"38HG+962, 10700, नेपाल",29.0783898,81.3255262,5,10700, hike
1360,Dudamukh Baghkhor Park,"MG75+M2H, नाला उग्रचन्डी 45200, नेपाल",27.6641987,85.507612,4.2,नाला, park
1361,आराधना चर्च,"PJW5+HH, भिमटार, नेपाल",27.7465731,85.608873,5,भिमटार, church
1362,हात्तीसँडे डाँडा,"G45H+G8, भिमफेदी 44100, नेपाल",27.5088352,85.1283443,5,भिमफेदी, tourist_attraction
1363,स्वयम्भू महाचैत्य,"P77R+X52, BHAGANPAU 44600, नेपाल",27.7148996,85.2903957,4.6,BHAGANPAU, monument
1364,Chovar park,"M76V+HXJ, कीर्तिपुर 44600, नेपाल",27.661756,85.2942256,4.5,कीर्तिपुर, park
1365,Machchhegaun Christian Assembly,"M69X+883, चन्द्रागिरी 44618, नेपाल",27.6682547,85.2482964,4.7,चन्द्रागिरी, church
1366,chaur pokhari,"Q625+3M8, छत्रे देउराली 45100, नेपाल",27.7501509,85.2091923,2.3,छत्रे, tourist_attraction
1367,Shantada ramaroshan achham,"6C32+HH3, 10700, नेपाल",29.2038979,81.4014198,0,10700, park
1368,रामारोशन,"रामारोशन 10700, नेपाल",29.23,81.46,,नेपाल, tourist_attraction
1369,Kinnimini patan,"साँफेवगर 10700, नेपाल",29.2421875,81.4544375,4,नेपाल, tourist_attraction
1370,रामारोशन,"रामारोशन, नेपाल",29.2038979,81.4014198,,नेपाल, tourist_attraction
1371,"🕉️ Baachalaa Thaan , Achham, ramaroshan","6CQG+WQG, 10700, नेपाल",29.2398161,81.4269459,0,10700, hindu_temple
1372,Gamcha prakash church,"M94R+GHH, Thimi-Biruwa Rd, अनन्तलिङ्गेश्वर, नेपाल",27.657279,85.3915751,0,Thimi-Biruwa Rd, church
1373,पाँडेको कटेज,"JJF7+VXX, पाँचखाल 45212, नेपाल",27.6248234,85.615874,5,पाँचखाल, tourist_attraction
1374,Dullu Museum,"VJF5+8CP, Unnamed Road, दुल्लु 21600, नेपाल",28.8733353,81.6085898,5,Unnamed Road, museum
1375,Hobby Aquarium,"P824+J3H, Guna Kamdev Marg, काठमाडौँ 44614, नेपाल",27.701564,85.305222,3.8,Guna Kamdev Marg, aquarium
1376,Baahal,"PFJ6+2VH, शङ्खरापुर 44600, नेपाल",27.7300643,85.4622415,4.5,शङ्खरापुर, historic_site
1377,घ्याम्पे डाँडा वनभोज स्थल,"JCQF+6W3, अनन्तलिङ्गेश्वर, नेपाल",27.6381719,85.4253785,3.8,अनन्तलिङ्गेश्वर, picnic
1378,Shahid park,"JC3W+6CX, र्‍याले 45200, नेपाल",27.6031225,85.4460997,4.7,र्‍याले, park
1379,आलडिल,"GRX7+CJ, कार्त्तिके देउराली 45200, नेपाल",27.5485043,85.8140236,4.5,कार्त्तिके, tourist_attraction
1380,"1.देवल, History monument","9X49+FV, धापा 21200, नेपाल",29.3562059,81.9696563,5,धापा, monument
1381,Dhurbe dado,"MJ54+QHV, पाँचखाल 45212, नेपाल",27.6594887,85.6064253,5,पाँचखाल, historic_site
1382,साहसिक पर्वतीय नेपाल ट्रेकिङ र चढाई (पी) लिमिटेड,"अमृत मार्ग, काठमाडौँ 44600, नेपाल",27.7160419,85.3128484,4.8,काठमाडौँ, trek
1383,Payal view',"55CQ+2X5, पाइल 10700, नेपाल",29.17,81.19,5,पाइल, park
1384,Christiya Aaradhana Church,"66J8+RH7, साँफेवगर 10700, नेपाल",29.2320437,81.2164307,5,साँफेवगर, church
1385,Achham jayagadh kalika,"672F+4QH, 10700, नेपाल",29.2003096,81.2744956,0,10700, tourist_attraction
1386,साँफेबगर विमानस्थल,"66P8+M75, H18, साँफेवगर 10700, नेपाल",29.236625,81.2157365,4,H18, mosque
1387,shailesh mobile gallery,"achham achham sanfe, साँफेवगर 10702, नेपाल",29.2352473,81.2084183,0,साँफेवगर, art_gallery
1388,The print house,"RPR5+4QX, नारायण नगरपालिका 21600, नेपाल",28.8403486,81.7094891,3,नारायण, art_gallery
1389,Baidhyanath Dham Temple (वैद्यनाथ धाम),"6673+8JJ मन्दिर, बैजनाथ 10700, नेपाल",29.213146,81.2040304,4.4,बैजनाथ, hindu_temple
1390,Shannikot Temple,"65H2+R56, साँफेवगर 10700, नेपाल",29.2295255,81.1503883,4.3,साँफेवगर, monument
1391,खप्तड राष्ट्रिय निकुञ्ज कार्यालय,"Khaptad Baba Paidal Marg, 10800, नेपाल",29.3868103,81.1480375,4.5,10800, amusement_park
1392,खप्पर दह मन्दिर,"Khaptad - Rara Paidal Marg, 10800, नेपाल",29.3869594,81.1699091,5,10800, church
1393,खप्तड ताल,"खप्तड ताल, 10500, नेपाल",29.3867328,81.1687205,4.3,10500, tourist_attraction
1394,पाँचपिप्ले (पोखरी),"MJJM+88H, जैसीथोक मण्डन, नेपाल",27.6808204,85.6333577,0,जैसीथोक मण्डन, park
1395,Jump Jhamsikhel Indoor Trampoline Park,"Bakhundole, ललितपुर 44600, नेपाल",27.6830355,85.3101159,3.9,ललितपुर, amusement_park
1396,"Jhaukhel Nazarin Church, Nepal","MCQJ+GFG, चाँगुनारायण 44800, नेपाल",27.6883895,85.4311324,4,चाँगुनारायण, church
1397,Yalmu jharana,"RV9V+58, गाठी 45302, नेपाल",27.8179735,85.8933596,4.2,गाठी, tourist_attraction
1398,चाँगु संग्रहालय,"PC8H+HM5, Mandir Walkway, चाँगुनारायण 44600, नेपाल",27.7163961,85.4292452,4.4,Mandir Walkway, monument
1399,"Pipse, Chyomthali पिप्से, च्योम्थली","VFHW+3M6, Gyalthum Pipse Golphubhanjyang Kutumsang Road, थाकनी, नेपाल",27.8776628,85.4966462,3.8,Gyalthum Pipse Golphubhanjyang Kutumsang Road, historic_site
1400,हामी ट्रेक नेपाल (पृ) लिमिटेड,"चाक्सीवारी मार्ग 16, काठमाडौँ 44600, नेपाल",27.7151701,85.3103372,5,काठमाडौँ, trek
1401,Ramche Stone Park,"Sitalbasti tinpiple, gramin sadak, पात्लेखेत 45200, नेपाल",27.6007901,85.5927162,4.7,gramin sadak, tourist_attraction
1402,श्री शैलेश्‍वरी मन्दिर,"सिलगढी मुख्येमार्ग, दिपायल सिलगढी 10800, नेपाल",29.2665922,80.980882,4.5,दिपायल, monument
1403,Simali,"QWQV+WFV, Ramsikhar Jhala, पहलमानपुर, नेपाल",28.7898749,80.9436871,4.3,Ramsikhar Jhala, picnic
1404,बैकुण्ठपुरी संग्रहालय,"X56G+7F, सन्धीखर्क 32700, नेपाल",27.960564,83.176133,4.2,सन्धीखर्क, museum
1405,नरीकला कृषि तथा पशुपालन फर्म,"V93V+M9, फेक 32500, नेपाल",27.8541875,83.3934375,5,फेक, zoo
1406,Sandhikharka Tattoo House,"Hall line 1, सन्धीखर्क 32700, नेपाल",27.9764761,83.1265024,0,सन्धीखर्क, art_gallery
1407,Ganesh Temple,"X4CG+V3V, सन्धीखर्क 32700, नेपाल",27.9722267,83.1251677,4.5,सन्धीखर्क, hindu_temple
1408,Sandhikharka View Tower,"X4FC+V97, Kura Road, सन्धीखर्क 32700, नेपाल",27.9746503,83.1209141,3.4,Kura Road, historic_site
1409,Arghakhanchi,"X4GJ+GM, सन्धीखर्क 32700, नेपाल",27.9763333,83.1317319,4.8,सन्धीखर्क, trek
1410,VIEW TOWER (घोर्लासी),"Shandhikharka Municipality 9, 32712, नेपाल",28.0237143,83.0775129,5,32712, picnic
1411,Sainamaina Spring Water World and Resort,"Bayarkatti, सैनामैना 32900, नेपाल",27.6787554,83.3148771,3.9,सैनामैना, amusement_park
1412,Galgatha church (Jurauni),"QQXG+JRQ, गोबरडिहा 22400, नेपाल",27.7990151,82.777067,4.6,गोबरडिहा, church
1413,Sit Khola,"WW2C+FX, जुलुके 32700, नेपाल",27.9010365,82.9234049,3.5,जुलुके, tourist_attraction
1414,Bangesal Masjid,"WR5V+532, बाङ्गेसाल, नेपाल",27.9078912,82.8427074,5,बाङ्गेसाल, mosque
1415,Kharkatti riparian area,"RP8G+8P3, Dulaiya Rd, गोबरडिहा 22404, नेपाल",27.8157695,82.7268024,5,Dulaiya Rd, zoo
1416,Buddhist Monument,"VHF2+XC4, श्रीनगर हिल पथ, तानसेन 32500, नेपाल",27.874,83.551,4,श्रीनगर हिल पथ, monument
1417,शितगंगा,"शितगंगा, नेपाल",27.8345196,83.0626083,,नेपाल, historic_site
1418,Chakla sitganga,"R3M7+Q4Q, ठाडा 32700, नेपाल",27.8344664,83.0628506,3.5,ठाडा, historic_site
1419,खेल मैदान काल्धारे,"RRG6+P6, सिद्धरा 32700, नेपाल",27.8264605,82.8114163,0,सिद्धरा, picnic
1420,lahare(लहरे) foot trail,"V5RH+MCX, धतिवाङ 32700, नेपाल",27.8917378,83.1786131,5,धतिवाङ, hike
1421,Santi Bagaicha,"X4CG+W5C, सन्धिखर्क-गोरुसिंगे सडक, सन्धीखर्क 32700, नेपाल",27.9723084,83.1253783,4.1,सन्धिखर्क-गोरुसिंगे सडक, park
1422,भूमिकास्थान,"भूमिकास्थान, नेपाल",27.9933729,83.0133837,,नेपाल, tourist_attraction
1423,सन्धिखर्क मस्जिद,"X4GF+2FR, सन्धीखर्क 32700, नेपाल",27.9751083,83.1235764,3.5,सन्धीखर्क, mosque
1424,kafalneti,"4246+G5, गोखुङ्गा 44600, नेपाल",28.1063125,83.0104375,5,गोखुङ्गा, museum
1425,Arghakhanchi nepal,"V4VC+HRR, Mandre 32700, नेपाल",27.8939888,83.1220074,3.7,Mandre, art_gallery
1426,छेडा पोखरा थुम्को,"23M9+MMF, धारापानी 32700, नेपाल",28.0341993,83.069166,5,धारापानी, hike
1427,Ninthumdada,"263H+HR, छत्रगंज 32600, नेपाल",28.0039417,83.2296059,4.5,छत्रगंज, park
1428,तम्घास मसीही चर्च,"367X+C34, रेसुङ्गा 32600, नेपाल",28.0635148,83.2476599,4.2,रेसुङ्गा, church
1429,Subhani jama masjit,"Unnamed Road, 32700, 32700, नेपाल",27.9638849,83.2620438,5,32700, mosque
1430,"माझपानी शिवालय मन्दिर, तारुभतेरा","25JX+JFQ, भगवती 32700, नेपाल",28.0315854,83.1987289,5,भगवती, hindu_temple
1431,छत्रदेव,"छत्रदेव, नेपाल",27.9818624,83.2324835,,नेपाल, historic_site
1432,Trekking spot Basantapur,"PG42+JH, देवदह नगरपालिका 32907, नेपाल",27.7065574,83.5014206,4.2,देवदह, trek
1433,Paulapata picnic spot पोउलापाटा पिकनिक ठाउँ,"Sandhikharka-5 wangla, saldada वङ्गला, सालडाँडा, धोरपाटन, सन्धीखर्क ५, नेपाल",27.9496571,83.1924831,5,saldada वङ्गला, picnic
1434,Panini -8,"W6V6+Q7, पाली 32700, नेपाल",27.9455939,83.2100177,0,पाली, park
1435,NOORI MASJID (khanchi),"X4GX+W9, सन्धीखर्क 32700, नेपाल",27.9772346,83.1485546,1,सन्धीखर्क, mosque
1436,Panini Tapobhumi,"V823+RM7, पोखराथोक, नेपाल",27.852035,83.3041747,4,पोखराथोक, hindu_temple
1437,"Panini- 05 Maidan, Arghakhanchi","W63P+GVR, मैदान 32700, नेपाल",27.9038638,83.2371332,0,मैदान, monument
1438,"Shikhardanda,panini,nepal","W5WF+73, सन्धीखर्क 32700, नेपाल",27.9456718,83.1726418,0,सन्धीखर्क, trek
1439,Panini 1 Simle Rajupani (Tijuka Rukha) Arghakhanchi,"V7MR+VMV, पणेना 32700, नेपाल",27.8847377,83.2916813,0,पणेना, trek
1440,"Badhunga, चौपारी","Arghakhanchi, panini-6, Badunga, नेपाल",27.8990515,83.2237671,5,panini-6, picnic
1441,Rock Garden /झल्याकोट,"3564+53G, 32600, नेपाल",28.0604469,83.1551903,4,32600, park
1442,Malarani Temple,"6 ghera malarani arghakhanchi, हंसपुर, नेपाल",28.0675838,83.0961241,4.4,हंसपुर, church
1443,Tiger Chowok,"7H9X+7M2, Mahendra Path, बागलुङ 33300, नेपाल",28.2681262,83.5991368,4,Mahendra Path, zoo
1444,Bishal fish store (aquarium),"baglung Buspark 2, पोखरा 33700, नेपाल",28.2328824,83.9828074,5,पोखरा, aquarium
1445,Galkot Durbar,"6CQF+936, हरिचौर 33300, नेपाल",28.2384093,83.4226508,4.6,हरिचौर, park
1446,स्वस्थ ताजा मूलको पानी,"6JRV+RRJ Nayapul Bus Stop, Baglung Rajmarg, कुश्मा 33400, नेपाल",28.2420772,83.6445192,0,Baglung Rajmarg, amusement_park
1447,Galkot AG Church,"6CHH+96H, हरिचौर 33300, नेपाल",28.2284409,83.4281199,4.4,हरिचौर, church
1448,Galkot Art Museum,"6CH3+WPP, हरिचौर 33300, नेपाल",28.2298361,83.4043278,4.1,हरिचौर, art_gallery
1449,श्री नन्दीश्वरसूर्यमन्दिर,"6C89+G6M, हरिचौर 33300, नेपाल",28.2163198,83.4180436,4.5,हरिचौर, hindu_temple
1450,Gaighat Falls,"7C7J+553, हरिचौर 33300, नेपाल",28.2628992,83.4304299,4.4,हरिचौर, trek
1451,Bareng fun park,"4GR6+G2, धुल्लुबास्कोट 33300, नेपाल",28.1413515,83.5100862,5,धुल्लुबास्कोट, park
1452,Anugraha Baptist church,"4J79+R75, जैदी 33400, नेपाल",28.1145201,83.6182437,5,जैदी, church
1453,जैमूनी,"जैमूनी, नेपाल",28.1831784,83.6134596,,नेपाल, mosque
1454,Paiyun art & tech,"7H7X+QR6, बागलुङ 33300, नेपाल",28.2644195,83.5995009,5,बागलुङ, art_gallery
1455,Dhorpatan Hunting Reserve,"F3V5+WV, स्यालपाखे 33300, नेपाल",28.4947535,83.059632,4.6,स्यालपाखे, park
1456,ढोरपाटन शिकार आरक्ष,"22000, नेपाल",28.5856157,82.9931607,4.4,नेपाल, tourist_attraction
1457,Madarsha gulshane raja burtibang baglung,"85P6+2C9 Prabhu Bank, बुर्तिबाङ-बोङ्गादोभान सडक, बुर्तिबाङ 33300, नेपाल",28.3350371,83.1611028,5,बुर्तिबाङ-बोङ्गादोभान सडक, mosque
1458,Uttarganga Baraha Temple,"F2MQ+868, स्यालपाखे 33300, नेपाल",28.4832958,83.0380756,4.4,स्यालपाखे, hindu_temple
1459,"पञ्चकोट धाम, बागलुङ","7HQH+H7F, बागलुङ 33300, नेपाल",28.2889329,83.5781813,4.4,बागलुङ, monument
1460,Dhorpatan,"Dhorpatan, 33300, नेपाल",28.500139,83.064537,,33300, historic_site
1461,बरेङ बजार,"बरेङ बजार, 33300, नेपाल",28.1281727,83.5113518,,33300, tourist_attraction
1462,वरेङ,"वरेङ, 33300, नेपाल",28.1599473,83.4899053,,33300, historic_site
1463,Bogati Thar,"8H4V+87V, Baglung-Beni Rd, बेनी 33400, नेपाल",28.3058708,83.5931659,5,Baglung-Beni Rd, historic_site
1464,भुते छहरा,"8H3P+JJ2, Baglung-Beni Rd, बेनी 33200, नेपाल",28.304007,83.5865147,0,Baglung-Beni Rd, historic_site
1465,Tiger Statue (बाघको सालिक),"बागलुङ 33300, नेपाल",28.2681257,83.5991348,4.7,नेपाल, historic_site
1466,Bareng Rural municipality Office,"4FPX+F4H, 33300, नेपाल",28.1361851,83.4979069,3.2,33300, trek
1467,नेवार भञ्ज्याङ,"4F2G+3X, ग्वाधा 33300, नेपाल",28.1002204,83.4774091,0,ग्वाधा, hike
1468,कुमले पाखो,"7HMF+5J3, बागलुङ 33300, नेपाल",28.2828892,83.5740341,0,बागलुङ, tourist_attraction
1469,Kathekola phaparkhet baglung nepal,"7FHR+HCJ, तंग्राम 33300, नेपाल",28.2789714,83.4910242,0,तंग्राम, tourist_attraction
1470,H.Abubaqar siddiq mosalla masjid,"8HX8+2QF, Near campus chok sixamarg raod, बेनी, नेपाल",28.3474713,83.5669364,5,Near campus chok sixamarg raod, mosque
1471,shakyajetha arts and digital photo vidwo service baglung,"infront of disteict administration office, बागलुङ 33300, नेपाल",28.2660896,83.5971265,5,बागलुङ, art_gallery
1472,Kailash,"7H79+4P9, Kathakhola, बागलुङ 33300, नेपाल",28.2627917,83.5693526,5,Kathakhola, hindu_temple
1473,"Tinchule View Point, Asauje, Dhamja, Baglung","8FCM+397, अर्गल 33200, नेपाल",28.3201631,83.4834359,0,अर्गल, trek
1474,Halhale हलहले,"6F8W+25, दुधिलाभाटी 33300, नेपाल",28.2153216,83.4961149,5,दुधिलाभाटी, picnic
1475,घोच्चाको डाँडा,"958X+MX9, खुंगा 33300, नेपाल",28.366667,83.2,0,खुंगा, park
1476,बगैंचा,"95PQ+RP, बुंगदोभान 33300, नेपाल",28.3870875,83.1893359,2,बुंगदोभान, church
1477,तमान,"तमान, 33300, नेपाल",28.3945882,83.2512698,,33300, tourist_attraction
1478,Manakamana Mandir,"32600, नेपाल",28.2454886,83.25102,4,नेपाल, museum
1479,"Kalimati, Nabi","9, नेपाल",28.500139,83.064537,0,नेपाल, zoo
1480,तमानखोला,"तमानखोला, नेपाल",28.4380182,83.2276309,,नेपाल, hindu_temple
1481,Ascend Treks & Destination Management Co.,"7WCV+WHF Sajha, Baglung Rajmarg, पोखरा 33700, नेपाल",28.2722071,83.9438406,5,Baglung Rajmarg, trek
1482,Picnic Spot,"85F5+885, मध्य पहाडी लोकमार्ग, शेरा 33300, नेपाल",28.3213667,83.1580328,0,मध्य पहाडी लोकमार्ग, picnic
1483,हसेगुम,"97XG+6R, मुना 33300, नेपाल",28.3980666,83.2770776,0,मुना, hike
1484,Khiun pokhari,"33300, नेपाल",28.2943125,83.3601875,5,नेपाल, park
1485,ताराखोला,"ताराखोला, नेपाल",28.3114254,83.4113108,,नेपाल, tourist_attraction
1486,Durga bhawani mandir,"8C66+HGF, Tara khola 4, बागलुङ 33300, नेपाल",28.3114254,83.4113108,0,Tara, mosque
1487,Tarakhola Multipropose Rainbow Trout Fish Farm,"33300, नेपाल",28.3079924,83.4103817,4.5,नेपाल, aquarium
1488,Tinchule Temple,"994W+M47, 33200, नेपाल",28.3566603,83.3952983,5,33200, hindu_temple
1489,Lalita & Lalit Bdr. Thapa Memorial Stadium,"6CC2+WFF, Malma - Pandapkhani Highway, मल्म 33300, नेपाल",28.2223091,83.4011728,4.1,Malma - Pandapkhani Highway, monument
1490,Teuwa,"6CH3+WPP, हरिचौर 33300, नेपाल",28.2302083,83.40382,4,हरिचौर, picnic
1491,तारागाँउ पदमार्ग,"33300, नेपाल",28.310184,83.4119465,0,नेपाल, hike
1492,बस्नेरा चौर,"92JG+RV, बोहरागाउँ 33300, नेपाल",28.3820177,83.0272025,4.8,बोहरागाउँ, park
1493,घोडा बान्ने रह (प्रख्यात पौडी स्थान),"सेरा सडक, 33300, नेपाल",28.3289849,83.1579369,2,33300, amusement_park
1494,"Hossana Church, Khadu, Baglung","84W3+F7G, 33300, नेपाल",28.3461668,83.1031942,4,33300, church
1495,निसी,"निसी 33300, नेपाल",28.4069244,83.0059224,,नेपाल, tourist_attraction
1496,सिद्धार्थ आर्ट ग्यालरी,"Babermahal Revisited premises, टंक प्रसाद घुम्ती सडक, काठमाडौँ 44617, नेपाल",27.6944534,85.3226963,4.5,टंक प्रसाद घुम्ती सडक, art_gallery
1497,देवी मन्दिर,"75Q4+WF4 बडिगाड गाउँपालिका ९ खहरे सौरपानी, हिल 33300, नेपाल",28.2897674,83.1562153,5,हिल, hindu_temple
1498,Jugjakhola,"935Q+M82, 33300, नेपाल",28.3591339,83.0882666,5,33300, monument
1499,निसीखोला,"निसीखोला, नेपाल",28.4074527,83.0059928,,नेपाल, historic_site
1500,अस्मता डाँडा,"C23F+938, sinukhung 33300, नेपाल",28.4034125,83.0227031,5,sinukhung, trek
1501,विश्वासीहरूलाई चर्च,"57MM+C4V, बुर्तीबाङ मार्ग, वामीटक्सार 32600, नेपाल",28.1836403,83.2828214,3.5,बुर्तीबाङ मार्ग, church
1502,Badigad Rural Municipality,"Wadigad-5, ग्वालीचौर 32600, नेपाल",28.2448156,83.217021,4.1,ग्वालीचौर, zoo
1503,शिव मन्दिर,"75R5+83M बडिगाड गाउँपालिका ९ खहरे बासपाटा, हिल 33300, नेपाल",28.2908356,83.1576603,5,हिल, hindu_temple
1504,वडिगाड,"वडिगाड, नेपाल",28.2447834,83.2175217,,नेपाल, historic_site
1505,Kathpate,"GFQ4+VG6, Khalanga 10200, नेपाल",29.539655,80.4562702,5,Khalanga, park
1506,D.B. ARTS Home,"RVJX+GFR, मोहन्याल 10900, नेपाल",28.831355,80.8986502,0,मोहन्याल, art_gallery
1507,Jai Shree Bahugade,"Dash Rath chand Nagar Palika ,Ward No. 9 Dungra Baitadi,NEPAL, दशरथचन्द 10200, नेपाल",29.5412969,80.3963399,5,Ward No. 9 Dungra Baitadi, hindu_temple
1508,Sahed Dashrathchand memorial trust baitadi,"HC53+9V, दशरथचन्द 10200, नेपाल",29.5583806,80.4046331,0,दशरथचन्द, monument
1509,दशरथ चन्दको जन्मस्थल,"HC54+4QG, दशरथचन्द 10200, नेपाल",29.5578002,80.4069122,5,दशरथचन्द, historic_site
1510,डंसिली बजार चोक,"CG5X+44X, पाटन 10200, नेपाल",29.4078652,80.5478448,5,पाटन, park
1511,क्वाइनोनिया पाटन मण्डली,"M899+PWV, ललितपुर 44600, नेपाल",27.6693712,85.3194504,5,ललितपुर, church
1512,"Pant Tourism Area Patan ,Baitadi","9JVW+WM2, पाटन 10300, नेपाल",29.3947621,80.6466543,0,पाटन, tourist_attraction
1513,Baitadi Patan 1 ganesh pur shree kalsaini temple,"CGG4+PR, पाटन 10200, नेपाल",29.426754,80.5070634,3.7,पाटन, hindu_temple
1514,chill hill's,"पाटन 10200, नेपाल",29.4758647,80.5444853,5,नेपाल, trek
1515,Melauli park,"CC97+HVC, मेलौली 10200, नेपाल",29.4180863,80.4141233,5,मेलौली, park
1516,मर्छले चर्चुरा ओझा निवाश,"CC6V+5GJ, मेलौली 10300, नेपाल",29.4104518,80.4437781,0,मेलौली, church
1517,मेलौली,"मेलौली, नेपाल",29.4104518,80.4437781,,नेपाल, tourist_attraction
1518,Melauli Bhagwati Mandir Melauli,"CC97+HV6, मेलौली 10200, नेपाल",29.4189107,80.4146479,4.3,मेलौली, mosque
1519,कुरुकुटिया,"GG8R+C9, बसुलिङ 10200, नेपाल",29.5152649,80.542409,0,बसुलिङ, museum
1520,Live Aquatics Nepal,"P823+7M7 Kohity Jaisidewol, काठमाडौँ 44602, नेपाल",27.7006732,85.3041822,4.3,काठमाडौँ, aquarium
1521,"Melauli Municipality, Melauli, Baitadi","CC96+39M, मेलौली 10200, नेपाल",29.4177411,80.4109098,4.5,मेलौली, picnic
1522,Audi niwas bhatyadi,"9FJR+MF, मेलौली 10300, नेपाल",29.3817176,80.4911583,5,मेलौली, hike
1523,Children Park,"GQW4+9PP, 10500, नेपाल",29.5459638,80.7568207,5,10500, park
1524,Bashyakhaya Purchaudi Baitadi Nepal,"JPXJ+X7V, 10200, नेपाल",29.6499759,80.7306601,3,10200, church
1525,RAULESHWOR KEDARHAM BAITADI,"GHXR+9HC, बिजयपुर 10200, नेपाल",29.5484328,80.5914039,4.3,बिजयपुर, hindu_temple
1526,Purchaudi Municipality,"GH2Q+G82, पाटन 10200, नेपाल",29.5012645,80.5882803,4.4,पाटन, monument
1527,Picnic spot,"QFQW+GPW, अपी 10100, नेपाल",29.7888733,80.4968151,0,अपी, picnic
1528,Sunderbasti,"22P8+2GX, Sunderbasti, कलैया 44400, नेपाल",27.0351099,85.016348,5,Sunderbasti, tourist_attraction
1529,مصلى صابر أحمد,"P853+2RV, काठमाडौँ 44600, नेपाल",27.7076269,85.3045239,5,काठमाडौँ, mosque
1530,Museum Durbar,"P835+J9R, लायकू मार्ग, काठमाडौँ 44600, नेपाल",27.7041166,85.3083833,4.2,लायकू मार्ग, museum
1531,बिन्दाबासिनी मन्दिर,"MF2P+CF5, सुर्यविनायक, नेपाल",27.6509178,85.4866228,4.3,सुर्यविनायक, hindu_temple
1532,Dugahiti,"PFH7+RG3, शङ्खरापुर 44600, नेपाल",27.7295195,85.4637824,4.3,शङ्खरापुर, historic_site
1533,Trek all Nepal,"बौद्ध - जोरपाटी सडक, काठमाडौँ 44600, नेपाल",27.72528,85.3610769,5,काठमाडौँ, trek
1534,सिते डाँडा,"Changunarayan 8, नेपाल",27.6820748,85.4943435,5,नेपाल, park
1535,Agape church,"baneshwor 44600, नेपाल",27.7035802,85.3370761,3,नेपाल, church
1536,Kursi Dada,"HGVJ+X7C, Gairi Gau Rd, पनौती 45209, नेपाल",27.5949373,85.5306442,4.9,Gairi Gau Rd, tourist_attraction
1537,"Daicha Patti, Santibinayak Ganesh Mandir, Balkot","shanti binyak road, अनन्तलिङ्गेश्वर, नेपाल",27.6630764,85.3786085,5,अनन्तलिङ्गेश्वर, hindu_temple
1538,Sigas Rural Municipality,"Garje, Mahakali Hwy 3, 10205, नेपाल",29.4535521,80.7847054,4.8,Mahakali, historic_site
1539,भट्टिडाँडा,"धुलिखेल 45200, नेपाल",27.6190776,85.5760437,5,नेपाल, picnic
1540,lamikande park,"898P+GQ2, Bhageshwar VDC 10300, नेपाल",29.3162524,80.3868912,5,Bhageshwar, park
1541,Shivnath Temple,"C85X+5JQ, Khalanga 10200, नेपाल",29.4079548,80.349124,4.3,Khalanga, church
1542,शिवनाथ,"शिवनाथ 10200, नेपाल",29.43,80.38,,नेपाल, tourist_attraction
1543,Baitadi,"97GV+GJQ, शिवनाथ 10200, नेपाल",29.3763361,80.2941194,0,शिवनाथ, tourist_attraction
1544,शिर्जनशिल सामुदायिक बन स्वल्पला बैतडी,"9949+F85, Khalanga 10200, नेपाल",29.3561334,80.3683708,5,Khalanga, hike
1545,Pancheshwar Fishing,"Khai kot, near cwc, Nidil, Uttarakhand 262524, भारत",29.4404895,80.242849,4.9,near cwc, park
1546,Sera Gado Bhauni,"G92P+7HC, Khalanga 10200, नेपाल",29.5006989,80.3864003,0,Khalanga, church
1547,Palpasa Art Gallery,"महामञ्जुश्री नगरकोट 44800, नेपाल",27.6982567,85.4837846,3.3,नेपाल, art_gallery
1548,Temple,"C7M6+F54, पञ्चेश्वोर 10200, नेपाल",29.4336281,80.2604387,5,पञ्चेश्वोर, hindu_temple
1549,पञ्चेश्वोर,"पञ्चेश्वोर, नेपाल",29.4204877,80.2655846,,नेपाल, monument
1550,त्रिपुरा सुन्दरी मन्दिर,"H95V+479, Pujaragaun, दशरथचन्द, नेपाल",29.5577734,80.3932938,4.8,Pujaragaun, monument
1551,Pancheshwar Mahadev,"Salla, Khai Kot Talla, Uttarakhand 262529, भारत",29.4449823,80.2425768,4.6,Khai Kot Talla, picnic
1552,पिपल चौतारी सेन्टर पार्क,"JF6G+VRQ, न्वाली 10200, नेपाल",29.6122137,80.4771039,0,न्वाली, park
1553,डिलाशैनी,"डिलाशैनी 10200, नेपाल",29.65,80.6,,नेपाल, tourist_attraction
1554,Islamiya Masjid,"4V9Q+4XP, बसडिलवा 44300, नेपाल",27.1178861,84.8899499,2.7,बसडिलवा, mosque
1555,3D Art World - Interactive Museum,"M82R+PW2, महालक्ष्मी 44700, नेपाल",27.6510185,85.3441141,4.1,महालक्ष्मी, museum
1556,विन्दवासिनी मन्दिर,"J9QV+7WQ, अनन्तलिङ्गेश्वर, नेपाल",27.638213,85.3948503,4.4,अनन्तलिङ्गेश्वर, hindu_temple
1557,"Dabali Panauti, डबली पनौती","HGP8+448, Aghatole, पनौती 7, नेपाल",27.5852775,85.5153278,4.5,Aghatole, historic_site
1558,Gosainkunda Trek,"श्री गोसाइँ कुन्ड महादेव, 45000, नेपाल",28.0851756,85.4139412,4.7,45000, trek
1559,Simaldada,"JGJF+JGG, Banepa-RabiOpi Road, बनेपा 45210, नेपाल",27.6315525,85.5238431,0,Banepa-RabiOpi Road, hike
1560,तारेभिर डाडा,"9GC2+225, बिगुटार 56100, नेपाल",27.37,86.5,5,बिगुटार, tourist_attraction
1561,Raulakedar Temple,"Khalanga 10200, नेपाल",29.5185787,80.4688061,1.5,नेपाल, mosque
1562,डाडाथोक सामुदायिक पार्क,"J9MM+556, डाँडागाउँ 22200, नेपाल",27.6329873,85.3828416,5,डाँडागाउँ, museum
1563,Deurali Dada देउराली डाँडा,"J64R+4CR, दक्षिणकाली 44600, नेपाल",27.6053522,85.2410267,0,दक्षिणकाली, historic_site
1564,Batase Dada,"पनौती 45209, नेपाल",27.6004541,85.5502558,4.3,नेपाल, trek
1565,Poudeldada,"चाँगुनारायण 44600, नेपाल",27.7086301,85.4413903,5,नेपाल, picnic
1566,Talu Dadha,"JF3G+WH2, कुशादेवी 45200, नेपाल",27.6047641,85.4763958,5,कुशादेवी, hike
1567,अयांरी मेलो,"577Q+76G, मङ्गलसेन 10700, नेपाल",29.1631916,81.2880805,0,मङ्गलसेन, hike
1568,ओखडयाँनको गड़ो,"68X4+P52, 10700, नेपाल",29.2492611,81.3053912,0,10700, park
1569,Pan's Pets Paradise,"काठमाडौँ 44600, नेपाल",27.7303311,85.3153339,4.8,नेपाल, aquarium
1570,उषामैया को दरवार (बाँणासुर दरबार),"J75G+JX8, दक्षिणकाली 44600, नेपाल",27.6090358,85.2774567,5,दक्षिणकाली, historic_site
1571,Sanfebagar,"66VC+F29, साँफेवगर 10700, नेपाल",29.2436572,81.2201498,4.5,साँफेवगर, trek
1572,Thala dada,"27FR+3FC, धकारी 10700, नेपाल",29.0226819,81.2911264,0,धकारी, park
1573,kamalbazaar market,"482V+CPX, कुइका 10700, नेपाल",29.101107,81.3443744,0,कुइका, tourist_attraction
1574,कमलबजार,"कमलबजार, 10700, नेपाल",29.101107,81.3443744,,10700, mosque
1575,मष्टा देवताकाे मन्दिर,"28V5+58G, कमल बजार सडक, कुइका 10700, नेपाल",29.0429274,81.3083364,3.7,कमल बजार सडक, hindu_temple
1576,मैठामण्डु मैदान,"6C3P+9V, बाटुलासैन 10700, नेपाल",29.203448,81.4372203,5,बाटुलासैन, park
1577,पन्चदेवल मन्दिर र पर्यटकीय स्थल,"39QV+F77, H 18, बिनायक 10700, नेपाल",29.0886658,81.3931757,3.8,H, church
1578,पन्चदेवल विनायक,"पन्चदेवल विनायक, नेपाल",29.1141277,81.4561911,,नेपाल, tourist_attraction
1579,बिनायक,"बिनायक 10700, नेपाल",29.1120292,81.3894297,,नेपाल, mosque
1580,Aqua Haven,"Imadol, Mahalaxmi-1, lalitpur 44700, नेपाल",27.6641925,85.3374482,4.9,Mahalaxmi-1, aquarium
1581,Shivamandir,"39PW+QRF, बिनायक 10700, नेपाल",29.0869242,81.3970419,0,बिनायक, hindu_temple
1582,पञ्चदेवल विनायक नगरपालिका कार्यालय,"39PW+Q92, H 18, बिनायक 10700, नेपाल",29.0868769,81.395879,4,H, monument
1583,Dhaku ढाकु,"38CJ+J5F, 10700, नेपाल",29.0715734,81.3304288,0,10700, hike
1584,Chaukhutte,"सिलगढी-साँफेबगर राजमार्ग, सानागाउँ 10800, नेपाल",29.2603141,81.0999752,3.8,सानागाउँ, park
1585,चन्द्रागिरि मनोरञ्जन उद्यान,"M673+XWR, फाखेल 44600, नेपाल",27.6649761,85.2047796,4.1,फाखेल, amusement_park
1586,चौरपाटी,"चौरपाटी, नेपाल",29.2307785,81.1476644,,नेपाल, tourist_attraction
1587,Kala Premi Art House,"Kiwachock, सुर्यविनायक, नेपाल",27.6575007,85.4010549,5,सुर्यविनायक, art_gallery
1588,मेल्लेख,"मेल्लेख, नेपाल",29.2281826,81.2840696,,नेपाल, tourist_attraction
1589,"मेल्लेख गाउँपालिका,विन्देबासीनी अछाम","773M+Q99, साँफेवगर 10700, नेपाल",29.2544733,81.2834666,4.4,साँफेवगर, mosque
1590,पितमरी धारा,"R87P+32, बिद्यापुर 21700, नेपाल",28.812666,81.3351117,0,बिद्यापुर, amusement_park
1591,धकारी,"धकारी 10700, नेपाल",29,81.27,,नेपाल, tourist_attraction
1592,दक्षिणकाली मन्दिर,"फर्पिङ-कुलेखानी सडक, दक्षिणकाली 44600, नेपाल",27.605107,85.2634699,4.6,दक्षिणकाली, hindu_temple
1593,जाल्पा देवि मन्दिर,"X7XC+74F, धकारी 10700, नेपाल",28.9981911,81.2703398,4.1,धकारी, monument
1594,नेपाल आधार शिविर ट्रेकहरू,"Sohrakhutte, काठमाडौँ 44600, नेपाल",27.7189819,85.3089918,4.6,काठमाडौँ, trek
1595,तुर्माखाँद,"तुर्माखाँद 10700, नेपाल",28.933333,81.366667,,नेपाल, tourist_attraction
1596,Turmakhad Rural Municipality Achham Nepal,"W9W9+24Q तुर्माखाँद गाउँपालिका, तुर्माखाँद 10700, नेपाल",28.9450763,81.36787,4,तुर्माखाँद, mosque
1597,Traditional Thangka Paintings Workshop And Gallery,"Taumadhi Tole, भक्तपुर, नेपाल",27.6708007,85.4294977,5,भक्तपुर, art_gallery
1598,आचार्य खत्री कुल मन्दिर,"J82P+8RW, चापागा‌‍‍उँ 44700, नेपाल",27.6009384,85.3382077,5,चापागा‌‍‍उँ, hindu_temple
1599,चनाैटे पाटी,"PJ75+C36, महादेवस्थान मन्डन 45200, नेपाल",27.7135251,85.6076276,4.3,महादेवस्थान, historic_site
1600,Thumki Football Ground,"Panauti-11, बल्थली, नेपाल",27.5597018,85.5327476,4,बल्थली, picnic
1601,बान्निगढी जयगढ,"बान्निगढी जयगढ, 10700, नेपाल",29.2003096,81.2744956,,10700, park
1602,Madatiya Mosque,"F42M+9W7, Madatiya, Nepal, Madatiya, भारत",27.4509016,83.1348472,4.9,Madatiya, mosque
1603,DAK GALLERY,"साँफेवगर 10700, नेपाल",29.2351751,81.2069314,4,नेपाल, art_gallery
1604,Chandika Devi Temple,"662J+2MV, H18, साँफेवगर 10700, नेपाल",29.2001188,81.2316602,4.5,H18, hindu_temple
1605,Sitganga Jadibuti uddhan,"RQRH+473, लालमटिया 22404, नेपाल",27.8402719,82.7781732,0,लालमटिया, park
1606,सिलिङखाेला,"VR3J+F88, सिद्धरा 32700, नेपाल",27.8536573,82.8308298,0,सिद्धरा, amusement_park
1607,"मुसीबाङ, अर्घाखाँची","Q4GP+RJ2, सिमलपानी 32800, नेपाल",27.7770127,83.1365252,4.7,सिमलपानी, tourist_attraction
1608,Rajiya Mandir,"R399+87Q, ठाडा 32700, नेपाल",27.8182971,83.0682601,4.3,ठाडा, museum
1609,Kudan Stupa Site,"G2HR+4F7, कपिलवस्तु 32800, नेपाल",27.5277864,83.0411721,4.7,कपिलवस्तु, monument
1610,Arichour Picnic Sport,"W3C7+68V, धनचौर 32700, नेपाल",27.9206042,83.063299,4.7,धनचौर, picnic
1611,Chhatradev-2 ward office arghakhanchi,"बलकोट 32700, नेपाल",27.9722217,83.2537025,5,नेपाल, art_gallery
1612,Arghakhanchi chhatradev 2 chayandada,"X6JJ+PXX, chayandada, 2, नेपाल",27.9818624,83.2324835,0,chayandada, art_gallery
1613,Ranipokhari,"X8JQ+CG, हर्दिनेता 32600, नेपाल",27.9810625,83.3388125,3.7,हर्दिनेता, amusement_park
1614,Ancient Nepal Art Gallery,"P875+W9M, पकनाजोल मार्ग, 43Kathmandu 44600, नेपाल",27.7148281,85.3084387,5,पकनाजोल मार्ग, art_gallery
1615,Galkot batasedada malm-7,"6CR8+5GP, हरिचौर 33300, नेपाल",28.2404718,83.4163226,0,हरिचौर, park
1616,ballon festival,"6WJ7+4V, कास्कीकोट 33700, नेपाल",28.2301037,83.9141462,3,कास्कीकोट, amusement_park
1617,Nimata(ban),"7GFP+CP6, पाला 33300, नेपाल",28.2741633,83.5359973,0,पाला, zoo
1618,Rumalbari Picnic Spot,"3FW9+F2P, ग्वाधा 33300, नेपाल",28.0962078,83.4675715,0,ग्वाधा, picnic
1619,"Barsha Babyland,Gift & Aquarium House","Be.Na.Pa.8, बेनी 33300, नेपाल",28.3481111,83.5668779,0,बेनी, aquarium
1620,Hill dahare picnic territory,"7HJ4+RF4, पाला 33300, नेपाल",28.2820191,83.5562155,0,पाला, picnic
1621,Shambala Thanka Art,"पोखरा 33700, नेपाल",28.2106725,83.9572583,5,नेपाल, art_gallery
1622,सोरबाङ,"954W+3P, खुंगा 33300, नेपाल",28.355202,83.196837,5,खुंगा, trek
1623,Dambu Picnic Spot,"C858+HC, डाँडाँगाँऊ 33200, नेपाल",28.4088944,83.3160813,0,डाँडाँगाँऊ, picnic
1624,New khadka fance stor,"8C66+XFH Bridge, 40m 33300, नेपाल",28.3124353,83.411229,0,40m, mosque
1625,ताराखोला बहुउद्देश्यीय सभा हल,"7CQF+WM2, अर्गल 33300, नेपाल",28.2900964,83.4231017,5,अर्गल, museum
1626,Upallo nangi उपल्लो नाङ्गी,"89F8+43, तारा गाविस 33300, नेपाल",28.3227695,83.3652144,5,तारा, picnic
1627,Baglung,"85J6+Q38, बुर्तिबाङ 33300, नेपाल",28.3319009,83.1602101,5,बुर्तिबाङ, park
1628,"Daneswor Ghimire Memorial Water Tap, Poudi Amarahi","6752+GCF, Daneswor Ghimire Memorial Water Tap, पौदी अमराही 32600, नेपाल",28.2088163,83.2510483,5,Daneswor Ghimire Memorial Water Tap, amusement_park
1629,Balami Temple (बलामी कूल मन्दिर),"66GR+83R, बागलुङ 33300, नेपाल",28.2258584,83.2401342,2.3,बागलुङ, hindu_temple
1630,Muchhock Church (Sirdi church Daugter's church),"4MM7+MXP, मुचोक, नेपाल",28.1342226,84.6649553,5,मुचोक, church
1631,Jagganath mandir ganjari baitadi Nepal,"HCFM+49R, दशरथचन्द 10200, नेपाल",29.57286,80.4333521,4.7,दशरथचन्द, hindu_temple
1632,Bailcheura pilal,"JC3X+XG, दशरथचन्द 10200, नेपाल",29.6044739,80.4485514,0,दशरथचन्द, trek
1633,Tiger house,"49R4+GC, परशुराम 10300, नेपाल",29.1415391,80.3550534,5,परशुराम, zoo
1634,HOUSE OF FISHES,"F072, महालक्ष्मी, नेपाल",27.6615309,85.3426253,4.1,महालक्ष्मी, aquarium
1635,शाक्यमुनि बुद्ध प्रतिमूर्ति,"M8GF+J38, Nyakhachowk - Tapahiti Galli, ललितपुर 44600, नेपाल",27.6765483,85.3227053,4.3,Nyakhachowk - Tapahiti Galli, monument
1636,Haruwaikhali,"CC96+8H7, मेलौली 10200, नेपाल",29.4189987,80.4120234,0,मेलौली, trek
1637,"sungadi khada pipal chautari ,Bitkam","JF3R+7V6, न्वाली 10200, नेपाल",29.6031546,80.4921544,5,न्वाली, tourist_attraction
1638,दहताल,"HPJV+6G, बुमिराज 10200, नेपाल",29.5805068,80.743869,0,बुमिराज, trek
1639,पुर्चौडी,"पुर्चौडी, नेपाल",29.5827911,80.7034125,,नेपाल, picnic
1640,Bajrabarahi Picnic Spots,"J84H+CPQ Bajrabarahi Community Forest, चापागा‌‍‍उँ 44700, नेपाल",27.6048211,85.3296528,2,चापागा‌‍‍उँ, picnic
1641,शिगास मन्दिर,"Chuwagadh Baitadi, Seti Hwy, 10200, नेपाल",29.448186,80.767585,3.9,Seti Hwy, tourist_attraction
1642,Samigish,"M9CM+7H6, अनन्तलिङ्गेश्वर, नेपाल",27.6711341,85.3840248,0,अनन्तलिङ्गेश्वर, aquarium
1643,"Beth-Shalom Maharajgunj Church, Basundhara","P8QM+VHP, काठमाडौँ 44600, नेपाल",27.739653,85.3339678,5,काठमाडौँ, church
1644,उदयदेव महाराज मंदिर,"C77P+WX6, पञ्चेश्वोर 10200, नेपाल",29.4147258,80.2873802,5,पञ्चेश्वोर, hindu_temple
1645,देउराली डाँडा,"353W+JPJ, डाँडागाउँ 45000, नेपाल",28.0540998,85.1967742,4,डाँडागाउँ, tourist_attraction
1646,गद्दी बैठक,"P834+HMW, काठमाडौँ 44600, नेपाल",27.7039986,85.3067169,4.4,काठमाडौँ, historic_site
1647,Deurali dada(prak),"W3FG+5J, खड्ग भन्ज्यांग 44900, नेपाल",27.9229167,85.0765783,0,खड्ग, trek
1648,Dolalghat Picnic Beach,"JPV4+WG2, दोलालघाट 45215, नेपाल",27.6447627,85.7062708,4.4,दोलालघाट, picnic
1649,जेष्ठ नागरिक पिपल चौतारा,"G5VQ+8QV, जयपृथ्वी 10500, नेपाल",29.5433615,81.1894282,3.3,जयपृथ्वी, park
1650,भृकुटी फन पार्क Bhrikuti Fun Park,"P829+RV9, Red Cross Marg, काठमाडौँ 44600, नेपाल",27.7016993,85.3197267,3.3,Red Cross Marg, amusement_park
1651,Church,"H652+GM3, जयपृथ्वी 10500, नेपाल",29.5587599,81.2016749,2.5,जयपृथ्वी, church
1652,जयपृथ्वी,"जयपृथ्वी 10500, नेपाल",29.5193488,81.1857736,,नेपाल, tourist_attraction
1653,जयपृथ्वी,"जयपृथ्वी, 10500, नेपाल",29.5194019,81.1857589,,10500, tourist_attraction
1654,आर जे फोटो स्टुडियो एन्ड स्टेसनरी,"FXCW+PWM, F49, भैरबनाथ 10500, नेपाल",29.4718238,80.9973033,5,F49, art_gallery
1655,जयपृथ्वी एफ.एम ९६.३ मेगाहर्ज बझाङ,"जयपृथ्वी 10500, नेपाल",29.5506636,81.1979921,5,नेपाल, monument
1656,Jayaprithivi Municipality,"Chainpur-10, नेपाल",29.5433607,81.1901292,4.7,नेपाल, monument
1657,शुरेश बोहरा house.निवास लिसनपूर टोल भाराभिड बझाङ,"GQWF+VWH, 10500, नेपाल",29.547193,80.7748747,5,10500, park
1658,"Bungal, bajhang","HV45+GWG, 10500, नेपाल",29.5563036,80.8598296,0,10500, church
1659,Baddi Jyawan,"10500, नेपाल",29.6601246,80.8761764,5,नेपाल, hindu_temple
1660,बुंगल,"बुंगल, 10500, नेपाल",29.6345956,80.938893,,10500, historic_site
1661,Bungal Municipality( बुंगल नगरपालिका),"JV57+C76, देउलीकोट 10500, नेपाल",29.6085357,80.8631374,3.9,देउलीकोट, trek
1662,गुर्जेभञ्ज्याङ्ग,"Bidur-Tokha Road, 44900, नेपाल",27.8135955,85.3157258,4.3,44900, hike
1663,बझाङ,"बझाङ, नेपाल",29.776669,81.2518833,,नेपाल, park
1664,Jayanti Falls Dantola Talkot जयन्ती झरना दातोला तलकोट,"J85X+6RP, दन्तोला 10500, नेपाल",29.6080999,81.3495816,5,दन्तोला, amusement_park
1665,Purna Sthapana A.G. Mandali (पुर्ण स्थापना ए.जी. मण्डली),"Ward Number 5, Bhaktapur, Talkot 10500, नेपाल",29.6070124,81.3216028,5,Bhaktapur, church
1666,Bhedi goth Sotapatan,"9GWF+9X, बडीमालिका 10600, नेपाल",29.3959241,81.5249109,0,बडीमालिका, zoo
1667,तलकोट,"तलकोट, नेपाल",29.6071758,81.3195059,,नेपाल, monument
1668,Gyan BDR Singh Memorial Library,"H656+644, जयपृथ्वी 10500, नेपाल",29.5584985,81.209583,5,जयपृथ्वी, monument
1669,Talkot,"J88C+XPC, Talkot 10500, नेपाल",29.61743,81.321777,4.5,Talkot, trek
1670,भृकुटी मण्डप पार्क,"P829+GF6, प्रदर्शनी मार्ग, काठमाडौँ 44600, नेपाल",27.701292,85.3186434,3.9,प्रदर्शनी मार्ग, park
1671,Bapyu Dada,"JFC7+CPF, साँगा 45200, नेपाल",27.621059,85.46429,0,साँगा, tourist_attraction
1672,मष्टा,"मष्टा, नेपाल",29.5457894,81.264707,,नेपाल, trek
1673,Lugada-6 Bajhang,"J88C+XPC, Talkot 10500, नेपाल",29.61743,81.321777,0,Talkot, trek
1674,Duner Temple Vatagau,"Bajhang, chhanna bhatgau word no 5, नेपाल",29.442372,81.1693458,5,chhanna, hindu_temple
1675,Yashimansh rokaya brothers property,"F37P+85, कोइरालाकोट 10500, नेपाल",29.4633392,81.0853974,5,कोइरालाकोट, park
1676,थलारा,"थलारा, नेपाल",29.4592704,81.0576012,,नेपाल, tourist_attraction
1677,Banawali bhagawati mandir ( bhattas and bohara) tample,"Thalara 1, dhadegada, नेपाल",29.4319864,80.9270009,5,dhadegada, hindu_temple
1678,बिपिरा जंगल,"F38Q+27, कोइरालाकोट 10500, नेपाल",29.4650594,81.0881892,5,कोइरालाकोट, trek
1679,Sudhi Khola,"F2M7+86P, F49, भैरबनाथ 10500, नेपाल",29.4833287,81.0130787,5,F49, hike
1680,Lalitpur Binay Church (Main Gate),"J8RC+F4H, Chibahal Dolahiti Marg, ललितपुर 44700, नेपाल",27.6411952,85.3203564,0,Chibahal Dolahiti Marg, church
1681,Bitthad Valley,"GQW4+V84, 10500, नेपाल",29.5471393,80.7558283,4.4,10500, tourist_attraction
1682,Sri Bhagawati temple (mada),"10500, नेपाल",29.5215708,80.8320381,3.3,नेपाल, hindu_temple
1683,Surma bajhang,"M329+2X5, सुर्मा 10500, नेपाल",29.65,81.07,4.2,सुर्मा, park
1684,सुर्मा,"सुर्मा 10500, नेपाल",29.65,81.07,,नेपाल, tourist_attraction
1685,"Daulichaur 01,Surma Bajhang","J4J5+285, जयपृथ्वी 10500, नेपाल",29.6300125,81.1083594,0,जयपृथ्वी, tourist_attraction
1686,Surma Devi Temple,"J3VH+58C, सुर्मा 10500, नेपाल",29.6429465,81.0782671,4.2,सुर्मा, hindu_temple
1687,mauribagar bazzar,"F2RQ+HFG, चौधारी 10500, नेपाल",29.4914368,81.0387075,5,चौधारी, park
1688,छबिसपाथिभेरा,"छबिसपाथिभेरा, 10500, नेपाल",29.5619272,81.0544855,,10500, tourist_attraction
1689,Kalika Devi Mandir Juji Bajhang,"F2XV+PVP, F49, चौधारी 10500, नेपाल",29.4993393,81.0446884,4.3,F49, hindu_temple
1690,बालबालिकाको मनोरञ्जन पार्क,"P829+CVJ, प्रदर्शनी मार्ग, काठमाडौँ 44600, नेपाल",27.7010756,85.3196435,4,प्रदर्शनी मार्ग, amusement_park
1691,दुर्गाथली,"दुर्गाथली, 10500, नेपाल",29.485517,81.0504191,,10500, tourist_attraction
1692,Durgathali,"F3P2+653, चौधारी 10500, नेपाल",29.485517,81.0504191,0,चौधारी, monument
1693,Shiva park,"GM38+PWH, Kolti - Pandusen Rd, कोल्टी 10600, नेपाल",29.5040698,81.6676376,0,Kolti - Pandusen Rd, park
1694,Preritiya Jiwanko Roti Mandali (Church of Apostolic life of Bread),"GM3J+RCF, 10600, नेपाल",29.5045517,81.6810587,0,10600, church
1695,Buddhinanda tal (nejar),"JHX4+C2, कोल्टी 10600, नेपाल",29.6485004,81.5550669,3.3,कोल्टी, tourist_attraction
1696,Masgid-e-Bilal,"FMR9+Q5X, कोटिला 10600, नेपाल",29.490791,81.6682914,0,कोटिला, mosque
1697,बडिमालिका,"GJ2V+FGJ, कोल्टी 10600, नेपाल",29.5012078,81.6437802,4.5,कोल्टी, mosque
1698,बुढीनन्दा,"बुढीनन्दा, 10600, नेपाल",29.5042137,81.6709156,,10600, historic_site
1699,Mandan deupur 04 sarbhajang,"PH5G+3CG, नयाँगाउँ देउपुर 45200, नेपाल",27.7076773,85.576066,5,नयाँगाउँ, picnic
1700,Jhini bajura,"GPFX+4F8, बांधु 10600, नेपाल",29.5227883,81.748713,0,बांधु, hike
1701,त्रिभुवन पार्क,"H02, चन्द्रागिरी 44600, नेपाल",27.689954,85.220857,4,चन्द्रागिरी, park
1702,Jiyajor belivers church,"4J5V+MCQ, लालबन्दी 45800, नेपाल",27.1092427,85.6436046,3.5,लालबन्दी, church
1703,बडिमालिका जाने बाटो (way to badimalika Bajura),"984M+MG4, Bamka 10600, नेपाल",29.357489,81.3340341,4.5,Bamka, tourist_attraction
1704,DEV ART GALLERY,"Manamaiju, napi, तारकेश्वर 44600, नेपाल",27.7486017,85.3139557,5,napi, art_gallery
1705,बडिमालिका,"8FWG+RX5, बडीमालिका 10600, नेपाल",29.3470165,81.4774948,4.6,बडीमालिका, trek
1706,"Seralwada villege, bajura barabhis (सेरालवाड़ा)","87JR+JF, बाह्रबिस 10600, नेपाल",29.331507,81.291139,3.7,बाह्रबिस, hike
1707,Budhiganga municipality 10 Selapakha Bajura,"Budhiganga municipality 10, selapakha, नेपाल",29.4200763,81.4278984,0,selapakha, park
1708,बुढीगंगा,"बुढीगंगा 10600, नेपाल",29.39,81.48,,नेपाल, tourist_attraction
1709,Bisarbhora duga toll nepal jama mosque,"P48M+V56, बिसरभोरा 45600, नेपाल",26.717125,86.1328697,0,बिसरभोरा, mosque
1710,बज्रयोगिनी मन्दिर,"PFV8+CVH, कागेश्वरी मनोहरा 44600, नेपाल",27.7435501,85.4672361,4.7,कागेश्वरी, hindu_temple
1711,Pradhan Senapati Badabir Statue,"QF2W+PR, शङ्खरापुर 44600, नेपाल",27.7518178,85.4970723,4,शङ्खरापुर, monument
1712,Bhyagute Khola,"J7F2+R3P, दक्षिणकाली 44600, नेपाल",27.6245833,85.250192,0,दक्षिणकाली, historic_site
1713,Bhagaban Thumko,"H8JC+MM, चापागा‌‍‍उँ 44700, नेपाल",27.5817305,85.3217039,5,चापागा‌‍‍उँ, hike
1714,बाजुरा मार्तडी,"CCCH+25J, बडीमालिका 10600, नेपाल",29.4200763,81.4278984,5,बडीमालिका, park
1715,Church of Lords's Grace - II,"FG5C+X8V, बडीमालिका 10600, नेपाल",29.4599996,81.5207945,5,बडीमालिका, church
1716,Jiulekhi Mashta Griha Bhandar श्री जिउलेखी मष्टा गृह भण्डार तथा चतुर्साल,"98V6+973, Bajura 10600, नेपाल",29.3933652,81.3106642,5,Bajura, hindu_temple
1717,Nepalgram Adventure,"काठमाडौँ 44600, नेपाल",27.7256467,85.3425996,5,नेपाल, trek
1718,Gumba - The Last Village Of Bajura,"MM2M+284, बिच्छया 10600, नेपाल",29.65,81.683333,0,बिच्छया, hike
1719,Deora,"Deora, कैलाशमाडौँ 21300, नेपाल",29.3533333,81.5533333,3.8,कैलाशमाडौँ, park
1720,Bethlehem AG Church,"9MWM+RH5, गोत्री 10600, नेपाल",29.3970184,81.6839754,5,गोत्री, church
1721,Pandav Gufa Fields,"9XQJ+WR7, Unnamed Road, धापा 21200, नेपाल",29.3897783,81.9820615,4,Unnamed Road, tourist_attraction
1722,गुफा टाकुरा भ्यु पोइन्ट,"MFRR+CGQ, महामञ्जुश्री नगरकोट, नेपाल",27.691097,85.491364,5,महामञ्जुश्री नगरकोट, trek
1723,Way to Patal gufa,"QFPV+Q7G, भोटेचौर, नेपाल",27.7869301,85.493196,4,भोटेचौर, hike
1724,माझ लेख,"9QHQ+H5, ढोलागोहे 21300, नेपाल",29.3789094,81.7879752,0,ढोलागोहे, park
1725,New Hope Susamachar Church Dhamena,"Talkot-2, धमेना, नेपाल",29.5042265,81.7933027,5,धमेना, church
1726,Bajura nepal,"FP4M+X2W, 10600, नेपाल",29.4574774,81.7325746,4,10600, tourist_attraction
1727,khunka daha,"FQ68+R4M, Jukot 10600, नेपाल",29.4620797,81.7652883,5,Jukot, museum
1728,धुरिछडा झरना,"9845+9V9, Bajura 10600, नेपाल",29.355909,81.3097231,0,Bajura, tourist_attraction
1729,"Jame Masjid , Inaruwa-7, Chandbela","Hatiya Line, चाँदवेला 56709, नेपाल",26.6182358,87.2250646,5,चाँदवेला, mosque
1730,पाण्डे निवास (Krrishpande ),"CCCH+25J, Bajura 10600, नेपाल",29.4200763,81.4278984,0,Bajura, hindu_temple
1731,Khaptad Chhededaha Rural Municipality 6 maitola,"दोगड़ी 10600, नेपाल",29.4206557,81.2852367,3.7,नेपाल, monument
1732,खप्तड छेडेदह,"खप्तड छेडेदह, नेपाल",29.4227006,81.2851789,,नेपाल, historic_site
1733,Bulu Park,"चापागा‌‍‍उँ 44700, नेपाल",27.6011061,85.3265959,4.1,नेपाल, park
1734,Oracle Key Ministry-Zera-Bajura,"10600, नेपाल",29.4928758,81.7578738,0,नेपाल, church
1735,ईर्खु चौकी मोड,"QMHV+F6, चौतारा 45306, नेपाल",27.7475348,85.7493518,4,चौतारा, tourist_attraction
1736,Jame Masjid Inarwari,"V6JJ+GJ9 Bazar, Inarwari 44500, नेपाल",26.8812818,85.2316672,5,Inarwari, mosque
1737,Gairi Pipal,"J46P+QJP, Kawaswati 33000, नेपाल",27.6111592,84.1366267,0,Kawaswati, historic_site
1738,Ulleri Gaun Raykhor,"FGC4+5X, पाखापानी 33200, नेपाल",28.4704265,83.5074026,5,पाखापानी, historic_site
1739,जगन्नाथ,"जगन्नाथ 10600, नेपाल",29.4530495,81.6747295,,नेपाल, park
1740,जलजीवालय आर,"P9C7+4PW, बौद्ध सडक, काठमाडौँ 44600, नेपाल",27.7203738,85.3643187,4.2,बौद्ध सडक, aquarium
1741,भट्टका धारा,"FP3G+9H8, जगन्नाथ 10600, नेपाल",29.4534127,81.7264594,0,जगन्नाथ, historic_site
1742,Nepalgunj City Church Nepal,"3JC9+97F, H 12, नेपालगञ्ज 21900, नेपाल",28.070916,81.6181887,5,H, church
1743,Shyamanand art and craft museums,"2JXC+6W4, नेपालगञ्ज 21900, नेपाल",28.0480085,81.6223289,4,नेपालगञ्ज, museum
1744,Nepa Aquarium & Pets,"3J8H+8GQ QFX Compound, New Rd, नेपालगञ्ज 00977, नेपाल",28.0658293,81.6288623,4,New Rd, aquarium
1745,अमन पाल्तु जनावर घर र ट्रेडिंग,"3JFM+648, नेपालगञ्ज 21900, नेपाल",28.0730452,81.6328352,3.9,नेपालगञ्ज, aquarium
1746,Nepalgunj,"3JQQ+4R3, Bhirkuti nagar, नेपालगञ्ज 21900, नेपाल",28.0878224,81.6394557,4.4,Bhirkuti nagar, hindu_temple
1747,Birendra Statue,"3J8G+PGR, Birendra Chowk, नेपालगञ्ज 21900, नेपाल",28.0668747,81.6262739,4.7,Birendra Chowk, monument
1748,वि.पि. चाेक (B.P. Chowk),"3J69+7P3, Unnamed Road, नेपालगञ्ज 21900, नेपाल",28.060631,81.619299,4.1,Unnamed Road, historic_site
1749,Kanti Tal (Puraini Talau/Lake),"3M63+7GM, नेपालगञ्ज 21900, नेपाल",28.0607002,81.6538044,4.2,नेपालगञ्ज, hike
1750,"Kohalpur Park, Kohalpur 2","6M2H+HF5, महेन्द्र राजमार्ग, कोहलपुर 21904, नेपाल",28.202557,81.6794319,4.5,महेन्द्र राजमार्ग, park
1751,Kohalpur Community Church,"5MVP+9JC, Ntv Road, कोहलपुर 21904, नेपाल",28.1934294,81.6865529,4.8,Ntv Road, church
1752,Kohalpur Chowk,"5MWR+456, H 12, कोहलपुर 21904, नेपाल",28.1987699,81.690946,4.1,H, tourist_attraction
1753,Noori Jama Mosque,"5MP3+J42, कोहलपुर 21904, नेपाल",28.1869824,81.6529844,1,कोहलपुर, mosque
1754,Aquarium Kohalpur,"5MQP+VCH, कोहलपुर 21904, नेपाल",28.189694,81.6860763,5,कोहलपुर, aquarium
1755,Shiva Mandir (शिव मन्दिर ),"5MRH+3V9, कोहलपुर 21904, नेपाल",28.1901687,81.6797364,4.6,कोहलपुर, hindu_temple
1756,Maitahawa chock,"6M59+VQV, कोहलपुर 21904, नेपाल",28.2097306,81.6694118,0,कोहलपुर, trek
1757,Khadkawar Picnic Spot,"6P67+P67, कोहलपुर 21904, नेपाल",28.2117883,81.7130522,5,कोहलपुर, picnic
1758,Banke National Park Khadgawar Hattisar,"6PMH+652, Unnamed Road, कोहलपुर 21904, नेपाल",28.233003,81.727894,4.1,Unnamed Road, hike
1759,Simpani Park,"45500, भिमेश्वर नगरपालिका, नेपाल",27.669723,86.0449926,4.1,भिमेश्वर नगरपालिका, park
1760,नरैनापुर,"नरैनापुर 21900, नेपाल",27.93,81.86,,नेपाल, tourist_attraction
1761,Masjid,"VVPF+HH5, नरैनापुर 21900, नेपाल",27.886397,81.8739702,4,नरैनापुर, mosque
1762,QAYYUM KHAN,"2MHX+8F7, नेपालगञ्ज 21900, नेपाल",28.0282929,81.6986566,4,नेपालगञ्ज, museum
1763,Picnic Farm & Resort,"PGP3+R3 Shankharapur, Kathmandu 44600, नेपाल",27.7370625,85.5026875,4,Kathmandu, picnic
1764,Shreenewas,"MFXM+R2P, Saraswatisthan Rd, महामञ्जुश्री नगरकोट 44804, नेपाल",27.6995786,85.4825689,5,Saraswatisthan Rd, hike
1765,अमेलीया चोक,"X6C6+GG, सतबरिया 22400, नेपाल",27.9714678,82.2113666,5,सतबरिया, park
1766,राप्ती सोनारी,"राप्ती सोनारी, नेपाल",28.0577911,81.9059636,,नेपाल, tourist_attraction
1767,Jafri Masjid Jafar Purwa Banke,"Unnamed Road, 21900, नेपाल",28.0225028,81.6991564,5,21900, mosque
1768,Prayash Bangur Farm,"2CXW+C8M, घोराही 22400, नेपाल",28.0485945,82.4458111,0,घोराही, zoo
1769,पोख्राथान मन्दिर pokhrathan mandir,"XQHH+V76, 21900, नेपाल",27.9796528,81.7781466,5,21900, hindu_temple
1770,नेपाल ट्रेकिङ कम्पनी प्रा लिमिटेड,"Chhetrapati Chowk, पकनाजोल मार्ग, काठमाडौँ 44600, नेपाल",27.7113238,85.3085351,4.7,पकनाजोल मार्ग, trek
1771,Dhakeri Picnic Spot,"4QW8+XRQ, महेन्द्र राजमार्ग, महादेवपुरी 21900, नेपाल",28.1474581,81.7670992,3.6,महेन्द्र राजमार्ग, picnic
1772,Delhi Pahiro,"32PW+W8, पञ्चकुले 21900, नेपाल",28.0873422,82.0458007,0,पञ्चकुले, hike
1773,Baijanath Vatika बैजनाथ वाटिका,"5J88+682, 21915, नेपाल",28.1655187,81.6157596,3.8,21915, park
1774,"Salvation Church, Baijanath","6MGF+X6, कोहलपुर 21904, नेपाल",28.2271822,81.6736091,5,कोहलपुर, church
1775,Banke,"6HHR+P7, बाँसगढी 21904, नेपाल",28.2293734,81.5905984,3.8,बाँसगढी, tourist_attraction
1776,"Hayaat Jama Masjid(हयात् जामा मस्जिद)khajura-8,Ghiya Street","5H6R+7FR, रानियापुर 21900, नेपाल",28.1602386,81.5906459,5,रानियापुर, mosque
1777,NB Aquarium House,"M9Q8+549, TOWN PLANNING, OLD, काठमाडौँ 44600, नेपाल",27.6879155,85.3653744,4.6,TOWN PLANNING, aquarium
1778,Khajura Minipark And Restro.,"Gulariya - Nepalganj Hwy, 21900, नेपाल",28.1259459,81.5798493,4,21900, park
1779,"Victory AG Church, Khajura","21900, नेपाल",28.1223464,81.5746497,5,नेपाल, church
1780,Dharmaraj,"Khajura 2 , 21900, नेपाल",28.0807101,81.5446376,4.5,21900, hindu_temple
1781,Pulchok Khajur Banke,"3HQ3+J4J, 21900, नेपाल",28.0890796,81.5527535,0,21900, monument
1782,Khajura Rural Municipality,"4HCP+57G, 21900, नेपाल",28.1204333,81.5857169,5,21900, historic_site
1783,Khajura Computer Education Center Banke ( खजुरा बाँके ),"21900, नेपाल",28.1257048,81.574688,4.2,नेपाल, trek
1784,FGT Church Nepalgunj,"3JCP+HCR, नेपालगञ्ज 21900, नेपाल",28.071482,81.6359961,4.6,नेपालगञ्ज, church
1785,डुडुवा,"डुडुवा, नेपाल",28.0198604,81.6947513,,नेपाल, tourist_attraction
1786,BADI HALBALDOLI MASJID,"HALBALDOLI, DUDUWA 3, नेपाल",28.0315856,81.7012795,5,DUDUWA, mosque
1787,Mahakal mandir,"2JCX+V3Q, हिर्मीनिया 21900, नेपाल",28.0222176,81.6477356,4.5,हिर्मीनिया, hike
1788,New Life Gospel Church,"MP86+G55, दमक 57217, नेपाल",26.6662267,87.7105252,5,दमक, church
1789,Janaki Batika,"PWJG+3MJ, Janaki Mandir Marg, जनकपुर 45600, नेपाल",26.7302052,85.9266526,4.1,Janaki Mandir Marg, tourist_attraction
1790,बरकाती मस्जिद جامع مسجد جنکپور,"PWHG+X28, जानकी मंदिर मार्ग, जनकपुर 45600, नेपाल",26.7299182,85.9250849,5,जानकी मंदिर मार्ग, mosque
1791,Ram Janaki Temple,"5MXR+QG4, कोहलपुर 21904, नेपाल",28.1993958,81.6913295,4.6,कोहलपुर, hindu_temple
1792,श्री राम जानकी विवाह मण्डप,"PWJF+9XQ, जनकपुर 45600, नेपाल",26.7308986,85.9249777,4.6,जनकपुर, monument
1793,जानकी मन्दिर,"Janaki chok, जनकपुर 45600, नेपाल",26.7303858,85.9255589,4.6,जनकपुर, historic_site
1794,Kakhbari,"JFQ3+57, सुर्यविनायक, नेपाल",27.637913,85.453231,3.5,सुर्यविनायक, hike
1795,सरोवर,"2X3M+VP, कलैया 44400, नेपाल",27.0050335,84.9847057,4,कलैया, park
1796,Kalaiya calvary church,"2XJW+8RR, कलैया 44400, नेपाल",27.0301206,84.9971654,3.7,कलैया, church
1797,Kalaiya,"22J5+W4J, कलैया 44400, नेपाल",27.0323339,85.0077526,0,कलैया, church
1798,कलैया,"कलैया 44400, नेपाल",27.0323339,85.0077526,,नेपाल, tourist_attraction
1799,Bhawanipur Jame Masjid,"22R2+V2J, कलैया 44400, नेपाल",27.0422435,85.0000342,4.4,कलैया, mosque
1800,Belpati Temple,"22H2+9X8, कलैया 44400, नेपाल",27.0284191,85.0024377,4.6,कलैया, hindu_temple
1801,कलैया घण्टाघर,"कलैया 44400, नेपाल",27.0324722,85.0027217,4,नेपाल, monument
1802,बराई चौतारा,"QWWP+92J, पिडा 45100, नेपाल",27.7959543,84.9350064,5,पिडा, historic_site
1803,Kalapatthar Trekking Store,"सात घुम्ती मार्ग 3, काठमाडौँ 44600, नेपाल",27.7156609,85.3100099,4.1,काठमाडौँ, trek
1804,Bharat Chowk,"बिरगंज-कलैया रोड, कलैया 44400, नेपाल",27.0322498,85.0026745,4,कलैया, hike
1805,"Brindaban, Jitpur Simara","4254+4JH, इनर्वासिरा 44400, नेपाल",27.1078156,85.0066193,0,इनर्वासिरा, tourist_attraction
1806,Jeetpur Mosque,"गढीमाई 44400, नेपाल",27.1307091,84.9563471,5,नेपाल, mosque
1807,Dipak house,"W446+PM6, सिम्रौनगढ 44400, नेपाल",26.9067822,85.1116264,0,सिम्रौनगढ, zoo
1808,Prestige Art Gallery,"2VGM+VWJ, वीरगञ्ज 44300, नेपाल",27.0272014,84.884773,0,वीरगञ्ज, art_gallery
1809,Simara Thani Mai Temple,"5X9H+RR7, गढीमाई 44400, नेपाल",27.169894,84.9797041,4.3,गढीमाई, hindu_temple
1810,बुद्ध चोक,"हेटौडा 44107, नेपाल",27.4309782,85.0319392,4.3,नेपाल, monument
1811,जीतपुर सिमरा,"जीतपुर सिमरा, नेपाल",27.166499,84.9792233,,नेपाल, historic_site
1812,राधाकृष्ण पिकनिक पार्क,"44400, गढीमाई, नेपाल",27.1698108,84.969922,3.9,गढीमाई, picnic
1813,पार्क,"33RR+WMQ, हरैया 44400, नेपाल",27.0929604,85.0921788,5,हरैया, park
1814,"Kolhabi Pani Tanki,Kolhabi","35FH+6JM, कोल्हवी 44400, नेपाल",27.0730875,85.1790469,0,कोल्हवी, tourist_attraction
1815,Masjid Mosque,"343H+WX4, 44400, नेपाल",27.0547681,85.1300124,0,44400, mosque
1816,Bhim Sakhuwa ( भिम सखुवा ),"45QF+9MQ, Road, कोल्हवी 44400, नेपाल",27.1384551,85.1742369,4.8,Road, museum
1817,Kolhabi Temple,"35FF+GPW, कोल्हवी 44400, नेपाल",27.0738581,85.1743334,4,कोल्हवी, hindu_temple
1818,गढीमाई मन्दिर,"महागढीमाई 44405, नेपाल",26.9934073,85.047285,4.5,नेपाल, monument
1819,"Jamuni River Camping Site,Kolhabi,Bara","35Q8+C2J, कोल्हवी 44400, नेपाल",27.0885773,85.1650299,5,कोल्हवी, hike
1820,Nijgadh pani tanki,"652Q+XM9, निजगढ 44401, नेपाल",27.2029309,85.1887212,4.5,निजगढ, park
1821,Nijgadh Christian church,"55JQ+CH7, निजगढ 44401, नेपाल",27.1810998,85.1888678,5,निजगढ, church
1822,Riverside Picnic Spot Nijgadh Bara,"65XG+9CR, निजगढ 44401, नेपाल",27.2484809,85.1760139,3.4,निजगढ, tourist_attraction
1823,Gulshan E Madina Masjid,"55HJ+W6V, Shanti Tole Rd, निजगढ 44401, नेपाल",27.1798724,85.1805417,4.3,Shanti Tole Rd, mosque
1824,Nijgadh,"निजगढ 44401, नेपाल",27.2066797,85.1271907,4.3,नेपाल, museum
1825,Shree Krishna Pranami Mandir,"Aananda Bhumi, Nijgadh - 8 00977, नेपाल",27.1811197,85.1855895,4.2,Nijgadh, hindu_temple
1826,Nijgadh bara nepal,"Sahid Chock Nijgadh, Bazar, नेपाल",27.1807157,85.1787682,4.1,Bazar, trek
1827,तामागढि गेट,"55J8+244, AH2, निजगढ 44401, नेपाल",27.1800102,85.165337,4.2,AH2, hike
1828,Charmohharam pul Faruk,"W3C7+X7V, हर्दिया 44400, नेपाल",26.9224965,85.0631636,5,हर्दिया, park
1829,Betauna masjid,"Mahagadhimai ,betauna 8, नेपाल",26.970327,85.0893745,3.1,betauna, mosque
1830,Rampati Devi Samadhi,"X228+M7R, पिप्राढि गोठ 44400, नेपाल",26.9517711,85.0156587,0,पिप्राढि, museum
1831,मोहोरी पिक्क्निक स्पोर्ट Mohori Picnic Ground,"65WG+R3F, निजगढ 44401, नेपाल",27.2470505,85.1751799,4.1,निजगढ, picnic
1832,Sagar,"X3Q3+4MM, महागढीमाई 44400, नेपाल",26.9874551,85.0541672,0,महागढीमाई, hike
1833,Raniwas Picnic Park,"V4R7+4M4, सिम्रौनगढ 44400, नेपाल",26.89007,85.114632,5,सिम्रौनगढ, park
1834,जमुनी नहर,"X4RM+7Q9, खोपवा 44400, नेपाल",26.9906544,85.1344976,0,खोपवा, amusement_park
1835,Raniwash Darbar,"V4Q7+PV7, सिम्रौनगढ 44400, नेपाल",26.8892986,85.1146741,4.4,सिम्रौनगढ, church
1836,Jame Masjid,"V4PJ+X56, Unnamed Road, सिम्रौनगढ 44400, नेपाल",26.8874168,85.1303835,5,Unnamed Road, mosque
1837,कंकाली मन्दिर,"V4PJ+WQ4, सिम्रौनगढ 44400, नेपाल",26.8872763,85.1319057,4.5,सिम्रौनगढ, hindu_temple
1838,Believers Eastern Church mallikpur raghopur vaishali,"H834+Q8J, Rampur Road, Mallikpur, Chauradano, Bihar 844508, भारत",26.8473958,85.0103032,5,Rampur Road, church
1839,पचरौता,"पचरौता, नेपाल",26.8873852,85.0714328,,नेपाल, tourist_attraction
1840,Jamme Masjid Pakadiya Chikani,"V3F5+2Q8, पकडिया चिकनी 44400, नेपाल",26.8725405,85.0594381,4.7,पकडिया, mosque
1841,Pachagachiya Temple,"V2RX+HM6, हर्दिया 44400, नेपाल",26.8914388,85.0491441,3.7,हर्दिया, hindu_temple
1842,Bichli Pokhara (Yadav Tolla) Bankatwa,"R3P7+574, बिहार, भारत",26.8353994,85.0631908,5,बिहार, hike
1843,Sunil.Sah.Triveni,"2W8H+42H, फेटा 44400, नेपाल",27.0153069,84.9276249,4.2,फेटा, park
1844,Bethel Community Church,"33RF+G4W, हरैया 44400, नेपाल",27.0913465,85.0728454,5,हरैया, church
1845,Pheta Masjid,"2W2X+4G7, फेटा 44400, नेपाल",27.0002864,84.9487884,4.5,फेटा, mosque
1846,Ashokbatika Cemetery,"2V9F+34H, वीरगञ्ज 44300, नेपाल",27.01773,84.8729058,0,वीरगञ्ज, museum
1847,प्रभु शिव मन्दिर [एचएम],"2X22+VFH, फेटा 44400, नेपाल",27.0021052,84.9512073,4.3,फेटा, hindu_temple
1848,Bishrampur Park,"XVRW+73W, विश्रामपुर 44400, नेपाल",26.9907397,84.8952017,0,विश्रामपुर, park
1849,Koinonia Church,"2V2G+VH2, वीरगञ्ज 44300, नेपाल",27.0021282,84.8764976,4.1,वीरगञ्ज, church
1850,विश्रामपुर,"विश्रामपुर, नेपाल",26.9841212,84.890664,,नेपाल, tourist_attraction
1851,Full Baari Garden jhabaraha,"5WFH+XPF, Unnamed Road, बेलवा पर्सौनी 44300, नेपाल",27.1749384,84.9292939,0,Unnamed Road, tourist_attraction
1853,Bishrampur jama masjid khudiyatola,"XVJM+6GW, विश्रामपुर, नेपाल",26.9806045,84.8838321,5,विश्रामपुर, mosque
1854,Itumbaha Museum,"P845+M6M, काठमाडौँ 44600, नेपाल",27.7066493,85.3080452,4.3,काठमाडौँ, museum
1855,"Shiva Temple Bishrampur(शिव मन्दिर, बिश्रामपुर)","बिश्रामपुर 44500, नेपाल",27.007523,85.362874,3.3,नेपाल, hindu_temple
1856,Musharwa,"XVHQ+2JG, विश्रामपुर, नेपाल",26.9775431,84.8891097,4,विश्रामपुर, historic_site
1857,Gol Park,"59V2+6R9, गुलरिया 21800, नेपाल",28.1930462,81.3521126,4.4,गुलरिया, park
1858,Shanti niwas AG church,"6962+2MF, गुलरिया 21800, नेपाल",28.2100868,81.3516914,5,गुलरिया, church
1859,Masjid,"Gulariya - Nepalganj Hwy, 21800, नेपाल",28.1837417,81.3946772,5,21800, mosque
1860,Radha Krishna Temple,"6865+9J8, गुलरिया 21800, नेपाल",28.2109187,81.3090891,4.8,गुलरिया, hindu_temple
1861,Gulariya Bardiya,"685Q+9VJ, Gulariya 7, गुलरिया, नेपाल",28.2061118,81.3358883,4.4,Gulariya, monument
1862,Geruwa - 01 Bagahipur Bardiya,"पाताभार 21800, नेपाल",28.5456639,81.2146333,4.1,नेपाल, historic_site
1863,Balapur Picnic Spot,"69PC+CHX, गुलरिया 21800, नेपाल",28.2361055,81.3715096,0,गुलरिया, picnic
1864,Aradhna Church Madhuwan 7 Bardiya,"7799+5P8, सानोश्री ताराताल 21800, नेपाल",28.2679257,81.2693455,5,सानोश्री, church
1865,तिनकुने भिउ पोइन्ट (दृश्य स्थल || बर्दिया राष्ट्रिय निकुञ्ज),"F6HR+C59, नेउलापुर 21800, नेपाल",28.4785347,81.2404899,4.3,नेउलापुर, tourist_attraction
1866,Madhuban Municipality Office,"pragati bazar Road , Madhuwan-6, 21800, नेपाल",28.2973829,81.2711206,4.4,Madhuwan-6, mosque
1867,Madhuwan-1,"C65P+M9P, 21800, नेपाल",28.4092114,81.2359702,3.5,21800, hindu_temple
1868,jhabahi,"F5P8+4MJ, राजापुर 21800, नेपाल",28.4853478,81.166638,5,राजापुर, park
1869,Baniya pur,"94HG+642, राजापुर, नेपाल",28.3780148,81.1252975,0,राजापुर, church
1870,Rajapur Chowk,"C3GW+J33, Rajapur Road 4, राजापुर 21800, नेपाल",28.4300195,81.0920607,4,Rajapur, tourist_attraction
1871,Shri Durga tatha Ram Janaki Temple,"C3HV+H4F, Rajapur Road, राजापुर 21811, नेपाल",28.428978,81.0928274,0,Rajapur Road, mosque
1872,Rajapur nepal,"राजापुर 21800, नेपाल",28.4303507,81.0908869,4,नेपाल, art_gallery
1873,Ganesh Baba Temple,"Rajapur Road Ghumna Ghau, राजापुर 21800, नेपाल",28.4189832,81.0925985,4.8,राजापुर, hindu_temple
1874,Khadak Chowk खड्क चोक,"G4M9+98X, टिकापुर 10901, नेपाल",28.5334775,81.118356,4.1,टिकापुर, monument
1875,Rajapur,"C3JV+VWC, राजापुर 21800, नेपाल",28.4321778,81.094773,3.9,राजापुर, trek
1876,Barghar Sadak बरघर सडक,"C5W4+GF, राजापुर 21800, नेपाल",28.446362,81.1561946,0,राजापुर, hike
1877,बढैया ताल,"Barhaiya Lake, 21800, नेपाल",28.1951295,81.5173624,3.7,21800, amusement_park
1878,"Bijaya Church Thakur Baba 5, Takiya(Bardiya)","Unnamed Road, 21800, नेपाल",28.4118895,81.295025,0,21800, church
1879,ठाकुरबाबा,"ठाकुरबाबा, 21800, नेपाल",28.4516726,81.3228855,,21800, tourist_attraction
1880,Shahipur Bardiya Thakurbaba municipality 5,"98V2+R59, 21800, नेपाल",28.3945027,81.3004674,5,21800, mosque
1881,Thakurbaba Temple,"C7X3+XV4, ठाकुरद्धारा 21800, नेपाल",28.4498948,81.254685,4.5,ठाकुरद्धारा, hindu_temple
1882,"बर्दिया राष्ट्रिय निकुञ्जको प्रवेशद्वार, ठाकुरद्वारा","F62V+V72, 21800, नेपाल",28.4521322,81.2431341,4.6,21800, historic_site
1883,khristiya church,"7G3J+F55, बाँसगढी 21800, नेपाल",28.2536451,81.5304969,5,बाँसगढी, church
1884,"Bansagadhi,3 gudhi cawok masjid","6HG4+FV, बाँसगढी 21800, नेपाल",28.2262799,81.5572321,5,बाँसगढी, mosque
1885,Tharu Cultural centre,"6GWC+WM8, बाँसगढी 21800, नेपाल",28.2472846,81.5216882,5,बाँसगढी, museum
1886,Buddha Statue,"6GPJ+V8F, महेन्द्र राजमार्ग, बाँसगढी 21800, नेपाल",28.2380268,81.5307842,5,महेन्द्र राजमार्ग, monument
1887,Mahadewa,"7H6V+X2M, बाँसगढी 21800, नेपाल",28.2624686,81.5925427,1,बाँसगढी, trek
1888,Chamere hill,"9PQ6+4P4, बाँसगढी 21800, नेपाल",28.387771,81.7118146,5,बाँसगढी, hike
1889,Bardiya,"8C6H+35R, धधबार 21800, नेपाल",28.3102323,81.4278984,0,धधबार, church
1890,AURI BAZAR,"Barbardiya -08 Auri Bardiya Nepal, 21804, नेपाल",28.3533168,81.4329969,3.6,21804, monument
1891,Aryal Batikaa,"Gulariya - Nepalganj Hwy 7, 21900, नेपाल",28.1542051,81.5205865,4,21900, park
1892,बढैया ताल भ्यू टावर एण्ड बोटिङ्ग,"Barhaiya Lake, 21800, नेपाल",28.2002033,81.5149267,4,21800, tourist_attraction
1893,बढैयाताल,"बढैयाताल, नेपाल",28.1846335,81.4806277,,नेपाल, tourist_attraction
1894,Thulodafe,"3FVQ+FMX, Danphe madanchok, 21800, नेपाल",28.093726,81.4892264,3,Danphe madanchok, trek
1895,Geruwa 6 bardiya,"C59M+J6, राजापुर 21800, नेपाल",28.4190354,81.1830697,0,राजापुर, church
1896,Geruwa Rural Municipality Office,"F5GQ+5JP, राजापुर 21800, नेपाल",28.4754638,81.1890998,4.1,राजापुर, mosque
1897,Jor Chautari Bagiya Tol Nauranga,"C57P+57R, 21800, नेपाल",28.4129913,81.1856376,4.6,21800, hindu_temple
1898,Intake Park,"Unnamed Road, 21800, नेपाल",28.5880879,81.2481422,4,21800, picnic
1899,चाँगुनारायण पार्क,"Changunarayan Rd, चाँगुनारायण 44804, नेपाल",27.7182628,85.4314318,4,चाँगुनारायण, park
1900,Himalaya Spiritual And Adventure Treks,"Balambu , ChanguNarayan 4, Bhaktapur 44800, नेपाल",27.7161625,85.4285155,4.8,ChanguNarayan, trek
1901,Suryabinayak chowk ( सूर्यविनायक चोक),"MC8G+76P, सुर्यविनायक 44800, नेपाल",27.6657158,85.4255881,4.5,सुर्यविनायक, historic_site
1902,Mundum Trail Starting Point,"5WXH+RC8, Chakhewa 57000, नेपाल",27.1995375,86.9285781,4.2,Chakhewa, hike
1903,Shadananda's Garden and Park,"944P+RP6, दिङ्गला - तुम्लिङ्गटार मार्ग, षडानन्द 57000, नेपाल",27.3570476,87.1367757,0,दिङ्गला - तुम्लिङ्गटार मार्ग, park
1904,लभिङ हिल,"खाँदबारी 56900, नेपाल",27.3871611,87.2069111,4.4,नेपाल, amusement_park
1905,Dingla Baptist Church ✝️,"945G+3R, षडानन्द 57000, नेपाल",27.3576012,87.1269778,5,षडानन्द, church
1907,Khanbari Mosjid,"96V6+3R7, Khanbari Moktarpur Kaliganj Gazipur, खाँदबारी, नेपाल",27.392669,87.2120599,0,Khanbari Moktarpur Kaliganj Gazipur, mosque
1908,NyaaCha_PaSa,"कीर्तिपुर 44600, नेपाल",27.6698031,85.2782148,4.6,नेपाल, aquarium
1909,श्री धनेश्वर महादेव मन्दिर,"45209, नेपाल",27.618161,85.5225405,4.5,नेपाल, hindu_temple
1910,( बालगुरु षडानन्दको शालीक) Statue of Balaguru shadananda,"944P+RR2, षडानन्द 57000, नेपाल",27.3570005,87.1370185,3.2,षडानन्द, monument
1911,Dingla bajar,"944P+R8H, षडानन्द 57000, नेपाल",27.3570577,87.1358611,4.2,षडानन्द, historic_site
1912,रामचन्द्र मन्दिर,"945P+3P2, षडानन्द 57000, नेपाल",27.3576534,87.1368398,3.9,षडानन्द, historic_site
1913,Harleo Picnic Spot,"C5PG+PXJ, खाँदबारी 56900, नेपाल",27.4368253,87.1773978,5,खाँदबारी, picnic
1914,Ayaan Aquarium,"M8JM+V3R, Shankhamul Marga, काठमाडौँ 44600, नेपाल",27.6822514,85.3326139,3.1,Shankhamul Marga, aquarium
1915,Tsamaya Art gallery,"tyanglaphat chowk, कीर्तिपुर 44600, नेपाल",27.6814149,85.2790908,5,कीर्तिपुर, art_gallery
1916,म्हेपि अजिमा मन्दिर,"Mhepi Marg, काठमाडौँ 44600, नेपाल",27.7274733,85.3085223,4.5,काठमाडौँ, hindu_temple
1917,सहिद स्मृति पार्क,"529X+JR3, भोजपुर 57000, नेपाल",27.1690194,87.049539,4,भोजपुर, park
1918,रामप्रसाद राई,"रामप्रसाद राई, 57000, नेपाल",27.0580239,87.0439271,,57000, tourist_attraction
1919,अनुप राई,"53H2+5XV, भोजपुर 57000, नेपाल",27.1779842,87.0524338,0,भोजपुर, tourist_attraction
1920,Amarhaat Zoo,"R7JR+F9M, धरान 56700, नेपाल",26.8305516,87.2912167,5,धरान, zoo
1921,नेपाली ग्यालरी,"Krian Niwas, Bhattarai Marg 1, काठमाडौँ 44600, नेपाल",27.6819119,85.3320678,4.6,Bhattarai, art_gallery
1922,Rangi Art Gallery,"P886+65X, चाक्सीवारी मार्ग, काठमाडौँ 44600, नेपाल",27.7156054,85.3105015,4.6,चाक्सीवारी मार्ग, art_gallery
1923,रामप्रसादराई गाउँपालिका,"32JH+HCG, बैकुण्ठे 57000, नेपाल",27.0814444,87.0285874,4.2,बैकुण्ठे, monument
1924,हतुवागढी गाउँपालिका,"Hatuwagadhi - 1, Ghodetar Bazzar, नेपाल",27.02151,87.1210367,4,Ghodetar Bazzar, park
1925,Aashis Nissi Church Burkha आशिष निस्सी चर्च बुर्खा,"W5P8+64, छिन्ताङ 56800, नेपाल",26.9355032,87.1653382,0,छिन्ताङ, church
1926,हतुवागढी,"हतुवागढी, नेपाल",27.0096598,87.1102983,,नेपाल, tourist_attraction
1927,Madarsha Tahfejul Quran Jame Masjid Mahuli Bazar Saptari Nepal,"JRW9+7FV, बकधौवा 56400, नेपाल",26.6457458,86.8186826,3.8,बकधौवा, mosque
1928,"सरस्वती मन्दिर , चण्डी डाँडा","25M9+R9J, होम्तांग 57000, नेपाल",27.0345961,87.168401,4,होम्तांग, hindu_temple
1929,"Hatuwagadhi Durbar, Ghoretar","24F8+2W2, रानीबास 57000, नेपाल",27.0225254,87.1172724,5,रानीबास, monument
1930,Hatuwagadhi Rural Municipality,"रानीबास 57000, नेपाल",27.0214593,87.1209448,2,नेपाल, trek
1931,कार्की गाउँ चोउँतारो,"55J7+46R, याकू 57000, नेपाल",27.1803516,87.1630151,5,याकू, park
1932,धाप पँधेरा,"242G+PJ, खैराङ 57000, नेपाल",27.0017514,87.126532,0,खैराङ, amusement_park
1933,पौवादुङमा,"पौवादुङमा, 57000, नेपाल",27.1803379,87.1348497,,57000, tourist_attraction
1934,पौवादुङमा गाउँपालिका,"545Q+F85, Tiwaribhangyang-Manedada Road, च्यांग्रे 57000, नेपाल",27.1586303,87.138336,4.8,Tiwaribhangyang-Manedada Road, mosque
1935,एओन एक्वारियम सप,"M8M9+FGW, Kupondol, ललितपुर, नेपाल",27.6837389,85.3188291,3.8,Kupondol, aquarium
1936,कार्की गाउँ देबिथान,"55QF+W3Q, भोजपुर 57000, नेपाल",27.1898299,87.1727418,5,भोजपुर, hindu_temple
1937,ठूलो बुद्ध मूर्ति,"373F+F7P, पाख्रीवास 56800, नेपाल",27.0537124,87.2732173,4.4,पाख्रीवास, monument
1938,Maiyung danda,"8266+QV, Maiyung 57000, नेपाल",27.3119375,87.0121875,4.8,Maiyung, hike
1939,Pandey kuwa,"95MH+32, खाँदबारी 56900, नेपाल",27.3827117,87.1775446,5,खाँदबारी, amusement_park
1940,Hebron Church chaukidada,"C3CF+FC, कुलुङा 57000, नेपाल",27.421348,87.0734341,5,कुलुङा, church
1941,Phedii,"CX4H+Q6, दोभाने 57000, नेपाल",27.4068982,86.9780714,3.8,दोभाने, tourist_attraction
1942,Salpasilichho Rural Municipality,"C38F+586, चौकीडांडा 56900, नेपाल",27.415898,87.0721697,4,चौकीडांडा, mosque
1943,पशुपति मन्दिर,"6XFM+VMX, भोजपुर 57000, नेपाल",27.2247476,86.9841842,4.4,भोजपुर, hindu_temple
1944,साल्पासिलिछो,"साल्पासिलिछो, नेपाल",27.4129885,87.0707127,,नेपाल, monument
1945,Salpa pokhari,"CWWM+QJ, दोभाने 56900, नेपाल",27.4469096,86.9340567,4.9,दोभाने, trek
1946,सुन्तले डाँडा भ्यू टावर,"63G6+X8, भोजपुर 57000, नेपाल",27.2274524,87.0607807,5,भोजपुर, tourist_attraction
1947,Masjid Ahl-e -hadees Aurahwa kapilvastu nepal,"GWRH+696, Unnamed Road, Aurahiya 32800, नेपाल",27.5405309,82.9283821,3.7,Unnamed Road, mosque
1948,करुणामय मन्दिर,"5342+RR, भोजपुर 57000, नेपाल",27.1580311,87.0516948,0,भोजपुर, hindu_temple
1949,Arun Thapa Statue,"अरुण थापा चोक, 44700, नेपाल",27.6808129,85.310304,4.1,44700, monument
1950,अरुण ट्रेकहरू र अभियान पी लिमिटेड,"Dhumbarahi Marg, बुढानीलकण्ठ 44600, नेपाल",27.7337043,85.3473939,4.1,बुढानीलकण्ठ, trek
1951,Botanikal,"2XMV+4V7, 57000, नेपाल",27.0327796,86.9946636,4.8,57000, park
1952,Jiwan jyoti church,"V3J3+CR4, 56300, नेपाल",26.8810186,87.0545745,5,56300, church
1953,आमचोक,"आमचोक, नेपाल",26.930544,87.034383,,नेपाल, tourist_attraction
1954,Aamchowk Municipality Office,"57000, नेपाल",26.9766478,86.9788207,4.3,नेपाल, mosque
1955,Masjid Aaisha Bentai Aabubakar,"JQF3+WF7, महेन्द्र राजमार्ग, सितापुर 56400, नेपाल",26.6247913,86.753667,0,महेन्द्र राजमार्ग, mosque
1956,तीनखोप्रे कुलो मुहान,"R344+56, रामपुर ठोक्सिला 56300, नेपाल",26.8053911,87.0555169,5,रामपुर, museum
1957,महाशक्तिशाली माता मन्दिर,"22F7+XCP, २ युँ, भोजपुर 57000, नेपाल",27.0249249,87.013597,5,२ युँ, hindu_temple
1958,Bhojpur Aambote pul,"Pawala 5, नेपाल",26.9453179,87.0285674,0,नेपाल, trek
1959,भरतपुर सुसमाचारका चर्च,"MCWW+VMX, भरतपुर 44200, नेपाल",27.6972487,84.4467524,4.1,भरतपुर, church
1960,हात्ती प्रजनन तथा तालिम केन्द्र,"Baadreni Road Royal Chitwan NP., भरतपुर 44204, नेपाल",27.5819444,84.4630556,4.1,भरतपुर, tourist_attraction
1961,बुद्ध प्रतिमा,"PC2F+39X, भरतपुर 44200, नेपाल",27.7002456,84.4234779,4.3,भरतपुर, monument
1962,Resting ground,"MCR9+PHV, भरतपुर 44207, नेपाल",27.6917574,84.4184629,4.3,भरतपुर, historic_site
1963,trek tours Chitwan National Park,"सौराहा रोड 6, रत्‍ननगर 44600, नेपाल",27.5768906,84.495381,4.4,रत्‍ननगर, trek
1964,Tiger taal (tiger lake ),"MFJ8+P2, भरतपुर 44200, नेपाल",27.6818628,84.4650803,4.5,भरतपुर, hike
1965,Tikauli Eco-Culture Park,"JFCM+F73, Unnamed Road, रत्‍ननगर 44204, नेपाल",27.6211335,84.4831649,4.2,Unnamed Road, park
1966,निप्पनि चर्च,"JGH2+2V9, रत्‍ननगर 44204, नेपाल",27.6275404,84.5022329,4.2,रत्‍ननगर, church
1967,'D DECORE AQUARIUM HOUSE,"JG96+7HX, sauraha Sauraha chock, रत्‍ननगर, नेपाल",27.6182422,84.5114908,4.4,sauraha Sauraha chock, aquarium
1968,कृष्ण प्रणामी मन्दिर टिकौली,"JFJV+FC5, महेन्द्र राजमार्ग, रत्‍ननगर 44204, नेपाल",27.6311492,84.4936217,4.6,महेन्द्र राजमार्ग, hindu_temple
1969,Jungle guide service,"रत्‍ननगर 44204, नेपाल",27.5745459,84.5019253,4.8,नेपाल, hike
1970,Lankaline Church,"MGG5+C66, जुटपानी रोड, जुटपानी 44204, नेपाल",27.6760466,84.5080221,4.5,जुटपानी रोड, church
1971,मौलाकालिका मन्दिर,"PCH5+2F5, Kalika Mandir Trail, गैंडाकोट 33000, नेपाल",27.7274651,84.408739,4.6,Kalika Mandir Trail, tourist_attraction
1972,Chitwan Trails,"Astha chowk, Safal marga 12, भरतपुर 44200, नेपाल",27.6717852,84.4491063,4.4,Safal, trek
1973,Mani Khola Picnic Park,"MF5Q+6RW, जुटपानी 44200, नेपाल",27.6581096,84.489583,4.1,जुटपानी, picnic
1974,बिन्दवासिनी पार्क खैरहनी चितवन,"JHG6+V3P, Jyamire-Chainpur Rd, खैरहानी 44204, नेपाल",27.6272075,84.5601998,3.9,Jyamire-Chainpur Rd, park
1975,Holy Life Church (Prembasti),"JM37+498 Rapti municipality-4 Prembasti, भण्डारा 44200, नेपाल",27.6027661,84.6634442,5,भण्डारा, church
1976,Chitwan nepal,"JH9F+WRH, jiwanpur, खैरहानी 10, नेपाल",27.6198017,84.5746243,5,jiwanpur, tourist_attraction
1977,Fish O Farm CAARP,"Khairahani 10, कठार 44200, नेपाल",27.5875299,84.6194439,4.5,कठार, aquarium
1978,Laxmi Narayan Mandir लक्ष्मी नारायण मन्दिर,"JM22+5RC, भण्डारा 44200, नेपाल",27.6004269,84.6520046,4.7,भण्डारा, hindu_temple
1979,चितवन राष्ट्रिय निकुञ्ज कार्यालय,"G8XJ+V3C, 44200, नेपाल",27.549692,84.330144,4.5,44200, monument
1980,Dhamili Prayer Hill,"JM9M+JJ, पिप्ले 44200, नेपाल",27.6190057,84.6841159,5,पिप्ले, hike
1981,Ladari Fun Park,"JHMC+W86, खैरहानी 44200, नेपाल",27.6347787,84.5707721,4.1,खैरहानी, park
1982,Wildlife Museum,"HFFX+PJG, रत्‍ननगर 44200, नेपाल",27.5743066,84.499076,4.4,रत्‍ननगर, zoo
1983,Lucky Aquarium and pet shop,"JH5C+VP4, खैरहानी 44200, नेपाल",27.6096399,84.5718213,5,खैरहानी, aquarium
1984,Kankali Temple,"Khairahani -4, नेपाल",27.6706263,84.578401,4.1,नेपाल, hindu_temple
1985,हात्ती चोक,"HFJV+HPM, रत्‍ननगर 44204, नेपाल",27.5814533,84.4943043,4.3,रत्‍ननगर, monument
1986,Madi View Tower,"44600, भरतपुर 44200, नेपाल",27.4140009,84.3761333,4.2,भरतपुर, park
1987,BELIEVERS EASTERN CHURCH MADI,"F855+576, माडी 44200, नेपाल",27.4579179,84.3081272,4,माडी, church
1988,माडी,"माडी, नेपाल",27.4129236,84.375233,,नेपाल, tourist_attraction
1989,धोवाह मस्जित,"F88C+W25, माडी 44200, नेपाल",27.4672711,84.3201108,3,माडी, mosque
1990,Animal Shelter Park,"MF5Q+6JV, जुटपानी 44200, नेपाल",27.6581222,84.4890337,5,जुटपानी, zoo
1991,Godek Mandir dropati nagar Madi,"F7R7+X6P, Unnamed Road, माडी 44200, नेपाल",27.4924575,84.2630645,4.6,Unnamed Road, hindu_temple
1992,Chitwan wild trek,"भरतपुर 44200, नेपाल",27.5813156,84.4929056,4,नेपाल, trek
1993,"Way to Indrabasti, Madi,Chitwan","C9MQ+9C, माडी 44200, नेपाल",27.43341,84.388539,0,माडी, hike
1994,Nepali Evangelical Church (NEC Church),"चित्रवन 44200, नेपाल",27.6535277,84.327469,4.2,नेपाल, church
1995,इच्छाकामना मन्दिर,"VJCF+HWG, दारेचोक, नेपाल",27.8714276,84.6248136,4.3,दारेचोक, hindu_temple
1996,इच्छाकामना मन्दिर,"चण्डी भञ्ज्याङ 44200, नेपाल",27.8344916,84.5964056,4.4,नेपाल, monument
1997,"Ichchhakamana Rural Municipality, Office of the Municipal Executive","VJCG+5JG, दारेचोक, नेपाल",27.8704587,84.6264747,4.2,दारेचोक, historic_site
1998,Ichchhakamana-4 Bajha Gau,"VH9M+3RM, Lamidanda, 4, नेपाल",27.8677189,84.5845576,4,Lamidanda, trek
1999,Bimalnagar Siddha (गुफा),"WCX9+8J, वन्दीपुर, नेपाल",27.9483053,84.4190425,4.4,वन्दीपुर, picnic
2000,"बसपार्क, डडेल्धुरा","7HWR+V6F, अमरगढी 10300, नेपाल",29.2971914,80.5905546,3.6,अमरगढी, park
2001,Aaradhana Preritiya Christian Church,"अमरगढी 10300, नेपाल",29.3002422,80.5877708,0,नेपाल, church
2002,Kailpal Temple Chamsal,"no.3, Dadeldhura, Amargadhi Municipality ward, अमरगढी, नेपाल",29.28157,80.5616646,5,Dadeldhura, hindu_temple
2003,Sahid Smriti Park,"26WH+5M5, परशुराम 10400, नेपाल",29.045385,80.2292473,4,परशुराम, park
2004,Galagatha AG Church,"4F9J+QP8, परशुराम 10300, नेपाल",29.119364,80.4818481,3.8,परशुराम, church
2005,Aaidungra,"Parashuram,08, नेपाल",29.0590574,80.2770329,5,8, tourist_attraction
2006,परशुराम,"परशुराम, नेपाल",29.1138891,80.3213106,,नेपाल, tourist_attraction
2007,Tarakot-Dadeldhura Nepal ताराकोट डडेलधुरा,"357P+FX9, भीमदत्त 10400, नेपाल",29.0636512,80.1874692,5,भीमदत्त, tourist_attraction
2008,"परशुराम धाम, डडेलधुरा","572C+58W, परशुराम 10300, नेपाल",29.1504911,80.2708162,4.6,परशुराम, mosque
2009,Sudan Arts&Photo,"49H3+MPG, परशुराम 10300, नेपाल",29.1292078,80.354371,5,परशुराम, art_gallery
2010,Shree Parshuram Statue,"572C+4MG, परशुराम 10300, नेपाल",29.1503005,80.2717147,3.3,परशुराम, monument
2011,Batase Waterfall,"2C2X+54F, कृष्णपुर 10400, नेपाल",29.0004341,80.4478041,4.5,कृष्णपुर, hike
2012,Dadikhel Deurali डाँडीखेल देउराली,"J69V+5HR, दक्षिणकाली 44600, नेपाल",27.6179819,85.2438813,4.5,दक्षिणकाली, park
2013,प्रशस्त जीवन मण्डली,"M7RX+XFG, काठमाडौँ 44614, नेपाल",27.6924383,85.2986894,3.4,काठमाडौँ, church
2014,Land sudal,"MFJJ+C4, महामञ्जुश्री नगरकोट, नेपाल",27.6807046,85.4802911,0,महामञ्जुश्री नगरकोट, tourist_attraction
2015,Masjid Al-Tawheed,"P979+FW4, Kathmandu 44600, नेपाल",27.7136263,85.3698298,4,Kathmandu, mosque
2016,The Nepal Aquarium House,"Road, काठमाडौँ 44600, नेपाल",27.70455,85.3419399,4.5,काठमाडौँ, aquarium
2017,टुँडाल देवी मन्दिर,"काठमाडौँ 44600, नेपाल",27.7267004,85.3352446,4.4,नेपाल, hindu_temple
2018,"Dadeldhura, Aalital","4G4F+39X, आलिताल 10300, नेपाल",29.1052411,80.5234906,4.8,आलिताल, monument
2019,Dhital khatry,"P6Q9+35, छत्रे देउराली 45100, नेपाल",27.7376744,85.2179707,5,छत्रे, historic_site
2020,Actual Adventure Nepal Trekking,"केशर महल, Tridevi Marga, काठमाडौँ 44600, नेपाल",27.7146597,85.3139475,4.9,Tridevi Marga, trek
2021,Saiter dil,"J9J3+29P, गोदावरी 44700, नेपाल",27.6300918,85.353445,5,गोदावरी, hike
2022,Changathali prvesh dwar (narkate chowk),"Changathali Rd, महालक्ष्मी, नेपाल",27.647438,85.3663914,3.3,महालक्ष्मी, tourist_attraction
2023,भालेश्वर महादेव मन्दिर,"M684+95W, Chitlang Thankot, 44600, नेपाल",27.6659818,85.2054394,4.6,Chitlang Thankot, hindu_temple
2024,देउराली डाँडा,"WXPQ+GH, धुवाकोट 45100, नेपाल",27.9363666,84.9889157,4.5,धुवाकोट, tourist_attraction
2025,Dewal (Ancient history ),"8JHV+5XJ, 10300, नेपाल",29.3279627,80.6449039,0,10300, museum
2026,गाढानीलो,"अमर चित्रकर मार्ग, काठमाडौँ 44600, नेपाल",27.7131615,85.2943528,4.5,काठमाडौँ, aquarium
2027,नवदुर्गा द्यः छेँ,"भक्तपुर 44800, नेपाल",27.6751674,85.4357767,4.7,नेपाल, hindu_temple
2028,नवदुर्गा,"नवदुर्गा, नेपाल",29.3158931,80.7558248,,नेपाल, monument
2029,नवदुर्गा गाविस,"नवदुर्गा गाविस 10300, नेपाल",29.33,80.7,,नेपाल, monument
2030,sahid bhim datta pant statue,"8H5R+GC7, अमरगढी 10300, नेपाल",29.3087981,80.5910567,0,अमरगढी, monument
2031,Dapcha Bazaar,"Shree krishna mandir, काशीखण्ड 45200, नेपाल",27.5531117,85.6076882,4.5,काशीखण्ड, historic_site
2032,Thulopadero kandanidada,"625X+5HJ Rakhi dada, लेखनाथ 33700, नेपाल",28.2079555,84.0488793,0,लेखनाथ, historic_site
2033,Nava durga mandir gaheta,"XPM5+6JG, थुमपोखरा 33801, नेपाल",27.983113,83.7090323,0,थुमपोखरा, historic_site
2034,Panchadeval Picnic Spot,"H9XP+MCJ, गोदावरी 44709, नेपाल",27.5992024,85.3860305,3.8,गोदावरी, picnic
2035,Deurali,"M63H+W95, Matatirtha-Macchegaun Road, चन्द्रागिरी 44600, नेपाल",27.6547527,85.2284866,0,Matatirtha-Macchegaun Road, hike
2036,Chaumala Valkaa (Natural Running Water),"QPCM+6PH, Dhabai 10900, नेपाल",28.7705562,80.7343576,0,Dhabai, amusement_park
2037,Ajayameru Dadeldhura,"9JH2+X2R, अजयमेरु 10300, नेपाल",29.38,80.6,5,अजयमेरु, church
2038,अजयमेरु,"अजयमेरु 10300, नेपाल",29.38,80.6,,नेपाल, tourist_attraction
2039,गन्यापधुरा गाउँपलिका,"10300, नेपाल",29.279153,80.6761211,4.1,नेपाल, tourist_attraction
2040,लाटा गन्याप मन्दिर गन्यापधुरा गाउँपालिका Lataganyap Temple Ganyapdhura RM,"Ganyapdhura Rural Municipality-2, गन्यापधुरा गाउँपालिका-२, नेपाल",29.2792233,80.6759603,5,गन्यापधुरा गाउँपालिका-२, hindu_temple
2041,Nature,"5JH5+22, घण्टेश्वर 10800, नेपाल",29.1773041,80.6074888,3.5,घण्टेश्वर, trek
2042,Hotel Parkinn Dailekh,"RPW7+CQ4, नारायण नगरपालिका 21600, नेपाल",28.8459787,81.7144758,4.6,नारायण, park
2043,Full Gospel Church,"RPX8+5H6, नारायण नगरपालिका 21600, नेपाल",28.8475276,81.7177931,5,नारायण, church
2044,"Dailekh Fort ,दैलेख गढी","RPR5+6WQ, नारायण नगरपालिका 21600, नेपाल",28.8374475,81.7082737,3.7,नारायण, tourist_attraction
2045,MADINA MASJID MODARASA QADRIA KURA BHAIRABI GAONPALIKA (3) Badalamji DADIMADI District. DAILEKH KARNALI Province (6) NEPAL,"WJ3J+H4Q gaupalika, दुल्लु 21600, नेपाल",28.9039513,81.6302777,5,दुल्लु, mosque
2046,दैलेख Dailekh Heart of Nepal,"WQP5+GPR, भवानी 21600, नेपाल",28.9363514,81.7592709,3.7,भवानी, museum
2047,कला नेपाल,"सगरमाथा बजार, पर्यटन मार्ग, काठमाडौँ 44600, नेपाल",27.7150598,85.3108008,4.9,पर्यटन मार्ग, art_gallery
2048,बेलासपुर मन्दिर दैलेख,"Mandir, Belaspur Mandir, नारायण नगरपालिका 21600, नेपाल",28.8579794,81.7276393,4.1,Belaspur Mandir, hindu_temple
2049,"पञ्चदेवल,दैलेख","VP6F+P8F, नारायण नगरपालिका 21600, नेपाल",28.8618225,81.7233061,4.5,नारायण, monument
2050,"Lohare, Dailekh","RP7Q+F9, बिन्ध्याबासिनी 21600, नेपाल",28.8137297,81.738476,0,बिन्ध्याबासिनी, hike
2051,Baleshwor Park,"VJH5+6GX, दुल्लु 21600, नेपाल",28.8781139,81.608872,5,दुल्लु, park
2052,GKII Jemaat Oelbima,"RT 12 RW 06 Dusun 3 Desa, दुल्लु, नेपाल",28.8527045,81.5815776,5,दुल्लु, church
2053,तल्लो डुङ्गेश्वर,"QHHJ+VGV, 21600, नेपाल",28.779734,81.5812969,4.1,21600, tourist_attraction
2054,Malika Temple,"RJ3R+36, दुल्लु 21600, नेपाल",28.8027249,81.6405817,5,दुल्लु, hindu_temple
2055,"माथिल्लो डुङ्गेश्वर बजार, दैलेख","Duneshwor khola bridge, दैलेख सडक, 21600, नेपाल",28.7600161,81.6629383,3.9,दैलेख सडक, monument
2056,दैलेख,"दैलेख, नेपाल",28.9261863,81.647344,,नेपाल, historic_site
2057,दुल्लु,"दुल्लु, नेपाल",28.8527045,81.5815776,,नेपाल, historic_site
2058,"दुल्लु नगरपालिकाको कार्यालय, दुल्लू दैलेख","VJ53+37P, दुल्लु 21600, नेपाल",28.857701,81.6032113,3.1,दुल्लु, historic_site
2059,धुलेश्वर मन्दिर,"VJQ8+VF4, दुल्लु 21600, नेपाल",28.8896445,81.6161883,4.5,दुल्लु, historic_site
2060,Deuti than,"VJCX+V8, रावतकोट 21600, नेपाल",28.8721522,81.6483716,5,रावतकोट, historic_site
2061,मुसेटाकुराको डाडो,"VJ57+JJ5, दुल्लु 21600, नेपाल",28.8590196,81.6140992,0,दुल्लु, trek
2062,ओखलढुङ्गा,"VJ6C+44P, दुल्लु 21600, नेपाल",28.8603324,81.6203348,0,दुल्लु, hike
2063,Galchuka dada nimayal,"2F82+Q9X, सिगौदी 21600, नेपाल",29.0164483,81.4514234,4.2,सिगौदी, park
2064,Dream Church,"Hattiban Marg, ललितपुर 44600, नेपाल",27.6477056,85.3317494,5,ललितपुर, church
2065,"Jaljale Bazar, Dailekh","VM8G+48Q, नारायण नगरपालिका 21600, नेपाल",28.8653476,81.6758682,4,नारायण, tourist_attraction
2066,Adhikari temple,"2G82+F3C, तीलेपाटा 21600, नेपाल",29.0161829,81.5001847,3.5,तीलेपाटा, hindu_temple
2067,Aathbis municipality 9 dailekh,"2GXM+X8W, सिंहासैन गा.वि.स. 21600, नेपाल",29.05,81.533333,0,सिंहासैन, picnic
2068,Dharampur 8 lalu kalikot,"4HW3+2GM, लालु 21300, नेपाल",29.1450772,81.5538046,0,लालु, hike
2069,Dhuleshwor Park,"VJR9+29, दुल्लु 21600, नेपाल",28.8900137,81.6184331,0,दुल्लु, park
2070,Bhairabi Rural Municipality Office,"WJFF+WW5, Dailekh, Bhairabi Rural Municipality, दुल्लु, नेपाल",28.924773,81.6248281,3.3,Dailekh, picnic
2071,Nermal Arts Dailekh,"RPP5+G9Q, नारायण नगरपालिका 21600, नेपाल",28.8363541,81.7084702,0,नारायण, art_gallery
2072,"महाबु धाम,दैलेख-कालिकोट","2Q63+QG5, बालुवाटार 21600, नेपाल",29.0118939,81.7538439,4.8,बालुवाटार, hindu_temple
2073,महावु,"महावु, नेपाल",28.9138754,81.6630831,,नेपाल, trek
2074,"Mahabu Bhanjyang,Dailekh-Kalikot Border","2Q63+QG5, बालुवाटार 21600, नेपाल",29.0125458,81.7526599,0,बालुवाटार, trek
2075,रानीमत्ता भ्यू टावर,"दैलेख सडक, 21700, नेपाल",28.6851929,81.6352827,4.6,21700, park
2076,घण्टाघर बाल उद्यान,"HJWC+W57, Unnamed Road, वीरेन्द्रनगर 21700, नेपाल",28.5972769,81.6204233,4.2,Unnamed Road, amusement_park
2077,Jame Masjid Sakhada,"Sakhada Muslim Toll, Unnamed Road, 56400, नेपाल",26.4519877,86.7362092,4.9,Unnamed Road, mosque
2078,गहरा (थामडाडा),"MM5C+QH, वीरेन्द्रनगर 21700, नेपाल",28.6592452,81.6710661,0,वीरेन्द्रनगर, museum
2079,शिवालय मन्दिर,"PJ5P+WV5 गुराँस ५, 21600, नेपाल",28.7097684,81.637235,0,21600, hindu_temple
2080,गुराँसे बजार,"दैलेख सडक, 21600, नेपाल",28.6936346,81.6287613,4.1,21600, monument
2081,गुराँस,"गुराँस, नेपाल",28.7097684,81.637235,,नेपाल, historic_site
2082,जर्बुटा डाँडा,"JJFW+G92, वीरेन्द्रनगर 21700, नेपाल",28.6237704,81.6458798,4.6,वीरेन्द्रनगर, trek
2083,Daha ghau,"QMC4+X42, दुल्लु 21600, नेपाल",28.7723754,81.6552558,5,दुल्लु, hike
2084,ठाँटीकाँध,"ठाँटीकाँध, नेपाल",28.9814917,81.5281271,,नेपाल, park
2085,Jaitun Jivan Jyoti A.G Church,"RMP Dailekh, नौमुले 21600, नेपाल",28.9083109,81.8278694,0,नौमुले, church
2086,Aqurium Shop,"HJV8+VGQ, वीरेन्द्रनगर 21700, नेपाल",28.594712,81.6163504,0,वीरेन्द्रनगर, aquarium
2087,Bheri Nice Aquarium Shop,"HJV8+W66, Hatiya Rd, वीरेन्द्रनगर 21700, नेपाल",28.5948192,81.6155131,0,Hatiya Rd, aquarium
2088,Malika mandir Dailekh,"XFWM+667, 21600, नेपाल",28.9955328,81.4830496,5,21600, hindu_temple
2089,भेरी खोला,"QRR8+4PX, 21600, नेपाल",28.7903709,81.8168714,0,21600, park
2090,भगवतीमाई,"भगवतीमाई, नेपाल",28.7885109,81.8509499,,नेपाल, tourist_attraction
2091,Bhagawatimai Temple,"RV25+MG3, 21600, नेपाल",28.801638,81.858798,4,21600, hindu_temple
2092,Khumai dada खुमै डाँडा,"Great Machhapuchchhre Trail GMT, माछापुच्छ्रे 33700, नेपाल",28.390568,83.9348234,4.7,माछापुच्छ्रे, trek
2093,दंगाली चोक,"PPW2+GM, डाँडा पराजुल 21600, नेपाल",28.746273,81.701702,2,डाँडा, park
2094,"Upper Dungeswor,Dailekh","दैलेख सडक, 21600, नेपाल",28.7609063,81.6631526,4,21600, mosque
2095,Kalika temple,"WR5H+85R, नौमुले 21600, नेपाल",28.908374,81.8279011,0,नौमुले, park
2096,नौमुले,"नौमुले 21600, नेपाल",28.908374,81.8279011,,नेपाल, park
2097,नौमुले,"नौमुले, 21600, नेपाल",28.9083109,81.8278694,,21600, park
2098,Mulkhola,"WR5H+85R, नौमुले 21600, नेपाल",28.908374,81.8279011,0,नौमुले, park
2099,महादेभ,"RR25+RV7, 21600, नेपाल",28.8020284,81.8096796,0,21600, park
2100,नाभिस्थान दैलेख,"RMW8+RCH, नारायण नगरपालिका 21600, नेपाल",28.8470539,81.6661104,4.4,नारायण, monument
2101,पिपल रुख,"WJ29+8FH, Unnamed Road, दुल्लु 21600, नेपाल",28.9008017,81.6187328,4.5,Unnamed Road, park
2102,चामुण्डा विन्द्रासैनी,"चामुण्डा विन्द्रासैनी, नेपाल",28.9195792,81.5321393,,नेपाल, church
2103,कालिका मन्दिर भैरी,"WJCG+5C6 warda no. 4, 21600, नेपाल",28.9204246,81.62601,5,21600, hindu_temple
2104,Chamundabindrasaini Municipality,"WGFR+XG9, ल्याटी बिन्द्रासेनी 21600, नेपाल",28.9248837,81.5413361,3.5,ल्याटी, monument
2105,चामुण्डा,"चामुण्डा 21600, नेपाल",28.96,81.58,,नेपाल, monument
2106,Chamunda bindrasaini municipality padampur Jambukandh,"WHH5+VCG, जम्बुकांध 21600, नेपाल",28.9296824,81.5585689,4,जम्बुकांध, picnic
2107,Chamunda bindrasaini municipality 1 Dailekh,"XHHW+FX6, 21600, नेपाल",28.9786785,81.5973609,0,21600, picnic
2108,Gothikada,"JHMM+JX9, गडि वयलकाँडा 21700, नेपाल",28.634212,81.5843322,4,गडि, picnic
2109,राप्ती शान्ति उद्यान,"48W9+Q35, Unnamed Road, तुलसीपुर 22412, नेपाल",28.1468925,82.3177289,4.3,Unnamed Road, park
2110,Fun park,"47JX+56M, तुलसीपुर 22412, नेपाल",28.1304503,82.2980335,3,तुलसीपुर, amusement_park
2111,Tulsipur Holy Light Church,"Shree Nagar Tole, Beluwa Dang 1, तुलसीपुर 22412, नेपाल",28.139335,82.29307,5,Beluwa, church
2112,AzaKhanaZahra a.s Tulsipur,"583F+Q9Q, तुलसीपुर 22412, नेपाल",28.154453,82.3234843,0,तुलसीपुर, mosque
2113,Mosque,"583F+Q9Q, तुलसीपुर 22412, नेपाल",28.154453,82.3234843,0,तुलसीपुर, mosque
2114,Kailash Aquarium House Tulsipur Dang,"48J2+WW9, तुलसीपुर 22412, नेपाल",28.1322898,82.3023598,5,तुलसीपुर, aquarium
2115,"Barahi Temple, Paddha Dang Rapti","37QC+FMG, तुलसीपुर 22412, नेपाल",28.0886875,82.271742,3.7,तुलसीपुर, hindu_temple
2116,बिरेन्द्र चोक तुलसिपुर,"47MX+86G, F015, तुलसीपुर 22412, नेपाल",28.1333236,82.2980804,4.3,F015, monument
2117,Dang tulsipur,"तुलसीपुर 22412, नेपाल",28.1284746,82.3068771,4.3,नेपाल, trek
2118,श्रीकृष्ण चोक,"47MH+RXC, तुलसीपुर 22412, नेपाल",28.1344658,82.2802615,5,तुलसीपुर, hike
2119,गिठेपानी सिंचाइ ड्याम,"3F6W+QRP, घोराही 22400, नेपाल",28.0619555,82.4970782,4.3,घोराही, amusement_park
2120,Dhundi Dream Park Pvt. Ltd.,"2F3X+V4V, घोराही 17, नेपाल",28.0047278,82.4978159,4.7,घोराही, museum
2121,"अम्बिकेश्वरी मन्दिर, दाङ","अम्बिकेश्वरी मन्दिर, Ambapur Rd, घोराही 22400, नेपाल",28.0427428,82.5008713,4.5,Ambapur Rd, hindu_temple
2122,Lamahi Biodiversity Park,"VGG9+28M, महेन्द्र राजमार्ग, लमही 22414, नेपाल",27.875093,82.5182827,4,महेन्द्र राजमार्ग, park
2123,Prashansa Church प्रशंसा मण्डली,"VGFF+4PW, लमही 22414, नेपाल",27.8728487,82.5243167,5,लमही, church
2124,Lamahi View Tower,"लमही 22414, नेपाल",27.8775677,82.521316,4.2,नेपाल, tourist_attraction
2125,Madarsa Nurul Islam,"VG9F+RMP, Lamahi - Koilabas Rd, लमही 22414, नेपाल",27.8695991,82.524258,4.3,Lamahi - Koilabas Rd, mosque
2126,Daya Shankar house,"RHVR+CHF, लमही, नेपाल",27.8433092,82.5919162,0,लमही, museum
2127,Lamahi temple,"VGFC+GRF, लमही 22414, नेपाल",27.8738122,82.5220485,0,लमही, hindu_temple
2128,Lamahi hill viewpoint,"VGRC+FW, लमही 22414, नेपाल",27.8911529,82.5223204,5,लमही, trek
2129,Lamahi Dang- लमहि दाङ,"VG5F+96X, लमही 22414, नेपाल",27.8584778,82.5230978,4.2,लमही, picnic
2130,Balidan AG church Atthaise dang,"XHG9+475, घोराही-रामपुर सडक, रामपुर 22400, नेपाल",27.9760924,82.5682859,4,घोराही-रामपुर सडक, church
2131,Banglachuli View Tower,"2P2C+W2, मर्कावाङ 22300, नेपाल",28.0023534,82.7201151,4,मर्कावाङ, tourist_attraction
2132,बंगलाचुली,"बंगलाचुली, नेपाल",28.0051202,82.6801838,,नेपाल, historic_site
2133,Camping,"2GV9+M39, घोराही 22400, नेपाल",28.0441607,82.5177386,0,घोराही, hike
2134,श्रीगाउँ सामुदायिक बन रच्पल दाङ,"45QV+M69, श्रीगाउँ 22412, नेपाल",28.1391681,82.1931202,0,श्रीगाउँ, park
2135,Karuna AG Church,"36MM+2JV, तुलसीपुर 22412, नेपाल",28.0826239,82.2340474,4.9,तुलसीपुर, church
2136,Subhani Jama Masjid,"2FRR+C5W, घोराही 22400, नेपाल",28.0411413,82.4909997,4.5,घोराही, mosque
2137,Subhani Jama Masjid,"2FWW+F6X, घोराही 22400, नेपाल",28.0462394,82.4956269,0,घोराही, mosque
2138,धारपानी मन्दिर Dharapani Temple ( World’s Tallest Trishul),"XCCW+G67, धरना 22400, नेपाल",27.9712844,82.4455025,4.6,धरना, monument
2139,Dangisharan Cultural Homestay दंगिशरण सांस्कृतिक होमस्टे,"Paschim galli, near Ratri Aadharbhut School Dangisharan-4, Baibang 22409, नेपाल",28.0832191,82.1954185,4.9,near Ratri Aadharbhut School Dangisharan-4, historic_site
2140,Shangri-la Nepal Trek P. Ltd,"10, Kapan, Panchakanya Chowk Bhudanilkantha, काठमाडौँ 44600, नेपाल",27.7335773,85.353388,3.9,Kapan, trek
2141,Raniban park and picnic spot,"4669+74, हेकुली 22412, नेपाल",28.1107423,82.2178119,5,हेकुली, picnic
2142,Namaste Deukhuri Park,"QGPR+HVQ, गढवा, नेपाल",27.7864745,82.5422369,5,गढवा, park
2143,Salvation Church,"RG8W+8C, गढवा 22414, नेपाल",27.8158498,82.5460608,5,गढवा, church
2144,गढवा,"गढवा, नेपाल",27.7582627,82.5294065,,नेपाल, tourist_attraction
2145,कोटाही माता मंदिर गढ़वा नेपाल,"RG7R+4RR, गढवा 22414, नेपाल",27.8128628,82.5420293,4.5,गढवा, hindu_temple
2146,Kandara Mandir,"QGX7+RR5, गढवा 22414, नेपाल",27.7995225,82.5146027,5,गढवा, monument
2147,घ्याम्पे डाँडा,"JCRC+FGW, Ghyampe Danda Sadak, अनन्तलिङ्गेश्वर 44800, नेपाल",27.6412309,85.4213408,4.2,Ghyampe Danda Sadak, picnic
2148,Koilabas sky cycling,"MGWG+F87, कोइलाबास 22400, नेपाल",27.6961567,82.5258023,4.3,कोइलाबास, hike
2149,Mukti church,"V6CP+4J5 Raptisonari 2, राजपुर 22400, नेपाल",27.8702739,82.2365981,0,राजपुर, church
2150,Dangdunge,"PXR5+3M4, पिस्कर 45302, नेपाल",27.7401345,85.9591941,5,पिस्कर, tourist_attraction
2151,Shiva Temple Bhauwa Naka -Dang,"W3JH+MQ7, राजपुर, नेपाल",27.9316613,82.0794117,4.5,राजपुर, hindu_temple
2152,राजपुर,"राजपुर, नेपाल",27.8702739,82.2365981,,नेपाल, historic_site
2153,Randonnée Népal Treks (P) Ltd.,"Paiyutar, Kapan, Post Box: 11503, काठमाडौँ 44600, नेपाल",27.7410152,85.3749867,4.1,Kapan, trek
2154,dang sisahaniya,"VM55+9MJ, सिसहनिया 22400, नेपाल",27.8584714,82.6591465,5,सिसहनिया, park
2155,Narti Gospal Church,"VJ72+GJ8, लमही 22400, नेपाल",27.8637591,82.6015687,3,लमही, church
2156,Rapti River Dang,"लालमटिया 22404, नेपाल",27.8389445,82.7624238,3,नेपाल, tourist_attraction
2157,Darul huda madarsa,"RQR9+HM3, लालमटिया 22404, नेपाल",27.8413883,82.7691766,5,लालमटिया, mosque
2158,"बगरापुर थारु संग्रालय देउखुरी, दाङ","RJGP+52M, सिसहनिया 22400, नेपाल",27.8259533,82.6345828,3.3,सिसहनिया, museum
2159,Hanseshor Mahadev Temple,"RJ6G+QR7, गोबरडिहा 22400, नेपाल",27.8119115,82.6270551,4.5,गोबरडिहा, hindu_temple
2160,गणतन्त्र स्मारक,"P88F+6PF, नारायणहिटी पथ, काठमाडौँ 44600, नेपाल",27.715573,85.324286,4.1,नारायणहिटी पथ, monument
2161,Ghoskhola daha,"Rapti 9, नेपाल",27.9071695,82.7560025,4.8,नेपाल, trek
2162,Kulpani Park,"RP46+Q5, गोबरडिहा 22400, नेपाल",27.8069343,82.7103862,4.3,गोबरडिहा, picnic
2163,ओम शान्ति पार्क,"M8HM+H6G, काठमाडौँ 44600, नेपाल",27.6789342,85.3330794,4.2,काठमाडौँ, park
2164,तीनपाने चोक,"45CP+HX, श्रीगाउँ 22412, नेपाल",28.1214813,82.1874222,0,श्रीगाउँ, amusement_park
2165,Glory A.G. church,"56GF+223, शान्तिनगर 3, नेपाल",28.1750139,82.2225381,0,शान्तिनगर, church
2166,Sangam Tole,"PHWX+H59, महादेवस्थान मन्डन, नेपाल",27.7464047,85.5979911,5,महादेवस्थान मन्डन, tourist_attraction
2167,Shanti Dham,"Q8Q4+FRX, तारकेश्वर 44600, नेपाल",27.792629,85.3082626,4.3,तारकेश्वर, hindu_temple
2168,शान्तिनगर,"शान्तिनगर, नेपाल",28.1838151,82.2257298,,नेपाल, historic_site
2169,Siddhikali Picnic Spot,"M9JM+4HV, मध्यपुर ठिमी 44600, नेपाल",27.6803651,85.3839287,4.5,मध्यपुर, picnic
2170,Dangdunge view point,"JFQ4+5V, सुर्यविनायक, नेपाल",27.6379729,85.4572117,5,सुर्यविनायक, hike
2171,पुरनधारा छहरा,"53P6+8M8, पुरनधारा 22400, नेपाल",28.1857891,82.0617065,4.5,पुरनधारा, park
2172,Bijay A.G church hapure,"54WM+724, पुरनधारा 22400, नेपाल",28.1955095,82.1332974,5,पुरनधारा, church
2173,Babai view point tower,"8PX7+PC, बाँसगढी 21800, नेपाल",28.3492995,81.7136247,3,बाँसगढी, tourist_attraction
2174,Mahalbari Mosque(मस्जिद),"FVCM+5HJ, कुडिया 33007, नेपाल",27.4704696,83.8838968,4.5,कुडिया, mosque
2175,Temple,"9P46+JXF, बाँसगढी 21800, नेपाल",28.3565557,81.7124108,4.9,बाँसगढी, hindu_temple
2176,"Babai-7 Dholpur,Dang","44F4+H73, पञ्चकुले 22400, नेपाल",28.1238916,82.1056579,3,पञ्चकुले, monument
2177,Batashe Dada,"P7H4+F46, नागार्जुन 44600, नेपाल",27.7290951,85.2544025,4.3,नागार्जुन, hike
2178,मञ्जुश्री पार्क,"कीर्तिपुर 44600, नेपाल",27.6604717,85.29303,4.1,नेपाल, park
2179,Church,"M6VG+2G7, काठमाडौँ 44600, नेपाल",27.692549,85.2262937,0,काठमाडौँ, church
2180,A.G Stuti Church,"RGRR+RW6, Darchula - Tinkar Rd, मोह्ती 10100, नेपाल",29.8420529,80.5422617,3.3,Darchula - Tinkar Rd, church
2181,Lalita khadayat,"PG9P+77V ward no.1 Baril darchula, 10100, नेपाल",29.7182327,80.5356808,2,10100, tourist_attraction
2182,दर्लम महाकाली मन्दिर,"तानसेन-राम्दी सडक, दर्लमडाँडा 32500, नेपाल",27.8920667,83.6068208,4.3,दर्लमडाँडा, monument
2183,Nepal Mountain Trekkers,"Pyramid Galli, काठमाडौँ 44600, नेपाल",27.7127498,85.3096466,5,काठमाडौँ, trek
2184,The Great Wall of Nepal,"काठमाडौँ 44600, नेपाल",29.8019964,80.8501306,4.5,नेपाल, hike
2185,Sirad kapsyoda,"QF54+FCJ, 10100, नेपाल",29.7587115,80.4560016,5,10100, park
2186,Shailyashikhar Municipality,"MG9X+W5G, Darchula Road, गोकुलेश्वर 10100, नेपाल",29.6697157,80.5479814,4,Darchula Road, church
2187,Shree Shailya Shikhar Malikarjun Temple,"10100, नेपाल",29.7347144,80.4857803,4.6,नेपाल, mosque
2188,महानन्द जोशी,"MC8Q+PG, बुढाकोट 10100, नेपाल",29.6661416,80.4394012,0,बुढाकोट, museum
2189,शैल्यशिखर,"शैल्यशिखर, नेपाल",29.7182327,80.5356808,,नेपाल, art_gallery
2190,तङ्ले भेल,"Darchula Rd, हुती 10100, नेपाल",29.9010996,80.5793745,0,हुती, historic_site
2191,Picnic area,"salya shikar 6, panebaj 10100, नेपाल",29.7179048,80.4931472,0,panebaj, picnic
2192,मालिकार्जुन,"मालिकार्जुन 10100, नेपाल",29.75,80.49,,नेपाल, park
2193,chamlliya river muhan,"Darchula Apihimal 1,Nepal, 10100, नेपाल",29.8328857,80.5379297,4,Nepal, hike
2194,"Api Base Camp(South),Darchula","RM 1, ब्याश 10100, नेपाल",29.9694341,80.9381723,4.9,ब्याश, park
2195,Kapil Himal (कपिल हिमाल),"Darchula Apihimal 3, 10100, नेपाल",29.8090756,80.8746848,0,10100, church
2196,अपिहिमाल,"अपिहिमाल, नेपाल",29.8154457,80.8478196,,नेपाल, mosque
2197,अपि नाम्पा संरक्षण क्षेत्र,"10100, नेपाल",29.9363466,80.8986502,4.1,नेपाल, mosque
2198,App Aquarium House,"P996+RHX, बौद्ध सडक, काठमाडौँ 44600, नेपाल",27.7196178,85.3615054,3.6,बौद्ध सडक, aquarium
2199,आध्यात्मिक कला,"Thaina-6, ललितपुर 44700, नेपाल",27.6695101,85.3262453,4.9,ललितपुर, art_gallery
2200,surma bhawani mandir,"QXQW+GF2, कान्दा 10100, नेपाल",29.7887502,80.9961315,5,कान्दा, hindu_temple
2201,डाइभर सिटी पार्क सुण्डमुण्ड,"QJXM+9J, अपी 10100, नेपाल",29.7984354,80.6340875,4.2,अपी, park
2202,Naugad RM Office Darchula,"QM86+HQX, Darchula Na, सिप्टी, नेपाल",29.7664965,80.6619874,2,Darchula Na, mosque
2203,"BADAL MALL, Hikila, Darchula","WJ35+VC7, हिकीला 10100, नेपाल",29.9046746,80.6086187,3.4,हिकीला, museum
2204,लटिनाथ माण्डौं,"QJMQ+QH6, 10100, नेपाल",29.784424,80.6388974,4.5,10100, hindu_temple
2205,नौगाड,"नौगाड, 10100, नेपाल",29.7423577,80.694958,,10100, historic_site
2206,दैलाड Dailaad,"RJ5M+M46, 10100, नेपाल",29.8091518,80.6327716,5,10100, trek
2207,Tusha Hiti,"सुन्दरी चोक, ललितपुर 44700, नेपाल",27.6726924,85.3251143,4.8,ललितपुर, monument
2208,दुहुँ,"दुहुँ, 10100, नेपाल",29.9083635,80.6072663,,10100, trek
2209,Chuchche Dhunga Picnic Spot,"kali temple, धुलिखेल 45200, नेपाल",27.6104166,85.5690068,4.4,धुलिखेल, picnic
2210,बालाजु उद्यान,"P8M2+GFM, त्रिशुली राजमार्ग, काठमाडौँ 44600, नेपाल",27.7338465,85.3011804,4.1,त्रिशुली राजमार्ग, park
2211,Kul dewata darchula marma,"PRPV+4G6, 10100, नेपाल",29.7352815,80.8437803,0,10100, hindu_temple
2212,View point park,"H14, सीटाड 10200, नेपाल",29.618635,80.4763358,5,सीटाड, park
2213,लेकम,"लेकम, नेपाल",29.6447995,80.4270627,,नेपाल, tourist_attraction
2214,Deuchula देउचुला local name,"RRMX+F68, अपी 10100, नेपाल",29.8336706,80.8480648,5,अपी, tourist_attraction
2215,Dolkar Thanka Arts,"JGJM+5V5, धुलिखेल 45210, नेपाल",27.6303896,85.5347578,5,धुलिखेल, art_gallery
2216,Bankada Chormai,"JF3M+PWV, न्वाली 10200, नेपाल",29.6043594,80.4847814,5,न्वाली, hike
2217,Dulal Gaun Namuna Pratikshyalaya,"RHP3+583, मेलम्ची, नेपाल",27.8353981,85.5532975,0,मेलम्ची, tourist_attraction
2218,Devisthan,"MJC5+F9X, पाँचखाल 45212, नेपाल",27.6712339,85.6084986,4.5,पाँचखाल, hindu_temple
2219,Valentine Hill,"पनौती 45200, नेपाल",27.6234225,85.4801181,4.2,नेपाल, picnic
2220,तारेभीर,"Q9JQ+5FP, गोकर्णेश्वर 44600, नेपाल",27.7804722,85.3887086,4.4,गोकर्णेश्वर, hike
2221,Dhunibeshi,"P57J+927, नौबिसे 45100, नेपाल",27.71367,85.179889,4.1,नौबिसे, park
2222,BCM Milestone Church,"P5FG+V5J, नौबिसे 45100, नेपाल",27.7247262,85.1753292,5,नौबिसे, church
2223,Anikesh Gorkhali dada,"Dhading Besi Rajmarga 4, निलकण्ठ 45100, नेपाल",27.8871306,84.9146211,3,निलकण्ठ, tourist_attraction
2224,Madarsha Faizur Rasool ﷺ,"M6W8+8V2, पृथ्वी राजमार्ग, चन्द्रागिरी 44600, नेपाल",27.6958214,85.2170229,0,पृथ्वी राजमार्ग, mosque
2225,Kalu Pandey Museum,"P69F+33V, चन्द्रागिरी 44600, नेपाल",27.7177652,85.2225815,4.3,चन्द्रागिरी, museum
2226,Naubise dhading,"P5C7+34G Regmi madhu niwas, नौबिसे 45100, नेपाल",27.7210279,85.1630481,0,नौबिसे, hindu_temple
2227,कालु पाण्डे समाधि (दहचोक),"P69F+33V, चन्द्रागिरी 44600, नेपाल",27.7177347,85.2226746,4.4,चन्द्रागिरी, monument
2228,धुनीबेंशी,"धुनीबेंशी, नेपाल",27.7175167,85.1624741,,नेपाल, historic_site
2229,स्विजरल्याण्ड पार्क,"P68M+2P6, चन्द्रागिरी 44619, नेपाल",27.7150462,85.2342752,3.9,चन्द्रागिरी, picnic
2230,"Gurdum, Dhunibeshi Municipality Ward No 7","M4WG+H7, नौबिसे 45100, नेपाल",27.6964423,85.1257204,5,नौबिसे, hike
2231,nilkantha shahid park,"WV9J+Q95, Pasupati - Simle - Palpa Sadak, निलकण्ठ 45100, नेपाल",27.919385,84.8809984,3.8,Pasupati - Simle - Palpa Sadak, park
2232,विदेशी जल राज्य,"RW43+FVH, Prithivi Rajmarga, पिडा 45112, नेपाल",27.8061991,84.9047438,3.7,Prithivi Rajmarga, amusement_park
2233,Bijay Church Dhading,"WWJH+M89, निलकण्ठ 45100, नेपाल",27.9316687,84.9283732,5,निलकण्ठ, church
2234,फुर्के खोला धादिंग जाने पुल,"RR2V+QR3 बस बिसौनी, H04, गजुरी, नेपाल",27.801885,84.8445327,3.6,H04, tourist_attraction
2235,Dhading masjid,"WV6R+QWQ, निलकण्ठ 45100, नेपाल",27.9119707,84.8923636,0,निलकण्ठ, mosque
2236,Jurethum View Tower,"निलकण्ठ 45100, नेपाल",27.9080398,84.9363566,3.9,नेपाल, museum
2237,Hari Art Sunchandi,"Bus Ticketing Office, Dhading Besi Rajmarga, निलकण्ठ 45100, नेपाल",27.9111768,84.89258,5,Dhading Besi Rajmarga, art_gallery
2238,Nerude mirmire LBSL Branch Office pashupatidanda,"WV7M+V4V, निलकण्ठ 45100, नेपाल",27.9147454,84.8828097,4.7,निलकण्ठ, hindu_temple
2239,Statue of Sankhadhar Sakhwa,"WV6V+C3C, Dhading Besi Rajmarga, निलकण्ठ 45100, नेपाल",27.9111379,84.8927626,0,Dhading Besi Rajmarga, monument
2240,Simle,"Dhading, Aarughat Road 9, निलकण्ठ 45100, नेपाल",27.9178957,84.8765332,4.9,Aarughat, historic_site
2241,NepalOCNTravel - Best Homestay in Nepal,"Dhading Distric Neelkhanta-12 dhading bensi dhading Neelkhanta-12, 45100, नेपाल",27.9152069,84.9062508,5,45100, trek
2242,Picnic Spot,"VW98+QH, निलकण्ठ 45100, नेपाल",27.8694746,84.9164564,5,निलकण्ठ, picnic
2243,Gurung gau,"Dhading pauwa, निलकण्ठ 45100, नेपाल",27.8907768,84.9090959,5,निलकण्ठ, hike
2244,Malekhu Adventure Beach Resort,"सलांग 45100, नेपाल",27.8094856,84.8181254,4,नेपाल, park
2245,Male Bagar Church,"WV7V+CC2, निलकण्ठ 45100, नेपाल",27.9135375,84.8934162,3.9,निलकण्ठ, church
2246,सिद्धलेक,"सिद्धलेक, नेपाल",27.8434644,84.84567,,नेपाल, tourist_attraction
2247,Amir Khan Jame Masjid,"RQ5F+XV5, घ्याल्चोक 45100, नेपाल",27.8099003,84.7747662,5,घ्याल्चोक, mosque
2248,Third Eye Aqua Hub,"RR4P+7G3, पृथ्वी राजमार्ग, गजुरी 45100, नेपाल",27.805633,84.8362906,0,पृथ्वी राजमार्ग, aquarium
2249,Shiva Temple,"Dhadingbesi Hwy 5, निलकण्ठ 45100, नेपाल",27.9105895,84.88774,4.5,निलकण्ठ, hindu_temple
2250,The Trisuli Centre( Rural Heritage Accommodations),"Dhading 45100, नेपाल",27.809628,84.773085,4.1,नेपाल, picnic
2251,Anubhab magar,"2XJW+6PX, 45100, नेपाल",28.0306063,84.9968514,4.7,45100, park
2252,"नाल्मो झरना, Nalmo Falls","23X3+G94, 45100, नेपाल",28.0487713,85.0534565,5,45100, amusement_park
2253,"Ulang Paticho Mandali, Khaniyabas 2, Jharlang","424F+XF3, झार्लाङ्ग 45100, नेपाल",28.1073681,85.0237024,5,झार्लाङ्ग, church
2254,खनियाबास,"खनियाबास, नेपाल",28.0441086,85.0065717,,नेपाल, tourist_attraction
2255,"गोम्बोङ्जोङ, Gombongjong","22X9+H4, सत्यदेवी 45100, नेपाल",28.0489854,85.017788,5,सत्यदेवी, museum
2256,कोहिनुर एक्युरियम,"Guna Kamdev Marg, काठमाडौँ 44600, नेपाल",27.6998874,85.3042867,4.1,काठमाडौँ, aquarium
2257,बच्छलादेवी मन्दिर,"2XRW+R8X, 45100, नेपाल",28.0421234,84.995862,5,45100, hindu_temple
2258,Guru Rinpoche statue,"227X+M7, किन्तांग 44900, नेपाल",28.0140257,85.0488343,5,किन्तांग, monument
2259,Khaniyabus Piknic Area,"22X7+3P, सत्यदेवी 45100, नेपाल",28.0477027,85.0142827,5,सत्यदेवी, picnic
2260,याब्रा ब्रा,"3225+9WR, 45100, नेपाल",28.0509969,85.0097555,5,45100, hike
2261,गङ्गा जमुना मन्दिर,"3WQ8+353, Baseri 45100, नेपाल",28.0876291,84.9154189,4.6,Baseri, park
2262,सीम‌‍‍‌बर धारा,"3X4W+JG9, 45100, नेपाल",28.0565263,84.996374,5,45100, amusement_park
2263,Choke Church,"32V2+MRV, 45100, नेपाल",28.0942005,85.0020268,5,45100, church
2264,कुमारी माइ कृषि तथा पशुपन्छी फर्म,"R3J8+Q7, दुइपिपल 44900, नेपाल",27.8318843,85.0656598,0,दुइपिपल, zoo
2265,गङ्गाजमुना गाउँपालिका,"3W7C+49M, 45100, नेपाल",28.0628344,84.9209241,4.3,45100, historic_site
2266,Gumba - Ganga Jamuna View Point,"मनबु 45100, नेपाल",28.1053324,84.9062816,5,नेपाल, hike
2267,दिप चौतारा,"Dip Dhading, कल्लेरी 45100, नेपाल",27.8301528,85.0105467,0,कल्लेरी, park
2268,Jeshurun Baptish chruch thakre 01,"Q227+RR4, भूमिस्थान 45100, नेपाल",27.7520215,85.0145813,5,भूमिस्थान, church
2269,गल्छी बगर रेसोर्ट,"R233+6W5, गोगनपानी 45100, नेपाल",27.8030213,85.0048519,3.9,गोगनपानी, tourist_attraction
2270,Lower Chandretar,"V325+74P, रातमाटे 44900, नेपाल",27.8507033,85.0578411,4,रातमाटे, museum
2271,महादेव मन्दिर गल्छी,"R222+GRX, गोगनपानी 45100, नेपाल",27.8013673,85.0020995,3.9,गोगनपानी, hindu_temple
2272,गल्छी,"गल्छी, नेपाल",27.7958244,85.0002668,,नेपाल, historic_site
2273,Galchhi Bazaar,"Q2W2+64C, H04, बैरेनी 45100, नेपाल",27.7958244,85.0002668,3.6,H04, historic_site
2274,Bhanjang,"RX6V+3W, कल्लेरी 45100, नेपाल",27.8101875,84.9948125,4.5,कल्लेरी, hike
2275,Dhading thakre,"P4Q2+GFH, थाक्रे 45100, नेपाल",27.7388154,85.1012477,4.2,थाक्रे, park
2276,Stone Tap/ढुङ्गेधारा,"M9XV+JF8, मध्यपुर ठिमी 44600, नेपाल",27.6990371,85.393706,5,मध्यपुर, amusement_park
2277,थाक्रे गाउँपालिका,"Q328+2P9, पृथ्वी राजमार्ग, थाक्रे 45100, नेपाल",27.7500399,85.0668564,4.9,पृथ्वी राजमार्ग, church
2278,विष्णु कुण्ड,"M9GM+WG3, मध्यपुर थिमि 44600, नेपाल",27.6773034,85.3838113,4.4,मध्यपुर, hindu_temple
2279,थाक्रे,"थाक्रे 45100, नेपाल",27.7388154,85.1012477,,नेपाल, historic_site
2280,Hamro danda,"M97P+8VJ, अनन्तलिङ्गेश्वर, नेपाल",27.6633489,85.3871554,5,अनन्तलिङ्गेश्वर, hike
2281,Hatigauda,"X2F3+97F Dhading, सम्जोंङ 3, नेपाल",27.9734286,85.003177,0,सम्जोंङ, park
2282,Semjong Church,"XXMW+F66, सम्जोंङ 45100, नेपाल",27.9836654,84.99553,5,सम्जोंङ, church
2283,नेत्रावती डबजोङ,"नेत्रावती डबजोङ, नेपाल",27.9565932,84.996119,,नेपाल, tourist_attraction
2284,Tripura Sundari Mai Temple,"Salyankot VDC,Dhading, Nepal, 45100, नेपाल",27.998862,84.8485665,4.3,Dhading, hindu_temple
2285,"Eternal Life Church Jogimara,Dhading","RM3Q+JF5, जोगीमारा 45100, नेपाल",27.8039494,84.6887448,0,जोगीमारा, church
2286,बेनीघाट रोराङ्ग,"बेनीघाट रोराङ्ग, नेपाल",27.7817173,84.8132932,,नेपाल, tourist_attraction
2287,बेनिघाट,"बेनिघाट, नेपाल",27.7923415,84.8046446,,नेपाल, tourist_attraction
2288,"बेनीघाट रोराङ गाउँपालिका, विशालटार","RQ59+7M6, बेनिघाट 45100, नेपाल",27.8081848,84.7691634,4.1,बेनिघाट, tourist_attraction
2289,Foot Bridge,"RR6M+3VG, बेनिघाट 45100, नेपाल",27.8101924,84.8347135,0,बेनिघाट, tourist_attraction
2290,Mahadevsthan Temple,"QRR3+WVJ, बेनिघाट 45100, नेपाल",27.7923415,84.8046446,5,बेनिघाट, hindu_temple
2291,"Chepang Hill Trek, Nepal","जोगीमारा 45100, नेपाल",27.7878384,84.6619053,3.7,नेपाल, trek
2292,थाम भन्ज्याङ पिकनिक मैदान,"PV6H+87J, पिडा 45100, नेपाल",27.7108456,84.8781304,3,पिडा, picnic
2293,Gautar jungle,"RP9W+93J, घ्याल्चोक, नेपाल",27.8184506,84.7451455,5,घ्याल्चोक, hike
2294,Gajuri Punaruthan Church गजुरी चर्च,"पृथ्वी राजमार्ग, 45112, नेपाल",27.8041131,84.8811854,0,45112, church
2295,Dhading Gajuri Rakshing,"QV74+998, गजुरी 45100, नेपाल",27.7634102,84.8559506,5,गजुरी, tourist_attraction
2296,मलेखु पुल,"गजुरी 45100, नेपाल",27.8070017,84.8353298,4,नेपाल, museum
2297,Deep Art,"Gajuri Baazar, 45112, नेपाल",27.8053718,84.8808938,5,45112, art_gallery
2298,Baruwal gaaun,"QV78+926, गजुरी 45100, नेपाल",27.7634019,84.8650054,0,गजुरी, hindu_temple
2299,Gajuri 6 milantar,"QWRM+7C, पिडा 45100, नेपाल",27.7906413,84.9335881,1.5,पिडा, monument
2300,Geo tour ko rukh pulchowk,"QRVJ+QW, बेनिघाट 45100, नेपाल",27.7943835,84.832314,0,बेनिघाट, hike
2301,Dhading salyantar गल्छिनडिल,"XQJV+V55, सल्यानटार, नेपाल",27.9821254,84.7929921,4.5,सल्यानटार, park
2302,Tusal Tikre Dhunge Dhara,"M7J7+QGC, चन्द्रागिरी 44600, नेपाल",27.6826905,85.2637788,5,चन्द्रागिरी, amusement_park
2303,St. Thomas Believers Eastern Church Salyantar Dhading,"XRX6+2QX, सल्यानटार, नेपाल",27.9976003,84.8120122,0,सल्यानटार, church
2304,त्रिपुरा सुन्दरी मन्दिर,"MCFJ+35M, भक्तपुर 44800, नेपाल",27.6726845,85.4304086,4.5,भक्तपुर, mosque
2305,Love Danda (Tripura Sundari Tauthali),"PVQV+GHP, तौथली 45302, नेपाल",27.7388457,85.8939534,5,तौथली, trek
2306,"Ruby Valley, Dhading, Nepal","53HM+2FR, 45100, नेपाल",28.1776034,85.0836344,5,45100, park
2307,Khading presbyterin church in nepal,"5XHV+6G4, 45100, नेपाल",28.1780016,84.9938346,0,45100, church
2308,Hindung (हिन्दुङ्ग),"Hindung,rubivalley-4, नेपाल",28.2159092,85.081403,3,rubivalley-4, tourist_attraction
2309,Tipling Gumba (तिप्लिङ गुम्बा),"54H4+6V3, 45100, नेपाल",28.1779957,85.1071628,2.6,45100, mosque
2310,Ruby Valley,"5375+F6Q, 45100, नेपाल",28.1637243,85.0580965,0,45100, art_gallery
2311,शिव डाँडा रुवि भ्याली,"5374+PVR, 45100, नेपाल",28.1643571,85.0571515,0,45100, hindu_temple
2312,Singla Mane सिङ्ल्ह मने,"4449+WV9, झार्लाङ्ग 45100, नेपाल",28.1072943,85.1197391,4.9,झार्लाङ्ग, hike
2313,Bus park dhankuta,"X8FR+HPR, धनकुटा 56800, नेपाल",26.9739764,87.3417531,4.5,धनकुटा, park
2314,धनकुटा बसपार्क,"Buspark, धनकुटा 7, नेपाल",26.9708455,87.3437001,4,धनकुटा, amusement_park
2315,"Logos Presbyterian Church, Hile-1, Dhankuta","28M7+HF, धनकुटा 56806, नेपाल",27.0362849,87.3119831,5,धनकुटा, church
2316,नमस्ते झरना,"V8GJ+WRQ, V8FJ+HRV Dharan, धनकुटा, नेपाल",26.8739997,87.3320604,4.3,V8FJ+HRV Dharan, tourist_attraction
2317,Yuma Tanjelung,"XC22+3MX, खुवाफोक 56800, नेपाल",26.9502452,87.4017291,5,खुवाफोक, museum
2318,स्वयम आर्ट ग्यालरी,"R7CP+4FX, पृथ्वी पथ, धरान 56700, नेपाल",26.8203665,87.2862404,4,पृथ्वी पथ, art_gallery
2319,Narapateshwar Shiwalaya Mandir(नरपतेश्वर शिवालय मन्दिर),"X8CV+2F4 Bus Station, Dharan Dhankuta Rajmarga, धनकुटा 56800, नेपाल",26.9700101,87.343702,0,Dharan Dhankuta Rajmarga, hindu_temple
2320,Sahid Smarak Stambha,"X8CV+9CJ, Dharan Dhankuta Hwy, धनकुटा 56800, नेपाल",26.9709728,87.3435191,5,Dharan Dhankuta Hwy, monument
2321,Dhankuta tower,"X933+45M, धनकुटा 56800, नेपाल",26.9528305,87.3529303,4,धनकुटा, trek
2322,Pakhribas Picnic Spot,"373G+H4V, पाख्रीवास 56800, नेपाल",27.0539925,87.2752847,4.1,पाख्रीवास, picnic
2323,Sildhunga park,"X8WJ+J7R, धनकुटा 56800, नेपाल",26.9966027,87.3306448,4.7,धनकुटा, park
2324,Thecho United Church,"J87F+62G, dhurikhel, ठेचो 44700, नेपाल",27.6130912,85.322589,5,dhurikhel, church
2325,पञ्च महालक्ष्मी मन्दिर,"PF8C+MR6, चाँगुनारायण 44600, नेपाल",27.7166265,85.4720009,4.3,चाँगुनारायण, hindu_temple
2326,"महालक्ष्मी नगरपालिका वाड नं १, धनकुटा","49JF+P53, Mahalaxmi municipality 56800, नेपाल",27.131752,87.3729074,5,Mahalaxmi, historic_site
2327,महालक्ष्मी नगरपालिका,"4879+CJV, धनकुटा 56800, नेपाल",27.1136134,87.3190223,4.2,धनकुटा, trek
2328,हिले गुम्बा,"28H7+G62, कोशी राजमार्ग, धनकुटा 56806, नेपाल",27.0287511,87.3130093,4.1,कोशी राजमार्ग, mosque
2329,कृषि अनुसन्धान केन्द्र,"पाख्रीवास 56806, नेपाल",27.047596,87.2934383,4.5,नेपाल, zoo
2330,बक्रकुण्ड मन्दिर हिले,"28C5+3VX, धनकुटा 56806, नेपाल",27.0202427,87.309739,4.6,धनकुटा, hindu_temple
2331,"Pakhribas Bazar,Dhankuta","374F+CPC, Unnamed Road, पाख्रीवास 56800, नेपाल",27.0560678,87.2742678,4.8,Unnamed Road, monument
2332,नमस्ते झरना पार्किङ्ग स्थल,"V8GJ+WPP, कोशी राजमार्ग, भेडेटार 56800, नेपाल",26.8773253,87.331835,4.3,कोशी राजमार्ग, park
2333,Jharna,"VCGJ+HF5, राजारानी 56800, नेपाल",26.876382,87.4312347,3.9,राजारानी, amusement_park
2334,Anugraha Kamphek Church,"V83H+QP3 Rajarani - Rabi - Ranke, भेडेटार 56804, नेपाल",26.8543789,87.3292952,0,भेडेटार, church
2335,साँगुरीगढी,"V893+J45, भेडेटार 56700, नेपाल",26.869017,87.30286,4.4,भेडेटार, tourist_attraction
2336,निशान भगवती मन्दिर,"X8GV+49Q, Hulak Tole & Thadobazar Street, धनकुटा 56800, नेपाल",26.9753451,87.3434929,4.5,Hulak Tole & Thadobazar Street, hindu_temple
2337,Chuliban Deurali and Mangdinpakha Community Forest,"X85X+PG2, Unnamed Road, धनकुटा 56800, नेपाल",26.9592606,87.3487772,4.4,Unnamed Road, hike
2338,Hile Church,"Dordi Rural Municipality Ward No 9, Taksaar, 56806, नेपाल",27.0354155,87.3170379,5,Taksaar, church
2339,छथर जोरपाटी,"छथर जोरपाटी, नेपाल",27.0559613,87.3665071,,नेपाल, tourist_attraction
2340,Bagaret बगरेट,"XFV4+42, पञ्चकन्या पोखरी 57500, नेपाल",26.9928412,87.4550034,0,पञ्चकन्या, museum
2341,Fender pets Aquarium shop,"Unnamed Road, गोकर्णेश्वर 44600, नेपाल",27.7183825,85.3822816,4.9,गोकर्णेश्वर, aquarium
2342,Tongba Chowk,"28H7+F5Q, कोशी राजमार्ग, धनकुटा 56806, नेपाल",27.0287,87.313,4.2,कोशी राजमार्ग, monument
2343,D Tar डि टार कुरुले / चौबिसे ४ धनकुटा Dhankuta,"D Tar डि टार कुरुले / चौबिसे ४, नेपाल",26.9819678,87.4889075,5,नेपाल, park
2344,Pani Kuwa,"XF2R+F2X, कुरुले तेनुपा 57500, नेपाल",26.9512452,87.4901086,0,कुरुले, amusement_park
2345,PRASANSA CHURCH TODKE,"VGV9+P3, मुढेबास 56800, नेपाल",26.894456,87.5187034,0,मुढेबास, church
2346,"जनजाति संग्रालय, चौविसे- ७","WC2Q+WFR, मौनाबुधुक 56800, नेपाल",26.9023666,87.4386467,4,मौनाबुधुक, museum
2347,भूकम्प स्मारक,"R76P+Q4X, धरान 56700, नेपाल",26.81199,87.2853496,4,धरान, monument
2348,चौविसे,"चौविसे, नेपाल",26.9073419,87.4418454,,नेपाल, historic_site
2349,Sagurigadhi Picnic Park,"W9CJ+5RW, खुवाफोक 56800, नेपाल",26.9204874,87.3820736,5,खुवाफोक, picnic
2350,Dhankuta,"W5WR+7V6, छिन्ताङ 56800, नेपाल",26.945655,87.192136,4.5,छिन्ताङ, park
2351,SAHIDBHUMI GAUNPALIKA SAHID GATE,"X7HC+3VG, आँखिसल्ला 56800, नेपाल",26.9777,87.2722,4.2,आँखिसल्ला, museum
2352,Sushil art center,"X8HV+59H, Sharki Tole Street, धनकुटा 56800, नेपाल",26.9779327,87.3434835,4.8,Sharki Tole Street, art_gallery
2353,सहिदभूमि,"सहिदभूमि, नेपाल",26.9671865,87.2490238,,नेपाल, historic_site
2354,"कोइला खानी, साघुरीगढी धनकुटा (Coal Mine Saghurigadhi, Dhankuta)","V6V4+5RW, आहाले 56800, नेपाल",26.8929976,87.2070797,0,आहाले, trek
2355,Thadi Pokhari,"Basahiya-24, जनकपुर, नेपाल",26.6938355,85.9074526,3,जनकपुर, amusement_park
2356,Al-Jamiatul Hanafiatul Ghausia Mosque,"PWHG+X28, जानकी मंदिर मार्ग, जनकपुर 45600, नेपाल",26.7299182,85.9250859,4.4,जानकी मंदिर मार्ग, mosque
2357,"IT park, Janakpur","PW96+VG2, जनकपुर 45600, नेपाल",26.7196441,85.9112687,3.7,जनकपुर, zoo
2358,Temple,"PV4R+8WV, जनकपुर 45700, नेपाल",26.7058624,85.8922904,4.8,जनकपुर, hindu_temple
2359,विद्यापति स्मारक,"PWCH+M9V, परिक्रमा सडक, जनकपुर 45600, नेपाल",26.7217422,85.9284071,4.3,परिक्रमा सडक, monument
2360,52 Bigha,"PWRV+GVX, जनकपुर 45600, नेपाल",26.7413518,85.9447239,4.2,जनकपुर, historic_site
2361,janakpur dham bela23,"PWGR+V73, जनकपुर 45600, नेपाल",26.7271466,85.9406745,0,जनकपुर, trek
2362,"Mahendranagar, Madesh Pradesh","VX67+P3F, छिरेश्वरनाथ 45600, नेपाल",26.8618036,85.9626829,0,छिरेश्वरनाथ, church
2363,Harsar10,"RXFH+C35, छिरेश्वरनाथ 45600, नेपाल",26.8235241,85.9777228,3.7,छिरेश्वरनाथ, tourist_attraction
2364,छिरेश्वरनाथ,"छिरेश्वरनाथ 45600, नेपाल",26.8694656,85.9815339,,नेपाल, tourist_attraction
2365,क्षिरेश्वरनाथ,"क्षिरेश्वरनाथ, 45600, नेपाल",26.8694456,85.9815259,,45600, tourist_attraction
2366,"Noori Jama Masjid, Kuchai Tole","VX78+3WJ, छिरेश्वरनाथ 45600, नेपाल",26.8633357,85.9674327,5,छिरेश्वरनाथ, mosque
2367,NITESH PASUPALAN,"छिरेश्वरनाथ 45600, नेपाल",26.8778305,85.9913299,0,नेपाल, zoo
2368,Sandhya digital photo studio & computer press,"Dhulikhel Sindhuli Bhittamod Rajmarg, छिरेश्वरनाथ 45600, नेपाल",26.8664474,85.9641723,5,छिरेश्वरनाथ, art_gallery
2369,Dhanusha Mahendranagar,"VX46+XJX, छिरेश्वरनाथ 45600, नेपाल",26.8574875,85.961639,3,छिरेश्वरनाथ, hindu_temple
2370,Church,"V4M8+W2M, गणेशमान चारनाथ 45600, नेपाल",26.884854,86.1150029,4.5,गणेशमान, church
2372,Gangapur-3 masjid,"V3GJ+4P9, Ganeshman Charnath, Gangapur 3, नेपाल",26.8752852,86.0818086,0,Ganeshman Charnath, mosque
2373,Ganesh Art,"Hospital Chowk tinkono Park Dekhi dachhin dachhinLahan, नेपाल",26.7081608,86.4906393,4,नेपाल, art_gallery
2374,गणेशमान चारनाथ,"गणेशमान चारनाथ, नेपाल",26.9554568,86.1140892,,नेपाल, historic_site
2375,GANESHU PALACE WHITE HOUSE,"Papermill Road, छिरेश्वरनाथ 45600, नेपाल",26.8580278,85.9592966,4.7,छिरेश्वरनाथ, historic_site
2376,धनुषाधाम,"धनुषाधाम 45600, नेपाल",26.8711866,86.0427626,,नेपाल, historic_site
2377,धनुषा जिल्ला,"धनुषा जिल्ला, नेपाल",26.8350474,86.0121573,,नेपाल, historic_site
2378,शाह मार्ग धनुषा धाम ५ नोउसय बिगहा,"V28J+38G, धनुषाधाम 45600, नेपाल",26.8651969,86.0308262,0,धनुषाधाम, historic_site
2379,Cultural Village,"V2CV+F4C, धनुषाधाम 45600, नेपाल",26.8711866,86.0427626,3.5,धनुषाधाम, historic_site
2380,धनुषाधाम,"धनुषाधाम, 45600, नेपाल",26.8712277,86.0427272,,45600, historic_site
2381,Dhanusha Dham,"R3J5+GCF, धनुषाधाम 45600, नेपाल",26.8311901,86.0585534,0,धनुषाधाम, historic_site
2382,लांकुरी भन्ज्याड,"MGRJ+259, Unnamed Road, टुकुचा नाला 44812, नेपाल",27.6900445,85.5304874,4.5,Unnamed Road, tourist_attraction
2383,Jama Masjid,"JWVP+V2R, Unnamed Road, लगमागढागुठी 45600, नेपाल",26.6447369,85.9350572,5,Unnamed Road, mosque
2384,Hindu Temple,"JQW6+C59, नैन्ही 45700, नेपाल",26.6454538,85.7608334,5,नैन्ही, hindu_temple
2385,Jogendra Memorial Medical Hospital(P.H.C),"Bus Station, Umgaon, Naharniya Road, Kasera, Bihar 847225, भारत",26.611829,85.970593,0,Umgaon, monument
2386,Dhanpal Gadhi Jungle,"H9XW+32H, बनिगामा रोड, बेलवारी 56600, नेपाल",26.5976796,87.395103,4.7,बनिगामा रोड, historic_site
2387,नाङ्गो डाँडा,"W4F9+M2, चारघरे 44900, नेपाल",27.9241649,85.1175287,5,चारघरे, hike
2388,Paudeswor Bodil,"PXJQ+M9G, पौडेश्वर 45600, नेपाल",26.7316839,85.988455,0,पौडेश्वर, amusement_park
2389,jhitakahiya masjid,"P2H9+P63, पौडेश्वर 45600, नेपाल",26.7292564,86.0180381,4.7,पौडेश्वर, mosque
2390,श्री शिव मन्दिर,"Hanspur-08, झटियाही 45600, नेपाल",26.777063,86.0534028,5,झटियाही, hindu_temple
2391,शिव मन्दिर,"R259+76X, मिथिलेश्वर निकास 45600, नेपाल",26.8082262,86.0181119,4.2,मिथिलेश्वर, monument
2392,Dhulla,"PFJ7+96M, शङ्खरापुर 44600, नेपाल",27.7309713,85.4630542,4.9,शङ्खरापुर, historic_site
2393,Picnic place,"Q2FQ+J6, सुगा निकास 45600, नेपाल",26.7740932,86.0380946,4.5,सुगा, picnic
2394,जनमैत्री पार्क (पेप्सीकोला टाउन प्लान),"गौरीपुत्र मार्ग, काठमाडौँ 44600, नेपाल",27.6920404,85.364882,4.2,काठमाडौँ, park
2395,St. John Believers Eastern Church,"Gangalal Marg 7, काठमाडौँ 44600, नेपाल",27.7184327,85.3870511,5,काठमाडौँ, church
2396,"Jama Masjid Ahle Hadis Sabaila-08,Thillaجامع مسجد اهلحديث ٹھیلا","baraka masjid Road, सबैला 45600, नेपाल",26.7853221,86.0973627,4.4,सबैला, mosque
2397,Wonderland,"RXC2+38Q, Dhulikhel Sindhuli Bhittamod Rajmarg, छिरेश्वरनाथ 45600, नेपाल",26.8193724,85.9497484,0,Dhulikhel Sindhuli Bhittamod Rajmarg, amusement_park
2398,Prerit Church Tetariya. ⛪✝️,"PXPC+P22, मानसिंहपट्टी 45600, नेपाल",26.7367626,85.9700167,0,मानसिंहपट्टी, church
2399,MOHAMMED AL AMIN MASJID,"Unnamed Road, 45600, नेपाल",26.7491972,85.9525767,5,45600, mosque
2400,Mithila Bihari Municipality,"QXMR+J7Q, Janakpur to Dhanusha Dham Road, तारापट्टी सिरसिया 45600, नेपाल",26.7840668,85.9907356,4.2,Janakpur to Dhanusha Dham Road, monument
2401,"Cultural Village, Mithila, Nepal","2 (Purandaha, जनकपुर 45600, नेपाल",26.800725,86.0027007,4.4,जनकपुर, historic_site
2402,Saraswati Park,"M3JF+XHH, भिमेश्वर नगरपालिका 45500, नेपाल",27.6824361,86.0739758,4.6,भिमेश्वर, park
2403,Righteousness Healing Church,"M3JC+995, भिमेश्वर नगरपालिका 45500, नेपाल",27.68088,86.0709852,0,भिमेश्वर, church
2404,भिमेश्वर नगरपालिका,"भिमेश्वर नगरपालिका, नेपाल",27.6693233,86.0427626,,नेपाल, aquarium
2405,Bhimeshwor Temple Dolakha,"M3HG+G5J, भिमेश्वर नगरपालिका 46649, नेपाल",27.6779881,86.0764512,5,भिमेश्वर, historic_site
2406,Charikot dolakha,"M382+J4X, भिमेश्वर नगरपालिका 45500, नेपाल",27.6666634,86.0458727,4.4,भिमेश्वर, historic_site
2407,Puranche Dolakha,"M3HG+579, भिमेश्वर नगरपालिका 45500, नेपाल",27.6779065,86.0757436,5,भिमेश्वर, historic_site
2408,चरिकोट,"चरिकोट, भिमेश्वर नगरपालिका 45500, नेपाल",27.6666123,86.0504111,,भिमेश्वर, historic_site
2409,Bhimeshwor Mandir,"G3CC+2R3, मेलुङ 45500, नेपाल",27.5200169,86.072037,4.7,मेलुङ, historic_site
2410,Picnic Spot,"M2HW+H6, भिमेश्वर नगरपालिका 45500, नेपाल",27.6789662,86.0455991,5,भिमेश्वर, picnic
2411,Hatichahara,"P2M3+6HV, भिमेश्वर नगरपालिका, नेपाल",27.7331006,86.0039163,5,भिमेश्वर नगरपालिका, hike
2412,Stone Park,"जिरी 45500, नेपाल",27.6448639,86.3095604,4.4,नेपाल, park
2413,जिरी शालोम एजी चर्च,"J6QH+7WV, Serakapti Rd, जिरी 45500, नेपाल",27.6382812,86.2298038,5,Serakapti Rd, church
2414,चेरदुङ हिल जिरी,"M7H3+QW5, जिरी 45500, नेपाल",27.6793867,86.2548713,4.9,जिरी, mosque
2415,Dolakha,"J6GG+XCV, जिरी 45500, नेपाल",27.6274422,86.2259772,4,जिरी, art_gallery
2416,जिरी,"जिरी 45500, नेपाल",27.6275504,86.2260131,,नेपाल, art_gallery
2417,Kalinchok Temple High Camp,"Q24M+VMP, Kalinchok Marg, घोर्थली, नेपाल",27.7572198,86.0341984,4.6,Kalinchok Marg, park
2418,कालिञ्चोक केबलकार स्टेशन,"Q22J+2MG, Kalinchok Marg, Kuri Village, नेपाल",27.7500532,86.0316962,4,Kalinchok Marg, amusement_park
2419,Lapilang church,"P2XP+729 village, RM5 kotethali, नेपाल",27.7481546,86.035113,0,RM5 kotethali, church
2420,श्री कालिन्चोक भगवती मन्दिर,"Q25M+4CH, Kalinchok Marg, Kuri Village, नेपाल",27.7578061,86.0336016,4.6,Kalinchok Marg, mosque
2421,Dolakha Kalinchowk Resort,"Kalinchwok Rd, Kuri Village, नेपाल",27.7453833,86.0315853,4.3,Kuri Village, aquarium
2422,Kuri Village,"P2WJ+WQM, Kuri Village, नेपाल",27.7473318,86.0319253,4.5,Kuri Village, historic_site
2423,Bagkhor(बाघखाेर),"G364+F69, मेलुङ 45500, नेपाल",27.5111676,86.0556128,5,मेलुङ, park
2424,मेलुङ,"मेलुङ 45500, नेपाल",27.511845,86.0682532,,नेपाल, tourist_attraction
2425,मेलुङ गाउँपालिका कार्यालय,"G3Q2+RJM, मेलुङ 45500, नेपाल",27.539585,86.0515269,4.8,मेलुङ, mosque
2426,"Ward 6 Office, Melung Rural Municipality","G369+P8J, मेलुङ 45500, नेपाल",27.511845,86.0682532,0,मेलुङ, mosque
2427,उप्रेति इतिहास संग्रहालय शैलुङ दाेलखा,"H2QW+6MJ, पवटी 45500, नेपाल",27.5880845,86.0466264,3.7,पवटी, museum
2428,Jaleshwori Mai Mandir and Mahadev Mahadev Mandir Sallekhet Melung Dolakha,"G25V+4RF, डाँडाखर्क 45500, नेपाल",27.5078195,86.0445507,0,डाँडाखर्क, hindu_temple
2429,Enduro Trail,"JRXV+93, लिसंखु, नेपाल",27.6484088,85.84269,0,लिसंखु, hike
2430,Bigu Gumba,"45500, नेपाल",27.8462481,86.0748982,5,नेपाल, park
2431,Thamichagu Church,"Q3XR+6XP, बिगु 45500, नेपाल",27.7980787,86.0924408,0,बिगु, church
2432,बिगु,"बिगु 45500, नेपाल",27.84,86.06,,नेपाल, tourist_attraction
2433,Navajoti Animal's farm,"Unnamed Road, 45200, पाँचखाल 45200, नेपाल",27.6141805,85.6636264,0,45200, zoo
2434,Daulang mahadab,"R3R6+222, बिगु 45500, नेपाल",27.84,86.06,0,बिगु, hindu_temple
2435,GCAP,"Bigu rural municipality-4, सिंगटी 45500, नेपाल",27.7365813,86.1670852,4.8,सिंगटी, mosque
2436,गौरीशंकर चलचित्र मन्दिर,"M26X+9XW, लामोसाँघु-रामेछाप राजमार्ग, भिमेश्वर नगरपालिका 45500, नेपाल",27.660981,86.0499399,4.3,लामोसाँघु-रामेछाप राजमार्ग, mosque
2437,Tiger Encounter,"अमृत मार्ग, काठमाडौँ 44600, नेपाल",27.7160176,85.312794,5,काठमाडौँ, zoo
2438,Scales And Fins petshop.,"Road 44600, काठमाडौँ 44600, नेपाल",27.6971829,85.3501806,4,काठमाडौँ, aquarium
2439,Pani sansar,"27, 44600, नेपाल",27.7101947,85.313403,4.4,44600, aquarium
2440,"Gaurishankar Conservation Area Liaison Office, Charikot,Dolakha (गाैरीशंकर संरक्षण क्षेत्र सम्पर्क कार्यालय,चरिकाेट,दाेलखा)","M2CQ+2J3, लामोसाँघु-रामेछाप राजमार्ग, भिमेश्वर नगरपालिका 45500, नेपाल",27.6700006,86.0390613,4.5,लामोसाँघु-रामेछाप राजमार्ग, art_gallery
2441,गौरी शंकर,"गौरी शंकर, नेपाल",27.9004027,86.357952,,नेपाल, art_gallery
2442,Gaurishankar Art & Publicity,"P85F+CG2, धोबी धारा मार्ग, काठमाडौँ 44600, नेपाल",27.7085238,85.3237397,0,धोबी धारा मार्ग, art_gallery
2443,Gaurishankar Temple,"P7JR+2JW, काठमाडौँ 44600, नेपाल",27.7301034,85.2915701,4,काठमाडौँ, hindu_temple
2444,गौरीशङ्कर,"गौरीशङ्कर, नेपाल",27.9003962,86.3578575,,नेपाल, historic_site
2445,गौरीशंकर,"गौरीशंकर, नेपाल",26.9792175,85.7153754,,नेपाल, historic_site
2446,"गौरीशंकर गाउँपालिका-३, डाँडाखर्क, दोलखा","M6W2+RP4, जुगु 45500, नेपाल",27.6970233,86.2018264,0,जुगु, historic_site
2447,"Adventure Gaurishankar - Nepal Trekking, Tour & Expedition Specialist","Maitri Marg, काठमाडौँ 44602, नेपाल",27.7173349,85.3428844,0,काठमाडौँ, trek
2448,Hattijunge Waterfall - हात्तीजुङ्गे झरना,"V68F+R7, गौरी शंकर 45500, नेपाल",27.8669765,86.2228828,4.8,गौरी, hike
2449,विश्वासीहरूलाई चर्च,"J4VM+V5C, मैनापोखरी 45500, नेपाल",27.6445629,86.1328798,4.5,मैनापोखरी, church
2450,वैतेश्वर,"वैतेश्वर, 45500, नेपाल",27.632402,86.1022004,,45500, tourist_attraction
2451,MDS MUSEUM AND AGRO FARMING,"Q888+H6R, तारकेश्वर 44600, नेपाल",27.7664537,85.3154909,3.9,तारकेश्वर, museum
2452,Pukhurcha tole,"M3GF+HCF, भिमेश्वर नगरपालिका 45500, नेपाल",27.6764285,86.0735479,5,भिमेश्वर, historic_site
2453,Sokla Rock Climbing Trail,"M37M+PF6, भिमेश्वर नगरपालिका 45500, नेपाल",27.6642854,86.0836339,5,भिमेश्वर, hike
2454,Sailung शैलुङ dolakha,"HX7G+CP, डढुवा 45500, नेपाल",27.5635784,85.9768675,4.7,डढुवा, park
2455,"Mini Great Wall, Shailung","HXFG+QHC, दुधपोखरी 45500, नेपाल",27.5744374,85.976377,4.5,दुधपोखरी, tourist_attraction
2456,Pathibhara @Sailung,"HXCH+54, शैलुङेश्वोर 45500, नेपाल",27.5704422,85.9778113,5,शैलुङेश्वोर, hindu_temple
2457,"Lakheba, thulopatal","H5Q8+VP7, जिरी 45500, नेपाल",27.589671,86.1668082,5,जिरी, park
2458,तार्के धारा,"H442+XGQ, जफे 45500, नेपाल",27.5574676,86.1013716,5,जफे, amusement_park
2459,तामाकोशी नदी,"तामाकोशी नदी, नेपाल",27.650948,86.0879362,4.4,नेपाल, tourist_attraction
2460,तामाकोशी,"तामाकोशी, नेपाल",27.5444046,86.1298286,,नेपाल, mosque
2461,Archis gallery,"M27X+W7P, चरिकोट - लामबगर सडक, भिमेश्वर नगरपालिका 45500, नेपाल",27.6647098,86.0483172,5,चरिकोट - लामबगर सडक, art_gallery
2462,तामाकोशी पुल,"J3CH+3G6, लामोसाँघु-रामेछाप राजमार्ग, भिमेश्वर नगरपालिका 45500, नेपाल",27.6201711,86.0787754,4.3,लामोसाँघु-रामेछाप राजमार्ग, monument
2463,"तौथलि, सिन्धुपल्चोक जाने बाटो","PW4P+VJ, तौथली, नेपाल",27.7071843,85.9365378,3.9,तौथली, historic_site
2464,Himalayan Spirit Academy,"TAMAKOSHI-3, जफे, नेपाल",27.550604,86.0993029,4,जफे, trek
2465,Pharpu picnic sport,"45400, नेपाल",27.4782695,86.1439811,5,नेपाल, picnic
2466,तिलेली गैरा,"2PW9+9C, लिखु 21400, नेपाल",29.0459428,82.7185512,0,लिखु, park
2467,Piple Church,"HMQV+7C3, पिप्ले 44202, नेपाल",27.5881779,84.6935528,4.4,पिप्ले, church
2468,Dunai,"XV2V+VHJ, दुनै 21400, नेपाल",28.9522718,82.8938781,4.5,दुनै, tourist_attraction
2469,Dunai,"WVXX+8CP, दुनै 21400, नेपाल",28.9483381,82.8985878,3.5,दुनै, tourist_attraction
2470,शिव मन्दिर,"XV4R+9WH Guide to 1, Dunai Heliport, दुनै 21400, नेपाल",28.9559297,82.8923473,0,Dunai Heliport, hindu_temple
2471,Upper Dolpo Circuit Trek,"XRJC+397, जुफाल 21400, नेपाल",28.9801526,82.820925,4.7,जुफाल, trek
2472,दुनै,"दुनै 21400, नेपाल",28.8815938,82.8855961,,नेपाल, hike
2473,"Shey Phoksundo National Park office, Suligad","XVGJ+M3M, रह 21400, नेपाल",28.9767242,82.8801804,4.7,रह, park
2474,Way to natural warm water.,"XVF8+5QH, दुनै 21400, नेपाल",28.9729344,82.8669873,1,दुनै, amusement_park
2475,Holy Bride Church,"MRPG+5P4, रन्मामैकोट 22000, नेपाल",28.6853906,82.8268155,0,रन्मामैकोट, church
2476,ठूली भेरी,"ठूली भेरी, नेपाल",28.9553986,82.8927465,,नेपाल, tourist_attraction
2477,THINLEY LHUNDUP LAMA MEMORIAL STUPA,"3V5V+WV, फोक्सुण्डो 21400, नेपाल",29.0597583,82.8947306,3,फोक्सुण्डो, monument
2478,Upper Dolpo Trek,"XR96+X2R, जुफाल 21400, नेपाल",28.97,82.81,4,जुफाल, trek
2479,"Ranga Village ,Dolpa","2Q56+M9, सुँहु 21400, नेपाल",29.0092053,82.7609596,5,सुँहु, park
2480,बाला त्रिपुरासुन्दरी मन्दिर,"2QGP+45Q, त्रिपुराकोट 21400, नेपाल",29.0253284,82.785472,4.7,त्रिपुराकोट, church
2481,त्रिपुरासुन्दरी,"त्रिपुरासुन्दरी, 21400, नेपाल",29.0259972,82.7752977,,21400, tourist_attraction
2482,"दापु, Daapu","2PQV+FQ, लिखु 21400, नेपाल",29.0387296,82.7443,0,लिखु, museum
2483,Dolpo Zhur monastery,"552C+QRG, धो 21400, नेपाल",29.151949,83.1720812,5,धो, church
2484,डोल्पो बुद्ध,"डोल्पो बुद्ध, नेपाल",29.128279,83.1867694,,नेपाल, tourist_attraction
2485,"Jagadulla,Dolpa","4GJ9+4R2, रिमी पैदालमार्ग, रिमी 21400, नेपाल",29.1302696,82.5195038,5,रिमी पैदालमार्ग, park
2486,I lan joyti church.jajarkot.chepka,"Q7QW+45, डाँडागाउँ, नेपाल",28.7878015,82.2954545,5,डाँडागाउँ, church
2487,Jagadulla Taal,"6HX7+7HC, काइगाउँ 21400, नेपाल",29.2481846,82.5638926,4.6,काइगाउँ, tourist_attraction
2488,बलाङचौर,"3MHC+PP, पहाडा 21400, नेपाल",29.0793591,82.6718016,0,पहाडा, zoo
2489,Mahadev or Shiva Temple,"3,thapagaun, काइगाउँ, नेपाल",29.125451,82.5757154,5,thapagaun, hindu_temple
2490,जगदुल्ला,"जगदुल्ला, 21400, नेपाल",29.1316861,82.5204359,,21400, historic_site
2491,Jagadulla Khola-Thuli Bheri Confluence,"XHQH+JW7, कालिका 21400, नेपाल",28.9899692,82.579932,4,कालिका, park
2492,"Maurey Lekh,Jumla-Dolpa Border","5F6J+96M, गुठीचौर 21400, नेपाल",29.1611237,82.480369,5,गुठीचौर, tourist_attraction
2493,मुड्केचुला,"मुड्केचुला, 21400, नेपाल",29.0197191,82.5516914,,21400, mosque
2494,Mid Point of Greater Nepal,"Mid, नायकबाडा, नेपाल",29.0164923,82.3885783,0,नायकबाडा, museum
2495,चुगाउ डोल्पा,"2QM7+225, लिखु 21400, नेपाल",29.032524,82.7625968,5,लिखु, historic_site
2496,"चुगाड,डोल्पा","2QHF+7R3, पहाडा 21400, नेपाल",29.0281478,82.7745346,5,पहाडा, hike
2497,Pingal park,"J869+4G3, Thecho outer road west, ठेचो 44700, नेपाल",27.6102658,85.3187926,4.3,Thecho outer road west, park
2498,silgadhi doti,"district administration office, दिपायल सिलगढी 10800, नेपाल",29.26643,80.9826519,4.6,दिपायल, amusement_park
2499,ANUGRAH CHURCH,"6WWQ+297, दिपायल सिलगढी 10800, नेपाल",29.245017,80.9383925,5,दिपायल, church
2500,डोटी दरबार,"दिपायल सिलगढी 10800, नेपाल",29.2561883,80.9458852,4.6,नेपाल, tourist_attraction
2501,दिपायल सिलगढी,"दिपायल सिलगढी 10800, नेपाल",29.2604745,80.9318332,,नेपाल, tourist_attraction
2502,जंला द्यो Harisiddhi Temple 𑐖𑑄𑐮𑐵 𑐡𑑂𑐫𑑅 𑐠𑐶𑐩𑐶 𑐩𑐴𑐾𑐱𑑂𑐰𑐬𑐷,"M9JP+964 Chapaa-Cho Tole Bus Stop, मध्यपुर थिमि 44600, नेपाल",27.6809072,85.3854611,5,मध्यपुर, hindu_temple
2503,Silgadhi-Goldeula Hiking Route,"8XHC+Q36, दौद 10800, नेपाल",29.3294172,80.9701372,3.7,दौद, trek
2504,Rampurwa Mosque,"6X88+MM7 Mosque, रामपुरुवा 10800, नेपाल",29.216667,80.966667,0,रामपुरुवा, mosque
2505,Luwakhadi Mandir,"Shikhar MP-6, Luwakhadi Bridge, नेपाल",29.2851139,80.8558406,5,Luwakhadi Bridge, hindu_temple
2506,Muna memorial academy dehimandu doti,"8VRC+879, देहिमाडू 10800, नेपाल",29.3407912,80.8707362,3.7,देहिमाडू, monument
2507,शिखर,"शिखर, 10800, नेपाल",29.2925845,80.7876898,,10800, historic_site
2508,Shikhar-तेलेलेक,"जिजोमाण्डौ 10800, नेपाल",29.2005499,80.7091892,5,नेपाल, historic_site
2509,Basipukhu Peace Park,"M9JM+JVM, मध्यपुर थिमि 44600, नेपाल",27.6815876,85.3846733,3.6,मध्यपुर, park
2510,Chaukhutte church,"Chaukhutte, सानागाउँ 10800, नेपाल",29.2602172,81.0999817,0,सानागाउँ, church
2511,"Charkya lake,Doti","82J6+5W, झिक्राना 10800, नेपाल",29.330492,81.0123112,3.7,झिक्राना, tourist_attraction
2512,Masjid (Mosque) Birtiprastoka,"X6WX+4VG, बिर्तिप्रस्टोका 44500, नेपाल",26.9952919,85.2497621,5,बिर्तिप्रस्टोका, mosque
2513,बासुधारा मालीका ।,"83V8+PR2, 10800, नेपाल",29.344255,81.0670253,0,10800, hindu_temple
2514,पूर्वीचौकी,"पूर्वीचौकी, नेपाल",29.2778693,81.0404935,,नेपाल, historic_site
2515,Dawa pound,"52J6+JG, बासुदेवी 10800, नेपाल",29.1815513,81.0113067,5,बासुदेवी, trek
2516,Sajghat picnic sport,"73H2+PQ, सानागाउँ 10800, नेपाल",29.2793167,81.0519576,0,सानागाउँ, picnic
2517,सुर्खेत-डोटी-कैलाली जिल्ला त्रिविन्दु,"WXQJ+HC, लगाम, नेपाल",28.9389008,80.9811208,0,लगाम, park
2518,"Badikedar,Doti ठूला केदार धार्मिक स्थल","3WGF+3MP, 10800, नेपाल",29.0752064,80.9241973,4.7,10800, church
2519,बडीकेदार,"बडीकेदार, 10800, नेपाल",29.0067049,80.7508896,,10800, tourist_attraction
2520,"Babantak,jaskoda,dhanadi,lindado,ratoda","4QJJ+CP5, तिजाली गा वि स 10800, नेपाल",29.1310079,80.7818716,0,तिजाली, park
2521,Emmanuel Church,"3HR7+8CM, बुडर 10800, नेपाल",29.0908213,80.5635006,0,बुडर, church
2522,लामिताल,"5PMG+8HH, जिजोमाण्डौ 10800, नेपाल",29.1833117,80.7264984,5,जिजोमाण्डौ, tourist_attraction
2523,शिव मन्दिर,"2P4W+95W, 10800, नेपाल",29.0059802,80.7454384,5,10800, hindu_temple
2524,जोरायल,"जोरायल, 10800, नेपाल",29.1121217,80.6812388,,10800, monument
2525,जोरयाल गाउँपालिका कार्यालय,"4M7M+Q24, Katomato 10800, नेपाल",29.1143999,80.6825928,3.3,Katomato, monument
2526,जोरायल,"जोरायल, नेपाल",29.1138746,80.6706648,,नेपाल, historic_site
2527,Khaptad National Park Entry gate,"82RW+F55, झिक्राना 10800, नेपाल",29.3409981,81.046105,0,झिक्राना, park
2528,सायल गाउँ पालिका ०४ भल्मा डोटी,"9259+23J, दौद 10800, नेपाल",29.3575796,81.0176538,3.4,दौद, tourist_attraction
2529,Sarapa Tol Big Mosque Nepal,"पूर्व पश्चिम राजमार्ग 4, मैनासहश्रबाहु 56400, नेपाल",26.6263654,86.628211,3.8,मैनासहश्रबाहु, mosque
2530,पातल सामुदायिक वन पातल,"CPX7+XCQ, सिगास 10200, नेपाल",29.4499721,80.7136157,5,सिगास, museum
2531,कालिका मन्दिर,"8X52+82, दिपायल सिलगढी 10800, नेपाल",29.3082733,80.9501239,5,दिपायल, hindu_temple
2532,sayal doti,"9223+MFV, दौद 10800, नेपाल",29.3517376,81.0036821,3.7,दौद, monument
2533,Doti ghogatal,"8WXX+279, 10800, नेपाल",29.3475281,80.9482227,4.5,10800, historic_site
2534,सायल,"सायल, नेपाल",29.3475281,80.9482227,,नेपाल, historic_site
2535,Aadarsha park,"HQ2R+R64, दाउन्ने देवी मार्ग, बर्दघाट 33007, नेपाल",27.5509032,83.7904038,4.3,दाउन्ने देवी मार्ग, park
2536,DTS service,"गोदावरी 44709, नेपाल",27.6134557,85.3651795,0,नेपाल, church
2537,Guide of Nepal | Hiking Guide,"Near overland Trek Nepal pvt. Ltd, पकनाजोल मार्ग 16, काठमाडौँ 44600, नेपाल",27.7137475,85.3083166,5,पकनाजोल, trek
2538,"Ki Singh 4 wayal,doti. Shiva Temple","5X57+GJH, 10800, नेपाल",29.1588135,80.9641495,3.8,10800, mosque
2539,नेपाल पैदल यात्रा टोली प्रा। लिमिटेड,"Nayabazar 16, Kathmandu, नेपाल",27.7188945,85.3060132,4.9,Kathmandu, trek
2540,सुर्खेत-डोटी-अछाम त्रिविन्दु,"X483+7H5, लगाम 10700, नेपाल",28.9655484,81.1037058,0,लगाम, park
2541,Kamatoli masjid,"GV3G+FF7, सुरुङ्गा- झापा सडक, टाघनडुब्बा 57200, नेपाल",26.5036692,87.8761929,3.9,सुरुङ्गा- झापा सडक, mosque
2542,Bari,"5WGC+MG, भुमिराजमडौ 10800, नेपाल",29.1766826,80.9213635,0,भुमिराजमडौ, museum
2543,Bogatan Risedi Kot,"6V2X+6FJ, दिपायल सिलगढी 10800, नेपाल",29.200598,80.8986502,0,दिपायल, museum
2544,Kundol Bhagawati Temple,"M9MV+6VH, नयाँ सडक, मध्यपुर थिमि 44600, नेपाल",27.6830521,85.3947283,4.2,नयाँ सडक, hindu_temple
2545,"बोगटान फुड्सिल गाउँपालिका कार्यालय, चवाराचौतारा","32FX+9JQ, मङ्गलसेन 10800, नेपाल",29.0734684,81.049108,3.6,मङ्गलसेन, monument
2546,बोगटान फुड्सिल,"बोगटान फुड्सिल, नेपाल",29.1417612,81.0424194,,नेपाल, historic_site
2547,सेती-बुढीगंगा दोभान,"Bogtan RM, नेपाल",29.0996349,81.1057505,0,नेपाल, historic_site
2548,Nepal Boundary Trekking Agency Pvt. Ltd,"Bagmati Zone, Kaldhara Marg, काठमाडौँ 44600, नेपाल",27.7157238,85.3078969,4.4,Kaldhara Marg, trek
2549,Bantol Picnic Spot वनटोल पिकनिक स्थल,"J649+QVH, फाखेल 44100, नेपाल",27.6069454,85.2197348,0,फाखेल, picnic
2550,Hosanna Church Gorkha Nepal,"XJWJ+GJ4, गोरखा 34000, नेपाल",27.9962225,84.6315169,5,गोरखा, church
2551,Gorkha Aquarium House,"XJVG+GC5, आँबु खैरेनी-गोर्खा राजमार्ग, गोरखा 34000, नेपाल",27.9937729,84.6261121,5,आँबु खैरेनी-गोर्खा राजमार्ग, aquarium
2552,श्री कालिका मन्दिर गोर्खा,"2J3H+R97, गोरखा बजार 34000, नेपाल",28.0044672,84.6283897,4.6,गोरखा, hindu_temple
2553,Jungle area gorkha,"XJJ2+J6X, गोरखा 34000, नेपाल",27.9816117,84.6005949,0,गोरखा, trek
2554,Green forest gorkha,"XJ5V+34G, गोरखा 34000, नेपाल",27.9576839,84.642836,5,गोरखा, hike
2555,चाम्बोटे चौतारो,"2FJX+C64, Road, पालुङटार, नेपाल",28.0310215,84.4980812,4.8,Road, park
2556,सापकोटाटार पधेँरा,"2FMW+338, पालुङटार, नेपाल",28.0326672,84.4951962,5,पालुङटार, amusement_park
2557,अर्चले मण्डली,"XFVW+4M3, पालुङटार, नेपाल",27.9932772,84.4964729,0,पालुङटार, church
2558,Thatipokhari (ठाँटीपोखरी),"3F2Q+J6, पालुङटार, नेपाल",28.0516171,84.4880994,4.2,पालुङटार, tourist_attraction
2559,Nuri Islamic Jame Masjid,"3G94+GV4, पालुङटार, नेपाल",28.0687551,84.5072151,0,पालुङटार, mosque
2560,Radha Krishna Temple,"2FVH+XM8, पालुङटार, नेपाल",28.0449146,84.4792416,4.7,पालुङटार, hindu_temple
2561,जिम्बा टोल,"palunter 5, Palungtar-Thatipokhari Road, गोरखा 34000, नेपाल",28.0524619,84.4823914,4,Palungtar-Thatipokhari Road, monument
2562,पालुङटार,"पालुङटार, नेपाल",28.044974,84.4796428,,नेपाल, historic_site
2563,"सार्कीटार तीनपिप्ले,लमजुङ्ग","3FPX+QRF, पालुङटार, नेपाल",28.0869449,84.4995618,0,पालुङटार, trek
2564,हात्तीगौँडा वर चौतारा,"2FFX+FQ, पालुङटार, नेपाल",28.0229161,84.5004238,4.5,पालुङटार, picnic
2565,Siddha Cave trail starting point,"SHILTHOK NEAR MONARCHY, SHILTHOK-WARD-4, वन्दीपुर 33904, नेपाल",27.9380863,84.4123313,4.3,SHILTHOK-WARD-4, hike
2566,Buddha Park,"6P2W+46V, नेपाल",28.2003528,84.7455375,4.4,नेपाल, park
2567,Amaare chautara -(अमारे चौतारा ),"3QJQ+XCH, नेपाल",28.0824268,84.7886238,5,नेपाल, amusement_park
2568,Bhachchek Church (Sirdi Branch's church),"5J3W+G2F, हंसपुर, नेपाल",28.1536907,84.6460447,5,हंसपुर, church
2569,बारपाक सुलिकोट,"बारपाक सुलिकोट, नेपाल",28.0850812,84.6965924,,नेपाल, tourist_attraction
2570,MADRASA SIRAJUL ULOOM,"2MC7+555, deragaun .gorkha nepal, गोरखा 4, नेपाल",28.0203852,84.6629217,4,deragaun .gorkha nepal, mosque
2571,Hattisude (हात्तिसुँडे डॉडा),"Barpak Sulikot Rural Municipality - Ward No. 04 - Pokhari, गोरखा, नेपाल",28.114296,84.6951524,5,गोरखा, hindu_temple
2572,श्री राम शाहको चौतारा,"2J4F+2RF, गोरखा 34000, नेपाल",28.0050538,84.624542,4.5,गोरखा, monument
2573,Sulikot Hills सुलिकोट डॉंडा,"3PVH+R79, नेपाल",28.0945331,84.7282493,4.8,नेपाल, trek
2574,"Ski Place 700m ,Dharche Rural Municipal ,Gorkha","6Q3M+5H, लाप्राक, नेपाल",28.2029476,84.7839343,0,लाप्राक, hike
2575,ठाँटीपोखरी धारापानी,"2FXV+RMP, पालुङटार, नेपाल",28.0495967,84.4941954,4,पालुङटार, amusement_park
2576,Chhoprak Church,"3H2P+F64, छोप्राक, नेपाल",28.0511365,84.5855927,3,छोप्राक, church
2577,सिरानचोक,"सिरानचोक, नेपाल",28.1121839,84.6441681,,नेपाल, historic_site
2578,धारापानी रमाइलो (गुरुङ गाउँ),"5J2X+G39, मुचोक, नेपाल",28.1512958,84.6477375,0,मुचोक, trek
2579,सिराञ्चोक गाउँपालिका,"3JP2+7WV, गोरखा, नेपाल",28.0857399,84.6023095,4,गोरखा, hike
2580,Dobate,"6M3H+CF8, खरिबोट, नेपाल",28.2035395,84.6786881,5,खरिबोट, park
2581,टारी पधेरो,"4M73+5RP, फिनामटार जौवारी सडक, जौबारी, नेपाल",28.1136631,84.6552815,4,फिनामटार जौवारी सडक, amusement_park
2582,पवित्र आत्मिकी मण्डली,"Namki, Ajirkot-4, मुचोक, नेपाल",28.169083,84.658003,5,Ajirkot-4, church
2583,अजिरकोट,"अजिरकोट, नेपाल",28.1723755,84.6628085,,नेपाल, tourist_attraction
2584,Markaj Jame Masjid,"Jhingate,Ashrang 01 Gorkha, अश्रांग 34000, नेपाल",28.0203531,84.6988707,5,Ashrang 01 Gorkha, mosque
2585,Ajirkot hill.,"4JXQ+XPC, Unnamed Road, हंसपुर, नेपाल",28.1499792,84.6392518,4.8,Unnamed Road, monument
2586,Jhyanwa 4 ajirkot,"5M3M+H8C, Simjung, नेपाल",28.1549951,84.6834078,0,Simjung, historic_site
2587,Ajirkot Trial,"4JXQ+XPC, हंसपुर, नेपाल",28.1487541,84.6392516,0,हंसपुर, trek
2588,picnic spot,"6P2W+9RJ, नेपाल",28.2009594,84.747021,0,नेपाल, picnic
2589,आँपडाँडा पाटी,"WM7J+VRQ, ताङ्लिचोक, नेपाल",27.9141806,84.6830121,4.3,ताङ्लिचोक, park
2590,Garve chhanga,"VJ2P+QM7, दारेचोक 44200, नेपाल",27.8519087,84.6366723,5,दारेचोक, amusement_park
2591,Eternal Life Church अनन्त जीवन मन्डली,"VJ8C+Q6J, दारेचोक, नेपाल",27.8669559,84.6204689,5,दारेचोक, church
2592,गणेश मन्दिर (𑐐𑐣𑐾𑐡𑑂𑐫𑑅),"M9FP+C5F, अरनिको राजमार्ग, मध्यपुर थिमि, नेपाल",27.6735639,85.3854156,4.4,अरनिको राजमार्ग, hindu_temple
2593,Nepal Unnati Church,"XP94+32Q, बुंगकोट, नेपाल",27.9677249,84.705102,5,बुंगकोट, church
2594,Shikhar Bhimsen Temple,"2JXW+4F2 Shikhar, गोरखा 2, नेपाल",28.047768,84.6461507,2,गोरखा, hindu_temple
2595,जोगी डाँडा,"2P4H+53M, अश्रांग, नेपाल",28.0054529,84.7276589,0,अश्रांग, hike
2596,शहिद लखन,"शहिद लखन, नेपाल",27.9279906,84.6425774,,नेपाल, tourist_attraction
2597,Mugling Masjid,"VH35+VWQ, दारेचोक 44200, नेपाल",27.8547171,84.5598485,4,दारेचोक, mosque
2598,"शहिद लखन गाउँपालिका, गाउँ कार्यपालिकाको कार्यालय","WMF7+HMF, घैरुङ, नेपाल",27.9239632,84.6641561,4.5,घैरुङ, art_gallery
2599,"शहिद लखन गाउँपालिका, गाउँ कार्यपालिकाको कार्यालय, घैरुङ, गोरखा","घैरुङ, नेपाल",27.9270071,84.6583745,0,नेपाल, art_gallery
2600,मनकामना मन्दिर,"WH3M+MJM, मनकामना, नेपाल",27.9042143,84.5840339,4.7,मनकामना, hindu_temple
2601,Lakhan Thapa View Tower,"WHCW+GVQ, बक्रांग, नेपाल",27.9213375,84.5972448,4.5,बक्रांग, trek
2602,Pradhan Dada,"बुंगकोट 34000, नेपाल",27.9699872,84.6800118,4.7,नेपाल, picnic
2603,कतावङ् (Okhar dhara),"6VV7+VGX, उइया, नेपाल",28.2447422,84.8638453,0,उइया, amusement_park
2604,Manbu Church,"4VJF+77P, मनबु, नेपाल",28.1307065,84.8731743,4.5,मनबु, church
2605,Dharche Gaang (Hill),"5Q4X+GWF, Chunkang 5, नेपाल",28.1563064,84.7997935,5,Chunkang, tourist_attraction
2606,मुसल्ला आर्खेत,"3RXP+49J, Unnamed Road, मनबु, नेपाल",28.0978404,84.8358927,5,Unnamed Road, mosque
2607,Sashi Art Gallery,"बेत्रावती बजार 44900, नेपाल",27.9733961,85.1848704,0,नेपाल, art_gallery
2608,देवी दुरङ (Sat Kanya Devi),"6VQ8+V4M, उइया, नेपाल",28.2397048,84.8653081,5,उइया, hindu_temple
2609,Earthquake memorial park,"6P2W+WJP, नेपाल",28.2023349,84.7465871,3.8,नेपाल, monument
2610,Dharche Dada,"Dharche Dada, नेपाल",28.1569951,84.7987032,4.5,नेपाल, historic_site
2611,Barpak Village View Point,"6Q36+VW, घ्याचोक, नेपाल",28.2047243,84.7623039,3.8,घ्याचोक, hike
2612,Arughat Bridge,"2RW8+C8P, आरुघाट जाने सडक, नेपाल",28.0460879,84.8158288,4.5,आरुघाट जाने सडक, park
2613,मुसल्ला आरुघाट Musalla Aarughat مصلى,"2RX7+368, नेपाल",28.0476687,84.8130645,0,नेपाल, mosque
2614,Luu jhya,"M9MP+J4G, मध्यपुर थिमि 44600, नेपाल",27.6840513,85.3853205,5,मध्यपुर, hindu_temple
2615,Royal Gorkha Trek And Tour,"Monastery, Kapan, Kharibhote, काठमाडौँ 44622, नेपाल",27.7371605,85.3660836,0,Kapan, trek
2616,Kashitar Park and Picnic spot,"Kashitar, जिलिङ 44900, नेपाल",27.858871,85.093794,4.4,जिलिङ, picnic
2617,Chanaute Arughat Gorkha,"Larkya La Trail, सामागाउँ, नेपाल",28.6632716,84.5370269,5,सामागाउँ, hike
2618,आरूघाट,"आरूघाट, नेपाल",28.0473353,84.8136609,,नेपाल, hike
2619,आरुघाट,"आरुघाट, नेपाल",28.0467547,84.8124699,,नेपाल, hike
2620,गोरखा साहसिक प्रा। लिमिटेड,"Yekikaran Sadak 19116, काठमाडौँ 44600, नेपाल",27.7210169,85.3054709,4.7,काठमाडौँ, hike
2621,Soti Khola Bazar,"4VP3+JXG, नेपाल",28.1365664,84.8549397,3.9,नेपाल, hike
2622,Aarughat Ticket Counter,"XJVG+QR9, haramtari, गोरखा, नेपाल",27.9944021,84.6270469,3.3,haramtari, hike
2623,Nile at the mhu gumba,"G4JQ+JMV, छैकम्पर, नेपाल",28.5316006,85.1391838,5,छैकम्पर, park
2624,दुङला मण्डली (Church of Dungla),"8V2V+97C, उइया, नेपाल",28.3009319,84.8931363,5,उइया, church
2625,चुमनुब्री गाउँपालिका कार्यालय,"9VVX+72M, गाउपालिका, सिर्दिबास, नेपाल",28.3931548,84.8975658,4.8,गाउपालिका, mosque
2626,मनास्लु संरक्षण क्षेत्र,"HH26+223, धारापानी, नेपाल",28.5500212,84.5600409,4.6,धारापानी, zoo
2627,Surendra Mahato,"7VW4+GPV, उइया, नेपाल",28.296354,84.8567932,0,उइया, hindu_temple
2628,चुमनुव्री,"चुमनुव्री, नेपाल",28.4908848,85.0449774,,नेपाल, monument
2629,Manaslu Circuit Trek,"Manaslu Circuit Trekking Route, Ghorkha 34000, नेपाल",28.6631118,84.5169119,5,Ghorkha, trek
2630,Resunga Viewtower,"3778+6R, रेसुङ्गा 32600, नेपाल",28.0631309,83.267143,4.6,रेसुङ्गा, tourist_attraction
2631,Saugat art gallery,"MFP7+JR5, बुटवल 32907, नेपाल",27.6865361,83.4646191,5,बुटवल, art_gallery
2632,Resunga Yagyashala (,"3779+VR7, रेसुङ्गा 32600, नेपाल",28.0646604,83.269537,4.5,रेसुङ्गा, hindu_temple
2633,"Pauwa Resort Pvt Ltd(Resunga,Gulmi)","378G+W3V, रेसुङ्गा 32600, नेपाल",28.0673501,83.275178,3.8,रेसुङ्गा, picnic
2634,"Gulmi , nepal","37QV+H9F, Madane_2 32600, नेपाल",28.088934,83.2934086,0,Madane_2, park
2635,Musikot,"Musikot 32600, नेपाल",28.1754191,83.2646943,,नेपाल, tourist_attraction
2636,Jogithum,"5789+7V, Musikot 32600, नेपाल",28.1657699,83.2696668,5,Musikot, hindu_temple
2637,Musikot Municipality,"57HP+454, वामीटक्सार 32600, नेपाल",28.1777631,83.2854451,4.2,वामीटक्सार, monument
2638,मुसिकोट,"मुसिकोट, नेपाल",28.1754191,83.2646943,,नेपाल, historic_site
2639,लालिगुरास थुमपार्क,"47WG+9GJ, बडागाउँ 32600, नेपाल",28.1459664,83.2762686,4,बडागाउँ, historic_site
2640,Balithum tari,"37QV+H9F, पराल्मी 32600, नेपाल",28.088934,83.2934086,0,पराल्मी, trek
2641,Gulmi musikot,"57G7+5V8, Musikot 32600, नेपाल",28.1754191,83.2646943,0,Musikot, picnic
2642,Unayachaur park (उनायचौर पार्क ),"36C8+C43, Unayochaur Road, रेसुङ्गा 32600, नेपाल",28.0710242,83.2152919,4.3,Unayochaur Road, park
2643,Shivanagar masjidh,"RGH6+447, सक्रौल 45800, नेपाल",26.8277927,85.5103105,3.6,सक्रौल, mosque
2644,"Salime Daha, Gulmi","585V+C49, वामीटक्सार 32600, नेपाल",28.1585354,83.3428473,5,वामीटक्सार, hindu_temple
2645,Isma Ratapokhara,"552P+CH9, इस्मा राजस्थल 32600, नेपाल",28.1510486,83.1864918,3,इस्मा, historic_site
2646,इस्मा राजस्थल,"इस्मा राजस्थल 32600, नेपाल",28.1624081,83.1890148,,नेपाल, trek
2647,ईस्मा,"ईस्मा, 32600, नेपाल",28.1049417,83.2470091,,32600, trek
2648,Dhimsa Resting Point,"गोसाइकुन्ड पथ, 45000, नेपाल",28.1074534,85.3311421,4.9,45000, hike
2649,हर्मिचौर हनुमान पार्क,"XHJH+JHQ, Arbeni Rd, हर्मिचौर 33800, नेपाल",27.9815972,83.5789922,3.4,Arbeni Rd, park
2650,Gaudi khola,"Huwas Bihadi Sadak, 32600, नेपाल",28.0793262,83.5257697,0,32600, amusement_park
2651,कालीगण्डकी गाउँपालिका (कार्यालय) Kaligandaki Rural municipality,"2HX6+X8P, पुर्तिघाट 32600, नेपाल",28.0479715,83.5595648,5,पुर्तिघाट, mosque
2652,Bharse Deurali,"3F99+MJP, भार्से 32600, नेपाल",28.0692173,83.469092,4.2,भार्से, museum
2653,कालीका मन्दिर Kalika Temple,"XHJF+R26, हर्मिचौर 33800, नेपाल",27.9820292,83.5725114,5,हर्मिचौर, hindu_temple
2654,बुद्ध प्रतिमा,"VHG4+3G4, तानसेन 32500, नेपाल",27.8751354,83.55632,4.2,तानसेन, monument
2655,चैया Chaiya,"3G88+67, फोकसिङ् 32600, नेपाल",28.0656179,83.5157272,5,फोकसिङ्, hike
2656,Shahid Park - शहिद पार्क,"484M+RCM, Unnamed Road, तुराङ 32600, नेपाल",28.1070951,83.3335354,4.7,Unnamed Road, park
2657,Gulmi kabre,"X9X7+8JJ, kabre, 3, नेपाल",27.9983411,83.3640126,3.7,kabre, tourist_attraction
2658,Gulmi Birbas,"287C+Q3R, बिर्बास 32600, नेपाल",28.0144918,83.320149,0,बिर्बास, museum
2659,Durbar Devisthan (Gulmi Durbar),"272P+CPJ, दरबार देविस्थान 32600, नेपाल",28.0010877,83.2867407,5,दरबार, hindu_temple
2660,बाँसपोखरा,"275P+V5, दरबार देविस्थान 32600, नेपाल",28.0096559,83.2853999,0,दरबार, trek
2661,Nunthala picnic place नुन्थला पिक्निक पेलेस,"362P+XJV, रेसुङ्गा 32600, नेपाल",28.0524831,83.2365391,0,रेसुङ्गा, picnic
2662,Sishni Satyawati Gaupalika,"2F89+GCC, लिम्घा 32600, नेपाल",28.0163014,83.4685169,4,लिम्घा, park
2663,Satyawati Temple,"2G38+83, ठुलो लुम्पेक 32600, नेपाल",28.0293588,83.5214048,4.7,ठुलो, mosque
2664,Living Traditions Museum,"PC8H+H38, चाँगुनारायण 44600, नेपाल",27.7161037,85.4277667,4.5,चाँगुनारायण, museum
2665,Satyawati Gaupalika,"2C9P+XHR, खैरेनी 32600, नेपाल",28.0199843,83.4363853,4.7,खैरेनी, zoo
2666,Satyawati Temple Sagdi,"4FWH+85W, 33300, नेपाल",28.145858,83.4779445,4.7,33300, hindu_temple
2667,गुल्मी सत्यवती गेष्ट हाउस,"मित्र्नगर -२९, श्री भृकुटी मार्ग, 44600, नेपाल",27.7327554,85.3103933,4.2,श्री भृकुटी मार्ग, historic_site
2668,Basada pratikshlaya,"Chandrakot 2, नेपाल",28.1092552,83.4157635,5,नेपाल, park
2669,चन्द्रकोट गाउँपालिका,"4C48+569, शान्तिपुर 32600, नेपाल",28.1054223,83.4156081,4.4,शान्तिपुर, church
2670,Chandrakot,"4C8Q+HRQ, शान्तिपुर 33300, नेपाल",28.1164868,83.4396092,4.8,शान्तिपुर, tourist_attraction
2671,Patechour Picnic Spot (पाटेचौर पिकनिक स्पट),"4F46+F63, ग्वाधा 33300, नेपाल",28.1061457,83.4605588,4.2,ग्वाधा, picnic
2672,Ghoraha काठे पुल,"3972+XGF, 32600, नेपाल",28.0649443,83.3513011,5,32600, hike
2673,Kumrang Church,"VR8Q+PJ, रामपुर 32500, नेपाल",27.866827,83.8390595,5,रामपुर, church
2674,Ridi Bazaar.,"WCPM+VM9, Tansen-Ridi-Tamghas Road, रूरू 32600, नेपाल",27.9372851,83.4341713,4.4,Tansen-Ridi-Tamghas Road, tourist_attraction
2675,रूरू,"रूरू, नेपाल",27.9491733,83.4163226,,नेपाल, historic_site
2676,चौपारी अमराइ,"X9C7+373, Unnamed Road, दिगाम 32600, नेपाल",27.9701297,83.3631685,5,Unnamed Road, park
2677,THORGA CHRISTIAN CHURCH,"X98W+688, THORGA 32600, नेपाल",27.9655331,83.3958224,5,THORGA, church
2678,छत्रकोट,"छत्रकोट, नेपाल",27.9961135,83.3536722,,नेपाल, tourist_attraction
2679,तल्लाखर्क चेघा(Tallakharka chegha),"जोहँग 32600, नेपाल",28.0381562,83.4239356,4,नेपाल, museum
2680,छत्रकोट देवालय मन्दिर,"X8XX+VVP, हर्दिनेता 32600, नेपाल",27.9997146,83.3497177,4.6,हर्दिनेता, hindu_temple
2681,Bichitra Guffa,"45C7+W59, धुर्कोट राजस्थाल 32600, नेपाल",28.1222856,83.1629999,4.4,धुर्कोट, park
2682,Gulmi,"44MQ+F69, धुर्कोट राजस्थाल 32600, नेपाल",28.1336692,83.1380955,0,धुर्कोट, tourist_attraction
2683,धुर्कोट राजस्थाल,"धुर्कोट राजस्थाल 32600, नेपाल",28.1336692,83.1380955,,नेपाल, tourist_attraction
2684,धुर्कोट,"धुर्कोट, 32600, नेपाल",28.1109061,83.1383887,,32600, tourist_attraction
2685,Dhurkot Gulmi,"446Q+996, धुर्कोट राजस्थाल 32600, नेपाल",28.1109061,83.1383887,2.8,धुर्कोट, tourist_attraction
2686,घम्मु शिवालय मन्दिर,"45FV+MPC, Mayalpokhari - Tamghas Rd, दर्लामचौर 32600, नेपाल",28.1241849,83.1942835,4.5,Mayalpokhari - Tamghas Rd, hindu_temple
2687,शहिद हुमानन्द बन्जाडेको शालिक(Statue De Humananda Banjade),"3537+RM7, Deurali Khana Daha Rd, मरेङ्ग 32600, नेपाल",28.054538,83.1641664,0,Deurali Khana Daha Rd, monument
2688,धुरकोत बस्तु,"धुरकोत बस्तु 32600, नेपाल",28.12,83.18,,नेपाल, historic_site
2689,धुरकोत नयाँगाउं,"धुरकोत नयाँगाउं 32600, नेपाल",28.09,83.19,,नेपाल, historic_site
2690,धुर्कोट,"धुर्कोट, नेपाल",27.6665952,83.7411631,,नेपाल, historic_site
2691,Nepal gulmi dhurkot,"45CJ+222, धुरकोत बस्तु 32600, नेपाल",28.12,83.18,3.7,धुरकोत, historic_site
2692,Malika peace park,"Dhamir - Arkhawang Rd, 32600, नेपाल",28.2127373,83.1243681,4.3,32600, park
2693,"Prakash Church Purkot, Gulmi","43V8+XQV, पुर्कोटदह 32600, नेपाल",28.1449853,83.0668914,0,पुर्कोटदह, church
2694,मदनी मस्जिद,"2JH2+3JP, नेपालगञ्ज 21900, नेपाल",28.0277608,81.6016339,5,नेपालगञ्ज, mosque
2695,"Eid Gaah (Gallamandi, Piprahiya)","Piprahiya, सिद्धार्थनगर 32900, नेपाल",27.5062048,83.4417332,4.2,सिद्धार्थनगर, mosque
2696,Amrit house,"634M+6GP Prem house, 32600, नेपाल",28.2055902,83.0838207,5,32600, museum
2697,देवीथान मन्दिर,"32600, नेपाल",28.1624688,83.1139906,5,नेपाल, hindu_temple
2698,शहिद हुमानन्दको शालिक(Statue De Humananda Banjade),"Malarani 2, नेपाल",28.0708219,83.0700557,0,नेपाल, monument
2699,मदाने,"मदाने, नेपाल",28.1678011,83.0651422,,नेपाल, historic_site
2700,पिप्लाकोे डाँडा,"64HJ+8P8, हावाङदी 32600, नेपाल",28.2284355,83.1318937,5,हावाङदी, trek
2701,Malika Temple - कुर्घा मालिका मन्दिर,"48VJ+X6R, कुर्घा 32600, नेपाल",28.1449872,83.3305032,4.4,कुर्घा, church
2702,MALIKA मालिका मन्दिर,"9285+2H6, नराकोट 21200, नेपाल",29.3650283,82.0088987,0,नराकोट, tourist_attraction
2703,मल्ल अक्वारियम,"M88H+QVR, ललितपुर 44700, नेपाल",27.6670204,85.3296535,3.9,ललितपुर, aquarium
2705,"नङ्गखेल भ्यू प्वाइन्ट , माली गाँउ","JCRW+986, Dokedanda Devisthan Community forest, Unnamed Road, सुर्यविनायक, नेपाल",27.6409003,85.4457543,4.3,Dokedanda Devisthan Community forest, hike
2706,Simkot Danda,"XRFC+8R4, सिमिकोट 21000, नेपाल",29.9738988,81.8227212,0,सिमिकोट, park
2707,Monster Fish & Pets Nepal,"M9JM+F37, मध्यपुर ठिमी 44600, नेपाल",27.6811627,85.382671,5,मध्यपुर, aquarium
2708,"शिव मन्दिर,सिमिकोट","XR8G+GPR, सिमिकोट 21000, नेपाल",29.9663629,81.8267754,4.6,सिमिकोट, hindu_temple
2709,सिमकोट,"सिमकोट, नेपाल",29.972081,81.8194186,,नेपाल, monument
2710,सिमिकोट विमानस्थल,"XRC9+CFM, जहाजे बाटो, सिमिकोट 21000, नेपाल",29.9710798,81.8186617,4.1,जहाजे बाटो, monument
2711,Humla,"नेपाल टेलिकम, सिमिकोट 21000, नेपाल",29.9724516,81.8212992,4,सिमिकोट, monument
2712,Lagna,"XRF3+3CC, सिमिकोट 21000, नेपाल",29.9726793,81.8035199,0,सिमिकोट, trek
2713,Ghattekhola church of christ,"GRVP+68H, सरिखेत पलासे 44100, नेपाल",27.5430765,84.8358642,5,सरिखेत, church
2714,नाम्खा,"नाम्खा, नेपाल",30.0490574,81.6508466,,नेपाल, tourist_attraction
2715,"Limi Namkha-06, Humla, Nepal","Limi Namkha-6, नेपाल",30.2975265,81.4727548,0,नेपाल, historic_site
2716,Lapcha,"5HMX+XCG, लिमी 21000, नेपाल",30.1849289,81.598565,0,लिमी, trek
2717,बझाङ चीन सीमाना,"27R7+QM, कान्दा 10500, नेपाल",30.0419157,81.2641344,5,कान्दा, hike
2718,Kirnekharka- tower,"XRR6+QJ, सिमिकोट 21000, नेपाल",29.9919566,81.8116108,5,सिमिकोट, hike
2719,Saipal Base Camp(East),"VHVM+CP, कान्दा 10600, नेपाल",29.8935035,81.5842866,3,कान्दा, hike
2720,Mane Kandh,"QR9M+F49, सर्कीदेउ 21000, नेपाल",29.7686699,81.8328496,5,सर्कीदेउ, hike
2721,Raniban Simikot,"XR97+J8H, सिमिकोट 21000, नेपाल",29.9690735,81.8133498,4.6,सिमिकोट, hike
2722,Nara Lagna,"Nara Lagna, मुचू 21000, नेपाल",30.1336111,81.3869444,5,मुचू, hike
2723,Muhan pokhari,"M2R3+3R, भिमेश्वर नगरपालिका 45500, नेपाल",27.6901902,86.0045701,4.5,भिमेश्वर, hike
2724,Namle Bhir - Sano khola Road,"MGM7+6X, टुकुचा नाला, नेपाल",27.6829551,85.5177062,0,टुकुचा नाला, hike
2725,साइपाल हिमाल,"साइपाल हिमाल, मुचू 10500, नेपाल",29.8891666,81.4941666,4.4,मुचू, hike
2726,मुचू,"मुचू, नेपाल",30.0263684,81.5596427,,नेपाल, hike
2727,यांगर,"यांगर, मुचू 21000, नेपाल",30.0649427,81.6021358,,मुचू, hike
2728,Raidhunga,"RF8V+WFV, कान्दा 10500, नेपाल",29.8173682,81.4936618,0,कान्दा, hike
2729,Lake Abhishek Hike,"QGFH+99X, कान्दा 10500, नेपाल",29.7734766,81.5284847,0,कान्दा, hike
2730,Humla Resort and Spa,"Airport gate Simikot 4, नेपाल",29.9719581,81.8188135,4.3,नेपाल, hike
2731,Namgeycholing,"CWX8+G2Q, मजुवा 45400, नेपाल",27.4488292,85.9151211,0,मजुवा, hike
2732,Pakucha,"JHF8+5RG, पकुचा गोरेटो, धुलिखेल 45200, नेपाल",27.6229332,85.5670776,4,पकुचा गोरेटो, hike
2733,याल्बंग,"याल्बंग, मुचू 21000, नेपाल",30.0619551,81.6226884,,मुचू, hike
2734,हिलसा,"हिलसा 21000, नेपाल",30.1517424,81.334097,,नेपाल, hike
2735,साइपाल आधार शिविर,"RGQ3+JF, कान्दा 10500, नेपाल",29.839099,81.5036862,4.8,कान्दा, hike
2736,सर्केगाड,"सर्केगाड, नेपाल",29.7133336,81.9644715,,नेपाल, tourist_attraction
2737,Masta mandu temple मस्टा माँडौ,"MVQ5+42V, श्रीनगर 21000, नेपाल",29.6878605,81.8575484,3,श्रीनगर, hindu_temple
2738,Gurkha Smarak Salmedada,"5WF3+9HP, फेदी खोला 33800, नेपाल",28.173468,83.9039501,4.5,फेदी, monument
2739,Sarkegad Rural Municipality,"QXH2+RG5, साया 21000, नेपाल",29.7795045,81.9513583,5,साया, picnic
2740,K Q MULTI SERVICE & AGRO FARM,"JWPV+7VJ, जिमा 21100, नेपाल",29.6357199,81.9446538,4.8,जिमा, picnic
2741,अदानचुली,"अदानचुली, नेपाल",29.6915932,81.842144,,नेपाल, tourist_attraction
2742,Ahl-E Hadith Masjid Barsauli,"H4PM+XX8, Pakdi to wadari Road, वाणगंगा, नेपाल",27.5874222,83.1349635,5,Pakdi to wadari Road, mosque
2743,Adanchuli Humla,"MRRR+JVJ, कालिका 21000, नेपाल",29.6915932,81.842144,0,कालिका, mosque
2744,Karnali Conservation Centre,"KALKHE, Adanchuli -1, 21000, नेपाल",29.6915932,81.842144,0,Adanchuli -1, museum
2745,Bhiyee Guradev Temple,"JVGH+3QM, भिई 21100, नेपाल",29.6252107,81.8794168,5,भिई, hindu_temple
2746,Adanchuli Rural Municipality,"MV57+Q2Q, श्रीनगर 21000, नेपाल",29.6594568,81.8626248,3.9,श्रीनगर, picnic
2747,लक्ष्मी कुण्ड,"V2PW+5X7, खार्पुनाथ 21000, नेपाल",29.8854045,82.0474312,0,खार्पुनाथ, park
2748,खार्पुनाथ,"खार्पुनाथ 21000, नेपाल",30.0590448,82.0842901,,नेपाल, church
2749,Kharpunath 1 lali,"Kharpunath 1, लाली, नेपाल",29.8769968,81.8984121,0,लाली, tourist_attraction
2750,खार्पुनाथ मन्दिर,"WVR4+9PJ, छिप्रा 21000, नेपाल",29.9409596,81.8567629,4.6,छिप्रा, hindu_temple
2751,खार्पुनाथ,"खार्पुनाथ, 21000, नेपाल",30.0589763,82.0843033,,21000, monument
2752,ठुलो चौर,"QJJ6+7XX, बाडे गाउँ, नेपाल",27.7807452,85.612473,5,बाडे गाउँ, picnic
2753,Pokhrel Height,"JC97+4PG, महालक्ष्मी 44709, नेपाल",27.6178245,85.414341,0,महालक्ष्मी, hike
2754,Hamro kharpa gau,"J7C6+HQR, दक्षिणकाली 44600, नेपाल",27.6215,85.2618987,0,दक्षिणकाली, hike
2755,चंखेली,"चंखेली, नेपाल",29.7411152,82.0733032,,नेपाल, tourist_attraction
2756,Machhalaya,"कार्यविनायक 44700, नेपाल",27.6444596,85.3045893,5,नेपाल, aquarium
2757,Chankheli Pass,"Chankheli Pass, दार्मा 21100, नेपाल",29.6419444,82.1113889,5,दार्मा, monument
2758,ताँजाकोट,"ताँजाकोट, नेपाल",29.6365278,81.7519054,,नेपाल, tourist_attraction
2759,Nature Aquatics Nepal,"सिद्धार्थ सडक, काठमाडौँ 44600, नेपाल",27.7108187,85.2962613,4.6,काठमाडौँ, aquarium
2760,Tanjakot Temple,"MQ2C+G93, मैला 21000, नेपाल",29.6512729,81.7709073,0,मैला, hindu_temple
2761,Google point,"R3QJ+QPG, हर्कटे बजार 57300, नेपाल",26.8394426,88.081832,4.3,हर्कटे, hike
2762,Kyabung,"WRMC+4H, देउमाई 57300, नेपाल",26.932858,87.82135,5,देउमाई, church
2763,Mangalbare Ilam,"WRRQ+8JC, देउमाई 57300, नेपाल",26.9408113,87.8390124,4.4,देउमाई, tourist_attraction
2764,कारबरी कैलाश श्रेष्ठ,"WRJ8+5FC, देउमाई 57300, नेपाल",26.9304441,87.8161435,1,देउमाई, museum
2765,सेती देवी मन्दिर,"WW95+MV6, ईलाम 57300, नेपाल",26.9191695,87.9096562,4.5,ईलाम, hindu_temple
2766,देउमाई,"देउमाई 57300, नेपाल",26.9332484,87.8255007,,नेपाल, historic_site
2767,स्वामी पार्क,"V2QV+MP4, सूर्योदय 57312, नेपाल",26.8891384,88.0443377,4.3,सूर्योदय, park
2768,Mitra mandali suntale ilam (church) मित्र मण्डली सुन्तले इलाम (चर्च),"V2R8+8V, सूर्योदय 11, नेपाल",26.8908653,88.0171927,5,सूर्योदय, church
2769,Suryodaya nagarpalika fikkal ilam,"V3W7+CXF, H07, सूर्योदय 57312, नेपाल",26.8960543,88.0649224,5,H07, mosque
2770,Aquatic Pet Park,"City Center, Dharma kanta, बिर्तामोड 57204, नेपाल",26.6445548,88.000023,4.7,Dharma kanta, aquarium
2771,सरस्वती मन्दिर Saraswati Temple,"V2WH+34, सूर्योदय, नेपाल",26.8952159,88.0277509,5,सूर्योदय, hindu_temple
2772,Yalamber's Statue.,"सूर्योदय 57312, नेपाल",26.8961249,88.0637582,4.1,नेपाल, monument
2773,सूर्योदय,"सूर्योदय, नेपाल",26.8895698,88.0607565,,नेपाल, historic_site
2774,"बुद्ध पार्क सूर्योदय नगरपालिका, इलाम","W3MX+G83, सूर्योदय 57303, नेपाल",26.9337507,88.0982913,4.3,सूर्योदय, historic_site
2775,Suryodaya Adventures,"Biring, नेपाल",26.8819832,88.0712433,4.4,नेपाल, trek
2776,KANYAM Photo point,"V37M+F26, सूर्योदय 57312, नेपाल",26.8636715,88.0825126,4.5,सूर्योदय, picnic
2777,Sky Walk Kanyam,"V32M+85, सूर्योदय 57312, नेपाल",26.8508507,88.0829783,3.9,सूर्योदय, hike
2778,माइ पोखरी इलाम,"2W4H+PXQ, LMP Rd 73, माईपोखरी 57300, नेपाल",27.0068476,87.9299992,4.3,LMP, aquarium
2779,Maisthan,"WW5H+RP4, ईलाम 57300, नेपाल",26.9095115,87.9293452,4.8,ईलाम, hindu_temple
2780,Ilam,"248H+HRR, Khopawa 44400, नेपाल",26.9137555,87.9267299,0,Khopawa, hike
2781,सन्दकपुर भ्यू टावर,"ईलाम 57300, नेपाल",27.1046917,88.001054,4.5,नेपाल, park
2782,Mt. Moriah House of Prayer,"2XJG+M75, मावु 57300, नेपाल",27.0316326,87.9757974,5,मावु, church
2783,सन्दकपुर,"सन्दकपुर, नेपाल",27.0517752,87.9472597,,नेपाल, tourist_attraction
2784,Dhap Pokhari ilam,"2XFP+G6H, जमुना 57300, नेपाल",27.0238013,87.9856241,4.5,जमुना, tourist_attraction
2785,Sunuwar Kirant संग्राहलय भवन,"2VF4+2GV, ईलाम 57300, नेपाल",27.0226145,87.8563115,0,ईलाम, museum
2786,Maipokhari Temple,"2W4J+P89, माईपोखरी 57300, नेपाल",27.0067884,87.9308608,4.6,माईपोखरी, hindu_temple
2787,Sandakphu West Bengal,"4242+5JV, सन्दक्फु, Singalila Forest, सिंगालिला फॉरेस्ट, West Bengal 734201, भारत",27.1054791,88.0015484,4.8,सन्दक्फु, trek
2788,जामा मस्जिद,"M.N.N.P, धुलाबारी रोड 3, 57207, नेपाल",26.6559254,88.0984977,4.1,धुलाबारी, mosque
2789,Kalika temple,"Rong 2, ईलाम, नेपाल",26.7704152,87.9672314,5,ईलाम, hindu_temple
2790,"Singfring, ilam","WWHJ+79H, ईलाम 57300, नेपाल",26.9281849,87.9309983,4.3,ईलाम, historic_site
2791,Mangsebung 3 ilam,"RPWV+PGH, 57300, नेपाल",26.8468241,87.7438638,4.2,57300, park
2792,Mahima church,"RQ3M+8WX, माहामाई 57300, नेपाल",26.8033136,87.784893,0,माहामाई, church
2793,माङ्सेबुङ,"माङ्सेबुङ, बाझो 57300, नेपाल",26.8171148,87.7394225,,बाझो, tourist_attraction
2794,Bipin0610 arts and flex design,"Sunshine Marga, उर्लाबारी 56600, नेपाल",26.6660686,87.5986368,5,उर्लाबारी, art_gallery
2795,माङसेबुङ,"माङसेबुङ, नेपाल",26.7903362,87.727162,,नेपाल, historic_site
2796,Phedap manggena yak,"4HXR+RWW, सिम्ले 57500, नेपाल",27.1496216,87.5923375,4.5,सिम्ले, historic_site
2797,"Oskar Chowk ""Yalambar Park""","MPXR+94, चुलाचुली 57200, नेपाल",26.6984471,87.7403385,5,चुलाचुली, park
2798,Joyti Church Apjhola Ilam,"Mangsebung Rd, दमक 57200, नेपाल",26.7242046,87.7088003,4.7,दमक, church
2799,तीनकुने पोखरी सिमसार,"MQX7+6WM, चुलाचुली 57300, नेपाल",26.6980901,87.7647875,4.1,चुलाचुली, tourist_attraction
2800,इस्लाम मस्जिद दमक,"Bhattarai Rd 11, दमक 57217, नेपाल",26.6622095,87.7019282,4.3,दमक, mosque
2801,Shiva Panchayan Mandir,"MQMJ+J55, CH02, चुलाचुली 57300, नेपाल",26.6840015,87.7804732,4.7,CH02, hindu_temple
2802,चुलाचुली,"चुलाचुली, नेपाल",26.7084299,87.7566513,,नेपाल, historic_site
2803,मैनाचूलि जोर पोखरि पर्यटकीय क्षेत्र,"मई न पा 8 मैनाचूलि, नेपाल",26.6885332,87.8311728,4.6,नेपाल, trek
2804,Chapeti,"PPQ5+W5, चुलाचुली 57300, नेपाल",26.7390678,87.7073859,4,चुलाचुली, picnic
2805,जुङ्गेटार (jungetar),"Chulachuli-6, नेपाल",26.7579405,87.6948318,0,नेपाल, hike
2806,Phagunanda Park,"WMGR+H6M, रवि 57300, नेपाल",26.9263965,87.6905,4.6,रवि, park
2807,New Life Gospel Church,"Miklajung-1, Athabhaiya 57400, नेपाल",26.9941614,87.6802668,5,Athabhaiya, church
2808,नयाँ मन्दिर,"XQ9Q+M28, Fakphokthum 57300, नेपाल",26.9691939,87.7875526,0,Fakphokthum, hindu_temple
2809,Iman Singh Chemjong Statue,"2P8P+HVC, फाकफोक 57400, नेपाल",27.0164326,87.7371545,0,फाकफोक, monument
2810,फाकफोकथुम,"फाकफोकथुम, नेपाल",26.9678152,87.7863022,,नेपाल, historic_site
2811,Nabin chok,"WW5G+XQ4, निकुञ्ज पथ, ईलाम 57300, नेपाल",26.9098848,87.9268036,5,निकुञ्ज पथ, historic_site
2812,फाकफोक,"फाकफोक, नेपाल",27.0026281,87.7468071,,नेपाल, historic_site
2813,Perfect Picnic Spot,"2W3F+JH4, माईपोखरी 57300, नेपाल",27.0040227,87.9239654,5,माईपोखरी, picnic
2814,Godak Baptist Church,"Godak-10, ईलाम, नेपाल",26.8762185,87.9892237,5,ईलाम, church
2815,माईजोगमाई,"माईजोगमाई, नेपाल",26.9550845,88.0212612,,नेपाल, tourist_attraction
2816,जोगमाइ,"जोगमाइ, नेपाल",27.007277,88.0607565,,नेपाल, mosque
2817,Awalii,"2434+6Q8, गुर्दुम, सिंगालिला फॉरेस्ट, West Bengal 734221, भारत",27.0030383,88.1069659,0,गुर्दुम, mosque
2818,Sukhia simana masjid,"X5X8+WQ9, Sukhia Pokhari, West Bengal 734221, भारत",26.9997875,88.1669844,5,Sukhia Pokhari, mosque
2819,Jogmai khola,"X362+P83, जोगमाइ 57300, नेपाल",26.9617681,88.0507921,4.5,जोगमाइ, historic_site
2820,"Pipal Chautari, Nakhira Chaurjahari","J5PW+GWQ, बिजयश्वरी 22000, नेपाल",28.6363275,82.1973517,5,बिजयश्वरी, park
2821,Living God Church Jintala Jajarkot Nepal 🇳🇵,"livinggodchurch22@gmail.com, V5QG+G68 Living God Church Jintala ward No, 8 Kuse Rural Municipality District, Jajarkot,Karnali Province-6Nepal 🇳🇵, 21500, नेपाल",28.8894428,82.1754723,5,V5QG+G68 Living God Church Jintala ward No, church
2822,Karkigaun Jajarkot,"J3P6+5Q9, Jajarkot Sadak, कार्कीगाउँ 22200, नेपाल",28.6354061,82.0619806,0,Jajarkot Sadak, tourist_attraction
2823,जाजरकोट खलंगा,"M5XV+CGP, खलङ्गा 21500, नेपाल",28.6985845,82.1938161,4.1,खलङ्गा, mosque
2824,"शिव मन्दिर शिवालय, कालेगाउँ","Bheri Municipality 1 jajarkot, Kalegaun 21500, नेपाल",28.6933253,82.2295054,4.3,Kalegaun, hindu_temple
2825,भेरी नगरपालिका,"M6W6+H68, खलङ्गा 21500, नेपाल",28.6964157,82.2105729,3.5,खलङ्गा, picnic
2826,Kalegaun,"M6V9+HPG, खलङ्गा 21500, नेपाल",28.694184,82.220815,0,खलङ्गा, hike
2827,Jhapra,"Q329+9W, झाप्रा 21500, नेपाल",28.7508763,82.0697711,4,झाप्रा, park
2828,Jajarkot,"Chhedagad municipality word no 11 Jhapra, दसेरा 21500, नेपाल",28.7638441,82.0413101,0,दसेरा, tourist_attraction
2829,Masta Dev Than Temple,"V247+PMM, गर्खाकोट 21500, नेपाल",28.8568254,82.014169,4.5,गर्खाकोट, hindu_temple
2830,जाजरकोट दरबार,"M6X2+H42, खलङ्गा 21500, नेपाल",28.6987717,82.2003019,3.9,खलङ्गा, monument
2831,छेडागाड,"छेडागाड, 21500, नेपाल",28.7638441,82.0413101,,21500, historic_site
2832,Chaap Danda hiking start trail point,"M67P+7GM, चन्द्रागिरी 44600, नेपाल",27.6632001,85.2363009,4.7,चन्द्रागिरी, hike
2833,Garkhakot,"RXPP+QV, कोर्त्राङ 21500, नेपाल",28.836967,81.987143,4.5,कोर्त्राङ, park
2834,जुनीचाँदे,"जुनीचाँदे, नेपाल",28.9019781,81.9367369,,नेपाल, tourist_attraction
2835,"Igna temple Junichande-9,Jajarkot","VW5R+QR7, दह 21500, नेपाल",28.8594005,81.9420451,0,दह, hindu_temple
2836,"Junichande Rural Municipality-7,Jajarkot","WX9F+3M4, दह 21500, नेपाल",28.9176334,81.9742091,3.8,दह, trek
2837,Aaru sisna bhanjyang,"RWGF+F3V, मझकोट 21500, नेपाल",28.8262387,81.922657,0,मझकोट, picnic
2838,Barekot Limsa Buspark,"W7V3+CW6, रामीडाँडा 21500, नेपाल",28.9435375,82.2547656,3,रामीडाँडा, park
2839,बारेकोट,"बारेकोट, नेपाल",29.0260503,82.2934123,,नेपाल, tourist_attraction
2840,Barekot Rural municipality,"W6WX+3C5, रोकायागाउँ 21500, नेपाल",28.9451043,82.2486223,3.2,रोकायागाउँ, mosque
2841,बिजुली डाँडा मष्टा महाङ्काल मन्दिर,"W538+4V4, पैंक 21500, नेपाल",28.9027684,82.1671992,5,पैंक, hindu_temple
2842,धोटाचौर उपत्यका,"X8J2+GQ, नायकबाडा 21500, नेपाल",28.9813229,82.301975,5,नायकबाडा, monument
2843,नाग्ना,"V7P2+42, रामीडाँडा 21500, नेपाल",28.8852844,82.2500618,5,रामीडाँडा, trek
2844,Jajarkot kushe timildhara,"R3QH+HW, टालेगाउँ 21500, नेपाल",28.8389375,82.0798125,0,टालेगाउँ, park
2845,Deuti art,"HJW8+XWV, वीरेन्द्रनगर 21700, नेपाल",28.5975725,81.6173277,0,वीरेन्द्रनगर, art_gallery
2846,बाघ खोर,"V649+37, ढिमे 21500, नेपाल",28.8551654,82.2181677,5,ढिमे, trek
2847,Anaikot Bhanjyang अनैकोट भञ्ज्याङ चौतारी,"MH8J+77H, पाँचखाल, नेपाल",27.6660365,85.5810221,5,पाँचखाल, park
2848,Siwalaya Jajarkot,"M8J5+CRQ, Jhamsikhel Rd, ललितपुर 44600, नेपाल",27.6810533,85.3095993,0,Jhamsikhel Rd, hindu_temple
2849,Mrigasthali,"P962+5MG, काठमाडौँ 44600, नेपाल",27.7109296,85.3514327,4.6,काठमाडौँ, monument
2850,शिवपुरी नागार्जुन राष्ट्रिय निकुञ्ज,"44600, नेपाल",27.8129232,85.385934,4.4,नेपाल, trek
2851,Telkot-Changu Road,"PC6W+R7C, तेल्कोट-चाङ्गु सडक, चाँगुनारायण 44600, नेपाल",27.7120535,85.4456285,4.1,तेल्कोट-चाङ्गु सडक, hike
2852,Triveni green park dalli,"Q7PW+FGH, डाँडागाउँ, नेपाल",28.7861788,82.2963735,0,डाँडागाउँ, park
2853,नलगाड नगरपालिका,"Dalli -7, Nalgaad Municipality, नेपाल",28.791601,82.3016928,3.9,Nalgaad Municipality, mosque
2854,कृष्ण मन्दिर,"Dulal gun Mahamanjushree, 44812, नेपाल",27.6832175,85.4895387,4.6,44812, hindu_temple
2855,बासबारी सिमसार तथा पर्यटकीय क्षेत्र,"M3JH+M5V, धाइजन, नेपाल",26.681728,88.077928,3.9,धाइजन, park
2856,Kripa Free Methodist Church,"M543+HV, मेचीनगर 57200, नेपाल",26.6559435,88.1542737,5,मेचीनगर, church
2857,Durga Mandir,"6, Ramailo Gaun, मेचीनगर, नेपाल",26.6536989,88.153034,3.2,Ramailo Gaun, museum
2858,patalganga temple,"M47Q+XGG, मेचीनगर 57200, नेपाल",26.6649491,88.1388238,4.8,मेचीनगर, hindu_temple
2859,मेचीनगर,"मेचीनगर, नेपाल",26.655003,88.1388989,,नेपाल, historic_site
2860,BELIEVERS EASTERN CHURCH BIRTAMOD,"Birtamod-4, बिर्तामोड 57204, नेपाल",26.6363345,87.9854535,4.4,बिर्तामोड, church
2861,Jama Mashjid,"JXXR+R2C, बिर्तामोड 57204, नेपाल",26.6495606,87.9900384,4.2,बिर्तामोड, mosque
2862,Birtamode Art Gallery,"JXXV+3HM, Unnamed Road, बिर्तामोड 57204, नेपाल",26.6477157,87.9939123,5,Unnamed Road, art_gallery
2863,Mdms online,"Buspark, बिर्तामोड 57204, नेपाल",26.6515699,88.003605,0,बिर्तामोड, art_gallery
2864,Pathibhara Mandir,"JXWQ+V8C, बिर्तामोड 57204, नेपाल",26.6471874,87.9883565,4.7,बिर्तामोड, hindu_temple
2865,Mahadev Statue,"Devi Panchakanya, बिर्तामोड 57204, नेपाल",26.6426354,87.9720406,4.4,बिर्तामोड, monument
2866,East-west Highway Birtamod,"1st&3rd Floor Hanuman ComplexE, महेन्द्र राजमार्ग, बिर्तामोड 57204, नेपाल",26.6422935,87.9888385,0,महेन्द्र राजमार्ग, historic_site
2867,Damak Fun Park,"दमक 57217, नेपाल",26.6998805,87.6988601,4,नेपाल, park
2868,ज्योति चर्च दमक,"MM8V+7WH, दमक 57217, नेपाल",26.6656808,87.6947693,3.9,दमक, church
2869,फागुन्नद सालिक,"PPF2+98F, Mangsebung Rd, दमक 57200, नेपाल",26.7234271,87.7007906,3.7,Mangsebung Rd, museum
2870,पशुपतिनाथ मन्दिर - दमक,"MP72+WRF, दमक 57217, नेपाल",26.6648182,87.7020386,4.5,दमक, hindu_temple
2871,"(शान्ति चोक ,मदन पोखरी )","Damak 3, दमक 57217, नेपाल",26.6973458,87.6748964,3.8,दमक, historic_site
2872,Adventure Equipment,"Setumari Road, दमक 57217, नेपाल",26.6589094,87.6963826,5,दमक, trek
2873,दोमुखा पार्क,"MVMH+8FW, शिवसताक्षी 57300, नेपाल",26.6833619,87.878692,4.2,शिवसताक्षी, park
2874,Holy New Life Church,"MV3Q+FJC, कन्काई 57200, नेपाल",26.6544713,87.8899181,5,कन्काई, church
2875,Jamun Khadi Simsar Surunga,"MW37+862, कन्काई 57200, नेपाल",26.6532744,87.9130268,4,कन्काई, tourist_attraction
2876,मदिना जामा मस्जिद,"MV2V+XHW, कन्काई 57200, नेपाल",26.6524819,87.8939546,2.5,कन्काई, mosque
2877,Kankai Mai Temples,"MV5C+22X, महेन्द्र राजमार्ग, शिवसताक्षी 57300, नेपाल",26.6576246,87.8700971,4.5,महेन्द्र राजमार्ग, hindu_temple
2878,King Prithivi Narayan Shah Statue राजा पृथ्वीनारायण शाहको सलिक,"JWR8+CCH, कन्काई 57200, नेपाल",26.6401622,87.9167628,4.3,कन्काई, monument
2879,एकान्त टोल,"JVGX+HC8, कन्काई 57200, नेपाल",26.627064,87.899037,4,कन्काई, hike
2880,Mahendra Park महेन्द्र पार्क,"H39C+CHW, भद्रपुर 57200, नेपाल",26.5686007,88.0714558,4.4,भद्रपुर, park
2881,"CHRISTIAN REVIAVL CHURCH, BHADRAPUR","H34W+8HM, भद्रपुर 57200, नेपाल",26.5558384,88.0963599,5,भद्रपुर, church
2882,Chandragadi Simsar,"J32C+7CH, भद्रपुर 57200, नेपाल",26.6006988,88.0711202,3.8,भद्रपुर, tourist_attraction
2883,"अञ्जुमन इस्लामीया जामा मस्जिद, भद्रपुर","G3PJ+G4M, भद्रपुर 57200, नेपाल",26.5363305,88.0803051,5,भद्रपुर, mosque
2884,RJ help centre,"G2QH+QQM, जलथल 57200, नेपाल",26.5394619,88.0294282,5,जलथल, museum
2885,गणेश मन्दिर,"H34R+JM7, भद्रपुर 57200, नेपाल",26.5566156,88.0916717,4.7,भद्रपुर, hindu_temple
2886,राजा त्रिभुवन स्मारक,"H32Q+FMF, भद्रपुर 57200, नेपाल",26.5511893,88.0891662,3.8,भद्रपुर, monument
2887,Rangedanda(रङ्गेडाडा),"G3J4+J43, भद्रपुर 57200, नेपाल",26.5316005,88.0563329,4.8,भद्रपुर, trek
2888,भेलागडी सहिद स्मृति लोकतान्त्रिक पार्क,"H2CR+H2H, Chandragadhi- Parakhopi Rd, हल्दीबारी 57200, नेपाल",26.5714251,88.0400985,4.3,Chandragadhi- Parakhopi Rd, picnic
2889,Living Word Church,"M222+QVW, नयाँ बस पार्क मार्ग, बिर्तामोड 57204, नेपाल",26.6519762,88.0022133,5,नयाँ बस पार्क मार्ग, church
2890,अर्जुनधारा जलेश्वोर धाम,"MXPQ+35W, शनि अर्जुन 57205, नेपाल",26.6852265,87.9879515,4.5,शनि, tourist_attraction
2891,Krishna-Arjun charriot statue,"arjun dhara 8, शनि अर्जुन 57205, नेपाल",26.6853144,87.9903784,3,शनि, monument
2892,फुलुङ्गी दोभान,"RQHH+HM, दानाबारी 57300, नेपाल",26.8289748,87.7791796,5,दानाबारी, hike
2893,Presbyterian Church (PCN),"MVJH+CPP, शिवसताक्षी 57300, नेपाल",26.681058,87.8794278,4,शिवसताक्षी, church
2894,सताक्षीधाम झरना,"MRQC+724, शिवसताक्षी 57300, नेपाल",26.6881281,87.8200936,4.2,शिवसताक्षी, tourist_attraction
2895,Jalalodin Miya Mosque,"Jhapa Gaunpalika 3, शरणामती 57200, नेपाल",26.5455087,87.8942451,0,शरणामती, mosque
2896,SangamCity,"MR2W+G8V, महेन्द्र राजमार्ग, शिवसताक्षी, नेपाल",26.6513671,87.8457896,5,महेन्द्र राजमार्ग, museum
2897,Satashidham picnic spot,"MRJ6+795, शिवसताक्षी 57300, नेपाल",26.680636,87.8109969,4.4,शिवसताक्षी, picnic
2898,Swamichowk,"HP7C+H4P, Gauradaha Schoolchaun Road, गौरादह 57200, नेपाल",26.5639532,87.720333,0,Gauradaha Schoolchaun Road, park
2899,Beer-lahai-roi prayer house,"HP76+5GX, गौरादह 57200, नेपाल",26.5626241,87.7105703,5,गौरादह, church
2900,Gauradaha Lake,"HP88+JGX, Gauradaha Lake, गौरादह 57200, नेपाल",26.566602,87.7163642,5,Gauradaha Lake, tourist_attraction
2901,"Bhojpure Toll, Gauradaha-7 , Jhapa","GPGH+P8, गौरादह 57200, नेपाल",26.526872,87.72829,3,गौरादह, museum
2902,Shri. Siddeshwor Shivalaya Temple,"GPXH+82J, Gauradaha Haskhora Road, गौरादह 57200, नेपाल",26.5483316,87.727508,5,Gauradaha Haskhora Road, hindu_temple
2903,kisanko bazar,"dipu chok, गौरादह 57200, नेपाल",26.5643394,87.7142382,4.3,गौरादह, monument
2904,जनचेतना चोक,"GPQ2+FG6, बरगाछी, गौरादह 57200, नेपाल",26.5386625,87.7012656,0,बरगाछी, trek
2905,स्माईल फन पार्क,"JPQJ+W4R, लखनपुर 57200, नेपाल",26.6398613,87.7302728,3.8,लखनपुर, picnic
2906,"Nepal EBC, Shantinagar","Buddhashanti-4, शान्तिनगर 57200, नेपाल",26.724603,88.0645317,5,शान्तिनगर, church
2907,बुद्धशान्ति,"बुद्धशान्ति, नेपाल",26.7201384,88.0500567,,नेपाल, tourist_attraction
2908,budhabare masjid,"P3J2+G79, बुधवारे 57200, नेपाल",26.7312276,88.0507284,5,बुधवारे, mosque
2909,Mongol Research Center,"P4FR+9HG, बाहुनडाँगी 57200, नेपाल",26.7234766,88.1414672,4.5,बाहुनडाँगी, museum
2910,३ नम्बर डाडा,"P3G5+2VX, शान्तिनगर 57200, नेपाल",26.725119,88.059742,4.5,शान्तिनगर, trek
2911,वृन्दावन पर्यटन क्षेत्र,"बाहुनडाँगी 57200, नेपाल",26.7356637,88.1324137,4.3,नेपाल, picnic
2912,सहरेडाँगी चौक,"M2FW+GP2 NH 07 saharedagi, धाइजन 57200, नेपाल",26.6737566,88.0467624,4.3,धाइजन, hike
2913,"Nepal Evangelical Baptist Convention Church, Haldibari","H2CH+V3, हल्दीबारी 57200, नेपाल",26.572256,88.0278425,4.2,हल्दीबारी, church
2914,"Bhelagudi Wetland, Haldibari (भेलागुडी सिमसार)","गरामनी 57200, नेपाल",26.5719419,88.0396776,4,नेपाल, tourist_attraction
2915,Milan Art Gallery,"राजगढ 57200, नेपाल",26.5059792,87.9383683,5,नेपाल, art_gallery
2916,पन्चकन्या पाथीभरा temple,"H25V+GV6, गोलधाप सडक, हल्दीबारी 57200, नेपाल",26.5587816,88.0446278,4.5,गोलधाप सडक, hindu_temple
2917,Haldibari Chowk (Bhajan Chowk),"H267+C24, हल्दीबारी 57200, नेपाल",26.5609135,88.0127215,4.5,हल्दीबारी, monument
2918,NIM Ashish Church Jumla,"75HJ+F64, Unnamed Road, चन्दननाथ 21200, नेपाल",29.2786343,82.1805853,3.7,Unnamed Road, church
2919,चन्दननाथ मन्दिर,"75FM+MCP, चन्दननाथ 21200, नेपाल",29.2742033,82.1835789,4.7,चन्दननाथ, mosque
2920,Jumla,"75FH+GHV, चन्दननाथ 21200, नेपाल",29.2738191,82.1789354,0,चन्दननाथ, art_gallery
2921,चन्दननाथ,"चन्दननाथ 21200, नेपाल",29.3031459,82.1496049,,नेपाल, historic_site
2922,Rescue Spot,"F26H+48G, मालिकाबोता 21200, नेपाल",29.4603134,82.0283367,0,मालिकाबोता, park
2923,Freedom Church,"9X7X+53R, धापा 21200, नेपाल",29.3629879,81.9976525,0,धापा, church
2924,"कनकासुन्दरी मन्दिर, सिन्जा उपत्यका","C25F+PR2, कनकासुन्दरी 21200, नेपाल",29.4092596,82.0245095,4.2,कनकासुन्दरी, church
2925,कनकासुन्दरी,"कनकासुन्दरी, नेपाल",29.416848,82.0243657,,नेपाल, tourist_attraction
2926,चेरे चौर,"85GC+859, चन्दननाथ 21200, नेपाल",29.3257886,82.1704709,4.1,चन्दननाथ, hike
2927,J.b apple garden,"8XWR+W7H, नराकोट 21200, नेपाल",29.3473193,81.9907482,0,नराकोट, park
2928,Sinja Durbar,"C26F+4CR, कनकासुन्दरी 21200, नेपाल",29.4103653,82.0235137,0,कनकासुन्दरी, museum
2929,"Garje,Sinja","93GG+69, शनीगाऊँ 21200, नेपाल",29.3755551,82.0759174,0,शनीगाऊँ, trek
2930,"Siddhartha Apple Garden Hima Rural Municipality-07, Jumla","6WG3+HQW, महावैपाथरखोला 21200, नेपाल",29.2264993,81.9044523,5,महावैपाथरखोला, park
2931,कार्तिक स्वामी,"कार्तिक स्वामी, 21200, नेपाल",29.2521524,82.1659243,,21200, tourist_attraction
2932,जुम्ला विमानस्थल,"75FV+G42, चन्दननाथ 21200, नेपाल",29.2737672,82.1927725,3.9,चन्दननाथ, tourist_attraction
2933,हिमालय कला र हस्तकला,"Nil Barahi Rd, मध्यपुर थिमि 44600, नेपाल",27.7018057,85.3949619,4.3,मध्यपुर, art_gallery
2934,Rahadev temple puru jumla Nepal,"6X86+XP, मालिकाठाटा 21200, नेपाल",29.2174494,81.9618078,5,मालिकाठाटा, hindu_temple
2935,तालकोट,"882M+R3P, Unnamed Road, पातरासी 21200, नेपाल",29.3020935,82.3326923,5,Unnamed Road, park
2936,Jumla Taal,"CF84+MC, पातरासी 21200, नेपाल",29.416683,82.4561121,5,पातरासी, tourist_attraction
2937,Rawatbada Tila4 Jumla (रावतबाडा),"6X8X+QX, कुडारी 21200, नेपाल",29.2175335,81.9990684,5,कुडारी, historic_site
2938,"Guthichaur गुठिचाैर, जुम्ला","5CH6+WG, गुठीचौर 21200, नेपाल",29.1797871,82.4113692,4.5,गुठीचौर, park
2939,गुठीचौर,"गुठीचौर, नेपाल",29.1796068,82.4102628,,नेपाल, mosque
2940,Chimara Malika ᤛᤣᤘᤠᤖᤥ,"Guthichaur 04, नेपाल",29.2855606,82.2500652,4.7,नेपाल, hindu_temple
2941,TATOPANI (KHARPANI),"2H92+7G, खोप्लांग 34000, नेपाल",28.018723,84.5517851,0,खोप्लांग, park
2942,"तातो पानी, Tato Pani","32W6+59M, झार्लाङ्ग 45100, नेपाल",28.0954686,85.0109188,5,झार्लाङ्ग, tourist_attraction
2943,Jama Masjid,"F2GJ+727, कपिलवस्तु 32800, नेपाल",27.4756009,83.0300374,5,कपिलवस्तु, mosque
2944,Ram Janki Temple,"Guthi, Jhouwa, Indo Nepal Border Trail, झोउवा गुठी, 44300, नेपाल",27.0193786,84.8075699,4.5,Jhouwa, hindu_temple
2945,5 storey temple,"Taumadhi Square, भक्तपुर 44800, नेपाल",27.6710815,85.4293023,4.7,भक्तपुर, monument
2946,"Tatopani Hot Spring , Jumla","63P7+HH3, तातोपानी 21200, नेपाल",29.2361609,82.063767,3.8,तातोपानी, historic_site
2947,तातोपानी,"तातोपानी 21200, नेपाल",29.2396249,82.0516102,,नेपाल, trek
2948,Topla,"433Q+784, तातोपानी 21200, नेपाल",29.1031499,82.0883397,5,तातोपानी, trek
2949,तातोपानी,"तातोपानी, नेपाल",29.2347137,82.0559306,,नेपाल, trek
2950,Tadapani,"CFPM+4C, तिप्तिंग 56000, नेपाल",27.4352813,86.4835187,4.4,तिप्तिंग, trek
2951,Tatopani Hot Spring,"FMW3+CMP Hot Spring, तातोपानी 33200, नेपाल",28.4960977,83.6542056,4.2,तातोपानी, picnic
2952,️NEW HOPE CHURCH ️,"887H+G7, छुमचौर 21200, नेपाल",29.3137096,82.3281923,0,छुमचौर, church
2953,Prasansa Church lasi,"874G+6WH, डिल्लीचौर 21200, नेपाल",29.3055612,82.2774075,0,डिल्लीचौर, church
2954,"གུ་རུའི་གནས། Guru Tirtha, Pema Sambawa statue,","नेपाल, पातरासी, 3 Mahari village邮政编码: 21200",29.37982,82.3649415,5,पातरासी, monument
2955,पातरासी,"पातरासी, नेपाल",29.3206886,82.4536115,,नेपाल, monument
2956,पातारासी,"पातारासी, नेपाल",29.3003385,82.3401512,,नेपाल, monument
2957,Large Guru Rinpoche Statue,"H976+2C, पुलू 21100, नेपाल",29.5619961,82.3620605,0,पुलू, monument
2958,Chumchaur,"8848+Q93, छुमचौर 21200, नेपाल",29.3068967,82.315936,5,छुमचौर, hike
2959,Dhangadhi Park,"Dhangadhi Park, धनगढी 10900, नेपाल",28.7064179,80.5860244,,धनगढी, park
2960,Netuwa Taal,"PH57+HJC, Road, धनगढी 10900, नेपाल",28.710043,80.563591,0,Road, amusement_park
2961,कलवरी चर्च धनगढी,"MHXM+RQC, धनगढी 10900, नेपाल",28.6996143,80.5843893,4.6,धनगढी, church
2962,ISKCON Dhangadi,"धनगढी 10900, नेपाल",28.703097,80.5727388,4.7,नेपाल, hindu_temple
2963,Buddha chowk,"MJX4+87R, धनगढी 10900, नेपाल",28.6982402,80.605684,4.2,धनगढी, monument
2964,Dewariya,"PJ59+93R, Jungle Rd, धनगढी 10900, नेपाल",28.708491,80.617635,3.3,Jungle Rd, historic_site
2965,Emmanuel eclesia tikapur kailali,"G495+3W9, टिकापुर 10901, नेपाल",28.5176825,81.1098188,4,टिकापुर, church
2966,टिकापुर,"टिकापुर 10901, नेपाल",28.5099229,81.1085744,,नेपाल, tourist_attraction
2967,"Tikapur children park , Kailali","G4M7+CXM, टिकापुर 10901, नेपाल",28.5335875,81.1149219,0,टिकापुर, tourist_attraction
2968,Ganesh Temple,"G4G9+M5H, टिकापुर 10901, नेपाल",28.5266319,81.1179775,4,टिकापुर, hindu_temple
2969,कुन्टिखेत Park,"J44X+75V, कुन्टिखेत, लम्की चुहा 10901, नेपाल",28.6057298,81.1479244,5,कुन्टिखेत, park
2970,Gutu khola& Bheri confluence,"Q8JG+H2, बिद्यापुर 21700, नेपाल",28.7814152,81.3250558,0,बिद्यापुर, amusement_park
2971,लम्की चुहा,"लम्की चुहा, नेपाल",28.6394271,81.1416691,,नेपाल, tourist_attraction
2972,Lamki chuha wada partappur,"J4QR+QMF, लम्की चुहा 10900, नेपाल",28.6394271,81.1416691,3,लम्की, tourist_attraction
2973,GHAUSIA Masjid Lamki Tikapur Road Kailali Sudur Pachchim Nepal,"J5G2+C82, चौहा 10901, नेपाल",28.6261997,81.1501957,5,चौहा, mosque
2974,भालुभुते चोक,"J456+3H, लम्की चुहा 10901, नेपाल",28.607672,81.1114565,0,लम्की, museum
2975,Lamki Bazar लम्की बजार,"लम्की चुहा 10901, नेपाल",28.6269462,81.1540717,4,नेपाल, art_gallery
2976,शिवशक्ति चन्द्रमौलेश्वर धाम,"J5F3+Q24, Unnamed Road, लम्की चुहा 10901, नेपाल",28.6243918,81.1525764,3.7,Unnamed Road, hindu_temple
2977,Hakim Chok Tilakha,"J4W6+JX, लम्की चुहा 10900, नेपाल",28.6459424,81.1111124,0,लम्की, historic_site
2978,Dhade Khola,"M5W7+6Q, लम्की चुहा 10900, नेपाल",28.6955307,81.1643884,0,लम्की, picnic
2979,आमपानी खोला,"M672+CGP, लम्की चुहा 10900, नेपाल",28.6635914,81.2013256,4.5,लम्की, hike
2980,केरा बारी,"गाउँपालिका ६ जोकाही, 10900, नेपाल",28.6236668,80.9980328,5,10900, park
2981,Kota Christiya Church,"JWF4+5V, घोडाघोडी 10900, नेपाल",28.6228387,80.9071409,5,घोडाघोडी, church
2982,घोडाघोडी,"घोडाघोडी 10900, नेपाल",28.627729,80.9650023,,नेपाल, tourist_attraction
2983,Belal Masjid Muda Bazar BardGoria Ward No 4 Kailali Sudur Pashchim Nepal,"M26F+J92, 10900, नेपाल",28.66152,81.0234236,5,10900, mosque
2984,Ghoda Ghodi Temple,"MWMW+H58, महेन्द्र राजमार्ग, घोडाघोडी 10900, नेपाल",28.6839208,80.9454628,4.3,महेन्द्र राजमार्ग, museum
2985,घोडाघोडी ताल,"घोडाघोडी ताल, 10900, नेपाल",28.6888793,80.9498015,4.2,10900, monument
2986,Ghodaghodi Lake,"MWPW+9F5, घोडाघोडी 10900, नेपाल",28.6858817,80.9462357,4.4,घोडाघोडी, picnic
2987,Chandan Chy Bhajani Nepal,"FXX7+QC, भजनी त्रिशक्ति, नेपाल",28.4994375,80.9635625,5,भजनी त्रिशक्ति, park
2988,Jyoti church Bhajani 3 dhushi,"भजनी त्रिशक्ति 10901, नेपाल",28.4935837,81.0013293,0,नेपाल, church
2989,Bhajani word 8 Godchaura kailali,"F2R9+23R, थापापुर 10901, नेपाल",28.4901228,81.0176441,0,थापापुर, tourist_attraction
2990,भजनी नगरपालिका कार्यालय,"भजनी त्रिशक्ति 10901, नेपाल",28.4911753,80.964479,5,नेपाल, mosque
2991,Kundi chauraha,"GWCV+FW, भजनी त्रिशक्ति 10900, नेपाल",28.52124,80.944777,0,भजनी, museum
2992,कर्मदेव बाबा मन्दिर,"FXF8+J2H, Unnamed Road, भजनी त्रिशक्ति 10901, नेपाल",28.4740517,80.965095,3,Unnamed Road, hindu_temple
2993,भजनी,"भजनी, नेपाल",28.4957414,80.9815817,,नेपाल, monument
2994,भजनी त्रिशक्ति,"भजनी त्रिशक्ति, नेपाल",28.5228412,80.9539475,,नेपाल, trek
2995,Karnali river bank photo spot,"F484+5G, टिकापुर 10901, नेपाल",28.4654123,81.1062904,4,टिकापुर, picnic
2996,धिकपुरान घर 🏠Anshumaan Himal Nabian,"F2RF+922, थापापुर 10901, नेपाल",28.4908851,81.0225224,0,थापापुर, hike
2997,godavari Viral Bridge,"VHJQ+P2W, अत्तरीया 10900, नेपाल",28.8827298,80.5876692,4.2,अत्तरीया, park
2998,Ishalaya Catholic Church,"Satdobato-Godavari Rd, गोदावरी 44709, नेपाल",27.5971738,85.3710471,4.1,गोदावरी, church
2999,गोदावरी मार्बल डाँडा,"44709, नेपाल",27.5911877,85.3753456,4.3,नेपाल, tourist_attraction
3000,Godawari Temple,"VHHH+MFJ, 10900, नेपाल",28.8792149,80.5786502,4.6,10900, museum
3001,Godawari Kunda गोदावरी कुण्ड,"H9XP+4PC, गोदावरी 44709, नेपाल",27.5978052,85.3867722,4.6,गोदावरी, hindu_temple
3002,गोदावरी जंगल,"HCP2+3HG, गोदावरी 44709, नेपाल",27.5851938,85.4014387,4.4,गोदावरी, historic_site
3003,गोदावरी,"गोदावरी, नेपाल",27.6015625,85.3652959,,नेपाल, historic_site
3004,फुलचोकी भवानी नौधारा मन्दिर,"H9QH+7RM, Godawari - Phulchoki Rd, गोदावरी 44709, नेपाल",27.5882251,85.3795179,4.5,Godawari - Phulchoki Rd, historic_site
3005,Phulchowki,"HCC4+8MF, Trail to Phulchowki Mai, गोदावरी 44700, नेपाल",27.5708024,85.4066658,4.6,Trail to Phulchowki Mai, hike
3006,"The Church of the Living God, Gauriganga-1, Mangalpur, Kailali, Far-West, Nepal","QQ42+4V3, चौमाला 10900, नेपाल",28.7553181,80.7521908,5,चौमाला, church
3007,Gorkhali’s Sansari Dada,"Nilkantha-4, नेपाल",27.8859794,84.914195,3,नेपाल, tourist_attraction
3008,एभिएशन म्युजियम,"44600, काठमाडौँ, नेपाल",27.6938316,85.3538524,4,काठमाडौँ, museum
3009,Gauri Temple,"P87X+6R4, काठमाडौँ 44600, नेपाल",27.7130546,85.3496475,4.5,काठमाडौँ, hindu_temple
3010,Udashipur Kailali,"Gauriganga Municipality 10, उदासीपुर 10905, नेपाल",28.7669539,80.7546952,4,उदासीपुर, historic_site
3011,Ram Janaki Mandir,"PH29+G79, धनगढी 10900, नेपाल",28.7012905,80.5682454,4.7,धनगढी, hindu_temple
3012,जानकीनगर,"जानकीनगर 10901, नेपाल",28.5867983,81.0892627,,नेपाल, historic_site
3013,जानकी गाउँपालिकाको कार्यालय,"H455+W2H, दुर्गौली 10901, नेपाल",28.5598337,81.1076551,3.1,दुर्गौली, trek
3014,जानकी,"जानकी, नेपाल",28.5648632,81.1062631,,नेपाल, trek
3015,"Galgatha AG Church, Bauniya","M27Q+MMH, दुदोधारा 10900, नेपाल",28.6641778,81.0392282,5,दुदोधारा, church
3016,बर्दगोरिया,"बर्दगोरिया, 10900, नेपाल",28.6590225,81.0481118,,10900, tourist_attraction
3017,bardagoriya suspension bridge,"M3J3+WC, दुदोधारा 10900, नेपाल",28.682291,81.0535415,5,दुदोधारा, tourist_attraction
3018,Bardagoriya,"H2WV+GRW, बोनिया 10901, नेपाल",28.5963719,81.0445584,5,बोनिया, museum
3019,"बर्दगोरिया, धार्मिक स्थान","M3H3+PPW, दुदोधारा 10900, नेपाल",28.6793581,81.0543411,4.4,दुदोधारा, hindu_temple
3020,Bardagoriya Kanyaraja Temple,"M3J3+5J8, दुदोधारा 10900, नेपाल",28.6804244,81.0540802,3.5,दुदोधारा, monument
3021,deurali view point,"P5J3+C9, सुगारखाल 10900, नेपाल",28.7310491,81.1534316,5,सुगारखाल, hike
3022,Shanti AG Church,"VVR7+QRJ, मोहन्याल 10900, नेपाल",28.8919625,80.8645238,0,मोहन्याल, church
3023,मोहन्याल,"मोहन्याल 10900, नेपाल",28.88,80.89,,नेपाल, tourist_attraction
3024,Patela Tharu Cultural Museum,"MMX8+CF7, धनगढी 10900, नेपाल",28.6985208,80.666168,4.7,धनगढी, museum
3025,Gallery Mcube,"M8HF+W33, मित्र मार्ग, ललितपुर 44600, नेपाल",27.679765,85.3226748,4.5,मित्र मार्ग, art_gallery
3026,Malika Temple Bhatkuri,"VVHQ+XXX, मोहन्याल 10900, नेपाल",28.88,80.89,0,मोहन्याल, hindu_temple
3027,चुरे,"चुरे, नेपाल",29.0149454,80.6232738,,नेपाल, tourist_attraction
3028,GHAUSIA MASJID Dhangadhi (Chauraha) District Kailali SudurPashchim (Nepal),"PH39+HXR, धनगढी 10900, नेपाल",28.7039976,80.5699227,5,धनगढी, mosque
3029,P3A's House/प्रेम को घर,"QMWR+RCW, चौमाला 10900, नेपाल",28.7971514,80.6910611,5,चौमाला, museum
3030,सापकोटा कुल मन्दिर,"Chure 01, नेपाल",29.0025518,80.6668466,5,नेपाल, hindu_temple
3031,सेलास सामुदायिक वन,"8JGM+7C, अमरगढी 10300, नेपाल",29.3256819,80.6335873,0,अमरगढी, historic_site
3032,Murivabar Picnic Spot,"VMHF+8X, अत्तरीया 10900, नेपाल",28.8783041,80.6749473,5,अत्तरीया, picnic
3033,Phulwari Childeren Park,"JP37+X4P, धनगढी 10900, नेपाल",28.6049512,80.7128302,0,धनगढी, park
3034,"Ghortal, Himmatpur","HWM5+MHP, भजनी त्रिशक्ति 10900, नेपाल",28.5842202,80.9089422,5,भजनी, amusement_park
3035,Mahima AG Church Kailari-2kailai,"Unnamed Road, 10900, नेपाल",28.6163542,80.7888106,5,10900, church
3036,कैलारी,"कैलारी, नेपाल",28.5716774,80.7866592,,नेपाल, tourist_attraction
3037,Kalimai Temple,"K-Gaun, 10900, नेपाल",28.5859411,80.7688783,5,10900, hindu_temple
3038,Kailari gaun,"JRC6+222 House of Ramesh Chaudhary, बसौटी 10900, नेपाल",28.6200001,80.8100001,0,बसौटी, historic_site
3039,Karnali Rafting and Adventure pvt.Ltd,"Karnali, चिसापानी 10901, नेपाल",28.6382964,81.2783463,4.1,चिसापानी, trek
3040,कोहिलई ताल,"MQRC+6W, गदरिया 10900, नेपाल",28.690505,80.7722853,3.2,गदरिया, picnic
3041,Joshipur 2 Lovely park,"H2J3+65Q, जोशीपुर 10900, नेपाल",28.5805807,81.0029835,4.8,जोशीपुर, park
3042,FGT Church Joshipur,"H2C9+FMJ, जोशीपुर 10901, नेपाल",28.5712331,81.0191358,5,जोशीपुर, church
3043,जोशीपुर,"जोशीपुर, नेपाल",28.5674011,81.01473,,नेपाल, tourist_attraction
3044,Joshipur Kailali,"H29C+J76, जोशीपुर 10901, नेपाल",28.5690366,81.0206294,3,जोशीपुर, tourist_attraction
3045,DC FARMLAND,"F2QC+QR4, थापापुर 10901, नेपाल",28.4893858,81.0220869,0,थापापुर, museum
3046,Shiv Mandir,"H25M+45H, जोशीपुर 10901, नेपाल",28.5578136,81.0329514,4.3,जोशीपुर, hindu_temple
3047,"Uttar Tol, Bhitariya","GXWX+6PJ, जोशीपुर 10901, नेपाल",28.5455923,80.999277,0,जोशीपुर, hike
3048,Kalikot raskot,"5J24+JW8, मान्मा 21300, नेपाल",29.1515226,81.6073382,3.6,मान्मा, park
3049,Nirmala kumarishahi,"6P5M+GXW, रामनाकोट 21300, नेपाल",29.2088617,81.734942,0,रामनाकोट, church
3050,खाँडाचक्र,"खाँडाचक्र, 21300, नेपाल",29.1485449,81.6142184,,21300, tourist_attraction
3051,Kalikot manma,"4HJX+CC4, कर्णाली राजमार्ग, मान्मा 21300, नेपाल",29.1310188,81.5985687,4,कर्णाली राजमार्ग, tourist_attraction
3052,Chittka art,"bayarghari 2, दर्सिङ दहथुम 33801, नेपाल",28.0336271,83.7835692,5,दर्सिङ, art_gallery
3053,Dadamandu kalikot,"6JF5+927 3, रकु 21300, नेपाल",29.2234214,81.6075464,0,रकु, hindu_temple
3054,खाँडाचक्र नगरपालिका,"4JX7+JCF, मान्मा 21300, नेपाल",29.1490352,81.6135444,4.6,मान्मा, monument
3055,Bhattadi Village (भात्तडी गाउँ),"5R2M+3XQ, राँचुली 21300, नेपाल",29.1502221,81.8349238,0,राँचुली, historic_site
3056,Ghodalaas घोड़ालाश,"7M86+758, फुकोट 21300, नेपाल",29.2653317,81.6609716,0,फुकोट, park
3057,Raskot Municipality office,"6JQP+7WR, सिउना 21300, नेपाल",29.2382128,81.6372834,3.6,सिउना, mosque
3058,Dhalpuro temple धल्पुरो मन्दिर Mangal,"01, hapkot, नेपाल",29.2624364,81.6079413,5,hapkot, hindu_temple
3059,Raskot darbar,"7M86+758, फुकोट 21300, नेपाल",29.2656719,81.6604425,0,फुकोट, monument
3060,सेतिकोट,"7J4X+FP2, सिउना 21300, नेपाल",29.2561403,81.6492577,5,सिउना, trek
3061,कृथाैला(भात्तडी),"5V46+G4M, राँचुली 21300, नेपाल",29.156339,81.8602892,0,राँचुली, park
3062,Thamkhet,"4Q2F+69, चिल्खाया 21300, नेपाल",29.1006067,81.77346,0,चिल्खाया, church
3063,तिलागुफा,"तिलागुफा, नेपाल",29.1655111,81.8698895,,नेपाल, tourist_attraction
3064,Jiunibada tool,"4MCV+GR6, दाहाफतगाउँ 21300, नेपाल",29.1212967,81.6945399,0,दाहाफतगाउँ, museum
3065,Kalikot khalla,"5R8H+648, जुबिथा 21300, नेपाल",29.1655314,81.827843,5,जुबिथा, hindu_temple
3066,Temporary Tilagufa municipality,"जुबिथा 21300, नेपाल",29.1435348,81.8222253,4.5,नेपाल, monument
3067,Katikuda,"3PJM+62J, गेला 21300, नेपाल",29.080578,81.7325132,0,गेला, trek
3068,pachal jharana,"7PP6+CGH, नानीकोट 21300, नेपाल",29.2860749,81.711366,5,नानीकोट, park
3069,परेवाकोट चर्च Parewakot Church,"JP47+677, पिप्ले 44202, नेपाल",27.6055787,84.713184,5,पिप्ले, church
3070,"Lapha,Pachal Jharana,Kalikot","7P96+FF, रामनाकोट 21300, नेपाल",29.2687105,81.7112493,2,रामनाकोट, tourist_attraction
3071,Pachaljharna Waterfall| पचालझर्ना,"6PGV+VC, रामनाकोट 21300, नेपाल",29.2271866,81.7435364,3.5,रामनाकोट, mosque
3072,कालशिल्ला मन्दिर पलातिबाडा,"6MV4+3W9, फुकोट 21300, नेपाल",29.2425628,81.6559403,3,फुकोट, hindu_temple
3073,Tribeni patan Kalikot,"8HW3+VP, मुम्राकोट 21300, नेपाल",29.347125,81.5543478,5,मुम्राकोट, park
3074,Sanni triveni 1 lusa kalikot,"6JM5+R85 1 lusa, मेहल मुडी 21300, नेपाल",29.2345006,81.6083643,1,मेहल, church
3075,Trivini Patan त्रीविनी पाटन,"8GXP+67M, कैलाशमाडौँ 10600, नेपाल",29.348087,81.5356575,5,कैलाशमाडौँ, tourist_attraction
3076,देवि देवता ले सबै काे रक्षा गरुन सन्दिप,"5HFF+F28, कोटवाडा 21300, नेपाल",29.1736642,81.5725744,5,कोटवाडा, hindu_temple
3077,सान्नी त्रिवेणी,"सान्नी त्रिवेणी, 21300, नेपाल",29.2345006,81.6083643,,21300, historic_site
3078,Tribeni Trek,"Khusibu Sadak 16, काठमाडौँ 44600, नेपाल",27.7219955,85.3014756,4.9,काठमाडौँ, trek
3079,कोटिला महादेव मन्दिर,"RMCP+663, नारायण नगरपालिका 21600, नेपाल",28.8205035,81.685547,3.3,नारायण, hindu_temple
3080,हनुमान ढोका,"Hanuman Dhoka Sadak, काठमाडौँ 44600, नेपाल",27.704272,85.307417,4.5,काठमाडौँ, monument
3081,नरहरिनाथ,"नरहरिनाथ, नेपाल",29.170372,81.5683301,,नेपाल, historic_site
3082,कालिकोट,"कालिकोट, नेपाल",29.2088617,81.734942,,नेपाल, trek
3083,Kakani Picnic Spot,"R6GW+7GX, ककनी 44900, नेपाल",27.8257471,85.2463723,0,ककनी, picnic
3084,"Kalika Park, Budhanilkantha -8, Bhangal, Kathmandu","बुढानीलकण्ठ 44600, नेपाल",27.7594507,85.3593767,4.2,नेपाल, park
3085,Kaskikot Kalika Temple,"7WC3+RRX Suikhet Road, कास्कीकोट 33700, नेपाल",28.2720869,83.9046544,4.5,कास्कीकोट, tourist_attraction
3086,Kaalo.101,"ललितपुर 44600, नेपाल",27.6753133,85.3265957,4.8,नेपाल, art_gallery
3087,Shubhakalika RM kalikot,"4J5H+FFG, सुकाटिया 21300, नेपाल",29.1087079,81.6286885,5,सुकाटिया, monument
3088,शुभ कालीका,"शुभ कालीका, नेपाल",29.09364,81.5825446,,नेपाल, picnic
3089,मिलन चोक Milan chook,"4J5M+3QG, सुकाटिया 21300, नेपाल",29.1076852,81.6344449,1,सुकाटिया, park
3090,महावै,"महावै, नेपाल",29.0562998,81.7549097,,नेपाल, tourist_attraction
3091,K.K AQUARIUM SHOP,"P86V+CP9, Jaya Bageshwori Road, काठमाडौँ 44600, नेपाल",27.711034,85.34437,3.5,Jaya Bageshwori Road, aquarium
3092,Bihanee Art Gallery & Videography,"bansgadhi-5, बाँसगढी 21800, नेपाल",28.2829686,81.5486728,0,बाँसगढी, art_gallery
3093,Kalikot manma,"4JV7+PH3, मान्मा 21300, नेपाल",29.1442616,81.6139233,3,मान्मा, monument
3094,Tannakatiya,"3J9Q+M8, सुकाटिया 21300, नेपाल",29.0692159,81.6383465,5,सुकाटिया, hike
3095,पलाता,"पलाता, नेपाल",29.3597883,81.8390139,,नेपाल, tourist_attraction
3096,hindu temple,"8P2X+4XR, थिर्पू 21300, नेपाल",29.3003745,81.7498981,4,थिर्पू, hindu_temple
3097,कुडील्ला,"7QC9+FRC, रामनाकोट 21300, नेपाल",29.2711964,81.7695219,0,रामनाकोट, hike
3098,Siddhanath temple Nepal,"2536+4X7, भीमदत्त 10400, नेपाल",29.0027871,80.162462,4.6,भीमदत्त, hindu_temple
3099,Punarbas Park,"MF32+QFP, Road, पुनर्वास 10400, नेपाल",28.6544565,80.4512105,4.3,Road, park
3100,Sinai Church,"MF94+7VM, पुनर्वास 10400, नेपाल",28.668288,80.4572309,5,पुनर्वास, church
3101,पुनर्वास,"पुनर्वास, नेपाल",28.6512253,80.4660256,,नेपाल, tourist_attraction
3102,Barkaati Masjid Krishna Nagar Colony,"JCJF+G64, Basahi Colon, Krishna Nagar Colony, Uttar Pradesh 262904, भारत",28.6170266,80.4107745,0,Basahi Colon, mosque
3103,राना थारु संग्रहालय,"PC64+XRF, पुनर्वास 10400, नेपाल",28.7124422,80.4070362,2.5,पुनर्वास, museum
3104,"हिरापुर कालो हरिण संरक्षण क्षेत्र, शुक्लाफाँटा राष्ट्रिय निकुञ्ज","Shuklaphanta Municipality, 10400, नेपाल",28.953146,80.3349485,4.8,10400, zoo
3105,shiva Temple,"HGQ7+MWF, पुनर्वास 10400, नेपाल",28.589183,80.5147885,4.9,पुनर्वास, hindu_temple
3106,Bedkot Park,"X723+R72, 10400, नेपाल",28.9520238,80.2531438,5,10400, park
3107,Bedkot Lake,"Bedkot Lake, दैजी 10400, नेपाल",29.0234395,80.3202661,4.4,दैजी, tourist_attraction
3108,बिष्णु मन्दिर,"255X+W4X, भीमदत्त 10400, नेपाल",29.0098536,80.1978665,4.8,भीमदत्त, hindu_temple
3109,"झिलमिला ताल भी न पा ९ मटेना, कञ्चनपुर नेपाल Jhilmila lake KanchanpurNepal","359Q+23V Jhilmil Taal, भीमदत्त 10400, नेपाल",29.0676027,80.1876809,4.7,भीमदत्त, trek
3110,Shikri kunda शिक्रि कुण्डा,"P7MH+Q8R, Unnamed Road, बेलौरी 10400, नेपाल",28.7344806,80.2782667,4.5,Unnamed Road, park
3111,"Hope Community Church, Belauri Kanchanpur","M9Q3+RV5, बेलौरी 10400, नेपाल",28.6895215,80.3547286,0,बेलौरी, church
3112,Prem Taal,"M86W+6P5, बेलौरी 10400, नेपाल",28.6605015,80.3468551,5,बेलौरी, tourist_attraction
3113,Jama Masjid Kamalapuri,"J9P4+H7P, Teduha, Kamala Puri Colony, Uttar Pradesh 262904, भारत",28.6364635,80.3557018,4.8,Teduha, mosque
3114,बेलौरी बजार,"बेलौरी बजार, बेलौरी 10400, नेपाल",28.6841446,80.360297,,बेलौरी, monument
3115,"बेलौरी नगरपालिका कार्यालय, कञ्चनपुर","बेलौरी पार्क, बेलौरी 10400, नेपाल",28.681689,80.3620029,3.8,बेलौरी, historic_site
3116,Kanchanpur belauri,"बेलौरी 00997, नेपाल",28.6821034,80.362701,3,नेपाल, historic_site
3117,Nakaiya,"M8GF+5W5, बेलौरी, नेपाल",28.6753918,80.3248439,5,बेलौरी, trek
3118,Bandhatal,"MC95+PV, बेलौरी 10400, नेपाल",28.6693209,80.4096641,0,बेलौरी, picnic
3119,"Chamman Chauraha, Kaluwapur","QGQ9+9MM, कृष्णपुर 10400, नेपाल",28.7884683,80.5191697,4.6,कृष्णपुर, park
3120,Prashansa Baptist Church,"QGWJ+994, कृष्णपुर 10900, नेपाल",28.7958813,80.5309556,0,कृष्णपुर, church
3121,सिस्ने सिमसार तथा पर्यटन क्षेत्र,"VFR4+MJ9, कृष्णपुर 10400, नेपाल",28.8916502,80.4566085,5,कृष्णपुर, tourist_attraction
3122,Kailali-kanchanpur Suspension bridge shantipur,"QGHX+3J, अत्तरीया 10900, नेपाल",28.7777113,80.5491071,4,अत्तरीया, tourist_attraction
3123,कृष्णपुर नगरपालिका कार्यालय,"RFPP+P5H, कृष्णपुर 10400, नेपाल",28.8368081,80.4855333,4,कृष्णपुर, mosque
3124,Namadev Temple,"PHGH+PWF, धनगढी 10900, नेपाल",28.7268213,80.5797869,4.5,धनगढी, museum
3125,श्री सिद्धनाथ मन्दिर,"VC97+X4R, कृष्णपुर 10400, नेपाल",28.869946,80.4127174,0,कृष्णपुर, hindu_temple
3126,गडबिजुला ताल,"कृष्णपुर 10400, नेपाल",28.8495555,80.4222926,5,नेपाल, historic_site
3127,Attariya Chauraha,"RH63+X9X, अत्तरीया 10900, नेपाल",28.8127412,80.5537537,4.1,अत्तरीया, picnic
3128,Pipraiya Park,"W4C8+3MV, भीमदत्त 10400, नेपाल",28.9202497,80.1166807,2.8,भीमदत्त, park
3129,Canaan A.G Church,"X5JG+6V3, Bhimdattanagar Aithpur 6, भीमदत्त 10400, नेपाल",28.9783125,80.1766875,3.7,Bhimdattanagar, church
3130,Mahakali Rafing Resort,"W4G8+95, भीमदत्त 10400, नेपाल",28.9258801,80.115482,4.6,भीमदत्त, tourist_attraction
3131,दोधारा चाँदनी पुल,"W4F7+FJJ, भीमदत्त 10400, नेपाल",28.923716,80.1140076,4.5,भीमदत्त, mosque
3132,"Harihar Snan Ghat-12, Airy,Mahendranagar","X428+RFR, भीमदत्त 10400, नेपाल",28.9521074,80.1161302,5,भीमदत्त, hindu_temple
3133,"Mahakali Bridge,Dodhara Chadani","W4W4+4WR, Mahakali Road, भीमदत्त 10400, नेपाल",28.9453722,80.1072601,4.6,Mahakali Road, monument
3134,Picnic SporT Dodhara Chandani 5,"V3RX+R78, दोधारा चाँदनी 10400, नेपाल",28.892033,80.0981993,5,दोधारा, picnic
3135,Mahakali Suspension Bridge,"W4F8+G2G, Mahakali Jholunga Bridge, भीमदत्त 10400, नेपाल",28.9238146,80.1150818,4.2,Mahakali Jholunga Bridge, hike
3136,Anugraha Church ️ ️,"देखतभुली 10400, नेपाल",28.8481822,80.4061098,2,नेपाल, church
3137,Shuklaphanta Wildlife Reserve Museum,"X42X+455, भीमदत्त 10400, नेपाल",28.9502602,80.1479252,4.9,भीमदत्त, museum
3138,श्री बैजनाथ मन्दिर शुक्लाफांटा नगरपालिका ०७ सिमलफांटा,"Shuklaphanta Municiapality Ward No. 7, Shimaphanta 10400, नेपाल",28.9451469,80.3439024,5,Shimaphanta, hindu_temple
3139,Prakash church,"R9GW+HW9, 05, नेपाल",28.8264008,80.3973622,0,5, church
3140,Jame Masjid Jamiatul Islah Alislamia,"Jalpapur Rd 2, रामनगर भुटाहा 56715, नेपाल",26.5346187,87.1185355,4.7,रामनगर, mosque
3141,Durga mandir bichpatti,"R94C+W9R, देखतभुली 10400, नेपाल",28.8073666,80.3708767,4,देखतभुली, museum
3142,Siv Mandir Chandev khairgadaiya,"Laljhadi 6 Chandev Kanchpur, 10400, नेपाल",28.7681969,80.3404899,5,10400, hindu_temple
3143,लालझाडी,"लालझाडी, 10400, नेपाल",28.7606805,80.3855818,,10400, historic_site
3144,Simal Tree Border Picnic ground,"MG83+7FF, बैसि बिचवा 10400, नेपाल",28.6656892,80.5036568,5,बैसि, picnic
3145,Little green park,"Q7JG+C3, बेलडन्डी 10400, नेपाल",28.7811166,80.2751423,4,बेलडन्डी, park
3146,"Balidan A.G. Church, Simaldandi","Q747+VW, बेलडन्डी 10400, नेपाल",28.7571644,80.2648533,4,बेलडन्डी, church
3147,Beldandi,"Q7H9+P3R, बेलडन्डी 10400, नेपाल",28.7793561,80.2676442,5,बेलडन्डी, tourist_attraction
3148,बेलडन्डी,"बेलडन्डी 10400, नेपाल",28.7754741,80.2655846,,नेपाल, mosque
3149,बिहानी आर्ट ग्यालरी,"6GRC+87Q, बाँसगढी 21800, नेपाल",28.2408465,81.5207365,0,बाँसगढी, art_gallery
3150,Baijanath Temple,"Q6JQ+985, बेलडन्डी 10400, नेपाल",28.7808756,80.2383725,5,बेलडन्डी, monument
3151,The Trek Nepal,"Tarkeshwor - 5, काठमाडौँ 44600, नेपाल",27.7436247,85.2908403,5,काठमाडौँ, trek
3152,Kapilvastu Park - Ancient Buddhist Site,"C4XH+63W, National Highway 233, Birdpur No.1, Uttar Pradesh 272202, भारत",27.4481002,83.1277057,4.2,National, park
3153,Punaruthan Church Sagarahawa,"J33H+6H, कपिलवस्तु 32800, नेपाल",27.6030616,83.0789173,4,कपिलवस्तु, church
3154,कपिलवस्तु संग्रहालय,"H2FX+J7H, कपिलवस्तु 32800, नेपाल",27.5740659,83.0482232,4.2,कपिलवस्तु, museum
3155,Kapilvastu Museum,"C4QH+MGJ, Piprahawa - Bankatwa Rd, Pachangawa, Uttar Pradesh 272202, भारत",27.4391333,83.1287385,4.6,Piprahawa - Bankatwa Rd, museum
3156,Jagdishpur Bird Sanctuary,"J39W+92, वाणगंगा 32800, नेपाल",27.6184843,83.0950646,4.2,वाणगंगा, zoo
3157,श्री तौलेश्वरनाथ मन्दिर,"G3V3+W83, कपिलवस्तु 32800, नेपाल",27.5447588,83.0532825,4.5,कपिलवस्तु, hindu_temple
3158,Rajapani Picnic Spot,"J5XM+GWW, वाणगंगा 32800, नेपाल",27.6488505,83.1848385,3.8,वाणगंगा, picnic
3159,Basantchok,"F2H6+C2W, 32800, नेपाल",27.4786003,83.0100853,0,32800, hike
3160,Love Park(मधाैलिया वन उद्यान),"Banganga no. 05 madhauli, नेपाल",27.6764326,83.1535126,3.8,नेपाल, park
3161,Kapilvastu Avinash Church,"Banaganga-5, Kopawa, नेपाल",27.6456584,83.1231563,4.8,Kopawa, church
3162,Jama Masjid Abu Bakr Siddique,"H4MC+RV9, कपिलवस्तु 32800, नेपाल",27.5845806,83.1222327,4.3,कपिलवस्तु, mosque
3163,BIHANI GIFT & ARTS,"Horizon Chowk 4 No, Kapilvastu, नेपाल",27.6830627,83.1774288,0,Kapilvastu, art_gallery
3164,बनगाई शिव मन्दिर,"J43P+78X, Bangai, कपिलवस्तु 11, नेपाल",27.6032372,83.1358916,5,Bangai, hindu_temple
3165,लक्ष्मणघाट बाँध,"Laxmanghat 6, वाणगंगा 32800, नेपाल",27.666407,83.114623,4.3,वाणगंगा, monument
3166,Niglihawa Ashoka Pillar,"H3WW+279, कपिलवस्तु 32800, नेपाल",27.5950362,83.0957311,4.6,कपिलवस्तु, historic_site
3167,Nagawa forest,"J4MQ+XF9, वाणगंगा 32800, नेपाल",27.635336,83.1377443,5,वाणगंगा, trek
3168,"Banganga sub division Forest Office, Dohte","Q3CF+V72, ठाडा 32800, नेपाल",27.77215,83.0731251,3.6,ठाडा, hike
3169,चन्द्रौटा चाेक,"JVX7+JQ5 E W, महेन्द्र राजमार्ग, शिवराज 32800, नेपाल",27.6490227,82.8644788,4,महेन्द्र राजमार्ग, park
3170,Calvary church,"MRHV+6H3, शिवराज 32800, नेपाल",27.6780153,82.8439138,5,शिवराज, church
3171,Masjid katuwa,"JVMV+69X, शिवराज 32800, नेपाल",27.6331122,82.8934735,5,शिवराज, mosque
3172,Shivraj 6 Birpur kapilvastu,"शिवराज 32800, नेपाल",27.60992,82.8531783,3.5,नेपाल, hindu_temple
3173,अन्तर्राष्ट्रिय कृष्ण भावनामृत संघ नेपाल,"Q9M4+GF4, Budhanilkantha School Main Rd, बुढानीलकण्ठ 44600, नेपाल",27.7836549,85.3569996,4.6,Budhanilkantha School Main Rd, church
3174,कृष्णनगर,"कृष्णनगर, नेपाल",27.5097292,82.7940297,,नेपाल, tourist_attraction
3175,श्री लक्ष्मी नारायण मन्दिर,"GQ2R+2C8, कृष्णनगर, नेपाल",27.5000206,82.7910822,4.6,कृष्णनगर, hindu_temple
3176,Gotihawa Stupa & Pillar Site,"G2C9+V69, कपिलवस्तु 32800, नेपाल",27.5221583,83.0180941,4.7,कपिलवस्तु, historic_site
3177,Barkati Masjid Bargada,"GXXJ+45M, महाराजगंज 32800, नेपाल",27.5485526,82.9802686,4.4,महाराजगंज, mosque
3178,Happy Fins,"सिद्धार्थनगर 32900, नेपाल",27.5083731,83.4546339,4.3,नेपाल, aquarium
3179,महाराजगंज,"महाराजगंज 32800, नेपाल",27.56,82.97,,नेपाल, trek
3180,Church,"H357+V38, कपिलवस्तु 32800, नेपाल",27.5596789,83.0626432,0,कपिलवस्तु, church
3181,Twin Stupa,"H3J4+PPC, Tilaurakot, कपिलवस्तु 32800, नेपाल",27.581806,83.0567643,4.7,Tilaurakot, tourist_attraction
3182,बुद्ध नेपाल कला ग्यालरी,"Infront Of Global IME Bank, चाक्सीवारी मार्ग, काठमाडौँ 44600, नेपाल",27.7164864,85.3101423,4.8,चाक्सीवारी मार्ग, art_gallery
3183,Buddha Lumbini Treks,"J8G9+6JP, सातदोबाटो टिकाभैरब मार्ग, ठेचो 44600, नेपाल",27.6253117,85.3202051,5,सातदोबाटो टिकाभैरब मार्ग, trek
3184,"Dhap Dam , Shivapuri National Park","Sundarijal-Chisapani Trek, गोकर्णेश्वर, नेपाल",27.8059842,85.4555618,4.4,गोकर्णेश्वर, hike
3185,Nandnagar,"Mayadevi 8, nandnagar, नेपाल",27.4679893,83.1632916,5,nandnagar, park
3186,Jama masgid,"G472+F4V, कपिलवस्तु 32800, नेपाल",27.5137286,83.1002902,4,कपिलवस्तु, mosque
3187,मायादेवी,"मायादेवी, 32800, नेपाल",27.5255751,83.1432626,,32800, historic_site
3188,Red Sun Fun Park,"GF4F+QMJ, सिद्धार्थनगर 32900, नेपाल",27.5069722,83.4741462,4.1,सिद्धार्थनगर, amusement_park
3189,सुद्धोधन,"सुद्धोधन, नेपाल",27.5086049,83.2034382,,नेपाल, tourist_attraction
3190,Fulwapur Abdul house,"C6V6+CJ, लुम्बिनी साँस्कृतिक 32800, नेपाल",27.4435486,83.2115452,4.9,लुम्बिनी, mosque
3191,Jaynagra Nepal,"F679+3PQ, हुलाकी राजमार्ग, लुम्बिनी साँस्कृतिक 32900, नेपाल",27.4627129,83.2193556,5,हुलाकी राजमार्ग, trek
3192,Senior Citizen Park जेष्ठ नागरिक उद्यान,"कपिलवस्तु 32800, नेपाल",27.540141,83.0539316,3,नेपाल, park
3193,एक्वा वाटर पार्क लुम्बिनी,"Lumbini Aqwa Park and Resort, सिद्धार्थनगर 32900, नेपाल",27.4861831,83.4628829,3.8,सिद्धार्थनगर, amusement_park
3194,Noori masjid,"HRJ5+M4P, Vijaynagar Patradaya, Patthardaihiya 32800, नेपाल",27.5798723,82.8109239,4.1,Vijaynagar Patradaya, mosque
3195,Gugauli,"H22W+PQ6 Bijaynagar Rural Municipality 1, कपिलवस्तु 32800, नेपाल",27.5517986,83.0468775,0,कपिलवस्तु, hindu_temple
3196,बसुन्धारा पार्क,"6X37+4W4, पार्क सडक, पोखरा 33700, नेपाल",28.2027712,83.9648348,4.3,पार्क सडक, park
3197,बाटुलेचौर चर्च,"7X7J+PCQ, पोखरा 33700, नेपाल",28.2643286,83.9811204,3.6,पोखरा, church
3198,पोखरा लेकसाइड,"6X84+3JQ, Lakeside Rd, पोखरा 33700, नेपाल",28.215209,83.9566153,4.6,Lakeside Rd, tourist_attraction
3199,Pumdikot Shiva Statue,"पोखरा 33700, नेपाल",28.1993758,83.9293815,4.6,नेपाल, monument
3200,सहिद चोक,"पोखरा 33700, नेपाल",28.2015769,83.969797,4.1,नेपाल, historic_site
3201,Gaurighat Park Lakeside,"Gaurighat Park Lakeside, नेपाल",28.2058335,83.9606631,4.4,नेपाल, picnic
3202,Sarangkot View Point,"6WRX+P5P, Thapa Street, पोखरा 33700, नेपाल",28.2418404,83.9479378,4.6,Thapa Street, hike
3203,Annapurna Skate Park,"पोखरा 33700, नेपाल",28.2026368,83.9877514,4.2,नेपाल, park
3204,Annapurna Mata Mandir,"Annapurna municipality-6, लुम्ले 33400, नेपाल",28.3031378,83.7686724,4.7,लुम्ले, hindu_temple
3205,अन्नपूर्ण आधार शिविर,"घान्द्रुक 33700, नेपाल",28.5304141,83.8780691,4.8,नेपाल, trek
3206,Annapurna Range view point Lama Gaun,"6XVJ+595, साराङकोट रोड, पोखरा 33700, नेपाल",28.2428761,83.9809832,4.5,साराङकोट रोड, picnic
3207,वर चौतारी,"8W6W+Q6, घाचोक 33700, नेपाल",28.3119184,83.9455331,0,घाचोक, park
3208,Machhapuchre Baptist Church,"9XHC+G3W, माछापुच्छ्रे 33700, नेपाल",28.378876,83.970199,4.5,माछापुच्छ्रे, church
3209,Masjid Bilal Ra.,"Firke Marga 8, पोखरा 33700, नेपाल",28.2234678,83.9861303,4.3,पोखरा, mosque
3210,Guranse Bhume Aama Samuha Museum गुराँसे भुमे आमा समूह संग्रहालय,"8XP4+85Q, घाचोक 33700, नेपाल",28.3358292,83.9554796,5,घाचोक, museum
3211,Martha's Macrame,"Baidam Rd, पोखरा 33700, नेपाल",28.2174986,83.9588549,5,पोखरा, art_gallery
3213,अष्ट्रेलियाली शिविर,"8R4H+267 Australian camp, Annapurna-6, धम्पुस 33700, नेपाल",28.3044734,83.8280271,4.4,Annapurna-6, historic_site
3214,Machhapuchhre Village Inn,"Khahare-tol, Ghachok, पोखरा, नेपाल",28.3337205,83.9534815,4.3,Ghachok, historic_site
3215,माछापुच्छ्रे,"माछापुच्छ्रे, नेपाल",28.4708519,83.9956016,,नेपाल, historic_site
3216,Sidhuwa Park Madi,"F833+F92, माडी 44200, नेपाल",27.4536414,84.3033844,4.5,माडी, park
3217,Madhupuri Baptist Church,"नारायणी 44200, नेपाल",27.5787197,84.3174507,4.4,नेपाल, church
3218,पाताले छाँगो,"5XQ5+HP2, H10, पोखरा 33700, नेपाल",28.1895642,83.9586637,4.1,H10, tourist_attraction
3219,Pachvaiya Zoo and Animal Conservation Area,"5454+2RV, लेखनाथ 33700, नेपाल",28.1576117,84.107044,3.5,लेखनाथ, zoo
3220,"Bhagawati Mandir, Madi Gaupalika","6488+F89, Bhagwatitar, Madi Gaupalika, माझठाना, नेपाल",28.2161633,84.1158584,5,Bhagwatitar, hindu_temple
3221,Tree Monument Bench,"X798+P2X, ब्यास 33900, नेपाल",27.969665,84.2653543,0,ब्यास, monument
3222,"खुदि, कास्की, गण्डकी, नेपाल","43WQ+433, Shishuwa Rd, लेखनाथ 33700, नेपाल",28.1452651,84.0876656,4.7,Shishuwa Rd, historic_site
3223,Mardi Himal Treks & Expedition Pvt.Ltd,"Street No. 13, पोखरा 33700, नेपाल",28.2083609,83.9591799,5,पोखरा, trek
3224,Begnas Kotbari Restaurant and Picnic Spot,"54R7+V3V, लेखनाथ 33700, नेपाल",28.1922457,84.1126652,4.9,लेखनाथ, picnic
3225,Rupaitha- Jamma Masjid,"MWMH+VJ5, Unnamed Road, जनकपुर 45600, नेपाल",26.6842327,85.9256033,4.7,Unnamed Road, mosque
3226,"Rause Odar, Giri gau, kaskikot","7W7F+64R, साराङकोट रोड, कास्कीकोट 33700, नेपाल",28.2631156,83.9227775,4.9,साराङकोट रोड, historic_site
3227,Short Hiking,"6X97+6P5, Unnamed Road, पोखरा 33700, नेपाल",28.2180191,83.9643721,4.4,Unnamed Road, hike
3228,काठमाडौं अन्तर्राष्ट्रिय संगति,"Agricultural Development Bank LTD, काठमाडौँ 44600, नेपाल",27.7131972,85.3126076,4.7,काठमाडौँ, church
3229,शान्ति प्रतिमूर्ति,"P78Q+8QM, काठमाडौँ 44600, नेपाल",27.7158348,85.2894271,4.6,काठमाडौँ, monument
3230,Jagadol Jhanda Park,"Unnamed Road 44600, बुढानीलकण्ठ 44600, नेपाल",27.7430493,85.376456,4.3,बुढानीलकण्ठ, park
3231,Ekata Milap Church,"Q9J4+45R, Budhanilkantha School Main Rd, बुढानीलकण्ठ 44600, नेपाल",27.780365,85.3554509,5,Budhanilkantha School Main Rd, church
3232,बूढानीलकण्ठ मन्दिर,"Nepal Vipassana Meditation Center Rd 44600, बुढानीलकण्ठ 44600, नेपाल",27.7780545,85.3623215,4.6,बुढानीलकण्ठ, tourist_attraction
3233,مصلى إلياس الكاندهلوي.,"P9H3+MPC Bus Stop, बुढानीलकण्ठ 44600, नेपाल",27.7292211,85.3543551,0,बुढानीलकण्ठ, mosque
3234,Marine Aquatics Nepal,"काठमाडौँ 44600, नेपाल",27.7272108,85.3488546,4.2,नेपाल, aquarium
3235,सतरुद्रेश्वर महादेव,"Q9R8+QRH Budhanilkantha Jungle, बुढानीलकण्ठ 44600, नेपाल",27.7921089,85.3671662,5,बुढानीलकण्ठ, historic_site
3236,बुढानिलकण्ठ पार्क,"Q84Q+R24, Khatri Colony Rd, बुढानीलकण्ठ 44600, नेपाल",27.7570146,85.3375932,4.2,Khatri Colony Rd, picnic
3237,"Shivapuri Nagarjun National Park,HQ","Q9RC+J8P Muhan Pokhari, बुढानीलकण्ठ 44600, नेपाल",27.7915768,85.3708321,4.1,बुढानीलकण्ठ, hike
3238,Jalpa Park,"टोखा 44600, नेपाल",27.7492304,85.3191949,4,नेपाल, park
3239,Navin Church,"P8XP+2G8, टोखा 44600, नेपाल",27.7475267,85.3363366,3.6,टोखा, church
3240,झोर झरना,"Q8XF+RM3, टोखा 44600, नेपाल",27.8011237,85.32186,4.2,टोखा, tourist_attraction
3241,श्री सिद्धिबिनायक सपनतिर्थ मन्दिर,"टोखा सडक 2, काठमाडौँ 44600, नेपाल",27.7757525,85.3304096,4.3,काठमाडौँ, hindu_temple
3242,Tokha,"Q89J+G3H, Dhapasi Marg, काठमाडौँ 44600, नेपाल",27.7688108,85.3302423,4,Dhapasi Marg, historic_site
3243,Church of Christ,"Q76H+6G4, तारकेश्वर 44600, नेपाल",27.7605035,85.2788551,0,तारकेश्वर, church
3244,तार्केश्वर महादेव मन्दिर,"P8Q5+CQW, तारकेश्वर 44600, नेपाल",27.7386392,85.3094423,4.4,तारकेश्वर, tourist_attraction
3245,Thamel Masjid,"P887+X22, काठमाडौँ 44600, नेपाल",27.7173962,85.3125047,4.5,काठमाडौँ, mosque
3246,Aquarium Planet,"तारकेश्वर 44600, नेपाल",27.7489061,85.3017687,4.4,नेपाल, aquarium
3247,सुर्य दर्शन टोल,"P8X4+2W4, तारकेश्वर 44600, नेपाल",27.7472575,85.3075474,4,तारकेश्वर, historic_site
3248,Loktantrik Park लोकतान्त्रिक पार्क,"P8V6+C8F, तारकेश्वर 44600, नेपाल",27.7435618,85.3108066,4.1,तारकेश्वर, picnic
3249,Tarakeshwor viewpoint,"Q7VP+GGQ, तारकेश्वर 44900, नेपाल",27.7938443,85.286365,4.5,तारकेश्वर, hike
3250,Aradhana jyoti church,"J7GQ+9GR, दक्षिणकाली 44600, नेपाल",27.6260369,85.2887612,5,दक्षिणकाली, church
3251,Khusibu Masjid Nayabazar,"P8C2+RXR, Khusibu Sadak, काठमाडौँ 44600, नेपाल",27.7220566,85.3023238,4.8,Khusibu Sadak, mosque
3252,Blue Submarine Aquarium And Pet Shop,"Kulekhani - Phakhel - Pharping Rd, दक्षिणकाली 44600, नेपाल",27.6126309,85.2631527,5,दक्षिणकाली, aquarium
3253,Siddhicharan Memorial Statue,"P825+RF6, काठमाडौँ 44600, नेपाल",27.7020266,85.3086347,2,काठमाडौँ, monument
3254,Laudasur gufa,"J7CJ+XCX, दक्षिणकाली 44600, नेपाल",27.6230354,85.2804095,4.1,दक्षिणकाली, historic_site
3255,Dakshinkali Park,"J747+63W, फर्पिङ-कुलेखानी सडक, दक्षिणकाली 44600, नेपाल",27.606339,85.2621393,5,फर्पिङ-कुलेखानी सडक, picnic
3256,नागार्जुन जंगल,"P7W8+2PV, त्रिशुली राजमार्ग, नागार्जुन 44600, नेपाल",27.7442178,85.2567237,4.4,त्रिशुली राजमार्ग, park
3257,प्रकाश चर्च,"Dhunghedhara Yerahiti Nursery Chowk Prakash Church, नागार्जुन 44600, नेपाल",27.7254091,85.2906996,4.5,नागार्जुन, church
3258,Sitapaila Jama Masjid Hamd Al Hussain,"P75F+8VJ, नागार्जुन 44600, नेपाल",27.7082567,85.274285,4.1,नागार्जुन, mosque
3259,राधा कृष्ण मन्दिर,"P7JP+2X5, Radha Krishna Chowk, Yerahity, Raniban Rd, नागार्जुन 44600, नेपाल",27.7300148,85.2874875,4.4,Radha Krishna Chowk, hindu_temple
3260,नागार्जुन रक गार्डेन,"P7G9+37W, नागार्जुन 44600, नेपाल",27.7252447,85.2682095,4,नागार्जुन, picnic
3261,Gothatar Water Fun Park,"Unnamed Road, कागेश्वरी मनोहरा 44600, नेपाल",27.712572,85.3748474,3.9,कागेश्वरी, amusement_park
3262,Masjid,"M9WC+73F, कागेश्वरी मनोहरा 44600, नेपाल",27.6957543,85.3701916,4,कागेश्वरी, mosque
3263,The Nature Fine Art Gallery And Training Centre,"Kageswori Manohara Municipality Ward No 6 sarbeswor Marga house no 75, 00977, नेपाल",27.7150436,85.3831765,5,977, art_gallery
3264,कागेश्वरी महादेव मन्दिर,"QC7Q+8CG, कागेश्वरी मनोहरा 44600, नेपाल",27.763307,85.4385629,4.5,कागेश्वरी, hindu_temple
3265,बालुवा खानी (पशुपति क्षेत्र विकास कोष),"P96H+FX5, कागेश्वरी मनोहरा 44600, नेपाल",27.7121828,85.3789592,4,कागेश्वरी, historic_site
3266,जोरपाटी चोक सहिद पार्क,"P9CF+M2P, गोकर्णेश्वर 44600, नेपाल",27.7217949,85.3726976,3.7,गोकर्णेश्वर, park
3267,गोकर्णेश्वर महादेव मन्दिर,"P9QQ+P38, जोरपाटी सुन्दरीजल सडक, गोकर्णेश्वर 44600, नेपाल",27.7392795,85.3876969,4.5,जोरपाटी सुन्दरीजल सडक, tourist_attraction
3268,A.S. Aquarium Fish & Pet Shop,"जोरपाटी सुन्दरीजल सडक, गोकर्णेश्वर 44602, नेपाल",27.728409,85.37833,3.9,गोकर्णेश्वर, aquarium
3269,Statue of Ghattaraj Bhattarai,"P9J5+VQV, Unnamed Road, बुढानीलकण्ठ 44600, नेपाल",27.732245,85.3594119,4.1,Unnamed Road, monument
3270,Iceland Trekking & Expedition Pvt. Ltd.,"Aarubari Sadak, गोकर्णेश्वर 44602, नेपाल",27.7282319,85.3740182,4.7,गोकर्णेश्वर, trek
3271,Gokarna Hills,"P9MG+5X9, Sahid Park Rd, गोकर्णेश्वर 44600, नेपाल",27.7329247,85.3774945,4.4,Sahid Park Rd, picnic
3272,Tarebhir view point,"Q9JQ+8H, गोकर्णेश्वर 44600, नेपाल",27.7807969,85.3889726,4.4,गोकर्णेश्वर, hike
3273,चन्द्रागिरि केबल कार माथिल्लो स्टेसन,"M683+6V9, Kulekhani-Phakhel-Matatirtha Rd, चन्द्रागिरी 44600, नेपाल",27.6672261,85.2058437,4.5,Kulekhani-Phakhel-Matatirtha Rd, tourist_attraction
3274,Hamza Masjid,"M7V8+VXW, चन्द्रागिरी 44600, नेपाल",27.6946947,85.2674718,5,चन्द्रागिरी, mosque
3275,विष्णु देवी मन्दिर,"M7M6+288, चन्द्रागिरी 44600, नेपाल",27.6825424,85.2608263,4.6,चन्द्रागिरी, hindu_temple
3276,पुष्पलाल पार्क,"Champadevi, Kirtipur-4, कीर्तिपुर 44618, नेपाल",27.6584158,85.2514675,4.1,Kirtipur-4, park
3277,مصلى كلتي بور,"M7FJ+7P8, कीर्तिपुर 44618, नेपाल",27.6731628,85.2818152,5,कीर्तिपुर, mosque
3278,Angel Aquarium,"Nagaun Rd., Kirtipur, Kathmandu 44618, नेपाल",27.6731127,85.2746924,5,Kirtipur, aquarium
3279,dailoart,"कीर्तिपुर 44600, नेपाल",27.6684327,85.264268,5,नेपाल, art_gallery
3280,उमा महेश्वर मन्दिर,"M7JF+2RF, Kirtipur Ring Rd, काठमाडौँ 44618, नेपाल",27.679881,85.2746562,4.6,Kirtipur Ring Rd, hindu_temple
3281,सिम (Sim),"Kathmandu, Kirtipur ward. 4, Kirtipur Sim, कीर्तिपुर 44600, नेपाल",27.6585938,85.2929743,0,Kirtipur, monument
3282,चिलंच्व,"M7GH+Q5F, कीर्तिपुर 44618, नेपाल",27.67693,85.2779224,4.6,कीर्तिपुर, historic_site
3283,Chobar ground,"M77Q+4Q9, कीर्तिपुर 44600, नेपाल",27.6627832,85.2894958,4.1,कीर्तिपुर, picnic
3284,"shankharapur-3, Dhoksan","PGP3+9G, शङ्खरापुर 44812, नेपाल",27.735968,85.503829,4.7,शङ्खरापुर, tourist_attraction
3285,सालीनदी mandir,"PFH9+5MR, शङ्खरापुर 44600, नेपाल",27.7279979,85.4691294,4.5,शङ्खरापुर, hindu_temple
3286,Dhulikhel Picnic Park,"Dhulikhel Picnic Park, धुलिखेल मार्ग, धुलिखेल 45200, नेपाल",27.6158506,85.5623357,,धुलिखेल मार्ग, park
3287,"Evangelical Friends Church, Dhulikhel धुलिखेल मित्र मण्डली","Dhulikhel Road 3, धुलिखेल 45200, नेपाल",27.626937,85.5476667,5,धुलिखेल, church
3288,धुलिखेल पार्क,"JH86+8WW, धुलिखेल 45200, नेपाल",27.615857,85.5623327,3.9,धुलिखेल, tourist_attraction
3289,Banepa Jame Masjid,"JGGF+GX2, बनेपा 45210, नेपाल",27.62626,85.5248717,3,बनेपा, mosque
3290,KU Corner,"JG9Q+RC6, धुलिखेल 45200, नेपाल",27.6195478,85.5384994,4.5,धुलिखेल, museum
3291,Ridam krishi pashu panchi fram,"Panauti Rd, पनौती 45210, नेपाल",27.6060689,85.5292944,0,पनौती, zoo
3292,Aqua Hobbyist,"Kathmandu University Department of Computer Science and Engineering, धुलिखेल 45200, नेपाल",27.6165735,85.5407772,0,धुलिखेल, aquarium
3293,Makaju Painting showroom,"JH93+694, धुलिखेल 45200, नेपाल",27.618006,85.5534251,5,धुलिखेल, art_gallery
3294,काली मन्दिर,"JH69+57V, Hajar Sidhi, धुलिखेल 45200, नेपाल",27.610491,85.5681592,4.3,Hajar Sidhi, hindu_temple
3295,शान्ति वन,"JH68+WHH, Hajar Sidhi, धुलिखेल 45200, नेपाल",27.6123232,85.5664978,4.4,Hajar Sidhi, monument
3296,लगन डबली,"JH92+8P6, धुलिखेल 45200, नेपाल",27.6182889,85.5517646,4.1,धुलिखेल, historic_site
3297,सुदूर माथिको बादल (पी) लिमिटेड,"अरनिको राजमार्ग, धुलिखेल 45200, नेपाल",27.6260709,85.5445469,4,धुलिखेल, trek
3298,सुचना प्रबिधी पार्क,"Panauti Rd Banepa, पनौती 45210, नेपाल",27.6174294,85.5268455,3.8,पनौती, park
3299,Little Star Fun Park with Family Restro Banepa,"JGH9+433, बनेपा 45210, नेपाल",27.6273879,85.5183478,4.1,बनेपा, amusement_park
3300,Deurali View Point,"बनेपा 45210, नेपाल",27.6417114,85.5221352,4.1,नेपाल, tourist_attraction
3301,Rubin Bade's Art Gallery,"JGM9+GWM, बनेपा 45210, नेपाल",27.6337844,85.5197828,4.9,बनेपा, art_gallery
3302,चासः अजिमा देगः (श्री चन्डेश्वरी मन्दिर),"JGPJ+8V3, Banepa-RabiOP Rd, बनेपा 45210, नेपाल",27.6357735,85.532171,4.6,Banepa-RabiOP Rd, hindu_temple
3303,द्यः पुखू । 𑐡𑑂𑐫𑑅 𑐥𑐸𑐏𑐹,"JGJF+PJJ, बनेपा 45210, नेपाल",27.6318265,85.5240084,4.4,बनेपा, monument
3304,ध्वाखा: पुखु 𑑋 𑐢𑑂𑐰𑐵𑐏𑐵𑑅 𑐥𑐸𑐏𑐹,"Kobaha Pukhu, 45210, बनेपा, नेपाल",27.6313424,85.5220326,4.6,45210, historic_site
3305,Gosaithan picnic spot,"JGMR+FMG, बनेपा, नेपाल",27.6336637,85.5417262,3.7,बनेपा, picnic
3306,"सहिद पार्क, पनौती-8,मल्पि","HGM3+64H, पनौती 45209, नेपाल",27.5830545,85.5028605,4.3,पनौती, park
3307,MR Aquatic World,"Panauti 4, पनौती, नेपाल",27.5891107,85.515326,5,पनौती, aquarium
3308,इन्द्रेश्वोर मन्दिर,"HGP8+3XP, पनौती ७, नेपाल",27.5852042,85.5175314,4.8,पनौती ७, hindu_temple
3309,"Sorhakhutte Panauti, सोह्रखुट्टे पनौती","HGM7+RX3, पनौती 45209, नेपाल",27.5845189,85.5149345,4.6,पनौती, historic_site
3310,Panauti-- Dhulikhel community Hike,"PANAUTI-DALIMCHOK SUNTHAN DEVI THAN DHULIKHEL, पनौती 45209, नेपाल",27.5867342,85.5143969,3,पनौती, trek
3311,Radha Krishna Trail,"पनौती 45209, नेपाल",27.5891051,85.4987751,4.5,नेपाल, hike
3312,White Park Resort,"अरनिको राजमार्ग, पाँचखाल 45212, नेपाल",27.6455327,85.6317029,4.2,पाँचखाल, park
3313,होक्से (पाँचखाल),"MM23+9W4, पलान्चोक भगवती मार्ग, पाँचखाल 45200, नेपाल",27.6509013,85.6548435,4,पलान्चोक भगवती मार्ग, church
3314,"Landstar view , Panchkhal, Bhamarkot","JJH4+3X, पाँचखाल 45212, नेपाल",27.6276849,85.6074975,4.3,पाँचखाल, tourist_attraction
3315,पाँचखाल नगरपालिका,"Kabhraplanchok, पाँचखाल 45212, नेपाल",27.6497317,85.61839,4.2,पाँचखाल, mosque
3316,Hokse Church,"MJ47+H36, पाँचखाल 45212, नेपाल",27.6564212,85.612648,5,पाँचखाल, museum
3317,Chiyan danda,"MHRM+XJ Pamya gaira, पाँचखाल 45200, नेपाल",27.6938525,85.5835058,0,पाँचखाल, zoo
3318,पलाञ्चोक भगवती मन्दिर,"पलान्चोक भगवती मार्ग, पाँचखाल 45212, नेपाल",27.6288065,85.6741142,4.6,पाँचखाल, hindu_temple
3319,पाँचखाल,"पाँचखाल, नेपाल",27.6564212,85.612648,,नेपाल, historic_site
3320,Panchkhal Dream House Resort,"Pachkhal, पाँचखाल 45212, नेपाल",27.6591857,85.6252169,4.6,पाँचखाल, historic_site
3321,50 kilo,"MM2C+RJW, अरनिको राजमार्ग, पाँचखाल 45215, नेपाल",27.652125,85.6715909,4,अरनिको राजमार्ग, historic_site
3323,Palanachowk Bhagwati Tower Picnic Spot,"JMGG+GW7 Bhagwati, पाँचखाल 45200, नेपाल",27.6262969,85.6772994,4.5,पाँचखाल, picnic
3324,anaikot view ground,"MH22+QPC, रबि ओपी 45200, नेपाल",27.651932,85.5517625,4.8,रबि, hike
3325,Park,"Namobuddha Rd, सिमलचौर श्यामपाटी 45200, नेपाल",27.5784753,85.5903451,4,सिमलचौर, park
3326,पुरानागाउँ ढुङ्गेधारा,"HH4X+HFG, Namobuddha Rd, काशीखण्ड 45200, नेपाल",27.5564378,85.5993172,0,Namobuddha Rd, amusement_park
3327,नमोबुद्ध गुम्बा,"HHCM+F2R, Namobuddha Rd, सिमलचौर श्यामपाटी 45200, नेपाल",27.5712337,85.5825272,4.6,Namobuddha Rd, church
3328,नमोबुद्ध भ्यू प्वाइन्ट,"HH9J+Q45, सिमलचौर श्यामपाटी 45200, नेपाल",27.5693892,85.5803629,4.7,सिमलचौर, tourist_attraction
3329,नमोबुद्ध चैत्य,"HHFM+63M, Namobuddha Rd, सिमलचौर श्यामपाटी 45200, नेपाल",27.573089,85.5826733,4.6,Namobuddha Rd, mosque
3330,chill,"JCQ3+HH, अनन्तलिङ्गेश्वर, नेपाल",27.6388961,85.4039577,0,अनन्तलिङ्गेश्वर, hike
3331,मड्किल डाँडा सर्भझाङ जेरो पोइन्ट,"PH4G+QFC, नयाँगाउँ देउपुर 45200, नेपाल",27.7069287,85.5761401,4.8,नयाँगाउँ, park
3332,मण्डन देउपुर नगरपालिका,"45200, महादेवस्थान मन्डन, नेपाल",27.7108409,85.6151349,4.3,महादेवस्थान मन्डन, mosque
3333,"Ugreshwor Mahadev Temple, mandan Deupur 11","MJHG+QVC, मेलम्ची हेलम्बु सडक, जैसीथोक, नेपाल",27.6794434,85.6271259,5,मेलम्ची हेलम्बु सडक, hindu_temple
3334,Mandan Deupur Municipality Gate (Ward no.1),"Phulping, डाँडागाउँ 45200, नेपाल",27.7318743,85.5153093,5,डाँडागाउँ, monument
3335,Roshi waterfall,"मल्पी रोड, waterfall 45200, नेपाल",27.5585032,85.4617929,4.4,waterfall, park
3336,Roshi jharana,"पनौती 45200, नेपाल",27.5585112,85.4617935,4,नेपाल, tourist_attraction
3337,Kavre Roshi,"GMFQ+9J5 bridge, कटुन्जे बेसी 45200, नेपाल",27.5233956,85.6891044,4,कटुन्जे, mosque
3338,दक्षिण बाराही मन्दिर / क्वाछे द्यो (𑐎𑑂𑐰𑐵𑐕𑐾 𑐡𑑂𑐫𑑅),"M99P+69W, अनन्तलिङ्गेश्वर, नेपाल",27.6681071,85.3859148,4.4,अनन्तलिङ्गेश्वर, hindu_temple
3339,Raktakali Memorial Park,"45200, नेपाल",27.5452561,85.7111074,4.5,नेपाल, park
3340,Beth-Shalom Birtadeurali Church,"HP7X+PXF, बिर्तादेउराली 45200, नेपाल",27.5643218,85.7499298,0,बिर्तादेउराली, church
3341,"Selfie Danda (सेल्फी घाङ), Temal, Kavre","GQ8Q+2RJ, ठुलो पर्सेल 45200, नेपाल",27.5150896,85.7895223,4.2,ठुलो, tourist_attraction
3342,"Yarinag Cave, Temal","GPGC+7R4, 45200, नेपाल",27.5256309,85.7220644,4.1,45200, mosque
3343,Nepalthok Pati,"CRV6+C83, दुम्जा, नेपाल",27.4434712,85.8107946,4.3,दुम्जा, museum
3344,नारायणस्थान मन्दिर,"पोखरीनारायणस्थान 45200, नेपाल",27.5163155,85.739435,4.4,नेपाल, hindu_temple
3345,Yarinag,"GPHG+936, 45200, नेपाल",27.528409,85.7251553,4.8,45200, historic_site
3346,Thapa Daiko Picnic Spot,"JMMC+GJ4 Pachkhal, पलान्चोक भगवती मार्ग, पाँचखाल 45212, नेपाल",27.6337554,85.6715734,0,पलान्चोक भगवती मार्ग, picnic
3347,ग्याम तुन्पाला शिल्पा क्यूइ,"FPV9+H3, मंगलटार 45200, नेपाल",27.4938753,85.7177028,0,मंगलटार, hike
3348,Thumki Natural Park,"HG5M+R2Q, Khopashi to Balthali, पनौती 45216, नेपाल",27.5595857,85.5326226,4.9,Khopashi to Balthali, park
3349,बेथानचोक नारायणस्थान,"FFMM+GFQ, च्याम्रांग बेसी 45200, नेपाल",27.4838311,85.4837261,4.6,च्याम्रांग, church
3350,Nange Chaur Picnic Sport,"JGFJ+3CG, बेथानचोक_BETHANCHOOK 45200, नेपाल",27.5048125,85.4649375,0,बेथानचोक_BETHANCHOOK, picnic
3351,Khanikhola chitre,"9FVM+MWV, साल्धारा 45200, नेपाल",27.3942433,85.4848056,0,साल्धारा, park
3352,Jorchhaga jharana,"CH5J+VC, गोकुले 45200, नेपाल",27.4096714,85.5811146,5,गोकुले, amusement_park
3353,Khani Khola Bridge,"F7J7+G9, प्युटार 44700, नेपाल",27.4813373,85.2634207,2.5,प्युटार, tourist_attraction
3354,"Khanikhola , kavre","9FVM+PX2, साल्धारा 45200, नेपाल",27.3942685,85.4848732,5,साल्धारा, mosque
3355,BhimsenSthan Mandir Khanikhola GaunPalika,"CFFR+795, फलामेटार 45200, नेपाल",27.4231377,85.4909914,5,फलामेटार, hindu_temple
3356,खानीखोला,"खानीखोला, नेपाल",27.3942433,85.4848056,,नेपाल, historic_site
3357,Kapersthan Mahankal Hike Point,"GG8H+2Q5, च्यासिङखर्क 45200, नेपाल",27.515001,85.5294979,5,च्यासिङखर्क, hike
3358,"Bhanu Chok, Diktel भानुचोक, दिक्तेल","6Q6V+C7Q, खानिडाँडा सडक, दिक्तेल 56200, नेपाल",27.2110772,86.7932324,0,खानिडाँडा सडक, park
3359,Ratnapark shopping complex and Children Park,"6QCQ+QR8, दिक्तेल 56200, नेपाल",27.2218579,86.7900265,4,दिक्तेल, amusement_park
3360,Aasha Church,"Majhuwa, Meghe Chautara, Diktel Sadak 56200, Lafyang 56200, नेपाल",27.1981679,86.8071476,3,Meghe Chautara, church
3361,Diktel Jeevan Baptist Church,"6QFR+H7M, दिक्तेल 56200, नेपाल",27.2238689,86.7906008,0,दिक्तेल, church
3362,दिक्तेल रुपाकोट मझुवागढी,"दिक्तेल रुपाकोट मझुवागढी, 56200, नेपाल",27.2232013,86.7886391,,56200, mosque
3363,Khotang simpani gairee,"5QMJ+GPH, दिक्तेल 56200, नेपाल",27.1838128,86.7818523,5,दिक्तेल, hindu_temple
3364,Holesung Park,"5JM2+XWG, दुर्छिम 56200, नेपाल",27.1849255,86.6023312,4.1,दुर्छिम, park
3365,ऐसेलुखर्क मण्डली,"5JXP+3H, महादेवस्थान 56200, नेपाल",27.1976748,86.636406,5,महादेवस्थान, church
3366,हलेसी तुवाचुङ,"हलेसी तुवाचुङ, नेपाल",27.1845797,86.5938176,,नेपाल, tourist_attraction
3367,तुवाचुङ पदमार्ग Tuwachung Hiking Trail,"5JXQ+4H, महादेवस्थान 56200, नेपाल",27.1978505,86.6387355,2,महादेवस्थान, trek
3368,Libju Picnic Place,"6GP2+2R, मोली 56100, नेपाल",27.2351155,86.5020625,0,मोली, picnic
3369,Sumnima Paruhang Park ( सुम्निमा पारुहाङ पार्क ),"4R6Q+86R, 56200, नेपाल",27.1108682,86.8380251,5,56200, park
3370,जोर धरा,"2RVG+8F, Indranipokhari 56200, नेपाल",27.0437869,86.8253957,0,Indranipokhari, church
3371,खोटेहाङ,"खोटेहाङ, नेपाल",27.0403397,86.8504639,,नेपाल, tourist_attraction
3372,"Chhongten Village ""छोङ्टेन"" गाउँ","5WMX+7M, खावा 57000, नेपाल",27.183009,86.9489631,5,खावा, museum
3373,खुट्टेश्वोर महादेव मन्दिर,"2V78+R7, खोटांग बजार 56200, नेपाल",27.0145954,86.865706,4,खोटांग, hindu_temple
3374,"Waplukha, khotang","4V7P+RQ, ओख्रे 56200, नेपाल",27.1145657,86.8868914,0,ओख्रे, hike
3375,Khotang nepal,"4Q5P+64, डाँडागाउँ 56200, नेपाल",27.1080367,86.7852797,3,डाँडागाउँ, church
3376,दिप्रुङ चुइचुम्मा,"दिप्रुङ चुइचुम्मा, 56200, नेपाल",27.1037479,86.7488193,,56200, tourist_attraction
3377,Hurlung,"5QMJ+GPH, दिक्तेल 56200, नेपाल",27.1838128,86.7818523,5,दिक्तेल, tourist_attraction
3378,Dhiraj Art Gallery,"M6G2+482, रामधुनी भासी 56709, नेपाल",26.6753021,87.2007881,0,रामधुनी, art_gallery
3379,Biralechour,"3R26+7G2, Indranipokhari 56200, नेपाल",27.0506319,86.8112612,5,Indranipokhari, trek
3380,Manekharka church,"WMM2+C9H, Dhakharka-Manekharka Way, थाङ्पालधाप, नेपाल",27.9335644,85.6509966,5,Dhakharka-Manekharka Way, church
3381,Khotang aiselukharka nepal,"9QG4+RM5, ऐसेलुखर्क 56200, नेपाल",27.3770024,86.7567219,4.4,ऐसेलुखर्क, tourist_attraction
3382,"Masjid, Laukaha","municipality 4, लोकाहा 44500, नेपाल",26.8539214,85.2415401,5,लोकाहा, mosque
3383,Karshik Budhathoki House,"J9XP+C9J, अनन्तलिङ्गेश्वर, नेपाल",27.6487156,85.3862572,1,अनन्तलिङ्गेश्वर, historic_site
3384,एसेलुखर्क,"एसेलुखर्क, बाडे गाउँ, नेपाल",27.7925396,85.6139333,,बाडे गाउँ, trek
3385,Sagar Home,"PJC4+48G, महादेवस्थान मन्डन 45200, नेपाल",27.7203061,85.6058221,0,महादेवस्थान, hike
3386,सहिद पार्क,"XXHJ+F3M, 57000, नेपाल",26.9787227,86.9801662,4,57000, park
3387,Pabitra Church,"XXM6+VCV, 4, नेपाल",26.9847454,86.9610481,5,4, church
3388,जन्तेढुंगा,"जन्तेढुंगा, नेपाल",26.9826779,86.8865224,,नेपाल, tourist_attraction
3389,Jantedhunga Khotang,"2V2G+7G, 56200, नेपाल",27.0007166,86.8762872,0,56200, mosque
3390,तोन्तुओलुङ भर,"WXP5+9CR, 56200, नेपाल",26.9359826,86.9585007,3,56200, hike
3391,Papechung Dada,"8V4V+8F4, फेदी 56200, नेपाल",27.3057641,86.8937049,5,फेदी, park
3392,Balabesi Church,"Kepilasgadhi-2, नेपाल",27.3057324,86.8709352,5,नेपाल, church
3393,केपिलासगढी,"केपिलासगढी, नेपाल",27.3240653,86.819283,,नेपाल, tourist_attraction
3394,Jalapa Cultural Museum,"8Q5F+FPQ, जालपा 56200, नेपाल",27.3095079,86.7745672,4,जालपा, museum
3395,Mani Stone Statue,"CWM7+8P, दोभाने, नेपाल",27.4333569,86.9143526,0,दोभाने, monument
3396,Ghorlpi (घ्रोल्पी /सिसा खानी),"JM7X+8P, टाक्सिन्दु 56000, नेपाल",27.6133196,86.6992843,5,टाक्सिन्दु, historic_site
3397,Salpa Silichung Hiking Trail,"CWF5+F3, सुङ्देल 57000, नेपाल",27.4237427,86.9076702,0,सुङ्देल, trek
3398,Bojhe Ghari बोझे घारी,"9P4W+952, माग्पा 56200, नेपाल",27.3579686,86.7428192,0,माग्पा, picnic
3399,Koyee House,"9VM6+GV, सुङ्देल 56200, नेपाल",27.3837611,86.8621967,5,सुङ्देल, hike
3400,Kanepokhari Park,"PCH3+39H, कागेश्वरी मनोहरा 44600, नेपाल",27.7276863,85.4034816,3.7,कागेश्वरी, park
3401,Bhorleni-Church Kathmandu,"Bagdol Rd, ललितपुर 44600, नेपाल",27.6687277,85.3059765,5,ललितपुर, church
3402,Kamal Pokhari BODE,"M9RP+GF9, मध्यपुर थिमि 44600, नेपाल",27.6912943,85.3862226,4.5,मध्यपुर, tourist_attraction
3403,बराहपोखरी,"बराहपोखरी 56200, नेपाल",26.9846617,86.8119917,,नेपाल, mosque
3404,वराहपोखरी,"वराहपोखरी, नेपाल",26.9864543,86.8147797,,नेपाल, mosque
3405,Pokhariya Tola Mosque,"Q77C+3P4, गौर 44500, नेपाल",26.7626369,85.2718217,3.9,गौर, mosque
3406,Pokhariya Jama Masjid,"R6RX+JCH, लोकाहा 44500, नेपाल",26.8415704,85.2485603,4.7,लोकाहा, mosque
3407,बराह पोखरी,"बराह पोखरी, बराहपोखरी 56200, नेपाल",26.9823782,86.8248581,4.3,बराहपोखरी, mosque
3408,Jama Masjid Pokhar Bhitwa,"F2WQ+3XJ, 32800, नेपाल",27.4952182,83.0398762,4.8,32800, mosque
3409,श्री बराह भगवान मन्दिर,"MC9J+CF4, भक्तपुर 44800, नेपाल",27.6685253,85.4311917,4,भक्तपुर, hindu_temple
3410,Barahapokhari Taal,"XRJF+VPF, बराहपोखरी 56200, नेपाल",26.9821958,86.8242944,5,बराहपोखरी, monument
3411,हिटी पोखरी,"P879+CQ5, काठमाडौँ 44600, नेपाल",27.7135045,85.3194849,4.4,काठमाडौँ, historic_site
3412,Bhandarkhal pokhari,"M8FG+35P, ललितपुर 44600, नेपाल",27.6725831,85.3253908,4.8,ललितपुर, historic_site
3413,नुगः लुँहिटी सुन्धारा,"M89H+V64, ललितपुर 44600, नेपाल",27.6696429,85.3280908,4.3,ललितपुर, historic_site
3414,काल भैरब पिक्निक स्पट,"J982+P82, गोदावरी 44700, नेपाल",27.616768,85.3507779,4,गोदावरी, tourist_attraction
3415,PraGya Art,"Ward 1, Satdobato-Godavari Rd, गोदावरी 44709, नेपाल",27.6101196,85.3562097,0,Satdobato-Godavari Rd, art_gallery
3416,Shanti Ban,"H9X7+3W7, गोदावरी 44709, नेपाल",27.5976517,85.3648328,3.8,गोदावरी, monument
3417,Mahalaxmi,"M84R+HR3, महालक्ष्मी 44700, नेपाल",27.6563979,85.3420483,4.7,महालक्ष्मी, park
3418,"New Illaya Imadol Church, Bhojepokhari","M88V+5W2, महालक्ष्मी 44600, नेपाल",27.6652983,85.3448117,5,महालक्ष्मी, church
3419,Kamal Pokhari,"M84X+7JF, महालक्ष्मी, नेपाल",27.6556982,85.3490616,4,महालक्ष्मी, tourist_attraction
3420,Imadol Masjid,"M85W+4VR, Lalitpur, Imadol Opposite to New Bhadrakali Oil Store Kharibot, 0444705, नेपाल",27.6578611,85.3471321,4.8,Lalitpur, mosque
3421,"महालक्ष्मी मन्दिर , लुभू , ललितपुर।","महालक्ष्मी, नेपाल",27.6436635,85.3721943,4.6,नेपाल, hindu_temple
3422,"फोङ्गा पुखू शान्ति पुखू, सिद्धिपुर","फोङ्गासी (शान्ति पुखू), सिद्धिपुर, महालक्ष्मी 44700, नेपाल",27.6478588,85.3551184,4.4,सिद्धिपुर, monument
3423,"Ganesh Tole,103 Rajkulo Marg Imadol Lalitpur","M83W+QGV, महालक्ष्मी 44700, नेपाल",27.6544985,85.3463013,4.6,महालक्ष्मी, historic_site
3424,Lankuri Bhanjyang,"JC85+FQV, Lamatar-LankuriBhanjyang Rd, महालक्ष्मी 44709, नेपाल",27.6162325,85.4094274,4.3,Lamatar-LankuriBhanjyang Rd, hike
3425,PIA park Lele,"H8G9+QQJ, लेले 44700, नेपाल",27.5769552,85.3193753,4.2,लेले, park
3426,कोन्ज्योसोम झरना,"HC4F+XH, ललितपुर 45200, नेपाल",27.5574375,85.4239375,4.2,ललितपुर, tourist_attraction
3427,Konjyosom Pratima,"GCX2+67, भर्देव 45200, नेपाल",27.5482222,85.40117,4.4,भर्देव, tourist_attraction
3428,Windhorse Gallery,"M8G6+WGH, ललितपुर 44600, नेपाल",27.6772135,85.3113303,4.5,ललितपुर, art_gallery
3429,श्री पूर्णचन्डी मन्दिर,"ललितपुर 44700, नेपाल",27.6735719,85.3202599,4.3,नेपाल, hindu_temple
3430,Karpureshwar Park,"Unnamed Road, वेसीशहर 33600, नेपाल",28.2271216,84.3852283,4.6,वेसीशहर, park
3431,Gatti kulo,"693G+94V, वेसीशहर 33600, नेपाल",28.203494,84.3752964,5,वेसीशहर, amusement_park
3432,Besishahar Community Church,"69GF+39R, वेसीशहर 33600, नेपाल",28.2252442,84.3733854,5,वेसीशहर, church
3433,"बेशीसहर, लमजुङ","69PC+PPV, वेसीशहर 33600, नेपाल",28.2368755,84.3717821,4.5,वेसीशहर, tourist_attraction
3434,भिमसेनस्थान मन्दिर,"डुम्रे-बेसिशहर-चामे राजमार्ग 08, वेसीशहर 33600, नेपाल",28.230466,84.3773659,4.4,वेसीशहर, hindu_temple
3435,Peace Hill Resort Lamjung,"Peace Hill Resort, वेसीशहर 33600, नेपाल",28.2759906,84.3815622,4.6,वेसीशहर, picnic
3436,मध्यनेपाल नगरपालिका,"मध्यनेपाल नगरपालिका 33600, नेपाल",28.0888164,84.2378447,,नेपाल, tourist_attraction
3437,सेखटार मस्जिद,"श्याम्घा, नेपाल",28.0707218,84.2344794,0,नेपाल, mosque
3438,पाेखरा जुलाेजिकल पार्क,"5434+J8M, लेखनाथ 33700, नेपाल",28.1540911,84.1057894,4.2,लेखनाथ, zoo
3439,MadhyaNepal-4 Lamjung Shisaghat,"36WH+5HQ, Krishi margha, Shisaghat 33600, नेपाल",28.0960087,84.2290315,4.5,Krishi margha, hindu_temple
3440,BP Koirala statue वि पि कोइराला को शालिक,"36PQ+QJV, Vyas Sadak, क्यामिन 33600, नेपाल",28.0869798,84.2390137,0,Vyas Sadak, monument
3441,Sishaghat picnic spot,"36VH+C6C, श्याम्घा, नेपाल",28.0939762,84.2277226,5,श्याम्घा, picnic
3442,"Sauthar, koiralaphant lamjung","583F+24R Koiralaphant, sauthar 33600, नेपाल",28.1526222,84.3227807,0,sauthar, hike
3443,Thatigaira Park,"3F58+VX4, डुम्रे-बेसिशहर-चामे राजमार्ग, पुरकोट, नेपाल",28.0596456,84.4674386,3,डुम्रे-बेसिशहर-चामे राजमार्ग, park
3444,Rainastar Church,"3FJF+696, धमिलीकुवा 33600, नेपाल",28.0805846,84.4733706,0,धमिलीकुवा, church
3445,Rainaskot राइनासकोट,"Lamjung Rainas Rainas, 33600, नेपाल",28.121811,84.4901607,4.5,33600, tourist_attraction
3446,Lamjung rainas,"3FVW+V8H, 33600, नेपाल",28.0946807,84.4958697,4.5,33600, tourist_attraction
3447,Rainas Mosque,"4F92+5H8, Unnamed Road, तार्कुघाट 33600, नेपाल",28.1179098,84.4514473,4.3,Unnamed Road, mosque
3448,Ram Mandir राम मन्दिर,"4G3P+9F9, हर्मी 33600, नेपाल",28.1034163,84.5362296,5,हर्मी, hindu_temple
3449,Picnic spot Bagayecha marsyangdi.,"4CCM+GW8, सुन्दरबजार 33600, नेपाल",28.1212789,84.4348141,0,सुन्दरबजार, picnic
3450,Pigeon Hill,"49QM+FF, सुन्दरबजार 33600, नेपाल",28.1386809,84.383635,0,सुन्दरबजार, park
3451,Sundar Bazar Church,"4CH7+M2M, सुन्दरबजार 33600, नेपाल",28.1292039,84.4125539,0,सुन्दरबजार, church
3452,Ananta shalom church Sundarbazar,"4CH9+W7C, सुन्दरबजार 33600, नेपाल",28.129795,84.418085,0,सुन्दरबजार, church
3453,Fulbari,"4CJM+JC6, सुन्दरबजार 33600, नेपाल",28.1315721,84.4331352,0,सुन्दरबजार, tourist_attraction
3454,Nurani Jama Masjid नूरानी जामे मस्जिद,"4CXQ+HJG, भोटेओडार 33600, नेपाल",28.1488805,84.4390562,5,भोटेओडार, mosque
3455,Dhuseni Kalika temple,"584G+JWX, Sundarbazar 10, सुन्दरबजार, नेपाल",28.1586989,84.3263886,4.3,Sundarbazar, hindu_temple
3456,Shiva Statue,"4C8J+9V4, सुन्दरबजार 33600, नेपाल",28.1159265,84.4318779,4,सुन्दरबजार, monument
3457,सुन्दरबजार,"सुन्दरबजार 33600, नेपाल",28.1448417,84.412014,,नेपाल, historic_site
3458,"Hattigade, Sundarbazar-3 Lamjung","दुराडांडा 33600, नेपाल",28.1663682,84.3493188,4.8,नेपाल, historic_site
3459,Sirsire Dada,"Unnamed Road, सुन्दरबजार 33600, नेपाल",28.1417086,84.4342185,4.8,सुन्दरबजार, trek
3460,Kherel Dada,"49PM+5FX, सुन्दरबजार 33600, नेपाल",28.1354923,84.383749,0,सुन्दरबजार, hike
3461,Gorkha Park,"78H5+6RJ, घले गाउँ 33600, नेपाल",28.2780951,84.3095051,4.5,घले, park
3462,क्याईक्युम्रु पुरी,"7726+CP8, उत्तरकन्या 33600, नेपाल",28.249787,84.261804,0,उत्तरकन्या, amusement_park
3463,Ghale Park,"78G6+H4C, घले गाउँ 33600, नेपाल",28.2761924,84.3102544,4.6,घले, tourist_attraction
3464,ईशानेश्वर महादेव मन्दिर,"565G+HJX, भोर्लेटार 33600, नेपाल",28.1589794,84.2265953,4.5,भोर्लेटार, hindu_temple
3465,Statue of gautam buddha,"69FJ+H86, वेसीशहर 33600, नेपाल",28.2239096,84.3807812,5,वेसीशहर, monument
3466,Kwhola Sothar क्व्होला सोथार,"95HP+F29, नमर्जुंग 33700, नेपाल",28.378666,84.1851082,0,नमर्जुंग, historic_site
3467,GHALEGAUN HOMESTAY HEAD OFFICE,"Tourism office, घले गाउँ 33600, नेपाल",28.2783125,84.3088374,4.3,घले, trek
3468,Puranokot Stupa,"पुरानकोट 33600, नेपाल",28.1984605,84.3462015,4.4,नेपाल, picnic
3469,Bhujung A gurung village,"9758+PH5, भुजुङ् 33600, नेपाल",28.359262,84.2664848,4.6,भुजुङ्, hike
3470,कृष्ण बगैँचा,"5C2Q+5QM, डुम्रे-बेसिशहर-चामे राजमार्ग, भोटेओडार 33600, नेपाल",28.1504743,84.4394139,4.2,डुम्रे-बेसिशहर-चामे राजमार्ग, park
3471,दुध पोखरी,"दुध पोखरी 33600, नेपाल",28.26,84.62,,नेपाल, church
3472,Dhudh Pokhari (धुद पोखरि),"8M79+W9, घ्याचोक, नेपाल",28.312397,84.6695206,4.8,घ्याचोक, tourist_attraction
3473,Dudhpokhari gaupalika lamjung,"7J6C+226, दुध पोखरी 33600, नेपाल",28.2600373,84.6200151,5,दुध, mosque
3474,Gopaleshor mandir,"J75C+H4R, दक्षिणकाली 44600, नेपाल",27.6089862,85.2702801,4.4,दक्षिणकाली, hindu_temple
3475,Gauthali Danda Park,"69HM+C4F, Unnamed Road, वेसीशहर 33600, नेपाल",28.2285688,84.3828032,4.6,Unnamed Road, park
3476,कलवडी कुवा,"2FPX+HRJ, पालुङटार, नेपाल",28.0364744,84.4995189,5,पालुङटार, amusement_park
3477,Majhgaun Lamjung,"6C8F+GF, हिलेटक्सार 33600, नेपाल",28.2170404,84.4238962,4,हिलेटक्सार, trek
3478,Ramchey Hills ( राम्चेको चुचुरो),"Dordi -2, Archalbot, नेपाल",28.1648199,84.4649827,5,Archalbot, hike
3479,Tanglichok Village,"Lamjung Marsayangdi 7, 33607, नेपाल",28.3085077,84.4007041,4.5,33607, tourist_attraction
3480,Syange Waterfall,"9CP2+94, Syange 33600, नेपाल",28.385977,84.4003475,4.4,Syange, zoo
3481,Sanctuary,"8CV4+4GR, बाहुनडाँडा 33600, नेपाल",28.3436582,84.4060649,5,बाहुनडाँडा, hindu_temple
3482,मनास्लु सर्किट ट्रेकिङ रूट,"JF67+3R7, थोचे 33500, नेपाल",28.6101584,84.4645622,4.8,थोचे, trek
3483,Save Jaleshwar BhamchariKtti Park,"MQ2X+3JV, जलेश्वर 45700, नेपाल",26.6502436,85.7990394,4.8,जलेश्वर, park
3484,Jama Masjid jaleshwar,"JQXW+CPV, जलेश्वर 45700, नेपाल",26.6486485,85.7967755,4.5,जलेश्वर, mosque
3485,Raniratwada mandir,"MQHR+MMV, जलेश्वर 45700, नेपाल",26.6792462,85.7916711,4.6,जलेश्वर, museum
3486,Sansari Mai,"MQ2X+9JC, Pani tanky, Shankar Chowk, Jaleshwar, Mahottari, Nepal., बर्दिबास-जलेश्वर राजमार्ग, जलेश्वर 45700, नेपाल",26.6509364,85.7989945,4.5,Pani tanky, hindu_temple
3487,Buddhijibi Chowk,"JRW3+H24, जनकपुर-जलेश्वर रोड, जलेश्वर 45700, नेपाल",26.6463943,85.8025789,4,जनकपुर-जलेश्वर रोड, monument
3488,Raja Rateara,"MQ8W+W7P, जलेश्वर 45700, नेपाल",26.6673274,85.7957168,0,जलेश्वर, trek
3489,Jitendra singj,"MQ2W+XX3, जलेश्वर 45700, नेपाल",26.6523865,85.7974141,0,जलेश्वर, hike
3490,Anugrah christain church,"XVCM+WVH, बर्दिबास 45701, नेपाल",26.9723193,85.8847445,4.7,बर्दिबास, church
3491,Mosque Alflah Bardibas,"2VV9+2J8, बर्दिबास 45700, नेपाल",27.0425425,85.8690933,5,बर्दिबास, mosque
3492,Atma Gyan Prachar Sangh Bengadabar,"XW7F+687, Dhumasan Road Bks, मिथिला 45600, नेपाल",26.9630351,85.9233373,5,Dhumasan Road Bks, museum
3493,MD. Computer & Aquarium,"Aurahi, Road, बर्दिबास, नेपाल",26.9888525,85.8907726,4.4,Road, aquarium
3494,Smriti park,"2W54+WH5, बर्दिबास 45701, नेपाल",27.0097582,85.906489,4,बर्दिबास, trek
3495,Pakhar Tree,"WQ97+7F8, Gaushala, भरतपुर 45700, नेपाल",26.9181639,85.7636906,3,Gaushala, park
3496,Gopal,"WR9H+VPG, गौशाला 45700, नेपाल",26.9197842,85.8292058,0,गौशाला, church
3498,Madarsa Imdad-ul Ghorba,"WQFJ+59Q, गौशाला 45700, नेपाल",26.9229783,85.7809669,4.6,गौशाला, mosque
3499,Janhavi Yuva Club,"औराही 45700, नेपाल",26.8804957,85.8000042,4.5,नेपाल, museum
3500,Gaushala Bazaar (गौशाला बाजार),"गौशाला 45700, नेपाल",26.9182637,85.7808805,4.1,नेपाल, zoo
3501,DURGA MANDIR,"WQ9H+3WX, गौशाला 45700, नेपाल",26.9177158,85.7799283,4.4,गौशाला, hindu_temple
3502,गौशाला,"गौशाला, नेपाल",26.911206,85.7973732,,नेपाल, historic_site
3503,Gaushala Mahottari Nepal,"WQ63+8M9 Dharmesh Thakur home, गौशाला 45700, नेपाल",26.9107881,85.7542439,0,गौशाला, historic_site
3504,Gaushala bazar,"XQJ4+5HM, लक्ष्मीनिया 45700, नेपाल",26.9804545,85.7564107,5,लक्ष्मीनिया, historic_site
3505,Nepal khane pani balawa,"PQRP+V8V, Janakpur Road, बलवा 45700, नेपाल",26.7422282,85.785799,3.3,Janakpur Road, amusement_park
3506,नवजीवन चर्च New Life Church लम्किफाटा,"797R+QM, बेलभार 21800, नेपाल",28.2644114,81.3916671,5,बेलभार, church
3507,shree laxmi narayan temple-balawa,"PQVM+4WP, Janakpur Road, बलवा 45700, नेपाल",26.7428384,85.7848106,5,Janakpur Road, hindu_temple
3508,Shamsi Monument Main Center,"RP5Q+P8Q, जलेश्वोर रोड, शम्सी 45700, नेपाल",26.8093409,85.7383663,5,जलेश्वोर रोड, monument
3509,Historical Balthra pond,"PW23+5V9, जनकपुर 45600, नेपाल",26.700424,85.9047362,5,जनकपुर, historic_site
3510,बलवा,"बलवा, 45700, नेपाल",26.7699367,85.8170733,,45700, historic_site
3511,Balwa municipality mahottari nepal,"PRX4+P5P, बलवा 45700, नेपाल",26.7493476,85.8054699,2,बलवा, historic_site
3512,Shreepur,"VQ9J+RRF, श्रीपुर 45700, नेपाल",26.869554,85.7820416,4,श्रीपुर, trek
3513,Ekklesia Jaleshwor (Ps.Radhe John),"MQ2V+GM, जलेश्वर 45700, नेपाल",26.6514265,85.7940872,5,जलेश्वर, church
3514,मनरा शिसवा,"मनरा शिसवा, नेपाल",26.7268782,85.7477966,,नेपाल, tourist_attraction
3515,Noori Jamma Masjid,"PP4J+7X4, सिसवाकटैया 45700, नेपाल",26.7056379,85.7324576,4,सिसवाकटैया, mosque
3516,मनकामना पशु पन्छी फार्म,"RPJC+X6C गा.पा.3, रघुनाथपुर 45700, नेपाल",26.8324373,85.7205065,0,रघुनाथपुर, zoo
3517,Durga Mandir,"Manara Bazar Manara Shiswa Nagarpalika, Ward No. 1, नेपाल",26.7311332,85.7477766,4.7,Ward, hindu_temple
3518,Nikesh Kumar Sahany,"PP4M+R49, सिसवाकटैया 45700, नेपाल",26.7070469,85.732872,5,सिसवाकटैया, trek
3519,"Judi Mai Park, Judi Bazar","VVP4+HCH, बिजलपुरा 45700, नेपाल",26.8864393,85.8560997,4.2,बिजलपुरा, park
3520,Jivan Daata Church,"VV8Q+5C, भगाह 45700, नेपाल",26.8653912,85.8885434,0,भगाह, church
3521,नाहार Naahar,"QX82+67Q, Thumhauna 19, जनकपुर 45600, नेपाल",26.7655829,85.9507264,2,Thumhauna, tourist_attraction
3522,Noori Jama Masjid Birta-4,"VVQP+WR3, भगाह 45700, नेपाल",26.8891425,85.8867402,0,भगाह, mosque
3523,भगाह,"भगाह, नेपाल",26.8725617,85.8844404,,नेपाल, hindu_temple
3524,Bhangaha sitapur,"Sitapur 45700, नेपाल",26.8674541,85.8899854,3.9,नेपाल, historic_site
3525,Nepal Hiking Trek Pvt.Ltd.,"Post Box: 23208, Nayabazar-16, काठमाडौँ 44600, नेपाल",27.7232924,85.3070701,4.8,Nayabazar-16, trek
3526,बाहन डाँडा,"ईश्वरपुर 45800, नेपाल",26.9569939,85.6540804,5,नेपाल, trek
3527,बिसुनथुम्का दारेगाैडा,"HJ49+WHH, काशीखण्ड 45200, नेपाल",27.5575598,85.6190008,5,काशीखण्ड, hike
3528,Ambedkar park,"VRRC+G54, औराही 45700, नेपाल",26.8912665,85.8204646,0,औराही, park
3529,"Statue of Ramanand Swami, RamanandChowk","Ramanand Chowk, 45600, नेपाल",26.7359508,85.9187779,4.1,45600, tourist_attraction
3530,Sonama Jama Masjid (Sonama-03) सोनमा जामा मस्जिद ( सोनमा ०३ ).,"VP4R+VH2, सोनमा 45700, नेपाल",26.8571366,85.7413995,4.3,सोनमा, mosque
3531,Sona Mai Mandir,"PR6J+FX, महोत्तरी 45700, नेपाल",26.7112394,85.8324282,4.2,महोत्तरी, historic_site
3532,Namaste Nepal Trekking & Research Hub | Trekking in Nepal | Tour in Nepal | Bhutan Tour | Tibet and Kailash Tour,"अमृत मार्ग, काठमाडौँ 44600, नेपाल",27.7155794,85.3129572,5,काठमाडौँ, trek
3533,मोक्षद्वारी लेक,"CHWP+GWV, मोक्षद्वारी, गोवलबास 45200, नेपाल",27.4463592,85.5873068,5,मोक्षद्वारी, hike
3534,Noori Lake,"QV6P+Q5Q Club Tol, महादैयातपनपुर 45700, नेपाल",26.781637,85.8921123,0,महादैयातपनपुर, tourist_attraction
3535,Masjid,"VQ8M+7V5, श्रीपुर 45700, नेपाल",26.8656556,85.7847284,0,श्रीपुर, mosque
3536,जर्वुट्टा कला केन्द्र ( संग्रहालय),"कमलामाई 45900, नेपाल",27.2320038,85.8958688,4.5,नेपाल, art_gallery
3537,Jhaji house,"Aurahi-1, 45700, नेपाल",26.8972441,85.8282256,0,45700, hindu_temple
3538,औराही,"औराही 45700, नेपाल",26.8912665,85.8204646,,नेपाल, historic_site
3539,औरही,"औरही, 45700, नेपाल",26.8906746,85.821768,,45700, historic_site
3540,Aurahi Bazar(औरही बाजार),"औराही 45700, नेपाल",26.8987409,85.8283687,3.9,नेपाल, historic_site
3541,भभरि कबिलाशा,"Aurahi-04, नेपाल",26.7378551,85.90845,0,नेपाल, historic_site
3542,राजा पोखरी चकवा,"MQ78+G7G, हलखोरी 45700, नेपाल",26.6638018,85.7657043,5,हलखोरी, park
3543,खत्री डाडा,"MQPP+M7, ठोकर्पा 45314, नेपाल",27.6866,85.7854805,0,ठोकर्पा, tourist_attraction
3544,Masjid-E-Taslim-E-Millat,"PP4P+29Q, Ekdarabela Road, एकडाराबेला 45700, नेपाल",26.7050678,85.7360255,3.5,Ekdarabela Road, mosque
3545,Laxmi Narayan temple Raniratawada,"डाम्हीमराई 45700, नेपाल",26.6814149,85.7948762,4.6,नेपाल, hindu_temple
3546,चारपाटे आल,"MQRH+F74, ठोकर्पा 45314, नेपाल",27.691134,85.7782154,5,ठोकर्पा, historic_site
3547,Samari Pauwa,"W2XX+28X, समारी 44900, नेपाल",27.9476932,85.0481798,0,समारी, tourist_attraction
3548,Jama Masjid (Samsi-06),"RP5J+3PC, शम्सी 45700, नेपाल",26.8077164,85.7317706,4.6,शम्सी, mosque
3549,Mayo ko bartan,"P956+QQW, सुखिपुर 56500, नेपाल",26.7094919,86.3618904,4.5,सुखिपुर, zoo
3550,शम्सी,"शम्सी 45700, नेपाल",26.8122442,85.7333322,,नेपाल, historic_site
3551,Samsara Trekking Pvt Ltd,"अमृत मार्ग 10, काठमाडौँ 44600, नेपाल",27.7122516,85.3122105,5,काठमाडौँ, trek
3552,Thadi Pokhari,"MRWC+79V, महोत्तरी 45700, नेपाल",26.6957404,85.8209189,0,महोत्तरी, tourist_attraction
3553,महोत्तरी,"महोत्तरी 45700, नेपाल",26.6943279,85.8230251,,नेपाल, historic_site
3554,Sahari Harit Park,"M99P+G7P, अनन्तलिङ्गेश्वर, नेपाल",27.6688477,85.385712,4,अनन्तलिङ्गेश्वर, park
3555,नवजीवन चर्च (ठोरी-३ नयाँ बस्ती,"7MW5+WV6, निर्मल बस्ती 44300, नेपाल",27.2972803,84.659637,5,निर्मल, church
3556,पिप्रा,"पिप्रा 45700, नेपाल",26.6952249,85.8537418,,नेपाल, tourist_attraction
3557,सप्तरी माछा पसल,"Chautarphi Marg 35, काठमाडौँ 44600, नेपाल",27.677726,85.347261,4,काठमाडौँ, aquarium
3558,तस्मैया बाबा पार्क मटिहानी,"मटिहानी 45700, नेपाल",26.612648,85.8468686,1.5,नेपाल, park
3559,मटिहानी,"मटिहानी, नेपाल",26.6154079,85.8409453,,नेपाल, church
3560,"Swagat Dwar-Matihani Nagarpalika(स्वागत द्वार, मटिहानी नगरपालिका)","Municipality, Jalsagar Pond, जलेश्वर-मटिहानी रोड, मटिहानी 45705, नेपाल",26.6241988,85.8290738,5,Jalsagar Pond, tourist_attraction
3561,Ajmeri Jama Masjid Matihani,"JR9P+WJ9, मटिहानी 45700, नेपाल",26.6197916,85.8366141,0,मटिहानी, mosque
3562,Elephant House,"JR6W+PHG, मटिहानी 45700, नेपाल",26.6119049,85.8464934,5,मटिहानी, zoo
3563,मटिहानी मठ,"JR7W+38P, मटिहानी 45700, नेपाल",26.6127092,85.8458285,4.4,मटिहानी, hindu_temple
3564,bhuiyababa Mandir musharitoll,"JV66+2HV, तुल्सीयाही जब्दी 45600, नेपाल",26.6101168,85.8614181,0,तुल्सीयाही, hike
3565,Aman Playground,"RRM6+32, रामगोपालपुर 45700, नेपाल",26.8327119,85.8100019,5,रामगोपालपुर, park
3566,Anant house [ Anant],"RQFX+96W, रामगोपालपुर 45700, नेपाल",26.8235112,85.7980992,0,रामगोपालपुर, church
3567,Noori Jama Masjid) نوری جاما مسجد Adhyanpur-9,"QRWF+C43, धमौरा 45700, नेपाल",26.7959617,85.8229525,4.5,धमौरा, mosque
3568,Mata Durga Mandir,"RQFW+3MF, रामगोपालपुर 45700, नेपाल",26.8226892,85.7966702,3.9,रामगोपालपुर, museum
3569,"Nabin Fancy Stores Ramgopalpur, Mahottari","RQCW+78X, बर्दिबास-जलेश्वर राजमार्ग, रामगोपालपुर 45700, नेपाल",26.8207382,85.7958607,0,बर्दिबास-जलेश्वर राजमार्ग, art_gallery
3570,Noor Art Gallery,"Bayalwas main road , ward no. 2Ishworpur, 45801, नेपाल",27.0036189,85.6430836,0,ward no. 2Ishworpur, art_gallery
3571,Bishwambharpur(Kutitol),"RR97+8QH, रामगोपालपुर 45700, नेपाल",26.818968,85.8151814,4.2,रामगोपालपुर, hindu_temple
3572,Loharpatty kalab,"RR2W+29J, लोहारपट्टी 45700, नेपाल",26.8000925,85.845906,5,लोहारपट्टी, park
3573,OLD (choharba ),"RV8C+GMJ Nepal(Narata Christian church, धर्मपुर 45700, नेपाल",26.8163311,85.8716515,0,धर्मपुर, church
3574,लोहारपट्टी,"लोहारपट्टी 45700, नेपाल",26.8011076,85.8537418,,नेपाल, tourist_attraction
3575,Mahadev Mandir,"Loharpatti-08, kabirgama, नेपाल",26.7197792,85.8512623,5,kabirgama, hindu_temple
3576,Purani Pokhari the lowest part of Nepal पुरनी पाेखरी नेपालकाे सवैभन्दा हाेचाे ठाउ,"HVMC+PW8, Musharniya Road, मुखीयापट्टी मुसहरनिया 45600, नेपाल",26.5842597,85.8727361,0,Musharniya Road, historic_site
3577,महिमित चर्च हेटौंडा,"92XQ+FCC, लाली गुराँश मार्ग, हेटौडा 44107, नेपाल",27.3986533,85.0386732,3.8,लाली गुराँश मार्ग, church
3578,मनमोहन स्मृति भ्यु टाबर हेटौंडा,"C2Q9+272, हेटौडा, नेपाल",27.4375109,85.0181404,4.5,हेटौडा, historic_site
3579,त्रिखण्डी वनभोज स्थल,"G22R+FXH, कुलेखानी - सिस्नेरी - फर्पिङ सडक, आमभञ्ज्याङ 44100, नेपाल",27.5011857,85.0424952,4.2,कुलेखानी - सिस्नेरी - फर्पिङ सडक, park
3580,इम्माउस खृष्टिय मण्डली,"H3RP+837, नाम्टार 44100, नेपाल",27.5901041,85.0845881,0,नाम्टार, church
3581,"Tarebhir Viewpoint, Thaha Makwanpur","H3WH+WJX, थाहा 44100, नेपाल",27.5973619,85.0791171,5,थाहा, tourist_attraction
3582,Palung Gadhi,"J3J7+9C, थाहा 44100, नेपाल",27.630952,85.063528,5,थाहा, museum
3583,थाहा,"थाहा 44100, नेपाल",27.6270943,85.0856761,,नेपाल, historic_site
3584,Gautam Buddha Paryantan Park Bakaiya-6,"852W+MV, श्रीपुर छतिवन 44100, नेपाल",27.3015456,85.1976935,0,श्रीपुर, park
3585,Harnamadi New Men Church,"949R+Q55, हेटौडा 44100, नेपाल",27.3694343,85.1403424,5,हेटौडा, church
3586,बकैया,"बकैया, नेपाल",27.3613108,85.2570648,,नेपाल, tourist_attraction
3587,"Shiva Temple, Bakaiya-4, Chhatiwan.","86J5+38V, हेटौडा - फापरबारी रोड, श्रीपुर छतिवन 44100, नेपाल",27.330281,85.2082938,0,हेटौडा - फापरबारी रोड, hindu_temple
3588,Bakaiya Temple (बकैया ठाकुर मन्दीर),"C87P+29, शिखरपुर 44100, नेपाल",27.412606,85.3359718,5,शिखरपुर, monument
3589,Simat khola bakaiya,"86F3+X8, श्रीपुर छतिवन 44100, नेपाल",27.3249775,85.2032569,0,श्रीपुर, hike
3590,Manahari peace park,"GRG8+RFH, मनहरि 44100, नेपाल",27.527064,84.8162472,4.2,मनहरि, park
3591,बुद्ध शान्ति हरित पाक॔,"पूर्व पश्चिम राजमार्ग 7, मनहरि 44100, नेपाल",27.5420411,84.8076132,0,मनहरि, amusement_park
3592,manahari Presbyterian church,"GRQ4+9C2, मनहरि 44100, नेपाल",27.5383756,84.8060689,5,मनहरि, church
3593,Noorie Jamey Masjid,"GRQ5+V8V, मनहरि 44100, नेपाल",27.5399021,84.8083516,0,मनहरि, mosque
3594,"Islamiq masjid, Manahari","GRQ5+GFX, मनहरि 44100, नेपाल",27.5388613,84.808735,0,मनहरि, mosque
3595,NARAN MANDIR,"Marg, मध्यपुर थिमि 44600, नेपाल",27.6758257,85.3853144,5,मध्यपुर, hindu_temple
3596,मनहरि,"मनहरि, नेपाल",27.5575802,84.7837717,,नेपाल, historic_site
3597,manahari Bazar,"GRQ5+W5R, महेन्द्र राजमार्ग, मनहरि 44100, नेपाल",27.5399884,84.8080714,4.3,महेन्द्र राजमार्ग, historic_site
3598,मनहरी,"मनहरी, नेपाल",27.5415387,84.7851515,,नेपाल, historic_site
3599,Church | Raksirang,"HR4R+QQ, राक्सीराङ 44100, नेपाल",27.5568637,84.8419428,0,राक्सीराङ, church
3600,राक्सीराङ,"राक्सीराङ 44100, नेपाल",27.583322,84.8463673,,नेपाल, tourist_attraction
3601,Raksirang Rural Municipality,"GRXV+6MW, चैनपुर 44100, नेपाल",27.5481039,84.8442028,3.8,चैनपुर, monument
3602,राक्सिराङ्ग,"राक्सिराङ्ग, नेपाल",27.5833627,84.8463701,,नेपाल, monument
3603,Republican monument,"नारायणहिटी पथ, काठमाडौँ 44600, नेपाल",27.7151392,85.3239018,2.5,काठमाडौँ, monument
3604,Kulekhani III Picnic Spot,"F2GR+WGM, Tribhuvan Rajpath, भैसे 44100, नेपाल",27.4773303,85.0412916,4,Tribhuvan Rajpath, picnic
3605,Side seen view Pharping,"J776+94V, Kulekhani - Phakhel - Pharping Rd, दक्षिणकाली 44600, नेपाल",27.6134895,85.2603107,4.6,Kulekhani - Phakhel - Pharping Rd, hike
3606,पुष्पलाल स्मृति पिस पार्क,"C2HQ+4HR, हेटौडा 44107, नेपाल",27.427871,85.0388813,4.2,हेटौडा, park
3607,"माछापालन, हेटौंडा","हेटौडा 44107, नेपाल",27.4136418,85.0515512,4.3,नेपाल, aquarium
3608,Vansagopal Temple,"मकवान्पुर गढी, Makwanpur Gadhi Rd, मकवानपुरगढी 44100, नेपाल",27.4109937,85.1474792,4.4,Makwanpur Gadhi Rd, hindu_temple
3609,मकवानपुरगढी,"मकवानपुरगढी, 44100, नेपाल",27.424084,85.1427213,,44100, historic_site
3610,सानो गढी,"C47V+CRH, मकवानपुरगढी 44100, नेपाल",27.4135653,85.1446237,3.5,मकवानपुरगढी, historic_site
3611,मकवानपुरगढी,"मकवानपुरगढी, नेपाल",27.4241312,85.1427507,,नेपाल, historic_site
3612,गुफाथान,"94VP+8HQ, हेटौडा 44100, नेपाल",27.3933305,85.1364812,4.9,हेटौडा, historic_site
3613,"Makranchuli, Hetauda","C3J8+HX, मकवानपुरगढी 44100, नेपाल",27.431449,85.067476,0,मकवानपुरगढी, trek
3614,राज साइकल केन्द्र,"बस पार्क मार्ग, हेटौडा 44107, नेपाल",27.4304637,85.0304461,5,हेटौडा, trek
3615,Lalitpur-Makawanpur District Border,"Bagmati, इपा पञ्चकन्या, नेपाल",27.4787263,85.2471246,3,इपा पञ्चकन्या, trek
3616,Kailash Makwanpur,"HXCG+V2, नाम्टार 44100, नेपाल",27.5721771,84.9750197,5,नाम्टार, church
3617,डाँफे मुनाल पार्क,"MVGQ+387, डाँडाखर्क, नेपाल",27.6751594,84.888289,3.4,डाँडाखर्क, tourist_attraction
3618,कैलाश,"कैलाश, नेपाल",27.5623657,84.974504,,नेपाल, tourist_attraction
3619,वनस्खण्डी देवी मन्दिर,"C2PR+HXF, Banaskhandi Rd, हेटौडा, नेपाल",27.4364463,85.0424258,4.4,Banaskhandi Rd, hindu_temple
3620,Kailash Adventure Pvt Ltd,"नरसिंह चोक मार्ग, काठमाडौँ 44600, नेपाल",27.7147975,85.3106511,4.8,काठमाडौँ, trek
3621,Hetauda,"H23F+V85, नाम्टार 44100, नेपाल",27.5546357,85.023346,2,नाम्टार, hike
3622,Bachha and Buddha Park,"G4GP+JCQ, भिमफेदी 44100, नेपाल",27.5265829,85.1360942,4.7,भिमफेदी, park
3623,"Golping, Bhimphedi, Dhorsing","G3MW+8CF, भिमफेदी 44100, नेपाल",27.5333018,85.0960381,0,भिमफेदी, tourist_attraction
3624,Bhimphedi Ganesh Temple,"G4WH+8W8, भिमफेदी 44100, नेपाल",27.545779,85.1298326,4.4,भिमफेदी, mosque
3625,"Hattishar Museum, Bhimphedi","G4VJ+VG6, भिमफेदी 44100, नेपाल",27.5446679,85.1312548,0,भिमफेदी, museum
3626,Dhorsing,"G4Q3+X83, भिमफेदी 44100, नेपाल",27.5398781,85.1032902,4,भिमफेदी, historic_site
3627,भिमफेदी,"भिमफेदी 44100, नेपाल",27.5469571,85.1375645,,नेपाल, historic_site
3628,भिमफेदी,"भिमफेदी, 44100, नेपाल",27.545648,85.1316914,,44100, historic_site
3629,"मितेरी पुल, Hetauda Bhimphedi, Miteri pul","F2FG+MH7, हेटौडा 44100, नेपाल",27.4741666,85.0264134,0,हेटौडा, historic_site
3630,भीमफेदी गाउँपालिका कार्यालय,"G4WH+8HM, भिमफेदी 44100, नेपाल",27.5458349,85.1289188,4.2,भिमफेदी, historic_site
3631,Chisapani deurali,"Khulikhane, नेपाल",27.5706428,85.1463617,4.6,नेपाल, hike
3632,Thumki bus park,"C9P6+G3F, गिम्दी 44700, नेपाल",27.4363125,85.3601719,0,गिम्दी, park
3633,Shakti Mahima Church,"6F9J+969, राईगाउँ 44100, नेपाल",27.2184151,85.4806135,5,राईगाउँ, church
3634,तिलेश्वर नाथ पर्यापर्यटन पार्क,"चन्द्रपुर 44515, नेपाल",27.1714314,85.3323806,4,नेपाल, zoo
3635,Sisneri Emmus Church,"H688+V4M, सिस्नेरी 44100, नेपाल",27.5672143,85.2153062,4.5,सिस्नेरी, church
3636,Indra Sarovar,"J544+V38 Hydropower Reservoir, कुलेखानी 44100, नेपाल",27.6071728,85.1552124,4.1,कुलेखानी, tourist_attraction
3637,jamia taju shariya mosalla chekpost,"M6QG+QX6, चन्द्रागिरी 44600, नेपाल",27.6893461,85.2275074,3,चन्द्रागिरी, mosque
3638,Indrasarobar Lake,"H5V6+H69, Indrasarobar Rural municipality, कुलेखानी, नेपाल",27.5939232,85.1605979,4.5,Indrasarobar Rural municipality, monument
3639,Chame art,"H63R+269, बेसीसहर - चामे सडक, चामे 33500, नेपाल",28.5524517,84.2409204,5,बेसीसहर - चामे सडक, park
3640,Believers Eastern Church Timang ️,"G8H3+CW4, चामे 33500, नेपाल",28.5285059,84.3048307,2,चामे, church
3641,Chame View Point,"H63X+923, बेसीसहर - चामे सडक, चामे 33500, नेपाल",28.5533868,84.2475337,4.8,बेसीसहर - चामे सडक, tourist_attraction
3642,Sekaha,"94VF+WJR, नमर्जुंग 33700, नेपाल",28.394857,84.124008,0,नमर्जुंग, mosque
3643,Kajin Sara Lake/ singaar lake,"F7W4+PFV, चामे 33500, नेपाल",28.4968726,84.2561785,4.5,चामे, monument
3644,चामे,"चामे, नेपाल",28.516253,84.238417,,नेपाल, historic_site
3645,च्याम्चे झरना,"C9MV+MWR, धारापानी 33600, नेपाल",28.4342366,84.3947736,4.6,धारापानी, hike
3646,Namnagra Masjid,"R6QJ+M96, बसन्तपट्टी 44500, नेपाल",26.8391542,85.2308814,0,बसन्तपट्टी, mosque
3647,God Narshimha Temple,"मोदिबेनी सडक Vagwan Narshimha Mandir,Shivalaya-5,Kusma, Shiwalaya Gau Bikas Samiti 33300, नेपाल",28.2028037,83.6708685,4.6,Shivalaya-5, hindu_temple
3648,Netra Guragain statue,"4GJM+3F5 म्याङ्लुङ बस बिसौनी, Limbuwan Highway, म्याङ्गलुङ्ग 57500, नेपाल",27.1301461,87.5337269,0,Limbuwan Highway, monument
3649,Manang,"M28C+MWH, टंकी मनांङ् 33500, नेपाल",28.6666908,84.0223489,5,टंकी, historic_site
3650,Nawa Shanti AG Church,"69HG+9MJ, डुम्रे-बेसिशहर-चामे राजमार्ग, वेसीशहर 33600, नेपाल",28.2284733,84.3766382,5,डुम्रे-बेसिशहर-चामे राजमार्ग, church
3651,Chand Jame Masjid,"69JH+94J, बेसीसहर - चामे सडक, वेसीशहर 33600, नेपाल",28.2309509,84.377756,4,बेसीसहर - चामे सडक, mosque
3652,Ngawal museum,"J4X3+6WG, ङावल 33500, नेपाल",28.6481093,84.1048446,0,ङावल, museum
3653,Noah's Ark Mini-Zoo Farm,"65PP+3VC, मिजुरे डाँडा 33700, नेपाल",28.2351603,84.1871196,0,मिजुरे, zoo
3654,NEPA Art & CRAFT Gallery,"J83G+HVP, Bajrabarahi Road, चापागा‌‍‍उँ 44700, नेपाल",27.6039926,85.3271731,3,Bajrabarahi Road, art_gallery
3655,"Narpa Bhumi Rural Municipality Ward No 1, 2 & 3 Office, Nar, Manang","M5JX+9XX, नर 33500, नेपाल",28.6815903,84.2000798,0,नर, hindu_temple
3656,Narpa Bhumi Rural Municipality,"P784+5R4, फु 33500, नेपाल",28.7153877,84.2570752,0,फु, hindu_temple
3657,मर्‍याङ्पुह् (Maryaangpuh),"7R7G+5V9, उइया, नेपाल",28.2629113,84.8272446,5,उइया, historic_site
3658,Narpa Bhumi Rural Municipality नार्पा भूमि गाउँपालिकाको कार्यालय,"M7X4+F8, नर 33500, नेपाल",28.6988876,84.2555532,0,नर, historic_site
3659,नार्पा भूमि,"नार्पा भूमि, नेपाल",28.7728387,84.2729041,,नेपाल, historic_site
3660,नर,"नर, नेपाल",28.7107829,84.1646163,,नेपाल, historic_site
3661,"नार्पा भूमि गाउँपालिका, गाँउ कार्यपालिकाको कार्यालय (Narpa Bhumi Rural Municipality)","P567+8R9, नर 33500, नेपाल",28.7107829,84.1646163,0,नर, historic_site
3662,Ngawal picnic house,"M432+H5, ङावल 33500, नेपाल",28.6542594,84.0998236,0,ङावल, picnic
3663,"नेपाल इसाई मण्डली, गोंगबु चर्च","P8Q6+92M, काठमाडौँ 44600, नेपाल",27.7384407,85.3100687,4.6,काठमाडौँ, church
3664,Nalang Evangelical Friend's Church,"VRG3+8G7, नलाङ 45100, नेपाल",27.8757761,84.8038001,5,नलाङ, church
3665,Marpha Nissi A.G. Church,"QM3P+GJP, मार्फा 33100, नेपाल",28.753846,83.6865656,5,मार्फा, church
3666,Bangnam Church,"GRR2+4CM, मनहरि 44100, नेपाल",27.5403276,84.8010338,2.8,मनहरि, church
3667,Nepali Isai Mandali Church,"R6JR+XC2, ककनी 44900, नेपाल",27.8323763,85.2410154,2.3,ककनी, church
3668,Church oF God Sukubhanjyang,"HXGC+G2V, नाम्टार 44100, नेपाल",27.5763266,84.9700162,0,नाम्टार, church
3669,मनाङ ङिस्याङ,"मनाङ ङिस्याङ, नेपाल",28.6634264,84.0271624,,नेपाल, church
3670,Immanuel Church Nepal,"MG3M+4RJ, देवदह नगरपालिका 32900, नेपाल",27.6528417,83.5345433,3.8,देवदह, church
3671,मनाङ,"मनाङ, नेपाल",28.6419484,84.1857115,,नेपाल, church
3672,Yangnaam church,"2CVW+7C3, हमार्जुङ 57500, नेपाल",27.0431482,87.446036,0,हमार्जुङ, church
3673,माथिल्लो मनांग,"माथिल्लो मनांग 33500, नेपाल",28.6020467,84.0695961,,नेपाल, church
3674,Manang Viewpoint,"M28G+JP, टंकी मनांङ् 33500, नेपाल",28.6664993,84.0268503,4.9,टंकी, historic_site
3675,Upper Khangsar - Viewpoint,"MXGC+MX, खाङसार 33500, नेपाल",28.6766687,83.9724661,0,खाङसार, historic_site
3676,YAK HERDERS SHADE MANANG ANNAPURNA 3 BASE,"M239+JG2, 33500, नेपाल",28.6540176,84.0187646,5,33500, trek
3677,Mring Taal,"J4FR+4C4 Mring Taal, पिसांग 33500, नेपाल",28.6227634,84.1410899,5,पिसांग, trek
3678,Shree kharka,"MXH4+6HG, मनाङ गाविस 33500, नेपाल",28.6780568,83.9564497,4.4,मनाङ, trek
3679,Manang Entrance Gate,"F98F+3XC, धारापानी 33500, नेपाल",28.4651765,84.3749053,4.5,धारापानी, trek
3680,गोपाल फन पार्क,"F865+42X, रंगेली रोड, कटहरी 56613, नेपाल",26.4603683,87.3076172,3.8,रंगेली रोड, amusement_park
3681,Singhiya river bridge,"C7PX+RVW, विराटनगर 56613, नेपाल",26.4376489,87.2999124,4.3,विराटनगर, tourist_attraction
3682,Sansari Maisthan Temple,"F72J+X3M, विराटनगर 56613, नेपाल",26.4523919,87.2801471,4.2,विराटनगर, hindu_temple
3683,विराटनगर महानगरीय गेट,"H08, विराटनगर 56613, नेपाल",26.5098763,87.2820076,4,विराटनगर, monument
3684,Kali Mandir Uttar Chowk,"F75J+442, हनुमान दास मार्ग, विराटनगर 56613, नेपाल",26.4577734,87.2802755,4,हनुमान दास मार्ग, historic_site
3685,घेराबनी चौतारो,"Sundarharaincha-3, Gherabani, नेपाल",26.6229924,87.3065737,5,Gherabani, park
3686,Sundar Evangelical Church,"Aachhame Chowk, Sundarharainchaa -6, नेपाल",26.6774282,87.3143679,5,Sundarharainchaa -6, church
3687,सुन्दरहरैँचा,"सुन्दरहरैँचा, नेपाल",26.6692376,87.3823039,,नेपाल, tourist_attraction
3688,Charaigoha,"J7WV+XG6, सुन्दर दुलारी 4, नेपाल",26.6474138,87.2937584,0,सुन्दर, tourist_attraction
3689,Jame Masjid Syedna Bilal (R.A.),"M9GH+W4, कोशी हरैचा 56600, नेपाल",26.6773191,87.377734,5,कोशी, mosque
3690,हसिना सिमसार,"M8V9+5H3, Unnamed Road, सुन्दर दुलारी, नेपाल",26.6928847,87.3189237,4.1,Unnamed Road, monument
3691,इन्द्रनारायण फेमेली पार्क,"M8R8+CQP, सुन्दर दुलारी, नेपाल",26.6917308,87.3177721,0,सुन्दर दुलारी, picnic
3692,Betana Simsar Lake वेतना सिमसार ताल,"MC5J+CPM, महेन्द्र राजमार्ग, बेलवारी 56600, नेपाल",26.661012,87.4327669,4.2,महेन्द्र राजमार्ग, tourist_attraction
3693,Belal Masjid,"X8V3+X5, गम्हरीया बिर्ता 44500, नेपाल",26.9949539,85.3028784,5,गम्हरीया, mosque
3694,Belbari 4 morang काकुम बुधबारे चोक,"JCRG+R7P, Unnamed Road, बेलवारी 56600, नेपाल",26.6420858,87.4256965,3.8,Unnamed Road, monument
3695,रत्न पार्क,"MH35+QVP, पथरी शनिश्चरे 56600, नेपाल",26.6544574,87.5597145,4.1,पथरी, park
3696,PathariSanischare,"Mangalbare - Aitabare Rd, पथरी शनिश्चरे 56600, नेपाल",26.6562924,87.5897552,3.6,पथरी, amusement_park
3697,Kaseni Church,"JHPX+MPW, पथरी शनिश्चरे 56600, नेपाल",26.636729,87.5993431,5,पथरी, church
3698,सेल्फी रोड पथरी,"MH5Q+H2J, Mangalbare - Aitabare Rd, पथरी शनिश्चरे 56600, नेपाल",26.6589607,87.5875126,4,Mangalbare - Aitabare Rd, tourist_attraction
3699,श्रीजङ्गा स्मारक ᤛᤣᤘᤠᤖᤥ,"MH64+492, पथरी शनिश्चरे 56600, नेपाल",26.6602719,87.5558997,5,पथरी, museum
3700,Exotic aquariums and pet shop,"Next to Prabhu bank Near to Gorkha Department, पथरी शनिश्चरे 56600, नेपाल",26.6604739,87.5610962,4.9,पथरी, aquarium
3701,Pathari Tattoo and Art House,"MH55+WMV, पथरी शनिश्चरे 56600, नेपाल",26.659879,87.5590869,4.5,पथरी, art_gallery
3702,प्रकाशेश्वर शिवालय मिन्दिर,"JHV4+F22, Pathari Road, पथरी शनिश्चरे 56600, नेपाल",26.6436977,87.555029,3,Pathari Road, hindu_temple
3703,Mathilo dumre,"MHQR+C6, उर्लाबारी 56600, नेपाल",26.6888794,87.5920348,0,उर्लाबारी, park
3704,Everest Fun Park & Resort Pvt. Ltd,"JJMG+JW7, Urlabari-08, Durgapuri, Urlabari Ambari Rd, उर्लाबारी 56604, नेपाल",26.6313457,87.6237733,4.1,Urlabari-08, tourist_attraction
3705,Madarasatul Taswid & Noorani Masjid,"MJ6R+8F8, उर्लाबारी 56604, नेपाल",26.6607747,87.6412382,4.8,उर्लाबारी, mosque
3706,मदन भण्डारी स्मृति संग्रहालय,"MH6X+PHP, महेन्द्र राजमार्ग, उर्लाबारी 56600, नेपाल",26.6618387,87.59894,4.1,महेन्द्र राजमार्ग, museum
3707,Jungle Safari,"MHCG+M8G, उर्लाबारी 56600, नेपाल",26.6716759,87.5758319,5,उर्लाबारी, zoo
3708,Urlabari Shivalaya Mandir,"उर्लाबारी 6, नेपाल",26.6850383,87.6416083,4.3,नेपाल, hindu_temple
3709,urlabari morang,"MJ8F+PXC, machindr chowk, उर्लाबारी 56604, नेपाल",26.6668103,87.6248953,4.5,machindr chowk, historic_site
3710,hiking and Cycling Route Kailashe,"MHCG+839, उर्लाबारी 56600, नेपाल",26.6707882,87.5752318,5,उर्लाबारी, trek
3711,बेतनी सामूदायिक वन कार्यालय,"MJH4+Q8W, उर्लाबारी 56600, नेपाल",26.6794859,87.6058364,4.2,उर्लाबारी, picnic
3712,BIRAN,"PFJX+RWQ, लेटाङ 56600, नेपाल",26.7320872,87.4998727,4.7,लेटाङ, park
3713,Letang Immanuel Church,"लेटाङ 00977, नेपाल",26.742009,87.4999044,5,नेपाल, church
3714,लेटाङ भ्यू टावर,"QG43+QJW, Kanepokhari - Letang Road, लेटाङ 56600, नेपाल",26.75699,87.5040935,3.9,Kanepokhari - Letang Road, tourist_attraction
3715,Nuri jama masjid letang morang,"PGQ3+524, Kanepokhari - Letang Road, लेटाङ 56600, नेपाल",26.7378625,87.5022897,0,Kanepokhari - Letang Road, mosque
3716,Shivalaya mandir letang na.pa.-6,"56600, लेटाङ, नेपाल",26.7495631,87.5047778,4.4,लेटाङ, hindu_temple
3717,Letang Morang,"Main Road, लेटाङ 56600, नेपाल",26.7353529,87.5024379,4.3,लेटाङ, monument
3718,Raja Rani Picnic Spot,"लेटाङ 56600, नेपाल",26.7471714,87.4809031,4.3,नेपाल, picnic
3719,Darjeling Line,"PGP2+WC4, लेटाङ 56600, नेपाल",26.7372704,87.5010838,4,लेटाङ, hike
3720,Aamtola आँमतोंला,"FF87+6CF, Bhawane - Rangeli Rd, द्रबेशा 56600, नेपाल",26.4655545,87.4635547,3.8,Bhawane - Rangeli Rd, park
3721,"Amtola Church, Nepal Mission Mission Nepal","रंगेली रोड, रङ्गेली 56600, नेपाल",26.4640442,87.4647217,5,रङ्गेली, church
3722,Gramthan-Rangeli Suspension Bridge,"GCP3+MP4, मोतिपुर 56600, नेपाल",26.5366261,87.4043251,5,मोतिपुर, tourist_attraction
3723,Rangeli,"FF6V+CPR, रङ्गेली 56600, नेपाल",26.4611322,87.494264,0,रङ्गेली, mosque
3724,"Rajbanshi Museum, Sunbarshi","GH8M+PG6, गोविन्दपुर 56600, नेपाल",26.5177352,87.5834209,0,गोविन्दपुर, museum
3725,Durga Mandir Rangeli,"FF6R+X7R, रङ्गेली 56600, नेपाल",26.4624994,87.4906485,4.7,रङ्गेली, hindu_temple
3726,RATUWA FUN PARK,"GMW2+PC3, कोहवारा 57200, नेपाल",26.5467515,87.651038,0,कोहवारा, amusement_park
3727,"Church, Bishwakarma","CHM8+P5G, डाइनिया 56600, नेपाल",26.4343023,87.5654439,4.5,डाइनिया, church
3728,सुनवर्षि,"सुनवर्षि, 56600, नेपाल",26.4555815,87.5484421,,56600, tourist_attraction
3729,Sonapur masjid,"CJ33+672, वरडंगा 56600, नेपाल",26.403006,87.6031287,3.7,वरडंगा, mosque
3730,Shiddi home,"C86P+FMP, मझारे 56600, नेपाल",26.4112956,87.3370395,0,मझारे, zoo
3731,"ॐ श्री हरि विष्णु मन्दिर, काशीधाम","GG2R+WC, रङ्गेली 56600, नेपाल",26.5022154,87.5410863,5,रङ्गेली, hindu_temple
3732,रतुवामाई,"रतुवामाई, नेपाल",26.4459039,87.6115216,,नेपाल, tourist_attraction
3733,Morang,"HJ6C+WF5, इटहरा 56600, नेपाल",26.562252,87.6212008,0,इटहरा, tourist_attraction
3734,Akmal mahira,"CHXG+RRP, गोविन्दपुर 56600, नेपाल",26.4493839,87.5787804,5,गोविन्दपुर, museum
3735,"Pathibhara art, amrdaha","रंगेली रोड 5600, अमरदह 35500, नेपाल",26.5432219,87.5628876,5,अमरदह, art_gallery
3736,Kalyanpur बर्मेली टोल,"Ratuwamai-1, Kalyanpur 56600, नेपाल",26.421599,87.6141125,4.6,Kalyanpur, hindu_temple
3737,Rajghat Devithan Ratuwa Bridge,"HJ8Q+JP, कोहवारा, नेपाल",26.5665445,87.6392181,5,कोहवारा, monument
3738,रतुवामाई नगरपालिका,"Kadupada - Sijuwa Rd, सिजुवा 56600, नेपाल",26.4924153,87.636962,4,सिजुवा, historic_site
3739,Indreni Lake,"JM64+PW4, दमक 57200, नेपाल",26.6117595,87.6573137,4.3,दमक, picnic
3740,Sijuwa Ghat सिजुवाघाट।,"GJ3R+FP, सिजुवा, नेपाल",26.5036339,87.6418025,4.3,सिजुवा, hike
3741,Ramailo Park,"MF2W+8V, वयरवन 56600, नेपाल",26.6507678,87.4971523,5,वयरवन, park
3742,Church✝️,"HF2C+69Q, Hoklabari School Road, होक्लावारी 56600, नेपाल",26.550598,87.4709777,0,Hoklabari School Road, church
3743,"JAMA MASJID l,Girdaliya","GGVX+8M5, अमरदह 56600, नेपाल",26.543272,87.5492264,5,अमरदह, mosque
3744,Kanepokhari (Ear pond),"MF2W+GV9, वयरवन 56600, नेपाल",26.6512946,87.4972288,3.9,वयरवन, museum
3745,लभ टोल,"FFGR+Q62, Kanepokhari -Rangeli Rd, रङ्गेली 56600, नेपाल",26.4768782,87.4905276,0,Kanepokhari -Rangeli Rd, hindu_temple
3746,Kanepokhari morang,"GGQ9+GF, वयरवन 56600, नेपाल",26.538684,87.5186164,4.5,वयरवन, monument
3747,बासेचौरी बनभोज क्षेत्र,"MHGC+43Q, जाँते 56600, नेपाल",26.6753471,87.5702234,5,जाँते, picnic
3748,Ramjanaki Chok,"HFHW+HXX, Kalisthan Road, केरौन 56600, नेपाल",26.5789797,87.4974739,5,Kalisthan Road, hike
3749,छायाँनाथ रारा,"छायाँनाथ रारा, नेपाल",29.5478793,82.1571427,,नेपाल, tourist_attraction
3750,Walnut tree in Chhapru Village,"G3PF+3CH, रारा 21100, नेपाल",29.5351778,82.073617,4.3,रारा, trek
3751,रारा,"रारा 21100, नेपाल",29.5286426,82.0625052,,नेपाल, trek
3752,World Mission Church Mugling Nepal,"VH47+V3Q, H04, दारेचोक 44200, नेपाल",27.8572036,84.5627214,0,H04, church
3753,मुगुम कार्मारोंग,"मुगुम कार्मारोंग, नेपाल",29.6525012,82.5203216,,नेपाल, tourist_attraction
3754,Old gurung museum,"9RG5+RG8, घान्द्रुक 33700, नेपाल",28.3770562,83.8088398,0,घान्द्रुक, museum
3755,Large Buddha Statue & Hand Prayer Wheels,"H8X6+92R, माङ्गी 21100, नेपाल",29.5985392,82.3101426,5,माङ्गी, monument
3756,Mugum karmarong Rural Municipality,"H9HW+22W, पुलू 21100, नेपाल",29.5775806,82.3950857,5,पुलू, trek
3757,राम्रो कर्म ट्रेकिङ,"Ropeway Sadak, काठमाडौँ 44600, नेपाल",27.7204996,85.2932068,5,काठमाडौँ, trek
3758,"Karnali U-Turn,Bijaura","V673+23, सुगारखाल 21700, नेपाल",28.8625531,81.2026941,0,सुगारखाल, tourist_attraction
3759,Ghimire Kul pooja Mandir Namdu Batlechaur,"J4J4+3V, नाम्दु 45500, नेपाल",27.630138,86.107213,0,नाम्दु, hindu_temple
3760,श्री श्री 108 पंचमुखी हनुमान मन्दिर,"CFQH+H7W, Indo Nepal Border Trail, रङ्गेली 56600, नेपाल",26.438414,87.4784271,4.3,Indo Nepal Border Trail, hindu_temple
3761,Soru Rural Municipality,"JWPV+6R8, जिमा 21100, नेपाल",29.635246,81.9441222,4,जिमा, historic_site
3762,Soru,"MW2X+2X5, नाधर्पू 21100, नेपाल",29.65,81.95,0,नाधर्पू, trek
3763,Sorukot Viewpoint,"JXM2+44, जिमा 21100, नेपाल",29.6328083,81.9502881,4,जिमा, hike
3764,Living God Church,"GV5W+X3Q, गम्था 21100, नेपाल",29.5099622,81.8952431,0,गम्था, church
3765,खत्याड,"खत्याड, नेपाल",29.5087156,81.8936526,,नेपाल, tourist_attraction
3766,रिगा गाँउ,"GQGV+XP, सुखाढिक 21100, नेपाल",29.5274433,81.7943113,5,सुखाढिक, hindu_temple
3767,Krishna Bahadur Malla Chwok,"G5X4+3R4, गमगडी सडक, श्रीनगर 21100, नेपाल",29.547628,82.157066,4.8,गमगडी सडक, monument
3768,तल्लो सेरि,"CW9X+PPM, पाण्डवगुफा 21200, नेपाल",29.4193439,81.9492977,0,पाण्डवगुफा, trek
3769,Mini mustang,"J8C3+F48, 45500, नेपाल",27.6211613,86.3028373,5,45500, tourist_attraction
3770,Masjid ☪️,"94VF+WJR, नमर्जुंग 33700, नेपाल",28.394857,84.124008,1,नमर्जुंग, mosque
3771,Lowa Art Gallery & Book Shop,"5XM4+4G5, लोमांगथांग 33100, नेपाल",29.1827701,83.956368,5,लोमांगथांग, art_gallery
3772,GHARAP ZHONG VIEW POINT,"QP8F+G2M, जोमसोम 33100, नेपाल",28.7663374,83.7223099,5,जोमसोम, monument
3773,उत्तर चरम हिमालय,"Baluwakhani chowk, काठमाडौँ 44600, नेपाल",27.7441997,85.3557639,4.6,काठमाडौँ, trek
3774,Jomsom & Upper Mustang View tower,"QQF2+49, जोमसोम 33100, नेपाल",28.7728574,83.7509459,4.9,जोमसोम, hike
3775,"Thasang park,kobang","MJP3+H4, कोवांग 33100, नेपाल",28.6863888,83.6027766,5,कोवांग, park
3776,सेकोङ ताल,"MHMR+3HP, कोवांग 33100, नेपाल",28.6827081,83.5914597,4.4,कोवांग, tourist_attraction
3777,टिटी ताल,"MJ39+4J2, कुँजो 33100, नेपाल",28.652765,83.6190033,4.7,कुँजो, tourist_attraction
3778,थासाङ गाँउपालिकाको कार्यालय,"MJR9+V7W, कोवांग 33100, नेपाल",28.6922312,83.6182068,3,कोवांग, mosque
3779,TUKUCHE MUSEUM,"PJ6W+H47, टुकुचे 33100, नेपाल",28.7113583,83.6453078,4.3,टुकुचे, museum
3780,थासाङ,"थासाङ, 33100, नेपाल",28.7111961,83.6456484,,33100, historic_site
3781,Marche Mustang,"MHC6+P47, कोवांग 33100, नेपाल",28.6717982,83.5603112,0,कोवांग, hike
3782,Resting Place,"RV89+J85, मुक्तिनाथ 33100, नेपाल",28.8165214,83.8683539,0,मुक्तिनाथ, park
3783,नयाँ आशा चर्च,"QPGC+6PV, जोमसोम 33100, नेपाल",28.7756122,83.7217904,3.4,जोमसोम, church
3784,"Upper Mustang, Nepal","लोमांगथांग 33100, नेपाल",29.234739,83.9257357,4.8,नेपाल, tourist_attraction
3785,मुक्तिनाथ मन्दिर‌,"J9F7+394, गोदावरी 44700, नेपाल",27.6226349,85.363453,4.3,गोदावरी, monument
3786,झाेंग गुफा,"638H+QW7, छोसेर 33100, नेपाल",29.2169099,84.0797931,4.6,छोसेर, historic_site
3787,Ganeshman Singh Smriti Memorial Park,"PFXX+93R, शङ्खरापुर, नेपाल",27.748488,85.4976292,5,शङ्खरापुर, picnic
3788,Salla Ghari Park,"M98P+8GH, अनन्तलिङ्गेश्वर, नेपाल",27.6658061,85.3863702,3.6,अनन्तलिङ्गेश्वर, park
3789,दामोदर कुण्ड,"X5GC+522, सुर्खांग, नेपाल",28.9753994,84.170004,4.4,सुर्खांग, tourist_attraction
3790,Old Royal Palace,"3WVM+4H2, चरंग 33100, नेपाल",29.0927712,83.9338879,5,चरंग, museum
3791,Lo Manthang Village,"लोमांगथांग 33100, नेपाल",29.1824898,83.956342,4.7,नेपाल, park
3792,Lomanthang hot spring,"5XCM+G4M, लोमांगथांग 33100, नेपाल",29.1713371,83.9827913,0,लोमांगथांग, hindu_temple
3793,Myagdi,"New Road, बेनी 33200, नेपाल",28.3462659,83.566886,4.9,बेनी, park
3794,Hope church,"tokha 9 myagdi chock, फाखेल 44100, नेपाल",27.5944857,85.2264729,5,फाखेल, church
3795,खाराको डिल,"8HQ7+JV7, बेनी 33200, नेपाल",28.3390281,83.5646671,4.4,बेनी, tourist_attraction
3796,बेनी बजार,"मालढुङ्गा-बेनी सडक, बेनी 33200, नेपाल",28.3486699,83.5677989,4.1,बेनी, zoo
3797,Galeshwor Temple,"9HF9+29R, F042, बेनी 33200, नेपाल",28.3727265,83.5684202,4.6,F042, hindu_temple
3798,Myagdi Parveash Dwar,"8HW9+V55, मालढुङ्गा-बेनी सडक, बेनी 33200, नेपाल",28.3471323,83.56799,5,मालढुङ्गा-बेनी सडक, monument
3799,अन्नपूर्ण प्राकृतिक इतिहास संग्रहालय,"6XQR+H6M, Road, पोखरा 33700, नेपाल",28.2388787,83.9905641,4.2,Road, museum
3800,असँभुलू (अन्नपुर्ण) अजिमा,"P846+WW7, काठमाडौँ 44600, नेपाल",27.7072509,85.3122569,4.6,काठमाडौँ, hindu_temple
3801,Singa tatopani,"FJV9+QHC, तातोपानी 33200, नेपाल",28.4944327,83.6188793,1,तातोपानी, monument
3802,अन्नपूर्ण,"HRWC+C4R, नरच्यांग, नेपाल",28.596111,83.820278,4.6,नरच्यांग, hike
3803,साँघु पाखा,"J8CV+468, झरुवाराशी 44700, नेपाल",27.620264,85.343377,4,झरुवाराशी, park
3804,Nepal Christian Unity Church Darbang,"C96M+X9C Riverside, माग्दी दर्बांग 33208, नेपाल",28.4124384,83.383391,5,माग्दी, church
3805,धौलागिरी,"धौलागिरी, मुदी 33200, नेपाल",28.6984652,83.4873496,4.5,मुदी, tourist_attraction
3806,Dhaulagiri Icefall,"MGCC+638, मुदी 33200, नेपाल",28.6705446,83.5202038,5,मुदी, mosque
3807,"Sworgadwari Temple, Todkey (Guthi), Kuhun-2, Myagdi","CG54+525, Purnagaun To, कुहुँकोट 33200, नेपाल",28.4078406,83.5050361,4.2,Purnagaun To, hindu_temple
3808,Dhaulagiri Base Camp Trek,"MFXQ+92Q, मुदी 33200, नेपाल",28.6984547,83.4876091,5,मुदी, monument
3809,Dhaulagiri I,"Dhaulagiri I, मुदी 33200, नेपाल",28.6966666,83.4941666,4.1,मुदी, historic_site
3810,Dhaulagiri Sanctuary Trek,"JGRH+3F6, Jomsom Sadak, कोवांग 33100, नेपाल",28.6401669,83.528645,5,Jomsom Sadak, trek
3811,Gaurati Picnic Spot,"QPV4+F3C, चौतारा 45306, नेपाल",27.7936971,85.7051552,5,चौतारा, picnic
3812,Mangala Indrani Park,"Unnamed Road, 33200, नेपाल",28.3872112,83.452836,5,33200, park
3813,MASJID SIDDIQUE. Jamia Moinia Nurul Quraan,"58FM+RR7, Road, Ramnagar, Bihar 845106, भारत",27.1746184,84.3345707,5,Road, mosque
3814,Masjid Bargajwa Deoraj,"483M+FCG, Bargajwa, Bihar 845103, भारत",27.1036916,84.3336014,3.4,Bargajwa, mosque
3815,Mangala museum,"9FQ3+F95, बाबिया चौर 33200, नेपाल",28.3874306,83.4528049,0,बाबिया, museum
3816,Mangala ghat suspended bridge,"8HR5+MQW, बेनी 33200, नेपाल",28.3409913,83.559365,5,बेनी, monument
3817,Malika temple,"8H3F+74G, मालिका 33200, नेपाल",28.3031979,83.5728386,5,मालिका, hindu_temple
3818,माईतिघर मण्डला,"M8VC+R5R, काठमाडौँ 44600, नेपाल",27.6944693,85.3203174,4.2,काठमाडौँ, monument
3819,Ghara Myagdi Nepal,"FM44+H58, शिखा 33200, नेपाल",28.4564179,83.6554472,3,शिखा, historic_site
3820,Devisthan yekasalla,"Malika 5, नेपाल",28.4378473,83.3632972,0,नेपाल, trek
3821,रघुगंगा,"रघुगंगा, नेपाल",28.4011009,83.5715093,,नेपाल, tourist_attraction
3822,Pun Community Museum,"Annapurna Gaun Palika 8, नेपाल",28.3945013,83.6162282,5,नेपाल, museum
3823,सिगाना बलाम कोटा पिकनिक एस्पोर्ट,"6HV2+8PP, सिगाना 33300, नेपाल",28.2433475,83.5518433,3,सिगाना, picnic
3824,Shiva Valley,"CH8G+PPX, 33200, नेपाल",28.416855,83.576861,4.7,33200, hike
3825,Pokhari Taal Park,"M4VP+FPQ, कावासोती 33000, नेपाल",27.6937057,84.1368564,4,कावासोती, park
3826,Kawasoti Skate Park,"J4VC+XPH, कावासोती 33000, नेपाल",27.64495,84.1218653,3.9,कावासोती, amusement_park
3827,Grace community church,"Kawasoti 5, नेपाल",27.6661355,84.1186247,5,नेपाल, church
3828,Chwadi park,"J46H+WVR, कावासोती 33000, नेपाल",27.6123511,84.1296342,5,कावासोती, tourist_attraction
3829,Kawasoti,"M4QJ+QXG, कावासोती 33000, नेपाल",27.689853,84.1324785,0,कावासोती, mosque
3830,Tiger Tops Tharu Lodge,"Amaltari, कावासोती 44600, नेपाल",27.5690393,84.1039763,4.5,कावासोती, zoo
3831,S&S arts gallery,"Kumarwarti, road, कावासोती, नेपाल",27.6442439,84.1243398,0,road, art_gallery
3832,Shiva Mandir,"M57C+22J, महेन्द्र राजमार्ग, कावासोती 33000, नेपाल",27.6625817,84.1700413,4.5,महेन्द्र राजमार्ग, hindu_temple
3833,कावासोती,"कावासोती, नेपाल",27.648641,84.1329595,,नेपाल, historic_site
3834,Shree Singhaniwas Developed Forest,"M453+84M, कावासोती 33000, नेपाल",27.658346,84.102798,4.5,कावासोती, trek
3835,Rajratna picnic spot,"M536+8M3, कावासोती 33000, नेपाल",27.6532622,84.1616792,4.2,कावासोती, picnic
3836,महत विसौनी,"PCF8+Q7V, गैंडाकोट 33000, नेपाल",27.7244912,84.4156653,4,गैंडाकोट, park
3837,"GAINDAKOT-6, PLAYGROUND","M9RV+G9M, गैंडाकोट, नेपाल",27.691321,84.3934774,4.4,गैंडाकोट, tourist_attraction
3838,Barkati Nepali Masjid,"MCXG+MXF, भरतपुर 44200, नेपाल",27.6992119,84.4274221,4.2,भरतपुर, mosque
3839,CG Unnati Cultural Village,"Gaidakot Harkapur-12, 33003, नेपाल",27.6896605,84.2875913,4.3,33003, museum
3840,गणेश मन्दिर,"M9XX+V5V, गैंडाकोट 33000, नेपाल",27.6997326,84.3978475,4.1,गैंडाकोट, hindu_temple
3841,Church Chowk,"M8W4+WP3, गैंडाकोट 33000, नेपाल",27.6970616,84.307403,5,गैंडाकोट, historic_site
3842,Ghumauri community park and picnic spot,"M5X4+9W5, Unnamed Road, देवचुली 33000, नेपाल",27.6983968,84.1573545,4,Unnamed Road, park
3843,Chuwadi,"P825+GFF, गैंडाकोट 33000, नेपाल",27.7013199,84.3086643,5,गैंडाकोट, amusement_park
3844,Shanti Church,"M5M6+HCW, देवचुली 33000, नेपाल",27.683984,84.1610807,5,देवचुली, church
3845,Devchuli dada,"Q59H+3V9, उपल्लो अर्खले 33000, नेपाल",27.7676577,84.1797298,5,उपल्लो, tourist_attraction
3846,"Nepali jamey masjid, Rajahar","M6JG+68P, Unnamed Road, रजहर 33000, नेपाल",27.680583,84.2258267,4.4,Unnamed Road, mosque
3847,CG History Museum,"M6J6+CMH, देवचुली 33000, नेपाल",27.6810559,84.2117318,5,देवचुली, museum
3848,तुलसी -पवित्रा बृद्धा आश्रम,"Pragatinagar, Devachuli 33000 https://maps.app.goo.gl/JQaYF5tVN9yBzqs87, नवलपुर 33000, नेपाल",27.6701313,84.1917869,4.9,Devachuli, hindu_temple
3849,देवचुली,"देवचुली 33000, नेपाल",27.7214408,84.1962563,,नेपाल, historic_site
3850,Devchuli Hill (1938 Meter),"Q59H+2VQ, उपल्लो अर्खले 33000, नेपाल",27.767585,84.1797233,4.5,उपल्लो, historic_site
3851,MadhyaBindu Hospital Park,"J3HV+F3W Kolhuwa, Road, कावासोती 33000, नेपाल",27.6289577,84.0926583,4,Road, park
3852,mainaghat church,"madhyabindu 13, मैनाघाट 33000, नेपाल",27.6568777,83.9947639,3,मैनाघाट, church
3853,Nawalparasi Dumkauli,"M345+VJC, देउराली 33000, नेपाल",27.6571887,84.059029,0,देउराली, mosque
3854,Amar fish shop,"JHRV+G4P, Khaireni - Suryapura Road, देवदह नगरपालिका 32900, नेपाल",27.6414091,83.5928504,5,Khaireni - Suryapura Road, aquarium
3855,नवदुर्गा मन्दिर,"HWFW+7MW, नयाँ बेलहानी 33007, नेपाल",27.573242,83.9467167,5,नयाँ, hindu_temple
3856,मध्यविन्दु,"मध्यविन्दु, नेपाल",27.6146167,83.9530993,,नेपाल, historic_site
3857,Bhedabari,"MXQF+4X, मैनाघाट 33000, नेपाल",27.6878294,83.9749908,4,मैनाघाट, trek
3858,Shandh Picnic Spot,"J46P+QJP, Kawaswati 33000, नेपाल",27.6112685,84.1362588,5,Kawaswati, picnic
3859,Hupsekot,"PXPW+JJ, हुप्सेकोट 33000, नेपाल",27.736575,83.996532,5,हुप्सेकोट, park
3860,Hupsekot Vision Church (Jabbar Sing Saru),"PXPM+CG2 Vision vision church, हुप्सेकोट 33000, नेपाल",27.7359703,83.9838107,5,हुप्सेकोट, church
3861,हुप्सेकोट,"हुप्सेकोट, नेपाल",27.7367241,84.0061661,,नेपाल, tourist_attraction
3862,Aapchour Picnic Spot,"M6RM+7VP, रजहर 33000, नेपाल",27.6907095,84.2347148,4.3,रजहर, picnic
3863,Bulingtar Agro Park,"R5XX+7C5, बुलिङ्टार 33000, नेपाल",27.8481267,84.1986196,0,बुलिङ्टार, park
3864,Emmanuel Church,"R5VF+PF, उपल्लो अर्खले 33000, नेपाल",27.844325,84.1736853,5,उपल्लो, church
3865,बुलिङ्टार,"बुलिङ्टार 33000, नेपाल",27.8205404,84.1909841,,नेपाल, tourist_attraction
3866,गणेश मन्दिर,"R5PR+69W, बुलिङ्टार 33000, नेपाल",27.8356088,84.1910149,0,बुलिङ्टार, hindu_temple
3867,Balighat Garden and Park,"V36C+773, Dedgaun Rd, डेड्गाउँ, नेपाल",27.8606465,84.070687,3.7,Dedgaun Rd, park
3868,Akala Devi temple,"V35C+Q73, D2, डेड्गाउँ, नेपाल",27.8593972,84.0706761,0,D2, church
3869,Narayani side,"PC26+7X6, गैंडाकोट, नेपाल",27.6996956,84.4122123,5,गैंडाकोट, tourist_attraction
3870,Akala Devi,"V34Q+VP4, Machedi Rd, डेड्गाउँ, नेपाल",27.8571074,84.0893013,4.4,Machedi Rd, hindu_temple
3871,"धुनिबेंशि न.पा.-९, कानाकोट,पाण्डे गाउँ","नौबिसे 45100, नेपाल",27.7121519,85.1860822,3.8,नेपाल, historic_site
3872,डेडगाउँ नवलपुर,"V32H+X4W, डेड्गाउँ, नेपाल",27.8524764,84.077826,4,डेड्गाउँ, trek
3873,Bardaghat bus park,"HQ2X+W86 Bardaghat Bus Park, त्रिबेणी रोड, बर्दघाट 33007, नेपाल",27.5522914,83.7982526,3.8,त्रिबेणी रोड, park
3874,Tilakpur fun park,"HP6M+4CM, सरावल 33007, नेपाल",27.5603389,83.7335544,5,सरावल, amusement_park
3875,पवित्र कल्याण मण्डली (church),"FW23+H92, त्रिबेणी 33007, नेपाल",27.4513725,83.9032463,4.4,त्रिबेणी, church
3876,त्रिवेणी धाम,"FW3M+FC8, त्रिबेणी रोड, त्रिबेणी 33007, नेपाल",27.4536652,83.9335776,4.4,त्रिबेणी रोड, tourist_attraction
3877,Madar Baba Masjid,"मदरस्थान जाने बाटो, 33007, नेपाल",27.5011333,83.8988635,4.1,33007, mosque
3878,सुनवल नगरपालिका ३ नं किर्तिपुर १,"JM37+2FJ, सुनवल 33000, नेपाल",27.6025975,83.6636262,2,सुनवल, zoo
3879,Aqua Hubs,"जामुनिया 33007, नेपाल",27.4669487,83.7862942,0,नेपाल, aquarium
3880,भुल्केपानी,"HW88+5R, नयाँ बेलहानी 33007, नेपाल",27.5654776,83.9171241,0,नयाँ, picnic
3881,विनयी त्रिवेणी,"विनयी त्रिवेणी, नेपाल",27.5842999,83.8718007,,नेपाल, hike
3882,binayi tribeni rural municipality,"HVJ8+P9H, ज्यामिरे 33000, नेपाल",27.581798,83.8659791,4.4,ज्यामिरे, hike
3883,त्रिवेणी सस्पेंशन पुल त्रिवेणी,"FW4Q+RHP, त्रिबेणी 33007, नेपाल",27.4570772,83.9389436,4.5,त्रिबेणी, hike
3884,त्रिबेणी,"त्रिबेणी, नेपाल",27.4575894,83.9055997,,नेपाल, hike
3885,Kunwar Mini Jungle,"Bandevi, Ramgram -11, रामग्राम 33007, नेपाल",27.5545084,83.6804308,5,Ramgram -11, park
3886,"Shakshi Church, Parasi Road","GMH2+JVF, रामग्राम 33007, नेपाल",27.5290868,83.6521792,0,रामग्राम, church
3887,Ramgram Stupa(Krish Photography ),"Parasi To Maheshpur Road, Nawalparasi, Nepal, रामग्राम 33007, नेपाल",27.4990002,83.6723417,4.1,Nawalparasi, tourist_attraction
3888,Bilal jama masjid,"Ramgram - Harpur Rd, कुस्मा 33007, नेपाल",27.4799241,83.6791418,5,कुस्मा, mosque
3889,Sabuni,"GJ4R+5X2, रामग्राम 33007, नेपाल",27.5055856,83.6424226,5,रामग्राम, hindu_temple
3890,Parasi Clock Tower,"GMJ7+FC2, Ramgram - Harpur Rd, रामग्राम 33007, नेपाल",27.5312719,83.663427,4.3,Ramgram - Harpur Rd, monument
3891,रामग्राम,"रामग्राम 33007, नेपाल",27.5290526,83.6720756,,नेपाल, historic_site
3892,Ramgram picnic spot (उजैनी),"GM2J+577, रामग्राम 33007, नेपाल",27.5004211,83.6806589,0,रामग्राम, picnic
3893,Sunwal Hill Park सुनवल हिल पार्क,"JJMV+6R3, सुनवल 33000, नेपाल",27.6330245,83.6445359,4.3,सुनवल, park
3894,SUKRAULI SMALL DAM,"GJQF+X4F, सुक्रौली 33007, नेपाल",27.5399289,83.6227859,4.5,सुक्रौली, amusement_park
3895,Sunwal Church,"JJ8X+8FG, सुनवल 33000, नेपाल",27.6158467,83.6487181,2.2,सुनवल, church
3896,सुनवल,"सुनवल, नेपाल",27.6271937,83.6454831,,नेपाल, tourist_attraction
3897,masjid bankatti.,"HMH7+GQ4 Bankatti, सुनवल 33007, नेपाल",27.5787317,83.6644337,4.5,सुनवल, mosque
3898,Asnahiya,"sunwal 13, asnahiya 33007, नेपाल",27.5765336,83.6789778,3,asnahiya, museum
3899,Art Media,"sunwal-5, सुनवल 33000, नेपाल",27.6271937,83.6454831,0,सुनवल, art_gallery
3900,"GANESH TEMPLE, NAWADURGA TOLE, SUNWAL-2","HJPX+4P3, NawaDurga Tole, सुनवल, नेपाल",27.5852626,83.6492742,4.9,NawaDurga Tole, hindu_temple
3901,ढकाल उपमन्यु कुल मन्दिर,"JJ8F+488, सुनवल 33000, नेपाल",27.6153028,83.6233435,3.5,सुनवल, monument
3902,"Bethel Church, Hatbazar, Bardaghat 04, Nawalparsi (West)","HQ2W+W36, बर्दघाट 33007, नेपाल",27.5516273,83.7948759,5,बर्दघाट, church
3903,नवलपरासी (बर्दघाट सुस्ता पश्चिम),"नवलपरासी (बर्दघाट सुस्ता पश्चिम), नेपाल",27.5487566,83.7199136,,नेपाल, tourist_attraction
3904,बर्दघाट,"बर्दघाट, नेपाल",27.5403988,83.7942551,,नेपाल, tourist_attraction
3905,Tribeni Dham,"FW3J+874, Bardaghat Road, बर्दघाट 33007, नेपाल",27.4531837,83.9306269,4.2,Bardaghat Road, tourist_attraction
3906,Jama masjid bardaghat,"HQ3Q+8JR, ज्ञानेन्द्र मार्ग, बर्दघाट, नेपाल",27.5533736,83.789017,5,ज्ञानेन्द्र मार्ग, mosque
3907,नयां बस्ति पथ,"GR6G+R9, बर्दघाट 33007, नेपाल",27.5120548,83.8259488,5,बर्दघाट, museum
3908,जुम फोटो स्टुडियो र भिडियोग्राफी,"Bardaghat -4, Bardaghat, Nawalparasi,Nepal, E-W Hwy, Beside Deepa Furniture Udhyog, बर्दघाट 33011, नेपाल",27.556676,83.789107,4.6,Bardaghat, art_gallery
3909,Daunne Devi Temple,"HR2Q+52Q, महेन्द्र राजमार्ग, दुम्कीबास 33003, नेपाल",27.5504474,83.8376638,4.5,महेन्द्र राजमार्ग, hindu_temple
3910,Bardghat nawalparasi,"GQ9P+62R, बर्दघाट 33007, नेपाल",27.5181078,83.7850055,3,बर्दघाट, picnic
3911,THARU SANSKRITIK PARK,"GPJ4+344 Sarawal-2, Manari, सरावल 33007, नेपाल",27.5301875,83.7053125,5,Manari, park
3912,"Sarawal, Nawalparasi","GP2J+MF5, सरावल 33007, नेपाल",27.5016288,83.7312393,4,सरावल, tourist_attraction
3913,RAZA JAMA MASJID (CHAMAN TOLA) PALHI NANDAN GAONPALIKA (5) DICT. NAWALPARASI WEST LUMBINI PROVINCE (5) NEPAL,"FJ5X+72Q, गैरामी, नेपाल",27.4582695,83.6476173,5,गैरामी, mosque
3914,Padampur Park (Bhimwali Park),"MFRM+72R, जुटपानी 44204, नेपाल",27.6907317,84.4825261,4.3,जुटपानी, park
3915,"Palhinandan-6, Padari, Nawalparasi(B.S.W.)","FJPF+29, सनै 33000, नेपाल",27.4850785,83.623377,0,सनै, tourist_attraction
3916,Aquadesire,"ललितपुर 44700, नेपाल",27.670453,85.3255713,5,नेपाल, aquarium
3917,पुरातत्त्व विभाग,"M8WC+CH2, काठमाडौँ 44600, नेपाल",27.6960164,85.3213044,4.1,काठमाडौँ, historic_site
3918,TRP PATH,"FRGW+VM4, रुपौलिया 33007, नेपाल",27.4771281,83.8466944,5,रुपौलिया, park
3919,Aradhana church,"pratappur 4, ठूलोखैरटवा, नेपाल",27.4358896,83.7630903,0,ठूलोखैरटवा, church
3920,Mosque Of Fenhara,"FR3M+V2J, 33007, नेपाल",27.4547297,83.832501,5,33007, mosque
3921,बौद्ध स्तुपा,"CRJW+8C9, Tharhi, Bihar",27.4307864,83.846118,4,Tharhi, monument
3922,Park,"PCWG+W6F, देव घाट 33915, नेपाल",27.7473207,84.4255325,4.6,देव, park
3923,Nawalparasi Christian Church,"M3W7+4V7, Dihi, Nawalparasi Bardaghat susta purba, हुप्सेकोट 4, नेपाल",27.6952877,84.0646903,3,Dihi, church
3924,Durgamandir,"Nawalparasi,susta-2, satpatti, नेपाल",27.4773884,83.8699638,4.7,susta-2, hindu_temple
3925,New trishuli aquarium house,"Bus Stop, त्रिशुली राजमार्ग, बिदुर 44900, नेपाल",27.9210192,85.1487474,3.8,त्रिशुली राजमार्ग, aquarium
3926,Nawa Jyoti Baptist Church Bidur-5 Nuwakot,"V4PV+79, बिदुर 44900, नेपाल",27.8846995,85.1428251,0,बिदुर, church
3927,Kakani Memorial Park,"Kakani Memorial Park, ककनी 44900, नेपाल",27.8145279,85.2682859,,ककनी, park
3928,Bhulbhule Waterfall,"R7V6+3PR, ककनी 44900, नेपाल",27.8427336,85.2617534,4.8,ककनी, amusement_park
3929,Believers eastern church Ningale,"R69G+7HG, त्रिशुली राजमार्ग, ककनी 44900, नेपाल",27.8181934,85.226426,5,त्रिशुली राजमार्ग, church
3930,ककनी साहसिक शिविर,"Kakani - 5, ककनी 44903, नेपाल",27.8183477,85.2637405,4.7,ककनी, mosque
3931,Jalpa Devi,"Nuwakot, 44900, नेपाल",27.8257471,85.2463723,4.3,44900, hindu_temple
3932,Kakani Thai Memorial Park,"R779+P9V, ककनी 44900, नेपाल",27.8143602,85.2684361,3.9,ककनी, monument
3933,Kakani greenary Picnic Spot,"R768+FV, ककनी 44900, नेपाल",27.8112314,85.2671537,4.5,ककनी, picnic
3934,घ्याङस्वारा सहिद स्मारक पार्क,"V9R2+R3, थप्रेक 44900, नेपाल",27.8920625,85.3501875,4.6,थप्रेक, park
3935,Dupcheshwor Mahadev Mandir,"X92V+6XW, शिखरबेसी 44900, नेपाल",27.950624,85.3949454,4.6,शिखरबेसी, church
3936,दुप्चेश्वर,"दुप्चेश्वर, नेपाल",27.9224572,85.3818486,,नेपाल, historic_site
3937,Nuwakot satbise,"W8FW+G29, Satbise Bus Stop, Sundaradevi VDC 44900, नेपाल",27.9237769,85.3451135,4,Satbise Bus Stop, historic_site
3938,शिवपुरी गाउँ पर्या पर्यटन तथा संरक्षण फार्म,"समुन्द्रदेवी 44900, नेपाल",27.8183678,85.3350003,4.2,नेपाल, mosque
3939,पासीकोट शिव मन्दिर,"Kathmandu 44600, नेपाल",27.7713454,85.3484875,4.3,नेपाल, hindu_temple
3940,Shivapuri peak,"R96R+PCG, गोकर्णेश्वर 44900, नेपाल",27.812089,85.3845362,4.6,गोकर्णेश्वर, monument
3941,Apex of Shivapuri Hill,"R96M+VRF, काठमाडौँ 44900, नेपाल",27.8121893,85.3845524,4.4,काठमाडौँ, trek
3942,Shivapuri Lovely Dada,"टोखा 44600, नेपाल",27.7784105,85.34229,4.7,नेपाल, picnic
3943,कागुने खरपाखा,"W9CJ+XPQ, समुन्द्रटार 44900, नेपाल",27.9224572,85.3818486,5,समुन्द्रटार, park
3944,Anugraha Church,"M99X+QXP, सुर्यविनायक, नेपाल",27.6694899,85.3999778,5,सुर्यविनायक, church
3945,Bagmara Tadi-4,"Sundara Devi Tadi-4, 44900, नेपाल",27.9318168,85.3545378,4,44900, tourist_attraction
3946,थामभन्ज्याङ,"Ikudol Road, दाल्चोकी 44700, नेपाल",27.538759,85.3121491,3.8,दाल्चोकी, zoo
3947,RAJDHANI AQUARIUM,"थिरबम मार्ग, काठमाडौँ 44600, नेपाल",27.711326,85.3284039,3.5,काठमाडौँ, aquarium
3948,"Majuwa, Nuwakot","V9CW+F2, लिखु 44900, नेपाल",27.8711407,85.3950776,0,लिखु, park
3949,Thansing New Vision Church,"likhu-6, 44900, नेपाल",27.8658799,85.4015245,0,44900, church
3950,लिखु,"लिखु 44900, नेपाल",27.8660696,85.4014387,,नेपाल, tourist_attraction
3951,Baluwa,"Q9CR+VFC, गोकर्णेश्वर 44600, नेपाल",27.7721218,85.3912182,5,गोकर्णेश्वर, mosque
3952,सिलामे,"V988+WC2, महाकाली 44900, नेपाल",27.867267,85.3660127,4.6,महाकाली, museum
3953,कालिका मन्दिर,"VC82+CHG, लिखु 5, नेपाल",27.8660696,85.4014387,0,लिखु, hindu_temple
3954,पञ्चकन्या,"पञ्चकन्या 44900, नेपाल",27.8983753,85.3187914,,नेपाल, tourist_attraction
3955,Seraj Fish House,"बस स्टेशन, Golfutar Main Rd, बुढानीलकण्ठ 44600, नेपाल",27.778263,85.3606538,0,Golfutar Main Rd, aquarium
3956,Ganesh temple,"V7HP+Q2M, Unnamed Road, कविलास 44900, नेपाल",27.8794684,85.2850535,4.3,Unnamed Road, hindu_temple
3957,पञ्चकन्या गाउँपालिका नुवाकोट,"Panchakanya 02, 44900, नेपाल",27.8843818,85.333821,3.7,44900, trek
3958,chaughada bagaicha,"W62Q+M32, चौघडा स्थानिय मार्ग, चौघडा 44900, नेपाल",27.9016277,85.2376548,4.1,चौघडा स्थानिय मार्ग, park
3959,narjamadap church,"W7PP+CJP, नार्जामंड़प 44900, नेपाल",27.9360911,85.2865988,5,नार्जामंड़प, church
3960,suryagadhi hill,"X65H+P3, गेर्खु 44900, नेपाल",27.959369,85.2276266,4.9,गेर्खु, tourist_attraction
3961,Suryagadhi Rural Municipality Office,"W6XH+4R4, बागेश्वरी चोकडे 44900, नेपाल",27.9477388,85.2295672,4.4,बागेश्वरी, mosque
3962,Naranthan temple (नारनथान मन्दिर),"W6XJ+MPG, बागेश्वरी चोकडे 44900, नेपाल",27.9492021,85.2318593,5,बागेश्वरी, hindu_temple
3963,SuryaGadhi Fort,"X65G+PX9, नुवाकोट लाच्यांग सडक, बागेश्वरी चोकडे 44900, नेपाल",27.9592933,85.2274867,4.5,नुवाकोट लाच्यांग सडक, monument
3964,Suryachaur Nuwakot,"R8F6+867, गुर्जे भञ्ज्याङ स्थानिय मार्ग, सुनखानी 44900, नेपाल",27.8232777,85.3105361,4.3,गुर्जे भञ्ज्याङ स्थानिय मार्ग, hike
3965,Balidan Church Manebhanjyang 3 Darbu,"balidan mandali, 56100, नेपाल",27.2035697,86.4875997,0,56100, church
3966,मानेभञ्याङ,"मानेभञ्याङ, नेपाल",27.1698694,86.4300353,,नेपाल, tourist_attraction
3967,महादेव मन्दिर,"6F89+8W6, 56100, नेपाल",27.2157894,86.4697704,0,56100, hindu_temple
3968,मानेभंज्यांग बजार,"मानेभंज्यांग बजार, 56100, नेपाल",27.2212343,86.4452983,,56100, historic_site
3969,bhorle dada,"Harkapur-Okhaldhunga Road, 56100, नेपाल",27.2031734,86.4500223,5,56100, hike
3970,चम्पादेवी मन्दिर,"Okhaldhunga Okhreni, 56100, नेपाल",27.3314901,86.347464,4.5,56100, park
3971,Akase padhera,"967Q+9M, नर्मदेश्वोर 56100, नेपाल",27.36346,86.239225,0,नर्मदेश्वोर, amusement_park
3972,Ambakdanda,"Phikkal 2, नेपाल",27.2447824,86.2842107,0,नेपाल, museum
3973,चम्पा देवी मन्दिर,"7FJV+5P5, सिद्धिचरण 56100, नेपाल",27.2803805,86.4943592,4.5,सिद्धिचरण, hindu_temple
3974,Uddav Smriti Park उद्धव स्मृति पार्क,"सोल्पा भञ्ज्याङ्ग, 45901, नेपाल",27.2219758,86.3128752,5,45901, park
3975,Katunje tole,"Sunkoshi ,10, नेपाल",27.3142583,86.4209753,0,10, amusement_park
3976,Anughra Church,"695W+J3Q, टोक्सेल 56100, नेपाल",27.2090973,86.3952422,0,टोक्सेल, church
3977,तिन्छागे झर्ना sunkoshi Rural municipality 9 kakani Okhaldhunga,"89MQ+G2H, कटुञ्जे 56100, नेपाल",27.3338011,86.3875982,5,कटुञ्जे, tourist_attraction
3978,Sunkoshi Rural Municipality Okhaldhunga,"79PC+4RC, 56100, नेपाल",27.2852119,86.3720717,3.4,56100, mosque
3979,Kali cave Mahadev temple,"Khurkot-Ghurmi Madhya Pahadi Hwy, बलखु 45900, नेपाल",27.2374859,86.3311842,5,बलखु, hindu_temple
3980,सोल्पा भञ्ज्याङ्ग,"68C7+V44, 45900, नेपाल",27.2221313,86.3128383,4,45900, monument
3981,जुनेला बारी,"68FH+H4, सोल्पाठाना 45900, नेपाल",27.2239643,86.3284961,5,सोल्पाठाना, hike
3982,Taluwa Gadi,"7G5V+23, मोली 56100, नेपाल",27.257581,86.542634,0,मोली, tourist_attraction
3983,Okhaldhunga moli jilitar,"996H+P7X, खिजी फलांटे 56100, नेपाल",27.3618654,86.3782198,0,खिजी, mosque
3984,Jaljaleswor Mahadev Sthan,"Jaljaleswor Tribeni Dham and Mahadev Mandir, Molung Palika-4, Okhaldhunga Molung Rural Municipality, Okhaldhunga, Nepal, नेपाल",27.3225381,86.4344615,0,Molung Palika-4, hindu_temple
3985,घ्याम्पाडांडा,"molung 5, नेपाल",27.3674714,86.4177452,0,नेपाल, trek
3986,गुरु पार्क रामपुर ओखलढुगां,"9C4Q+GJ, Prapchan 56100, नेपाल",27.356341,86.43906,3.8,Prapchan, picnic
3987,KAMERE,"8HVF+MM, सिद्धिचरण 56100, नेपाल",27.3442018,86.5741452,0,सिद्धिचरण, church
3988,चिशंखुगढी,"चिशंखुगढी, नेपाल",27.2864975,86.6471365,,नेपाल, tourist_attraction
3989,Changesthan Mandir,"9GQQ+H87, 56000, नेपाल",27.3889224,86.5382863,4.6,56000, hindu_temple
3990,Dhap Bazaar,"9GPP+X2J, जन्तरखानी 56000, नेपाल",27.3874648,86.535002,4.2,जन्तरखानी, trek
3991,Homestay koich,"खिजी फलांटे 56100, नेपाल",27.4369527,86.332389,5,नेपाल, park
3992,Bethlehem kokarshi Mandali,"F7FJ+CMF, भुजी 45400, नेपाल",27.4735554,86.2816685,3,भुजी, church
3993,खिजी थोलेदेम्बा,"खिजी थोलेदेम्बा, खिजी फलांटे 56100, नेपाल",27.4651907,86.3642585,4,खिजी, tourist_attraction
3994,"khiji Chandeshwori, Okhaldhunga, Nepal","F892+659, खिजी चन्डेश्वरी 56100, नेपाल",27.4680335,86.3004749,5,खिजी, mosque
3995,Chandi Than Mandir,"G844+F7C, प्रिती 45400, नेपाल",27.5061776,86.305647,4.7,प्रिती, museum
3996,खिजिदेम्बा,"खिजिदेम्बा, नेपाल",27.458782,86.3600982,,नेपाल, historic_site
3997,कललडाँडा (Simaldanda),"F8XM+CXQ, खिजीकाटी 56100, नेपाल",27.4985919,86.3349733,0,खिजीकाटी, trek
3998,नेस्पु खोल्सा - खिजिकाति,"F8CF+VPX, खिजीकाटी 56100, नेपाल",27.4722265,86.3243447,5,खिजीकाटी, hike
3999,Mudke(मुड्के),"864P+5H, हिमगंगा 56100, नेपाल",27.3054993,86.2364691,4,हिमगंगा, park
4000,Shalom A.G. Church,"F75P+9Q5, रागानी 56100, नेपाल",27.4583709,86.2869797,0,रागानी, church
4001,लिखु,"लिखु, नेपाल",27.338352,86.2337401,,नेपाल, tourist_attraction
4002,Ahl-E Hadith New Masjid Madhukarpur,"Madhukar Pur (Bulakdihwa), Indo Nepal Border Trail, मधुरकरपुर 32800, नेपाल",27.4547503,83.1071627,4,Indo Nepal Border Trail, mosque
4003,Narmadeshawor Madhev Temple,"9639+GFW, नर्मदेश्वोर 56100, नेपाल",27.3538656,86.2187316,5,नर्मदेश्वोर, museum
4004,नीलकण्ठेश्वर महादेब मन्दिर (हलेसी),"C7R7+HVW, रागानी 56100, नेपाल",27.4414929,86.2647094,5,रागानी, hindu_temple
4005,डुडे ख़ोला,"C742+7V, गाम्नाङटार 56100, नेपाल",27.405652,86.252128,0,गाम्नाङटार, trek
4006,Bhotepani,"98R2+MX, पोकली 56100, नेपाल",27.391665,86.3024917,5,पोकली, hike
4007,Tansen Vehicle service car jeep etc 🚗 🚗,"VG8W+M9W, बैंक मार्ग, तानसेन 32500, नेपाल",27.8700423,83.5455233,4.3,बैंक मार्ग, park
4008,तानसेन भ्यू टावर,"VGCX+WGX, तानसेन 32500, नेपाल",27.8723675,83.5488451,4.3,तानसेन, tourist_attraction
4009,तानसेन जामा मस्जिद,"Tansen 3, तानसेन 00977, नेपाल",27.8696984,83.5455662,5,तानसेन, mosque
4010,CLASSIC AQUARIUM,"VG8X+J3F, टुँडिखेल मार्ग, तानसेन 32500, नेपाल",27.8665713,83.5476718,5,टुँडिखेल मार्ग, aquarium
4011,श्री अमरनारायण मन्दिर,"VG9X+46J, तानसेन 32500, नेपाल",27.8678362,83.5480168,4.7,तानसेन, hindu_temple
4012,CHILLDREN FUN PARK,"VV5Q+QFV, रामपुर 32500, नेपाल",27.8595423,83.8879796,4.3,रामपुर, park
4013,Rampur fun park,"VV8X+PJJ, Hospital Rd, रामपुर 32500, नेपाल",27.8675218,83.8996073,0,Hospital Rd, amusement_park
4014,Rampur Church (रामपुर चर्च),"VW42+932, रामपुर 32500, नेपाल",27.8558218,83.90019,3,रामपुर, church
4015,Rampur View Point,"VPP7+P3, हुँगी 32500, नेपाल",27.8868,83.7127,3,हुँगी, tourist_attraction
4016,"Sunni Masjid, Islampur مسجد","VW73+9GG, प्रगतिनगर रामपुर राजमार्ग, रामपुर 32500, नेपाल",27.8634314,83.903824,4.4,प्रगतिनगर रामपुर राजमार्ग, mosque
4017,Kalika Temple,"Palpa Rampur 1, Gaitar, रामपुर, नेपाल",27.8727311,83.8727523,4,Gaitar, hindu_temple
4018,"Shyaule Bajar, Rampur, Palpa","रामपुर 32500, नेपाल",27.8597303,83.9958264,0,नेपाल, monument
4019,Ramit'S PLACE,"VRG7+VVJ, Majhigaun, Chapakot 9, नेपाल",27.8772125,83.8146406,5,Majhigaun, trek
4020,Palpa Rampur,"VVFW+F8M, रामपुर 33800, नेपाल",27.8737225,83.8958006,4.3,रामपुर, picnic
4021,RAINA DEVI CHHAHARA PALPA,"V9G8+4CP, छहरा 32500, नेपाल",27.8753755,83.3660571,3.9,छहरा, park
4022,Bhuvanpokhari Rainadevi Chhahara Palpa,"V8JC+P5, भुवनपोखरी 32500, नेपाल",27.881819,83.320466,5,भुवनपोखरी, tourist_attraction
4023,Rainadevi Temple रैनादेवी मन्दिर,"W922+V8W, भुवनपोखरी 32500, नेपाल",27.9022356,83.3508407,5,भुवनपोखरी, mosque
4024,Selfiedada,"WCFJ+4X7, ख्याहा 32500, नेपाल",27.9227992,83.4324345,3.5,ख्याहा, trek
4025,Beersheba Prayer House,"PF79+Q52, बुटवल 32907, नेपाल",27.714378,83.4679013,5,बुटवल, church
4026,Patal,"Tinau rural municipality ward no. 5, नेपाल",27.7741444,83.5328464,4.5,नेपाल, tourist_attraction
4027,"श्री सिद्धबाबा मन्दिर, पाल्पा","PFH9+PPW, H10, दोभान 32907, नेपाल",27.7293606,83.4693134,4.5,H10, hindu_temple
4028,Prithivi Narayan Shah Statue,"MFM7+2XX, बुटवल 32907, नेपाल",27.6826062,83.4650586,5,बुटवल, monument
4029,Nuwakot View Point,"दोभान 32907, नेपाल",27.7274996,83.4491852,4.6,नेपाल, hike
4030,Fulbari फूलबारी,"RH7R+QF4, कसेनी 32500, नेपाल",27.8143901,83.5912088,5,कसेनी, park
4031,"Puktung Agaman Church, Mathagadhi-5, Palpa","PJWQ+9X, कसेनी 32500, नेपाल",27.7460376,83.6399953,0,कसेनी, church
4032,afardad palpa,"VJM3+RHM, Hospital Rd, तानसेन 32500, नेपाल",27.8845833,83.6039318,5,Hospital Rd, tourist_attraction
4033,Shree Rambha Devi Mandir,"RPQ4+GJF, ताहु 32500, नेपाल",27.8388102,83.7065328,4.5,ताहु, hindu_temple
4034,Pokharathok पोखराथोक माडी पाल्पा,"VJ22+G4G, Unnamed Road, बुढा पोखराथोक 32500, नेपाल",27.8513217,83.6003344,4.2,Unnamed Road, historic_site
4035,Madi View Point,"RHG7+2PX, तानसेन 32500, नेपाल",27.825122,83.5643637,3.7,तानसेन, picnic
4036,Kaude Lek कौडे लेक,"QJ73+WRQ, Unnamed Road, कसेनी 32500, नेपाल",27.7648268,83.6046136,4.4,Unnamed Road, hike
4037,जोगिपानी बोल्नी पानी कुवा,"तानसेन-तम्घास सडक, बन्दीपोखरा 32500, नेपाल",27.8620283,83.4992923,4.4,बन्दीपोखरा, park
4038,Dhangri,"VGX3+5PH, Padani 2, पोखराथोक 32500, नेपाल",27.8979456,83.5043545,0,Padani, church
4039,Ridi,"WCMQ+VVX, नेपाल",27.9347371,83.4397369,3.5,नेपाल, tourist_attraction
4040,रानीमहल,"WGGH+M4P, बौघा गुम्हा 32500, नेपाल",27.9267072,83.5278236,4.4,बौघा, historic_site
4041,Palpa,"VF8J+WRQ, भैरवस्थान 32500, नेपाल",27.8673286,83.4820991,4.7,भैरवस्थान, trek
4042,Bakum gadhi,"RPWQ+8GX, हक्लाङ 32500, नेपाल",27.8458622,83.7388453,2.5,हक्लाङ, museum
4043,sahani arts,"Ramgram - Harpur Rd 3, रामग्राम 33000, नेपाल",27.5307708,83.6637868,4.8,रामग्राम, art_gallery
4044,Rambha Top,"RPP5+QQ, ताहु 32500, नेपाल",27.8369221,83.7094135,4,ताहु, picnic
4045,Hattilek,"QQWW+3PP, Purbakhola Rural Municipality, सिलुवा, नेपाल",27.7952074,83.7968244,4.5,Purbakhola Rural Municipality, park
4046,Siluwa palpa,"RVF5+F56, सिलुवा 32500, नेपाल",27.8236678,83.8579053,5,सिलुवा, tourist_attraction
4047,Mani memorial rest place,"VQRW+HM4, चापाकोट 33800, नेपाल",27.8913849,83.7967144,5,चापाकोट, monument
4048,पूर्वखोला,"पूर्वखोला, 32500, नेपाल",27.8401901,83.7720319,,32500, historic_site
4049,Chuli Danda ( चुलि डाडाँ ),"QPPQ+HJ, जल्पा 32500, नेपाल",27.7863989,83.739117,4.4,जल्पा, picnic
4050,Thumki danda,"RX6P+VWP, रामपुर 32500, नेपाल",27.8122136,83.9873289,5,रामपुर, park
4051,Sahalkot Church,"RX36+37, सहाल्कोट 32500, नेपाल",27.8026326,83.9606732,5,सहाल्कोट, church
4052,"Lekdanda Nisdi-7,Jyamire,Hubas,Palpa","QRJJ+8F, अर्चले 32500, नेपाल",27.7807799,83.8312183,0,अर्चले, tourist_attraction
4053,Nisdi Rural Municipality,"QW9C+WCQ, Unnamed Road, मित्याल 32500, नेपाल",27.7698377,83.9211138,4.3,Unnamed Road, monument
4054,निस्दी,"निस्दी, नेपाल",27.8003883,83.9119274,,नेपाल, historic_site
4055,झोलुङ्गे पुल,"RV6V+76P, गल्धा 32500, नेपाल",27.8107145,83.8930674,0,गल्धा, hike
4056,Dhurbaghat Park,"तानसेन 32500, नेपाल",27.8700008,83.5656884,4.8,नेपाल, park
4057,तानसेन चर्च,"VG9X+GRP, तानसेन 32500, नेपाल",27.8688283,83.5495877,4.3,तानसेन, church
4058,बगनासकाली,"बगनासकाली, नेपाल",27.8987049,83.596186,,नेपाल, historic_site
4059,Love Dadha,"VH86+R5V, तानसेन 32500, नेपाल",27.8671229,83.5604239,5,तानसेन, picnic
4060,जग्गा विक्री १,"4QC8+6HH, फिदिम 57400, नेपाल",27.1205687,87.7664934,0,फिदिम, park
4061,Phidim Baptist Church,"4QW7+6V6, फिदिम 57400, नेपाल",27.1455409,87.7646378,5,फिदिम, church
4062,Phidim Bazar,"4QR8+CCJ, H07, फिदिम 57400, नेपाल",27.1455305,87.7657363,4.2,H07, mosque
4063,Shivalaya Tample शिवालय मन्दिर,"4QR9+R3M, फिदिम 57400, नेपाल",27.1420825,87.7676689,4.4,फिदिम, hindu_temple
4064,Phidim pallotar,"फिदिम 57400, नेपाल",27.1455007,87.7505892,3.3,नेपाल, historic_site
4065,फिदिम,"फिदिम 57400, नेपाल",27.1205687,87.7664934,,नेपाल, historic_site
4066,पाँचथर,"पाँचथर, नेपाल",27.1095783,87.8156715,,नेपाल, historic_site
4067,फिदिम,"फिदिम, 57400, नेपाल",27.1258055,87.7662583,,57400, historic_site
4068,𝑃𝑎𝑛𝑐ℎ𝑡ℎ𝑎𝑟,"𝑝ℎ𝑖𝑑𝑖𝑚 14, नेपाल",27.1205687,87.7664934,5,नेपाल, historic_site
4069,Labrekuti Viewpoint,"4Q4F+8PJ, फिदिम 57400, नेपाल",27.1058404,87.7742643,5,फिदिम, hike
4070,Grace jousha nissi church Panchkhal अनुग्रह यहोस निस्सी चर्च पाँचखाल,"JJVF+274, पाँचखाल 45212, नेपाल",27.6425164,85.6231956,3.5,पाँचखाल, church
4071,Tinghare,"JJ9R+M9V, पाँचखाल, नेपाल",27.6192484,85.6409178,4.7,पाँचखाल, tourist_attraction
4072,Panchakanya Mai temple,"JGR3+5PH, उग्रतारा जनागाल 45210, नेपाल",27.640418,85.5041117,5,उग्रतारा, hindu_temple
4073,Manda Phalcha,"M8GC+964, Pimbahal Marg, ललितपुर 44600, नेपाल",27.6758661,85.3206537,4.2,Pimbahal Marg, monument
4074,ᤛᤣᤘᤠᤖᤥ Phalelung (Phalut),"6277+2FW, नेपाल",27.2126075,88.0137012,5,नेपाल, historic_site
4075,Phalcha (Paati),"MCM2+CJC, हिन्दुनगर रोड, मध्यपुर ठिमी, नेपाल",27.6839248,85.4012977,0,हिन्दुनगर रोड, historic_site
4076,Bipanchaulgain land,"QFPV+Q7G Way to Patal gufa, भोटेचौर, नेपाल",27.7872917,85.4933507,0,भोटेचौर, hike
4077,सहिद park,"6R79+H4H, शुभाङ 57400, नेपाल",27.2139485,87.8178721,4.5,शुभाङ, park
4078,मिलुङ झरना,"PSR1, 57400, नेपाल",27.222181,87.770728,4,57400, amusement_park
4079,Estern Believers Church Hilihang,"7Q83+GQ8, अमरपुर 57400, नेपाल",27.2662906,87.7544516,4,अमरपुर, church
4080,Hilihang chook,"H07, 57400, नेपाल",27.2534952,87.7897193,2.8,57400, tourist_attraction
4081,हिलिहाङ,"हिलिहाङ, नेपाल",27.2148062,87.7691576,,नेपाल, tourist_attraction
4082,Hill top,"H724+JGJ, ठोसे 45400, नेपाल",27.5515911,86.2562793,5,ठोसे, tourist_attraction
4083,Hilihang durbar square limbuwan,"6QX8+XRX, 57400, नेपाल",27.2500173,87.7671124,4.8,57400, tourist_attraction
4084,Tappu(टप्पु)zoo,"sandakpur 2, नेपाल",27.0448759,87.9217051,0,नेपाल, zoo
4085,सानो पाथीभरा मन्दिर (चतुरे डाँडा ) 79600966,"6R22+PF, भारपा 57400, नेपाल",27.2017526,87.8012421,5,भारपा, hindu_temple
4086,Hilihang Palace ᤛᤣᤘᤠᤖᤥ,"6QX9+WC, पञ्चमी 57400, नेपाल",27.2498657,87.7686016,0,पञ्चमी, historic_site
4087,Pachayanpur Mosque,"रघुनाथपुर 44400, नेपाल",27.0156389,84.9732744,4.4,नेपाल, mosque
4088,Paws and Fins (Aquarium and Pets shop),"Kageshwori Manohara-5, काठमाडौँ 44600, नेपाल",27.7270708,85.4058903,0,काठमाडौँ, aquarium
4089,महागुरु फाल्गुनन्द चोक,"4QR9+M73, फिदिम 57400, नेपाल",27.141966,87.767451,4,फिदिम, monument
4090,Petare Daha,"VMFG+X7, बाझो 57400, नेपाल",26.8749056,87.6756443,5,बाझो, hike
4091,Hangthuwa Siran Gaun,"4MHG+QCC, रानी गाउँ 57400, नेपाल",27.1294411,87.6760201,5,रानी, park
4092,Kummayak,"3JCQ+FWV, सिद्धथान बाटो, यासोक 57400, नेपाल",27.0712272,87.639793,5,सिद्धथान बाटो, church
4093,कुम्मायक,"कुम्मायक, नेपाल",27.0684574,87.6479223,,नेपाल, tourist_attraction
4094,महानन्द निङ्लेकुको ऐतिहासिक घर,"4JM2+99M, सिम्ले 57500, नेपाल",27.1334555,87.6008448,4,सिम्ले, museum
4095,"Bohora Bandhu Kul Mandir, Kummayak","3JPH+88, रानी गाउँ 57400, नेपाल",27.0858326,87.6282616,0,रानी, hindu_temple
4096,योमुई चम्खासिङ यक(पञ्चकन्या),"XFXC+54M, पञ्चकन्या पोखरी 57500, नेपाल",26.997957,87.4703029,0,पञ्चकन्या, historic_site
4097,Roshan Bhattarai House,"2GH6+Q97, फाक्चामारा 57500, नेपाल",27.0294195,87.5109338,0,फाक्चामारा, hike
4098,मिक्लाजुङ,"मिक्लाजुङ, नेपाल",26.9335795,87.6898107,,नेपाल, tourist_attraction
4099,Miklajung ward No.2,"XMFQ+MWJ, 57400, नेपाल",26.9742094,87.6897664,4,57400, tourist_attraction
4100,Magar Museum मगर संग्रहालय,"VGH3+G7, मुढेबास 56800, नेपाल",26.8788417,87.5031859,0,मुढेबास, museum
4101,जुरीथुम्की मन्दिर,"WPW7+825, 57300, नेपाल",26.9457685,87.7126006,4.7,57300, hindu_temple
4102,"Chituwakharka, Panchthar","XJJM+W9J, ओलेने 57400, नेपाल",26.9823348,87.6333757,0,ओलेने, historic_site
4103,Miklajung,"WMMQ+CWM, रवि 57300, नेपाल",26.9335795,87.6898107,0,रवि, trek
4104,JYOTI CHURCH & PRAYER TOWER,"XHWR+W4G, Unnamed Road, आङ्ना 57400, नेपाल",26.9973097,87.5902953,5,Unnamed Road, church
4105,Tumbewa Peak,"XJ77+WM3, 57400, नेपाल",26.9647535,87.6141597,0,57400, tourist_attraction
4106,तुम्बेवा गाउँपालिका,"XHRM+3V7, मौवा 57400, नेपाल",26.9901933,87.5846719,2.8,मौवा, mosque
4107,Aquarium fishkeeper,"ललितपुर 44700, नेपाल",27.6586853,85.3134787,4.9,नेपाल, aquarium
4108,देबिथान,"XH4J+624, देबिथान, तीनघरे, हाङ्गुम, तुम्बेवा गाउपालिका, Pathchnar, मौवा, नेपाल",26.9555152,87.5800658,5,देबिथान, hindu_temple
4109,Cat Statue,"म्याङ्गलुङ्ग 57500, नेपाल",27.1308178,87.5331479,4.3,नेपाल, monument
4110,तुम्बेवा,"तुम्बेवा, नेपाल",27.0056522,87.5890791,,नेपाल, historic_site
4111,Palum tar/पालुम टार,"XFPQ+CH, पञ्चकन्या पोखरी 57500, नेपाल",26.9860184,87.4889934,3,पञ्चकन्या, hike
4112,Guru Neupane Garden,"Yangwarak-5, नेपाल",27.2335644,87.840918,0,नेपाल, park
4113,YAKTHUNG NAMUNA GHAR Yangwarak -5 yangsingbung Panchthar nepal,"Yangwarak, 5, Yangsingbung, नेपाल",27.2666018,87.8299943,0,5, tourist_attraction
4114,Bishnulaxmi Temple,"Pathivara Yangwarak 6, थुम्बेदिन 57500, नेपाल",27.2886198,87.8154303,3.3,थुम्बेदिन, hindu_temple
4115,याङवरक,"याङवरक, नेपाल",27.2458006,87.8545971,,नेपाल, historic_site
4116,Phoktey Dara Top,"722J+36H, 737121, नेपाल",27.2501885,88.0306004,4.7,737121, hike
4117,Mahavir महभिर,"राम्जा सडक, 33400, नेपाल",28.2281975,83.7716766,5,33400, amusement_park
4118,Saint Timothy Believers Eastern Church,"6MGH+MCM, पोखरा - बागलुङ लोकमार्ग, कुश्मा 33400, नेपाल",28.2272688,83.6787499,0,पोखरा - बागलुङ लोकमार्ग, church
4119,Kusma Hill View Point,"6MFM+QJ6, दुर्लुङ सडक, कुश्मा 33400, नेपाल",28.2244201,83.6840304,4.4,दुर्लुङ सडक, tourist_attraction
4120,Shatabdi Ghar,"6M9H+HX, कुश्मा 33400, नेपाल",28.2189509,83.6799625,4.8,कुश्मा, museum
4121,Kushma Bazar,"6M9H+HJ9, कुश्मा 33400, नेपाल",28.2192786,83.6788353,4.8,कुश्मा, monument
4122,कुश्मा झोलुङ्गे पुल,"6M5J+G3M, कुश्मा ज्ञादी पुल, कुश्मा 33400, नेपाल",28.2088344,83.6801637,4.5,कुश्मा ज्ञादी पुल, historic_site
4123,Mahabhir Waterfall Trekking Trail,"7M7X+5M, कुश्मा 33400, नेपाल",28.2629302,83.6991413,0,कुश्मा, hike
4124,म्हेपी गिर्जाघर,"काठमाडौँ 44600, नेपाल",27.7276665,85.3106556,3.8,नेपाल, church
4125,Halhale,"7MCJ+F4, कुश्मा 33400, नेपाल",28.2712309,83.6802961,0,कुश्मा, tourist_attraction
4126,Modibeni मोदीवेणी,"6M3C+3C5, Unnamed Road, कुश्मा, नेपाल",28.2026529,83.671135,4.3,Unnamed Road, hindu_temple
4127,मोदी,"मोदी, नेपाल",28.27825,83.7173781,,नेपाल, historic_site
4128,Gadtara,"Modi 6, तिलाहार, नेपाल",28.2378425,83.7123453,0,तिलाहार, picnic
4129,Mukhiya park and place,"7J3M+42P, Unnamed Road, कुश्मा 33300, नेपाल",28.252835,83.632569,5,Unnamed Road, park
4130,(सिदीमुल) पानिको मुल,"7J2V+F3, कुश्मा 33400, नेपाल",28.2500473,83.6422574,5,कुश्मा, amusement_park
4131,Bagarphant Mandali Church(House of Prayers),"Jaljala,2, Bagarphant, नेपाल",28.3578456,83.5664215,0,2, church
4132,Hampal Jaljala,"Jaljala V D C 33200, नेपाल",28.3468841,83.6589354,4.7,नेपाल, tourist_attraction
4133,पाङ कोट (पाङ ततरकोट भुमे मन्दिर ),"7M92+RHF, कुश्मा 33400, नेपाल",28.2695633,83.6514532,5,कुश्मा, hindu_temple
4134,"Paiyun Rural Municipality, Office of the Rural Municipal Executive","2MR6+342, Unnamed Road, Parbat Huwas Mardikhola 33400, नेपाल",28.0400696,83.6603028,4.8,Unnamed Road, park
4135,गहिरो पधेरो,"XMH4+W7, पेलाकोट 33800, नेपाल",27.9798337,83.6557003,5,पेलाकोट, amusement_park
4136,Kikrik,"3M39+2M, Parbat Huwas Mardikhola 33400, नेपाल",28.052621,83.6692012,0,Parbat, church
4137,Upallo Pekhu View Point,"14, वालिङ, नेपाल",27.9984515,83.7324748,5,वालिङ, tourist_attraction
4138,Paiyun Engineering (P.) Ltd. [Parbat Branch],"Paiyun R.M, हुवास 33400, नेपाल",28.0434897,83.665915,0,हुवास, tourist_attraction
4139,Kanxo,"3QJ4+MR9, अर्जुन चौपारी 33800, नेपाल",28.0816555,83.7570955,0,अर्जुन, mosque
4140,Harichandi Kalika Temple,"2MPJ+P96, Parbat Huwas Mardikhola 33400, नेपाल",28.0367894,83.680898,5,Parbat, hindu_temple
4141,Payun Kot,"33400, नेपाल",28.0580978,83.6432374,4.8,नेपाल, monument
4142,Juction,"2MX4+75, Parbat Huwas Mardikhola 33400, नेपाल",28.0482033,83.6553834,0,Parbat, hike
4143,Narayansthan park,"6M58+R64, नारायणस्थान 33300, नेपाल",28.2095155,83.6655648,0,नारायणस्थान, park
4144,देवीस्थान फलेवास,"देवीस्थान फलेवास, नेपाल",28.1821584,83.66144,,नेपाल, tourist_attraction
4145,Nayan Flex Print,"parbat phalewas khanigaun ,5 Khanigaun 5, Phalewas 33400, नेपाल",28.17,83.67,0,5, art_gallery
4146,Nepal High Trek & Expedition,"Khusibu, Nayabazar, काठमाडौँ 44600, नेपाल",27.7197338,85.3011375,4.9,Nayabazar, trek
4147,Mahankal Dada Gajaram Parbat Hikking Trail Start point,"Bethanchowk-3, ढुन्खर्क 45200, नेपाल",27.5091436,85.4857504,5,ढुन्खर्क, hike
4148,Sittal Dada,"3M27+2V, Parbat Huwas Mardikhola 33400, नेपाल",28.0501145,83.6647095,0,Parbat, park
4149,महाशिला,"महाशिला, नेपाल",28.1155846,83.6768983,,नेपाल, tourist_attraction
4150,Shiva Mandir,"2MX8+VW3, हुवास सडक, Parbat Huwas Mardikhola 33400, नेपाल",28.049634,83.6673052,5,हुवास सडक, hindu_temple
4151,"महाशिला शिला क्षेत्र, महाशिला पर्वत ।","4M3R+MGH, लुङ्खुदेउराली 33400, नेपाल",28.1041812,83.6913523,4.3,लुङ्खुदेउराली, monument
4152,फलामखानी पार्क तथा पिकनिक स्पट,"4MHQ+CG2, Limithana VDC 33400, नेपाल",28.1285096,83.6887642,4.7,Limithana, picnic
4153,Bhattarai Chaupari,"2JJ7+X28, 33400, नेपाल",28.0324044,83.6125714,5,33400, park
4154,Ngadi (ङ्यादी),"895X+JRQ, 33600, नेपाल",28.3090895,84.3996153,4.3,33600, tourist_attraction
4155,बच्छेश्वर मन्दिर,"Bihadi 1, Bachachha, नेपाल",28.090318,83.6106797,5,Bachachha, mosque
4156,बाँदर पार्क,"4H7G+X4, छिस्ती 33300, नेपाल",28.1149888,83.5753282,5,छिस्ती, museum
4157,शितल गुफा शिव पार्बती मन्दिर,"3H7P+72V, बिहादी बर्राचौर 33400, नेपाल",28.0632449,83.5850388,5,बिहादी, hindu_temple
4158,सेतिबेनी शिला,"2J64+J24, सेतीबेनी 33400, नेपाल",28.0115187,83.6050665,4.6,सेतीबेनी, monument
4159,विहादी,"विहादी, नेपाल",28.0599826,83.5798856,,नेपाल, historic_site
4160,डाङडुङे डाँडा चाैपारी,"3H35+3R, पुर्तिघाट 32600, नेपाल",28.0527047,83.5595984,0,पुर्तिघाट, trek
4161,Aauridada picnic spot,"5J7H+5W, बिनामारे 33300, नेपाल",28.1629646,83.6297754,5,बिनामारे, picnic
4162,Duda,"2JMJ+MQC, टकलाक 33400, नेपाल",28.0341783,83.6318984,5,टकलाक, hike
4163,"Children Fun Park, Birgunj","2V5F+CFW, वीरगञ्ज 44300, नेपाल",27.0086007,84.8736988,3.5,वीरगञ्ज, park
4164,"घडीअर्वा पोखरि, वीरगञ्ज","2V7F+GWH, Ghadiarwa, वीरगञ्ज, नेपाल",27.013816,84.874871,4.2,Ghadiarwa, tourist_attraction
4165,Birgunj Aquarium House,"2V5G+WM9, Loharpatti Rd, वीरगञ्ज 34441, नेपाल",27.0097994,84.8767321,5,Loharpatti Rd, aquarium
4166,ISKCON Birgunj,"Street Number 3, वीरगञ्ज 44300, नेपाल",27.0126026,84.879475,4.7,वीरगञ्ज, hindu_temple
4167,Rajat Jayanti Park,"XVW7+CVH Raja Jayanti Chauk, Bypass, वीरगञ्ज 44300, नेपाल",26.99632,84.864611,4.1,Bypass, trek
4168,"Chaube Mango Garden, Madhopur","4QFF+C28, औराहा 44300, नेपाल",27.1224532,84.7725942,5,औराहा, park
4169,Basantpur Pokhari,"3PWV+CRX, पोखरीया 44300, नेपाल",27.0961249,84.7446146,3,पोखरीया, tourist_attraction
4170,Jamia masjid Pokhariya,"3QG7+HGM, पोखरीया 44300, नेपाल",27.0764707,84.763808,4,पोखरीया, mosque
4171,Ranigunj Royal Palace,"3Q79+29J, पोखरीया 44300, नेपाल",27.0625889,84.7684021,3.6,पोखरीया, museum
4172,Aquarium Castle,"2V7G+522, GP Road, वीरगञ्ज 44300, नेपाल",27.0128894,84.8750201,2.8,GP Road, aquarium
4173,पोखरेश्वर महादेव मन्दिर,"3QH6+J2P, पोखरीया 44300, नेपाल",27.0791443,84.7600229,5,पोखरीया, hindu_temple
4174,पोखरीया,"पोखरीया 44300, नेपाल",27.0819447,84.75767,,नेपाल, monument
4175,Pokhariya 03,"3PMQ+HP, पोखरीया 44300, नेपाल",27.0839046,84.7392963,0,पोखरीया, historic_site
4176,Garden (fulwari),"4RW2+P5, कौवा बनकटैया 44300, नेपाल",27.1458199,84.800281,3,कौवा, picnic
4177,Bahuari,"4V32+XW, वीरगञ्ज 44300, नेपाल",27.1048767,84.8522517,3.5,वीरगञ्ज, park
4178,Church JHABARAHA,"5WFG+WWG, Unnamed Road, बिरवागुठी 44300, नेपाल",27.1748481,84.9272625,0,Unnamed Road, church
4179,Bairiya Masjid -North,"3QGQ+R2, बैरिया बिरता दा.पू. 44300, नेपाल",27.077084,84.7875729,0,बैरिया, mosque
4180,"Satomai Temple SreeSiya,25 Parsa Nepal","2V94+3VQ, वीरगञ्ज 44300, नेपाल",27.017694,84.8572289,5,वीरगञ्ज, hindu_temple
4181,Bahudarmai,"3RQF+QR2, Birgunj, भौराटार 44300, नेपाल",27.0893853,84.8245192,0,Birgunj, monument
4182,"बाहुदरमाई नगरपालिका, नगर कार्यपालिकाको कार्यालय","4R2V+P7F, बहुअरी पिडारी 44300, नेपाल",27.101742,84.8431339,3.5,बहुअरी, historic_site
4183,Rekhati,"2RRR+FC, वीरगञ्ज 44300, नेपाल",27.0411332,84.8410652,0,वीरगञ्ज, trek
4184,picnic spots Jhabaraha,"Unnamed Road, 44300, नेपाल",27.1665846,84.9289147,3.7,44300, picnic
4185,New Apostolic Church Sabaiyatadhi,"4WX9+GFP, बिरवागुठी 44300, नेपाल",27.1488391,84.9187032,3.8,बिरवागुठी, church
4186,पर्सागढी,"पर्सागढी, 44300, नेपाल",27.1619605,84.8946842,,44300, tourist_attraction
4187,JAME MASJID PASRAMPUR,"4WRC+5PF, बिरवागुठी 44300, नेपाल",27.1404504,84.9218039,5,बिरवागुठी, mosque
4188,Maisthan Park,"2V6H+X55, वीरगञ्ज 44300, नेपाल",27.0123817,84.8779819,4.3,वीरगञ्ज, park
4189,Bindabasini Temple बिन्दबासिनी मन्दिर,"2RR9+X79, वीरगञ्ज 44300, नेपाल",27.0424171,84.818194,4.3,वीरगञ्ज, church
4190,Bindawasini MAI Arts,"नागेश्वर पेट्रोल पंप, Padam road, हुलाकी राजमार्ग 19, वीरगञ्ज, नेपाल",27.0426351,84.8220776,1,Padam road, art_gallery
4191,बिन्दबासिनी,"बिन्दबासिनी, वीरगञ्ज 44300, नेपाल",27.0342874,84.8176862,,वीरगञ्ज, historic_site
4192,Raniban park,"9J39+WP6, ठोरी 44300, नेपाल",27.3547874,84.6192691,4.7,ठोरी, picnic
4193,Bhatedhada,"F762+4H, इपा पञ्चकन्या 44100, नेपाल",27.460351,85.251472,0,इपा, hike
4194,MIRJAPUR MELA,"3MJ5+3M, मिर्जापुर 44300, नेपाल",27.080223,84.6591589,3,मिर्जापुर, park
4195,IMS Zion church sikta,"2M9P+62H, Pokharia - Sikta Canal Rd, Sikta, Haripur, Bihar 845307, भारत",27.0180868,84.6851172,4.2,Pokharia - Sikta Canal Rd, church
4196,छिपहरमाई गाउंपालिका,"2MPH+VVM, भिसवा 44300, नेपाल",27.0372067,84.679671,3.9,भिसवा, tourist_attraction
4197,"Dhobini-05, Mosque","3MMP+44J, धौबिनी 44300, नेपाल",27.0824977,84.6851358,0,धौबिनी, mosque
4198,umesh patel,"3QJ5+Q3F, पोखरीया 44300, नेपाल",27.0819447,84.75767,0,पोखरीया, museum
4199,Chhipaharmai Temple छिपहरमाई मन्दिर,"3M3R+VFV, तुलसी बर्वा 44300, नेपाल",27.0547444,84.6911799,5,तुलसी, hindu_temple
4200,Chisapani Picnic Spot,"C375+2QM, मन्थली 45400, नेपाल",27.4125938,86.0594102,5,मन्थली, picnic
4201,Aaryan House,"2PVG+P3W, भेडिहारी 44400, नेपाल",27.0443725,84.7252046,5,भेडिहारी, hike
4202,वडा.नं 2 लक्ष्मीपुर,"4PH5+52V, घौडदौर पिपरा 44300, नेपाल",27.1279998,84.7075503,0,घौडदौर, park
4203,Masjid - E - Fatima Jagarnathpur,"4PQG+QGG Ward No. 4, जागरनाथपुर 44300, नेपाल",27.1394339,84.7263321,0,जागरनाथपुर, mosque
4204,Unification Memorial Park,"जीतपुर 44300, नेपाल",27.177518,84.7237072,0,नेपाल, museum
4205,Ajay house jagarnathpur birgunj_22 paras nepal,"Jagarnathpur,birgunj_22, नेपाल",27.1392746,84.7250072,0,birgunj_22, hindu_temple
4206,जगरनाथपुर,"जगरनाथपुर 44300, नेपाल",27.166667,84.75,,नेपाल, monument
4207,जागरनाथपुर,"जागरनाथपुर 44300, नेपाल",27.1394339,84.7263321,,नेपाल, monument
4208,जगरनाथपुर,"जगरनाथपुर, 44300, नेपाल",27.1392248,84.7257539,,44300, monument
4209,श्री पारशनाथ प्रवेश द्वार,"4R63+58F, महुवन 44300, नेपाल",27.1104894,84.8034534,0,महुवन, monument
4210,Jagatpur Parsa Nepal,"पोखरीया 44309, नेपाल",27.050565,84.7822959,4,नेपाल, historic_site
4211,Hapzu,"5PGF+XFQ, जीतपुर 44300, नेपाल",27.1774547,84.7237198,0,जीतपुर, trek
4212,Aankaawa dame,"5Q2F+3Q, सुगौली पटेर्वा 44300, नेपाल",27.1501747,84.7744728,0,सुगौली, trek
4213,Saud Khan,"5PGF+XFQ, जीतपुर 0000, नेपाल",27.1774547,84.7237198,0,जीतपुर, trek
4214,sunny homes,"5QF8+V5M, सुगौली पटेर्वा 44300, नेपाल",27.1747241,84.7654081,0,सुगौली, trek
4215,Kalikamai Rural Municipality,"3PJ8+6R6, मुडली 44300, नेपाल",27.0805265,84.7170058,3.5,मुडली, park
4216,कालिकामाई,"कालिकामाई, 44300, नेपाल",27.0813906,84.7165784,,44300, tourist_attraction
4217,Abdul Hamidiya Mosque,"2PX9+79Q, भेडिहारी 44300, नेपाल",27.0482135,84.7184949,0,भेडिहारी, mosque
4218,Kalikamai Temple,"3P5J+6RW, हरिहरपुर बिर्ता 44300, नेपाल",27.0581163,84.732063,3.8,हरिहरपुर, hindu_temple
4219,Pakaha,"2PGW+8M7, मैनपुर पकाहा 44300, नेपाल",27.0257848,84.7466716,4,मैनपुर, church
4220,Masjid,"2PX9+79Q, भेडिहारी 44300, नेपाल",27.0482135,84.7184949,0,भेडिहारी, mosque
4221,Manikpur Temple,"2QW5+JP4, पर्सौनी भाठा 44300, नेपाल",27.0465241,84.7593233,4.5,पर्सौनी, hindu_temple
4222,Pakaha Mainpur Gaupalika,"2PFW+W9W, मैनपुर पकाहा 44300, नेपाल",27.0248316,84.7459419,3.5,मैनपुर, monument
4223,मैनपुर पकाहा,"मैनपुर पकाहा 44300, नेपाल",27.0315854,84.7446146,,नेपाल, monument
4224,Pakaha mainpur Nepal,"2PGV+6QV, मैनपुर पकाहा 44300, नेपाल",27.0256056,84.7444159,0,मैनपुर, monument
4225,Maulapur Picnic Park,"Unnamed Road, 44500, नेपाल",26.9262909,85.1982115,4.1,44500, picnic
4226,प्यूठान अस्पताल,"4V33+GHW, Hospital Road, प्यूठान 22300, नेपाल",28.1038731,82.8539551,4.1,Hospital Road, mosque
4227,Jhuleni Natural View Tower (झुलेनी प्राकृतिक भ्यू टावर),"5V73+28C, जुमृकाँडा 22300, नेपाल",28.1625517,82.8532729,4.7,जुमृकाँडा, museum
4228,Bagdula बाग्दुला,"प्यूठान 22300, नेपाल",28.1228804,82.8835755,3.9,नेपाल, zoo
4229,Saunapani pyuthan,"4V23+M87, Saunapani, प्यूठान 22300, नेपाल",28.1016595,82.8532928,0,Saunapani, aquarium
4230,प्यूठान,"प्यूठान, नेपाल",28.0672903,82.8640623,,नेपाल, monument
4231,Tanka bahadur bista memorial Trust,"प्यूठान 22300, नेपाल",28.0961902,82.8390742,0,नेपाल, monument
4232,ठुलाचौर,"4X2Q+3CH, चुजा 22300, नेपाल",28.1001875,82.9886094,5,चुजा, historic_site
4233,Pyuthan,"2PQH+27, मर्कावाङ 22300, नेपाल",28.037551,82.728177,3.7,मर्कावाङ, trek
4234,स्वर्गद्वारीखाल,"स्वर्गद्वारीखाल, नेपाल",28.1213962,82.6743889,,नेपाल, tourist_attraction
4235,स्वर्गद्वारी,"स्वर्गद्वारी, नेपाल",28.1214212,82.674376,,नेपाल, tourist_attraction
4236,दारेमष्ठ रेग्मी कुलदेवता मन्दिर,"4MHW+JW7, भिङ्री 22300, नेपाल",28.1290485,82.6973058,4.3,भिङ्री, tourist_attraction
4237,"डडे खोला, स्वर्गद्वारी नगरपालिका, सारी, प्युठान","5PH2+WHX, सरि 22300, नेपाल",28.1798596,82.7014709,4.3,सरि, tourist_attraction
4238,सुरभि गौशाला स्वर्गद्वारी,"4MCF+7RR, स्वर्गद्वारीखाल 22300, नेपाल",28.1207647,82.6743906,5,स्वर्गद्वारीखाल, zoo
4239,gaumukhi,"4V23+M87, प्यूठान 22300, नेपाल",28.1016595,82.8532928,5,प्यूठान, church
4240,Gaumukhi,"72WQ+PXR, अर्खा, नेपाल",28.2968613,83.0399036,4,अर्खा, hindu_temple
4241,गौमुखी,"गौमुखी, नेपाल",28.2535999,83.0119021,,नेपाल, historic_site
4242,picnic spot,"in pyuthan (jhimruk 6, neear, नेपाल",28.139434,82.9609059,0,neear, picnic
4243,Markwang (pun magar village) Pyuthan,"4WGR+GMQ, तोरवाङ 22300, नेपाल",28.1263404,82.9417378,4,तोरवाङ, tourist_attraction
4244,महांकाल भैरव मन्दिर,"P94V+QXH, Nil Barahi Rd, कागेश्वरी मनोहरा 44600, नेपाल",27.706972,85.3949867,4.9,Nil Barahi Rd, monument
4245,PANAUTI HERITAGE SITE,"HGP8+3X3, पनौती 45209, नेपाल",27.5851064,85.5174287,5,पनौती, historic_site
4246,Rani Pauwa,"XR4M+MFC, ढुंगेगडी 22300, नेपाल",27.9566758,82.8336498,5,ढुंगेगडी, park
4247,D.G pyuthan house 🏠,"Pyuthan arjham, प्यूठान, नेपाल",27.9932014,82.9087306,0,प्यूठान, church
4248,Saurakot ( सौराकोट),"XQ6P+35P, ढुंगेगडी 22300, नेपाल",27.9602032,82.7854411,2.5,ढुंगेगडी, hindu_temple
4249,सरुमारानी,"सरुमारानी, नेपाल",27.9110643,82.8325014,,नेपाल, historic_site
4250,सरुमारानी गाउँपालिका,"XR4F+MPW, ढुंगेगडी 22300, नेपाल",27.9566266,82.8242701,4.7,ढुंगेगडी, trek
4251,Mallarani zipline,"3VPR+6VF, प्यूठान 22300, नेपाल",28.0854073,82.8922309,0,प्यूठान, tourist_attraction
4252,Thama,"Mallarani 1, Thama, नेपाल",28.0769679,82.8898126,0,Thama, art_gallery
4253,Supa deurali mandir barbot Pyuthan,"3W2Q+WM7, प्यूठान 22300, नेपाल",28.0522908,82.9391709,5,प्यूठान, hindu_temple
4254,दहबसे,"6RR8+W23, सिर्पा 22100, नेपाल",28.2422609,82.815041,4,सिर्पा, amusement_park
4255,New life church Timile,"5Q4F+F8, वेलबास 22300, नेपाल",28.1561707,82.7733558,0,वेलबास, church
4256,"Nepal, pyuthan, naubaini gaun palika ,Dawar khola","5VCQ+W8J, प्यूठान 22300, नेपाल",28.1723439,82.8882717,4.3,प्यूठान, tourist_attraction
4257,नौवहिनी,"नौवहिनी, नेपाल",28.1848533,82.8747609,,नेपाल, tourist_attraction
4258,Sirjana budha magar,"4WQJ+2XM, तोरवाङ 22300, नेपाल",28.1375893,82.9324324,0,तोरवाङ, park
4259,Markwang Gospel church,"4WGR+H8X, तोरवाङ 22300, नेपाल",28.1264767,82.9408701,1,तोरवाङ, church
4260,"Jhimruk rural municipality-5, okharkot pyuthan nepal","4XPG+VR7, ओखरकोट 22300, नेपाल",28.1371574,82.9770371,0,ओखरकोट, tourist_attraction
4261,Jhimruk Rural Municipality,"4XJ9+C3G, Pyuthan, Jhimruk -4, प्यूठान, नेपाल",28.1343889,82.9688954,4.6,Pyuthan, mosque
4262,Jyoti Krishna Panthi Museum,"Jyoti Krishna Chaura, KAFALNETI 22300, नेपाल",28.1068888,83.0155244,1,KAFALNETI, museum
4263,Kot Mandir,"Jhimruk 2, बाँदीकोट, नेपाल",28.1423006,82.999161,5,बाँदीकोट, hindu_temple
4264,Airawati Rural Municipality,"2W8J+228, बरौला 22300, नेपाल",28.0150075,82.9300265,3.8,बरौला, mosque
4265,ऐरावती मन्दिर,"WWJV+QFG Airawati 1, दाङवाङ 22300, नेपाल",27.9319323,82.9436882,5,दाङवाङ, hindu_temple
4266,Alita place,"3MHJ+6H8, प्यूठान 22300, नेपाल",28.0780421,82.6814391,0,प्यूठान, historic_site
4267,मन्थली बस पार्क,"93Q6+FVX, मन्थली 45400, नेपाल",27.3887452,86.0622422,3.5,मन्थली, park
4268,Manthali Playground,"93M5+4Q5, मन्थली 45400, नेपाल",27.3827623,86.0594712,5,मन्थली, amusement_park
4269,Susamachariya Mitra Mandali Ramechhap,"93H6+PGC, मन्थली 45400, नेपाल",27.3792108,86.0617018,5,मन्थली, church
4270,"चिसापानी गढी, रामेछाप","मन्थली 45400, नेपाल",27.4073066,86.0355392,5,नेपाल, tourist_attraction
4271,खाँडादेवी मन्दिर (मूख्य मन्दिर),"FW6H+Q59, मजुवा 45400, नेपाल",27.4619083,85.9279769,4.7,मजुवा, mosque
4272,क्यारामबोट बजार,"क्यारामबोट बजार, मन्थली 45400, नेपाल",27.4071277,86.0714387,,मन्थली, mosque
4273,मन्थली,"मन्थली, नेपाल",27.3885665,86.0631561,,नेपाल, mosque
4275,मन्थली माध्यमिक विद्यालय,"श्री महेन्द्रोदय उच्च मा बि, लामोसाँघु-रामेछाप राजमार्ग, मन्थली 45400, नेपाल",27.3796936,86.0647396,4,लामोसाँघु-रामेछाप राजमार्ग, mosque
4276,Santi Agriculture and Animal Husbandry Farm,"849F+5FG, रामेछाप 45400, नेपाल",27.3179345,86.1237096,5,रामेछाप, zoo
4277,Ghadi Chhap Picnic Spot,"C25R+7C, मन्थली 45400, नेपाल",27.4081516,86.0411128,5,मन्थली, picnic
4278,सेलेघाट,"8XVP+F5H, मन्थली ६, नेपाल",27.3436954,85.9854969,5,मन्थली ६, hike
4279,रामेछाप बजार,"रामेछाप बजार, रामेछाप 45400, नेपाल",27.3231047,86.0822677,,रामेछाप, mosque
4280,Ramechhap,"83H5+523, रामेछाप 45400, नेपाल",27.327896,86.0575423,4.8,रामेछाप, mosque
4281,रामेछाप नगरपालिका कार्यालय,"83FJ+6WP, रामेछाप मार्ग, रामेछाप 45400, नेपाल",27.3230888,86.0823204,3.9,रामेछाप मार्ग, mosque
4282,रामेछाप,"रामेछाप, नेपाल",27.319307,86.1039189,,नेपाल, mosque
4284,Eramechhap,"83FM+FC4, रामेछाप मार्ग, रामेछाप 45400, नेपाल",27.3235593,86.0835679,5,रामेछाप मार्ग, mosque
4285,"sahid park , doramba","GX74+P35, दोरम्बा 45400, नेपाल",27.5142674,85.955229,3.7,दोरम्बा, park
4286,Doramba Bazar (Tourist destination),"GW8M+6F2, दोरम्बा 45400, नेपाल",27.5155156,85.9336283,4.2,दोरम्बा, tourist_attraction
4287,AGLESWER MAHDEV,"GW39+CMC, Unnamed Road, दोरम्बा 45400, नेपाल",27.5035517,85.9191561,5,Unnamed Road, hindu_temple
4288,Doramba sailung gaupalika,"GW9P+W64, दोरम्बा 45400, नेपाल",27.5197676,85.9355648,3.5,दोरम्बा, monument
4289,दोरम्बा,"दोरम्बा 45400, नेपाल",27.5143188,85.9335407,,नेपाल, historic_site
4290,उप्रेतिको डाँडो (रमाइलो चाैतारी),"H2PW+4HF, पवटी 45500, नेपाल",27.5853086,86.0464186,0,पवटी, historic_site
4291,Bodal dada,"GWCG+R55, दोरम्बा 45400, नेपाल",27.5220059,85.925471,5,दोरम्बा, hike
4292,Rakathum site,"CVR3+PH6, राकाथुम 45400, नेपाल",27.4417932,85.8538849,0,राकाथुम, park
4293,Santi AG Church Ramechhap ️,"83GH+VQ, रामेछाप 45400, नेपाल",27.327115,86.0794958,5,रामेछाप, church
4294,Ramechhap,"C4P5+7VV, 45400, नेपाल",27.4357392,86.1096764,5,45400, tourist_attraction
4295,सुनापती,"सुनापती, नेपाल",27.4973663,85.8392943,,नेपाल, mosque
4296,Sunapati Mahadev Temple,"FVM5+9M9, बेथान 45400, नेपाल",27.4834203,85.8592292,5,बेथान, hindu_temple
4297,जबदे चिसापानी,"Ramechhap 8, Jawade, मन्थली 45400, नेपाल",27.4163136,86.0705004,0,Jawade, historic_site
4298,Sunapati Dada सुनापती डाडा,"FVM5+Q2J, बेथान 45400, नेपाल",27.4844664,85.8575307,5,बेथान, trek
4299,"Sheraphat, Dhunge Dhara","चापागाउँ - छम्पी सडक, चापागा‌‍‍उँ 44700, नेपाल",27.5970743,85.3191678,4,चापागा‌‍‍उँ, park
4300,Aahana Aquarium Shop,"महालक्ष्मी, नेपाल",27.6513744,85.3547263,4.1,नेपाल, aquarium
4301,Nepal Wonders Treks & Expedition P. Ltd,"त्रिदेवी सडक 26, काठमाडौँ 44600, नेपाल",27.7142943,85.3124258,4.9,काठमाडौँ, trek
4302,Champadevi Hiking Trail,"J7W3+FH7, कीर्तिपुर 44600, नेपाल",27.6461624,85.2539073,5,कीर्तिपुर, hike
4303,Ramding waterfall,"HCXC+M2, क्यामा 45400, नेपाल",27.5992692,86.4200704,0,क्यामा, amusement_park
4304,"Nepal Christian Ropheka Church (Darkha Church, NCRC)","Hospital, Gokulganga ,ward no 3 Rasnalu (near Of, रस्नालु, नेपाल",27.5496812,86.1898729,0,Gokulganga, church
4305,गोकुलगङ्गा,"गोकुलगङ्गा, नेपाल",27.5338274,86.1681562,,नेपाल, tourist_attraction
4306,गोकुलगंगा गाउँपालिका,"G5M8+JWV, बेताली 45400, नेपाल",27.5341112,86.1673978,4,बेताली, mosque
4307,Chandra Bahadur Sunuwar Chock चन्द्र बहादुर सुनुवार शालिक चाेक,"F65G+78, दुरागाउँ 45400, नेपाल",27.4581759,86.2257695,5,दुरागाउँ, museum
4308,Ganesh Mandir,"Those 5, नेपाल",27.5958692,86.262684,4.3,नेपाल, hindu_temple
4309,Jata Pokhari Dolakha,"PCG9+GQV, 45500, नेपाल",27.7263603,86.4194126,4.6,45500, trek
4310,Umakunda Waterfall,"Gupteshvar 9, प्रिती 1, नेपाल",27.5356853,86.2695988,5,प्रिती, hike
4311,लहरीनी पार्क,"95G3+QCJ, मन्थली 45400, नेपाल",27.3769647,86.1535305,5,मन्थली, park
4312,Chinne khola uttisghari,"C5GH+G5V, धोबी 6, नेपाल",27.4263566,86.1779246,0,धोबी, amusement_park
4313,Koinonia Kholmagaun Church,"95WQ+PF8, 45400, नेपाल",27.3968042,86.1887052,5,45400, church
4314,लिखु तामाकोशी,"लिखु तामाकोशी, 45400, नेपाल",27.4263566,86.1779246,,45400, tourist_attraction
4315,CHISAPANI MUSEUM,"C374+JX9, मन्थली 45400, नेपाल",27.4140348,86.0574694,5,मन्थली, museum
4316,"त्रिपिंगेश्वोर महदेब मन्दिर , तिल्पु खोला","J9PG+RX6, Lubhu - Dharachour - Arubot Rd, महालक्ष्मी, नेपाल",27.6370451,85.3774388,4.4,Lubhu - Dharachour - Arubot Rd, hindu_temple
4317,लिखु तामाकोशी गाउँपालिकाको कार्यालय,"C5GG+8XX, धोबी 45400, नेपाल",27.4258771,86.1774696,4.4,धोबी, trek
4318,kholmagaun Dada,"95WQ+MHG, गोठगाउँ 45400, नेपाल",27.3966859,86.1889498,5,गोठगाउँ, hike
4319,Bethlehem priti Church,"F7WR+MP8, प्रिती 45400, नेपाल",27.4972578,86.2931718,5,प्रिती, church
4320,उमाकुण्ड,"उमाकुण्ड, नेपाल",27.5704417,86.3397226,,नेपाल, tourist_attraction
4321,Umakunda Rural Municipality,"G75V+JCG, प्रिती 45400, नेपाल",27.5090655,86.2935859,4.6,प्रिती, mosque
4322,लिखुखोले रोसी खब्तडी बस्नेत कुल पूजा मन्दिर,"Umakunda 2, नेपाल",27.5502923,86.3645219,5,नेपाल, hindu_temple
4323,Jivan marga church,"R4XW+RM8, 10 ward office, नेपाल",27.8426813,85.1407455,5,10 ward office, church
4324,गोसाईकुण्ड ताल दृष्य केन्द्र,"Suryakunda Path, 45000, नेपाल",28.0833196,85.4104745,4.8,45000, tourist_attraction
4325,गोसाईकुण्ड दृष्य केन्द्र,"गोसाइकुन्ड पथ, 45000, नेपाल",28.0865898,85.409668,5,45000, tourist_attraction
4326,Mini Gosainkunda,"38X9+5VX, धुन्चे 45000, नेपाल",28.0979441,85.3197229,4.3,धुन्चे, mosque
4327,गोसाइँकुण्ड,"गोसाइँकुण्ड, 45000, नेपाल",28.0820059,85.414986,4.8,45000, picnic
4328,NIM Karmidanda,"257X+XFP, लहरेपौवा 45000, नेपाल",28.0149635,85.1987034,5,लहरेपौवा, church
4329,Mailung,"36C4+MRM Mailung Bazzar Bus Stop, डाँडागाउँ 45000, नेपाल",28.0717226,85.2070534,4.6,डाँडागाउँ, tourist_attraction
4330,कालिका गाउँपालिका कार्यालय,"X6V3+J9G, लहरेपौवा 45000, नेपाल",27.994082,85.2034572,5,लहरेपौवा, mosque
4331,भाँङ्गे झरना [Bhange Jharna],"Unnamed Road, डाँडागाउँ 45000, नेपाल",28.038119,85.193037,4.5,डाँडागाउँ, museum
4332,श्री कालिका देवी मन्दिर,"X6X4+9V8, Kalikasthan, Dhaibung, पासाङ् ल्हामु राजमार्ग, लहरेपौवा 45000, नेपाल",27.9987385,85.2062509,4.4,Kalikasthan, hindu_temple
4333,कालिकास्थान रसुवा,"कालिकास्थान रसुवा, लहरेपौवा 45000, नेपाल",28.0005871,85.2107743,,लहरेपौवा, historic_site
4334,"Naukunda-6,","भोर्ले 45000, नेपाल",28.0031875,85.2430625,3,नेपाल, park
4335,Jame Masjid Ratanpur,"4V8R+GG4, बसडिलवा 44300, नेपाल",27.1162546,84.8913495,3.7,बसडिलवा, mosque
4336,राम मन्दिर,"2728+PVR, सरमथली 45000, नेपाल",28.001855,85.2671326,5,सरमथली, hindu_temple
4337,Rauchuli,"29FC+3Q6, 44900, नेपाल",28.0226533,85.3718916,5,44900, trek
4338,Syaubari Picnic Spot,"2687+89F, लहरेपौवा 45000, नेपाल",28.0157289,85.2135206,0,लहरेपौवा, picnic
4339,Majhuwaa Park,"X5FM+HHG, बेत्रावती बजार 44900, नेपाल",27.9739431,85.183941,0,बेत्रावती, park
4340,बेत्रावती चर्च,"X5HM+77F, त्रिशुली राजमार्ग, बेत्रावती बजार 44900, नेपाल",27.9781957,85.1831838,3,त्रिशुली राजमार्ग, church
4341,Sapkota Gaun (Dandagaun Rasuwa ),"25MQ+H9, डाँडागाउँ 45000, नेपाल",28.0343741,85.1885116,4.4,डाँडागाउँ, tourist_attraction
4342,"उत्तरगया गाउँपालिका, गाउँ कार्यपालिकाको कार्यालय","X5RM+Q4W, लहरेपौवा 45000, नेपाल",27.9920169,85.1828779,3.4,लहरेपौवा, mosque
4343,उत्तरगया बेत्रावती,"X5FM+3WJ, पासाङ ल्हामु राजमार्ग, बेत्रावती बजार 44900, नेपाल",27.9727191,85.1847589,4.6,पासाङ ल्हामु राजमार्ग, hindu_temple
4344,अम्रसा मण्डली - AMRASA CHURCH,"J2M5+JC8, अम्रसा पुरानो बाटो, अम्रसा 33000, नेपाल",27.6340722,84.0084754,5,अम्रसा पुरानो बाटो, church
4345,"Ronga, Rasuwa, Amachodingmo Remote Municipality of Bagmati Province (Tamsaling)Nepal.","58JQ+VRP, स्याप्रु बेसी 45000, नेपाल",28.1822005,85.3395763,0,स्याप्रु, tourist_attraction
4346,Sasambhu temple,"J9RM+8JG, महालक्ष्मी, नेपाल",27.6408123,85.3840722,4.6,महालक्ष्मी, hindu_temple
4347,Tamang Heritage Trails,"49CX+2X5, स्याफ्रू 45000, नेपाल",28.12,85.4,4.7,स्याफ्रू, trek
4348,Asanwa Tempo Park,"Judibela, Rautahat, 44515, नेपाल",27.1407172,85.3981689,4.3,Rautahat, park
4349,Gujara Fun Park(Rautaha),"37M6+Q76, रंगपुर 44500, नेपाल",27.0844219,85.2606406,3.7,रंगपुर, amusement_park
4350,Mukti A. G,"4FJ9+G64, चन्द्रपुर 1, नेपाल",27.1312897,85.4680623,5,चन्द्रपुर, church
4351,Nunthar_swing Rautahat,"नुनथर पीकनिक स्थल बाटो, चन्द्रपुर 44100, नेपाल",27.1520104,85.4888832,5,चन्द्रपुर, tourist_attraction
4352,Jamia Masjid,"588M+PP3, चन्द्रपुर 44515, नेपाल",27.166768,85.3342973,0,चन्द्रपुर, mosque
4353,Chandrapur Bazar,"चन्द्रपुर 44515, नेपाल",27.1108389,85.3526514,4.2,नेपाल, museum
4354,Chandrapur aquarium house,"Chandrapur-4, नेपाल",27.1190138,85.3581427,0,नेपाल, aquarium
4355,नुनथर शिव मन्दिर,"चन्द्रपुर, नेपाल",27.1462855,85.4889711,4.3,नेपाल, hindu_temple
4356,Nunthar Picnic Spot,"चन्द्रपुर 44100, नेपाल",27.1491049,85.4885982,4.1,नेपाल, picnic
4357,Chapur Illaka Forest,"487V+23R, चन्द्रपुर 44515, नेपाल",27.1126181,85.3426532,4,चन्द्रपुर, hike
4358,Methur Chaudhary Park,"X828+FQ4, Samanpur Road, गरुडा 44500, नेपाल",26.9511355,85.3169409,4,Samanpur Road, park
4359,Church (Pastor Dinkar Ray Ministry),"Church Road, गरुडा 44500, नेपाल",26.9534892,85.3144601,5,गरुडा, church
4360,Kranti Dwar,"Q73G+X7Q, गौर 44500, नेपाल",26.7550212,85.2757911,4.5,गौर, tourist_attraction
4361,Masjid aayesa hanifa,"X899+2WQ, चन्द्रनिगाहपुर-गौर रोड, गरुडा 44500, नेपाल",26.9674528,85.3199004,3.6,चन्द्रनिगाहपुर-गौर रोड, mosque
4362,NEW SONU FILM & Chaurasiya House (Ramjanm),"W8XG+X5Q, Gaurad, बैरिया 44500, नेपाल",26.9499377,85.3255593,3,Gaurad, museum
4363,Gaighata Shreepur,"XG22+392, श्रीपुर 45800, नेपाल",26.9501444,85.5009022,5,श्रीपुर, zoo
4364,Garuda laxmipur nepal,"Laxmipur yadav niwas, गरुडा 44500, नेपाल",26.9447814,85.3030849,5,गरुडा, hindu_temple
4365,Gajendra Memorial Hospital,"NH36, सखूअवा 44500, नेपाल",26.906872,85.3030051,5,सखूअवा, monument
4366,गरुडा,"गरुडा, 44500, नेपाल",26.9487337,85.3084706,,44500, historic_site
4367,ओलार चौक,"W8VV+9C4, Gamhariya-Garuda Road, बरियारपुर 44513, नेपाल",26.9433816,85.3435703,0,Gamhariya-Garuda Road, hike
4368,Gaur Shivalaya Pokhari Park,"Q76H+W94, गौर 44500, नेपाल",26.7622699,85.2784585,4.5,गौर, park
4369,Rautahat District Water supplier,"Q77H+458, गौर 44500, नेपाल",26.7627896,85.2779526,4,गौर, amusement_park
4370,Baram Baba temple,"Q7MG+6XV, गौर 44500, नेपाल",26.7831243,85.2774207,2,गौर, church
4371,Masjid 1 Gaur,"Q75H+H2X, गौर 44500, नेपाल",26.7590041,85.2776244,3,गौर, mosque
4372,Dr.Subhash Animal Hospital & Research Center Pvt.Ltd,"Nepal bank ltd, Opposite to Rangoli studio, Gaur Rd Number 2, गौर 44500, नेपाल",26.7644968,85.2796597,5,Opposite to Rangoli studio, zoo
4373,Fish Market,"Q77H+68W, गौर 44500, नेपाल",26.7631397,85.2783446,4,गौर, aquarium
4374,Shivalaya Mandir,"Q77H+3JW, गौर 44500, नेपाल",26.762748,85.2790894,4.9,गौर, hindu_temple
4375,Barhawa Picnic Spot,"Q7CJ+4P7, गौर 44500, नेपाल",26.7702761,85.2818019,3.8,गौर, picnic
4376,Tauqeer Shaikh,"Q7MG+6XV, गौर 44500, नेपाल",26.7831243,85.2774207,0,गौर, hike
4377,Pawan my house,"R6X2+P8R, RoadNarkatiya Guthi 44500, नेपाल",26.8493789,85.2007396,0,RoadNarkatiya, church
4378,बौधीमाई,"बौधीमाई, 44500, नेपाल",26.8868236,85.2153062,,44500, tourist_attraction
4379,Ward 4,"V5V5+3X6, कचोर्वा 44400, नेपाल",26.8926551,85.1598751,0,कचोर्वा, museum
4380,Shiva Temple (Baudhaimai City),"V6XM+V2C, Ajay Kushwaha Road, Baudhimai Municipality, इनरुवा, नेपाल",26.8996454,85.2325794,2,Ajay Kushwaha Road, hindu_temple
4381,Dhanmatiya devi memorial,"W65Q+6W, इनरुवा 44500, नेपाल",26.9080233,85.2397783,5,इनरुवा, monument
4382,सहिद स्मृति पार्क,"Chandranigahpur, महेन्द्र राजमार्ग, 44515, नेपाल",27.1130894,85.3749794,4.1,महेन्द्र राजमार्ग, park
4383,Sundarpur Masjid,"X99C+M2X, Unnamed Road, संग्रामपुर 44500, नेपाल",26.9692426,85.3700877,4.4,Unnamed Road, mosque
4384,Sundarpur nisha family,"X8QM+P9Q, Sundarpur, संग्रामपुर, नेपाल",26.9893305,85.3334861,0,Sundarpur, hindu_temple
4385,White house,"X9MG+M68, हर्दिया पल्टुवा 44500, नेपाल",26.9841687,85.3755895,0,हर्दिया, trek
4386,देवाही गोनाही,"देवाही गोनाही, 44500, नेपाल",26.9300507,85.2617865,,44500, tourist_attraction
4387,Aliganj Masjid,"X6FR+28W, कटहरिया 44500, नेपाल",26.9721811,85.2406279,1,कटहरिया, mosque
4388,Santosh barai,"V78G+5X7, जिंगडवा बेलविचवा 1, नेपाल",26.8654042,85.2774207,0,जिंगडवा, museum
4389,Pithawa Maai Mandir,"W7H2+V69, कर्कच कर्मैया 44500, नेपाल",26.9296645,85.2505961,5,कर्कच, hindu_temple
4390,Dewahi Gonahi Municipality,"W7J7+WF4, प्रेममपुर गुनाही 44500, नेपाल",26.9322699,85.2637182,3.2,प्रेममपुर, trek
4391,Bhelhi River side,"V7JM+HPX, सखूअवा 44500, नेपाल",26.8814792,85.2843683,0,सखूअवा, hike
4392,धर्मपुर पूल बाग्मती नदी,"V9X7+P8, धरमपुर 44500, नेपाल",26.8992872,85.3633256,4.3,धरमपुर, park
4393,Gangata park,"XFXC+VG3, Unnamed Road, बरहथवा 45800, नेपाल",26.9996298,85.4712959,4.2,Unnamed Road, amusement_park
4394,गढीमाई,"गढीमाई, नेपाल",26.9455292,85.3639417,,नेपाल, tourist_attraction
4395,Gadhi,"Gadhi 45800, नेपाल",26.9,85.383333,,नेपाल, tourist_attraction
4396,मुलपानी झरना,"चन्द्रपुर 44100, नेपाल",27.2133948,85.3461628,4.1,नेपाल, tourist_attraction
4397,Jamya masjid jingadiya,"X88C+XXF, गरुडा 44500, नेपाल",26.9674219,85.3224154,3.3,गरुडा, mosque
4398,दबंगो का शहर गरुड़ा,"X829+R8G, गरुडा 44500, नेपाल",26.9520389,85.3183405,0,गरुडा, museum
4399,Gadhimai Temple,"X978+967, Garuda-Samanpur Road, समनपूर 44500, नेपाल",26.9633895,85.3656087,4.5,Garuda-Samanpur Road, hindu_temple
4400,Gah Hiti,"M9MM+G6C, Unnamed Road, मध्यपुर ठिमी 44600, नेपाल",27.6838072,85.3830214,0,Unnamed Road, historic_site
4401,खैरा चर्च(Khaira church),"358V+CHW, कोल्हवी 44400, नेपाल",27.0660852,85.1940082,5,कोल्हवी, church
4402,Aurahidi temple (Gujara'7' Rautahat)P,"Aurahidi temple (Gujara'7'Rauthat, नेपाल",27.0418136,85.2815144,2.3,नेपाल, hindu_temple
4403,महुलिया पोखरा,"Q6F2+PXX, Unnamed Road, मठिया 44500, नेपाल",26.7743723,85.2024816,2.5,Unnamed Road, church
4404,Akolawa,"R65X+FH4, अकोलवा 44500, नेपाल",26.8086254,85.2489603,5,अकोलवा, museum
4405,ईशनाथ,"ईशनाथ, नेपाल",26.7936875,85.2107511,,नेपाल, monument
4406,Churiamai Picnic spot,"Q749+MX9, Unnamed Road, गौर 44500, नेपाल",26.7566678,85.2699844,3.2,Unnamed Road, picnic
4407,मिलन ट्रेडस,"599G+765, चन्द्रपुर 44515, नेपाल",27.168132,85.3756249,0,चन्द्रपुर, museum
4408,Haatti Mahaakaal Temple,"M9JP+2HQ, मध्यपुर थिमि 44600, नेपाल",27.6800846,85.3864868,4.7,मध्यपुर, hindu_temple
4409,कटहरिया,"कटहरिया 44500, नेपाल",26.969409,85.2256635,,नेपाल, historic_site
4410,कटहरिया,"कटहरिया, 44500, नेपाल",26.9690093,85.2285176,,44500, historic_site
4411,Ratan Khola Waterfall,"FCCW+PG, च्याम्रांग बेसी 45200, नेपाल",27.4718597,85.4463316,5,च्याम्रांग, hike
4412,Mosque,"W8H3+P4, गरुडा 44500, नेपाल",26.9291169,85.302411,0,गरुडा, mosque
4413,माधव नारायण मन्दिर,"PFH9+6PX, शङ्खरापुर 44600, नेपाल",27.7280999,85.4693435,4.6,शङ्खरापुर, hindu_temple
4414,Madhav Narayan Municipality,"Madhopur, Rautahat (Province-2, नेपाल",26.8904194,85.3420982,3.5,Rautahat (Province-2, historic_site
4415,"Bhelahi Bazar, Madhav Narayan-3, Bhelahi, Rautahat Nepal","Bhelahi Market, Madhav Narayan-3, नेपाल",26.8869932,85.2879218,4,Madhav Narayan-3, historic_site
4416,मुस्लिम एरिया,"W58G+JRF, Pathara Budharampur 44500, नेपाल",26.9165534,85.1770568,0,Pathara, mosque
4417,Mahadev Mandir Pataura,"W692+M68, Maulapur, पतौरा, नेपाल",26.9191579,85.2006015,4.6,Maulapur, hindu_temple
4418,Abdul rahman,"R57R+JHG, जोवहा 44500, नेपाल",26.813043,85.190241,5,जोवहा, park
4419,"Noori Masjid, Paroha 5","नुरी मस्जिद, परोहा नगरपालिका 5 पोखरीया Side, हुलाकी राजमार्ग, बसन्तपट्टी 44500, नेपाल",26.8417577,85.2466837,3.5,परोहा नगरपालिका 5 पोखरीया Side, mosque
4420,Bramsthan Temple,"R6JJ+87P, राजपुर फरहदवा 44500, नेपाल",26.8308439,85.2307336,5,राजपुर, hindu_temple
4421,परोहा,"परोहा, 44500, नेपाल",26.8593377,85.2306792,,44500, monument
4422,Paroha Lakeview Picnic Spot,"R7X8+C2, तेजापाकर 44500, नेपाल",26.8485893,85.2650116,5,तेजापाकर, picnic
4423,Jame Masjid Badharwa,"25JW+GQM, लक्ष्मीनिया 44500, नेपाल",27.031304,85.1969067,5,लक्ष्मीनिया, mosque
4424,Muslim.Kabristan,"25JW+PFQ, Badharwa 44500, नेपाल",27.0318395,85.1962451,5,Badharwa, museum
4425,PETBHARWA MATH RAUTAHAT NEPAL,"X5WQ+W6, सन्तपुर दोस्तिया, नेपाल",26.9973125,85.1880625,5,सन्तपुर दोस्तिया, hindu_temple
4426,Phatuwa,"2654+MHR, फतुवा हर्षाहा 44500, नेपाल",27.0092338,85.2064065,5,फतुवा, monument
4427,Bairganiya Bazar ( बैरगनियाँ चौक रौतहट नेपाल ),"Bairganiya Rautahat, Bairganiya 44500, नेपाल",26.9763494,85.2006203,2.7,Bairganiya, trek
4428,Ancient Purenwa (Bilash kunj Durbar),"Purenwa Durbar, gaur-10, Samanpur-Gaur Road Purenwa, गौर 44500, नेपाल",26.77626,85.2823994,4.2,gaur-10, amusement_park
4429,Rajdevi Mandir,"Q898+88P, Mudwalwa-Bagmati-Road, गौर 44500, नेपाल",26.7683399,85.3158373,3.9,Mudwalwa-Bagmati-Road, church
4430,राजदेवी,"राजदेवी, नेपाल",26.7700516,85.3265449,,नेपाल, tourist_attraction
4431,Karbana jama masjid,"Q888+HPX, राजदेवी 44500, नेपाल",26.7664959,85.31686,4.6,राजदेवी, mosque
4432,Nepal Yetiraj Treks Pvt. Ltd.,"ठमेल मार्ग, काठमाडौँ 44600, नेपाल",27.7156426,85.3114206,5,काठमाडौँ, trek
4433,Masjid-e- Umar ( Damar ),"R6MX+XWW, राजपुर फरहदवा 44500, नेपाल",26.8349794,85.2497878,3.5,राजपुर, mosque
4434,"Chapur Chowk / Chandrapur Chowk, Rautahat, Nepal","4995+6VM, महेन्द्र राजमार्ग, चन्द्रपुर 44515, नेपाल",27.1195995,85.3575133,3.7,महेन्द्र राजमार्ग, historic_site
4435,"Zirayat Church, Nepal जिरायत मण्डली","3F8R+PQ8, ढुंग्रेखोला 45804, नेपाल",27.0668029,85.49191,5,ढुंग्रेखोला, church
4436,"Shivalay Pokhari ""Fun, Gym & Boating Park""","Q76H+JM3, Barahwa Pool Rd, गौर 44500, नेपाल",26.7624651,85.2789507,1,Barahwa Pool Rd, tourist_attraction
4437,यमुनामाई,"यमुनामाई, 44500, नेपाल",26.8243192,85.3058216,,44500, tourist_attraction
4438,Jame masjid saruatha 9,"सरुअठा 44500, नेपाल",26.8363596,85.2883187,4.7,नेपाल, mosque
4439,Yamuna Mai Mandir Jhunkhunwa-5,"R78R+54P, झुनखुनवा 44500, नेपाल",26.8154977,85.2903278,4.5,झुनखुनवा, hindu_temple
4440,Anutha Mahato Memorial Trust,"R8Q9+8R6, पचरुखी 44500, नेपाल",26.8382509,85.3195175,5,पचरुखी, monument
4441,गन्तव्य असीमित ट्रेकिङ नेपाल,"Thamel Rd, काठमाडौँ 44600, नेपाल",27.7169482,85.3117758,5,काठमाडौँ, trek
4442,Ramdev takur,"R7V7+97, फतुवा महेशपुर 44500, नेपाल",26.8434734,85.2631307,0,फतुवा, hike
4443,रोल्पा,"रोल्पा, नेपाल",28.3815621,82.6483442,,नेपाल, tourist_attraction
4444,रोल्पा,"रोल्पा, 22100, नेपाल",28.3030364,82.6364834,,22100, mosque
4445,Rakhuli chawor Rolpa,"Gopal Rana magar, भावाङ 22100, नेपाल",28.3815621,82.6483442,0,भावाङ, hindu_temple
4446,"Triveni Temple,Muglin","VH55+HWX, दारेचोक 44200, नेपाल",27.8589916,84.5598592,5,दारेचोक, hindu_temple
4447,त्रिवेणी,"त्रिवेणी, 22100, नेपाल",28.3239861,82.5039294,,22100, historic_site
4448,Love Park त्रिवेणी गाउँपालिका राेल्पा,"8CCH+4Q2, Unnamed Road, जुँगार 22100, नेपाल",28.3202725,82.4294031,1.5,Unnamed Road, picnic
4449,Bhumethala public temple sunchhahari-5 kasala rolpa,"9Q5H+PX4, जैमाकसला 22100, नेपाल",28.3592614,82.7799677,0,जैमाकसला, hindu_temple
4450,"Rolpa Sunchhahari, Jharana","CG94+HR8, तालाबाङ 22100, नेपाल",28.4189129,82.5070878,0,तालाबाङ, trek
4451,Madi 6 sariga church house nepla,"9GFC+3VH, कोर्चावाङ 22100, नेपाल",28.3726733,82.5222324,0,कोर्चावाङ, church
4452,Madi nadi Pul,"2783+6WG Parewa Danda, 6 km toward to Vorletar from, Vyas-10, ब्यास, नेपाल",28.0155551,84.254835,0,6 km toward to Vorletar from, tourist_attraction
4453,"Madi Bridge,Rolpa Road","8HMX+7F, लिवाङ 22100, नेपाल",28.333247,82.5987148,4,लिवाङ, monument
4454,थामडाँडा,"XQMJ+X8W, वालिङ 33801, नेपाल",27.9849897,83.7808317,5,वालिङ, picnic
4455,Madi river bank Obang,"6J2V+C5G, घोडागाउँ 22100, नेपाल",28.2010746,82.6429424,0,घोडागाउँ, hike
4456,Rock Garden,"7M88+X7H, लिवाङ्ग 22100, नेपाल",28.2674462,82.6657419,4,लिवाङ्ग, park
4457,Lapal church,"5HWC+JP, जौलीपोखरी 22100, नेपाल",28.1965584,82.5718136,5,जौलीपोखरी, church
4458,Rolpa View,"5HCG+8RH, Sworgadwari Road, मसिना 22100, नेपाल",28.1708147,82.5770992,0,Sworgadwari Road, tourist_attraction
4459,"Uma, Dhoreni Rolpa","5JF7+WPW, जौलीपोखरी 22100, नेपाल",28.1748629,82.6143373,5,जौलीपोखरी, tourist_attraction
4460,Rijal home,"4MJ5+GV, स्वर्गद्वारीखाल 22300, नेपाल",28.131296,82.6595899,5,स्वर्गद्वारीखाल, museum
4461,Runtigadhi Rural Municipality,"5GR4+72G, झेनाम 22100, नेपाल",28.1906915,82.5050644,4.5,झेनाम, monument
4462,Runti Gadhi रुन्टीगढी,"5GC4+G4, दुबीडांडा 22100, नेपाल",28.1712577,82.5053156,0,दुबीडांडा, historic_site
4463,top,"5C2M+MPF, 22100, नेपाल",28.1516947,82.4342859,0,22100, trek
4464,Rapti Peace Park Picnic Ground,"48W9+WQ, तुलसीपुर 22412, नेपाल",28.1472976,82.3194113,5,तुलसीपुर, picnic
4465,सरिकोट,"6RQ3+6G, सिर्पा 22100, नेपाल",28.2380578,82.8038686,3,सिर्पा, park
4466,G.C CHURCH KASALA ROLPA,"8Q86+7CX, जैमाकसला 22100, नेपाल",28.3157431,82.7611274,4,जैमाकसला, church
4467,Fulwari Masjid فُلواری مسجد,"3J5G+GMR, Eklaini, नेपालगञ्ज, नेपाल",28.0588608,81.6265427,4.8,Eklaini, mosque
4468,लुङ्ग्री ०३ गोठेचौर रोल्पा,"6RG9+RRH, सिर्पा 22100, नेपाल",28.2270743,82.8196152,3.8,सिर्पा, monument
4469,Lungri Rural Municipality,"वडाचौर 22100, नेपाल",28.2632611,82.7709261,4.2,नेपाल, trek
4470,नौधारीखोर्या Naudhari Khorya,"GFH4+QF6, खारा 22000, नेपाल",28.5294105,82.456144,1,खारा, park
4471,Kharsubot Rolpa,"FFXR+CW, इरिवाङ 22100, नेपाल",28.4986311,82.4912913,0,इरिवाङ, amusement_park
4472,एकता प्रशंसा मण्डली,"Gangadev 2, नेपाल",28.4394078,82.4232718,0,नेपाल, church
4473,SHIVA CAVE शिव गुफा,"दामाचौर 22100, नेपाल",28.3825804,82.3563866,5,नेपाल, museum
4474,पिर्ता थान,"F9PP+G62, बाफुखोला, नेपाल",28.4862645,82.3855301,5,बाफुखोला, hindu_temple
4475,शहीद मेमोरियल युवा क्लब(Shahid Memorial Youth club),"GF9M+PM3, पाछावाङ 22100, नेपाल",28.5192779,82.4841696,5,पाछावाङ, monument
4476,गंगादेव गाउँपालिका रोल्पा,"CCMF+7QC, जिनाबाङ 22100, नेपाल",28.4331556,82.4243624,4,जिनाबाङ, historic_site
4477,डाली खोरिया क्षेत्र,"G92V+FJ2, बाफुखोला, नेपाल",28.5011292,82.394,5,बाफुखोला, hike
4478,Sunchhahari Rural Municipality,"Pobang-5, नेपाल",28.3612134,82.7948258,4.2,नेपाल, park
4479,Sunchhahari Natural Waterfall,"8QWX+XR7, सिउरी 22100, नेपाल",28.3474155,82.7995495,4.8,सिउरी, tourist_attraction
4480,Thabang Ground,"GP24+QPH, Unnamed Road, थवाङ 22100, नेपाल",28.5019465,82.7068527,3.5,Unnamed Road, park
4481,थवाङ,"थवाङ, नेपाल",28.4901718,82.723924,,नेपाल, tourist_attraction
4482,Gothmare. khumel rolpa,"7MJJ+HP2, लिवाङ्ग 22100, नेपाल",28.2813664,82.6817565,5,लिवाङ्ग, tourist_attraction
4483,Thabang rolpa,"FPRF+3H7, थवाङ 22100, नेपाल",28.4901718,82.723924,5,थवाङ, mosque
4484,Election Agrovet Thabang Rolpa,"R.M 2, थवाङ 22106, नेपाल",28.4987987,82.7104765,5,थवाङ, aquarium
4485,Devi Than,"GM8J+WP, थवाङ 22000, नेपाल",28.5172855,82.6817811,1,थवाङ, hindu_temple
4486,Purna Roka Memorial Statue,"FPX5+W8W, थवाङ 22100, नेपाल",28.5000309,82.708226,0,थवाङ, monument
4487,"Goalchar, गोलचर","GM2Q+X8X, थवाङ 22100, नेपाल",28.5024783,82.68837,0,थवाङ, trek
4488,सुनिल स्मृति गाउँपालिका,"6PWH+JXR, मिझीङ 22100, नेपाल",28.2466281,82.729893,3.8,मिझीङ, park
4489,R. S. Aquarium House,"J9VF+4Q7, F072, महालक्ष्मी 44700, नेपाल",27.6427866,85.3744124,3.3,F072, aquarium
4490,Sunil kumar,"Hulaki Rd, 32800, नेपाल",27.5296709,83.1318334,5,32800, hindu_temple
4491,"Kamal Pokhari, Rukum East","JJ6F+XGR, रुकुमकोट 22000, नेपाल",28.6124842,82.623778,4.5,रुकुमकोट, park
4492,Masjid-e-Umar (Shamsi-01),"RP4M+5VR, Bela - Samsi Rd, शम्सी 45700, नेपाल",26.805489,85.7346486,4.4,Bela - Samsi Rd, mosque
4493,"बराह मन्दिर , Barah Temple","QHF5+279, स्यालाखदी 22000, नेपाल",28.7730055,82.5591375,5,स्यालाखदी, hindu_temple
4494,"Sisne Word no.7,Rukum East Umesh Budha","JHQ3+7QR, रुकुमकोट 22000, नेपाल",28.638232,82.5544024,0,रुकुमकोट, historic_site
4495,Sisne Himal,"Sisne Himal, स्यालाखदी 22000, नेपाल",28.8276006,82.6166868,3.9,स्यालाखदी, hike
4496,Hydro Waterfall,"HP49+23, काँक्री 22000, नेपाल",28.555098,82.717645,5,काँक्री, amusement_park
4497,Ananta A.G.F.N bhume 3 sima rukum East,"HMC8+48, महत 22000, नेपाल",28.5704856,82.66583,5,महत, church
4498,"Maring hill, Bhume, Rukum East","GPJH+GR2, महत 22000, नेपाल",28.5310925,82.7294577,0,महत, tourist_attraction
4499,काक्री गाउँ,"HP5P+8MQ, काँक्री 22000, नेपाल",28.5583468,82.7367372,5,काँक्री, museum
4500,"Mahat Gau Rukum East, pokhardanda","HM59+J27, महत 22000, नेपाल",28.5590126,82.6675383,4.2,महत, monument
4501,ANUGRAH A.G.F.N. CHURCH MARIPAKHA RUKUMKOT RUKUM EAST,"JJ9F+4C3, रुकुमकोट 22000, नेपाल",28.617622,82.622573,5,रुकुमकोट, church
4502,"पुथा उत्तरगंगा गाउपालिका तकसेरा,पुर्बी रुकुम","HRM9+FWJ, तकसेरा 22000, नेपाल",28.5837053,82.8197768,5,तकसेरा, mosque
4503,Ziyaulkingnp,"VVFR+PP3, नरैनापुर 21900, नेपाल",27.8751906,81.891732,5,नरैनापुर, mosque
4504,सिद्ध मस्ता (siddha masta),"MVGH+92X, रन्मामैकोट 22000, नेपाल",28.675983,82.8776114,5,रन्मामैकोट, hindu_temple
4505,पुथा उत्तरगंगा,"पुथा उत्तरगंगा, नेपाल",28.5843557,82.822319,,नेपाल, picnic
4506,Rup patan,"RR76+2VJ, रन्मामैकोट 22000, नेपाल",28.8125893,82.8121502,4.5,रन्मामैकोट, hike
4507,"Dahabang, Musikot Rukum west","HFV3+7R, भलाक्चा 22000, नेपाल",28.593133,82.454557,5,भलाक्चा, tourist_attraction
4508,"Bajagaun,Musikot Rukum West","HFV3+F4, भलाक्चा 22000, नेपाल",28.5936342,82.4528261,4,भलाक्चा, tourist_attraction
4509,मुसीकोट,"मुसीकोट 22000, नेपाल",28.5968757,82.5510469,,नेपाल, mosque
4510,Musikot Khalanga Bazar,"JFH4+G4J, Munisipality, Musikot Khalanga, नेपाल",28.6288214,82.4553098,4.1,Munisipality, mosque
4511,"Musikot Khalanga Multiple Campus, West Rukum","JFH3+96X, District Police Office Rd, मुसीकोट 22000, नेपाल",28.6284245,82.4530623,4.5,District Police Office Rd, art_gallery
4512,Musikot Municipality 08 Kwamma Rukum West,"HGHR+54, मुसीकोट 22000, नेपाल",28.5779644,82.5402916,3,मुसीकोट, trek
4513,Rukum,"HHW2+M9X, मुसीकोट 22000, नेपाल",28.5967294,82.5509966,3.8,मुसीकोट, trek
4514,Musikot Khalanga,"Musikot Khalanga 22000, नेपाल",28.63,82.49,,नेपाल, trek
4515,Chaurjahari Church,"J5PR+R9G, बिजयश्वरी 22000, नेपाल",28.6370969,82.1909756,4.3,बिजयश्वरी, church
4516,चौरजहारी,"चौरजहारी, नेपाल",28.6394542,82.2015034,,नेपाल, tourist_attraction
4517,"चौरजहारी विमानस्थल, रुकुम पश्चिम","J5GV+MCW, बिजयश्वरी 22000, नेपाल",28.6267467,82.1935638,4,बिजयश्वरी, mosque
4518,शिव मन्दिर,"J72X+XR, नुवाकोट 22000, नेपाल",28.6024353,82.2995425,0,नुवाकोट, hindu_temple
4519,Timile,"J8CC+CCV, अर्मा 22000, नेपाल",28.6210626,82.3210642,0,अर्मा, trek
4520,Chaurjahari Municipality Office,"M635+CXX, कोटजहारी 22000, नेपाल",28.6536247,82.2100206,3.4,कोटजहारी, picnic
4521,Chaurjahari Hospital,"J5PR+P2R, बिजयश्वरी 22000, नेपाल",28.6368739,82.1900031,4.2,बिजयश्वरी, picnic
4522,नेत्र ओलि स्मृति चोक,"Q9Q2+4RX, आठबिसकोट 22000, नेपाल",28.7878739,82.3521028,4,आठबिसकोट, park
4523,आठबिसकोट,"आठबिसकोट 22000, नेपाल",28.7959111,82.3777335,,नेपाल, tourist_attraction
4524,Aathbiskot Municipality Rukum,"Q9P2+JPM, आठबिसकोट 22000, नेपाल",28.7865718,82.3518813,3.9,आठबिसकोट, mosque
4525,Aathbiskot Municipality Rukum West,"Q9WG+CR8, आठबिसकोट 22000, नेपाल",28.7960256,82.3770862,3.2,आठबिसकोट, art_gallery
4526,कालिका मन्दिर,"Q9MG+M9V, आठबिसकोट 22000, नेपाल",28.7842259,82.3759238,0,आठबिसकोट, hindu_temple
4527,आठविसकोट नगरपालिका रुकुम पश्चिम,"Q9Q2+5RQ Municipality, आठबिसकोट 22000, नेपाल",28.7879695,82.3521217,4.8,आठबिसकोट, monument
4528,बान्फीकोट,"बान्फीकोट 22000, नेपाल",28.7092683,82.4861053,,नेपाल, park
4529,pani khola muhan,"P97G+6F, दुली 22000, नेपाल",28.7130305,82.3762044,0,दुली, amusement_park
4530,स्यार्पु ताल,"MFVP+7F, बान्फीकोट 22000, नेपाल",28.6931875,82.4861875,4.2,बान्फीकोट, museum
4531,Nirbanshi Baraha Kul Deuta,"MFWF+585, बान्फीकोट 22000, नेपाल",28.6953883,82.473349,0,बान्फीकोट, hindu_temple
4532,बाँफिकोट,"बाँफिकोट, 22000, नेपाल",28.6899533,82.4812402,,22000, historic_site
4533,Syarpu Taal View Tower,"MFRQ+P25, बान्फीकोट 22000, नेपाल",28.6917685,82.4875996,0,बान्फीकोट, trek
4534,त्रिवेणी,"त्रिवेणी, नेपाल",28.5659117,82.4174458,,नेपाल, tourist_attraction
4535,Kumal Gau,"JCR4+F4H, छिवाड 22000, नेपाल",28.6411968,82.4053644,0,छिवाड, museum
4536,Tirtha memorial park (तिर्थ स्मृति पार्क),"JG6P+JWR, मुसीकोट 22000, नेपाल",28.611616,82.5372764,0,मुसीकोट, monument
4537,Takura Triveni 3 Rukum west karnali Nepali,"HC45+VH, खारा 22000, नेपाल",28.557205,82.408973,0,खारा, historic_site
4538,डाँगी माेड,"J9WP+9M8, सिम्ली 22000, नेपाल",28.6463723,82.3864501,4,सिम्ली, park
4539,Rukum sanibheri3 pedi,"3 pedi, गरयला 22000, नेपाल",28.6608486,82.3526288,1,गरयला, tourist_attraction
4540,Sani Bheri,"Sani Bheri, खलङ्गा 22000, नेपाल",28.6921687,82.2783222,4.3,खलङ्गा, aquarium
4541,Santu Art Gallery,"P8FM+C3G, Namuna Galli, काठमाडौँ 44600, नेपाल",27.7235646,85.3327015,0,Namuna Galli, art_gallery
4542,शिव मन्दिर,"मध्य पहाडी राजमार्ग, सिम्ली 22000, नेपाल",28.6559619,82.3659178,0,सिम्ली, hindu_temple
4543,सानी भेरी,"सानी भेरी, 22000, नेपाल",28.6702807,82.3253124,,22000, historic_site
4544,Sanibheri 6 Furkya Dada फुर्क्या डाडा,"P926+6JP Furkya Dada, दुली 22000, नेपाल",28.7005926,82.3615877,1,दुली, trek
4545,Butwal Revival Church (बुटवल जागृति मण्डली),"बुटवल 32902, नेपाल",27.6993971,83.4599887,5,नेपाल, church
4546,Masjid,"PF27+R3V, बुटवल 32907, नेपाल",27.7019885,83.4621036,3.5,बुटवल, mosque
4547,Buddha Gumba,"MCVF+MRG, बुटवल 32907, नेपाल",27.6941886,83.4245809,3.4,बुटवल, museum
4548,Latihs Art & Decoration Gallery,"MFH6+228, बुटवल 32907, नेपाल",27.6775543,83.4600681,5,बुटवल, art_gallery
4549,"श्री सिद्धबाबा धाम, बुटवल","PF98+PJM, H10, बुटवल 32907, नेपाल",27.7211286,83.4692947,4.5,H10, hindu_temple
4550,Jitgadi Fort - National Heritage,"जित गढी, बुटवल 32907, नेपाल",27.7032951,83.4594055,4.1,बुटवल, monument
4551,तिलोत्तमा पार्क,"JCVX+6WR, तिलोत्तमा 32907, नेपाल",27.643105,83.4497653,4.3,तिलोत्तमा, park
4552,Masiha Calvary church,"HFPW+854, तिलोत्तमा 32900, नेपाल",27.5857716,83.4954409,0,तिलोत्तमा, church
4553,Kotihawa Mosque,"HF7C+R9G, तिलोत्तमा 32900, नेपाल",27.564563,83.4709534,5,तिलोत्तमा, mosque
4554,Youtube,"MCPJ+JWJ, बुटवल 32907, नेपाल",27.6865838,83.4322634,5,बुटवल, museum
4555,Shree Shanti Durga Mandir,"no. tilottama 7, नेपाल",27.6409763,83.4584102,4.5,नेपाल, hindu_temple
4556,सुबेदिको सप्लायर्स,"JG2W+7R3, तिलोत्तमा 32900, नेपाल",27.6006419,83.5470343,4.5,तिलोत्तमा, monument
4558,Tilottama Municipality Ward No. 16 Office,"Madhawaliya, Tilottama 32900https://www.google.com/local/place/rap/edit/category?sa=X&ved=2ahUKEwjGu4Wpoun4AhXFjXAKHb0bAfoQ-M8EegQIABAA, नेपाल",27.5697021,83.4857721,2,Tilottama 32900https://www.google.com/local/place/rap/edit/category?sa=X&ved=2ahUKEwjGu4Wpoun4AhXFjXAKHb0bAfoQ-M8EegQIABAA, historic_site
4559,तिलोत्तमा,"तिलोत्तमा, नेपाल",27.6192717,83.4750488,,नेपाल, historic_site
4560,Tilottama Agro Industries,"JF5P+GMJ, Unnamed Road, तिलोत्तमा 32903, नेपाल",27.608826,83.486653,3.3,Unnamed Road, historic_site
4561,Sushpura Tilottama 13,"तिलोत्तमा 32900, नेपाल",27.5951346,83.4258956,5,नेपाल, historic_site
4562,Fishing spot,"JCRW+J5, तिलोत्तमा 32907, नेपाल",27.641588,83.44539,0,तिलोत्तमा, hike
4563,Darkhaswa Park,"Darkhaswa, Siddharthanagar-3, सिद्धार्थनगर, नेपाल",27.4928789,83.4642191,3.6,Siddharthanagar-3, park
4564,Victory AG Church,"FFR5+WXG, सिद्धार्थनगर 32900, नेपाल",27.4923176,83.4599524,4.8,सिद्धार्थनगर, church
4565,Lumbini gate siddharthanagar bhairahawa rupandehi,"GF92+89W, GF92+48R, Lumbini Road, सिद्धार्थनगर 32900, नेपाल",27.5181282,83.450857,4.8,GF92+48R, tourist_attraction
4566,सिद्धार्थनगर पर्यटकीय गेट Siddharthanagar Tourism Gate,"FFP6+8CR, सिद्धार्थ राजमार्ग, सिद्धार्थनगर 32900, नेपाल",27.4858628,83.4610306,4.3,सिद्धार्थ राजमार्ग, tourist_attraction
4567,Durga mandir,"GC5X+H5G, Shahid Path, सिद्धार्थनगर 32900, नेपाल",27.5088505,83.4479179,4.1,Shahid Path, hindu_temple
4568,Buddha Chowk,"GF93+293, सिद्धार्थनगर 32900, नेपाल",27.5175582,83.453453,4.2,सिद्धार्थनगर, monument
4569,Siddharthanagar,"GC4Q+J33, सिद्धार्थनगर 32900, नेपाल",27.5065119,83.4376749,4.9,सिद्धार्थनगर, trek
4570,World Friends park,"F7MG+79, लुम्बिनी साँस्कृतिक 32900, नेपाल",27.4831954,83.2759126,5,लुम्बिनी, park
4571,Ark Church,"F8G6+HH4, लुम्बिनी साँस्कृतिक 32900, नेपाल",27.4763908,83.3114995,5,लुम्बिनी, church
4572,Birthplace of Gautama Buddha,"F79G+MP5, लुम्बिनी साँस्कृतिक 32900, नेपाल",27.4693726,83.2757839,4.7,लुम्बिनी, tourist_attraction
4573,Lumbini Sanskritik Ahle Hadis Mosque,"F7R2+G83, लुम्बिनी साँस्कृतिक 32900, नेपाल",27.4912713,83.2507916,5,लुम्बिनी, mosque
4574,Buddha art studio,"kanchan-1, बुटवल 32912, नेपाल",27.6521556,83.2986086,0,बुटवल, art_gallery
4575,Lumbini sanskrit,"F7RM+6P, लुम्बिनी साँस्कृतिक 32900, नेपाल",27.4905941,83.2843609,4.5,लुम्बिनी, historic_site
4576,"Khungai,Nepal","F724+2XG, लुम्बिनी साँस्कृतिक 32900, नेपाल",27.4503454,83.2569954,3.9,लुम्बिनी, historic_site
4577,लुम्बिनी साँस्कृतिक,"लुम्बिनी साँस्कृतिक 32900, नेपाल",27.5044499,83.2720082,,नेपाल, historic_site
4578,Lumbini Selfie Point,"F7FG+QJQ, लुम्बिनी साँस्कृतिक 32900, नेपाल",27.4734663,83.2755954,4.5,लुम्बिनी, historic_site
4579,लुम्बिनी बिकाश कोष,"लुम्बिनी बिकाश कोष, लुम्बिनी साँस्कृतिक 32900, नेपाल",27.4871771,83.277359,,लुम्बिनी, historic_site
4580,लुम्बिनी सांस्कृतिक,"लुम्बिनी सांस्कृतिक, 32900, नेपाल",27.450345,83.2570122,,32900, historic_site
4581,Lumbini Sanskritik Development Area,"Lumbini Sanskritik Development Area, लुम्बिनी साँस्कृतिक 32900, नेपाल",27.4833085,83.2756753,,लुम्बिनी, historic_site
4582,Lumbini sanskritik,"G73C+QRC, लुम्बिनी साँस्कृतिक 32900, नेपाल",27.5044499,83.2720082,5,लुम्बिनी, historic_site
4583,Lumbini Crane Sanctuary,"Lumbini Sacred Garden, लुम्बिनी साँस्कृतिक 32900, नेपाल",27.4996695,83.2787742,4.4,लुम्बिनी, hike
4584,Bethany baptis church,"M853+CQ9, सैनामैना 32900, नेपाल",27.6585482,83.3044975,5,सैनामैना, church
4585,Barambaba Tempal Sainamaina Sanoj Chaudhary,"Sainamaina - 5, Rupandehi 5 number state, सैनामैना 32908, नेपाल",27.6934196,83.3148018,0,Rupandehi 5 number state, mosque
4586,छोट्का शिर Chhottkaa Sheer,"Chethari Sainamaina-1, सैनामैना, नेपाल",27.6848615,83.3628616,4.5,सैनामैना, museum
4587,Malmala Devi Temple,"P867+39F, पूर्व पश्चिम राजमार्ग, सैनामैना 32900, नेपाल",27.7101885,83.3134139,4.3,पूर्व पश्चिम राजमार्ग, hindu_temple
4588,Shree Sainamaina Memorial School,"सैनामैना 32900, नेपाल",27.6842317,83.373847,4.6,नेपाल, monument
4589,Sainamaina,"M8PR+XH9, सैनामैना 32900, नेपाल",27.6874093,83.3414738,4.8,सैनामैना, historic_site
4590,Sainamaina Hill Park,"M9X4+GF, सैनामैना 32900, नेपाल",27.6988642,83.3561615,3.6,सैनामैना, trek
4591,Devdaha Farmers Park,"JHVR+VV5, देवदह नगरपालिका 32900, नेपाल",27.6446275,83.5922369,4,देवदह, park
4592,Eternal life church (अनन्त जीवन मण्डली),"Devdaha-1, नेपाल",27.5854654,83.5723381,5,नेपाल, church
4593,"क्रान्तिपथ-१, शान्तिटोल","Devdaha 11, 32900, नेपाल",27.561877,83.5755941,5,32900, tourist_attraction
4594,Rajaye mustafa mosque,"PF35+QXM, बुटवल 32907, नेपाल",27.7044507,83.459942,5,बुटवल, mosque
4595,DEVKOTA RESORT,"JHR9+6V5, देवदह नगरपालिका 32900, नेपाल",27.6405101,83.5697312,1,देवदह, museum
4596,Lucknow Mutiny Memorial Park,"MF7W+8CC, महेन्द्र राजमार्ग, बुटवल 32907, नेपाल",27.663307,83.496003,4.7,महेन्द्र राजमार्ग, monument
4597,चरङ्गे चौक प्रतिक्षालय,"Charange, Devdaha-10, 32900, नेपाल",27.6726427,83.4926336,3.2,Devdaha-10, historic_site
4598,Keuli Picnic Spot,"MHG5+XRP, Unnamed Road, देवदह नगरपालिका 32900, नेपाल",27.6774677,83.5595783,4,Unnamed Road, picnic
4599,Rupandehi View Area,"PGGM+F7, दोभान 32500, नेपाल",27.7262386,83.5332068,0,दोभान, hike
4600,Mayadevi Park,"32900, नेपाल",27.5003273,83.3816873,4,नेपाल, park
4601,Seyon Church Chhapiya,"H965+7V7, छपिया रोड, कमहरिया 32900, नेपाल",27.5606588,83.3596663,4,छपिया रोड, church
4602,MASJID SHUKRAULI MayaDevi (3) (Islam nagar) Dict. Rupendehi Lumbini Province (5) NEPAL,"G9JJ+V9C, कमहरिया 32900, नेपाल",27.5322053,83.3808456,5,कमहरिया, mosque
4603,Rohini River site Park,"JG4X+WRW, देवदह नगरपालिका 32900, नेपाल",27.6073691,83.5495713,4,देवदह, park
4604,Nepal Remnants Church,"JHVW+M2C, Khaireni-Gothadi Road, देवदह नगरपालिका 32900, नेपाल",27.6440153,83.5955759,5,Khaireni-Gothadi Road, church
4605,रोहिणी,"रोहिणी, नेपाल",27.5120138,83.5389595,,नेपाल, church
4606,"Rohini River site Dam, Tilottama","HGPW+HG, तिलोत्तमा 32900, नेपाल",27.5864501,83.5462749,4.5,तिलोत्तमा, tourist_attraction
4607,रजा जामा मस्जिद RAJJA JAMA MASJID,"Rohini rural municipality -3 dhakdhai bajar रोहिणी गाउँपालिका-3 धकधई बजार, सिद्धार्थनगर 32902, नेपाल",27.5094857,83.5372973,5,सिद्धार्थनगर, mosque
4608,Maharaja Mani Mukund Sen Palace Ruins,"Mayarani Palace, महेन्द्र राजमार्ग, बुटवल 32907, नेपाल",27.7063586,83.4562209,4.8,महेन्द्र राजमार्ग, museum
4609,"समुदाएक बन उपभोकता समिति Community Forest, Rohini Gaupalika, basantapur nepal","GG43+JM8, बसन्तपुर 32900, नेपाल",27.5065326,83.5042126,4.7,बसन्तपुर, zoo
4610,Art & Arts,"JF4V+872, तिलोत्तमा 32903, नेपाल",27.6057727,83.4931212,0,तिलोत्तमा, art_gallery
4611,Temple,"Bairihawa Suspension Bridge, Bairihawa, Rohini 2, 32900, नेपाल",27.4876477,83.5048589,0,Bairihawa, hindu_temple
4612,"Community Forest, Rohini Gaupalika- 2 समुदाएक बन उपभोकता समिति","GG24+GM2, Bagaha 32900, नेपाल",27.5012739,83.5066349,5,Bagaha, hike
4613,Christ the King church,"siddharatha nagar word number 12 Nautanwa, Araji Sarkar Urf Bairiha, Uttar Pradesh 273164, भारत",27.4158818,83.4117662,5,Araji Sarkar Urf Bairiha, church
4614,Mahuwari Pokhari,"तिलोत्तमा 32903, नेपाल",27.6166838,83.5008201,4.2,नेपाल, tourist_attraction
4615,Aale hadish masjid banrahwa,"98M8+GCG, 32900, नेपाल",27.3837596,83.3160761,0,32900, mosque
4616,BUDDHA PASU PALAN FROM,"C8G9+P4, वेतकुइया 32900, नेपाल",27.4268599,83.3177903,2,वेतकुइया, zoo
4617,Marchawari Mai Mandir,"C999+F59, बोगाडी 32900, नेपाल",27.4186507,83.36798,4.2,बोगाडी, hindu_temple
4618,बरदहवा,"C8JQ+6F4, 32900, नेपाल",27.4305197,83.3386995,3,32900, trek
4619,Pancha Batika,"FCQH+XWQ, सिद्धार्थनगर 32900, नेपाल",27.4899637,83.4298726,4.4,सिद्धार्थनगर, picnic
4620,Tinkune ( त्रिकोड मार्ग),"C8JQ+5XH, 32900, नेपाल",27.4304326,83.3399998,2,32900, amusement_park
4621,कोटहीमाई,"कोटहीमाई, नेपाल",27.4305197,83.3386995,,नेपाल, tourist_attraction
4622,Masjid,"F9M5+2V4, 32900, नेपाल",27.4825223,83.3596468,5,32900, mosque
4623,Sahani Arts Bhairahawa,"परासी रोड, सिद्धार्थनगर 32900, नेपाल",27.5056676,83.4593622,3.5,सिद्धार्थनगर, art_gallery
4624,Mahadev Temple(महादेव मन्दिर),"Kotahimai Rural Municipality-2, Bhuwari, 32900, नेपाल",27.4599371,83.3316626,5,Bhuwari, hindu_temple
4625,raani park रानी पार्क,"947W+9PM, Unnamed Road, शारदा 22200, नेपाल",28.3634749,82.1467969,4.5,Unnamed Road, park
4626,Sharada 9 Marke Salyan,"93FR+7PW, शारदा 22200, नेपाल",28.3732422,82.0918303,1,शारदा, hindu_temple
4627,Sharada Bridge,"86MH+9R8, छायाँक्षेत्र 22200, नेपाल",28.3334144,82.2295707,4,छायाँक्षेत्र, monument
4628,Naya Jivan Mandali,"G2H7+X9W, जाजरकोट सडक, रकाम 21700, नेपाल",28.5299851,82.0134445,4,जाजरकोट सडक, church
4629,Salli Bazar (सल्लीबजार),"देवस्थल 22200, नेपाल",28.5096489,82.0292291,3.7,नेपाल, zoo
4630,बनगाड कुपिण्डे,"बनगाड कुपिण्डे, नेपाल",28.510776,82.0478354,,नेपाल, historic_site
4631,Bangad Kupindae 10 Salyan,"G26X+848, घाजरी पिपल 22200, नेपाल",28.510776,82.0478354,0,घाजरी, hike
4632,Shalom Church,"CRF2+9M6, भेरीगंगा 21700, नेपाल",28.4234127,81.8016661,5,भेरीगंगा, church
4633,Kalimati Gangamala temple,"73P2+6RP, कालीमाटी रामपुर 22200, नेपाल",28.2855654,82.0521293,4.4,कालीमाटी, tourist_attraction
4634,त्रिबेणी,"त्रिबेणी 22200, नेपाल",28.3098413,82.2963439,,नेपाल, tourist_attraction
4635,Tribeni Temple,"JCP3+RJR, F099, अनन्तलिङ्गेश्वर, नेपाल",27.6371216,85.4040026,3.7,F099, hindu_temple
4636,Tribeni tal,"PQGF+G3J, चौमाला 10900, नेपाल",28.7263383,80.7726505,0,चौमाला, monument
4637,त्रिवेणी चोक Hanuman chok,"M2J9+PPH, शनि अर्जुन 57204, नेपाल",26.6805922,88.0190944,5,शनि, historic_site
4638,SALLENI BAN,"RP8V+64J, जल्पा 32500, नेपाल",27.8155959,83.7427567,0,जल्पा, picnic
4639,Lamidanda,"Kapurkot 3, Lamidanda, नेपाल",28.2316365,82.3236258,5,Lamidanda, park
4640,Aijalon Jyoti Church,"8865+HX4, Simk 22200, नेपाल",28.3113865,82.3099582,0,Simk, church
4641,कपूरकोट,"कपूरकोट, धन्वाङ 22200, नेपाल",28.2301682,82.3519704,,धन्वाङ, tourist_attraction
4642,Chhillikot Temple,"593W+FP2, बिजौरी, नेपाल",28.1535969,82.3968224,4.6,बिजौरी, hindu_temple
4643,Sat Tale Waterfall (lower end),"H 11, तुलसीपुर 22412, नेपाल",28.2023623,82.3155724,4.4,तुलसीपुर, picnic
4644,Salvation church,"95WM+HV, शारदा 22200, नेपाल",28.3964769,82.1846699,0,शारदा, church
4645,छत्रेश्वरी,"छत्रेश्वरी, नेपाल",28.3241363,82.2313213,,नेपाल, tourist_attraction
4646,panikhola salyan,"chhatreshwori -7, नेपाल",28.3241363,82.2313213,0,नेपाल, historic_site
4647,Kumakh Hill,"F6P3+3HW, मर्मपरिकाडा 22200, नेपाल",28.4852421,82.2039677,2.3,मर्मपरिकाडा, park
4648,"Aasish Church,Kumakh RM-5,Salyan","H5G3+HQV Kumakh RM-5, Tmilkada 22200, नेपाल",28.5764805,82.1544209,0,Tmilkada, church
4649,Siddha Kumakh Rural Municipality,"C5PM+9PP, सिद्धेश्वरी 22200, नेपाल",28.4359493,82.184233,5,सिद्धेश्वरी, mosque
4650,Saraswati Temple,"95GG+3F9, शारदा 22200, नेपाल",28.3751601,82.1762209,5,शारदा, hindu_temple
4651,Kumakh Rural Municipality (कुमाख गाउपालिका ),"H694+FFP, मर्मपरिकाडा 22200, नेपाल",28.5687203,82.2062169,5,मर्मपरिकाडा, mosque
4652,काल भैरब( मन्दिर),"Kumakh rural municipality 5, timile 2, कालागाउँ 22200, नेपाल",28.5736741,82.2322798,0,timile, hindu_temple
4653,kumakh gaupalika ragechour salyan,"H693+JM3, मर्मपरिकाडा 22200, नेपाल",28.5690136,82.2041859,4,मर्मपरिकाडा, historic_site
4654,"Salyan, सल्यान","9FR6+VQ2, 33200, नेपाल",28.392149,83.4618758,4.5,33200, tourist_attraction
4655,खास्ति चैत्य,"काठमाडौँ 44600, नेपाल",27.7214694,85.362035,4.7,नेपाल, monument
4656,दार्माकोट,"दार्माकोट, नेपाल",28.5780733,82.318057,,नेपाल, trek
4657,Galgatha Church,"CV9R+9V6, सहरे 21700, नेपाल",28.4184557,81.8921718,5,सहरे, church
4658,Dalachaur Chautari,"HHXR+7FF, पात्लेखेत 45200, नेपाल",27.5981875,85.5911719,4,पात्लेखेत, tourist_attraction
4659,Kaleshor temple,"H8QV+F7V, Neupanegaun-Salyan Rd, चापागा‌‍‍उँ 44700, नेपाल",27.5887276,85.3431735,4,Neupanegaun-Salyan Rd, hindu_temple
4660,"राम मन्दिर, बत्तिसपुतली","Rudranagar Marg, काठमाडौँ 44600, नेपाल",27.7068228,85.3407593,4.5,काठमाडौँ, monument
4661,बागचौर,"बागचौर, नेपाल",28.4511244,82.2851075,,नेपाल, historic_site
4662,Chainpur Karuwa Park ( Zero point ),"Basantapur - Chainpur - Khandbari, चैनपुर 56900, नेपाल",27.2893217,87.3106583,4,चैनपुर, park
4663,New life mission church,"Chainpur, 4, batase, नेपाल",27.264074,87.2419299,0,4, church
4664,सिद्धकाली मन्दिर,"883W+R7R, चैनपुर 56900, नेपाल",27.3045321,87.3456492,4.5,चैनपुर, mosque
4665,Chainpur Bazar Sankhuwasabha,"78R7+6P7, चैनपुर 56900, नेपाल",27.2905491,87.3143028,4.1,चैनपुर, monument
4666,Baneshwor Danda Chainpur,"77HM+5C, चैनपुर 56900, नेपाल",27.2778777,87.2835459,3.9,चैनपुर, trek
4667,Pokhari,"Pokhari, खाँदबारी 56900, नेपाल",27.3770312,87.2075077,,खाँदबारी, park
4668,"Punarutthan mission church, khandbari","96M6+6PM, खाँदबारी 56900, नेपाल",27.3830835,87.2118075,5,खाँदबारी, church
4669,Pathakdhara Zero Point Khandbari Zero Point,"96G5+GM5, Unnamed Road, खाँदबारी 56900, नेपाल",27.3762646,87.2092269,4.4,Unnamed Road, tourist_attraction
4670,चुच्चे ढुङ्गा View tower,"Chichila 2, खाँदबारी 56900, नेपाल",27.392669,87.2120599,0,खाँदबारी, museum
4671,"Khadbari,pokhari Bazzar","96G4+WRH, Jilla Prshasan Pokhari Bazar Rd, खाँदबारी 56900, नेपाल",27.3773182,87.2070813,3.9,Jilla Prshasan Pokhari Bazar Rd, art_gallery
4672,सिंघेश्वोर शिवालय मन्दिर(मान बहादुर घिमिरेद्वारा स्थापित) Singhewshwor Shivalaya Mandir,"96WR+M28, Khandbari Pangtha Rd, खाँदबारी 56900, नेपाल",27.3966501,87.2400778,5,Khandbari Pangtha Rd, hindu_temple
4673,"Chuli Danda, Sankhuwasabha","Khandbari-3, नेपाल",27.4141025,87.1825419,4,नेपाल, historic_site
4674,Sankhuwasabha khandbari,"96V6+3R7, खाँदबारी 56900, नेपाल",27.392669,87.2120599,2.7,खाँदबारी, historic_site
4675,Dholbaje,"9684+36C, Dholbaje Rd, खाँदबारी 56900, नेपाल",27.3651835,87.205503,3.4,Dholbaje Rd, historic_site
4676,खाँदवारी,"खाँदवारी, नेपाल",27.3926574,87.21203,,नेपाल, historic_site
4677,खाँदबारी,"खाँदबारी, नेपाल",27.392669,87.2120599,,नेपाल, historic_site
4678,खाँदबारी नगरपालिका कार्यालय,"96H5+H9C, Khandbari Bahrabise Rd, खाँदबारी 56900, नेपाल",27.3789294,87.2084026,4,Khandbari Bahrabise Rd, historic_site
4679,Makalu Arun Social Trek (MAST),"खाँदबारी 56900, नेपाल",27.392669,87.21206,5,नेपाल, trek
4680,"Victory Church, Nundhaki","7CXV+W2X, चैनपुर 56900, नेपाल",27.3002834,87.4415687,5,चैनपुर, church
4681,मादी,"मादी 56900, नेपाल",27.2671029,87.4009165,,नेपाल, tourist_attraction
4682,Sweet Home,"7954+X4F, Mawadin Marga, Madi 56900, नेपाल",27.2602777,87.3549485,5,Mawadin Marga, tourist_attraction
4683,"Madi Municipality Office, Sankhuwasabha","7963+4P4, मादी 56900, नेपाल",27.2596147,87.3532691,5,मादी, mosque
4684,शिव मन्दिर आहलडाँडा,"6C6X+WW4, Mulkharka Gramin Sadak, मादी 56900, नेपाल",27.212264,87.4497992,5,Mulkharka Gramin Sadak, hindu_temple
4685,ᤛᤣᤘᤠᤖᤥ Gufa Pokhari view point,"7GM4+WP7, गुफा पोखरी मार्ग, Sherjong 56900, नेपाल",27.2848207,87.5068005,4.3,गुफा पोखरी मार्ग, trek
4686,पाँचखपन,"पाँचखपन, 56900, नेपाल",27.3639795,87.3136851,,56900, tourist_attraction
4687,Nagi dada,"985G+3V8, 56900, नेपाल",27.3576542,87.3271888,4.5,56900, museum
4688,मनकामना मन्दिर,"85QQ+RHR, Manakamana Rd, खाँदबारी 56900, नेपाल",27.3396026,87.1888988,4.4,Manakamana Rd, hindu_temple
4689,Sankhuwasabha(ishan rai,"96V6+3R7, खाँदबारी 56900, नेपाल",27.3926672,87.2120573,0,खाँदबारी, hike
4690,Kholakharka,"R77W+PGG, 56900, नेपाल",27.8143167,87.2963326,4,56900, park
4691,Tatopani Hatiya,"P8RP+FFQ, 56900, नेपाल",27.7412199,87.3362406,4,56900, amusement_park
4692,"Punarutthan Mission Church, Obak","J9C7+63X, 56900, नेपाल",27.6206224,87.3627248,5,56900, church
4693,Bhoti khola,"C8G5+CC6, सभापोखरी 56900, नेपाल",27.4260438,87.3085032,5,सभापोखरी, tourist_attraction
4694,Shiva Dhara Barun Valley,"56900, नेपाल",27.7858284,87.1450588,4.9,नेपाल, mosque
4695,Barun Place of Worship,"M9W7+66Q, Sibrung 56900, नेपाल",27.6955909,87.3631196,4,Sibrung, hindu_temple
4696,Bhushyong khola thulo kheth,"2479+QGH, काउले 44900, नेपाल",28.0151129,85.1189489,4,काउले, monument
4697,भोटखोला,"भोटखोला, नेपाल",27.7701848,87.3619934,,नेपाल, historic_site
4698,Simbokpa Peak,"J882+WJX, Thangmuchhi 56900, नेपाल",27.617367,87.3016132,5,Thangmuchhi, trek
4699,"Rai dada (Historical Place of Kirat) Park, Khandbari-5, Malta, Sankhuwasabha, Nepal","Khadbari 5, Malta 56900, नेपाल",27.4230108,87.2033553,4.8,Malta, park
4700,Believer Eastern church,"F67J+52G, Chichila Bazar 56900, नेपाल",27.4629482,87.2301584,0,Chichila, church
4701,chichila chuchhe dhunga,"F6GX+77V, मत्स्यपोखरी 56900, नेपाल",27.4757381,87.2481621,0,मत्स्यपोखरी, tourist_attraction
4702,चिचिला,"चिचिला, 56900, नेपाल",27.4757381,87.2481621,,56900, tourist_attraction
4703,Jilaniya Jame masjid,"VH44+42Q, मलंगवा 45800, नेपाल",26.855418,85.5551391,4.5,मलंगवा, mosque
4704,शिवलय मन्दिर ᤛᤣᤘᤠᤖᤥ,"F69M+279, मत्स्यपोखरी 56900, नेपाल",27.4675196,87.2332761,3,मत्स्यपोखरी, hindu_temple
4705,Chichila Bazar,"Chichila Bazar 56900, नेपाल",27.4641648,87.2288641,,नेपाल, monument
4706,श्री राधाकृष्ण मन्दिर,"96H5+242, खाँदबारी 56900, नेपाल",27.37752,87.2077743,5,खाँदबारी, monument
4707,Mohan Bindu Memorial Foundation,"H7G6+7CX, Seduwa 56900, नेपाल",27.5757331,87.2611243,5,Seduwa, monument
4708,जीपी मेमोरियल अस्पताल,"96H4+8QJ, Khorande Rd, खाँदबारी 56900, नेपाल",27.3783415,87.2068916,4.3,Khorande Rd, monument
4709,kuisang-sherpa-memorial-trust,"Mahadev Gufa Marga, 56900, नेपाल",27.3685324,87.3569609,0,56900, monument
4710,Chichila ward1,"F6GX+77V, मत्स्यपोखरी 56900, नेपाल",27.4757381,87.2481621,0,मत्स्यपोखरी, trek
4711,शंखमुल पार्क,"काठमाडौँ 44600, नेपाल",27.6788847,85.3312506,4.1,नेपाल, park
4712,Sankhu Church,"G8CX+2HH, संखु 44700, नेपाल",27.520065,85.3490002,0,संखु, church
4713,मकालु बरुण राष्ट्रिय निकुञ्ज,"56900, नेपाल",27.6603072,87.1023677,4.3,नेपाल, tourist_attraction
4714,Nakali Suwal House,"Duwakot taloo, चाँगुनारायण 44800, नेपाल",27.6738731,85.4272014,0,चाँगुनारायण, art_gallery
4715,महादेव मन्दिर,"PFJ7+RW8, शङ्खरापुर 44600, नेपाल",27.7320277,85.4648275,4.3,शङ्खरापुर, hindu_temple
4716,"Makalu Barun National Park, HO","H8C5+6GP, पाथिभरा 56900, नेपाल",27.5705964,87.3088339,4.7,पाथिभरा, historic_site
4717,Makalu base camp trek,"पकनाजोल मार्ग, काठमाडौँ 44600, नेपाल",27.7127354,85.3086247,3,काठमाडौँ, trek
4718,सभा पोखरी,"सभा पोखरी, सभापोखरी 56900, नेपाल",27.5040614,87.456372,4.5,सभापोखरी, park
4719,Aane kuwa आने कुवा,"C76H+734, Khandbari Bahrabise Rd, धुपु 56900, नेपाल",27.4106381,87.2777064,5,Khandbari Bahrabise Rd, amusement_park
4720,New life mission church,"C8G4+2G4, सभापोखरी 56900, नेपाल",27.4249813,87.306357,4.5,सभापोखरी, church
4721,Sabha Pokhari,"GF34+MR, सभापोखरी 56900, नेपाल",27.5045616,87.4566798,5,सभापोखरी, tourist_attraction
4722,सभापोखरी,"सभापोखरी, नेपाल",27.4434417,87.4108352,,नेपाल, mosque
4723,Sabha Pokhari Temple,"493V+P9, फुलेक 56800, नेपाल",27.1043785,87.3933704,2,फुलेक, hindu_temple
4724,Believers Eastern Church Imchong,"F5GR+GH9, याफु 56900, नेपाल",27.4763085,87.1914614,5,याफु, church
4725,सिलीचोङ,"सिलीचोङ, नेपाल",27.475794,87.1190664,,नेपाल, tourist_attraction
4726,Kuwa Khola Temple,"F57C+WJ4, सितलपाटी 56900, नेपाल",27.4647669,87.1715861,5,सितलपाटी, hindu_temple
4727,Silichong Rural Municipality,"H2QR+FXH, ताम्कु 56900, नेपाल",27.5886912,87.0424819,4.3,ताम्कु, historic_site
4728,Silichong peak,"FW6R+8H, दोभाने 56900, नेपाल",27.460833,86.941389,4.9,दोभाने, trek
4729,Prasamsa Church,"F40, 57500, नेपाल",27.1334443,87.4076086,4,57500, church
4730,धर्मदेवी,"धर्मदेवी, नेपाल",27.19659,87.3506142,,नेपाल, tourist_attraction
4731,Urban green park(sahari harit park),"GPHX+H9Q, F04, राजविराज 56400, नेपाल",26.5289527,86.7484911,3.9,F04, park
4732,Rajbiraj Church,"Church Road, राजविराज 56400, नेपाल",26.5466736,86.7393669,4.1,राजविराज, church
4733,राजविराज,"राजविराज 56400, नेपाल",26.5419464,86.7567219,,नेपाल, tourist_attraction
4734,"Jama Masjid, Chanaura","GQW8+WH9, राजविराज 56400, नेपाल",26.5472874,86.7664318,4.9,राजविराज, mosque
4735,Neta Chowk,"सिरहा रोड 6, राजविराज 56400, नेपाल",26.5375847,86.7483895,4,राजविराज, museum
4736,Fish Shop,"GPPX+8MQ, F04, राजविराज 56400, नेपाल",26.5358438,86.7492228,5,F04, aquarium
4737,चण्डी भगवती मन्दिर,"GPRW+9RH, नगरपालिका रोड, राजविराज 56400, नेपाल",26.5409586,86.7470991,4.5,नगरपालिका रोड, hindu_temple
4738,हनुमान मन्दिर,"GPVX+8JV, राजबिराज रोड, राजविराज 56400, नेपाल",26.5433632,86.7490547,4.2,राजबिराज रोड, monument
4739,Purni pokhari,"राजविराज 56400, नेपाल",26.5361339,86.7407764,4,नेपाल, trek
4740,Pulchowk,"GPVR+RQ7, राजविराज 56400, नेपाल",26.5445339,86.7419225,4,राजविराज, picnic
4741,Children Park kanchanrup 5,"JWRQ+5FV, कञ्चनरुप 56400, नेपाल",26.6404988,86.9386866,0,कञ्चनरुप, park
4742,"Kalyanpur Church,Saptari ( कल्याणपुर चर्च, सप्तरी )","JJVF+V4F, कल्याणपुर 56400, नेपाल",26.644718,86.6228075,4,कल्याणपुर, church
4743,Kanchanpur Saptary Arch,"JWJ6+RF4, कञ्चनरुप 56400, नेपाल",26.6320157,86.9112113,3.5,कञ्चनरुप, tourist_attraction
4744,Bhagbati Mandir kanchanrup,"JWW4+F2Q, कञ्चनरुप 56400, नेपाल",26.6462157,86.9050987,5,कञ्चनरुप, museum
4745,"Rajaji Maharaj Temple,Kanchanrup,Saptari","MV5X+CM, कञ्चनरुप 56400, नेपाल",26.6585508,86.8992152,5,कञ्चनरुप, hindu_temple
4746,कञ्चनरुप,"कञ्चनरुप, नेपाल",26.6448831,86.8822445,,नेपाल, historic_site
4747,Malakar Garden,"कञ्चनरुप 56400, नेपाल",26.6077451,86.8990613,5,नेपाल, picnic
4748,Koshi Joginiya Tappu,"JW77+7WG, कञ्चनरुप 56400, नेपाल",26.6131941,86.9148272,3,कञ्चनरुप, hike
4749,Swarnpatti,"GH28+PCP, देउरी, नेपाल",26.5014468,86.5662887,5,देउरी, park
4750,डाक्नेश्वरी मन्दिर,"पातो 56400, नेपाल",26.5116744,86.6231174,4.2,नेपाल, church
4751,डाक्नेश्वरी,"डाक्नेश्वरी, 56400, नेपाल",26.5455396,86.6160316,,56400, tourist_attraction
4752,Janjar Masjid,"HHFW+JHH, बोदेवर्साईँ 56400, नेपाल",26.5740528,86.5963993,3.3,बोदेवर्साईँ, mosque
4753,डाक्नेश्वरी नगरपालिका,"Nagarpalika Road, पातो 56400, नेपाल",26.5174731,86.6245674,4.6,पातो, picnic
4754,Vidhyapati Chowk,"Khadak-11, बनौली 56400, नेपाल",26.5762299,86.6212755,4,बनौली, park
4755,"Bode-Barsain, Saptari Amraiyan","HHGQ+23J, बोदेवर्साईँ 56400, नेपाल",26.575055,86.5876412,4.1,बोदेवर्साईँ, church
4756,Silhat-4 saptari,"Bode Barsain municipality-4, silhat, नेपाल",26.5703049,86.5829699,5,silhat, tourist_attraction
4757,बोदेवर्साईँ,"बोदेवर्साईँ 56400, नेपाल",26.5703049,86.5829699,,नेपाल, historic_site
4758,Satrudhan Chowk Bodebarsain Nagarpalika,"HHGP+5XW, बोदेवर्साईँ 57400, नेपाल",26.5754756,86.5874644,3.9,बोदेवर्साईँ, historic_site
4759,बोदेबरसाईन,"बोदेबरसाईन, 56400, नेपाल",26.575469,86.5874859,,56400, historic_site
4760,Bodebarsain Municipality,"Barsain, बोदेवर्साईँ 56400, नेपाल",26.5738659,86.5808924,3.8,बोदेवर्साईँ, historic_site
4761,H.N.k.-N.PA-8 Joginiya1 park,"GVHC+6HQ, हनुमाननगर जोगिनीमाई 56400, नेपाल",26.5280831,86.8714815,5,हनुमाननगर, park
4762,Jogini mai pokhari,"56400, हनुमाननगर जोगिनीमाई 56400, नेपाल",26.527377,86.871735,5,हनुमाननगर, amusement_park
4763,बेथानी इसाई संगती राजविराज,"GPQQ+JH6, राजविराज 56400, नेपाल",26.5390389,86.7388842,5,राजविराज, church
4764,हनुमाननगर,"हनुमाननगर, हनुमाननगर जोगिनीमाई 56400, नेपाल",26.5059385,86.8596744,,हनुमाननगर, tourist_attraction
4765,"Baba Dharmaraj niwas,Hanumannagar Kankalini municipality, Saptari","HV2J+7X, भारदह 56418, नेपाल",26.5506875,86.8824375,0,भारदह, tourist_attraction
4766,"Kamaldaha(कमल दह )(Saptakoshi-11,Bhagani,Saptari)","MWQP+FHJ, Kamaldaha 854331, नेपाल",26.6887094,86.9364,4.1,Kamaldaha, tourist_attraction
4767,Jame Mosque,"GV45+R6F, हनुमाननगर रोड, हनुमाननगर जोगिनीमाई 56400, नेपाल",26.5069865,86.8580552,4.1,हनुमाननगर रोड, mosque
4768,कंकालिनी मन्दिर,"HV2R+577, Gafoor Rd, भारदह 56400, नेपाल",26.5509707,86.8927504,4.5,Gafoor Rd, hindu_temple
4769,हनुमाननगर कंकालिनी नगरपालिका कार्यालय,"GV35+66G, 56401,, हनुमाननगर जोगिनीमाई 56401, नेपाल",26.5031909,86.8594113,3.3,56401, historic_site
4770,हनुमाननगर जोगिनीमाई,"हनुमाननगर जोगिनीमाई 56400, नेपाल",26.5157295,86.8660897,,नेपाल, historic_site
4771,KHADKA FAMILY,"2RRX+WHG, बर्दिबास 45700, नेपाल",27.042848,85.8504007,0,बर्दिबास, tourist_attraction
4772,Mosque,"JH5V+8QV, नेगडा 56400, नेपाल",26.6083512,86.5944227,0,नेगडा, mosque
4773,4 Brothers Khet,"MH6M+33, पनसेरा 56400, नेपाल",26.6602333,86.5826297,0,पनसेरा, museum
4774,राजाजी बाबा मन्दिर,"Khadak-11, बनौली 56400, नेपाल",26.5753933,86.6098364,0,बनौली, hindu_temple
4775,"Dinesh Memorial School Khadak Municipality-5,Kharchuhiya,Saptari","JHXR+96X, खोजपुर 56400, नेपाल",26.6484823,86.5906298,4.3,खोजपुर, monument
4776,Khadak bridge,"JJV8+7V9 E W, महेन्द्र राजमार्ग, कल्याणपुर 56400, नेपाल",26.6431569,86.6172281,3.8,महेन्द्र राजमार्ग, historic_site
4777,Bisanpur Chowk,"JJW6+422, खोजपुर 56400, नेपाल",26.6452608,86.6100231,4,खोजपुर, trek
4778,KHADAK JHULUNGA PUL,"MJ2G+72, कल्याणपुर 56400, नेपाल",26.6507409,86.62508,5,कल्याणपुर, picnic
4779,Birdhana gairchachra,"MHXG+8X, कुशाहा 56400, नेपाल",26.6983519,86.5773893,5,कुशाहा, hike
4780,Rupani park,"रायपुर 56400, नेपाल",26.6277682,86.7194978,3.8,नेपाल, park
4781,Shambhunath Sirakjari saptari nepal,"JM2J+5WP, शम्भुनाथ 56400, नेपाल",26.6004669,86.6823837,2,शम्भुनाथ, tourist_attraction
4782,शम्भुनाथ मन्दिर,"JMHP+G8W, शम्भुनाथ 56400, नेपाल",26.6288845,86.6857076,4.3,शम्भुनाथ, tourist_attraction
4783,Bairyahi Jama Masjid,"JJVV+879, Unnamed Road, शम्भुनाथ 56400, नेपाल",26.6432865,86.6432354,5,Unnamed Road, mosque
4784,मगर संघग्रालय त्रि.न.पा.४ फार्सेट,"QMG8+4M, त्रियुगा 56300, नेपाल",26.7752836,86.6667749,0,त्रियुगा, museum
4785,"शिव मन्दिर, तरहि चौक","HMQ6+HH9, शम्भुनाथ 56400, नेपाल",26.58891,86.6614757,5,शम्भुनाथ, hindu_temple
4786,Sambhunath Baba Mandir Gate,"JMJP+XQQ, शम्भुनाथ 56400, नेपाल",26.6324651,86.6869787,4.7,शम्भुनाथ, monument
4787,bagaha picnic Spot बगाहा पिकनिक स्पाेट,"QMG7+62, त्रियुगा 56300, नेपाल",26.7755414,86.6625702,4,त्रियुगा, picnic
4788,Shambhunatha 1,"MM2R+WGW, शम्भुनाथ 56400, नेपाल",26.652365,86.6913222,0,शम्भुनाथ, hike
4789,Saharwa,"JH33+77, धनगडी 56400, नेपाल",26.6032206,86.553173,4,धनगडी, park
4790,Nawajeevan A.G.Church,"PFHF+3VM, Unnamed Road, लहान 56500, नेपाल",26.7277076,86.4747146,5,Unnamed Road, church
4791,"Surunga Municipality-2, Saptari","सगरमाथा राजमार्ग, हर्दिया 56400, नेपाल",26.7422597,86.5354506,0,हर्दिया, tourist_attraction
4792,Surunga Municipality Hardiya Saptari,"सगरमाथा राजमार्ग, हर्दिया 56400, नेपाल",26.7386897,86.5354865,0,हर्दिया, tourist_attraction
4793,Jame masjid simraha,"MF3R+CW6, सखुवानन्करकट्टी 56500, नेपाल",26.6535449,86.492268,5,सखुवानन्करकट्टी, mosque
4794,मा राजदेवि मन्दिर,"MF2P+98X, सखुवानन्करकट्टी 56500, नेपाल",26.6509974,86.4858576,5,सखुवानन्करकट्टी, hindu_temple
4795,B.P. Smarak Kadmaha Chowk,"MGWG+35G, मधुपाटी 56400, नेपाल",26.6951877,86.5254476,3.9,मधुपाटी, picnic
4796,Nuri jama masjid,"GPQX+9VF, राजविराज 56400, नेपाल",26.5384257,86.7496813,4,राजविराज, mosque
4797,Jay Maa Bhagwati Devi Asthan,"GPFP+J6R, बोरीया 56400, नेपाल",26.5241147,86.7355209,4,बोरीया, monument
4798,बिष्णुपुर,"बिष्णुपुर, 56400, नेपाल",26.5031628,86.7260334,,56400, historic_site
4799,Basantapur Picnick Place,"F3WX+C2, बसन्तपुर, नेपाल",26.4960129,87.0975213,5,बसन्तपुर, picnic
4800,New Small Jama Masjid,"JPJ7+MFH, Road, शम्भुनाथ 56400, नेपाल",26.6316878,86.7137732,4,Road, mosque
4801,Saptarishi Temple (शप्तऋषि मन्दिर),"J84R+WM6, Unnamed Road, झरुवाराशी 44700, नेपाल",27.6072927,85.3416768,4.5,Unnamed Road, hindu_temple
4802,Rupani Bazar,"Rupani Bazar, रायपुर 56400, नेपाल",26.6286385,86.7158573,,रायपुर, monument
4803,रुपनी चोक,"रुपनी चोक, 56400, नेपाल",26.6262707,86.7089384,,56400, monument
4804,Sani Mandir,"Shani mandir, 7, राजविराज 56400, नेपाल",26.5400388,86.7478465,3.5,7, monument
4805,Saptari Nepal Rupani 5 Basbitti M........ya,"HPJP+8RC, Basbitti 5, नेपाल",26.5807935,86.7370049,3,Basbitti, historic_site
4806,Old kadam ka per,"Phulparas, Bihar 847227, भारत",26.4474979,86.4752736,0,Bihar, trek
4807,Yadav's mango's garden,"HP3X+VHM, राजविराज 56400, नेपाल",26.5547137,86.7489183,5,राजविराज, park
4808,Sadhuholi Simsar Tourism Area,"MPMF+Q6W, Unnamed Road, लखनपुर, नेपाल",26.6844968,87.7230629,4.4,Unnamed Road, tourist_attraction
4809,Rajgadh Saptari,"MWX4+9WF, सप्तकोशी 56400, नेपाल",26.6984307,86.9073101,0,सप्तकोशी, tourist_attraction
4810,भगवती मन्दिर 🇳🇵Bhagwati Temple,"GM59+HG6 Rajgadh, (Andhari, नर्घो 3, नेपाल",26.5089241,86.6687373,5,(Andhari, hindu_temple
4811,Rajgad Fort,"Balekilla Rd, Pune, Maharashtra 412213, भारत",18.2466334,73.6822128,4.8,Pune, hike
4812,Duhabi (दुहवी) Saptari,"DUHABI 56400, नेपाल",26.6237841,86.5531257,3.6,नेपाल, park
4813,Mahara-Paswan Tole Pokhari,"MV68+PJ, एकरहिया 45700, नेपाल",26.6618363,85.8665429,4,एकरहिया, tourist_attraction
4814,Dhara Pani Picnic Spot,"MV5C+JC4, कञ्चनरुप 56400, नेपाल",26.6596196,86.8704706,5,कञ्चनरुप, picnic
4815,Kushyait family,"HVHG+FF7, त्रिकौल 56400, नेपाल",26.5786537,86.8761683,2,त्रिकौल, park
4816,Pani tanki,"HWV5+CVC, वैरवा 56400, नेपाल",26.5935697,86.909649,0,वैरवा, amusement_park
4817,तिरहुत,"तिरहुत, 56400, नेपाल",26.5898592,86.8463531,,56400, tourist_attraction
4818,Radha krishna temple,"HVHH+V6P, त्रिकौल 56400, नेपाल",26.5797057,86.8781285,5,त्रिकौल, hindu_temple
4819,Pani tanki,"JR5J+QM, लोहजरा 56400, नेपाल",26.609467,86.8316627,0,लोहजरा, trek
4820,Dalwa Park,"FRC8+XX4, रामपुरामल्हनिया 56400, नेपाल",26.4723867,86.817445,3,रामपुरामल्हनिया, park
4821,तिलाठी कोईलाडी,"तिलाठी कोईलाडी, 56400, नेपाल",26.5141849,86.8170592,,56400, tourist_attraction
4822,Jamma masjid belhi,"FQ5M+PR6, तिलाठी 56400, नेपाल",26.4592862,86.7845222,0,तिलाठी, mosque
4823,Aquarium & pets home,"GQR4+QMH, Thangachi, राजविराज 56400, नेपाल",26.5419464,86.7567219,0,Thangachi, aquarium
4824,Maa Saroswti Mandir Pathsala Tilathi,"FQC9+M29, तिलाठी 56400, नेपाल",26.4716494,86.7675778,4.8,तिलाठी, hindu_temple
4825,Chitransh Tole Tilathi,"FQ88+CMG, तिलाठी 56400, नेपाल",26.4660552,86.7667,0,तिलाठी, historic_site
4826,तिलाठी,"तिलाठी 56400, नेपाल",26.4627883,86.7743145,,नेपाल, picnic
4827,कोइलाडी,"कोइलाडी 56400, नेपाल",26.4841473,86.8069698,,नेपाल, picnic
4828,Saptakoshi picnic spot,"P3C4+QMQ, प्रकाशपुर 56300, नेपाल",26.7219725,87.0567276,0,प्रकाशपुर, picnic
4829,"chandani chowk,sitapur, saptary","JQG5+6GF, सितापुर 56400, नेपाल",26.6255604,86.7588102,3.7,सितापुर, picnic
4830,Malangwa Bus Park,"VH47+H4J, मलंगवा 45800, नेपाल",26.8490518,85.552654,3.3,मलंगवा, park
4831,Friends Church Malangwa,"Malangwa 4, नेपाल",26.8626548,85.5560635,0,नेपाल, church
4832,मलंगवा,"मलंगवा, नेपाल",26.8626548,85.5560635,,नेपाल, tourist_attraction
4833,Musaili Masjidf,"VG4Q+M5R, मलंगवा 45800, नेपाल",26.8567321,85.5378823,5,मलंगवा, mosque
4834,Raj Narayan sah,"VM36+PHG, सग्रामपुर 45800, नेपाल",26.8543243,85.6614569,5,सग्रामपुर, museum
4835,Rajdevi Mandir,"VM8M+W6V, Jaleshwar Rd, खैरबन्नी 45700, नेपाल",26.8673578,85.6830443,0,Jaleshwar Rd, museum
4836,Shrestha.raju.,"RHX5+JCX, मलंगवा 45800, नेपाल",26.8493786,85.5593259,0,मलंगवा, zoo
4837,Rajdevi Mandir Malangwa,"VH7G+G9F, मलंगवा 45800, नेपाल",26.8638043,85.5759135,4.9,मलंगवा, hindu_temple
4838,Malangwa sarlahi,"tabar choka, मलंगवा 45800, नेपाल",26.8626548,85.5560635,3.4,मलंगवा, monument
4839,"Peace Park, Lalbandi","2JWR+98C, Unnamed Road, लालबन्दी 45801, नेपाल",27.0459327,85.6407579,4.1,Unnamed Road, park
4840,Siswa Church,"2JG6+74J, लालबन्दी 45801, नेपाल",27.0257094,85.6102691,4.3,लालबन्दी, church
4841,"Lalbandi,rooom","3J3J+CR6, लालबन्दी 45801, नेपाल",27.0535408,85.6320248,2.5,लालबन्दी, tourist_attraction
4842,सखदा,"2H9C+9M6, मलंगवा रोड, हरिपुर 45800, नेपाल",27.0173123,85.5725209,5,मलंगवा रोड, mosque
4843,Gairikhola Bridge,"4CCV+GFG, Road, चन्द्रपुर 44500, नेपाल",27.1213042,85.4437061,0,Road, museum
4844,Frns Aquarium Lalbandi,"3J3J+M83, लालबन्दी 45801, नेपाल",27.0541398,85.6308099,5,लालबन्दी, aquarium
4845,Ocean fish Aqua shop,"3J3J+M5X, लालबन्दी 45801, नेपाल",27.0542744,85.6304797,0,लालबन्दी, aquarium
4846,"Durga mandir (Temple), Lalbandi ,Sarlahi","3J3J+69M Durga mandir, लालबन्दी 45801, नेपाल",27.0530257,85.6307145,4.8,लालबन्दी, hindu_temple
4847,Lalbandi sarlahi,"2JMX+9QP, रानीगञ्ज 45801, नेपाल",27.0335014,85.6494647,1,रानीगञ्ज, monument
4848,लालबन्दी,"लालबन्दी, नेपाल",27.0535408,85.6320248,,नेपाल, historic_site
4849,Kailashpuri Forest Garden,"Unnamed Road, हरिवन 45804, नेपाल",27.1179901,85.5576074,4.5,हरिवन, park
4850,"Eterna Life Church, Hariwan Sarlahi","3HW8+V52, हरिवन 45804, नेपाल",27.0970629,85.5654288,4,हरिवन, church
4851,हरिवन,"हरिवन, नेपाल",27.092248,85.5715015,,नेपाल, tourist_attraction
4852,Sarlahi,"3F3G+3W5, शंकरपुर 45800, नेपाल",27.0525824,85.4773448,5,शंकरपुर, tourist_attraction
4853,"Noori jame Masjid, Hariyon-11","3GMW+V5H, Ghurkauli Rd, हरिवन 45804, नेपाल",27.0846521,85.5454602,3.7,Ghurkauli Rd, mosque
4854,Milan Children Club,"3GMC+P5R, ढुंग्रेखोला 45804, नेपाल",27.0843324,85.520381,4.8,ढुंग्रेखोला, museum
4855,HOLY ART,"3H8R+J2P Near Nawalpur Chawk, महेन्द्र राजमार्ग, नेत्रगञ्ज 45801, नेपाल",27.0665893,85.5900734,0,महेन्द्र राजमार्ग, art_gallery
4856,राम मन्दिर,"3GPJ+F6R, हरिवन 45804, नेपाल",27.0862468,85.5304877,5,हरिवन, hindu_temple
4857,"कैलाशपुरी महादेव मन्दिर, हरिवन -१, सर्लाही","4HJ5+3PQ, हरिवन 45804, नेपाल",27.1302127,85.5593472,4.6,हरिवन, monument
4858,Sasapur,"3HPW+VVH, हरिवन 45804, नेपाल",27.0871816,85.5972218,5,हरिवन, trek
4859,Shreenagar pound 🌅,"XPMC+WVP, गौरीशंकर 45800, नेपाल",26.9848401,85.7221901,5,गौरीशंकर, amusement_park
4860,"Mitra Mandali, Bayalwash","2J4R+J9P, ईश्वरपुर 45801, नेपाल",27.0066749,85.6409552,5,ईश्वरपुर, church
4861,Nayatol Sarlahi,"Naya Tole, ईश्वरपुर 45800, नेपाल",26.9535757,85.6558564,3.7,ईश्वरपुर, tourist_attraction
4862,Shiv Mandir,"2J3W+Q5X, Ishworpur- Bhaktipur Rd, ईश्वरपुर 45801, नेपाल",27.0044534,85.6454573,4.6,Ishworpur- Bhaktipur Rd, hindu_temple
4863,Ishworpur Municipality Office,"Ward 7, Ishworpur 45801, ईश्वरपुर, नेपाल",26.9997263,85.6397178,3,Ishworpur, monument
4864,Shreepur sarlahi,"WGR3+CMV, श्रीपुर 45800, नेपाल",26.9413143,85.5039106,4,श्रीपुर, historic_site
4865,पुरैनिया चौक,"XF67+HJ, बरहथवा 45800, नेपाल",26.9613973,85.4641012,4.8,बरहथवा, park
4866,"Nepal Evangelical Friends Church, Barahathawa","2F4C+62H, बरहथवा 45800, नेपाल",27.0054702,85.4700776,5,बरहथवा, church
4867,Barahathwa GhantaGhar,"बरहथवा 45800, नेपाल",27.0007288,85.4647182,5,नेपाल, tourist_attraction
4868,Masjid,"XFX9+Q8P, बरहथवा 45800, नेपाल",26.9993958,85.468318,4,बरहथवा, mosque
4869,Barahathawa bazar,"XFX8+R99, बरहथवा 45800, नेपाल",26.9995696,85.466003,5,बरहथवा, museum
4870,Barahathawa shiv temple,"XFX8+HG9, बरहथवा 45800, नेपाल",26.9989107,85.4663531,5,बरहथवा, hindu_temple
4871,बरहथवा,"बरहथवा 45800, नेपाल",27.0124742,85.4633418,,नेपाल, historic_site
4872,"RamBabu Cycle Store Barahathawa, Sarlahi","XFX7+8J7, बरहथवा 45800, नेपाल",26.9982951,85.4640523,5,बरहथवा, trek
4873,परोरियाटोल नहर चौक,"XF6M+6PW, श्रीपुर 45800, नेपाल",26.9612828,85.4834973,1,श्रीपुर, picnic
4874,Basathi balara,"Q9H5+H92, बलारा 45800, नेपाल",26.7796133,85.3574627,5,बलारा, park
4875,Arnaha masjid,"Q9JJ+2RC, अर्नाहा 45800, नेपाल",26.7800508,85.3820446,5,अर्नाहा, mosque
4876,बलरा नगरपालिका,"Q9CF+QR9, बलारा 45800, नेपाल",26.7719162,85.3746046,4.6,बलारा, museum
4877,शिव तथा सरस्वती मन्दिर,"M97M+5WV, अनन्तलिङ्गेश्वर, नेपाल",27.6629779,85.3847767,4.2,अनन्तलिङ्गेश्वर, hindu_temple
4878,बलारा,"बलारा, नेपाल",26.7679488,85.374289,,नेपाल, trek
4879,कुर्मी टोल ( बैरगनियाँ गाउँ ),"X692+6GJ, शितलपुर बैरगनिया 44500, नेपाल",26.968627,85.202414,1,शितलपुर, hike
4880,पटेल चौक,"VFGC+MJ7, सिसोटिया 45800, नेपाल",26.8766566,85.4715397,0,सिसोटिया, park
4881,Godaita sarlahi.godaita.8,"VF78+39V, गोडेता 45800, नेपाल",26.8627407,85.4659195,0,गोडेता, church
4882,गोडेता,"गोडेता 45800, नेपाल",26.8627407,85.4659195,,नेपाल, tourist_attraction
4883,Shahre madina jama masjid,"VF66+FPM, गोडेता 45800, नेपाल",26.8612389,85.4618069,5,गोडेता, mosque
4884,Godaita Municipality Office,"VF79+93M, गोडेता 45800, नेपाल",26.8634598,85.4676864,0,गोडेता, monument
4885,Gimdibesi chautari(गिम्दीबेसि चौतारी ),"C9FF+QPG, गिम्दी 44700, नेपाल",27.4244269,85.3743136,3,गिम्दी, hike
4886,Hariyon Park,"Unnamed Road, हरिवन 45804, नेपाल",27.095999,85.5389359,4,हरिवन, park
4887,"Nayaroad Presbiterian Church, Sarlahi","4G28+22H, हरिवन 45804, नेपाल",27.1000512,85.5150955,3,हरिवन, church
4888,बागमती नदी बाँध,"4FPM+HHQ, Road, चन्द्रपुर 44500, नेपाल",27.1364634,85.4839955,4.1,Road, tourist_attraction
4889,Narayan Bhajan Mandal,"M9HP+48F, Unnamed Road, मध्यपुर थिमि 44600, नेपाल",27.6778036,85.3858026,4,Unnamed Road, hindu_temple
4890,Bagmati New Bridge Samanpur Bazar Rautahat,"X9GV+P25, समनपूर, नेपाल",26.9767749,85.3926143,4,समनपूर, monument
4891,Kabilasi chandu,"WHM4+88H, कविलासी 45800, नेपाल",26.933836,85.555769,0,कविलासी, park
4892,Koinonia Sarlahi christain church,"2M49+3GJ, Sankhar 33800, नेपाल",27.005212,85.6687491,5,Sankhar, church
4893,कविलासी,"कविलासी 45800, नेपाल",26.9328522,85.5457689,,नेपाल, tourist_attraction
4894,"Harpur,Sarlahi","XH76+3FP, कविलासी 45800, नेपाल",26.9627141,85.56121,0,कविलासी, mosque
4895,Bhuili Dai Temple,"WHW7+326, Unnamed Road, किसनपुर 45800, नेपाल",26.945156,85.5625058,5,Unnamed Road, hindu_temple
4896,Kabilasi Municipality Office,"कविलासी 45800, नेपाल",26.9290486,85.555961,3.9,नेपाल, monument
4897,srlahi sundarpur,"XH76+3FP, कविलासी 45800, नेपाल",26.9627141,85.56121,0,कविलासी, hike
4898,श्रीपुर जाने बाटो,"WGP5+4FG, Birnagara Road, जामुनिया 45800, नेपाल",26.9353247,85.5087064,4.3,Birnagara Road, park
4899,चक्रघट्टा,"चक्रघट्टा, 45800, नेपाल",26.9104528,85.503389,,45800, tourist_attraction
4900,Masjid,"VGQJ+2XP, Unnamed Road, औरही 45800, नेपाल",26.8875948,85.5324627,5,Unnamed Road, mosque
4901,Shree Prakatnath Mahadev Dham Shivnagar,"Shivnagar, Chakraghata Ward no 01, 45800, नेपाल",26.9286551,85.5051963,2,Chakraghata, hindu_temple
4902,Konaniya Virlot church,"Bakaiya-7, नेपाल",27.361403,85.2570936,0,नेपाल, church
4903,BHUMAHI CHURCH भुमहि चर्च,"HMHX+J9C, रामनगर, नेपाल",27.5790681,83.6984038,4,रामनगर, church
4904,Sarlahi,"R9VH+5W9, Ramnagar Bahaur 45800, नेपाल",26.842919,85.3798459,3.7,Ramnagar, tourist_attraction
4905,Masjid Ramnagar bhutha,"G494+MM2, रामनगर भुटाहा 56713, नेपाल",26.5203733,87.1065163,5,रामनगर, mosque
4906,Ramnagar Bahaur,"Ramnagar Bahaur 45800, नेपाल",26.841667,85.383333,,नेपाल, monument
4907,Bagh-E-Madna pokhariya Bazar Chandranagar sarlahi,"WHHX+QM, मोहनपुर 45800, नेपाल",26.9294148,85.5991082,0,मोहनपुर, mosque
4908,हिरण्यवर्ण महाविहार,"M8GF+3QG, क्वालखु मार्ग, ललितपुर 44700, नेपाल",27.675192,85.324442,4.7,क्वालखु मार्ग, monument
4909,चन्द्र नगर,"चन्द्र नगर 45800, नेपाल",26.9233469,85.6177891,,नेपाल, historic_site
4910,Rajan niwas( dhunpure home stay),"FM63+XP, सिपाली चिलाउने 45200, नेपाल",27.4624358,85.6542615,5,सिपाली, trek
4911,मेलुङ,"CJGX+RJV, बुढाखानी 45200, नेपाल",27.4271059,85.6490379,0,बुढाखानी, hike
4912,Harkathwa tola,"WC2J+C2W, धनकौल पूर्व 45800, नेपाल",26.9011165,85.4300655,3,धनकौल, park
4913,Sisautiya friends church,"VFP6+GV7, सिसोटिया 45800, नेपाल",26.8863026,85.4621047,0,सिसोटिया, church
4914,धनकौल,"धनकौल, नेपाल",26.9011165,85.4300655,,नेपाल, tourist_attraction
4915,"मस्जिद,mosque","VC5M+MMF, Ramban Rd, रामवन 45800, नेपाल",26.859208,85.4341611,3,Ramban Rd, mosque
4916,Dr. Manjarul,"W9G8+467, धरमपुर 44500, नेपाल",26.9253456,85.3655814,0,धरमपुर, museum
4917,Shree Ram Janaki Mandir(राम जानकी मन्दिर),"WC28+R9F, धनकौल पूर्व 45800, नेपाल",26.9020789,85.4159336,5,धनकौल, hindu_temple
4918,Dhankaul Rural Municipality,"WC54+MJG, हरकठवा 45800, नेपाल",26.9091935,85.4065702,3.7,हरकठवा, historic_site
4919,Panpiyahh park,"VHRR+55J, बाबरगंज रोड, ब्रह्मपुरी 45800, नेपाल",26.8904617,85.5903764,4.5,बाबरगंज रोड, park
4920,Brahampuri,"VHXP+HQ3, ब्रह्मपुरी 45800, नेपाल",26.8988827,85.5869352,5,ब्रह्मपुरी, church
4921,Brahmapuri 1 Garhi Tol Nuri Jama Masjid,"VHMP+PJ4, बाबरगंज रोड, ब्रह्मपुरी 45800, नेपाल",26.8842354,85.586679,4.5,बाबरगंज रोड, mosque
4922,Chaudhary Art,"हेटौडा 44107, नेपाल",27.431361,85.0355634,5,नेपाल, art_gallery
4923,Rajendra mukheya Ramjanki Temple,"VHRV+7J4, ब्रह्मपुरी 45800, नेपाल",26.8905925,85.5940578,4.9,ब्रह्मपुरी, hindu_temple
4924,Dharmanath Mahadev Temple,"WM56+5QW, धनकौल पछवारी 45800, नेपाल",26.9079987,85.661968,4.7,धनकौल, monument
4925,ब्रह्मपुरी,"ब्रह्मपुरी 45800, नेपाल",26.8988827,85.5869352,,नेपाल, historic_site
4926,Parwanipur park,"3PRG+5GQ, परवानीपुर 45800, नेपाल",27.0904605,85.7263536,4.8,परवानीपुर, picnic
4927,Ahmadiyya Muslim Jamaat Nepal,"Babu ram acharya road, सिनामंगल राेड 9, काठमाडौँ 44600, नेपाल",27.6950889,85.3541801,4.4,सिनामंगल, mosque
4928,N.K. Motor,"VFQW+QH4, Sundarpur Chowharba, बरहथवा 45800, नेपाल",26.8893808,85.4964757,0,Sundarpur Chowharba, monument
4929,"Murtiya, Sarlahi, Nepal","2F2M+HH4, मुर्तिया 45800, नेपाल",27.0013541,85.4840816,0,मुर्तिया, historic_site
4930,बिष्णु द्वार,"Q9X4+585, Shivapuri Nagarjun National Park Hiking Trail, बुढानीलकण्ठ 44600, नेपाल",27.7978988,85.3558661,4.5,Shivapuri Nagarjun National Park Hiking Trail, trek
4931,विष्णुद्वार झरना,"Unnamed Road, 44600, नेपाल",27.79439,85.3555241,4.5,44600, trek
4932,Devdhari stadium SUNDARPUR chakarghatta 4,"VFHR+VQP, सुन्दरपुर 45800, नेपाल",26.8797126,85.4919553,5,सुन्दरपुर, park
4933,कौडेना,"कौडेना 45800, नेपाल",26.8623199,85.5106701,,नेपाल, tourist_attraction
4934,Quadri Jame masjid,"VG27+C7J, कौडेना 45800, नेपाल",26.8510887,85.5131704,5,कौडेना, mosque
4935,Kaudena Maharani Mandir,"VG67+V33, कौडेना 45800, नेपाल",26.8621434,85.512696,0,कौडेना, hindu_temple
4936,Parsa Christian Church,"Khairahani-8, नेपाल",27.6147808,84.5709231,0,नेपाल, church
4937,पर्सा,"पर्सा, नेपाल",26.8857019,85.6357789,,नेपाल, monument
4938,murtiya mandir,"2F2M+HH4, मुर्तिया 45800, नेपाल",27.0013532,85.4840812,5,मुर्तिया, monument
4939,बसबरीया,"बसबरीया, 45800, नेपाल",26.9207283,85.4141508,,45800, tourist_attraction
4940,Kuldeep kumar sahu,"XF2R+MMP kuldeep kumar t, श्रीपुर 45800, नेपाल",26.9517039,85.4916903,0,श्रीपुर, museum
4941,Mai sthan (brahram Baba )parariya sarlahi nepal.,"WG62+2PG, पिडरीया 45800, नेपाल",26.9100872,85.5018364,0,पिडरीया, hindu_temple
4942,Sahpur chauk,"WMJ8+PF, धनकौल पछवारी 45800, नेपाल",26.9317922,85.666201,1.5,धनकौल, park
4943,सुत्केरी दह,"3QPM+MFG, कालिन्जोर, नेपाल",27.0866956,85.7837093,4,कालिन्जोर, amusement_park
4944,Haripur Prasansa Church,"2H99+MHX, मलंगवा रोड, हरिपुर 45800, नेपाल",27.0192315,85.5690067,3,मलंगवा रोड, church
4945,सलेस पोखरी,"VMVM+VP9, हरिपुरवा 45800, नेपाल",26.8952243,85.6848279,3.8,हरिपुरवा, tourist_attraction
4946,Noori Jaama Masjid,"WMCX+24H, बसन्तपुर 45800, नेपाल",26.9200626,85.6979299,4.3,बसन्तपुर, mosque
4947,हरिपुरवा,"हरिपुरवा, नेपाल",26.8899781,85.6794434,,नेपाल, historic_site
4948,View point,"F78M+XC, प्युटार 44700, नेपाल",27.4674598,85.2836097,0,प्युटार, trek
4949,मोक्षद्वारी उकालो,"FH5W+7XW, मोक्षद्वारी, गोवलबास 45200, नेपाल",27.4582279,85.5974389,4,मोक्षद्वारी, hike
4950,Sindhuli Bus Park,"कमलामाई 45900, नेपाल",27.2106053,85.9113686,4.4,नेपाल, park
4951,कमलामाई मन्दिर,"Maisthan, Ward No.05, Kamalamai Municipality, Sindhuli District, बि.पी.राजमार्ग, कमलामाई 45900, नेपाल",27.1661482,85.9002754,4.5,Ward No.05, tourist_attraction
4952,Bhiman's Park,"4X57+93M, कमलामाई 45900, नेपाल",27.1084648,85.9626739,3.8,कमलामाई, picnic
4953,"One Tree Hill, Valley view point, Sindhuli","6WHP+45R, कमलामाई 45900, नेपाल",27.2278725,85.9353982,5,कमलामाई, hike
4954,Dudhauli park,"X7FR+G54, दुधौली 45900, नेपाल",26.9737621,86.2904627,3.6,दुधौली, park
4955,Church of prayer warriors,"X8W7+3H8, दुधौली 45900, नेपाल",26.9952108,86.3139626,5,दुधौली, church
4956,Noori jamia masjid phulbariya shariff,"R7V8+XHX, मिर्चैया 56500, नेपाल",26.8449864,86.2664773,5,मिर्चैया, mosque
4957,Paryagpur masjid,"R5WW+J55, कर्जन्हा 10, नेपाल",26.8465021,86.1955038,0,कर्जन्हा, mosque
4958,दुघ्धेश्वर मन्दिर Dughdheshwor Temple,"X7FR+G68, दुधौली 45900, नेपाल",26.973786,86.2905747,5,दुधौली, hindu_temple
4959,Picnic Spot,"X885+9F, दुधौली 45900, नेपाल",26.9659272,86.3087242,4,दुधौली, picnic
4960,Koinoniya Baleni Christian Church,"72QW+WV, बासेश्वर 45900, नेपाल",27.2898254,86.0471731,0,बासेश्वर, church
4961,गोलन्जोर गाउँ पालिका,"73HC+X7Q, 45900, नेपाल",27.2799668,86.0707001,4.3,45900, mosque
4962,श्री ३ विष्णुविर मन्दिर (𑐳𑐸𑑄𑐐𑐵𑑅 𑐡𑑂𑐫𑑅),"M9GM+GJ3, मध्यपुर थिमि 44600, नेपाल",27.6762686,85.3840192,4.8,मध्यपुर, hindu_temple
4963,SINDHULI GADHI MAIN GATEWAY,"7XH5+FV3, B.P. Highway, रतनचुरा 45900, नेपाल",27.2786354,85.9596608,4.4,B.P. Highway, historic_site
4964,Khurkot Picnic Spot & Children's Park,"8XFX+MQ6, भिमेश्वर 45900, नेपाल",27.3241518,85.9993951,4.3,भिमेश्वर, picnic
4965,बरबोट कार्की टोल,"9WH2+955, पुरानो झाँगाझोली 45900, नेपाल",27.3783826,85.9004889,5,पुरानो, park
4966,घ्याङलेख,"घ्याङलेख, नेपाल",27.3809238,85.7711622,,नेपाल, hindu_temple
4967,Ambote-Church,"36W7+J8F, 45900, नेपाल",27.0965645,86.2132959,5,45900, church
4968,तीनपाटन,"तीनपाटन, 45900, नेपाल",27.1426612,86.1120947,,45900, tourist_attraction
4969,"Marin Deurali, Sindhuli","7PH4+43V, Marin, Deurali, Sindhuli Marin Deurali, कल्पवृक्ष, नेपाल",27.2778451,85.7051837,2.8,Marin, tourist_attraction
4970,Adventure Trek and Tour,"M99M+JJX, अनन्तलिङ्गेश्वर, नेपाल",27.6691141,85.3840868,5,अनन्तलिङ्गेश्वर, trek
4971,Sunkoshi,"8XQV+7MJ Khurkot suspension bridge, खुर्कोट झोलुङ्गे पुल, भलुवाजोर 45900, नेपाल",27.3380509,85.9950864,3,खुर्कोट झोलुङ्गे पुल, tourist_attraction
4972,Sunkoshi Rural Municipality,"CV4X+6XR, पुरानो झाँगाझोली 45900, नेपाल",27.4056559,85.8997192,4.5,पुरानो, mosque
4973,Sunakothi Aquarium Shop,"Near, ललितपुर 44700, नेपाल",27.6334967,85.3187553,4.4,ललितपुर, aquarium
4974,Sunkoshi 6 Khalte सुनकोशी 6 खाल्टे,"9X5G+C5C, बि पि राजमार्ग, सितलपाटी 45900, नेपाल",27.3585074,85.9754411,4.1,बि पि राजमार्ग, historic_site
4975,Sunkoshi Tamakoshi Confluence,"9X2J+CP2, बि पि राजमार्ग, सितलपाटी 45900, नेपाल",27.3510085,85.9817693,4.5,बि पि राजमार्ग, trek
4976,Pabitra Church Jakhauli हरिहरपुरगढी 2सिन्धुली,"6G87+QFV, हरिहरपुरगढी 45900, नेपाल",27.2169714,85.5136696,3,हरिहरपुरगढी, church
4977,हरिहरपुरगढी,"हरिहरपुरगढी 45900, नेपाल",27.316667,85.4833331,,नेपाल, tourist_attraction
4978,Hariharpurgadhi Darbar,"8F7P+GR3, हरिहरपुरगढी 45900, नेपाल",27.3137662,85.4870318,4.1,हरिहरपुरगढी, mosque
4979,हरिहरपुरगढी,"हरिहरपुरगढी, नेपाल",27.3364995,85.4537448,,नेपाल, historic_site
4980,Hariharpurgadhi Rural Municipality,"राईगाउँ 45900, नेपाल",27.2338319,85.4949812,4,नेपाल, historic_site
4981,खुसी हरि ट्रेक र अभियान,"जोरपाटी सुन्दरीजल सडक, काठमाडौँ 44600, नेपाल",27.7411214,85.3952625,3.4,काठमाडौँ, trek
4982,shree bengkate shwor temple,"559V+68G, 45900, नेपाल",27.1680031,86.1933617,3.2,45900, hindu_temple
4983,फिक्कल टाकुरा,"57MG+3PW, खोलागाउँ 45900, नेपाल",27.1827298,86.2768434,4.3,खोलागाउँ, picnic
4984,ठुलढुङ्गा,"मध्य पहाडी राजमार्ग, 56300, नेपाल",27.1884327,86.3752118,0,56300, hike
4985,भूत छाँगा,"QM9J+3HW, Maguwa-Khanigaun-Vutchhanga Road, चौतारा 45306, नेपाल",27.7677336,85.6814386,4.5,Maguwa-Khanigaun-Vutchhanga Road, amusement_park
4986,Sidha Santi Church,"QMRP+X9V, चौतारा 45306, नेपाल",27.7924848,85.6859104,0,चौतारा, church
4987,Sangachok Gadhi साँगाचोक गढी,"साँगाचोक 45306, नेपाल",27.6900685,85.710898,4.7,नेपाल, tourist_attraction
4988,चौतारा,"चौतारा, नेपाल",27.7760591,85.6948458,,नेपाल, tourist_attraction
4989,चौतारा साँगाचोकगढी,"चौतारा साँगाचोकगढी, नेपाल",27.7760873,85.6948371,,नेपाल, tourist_attraction
4990,Chautara view point,"QPM7+P6, चौतारा 45306, नेपाल",27.7838824,85.7129083,5,चौतारा, tourist_attraction
4991,"Gairigaun, Chautara Sangachokgadhi","QMGV+CWH, चौतारा 45306, नेपाल",27.7760591,85.6948458,0,चौतारा, tourist_attraction
4992,चौतारा नगरपालिका संयुक्त वडा कार्यालय,"QPJ6+3GW, चौतारा 45306, नेपाल",27.7802375,85.7113687,4.5,चौतारा, mosque
4993,ठूलो पधेरा,"QMV7+JPG, कुनचोक 45306, नेपाल",27.7934454,85.6644287,4,कुनचोक, museum
4994,Ghalegaun Bhagwati Temple,"QPF8+X5G, दोलालघाट-चौतारा राजमार्ग, चौतारा 45306, नेपाल",27.7749352,85.7154395,4,दोलालघाट-चौतारा राजमार्ग, hindu_temple
4995,"Chautara sangachokgadhi municipality-5, sindhupalchok","QMGV+CWG, चौतारा 45306, नेपाल",27.7760625,85.6948125,5,चौतारा, historic_site
4996,Om Park,"RR5M+5MP, बार्‍हबिसे 45308, नेपाल",27.8079581,85.8342102,5,बार्‍हबिसे, park
4997,Jyoti niwash church,"अरनिको राजमार्ग 45314, फुल्पिंग डांडागाउँ 45314, नेपाल",27.74574,85.8025372,5,फुल्पिंग, church
4998,बलेफी,"बलेफी, नेपाल",27.7558763,85.8302087,,नेपाल, mosque
4999,बलेफी गाउँपालिका,"अरनिको राजमार्ग, 45314, नेपाल",27.7318785,85.7800695,3.6,45314, mosque
5000,बलेफी,"बलेफी, यामुनाडाँडा 45314, नेपाल",27.7332628,85.7781977,,यामुनाडाँडा, historic_site
5001,Risal HOME STAY with Trek and Travel,"सुर्यविनायक 44800, नेपाल",27.65785,85.4311829,5,नेपाल, trek
5002,Jure Chhango,"QV8G+986, राम्चे 45302, नेपाल",27.76591,85.8757721,5,राम्चे, hike
5003,Melamchi bus park(Krishna Bhawan),"RHHF+7H8, मेलम्ची, नेपाल",27.8280876,85.5740208,3.7,मेलम्ची, park
5004,Swarnimpur khanepani,"QGMC+CM, शङ्खरापुर, नेपाल",27.7835786,85.521752,0,शङ्खरापुर, amusement_park
5005,शिखरपुर मण्डली,"RH5V+FQG, मेलम्ची, नेपाल",27.8087098,85.5944076,5,मेलम्ची, church
5006,"Tipeni, Melamchi","VH7V+MW4, मेलम्ची, नेपाल",27.864884,85.595244,3.8,मेलम्ची, tourist_attraction
5007,Gufadada,"Melamchi municipality 09, Gufadada 45300, नेपाल",27.8393104,85.62647,4.7,Gufadada, tourist_attraction
5008,मेलम्ची,"मेलम्ची, नेपाल",27.8297283,85.5762108,,नेपाल, mosque
5009,Lamichhane kul mandir & cultural museum,"QGMF+5C4, शङ्खरापुर, नेपाल",27.7837305,85.5251129,4.7,शङ्खरापुर, museum
5010,Sindhupalchok,"RJX5+P2R, मेलम्ची, नेपाल",27.849371,85.6075064,5,मेलम्ची, hindu_temple
5011,चेरिन्जिग मूर्ति (अवलोकितेस्वर/करूणामाया),"मेलम्ची, नेपाल",27.8445884,85.6413727,4.3,नेपाल, monument
5012,Indrawati-10 (forest),"PMV4+WF6, भोटसिपा 45306, नेपाल",27.7447911,85.6561387,2.3,भोटसिपा, park
5013,Moti Masjid Anjuman,"WMH6+34V, Pandit tole Way, थाम्पालकोट, नेपाल",27.9277284,85.6602826,2,Pandit tole Way, mosque
5014,Statue of Guru Padmasambhava,"WGHQ+67, इचोक, नेपाल",27.9281531,85.5381493,4.5,इचोक, monument
5015,Indrawati suspension bridge,"PJ9X+RHM, चाँदनी मण्डन, नेपाल",27.7195903,85.6489182,5,चाँदनी मण्डन, historic_site
5016,ईन्द्रावती नदी,"ईन्द्रावती नदी, मेलम्ची, नेपाल",27.8096241,85.5749989,4.3,मेलम्ची, trek
5017,Muhan Pokhari Water park,"PF3J+WWX, महामञ्जुश्री नगरकोट 44600, नेपाल",27.7048621,85.482351,4,महामञ्जुश्री, amusement_park
5018,Jeevan Jyoti Baptist Church,"Bhakunde 45200, नेपाल",27.5625358,85.6396636,4.2,नेपाल, church
5019,"Jugal Rural Municipality, Office of the Municipal Executive","RQQF+VJV, Unnamed Road, जल्बिरे 45308, नेपाल",27.8397424,85.7739956,4.9,Unnamed Road, mosque
5020,"Jugal View Point, Sindurche","VPGH+59, गोल्चे, नेपाल",27.8754646,85.7283756,3,गोल्चे, historic_site
5021,Jugal Himal Trekking,"Thamel-26, काठमाडौँ 44600, नेपाल",27.7177015,85.3118397,4.8,काठमाडौँ, trek
5022,Khasre Picnic Spot,"RPJM+WJG, 45308, नेपाल",27.832313,85.7340736,5,45308, picnic
5023,Panchpokhari Stupa (MANI Stupa),"2PQ7+JXR, नेपाल",28.039115,85.7148831,3,नेपाल, park
5024,Panchpokhari sindhupalchok,"Panch Pokhari, नेपाल",28.0419964,85.7177061,4.3,नेपाल, tourist_attraction
5025,Panch Pokhari Shiva Temple,"2PV7+F2C, नेपाल",28.0436869,85.7125093,4.7,नेपाल, hindu_temple
5026,thokarpa sunkoshi,"MQPP+M7, ठोकर्पा 45314, नेपाल",27.6866875,85.7856875,5,ठोकर्पा, park
5027,Sindhu sunkoshi namuna oraganic farm,"MQJ3+G6, ठोकर्पा, नेपाल",27.6813314,85.7530071,0,ठोकर्पा, tourist_attraction
5028,सुनकोशी गाउँपालिका कार्यालय,"QR3J+GV8, पाङ्रेटार 45314, नेपाल",27.7538071,85.832139,4,पाङ्रेटार, mosque
5029,"रतनकोट गुरु पद्म सम्भव मुर्ती(Ratankot,Sunkhani,Sunkoshi,Sindhupalchok","PR5P+98W, सुनखानी 45314, नेपाल",27.7084823,85.8358204,0,सुनखानी, hindu_temple
5030,"Sunkoshi-1,Thokarpa","MQJP+C95, ठोकर्पा 45314, नेपाल",27.6810211,85.7859836,5,ठोकर्पा, trek
5031,सुनकोशी एड्भेन्चर रिट्रीट,"Palanchowk Bhagwati, पाँचखाल 45200, नेपाल",27.631382,85.6737369,4.4,पाँचखाल, picnic
5032,Bhotekoshi Park भोतेकोशी पार्क,"2W8W+FXR, शिगात्से विभाग, नेपाल",28.0162391,85.9474058,5,शिगात्से विभाग, park
5033,Bhotekoshi Heli Resort,"Opposite of Last Resort, BungeeJump, अरनिको राजमार्ग, 45304, नेपाल",27.874818,85.8911493,4.5,BungeeJump, amusement_park
5034,Immanuel Bible Missionary Church Thulopalati,"RV3X+FP, बार्‍हबिसे 45302, नेपाल",27.8037574,85.899341,5,बार्‍हबिसे, church
5035,भोटेकोसी बन्जी जम्प,"VVGR+9WV, अरनिको राजमार्ग, लिस्तीकोट 45301, नेपाल",27.8759765,85.8923018,4.6,अरनिको राजमार्ग, tourist_attraction
5036,फोतेङ,"RX5C+8Q9, कर्थली 45302, नेपाल",27.8088905,85.97195,5,कर्थली, museum
5037,Shree Kailashnath Jyoti Lingeshor Mahadev Temple,"WWCM+P69, अरनिको राजमार्ग, फुल्पिङकट्टी 45301, नेपाल",27.921777,85.9331502,0,अरनिको राजमार्ग, hindu_temple
5038,Halhale Picnic park,"PX95+F8, लाँकुरीडाँडा, नेपाल",27.7187028,85.9583261,5,लाँकुरीडाँडा, park
5039,Sristikarta church jaljale,"PWJM+QCJ, पिस्कर 45302, नेपाल",27.7319997,85.9334494,5,पिस्कर, church
5040,लिसंखु,"लिसंखु, नेपाल",27.6633586,85.8383857,,नेपाल, tourist_attraction
5041,"Lisankhu Pakhar Rural Municipality, Office of the Municipal Executive","MVFM+9X2, सरमथली ठोकर्पा सडक, अत्तरपुर, नेपाल",27.6733985,85.8848948,1.3,सरमथली ठोकर्पा सडक, tourist_attraction
5042,लिसङ्खु पाखर,"लिसङ्खु पाखर, नेपाल",27.6382199,85.867862,,नेपाल, tourist_attraction
5043,Lisankhu Pakhar R.M and Sunkoshi R.M Border,"PVC2+3V9, ठुलोपाखर 45314, नेपाल",27.7201678,85.8522461,0,ठुलोपाखर, tourist_attraction
5044,Dhobhan,"MV49+V9J, नेपाल",27.6572065,85.8683874,0,नेपाल, hindu_temple
5045,"Shiva Statue, Biraute, Shailung","JXM6+2PM, भुसाफेदा 45500, नेपाल",27.6326016,85.9618051,3,भुसाफेदा, monument
5046,Guru Padmasambhava Statue,"JRP7+8R9, सानो बांगथली 45200, नेपाल",27.6357832,85.8146022,0,सानो, monument
5047,Buddha park,"घुस्कुन 45302, नेपाल",27.7604449,85.9203748,4.8,नेपाल, park
5048,बार्‍हबिसे,"बार्‍हबिसे 45302, नेपाल",27.8002782,85.9151211,,नेपाल, tourist_attraction
5049,विष्णु मन्दिर,"QWM4+W2X, बार्‍हबिसे 45302, नेपाल",27.7848541,85.9051041,4.5,बार्‍हबिसे, hindu_temple
5050,"Om park , sindhupalchok","RW28+429, बार्‍हबिसे 45302, नेपाल",27.8002782,85.9151211,0,बार्‍हबिसे, hike
5051,Kiul Dunamis Church,"WHH4+VP, किउल, नेपाल",27.9297015,85.5567631,5,किउल, church
5052,pipal dada,"घुस्कुन 45302, नेपाल",27.771316,85.9084982,0,नेपाल, park
5053,श्री त्रिपुरा सुन्दरी माई मन्दिर,"PWH4+45M, तौथली 45302, नेपाल",27.7278268,85.9054085,4.3,तौथली, church
5054,"Tripura Sundari Rural Municipality, Office of the Municipal Executive","PWW7+Q4F, Unnamed Road, पिस्कर 45302, नेपाल",27.7469344,85.9127925,3.5,Unnamed Road, aquarium
5055,सुन्दरी चोक,"M8FG+32G, ललितपुर 44700, नेपाल",27.672681,85.3250881,4.3,ललितपुर, monument
5056,त्रिपुरासुन्दरी,"त्रिपुरासुन्दरी, नेपाल",27.75531,85.8818274,,नेपाल, trek
5057,Lahan Flag Park ( लहान झण्डा पार्क),"लहान रोड 05, लहान 56500, नेपाल",26.7229681,86.4845498,3.9,लहान, park
5058,Tabernacle Church Lahan,"PFH8+448, Church Road, लहान 56500, नेपाल",26.727777,86.4653431,5,Church Road, church
5059,Jama Masjid lahan-19 Charapatti,"MFHM+PQ3, लहान 56500, नेपाल",26.6792674,86.4844351,4,लहान, mosque
5060,MAS ISLAMIC VIDEO,"PFHH+WQ9, Kharukiyanhi, लहान 65500, नेपाल",26.7297844,86.4794698,5,Kharukiyanhi, museum
5061,Fine Art,"लहान रोड 10, लहान 56500, नेपाल",26.7171799,86.4831464,0,लहान, art_gallery
5062,दुर्गा मन्दिर,"PFCJ+5R3, लहान रोड, लहान 56500, नेपाल",26.7203688,86.4820611,4.1,लहान रोड, hindu_temple
5063,धनगढीमाई,"धनगढीमाई, नेपाल",26.7781446,86.365505,,नेपाल, tourist_attraction
5064,विमान संग्रहालय,"PH4Q+W9V, धनगढी 10900, नेपाल",28.7073548,80.5884285,4.1,धनगढी, tourist_attraction
5065,खाेरिया जामा मस्जिद,"Q7XR+PW4, Choharwa Siraha Madar Rd, चन्द्र अयोध्यापुर 56500, नेपाल",26.7991714,86.2923079,4.8,Choharwa Siraha Madar Rd, mosque
5066,Shiv mandir Medhanipur dhangadhimai 1 siraha,"धनगडी 56500, नेपाल",26.7306622,86.43169,5,नेपाल, hindu_temple
5067,Mirchaiya Hill Park,"V62W+3QG, मिर्चैया 56500, नेपाल",26.8500045,86.2470424,4,मिर्चैया, trek
5068,Picnic Spot,"V5JC+254, महेन्द्र राजमार्ग, बधरामल 56500, नेपाल",26.8800029,86.1704576,4.3,महेन्द्र राजमार्ग, picnic
5069,Asianpaints Siraha,"Mahabir chowk, सिराहा 56500, नेपाल",26.6529355,86.2069919,5,सिराहा, art_gallery
5070,Sirha,"M6P4+9QM, सिराहा 56500, नेपाल",26.6859693,86.2069147,4.4,सिराहा, trek
5071,Golbazar Main Chowk,"GolBazar Rd 6, गोलबजार 56500, नेपाल",26.7927541,86.330724,4,गोलबजार, park
5072,"Evangelical Friends Church ,Golbazar","Q8WM+69G, गोलबजार 56500, नेपाल",26.79583,86.3341988,0,गोलबजार, church
5073,Kumbhikhadi Taal,"(golbazar 2), तेतरिया, नेपाल",26.8229955,86.3355999,4.6,तेतरिया, tourist_attraction
5074,"Golbazar,Jama masjid","Q8RH+MGP, गोलबजार 56500, नेपाल",26.7917381,86.3287404,5,गोलबजार, mosque
5075,Lalbabu majhi,"R7QH+V89, मिर्चैया 56500, नेपाल",26.8396743,86.2783474,1,मिर्चैया, museum
5076,Dhamini Temple,"Q8VH+JQ3, गोलबजार 56500, नेपाल",26.7940209,86.3294362,4.6,गोलबजार, hindu_temple
5077,गोलबजार,"गोलबजार 56500, नेपाल",26.8323115,86.3478151,,नेपाल, historic_site
5078,चुरे चौफाल,"R8QP+PV, गोलबजार 56500, नेपाल",26.839322,86.3371962,0,गोलबजार, hike
5079,Believers Eastern Church Mirchaiya,"R6MW+JVP, मिर्चैया 56500, नेपाल",26.8340915,86.2471807,2.7,मिर्चैया, church
5080,Suresh Maxa Mashu Pasal,"R7J2+GV6, Katari Chowk, मिर्चैया, नेपाल",26.8312895,86.2521331,4.3,Katari Chowk, aquarium
5081,ArtRiya Institute of Fine Arts,"Shreebachchha Mahavihar, Shreebaha Marg, ललितपुर 44600, नेपाल",27.6753449,85.3196453,5,Shreebaha Marg, art_gallery
5082,"Mirchaiya Bazar ,Siraha","R6FV+F5W, मिर्चैया 56500, नेपाल",26.8237322,86.2429577,3.5,मिर्चैया, hindu_temple
5083,"Green Park Karunyahi, kalyanpur siraha","Q657+4FQ, कल्याणपुर जवडी 56500, नेपाल",26.7579976,86.2137723,3.5,कल्याणपुर, park
5084,Pokhri,"M6P5+7G9 Gamhariya, सिराहा 56500, नेपाल",26.6856497,86.2088658,5,सिराहा, amusement_park
5085,कल्याणपुर जवडी,"कल्याणपुर जवडी 56500, नेपाल",26.7645503,86.231094,,नेपाल, tourist_attraction
5086,Masjid Darul Uloom,"M6G4+JR7, Siraha Mirchiya Rd, सिराहा 56500, नेपाल",26.6765087,86.2070538,2.7,Siraha Mirchiya Rd, mosque
5087,"Deep aquarium and interior,janakpurdham","Bisharachowk, janakpurdham-04, जनकपुर, नेपाल",26.7215688,85.9321964,3,janakpurdham-04, aquarium
5088,Durga Mandir Kalyanpur,"Q665+M6V, Kalyanpur 56500, नेपाल",26.7617498,86.208052,3.6,Kalyanpur, hindu_temple
5089,शिव मन्दिर,"M698+F32, सिराहा 56500, नेपाल",26.6686192,86.2151812,4.7,सिराहा, monument
5090,Gumba park,"W723+763, कटारी 45600, नेपाल",26.9006473,86.2530472,4,कटारी, park
5091,chhathi mai mandir,"R5RV+6W5, सिराहा 56500, नेपाल",26.8405185,86.1948459,4.8,सिराहा, hindu_temple
5092,फूलकुमारी महतो मेमोरियल अस्पताल,"कर्जन्हा 56500, नेपाल",26.8520185,86.1767347,3.6,नेपाल, monument
5093,Karjanha Municipality Office,"V52H+73M, कर्जन्हा 56500, नेपाल",26.8507207,86.1776841,3,कर्जन्हा, historic_site
5094,कर्जन्हा,"कर्जन्हा 56500, नेपाल",26.85813,86.2107672,,नेपाल, trek
5095,Chautara (चौतारा),"P8FQ+FC6, बेल्ही 56500, नेपाल",26.7236528,86.3385121,3,बेल्ही, park
5096,सुखिपुर,"सुखिपुर 56500, नेपाल",26.7086135,86.3427458,,नेपाल, tourist_attraction
5097,Masjid,"P85V+C3X, सुखिपुर 7, नेपाल",26.7086135,86.3427458,0,सुखिपुर, mosque
5098,Sukhipur,"P87X+8JF, सुखिपुर 56500, नेपाल",26.7133083,86.3490371,5,सुखिपुर, hindu_temple
5099,Sukhipur VDC,"P947+C24, सुखिपुर 56500, नेपाल",26.7060148,86.3625813,4.1,सुखिपुर, monument
5100,Shri Bagwan Sharda Memorial Garden,"HF4H+593, इनर्वा 56500, नेपाल",26.5553813,86.4784366,3.5,इनर्वा, park
5101,खोक्सी चर्च Khoksi Church,"Baniya Tole Khoksi, District Siraha, Province 2, 56500, नेपाल",26.6225205,86.3583891,5,District Siraha, church
5102,भगवानपुर,"भगवानपुर, नेपाल",26.59154,86.4870189,,नेपाल, tourist_attraction
5103,Mosque gamhariya,"JF46+2GV, भगवानपुर 56500, नेपाल",26.6050977,86.4613185,5,भगवानपुर, mosque
5104,SALHES MANDIR(SALHES TEMPLE),"Salhes temple,bhagwanpur 2, Laraha, नेपाल",26.6101748,86.4717001,0,bhagwanpur, hindu_temple
5105,My Beautiful Garden House,"HF5J+GJM, इनर्वा 56500, नेपाल",26.5588389,86.4815402,4,इनर्वा, picnic
5106,बाल उद्यान,"M633+RQF, सिराहा 56500, नेपाल",26.6545699,86.2044216,3.8,सिराहा, park
5107,औरही,"औरही, नेपाल",26.6280304,86.2996368,,नेपाल, tourist_attraction
5108,Motnaje masjid,"J874+3H5, महाथा, बिहार 847232, भारत",26.6126117,86.3064835,5,महाथा, mosque
5109,Sarah's art,"Changathali Rd, ललितपुर 44700, नेपाल",27.6578571,85.3670163,5,ललितपुर, art_gallery
5110,Aurahi Hanuman Mandir,"J8H2+378, हुलाकी सडक, औरही 56500, नेपाल",26.6276238,86.3006794,4.2,हुलाकी सडक, hindu_temple
5111,Shiv Temple,"M637+3X6, पूर्वी रिङ्ग रोड, सिराहा 56500, नेपाल",26.652659,86.2148801,4.2,पूर्वी रिङ्ग रोड, monument
5112,solukhambu chamber o,"GH4F+89, दुधकुण्ड 56000, नेपाल",27.505785,86.57344,0,दुधकुण्ड, park
5113,Nepane water fall khoriya,"FHG7+HR, दुधकुण्ड 56000, नेपाल",27.4763824,86.5646066,4.7,दुधकुण्ड, amusement_park
5114,St.mark Believers Eastern Church,"FHQH+2F5 Solu dhudhakunda Na.pa.5, दुधकुण्ड 56000, नेपाल",27.4875099,86.5787792,0,दुधकुण्ड, church
5115,सोलुदुधकुण्ड नगरपालिका,"दुधकुण्ड 56000, नेपाल",27.5021057,86.5861215,4.1,नेपाल, mosque
5116,"Bhimsen Temple, सोलु भिमसेन थान मन्दिर","FHPH+MGM, दुधकुण्ड 56000, नेपाल",27.4867282,86.5787948,4.9,दुधकुण्ड, hindu_temple
5117,Ganeshsthan,"FHVJ+6MF, दुधकुण्ड 56000, नेपाल",27.4930546,86.5816686,5,दुधकुण्ड, monument
5118,बर डाँडा लिस्पु (SAKELA PARK),"Aiselukharka Gaunpalika - 05, Maheswori, Lispu, नेपाल",27.3640624,86.714304,5,Maheswori, park
5119,थुलुङ दुधकोशी,"थुलुङ दुधकोशी, नेपाल",27.433164,86.6675482,,नेपाल, tourist_attraction
5120,"श्री कुशेश्वोर महादेव मन्दिर, दुम्जा महादेव","CRVF+CVR, Dhulikhel-Sindhuli-Bardibas Highway, दुम्जा, नेपाल",27.4473529,85.8235216,4.5,Dhulikhel-Sindhuli-Bardibas Highway, mosque
5121,Jasmani Sadhu Kuti जस्मनी साधु मन्त्रीको घर,"CP29+26W, 56000, नेपाल",27.4001239,86.7180698,5,56000, hindu_temple
5122,Chiwang Monastery Solukhumbu,"GJQ2+RG3, दूधकुण्ड मार्ग, दुधकुण्ड 56000, नेपाल",27.5393668,86.6013008,4.5,दूधकुण्ड मार्ग, monument
5123,Bhitte Solukhumbu,"FJ28+HX4 bhitte, 56000, नेपाल",27.4513934,86.6174394,5,56000, hike
5124,Prashansa Church,"JM44+F72, Karekhola Rd, बिरेन्द्रनगर 21700, नेपाल",28.60613,81.6556282,0,Karekhola Rd, church
5125,Necha Salyan Ward No 5,"9J2G+58G, नेचा बतासे 56000, नेपाल",27.3504377,86.6258353,4.5,नेचा, tourist_attraction
5126,shiva mandir nechasalyan solukhumbu,"9J3R+HV7, नेचा बेतघारी बिदेसी 56000, नेपाल",27.3539042,86.6421623,4,नेचा, mosque
5127,दाताराम चोक नेचा सल्यान ३ सोलुखुम्बु,"9J2M+CGH, नेचा बतासे 56000, नेपाल",27.3510694,86.6338478,5,नेचा, monument
5128,नेचासल्यान गाउँपालिका कार्यालय,"9J3R+J94, नेचाबेतघारी 56000, नेपाल",27.3540184,86.6409538,4.2,नेचाबेतघारी, historic_site
5129,Solukhumbu Treks and Expedition,"Chabahil -7, Museganesh Post Box No 20179, काठमाडौँ 44600, नेपाल",27.7167299,85.3460592,0,Museganesh, trek
5130,Loksu chowk (लोक्सु चोक),"HMWM+MPP, 56000, नेपाल",27.5967064,86.6843273,5,56000, park
5131,"Zion Isai Church,Kophu","FJWV+CMX, 56000, नेपाल",27.4960836,86.6442474,5,56000, church
5132,Dudhkoshi Chhirdi Motorable Bridge,"HMVG+PM, टाक्सिन्दु 56000, नेपाल",27.5943605,86.6779085,5,टाक्सिन्दु, tourist_attraction
5133,Jagabaijyeshwor Mahadev Temple जगवैज्यश्वर महादेव मन्दिर,"HJ4W+2R8, बि.पि.राजमार्ग, काशीखण्ड 45200, नेपाल",27.5550347,85.6470771,4.7,बि.पि.राजमार्ग, hindu_temple
5134,Kolam Fun Park,"GR4G+HHG, 56000, नेपाल",27.5064387,86.8264468,4,56000, park
5135,Mahakulung Bung Church महाकुलुङ ईसाई परिवार,"GR7H+6XV, 56000, नेपाल",27.5131279,86.8299467,4.4,56000, church
5136,Kulung Village,"GRHQ+V3H, 56000, नेपाल",27.5296997,86.8377369,0,56000, tourist_attraction
5137,Sir Edmund Hillary Memorial Museum & Elder Care Center,"GR6J+GR8, गुदेल 56000, नेपाल",27.5112909,86.8320771,5,गुदेल, museum
5138,Shiva Mandir,"FQ9R+Q47, Sautang 56000, नेपाल",27.4694,86.7903,0,Sautang, hindu_temple
5139,माहाकुलुङ,"माहाकुलुङ, नेपाल",27.511601,86.831521,,नेपाल, historic_site
5140,Thumlu kholsa,"9RC4+93, राखा बाङ्देल 56200, नेपाल",27.3709039,86.80524,5,राखा, historic_site
5141,Top of Gudel,"FVX2+V7M, गुदेल 56000, नेपाल",27.4997211,86.8506568,5,गुदेल, trek
5142,Khiraule खिरौले,"Mahakulung wada no.one, 56000, नेपाल",27.5367256,86.8157643,0,56000, hike
5143,Data chalaune pomdok,"FQ9R+Q47, Sautang 56000, नेपाल",27.4694,86.7903,0,Sautang, park
5144,Sotang Church,"GQ2G+5PV, Sautang 56000, नेपाल",27.5004837,86.7768082,0,Sautang, church
5145,Sotang,"FQQ8+GR2, Sautang 56000, नेपाल",27.488755,86.7670056,3.5,Sautang, tourist_attraction
5146,Sotang 4,"FQ9R+Q47, Sautang 56000, नेपाल",27.4694,86.7903,0,Sautang, tourist_attraction
5147,राम मन्दिर,"PMP3+7QH, भोटसिपा, नेपाल",27.7356642,85.6544951,4.5,भोटसिपा, hindu_temple
5148,Sotang,"RVHR+WQR, गाठी 45302, नेपाल",27.8298649,85.8918797,5,गाठी, historic_site
5149,Khumbu Excursion Pvt. Ltd.,"Pandol Marga, काठमाडौँ 44600, नेपाल",27.7270345,85.3265021,5,काठमाडौँ, tourist_attraction
5150,Khumbu Pasanglhamu Rural Municipality ( खुम्बु-पासाङल्हामु-गाउँपालिका ),"MPX9+8X9, चौरीखर्क 56000, नेपाल",27.6982962,86.7199994,5,चौरीखर्क, mosque
5151,Khumbu Shangrila Nepal Trek and Expedition Pvt. Ltd,"P9W7+73, बुढानीलकण्ठ 44600, नेपाल",27.7457267,85.3626664,4.5,बुढानीलकण्ठ, trek
5152,Pikey base camp,"GFG7+RRR, गोलि 56000, नेपाल",27.5266189,86.4645159,4.6,गोलि, picnic
5153,Tingla busting,"CH6V+J3, सोलुसल्यान 56000, नेपाल",27.4115655,86.5927349,0,सोलुसल्यान, park
5154,Kusum Foundation,"9M57+MPG, नेचा बेतघारी बिदेसी 56000, नेपाल",27.3591808,86.6643425,5,नेचा, museum
5155,Thulung Sakle Toshikhom,"CMG7+HHX, कांगेल 56000, नेपाल",27.426507,86.6639482,5,कांगेल, hindu_temple
5156,Thulo khola,"FMC5+C2, दुधकुण्ड 56000, नेपाल",27.4711128,86.6575723,0,दुधकुण्ड, historic_site
5157,लिखु पिके गाउँपालिका गाउँकार्यपालिकाको कार्यालय,"H94H+PHQ, चौलाखर्क 45400, नेपाल",27.5569276,86.3789454,4.3,चौलाखर्क, church
5158,लिखु पिके,"लिखु पिके, नेपाल",27.5558666,86.3781039,,नेपाल, tourist_attraction
5159,"Likhupike-2 Goli, solukhumbu","G9M7+6QH, गोलि, नेपाल",27.5330667,86.3644803,0,गोलि, mosque
5160,Nepal Flora and Fauna,"Patan Sundhara, lalitpur-7, ललितपुर 44700, नेपाल",27.669418,85.3286954,4.8,lalitpur-7, aquarium
5161,Lord Shiva temple,"JC2M+9XH, भाकाञ्जे 45400, नेपाल",27.6009366,86.4349962,5,भाकाञ्जे, hindu_temple
5162,World mission society church of god Itahari,"M74H+932, इटहरी 56705, नेपाल",26.6555128,87.2777081,5,इटहरी, church
5163,Shiva Pokhari,"J7X7+XFP, चाँदबेला इटहरी ग्रामीण सडक, इटहरी 56705, नेपाल",26.6505934,87.2642655,0,चाँदबेला इटहरी ग्रामीण सडक, museum
5164,पूर्वाञ्चल भेटेरिनरी फर्मा,"purva line, इटहरी, नेपाल",26.6617007,87.2800542,4,इटहरी, zoo
5165,श्री पशुपतिनाथ मन्दिर,"M75C+23Q, पशुपति मार्ग, इटहरी 56705, नेपाल",26.6573921,87.2701278,4.5,पशुपति मार्ग, hindu_temple
5166,"देवीथान चौक, इटहरी-२, शान्तिनगर","इटहरी 56705, नेपाल",26.7069192,87.2899238,4.3,नेपाल, monument
5167,Mahendra Raj Marg,"M786+9VW, AH2, इटहरी 56705, नेपाल",26.6659796,87.2621974,4.2,AH2, historic_site
5168,Manish,"M7FX+Q6F, इटहरी 56705, नेपाल",26.6744283,87.2980352,0,इटहरी, hike
5169,Dharan Mosque,"R77Q+853, धरान 56700, नेपाल",26.8132525,87.2879541,4.7,धरान, mosque
5170,Yuma Fine Art Academy,"R77H+J6M, धरान 56700, नेपाल",26.8140623,87.2780198,5,धरान, art_gallery
5171,धरान प्याराग्लाइडिङ स्टेशन,"Bishnupaduka, धरान 56700, नेपाल",26.8385176,87.2738349,4.3,धरान, trek
5172,Inaruwa New Bus Park,"इनरुवा 56710, नेपाल",26.6007252,87.1377199,4.3,नेपाल, park
5173,"Elohim Church, Inaruwa","J543+C85, इनरुवा 56710, नेपाल",26.6059805,87.153358,4,इनरुवा, church
5174,मस्जिद हामी सबैको रजाक भाई,"J5H9+H97, Inaruwa 56710, नेपाल",26.628911,87.1670093,0,Inaruwa, museum
5175,श्री सत्यनारायण मन्दिर,"श्री सत्य नारायण मन्दिर, दुहबी रोड, इनरुवा 56710, नेपाल",26.6027369,87.1490053,4.7,दुहबी रोड, hindu_temple
5176,Shiv Narayan pandit niwas,"H4VX+XQJ, इनरुवा 56710, नेपाल",26.5949713,87.1493916,5,इनरुवा, monument
5177,स्वर्गीय महानन्द सापकोटाको प्रतिमा,"J43V+H9V, इनरुवा 56710, नेपाल",26.604057,87.1436908,4.5,इनरुवा, historic_site
5178,Everest store inaruwa Sunsari,"इनरुवा 56710, नेपाल",26.600951,87.1487746,4,नेपाल, trek
5179,Zirait ( जिराइत),"J4GP+RHJ, इनरुवा 56710, नेपाल",26.6270971,87.1363918,4.2,इनरुवा, picnic
5180,Inaruwa park महानन्द पार्क,"J43V+H9V, इनरुवा 56710, नेपाल",26.6039854,87.1438665,4,इनरुवा, hike
5181,"Ball statue, Duhabi, Sunsari, Nepal","H77J+P4H, H08, दुहवी 56707, नेपाल",26.5643127,87.2803657,5,H08, park
5182,Union Church Duhabi 3 Sunsari Nepal,"H7CG+CJW, भलुवा 56707, नेपाल",26.5710591,87.2765927,0,भलुवा, church
5183,Duhabi suspension bridge,"H7PQ+JMC, सिसवनिवडहरा 56707, नेपाल",26.5865633,87.2891397,4.2,सिसवनिवडहरा, tourist_attraction
5184,Markazi Jame Masjid Duhabi4,"H7CJ+7C4, दुहबी रोड, दुहवी 56707, नेपाल",26.5706357,87.2810995,5,दुहबी रोड, mosque
5185,Shree Aaprupi shiv mandir Charaiya,"Duhabi-10, नेपाल",26.5681335,87.237858,4.3,नेपाल, hindu_temple
5186,Dumraha Duhabi 10,"H7C2+8PM, सिमरिया 56707, नेपाल",26.5708344,87.251806,0,सिमरिया, historic_site
5187,Gautam Buddha Fun Park,"M6F2+RX2 Ward no-5, रामधुनी भासी 56709, नेपाल",26.6745173,87.2023842,5,रामधुनी, park
5188,पुनरुत्थान विजयी मण्डली,"R7F3+CCC, धरान 56700, नेपाल",26.825825,87.2536101,5,धरान, church
5189,Ra.sa Taal,"P6QF+7WH, बकलौरी, नेपाल",26.7381942,87.2248474,4,बकलौरी, tourist_attraction
5190,रामधुनी मन्दिर,"M4RJ+CM9, रामधुनी भासी 56703, नेपाल",26.6910479,87.1317305,4.5,रामधुनी, hindu_temple
5191,रामधुनी भासी,"रामधुनी भासी, नेपाल",26.6862608,87.1722037,,नेपाल, historic_site
5192,ZooZoo (जूजू) eco-tourism park,"P6P7+RH2, Unnamed Road, बकलौरी, नेपाल",26.7370054,87.2138835,4.2,Unnamed Road, park
5193,Chisapani,"Q645+5W, धरान 56700, नेपाल",26.7554422,87.2098643,4.5,धरान, amusement_park
5194,JAMMA MASJID (ANSARI VILLAGE),"M32C+549, मधुवन 56713, नेपाल",26.6504108,87.0703837,5,मधुवन, mosque
5195,पंखवति,"R5MX+7J, बराहक्षेत्र, नेपाल",26.8332169,87.1990006,5,बराहक्षेत्र, hike
5196,Dewangunj Biratnagar tempo station,"C4XQ+Q95, देवानगञ्ज, नेपाल",26.4493905,87.1384843,0,देवानगञ्ज, park
5197,देवानगञ्ज,"देवानगञ्ज, नेपाल",26.4528534,87.1397958,,नेपाल, tourist_attraction
5198,Kabristaan Dewanganj Sunsari,"F43M+XMX, देवानगञ्ज, नेपाल",26.454981,87.1342293,5,देवानगञ्ज, mosque
5199,दुर्गा मन्दिर साहेवगञ्ज,"C55P+C56, साहेवगञ्ज, नेपाल",26.4085355,87.1852948,4.8,साहेवगञ्ज, hindu_temple
5201,Salman Ansari,"G449+6W4, हरिनगरा, नेपाल",26.5055088,87.1198415,0,हरिनगरा, hike
5202,Jame Masjid-Kosi R.M-02,"पश्चिम कुशाहा 56713, नेपाल",26.6205916,87.0679435,5,नेपाल, mosque
5203,Koshi Rural Municipality - Sunsari,"Koshi Gaupalika, लौकही 56713, नेपाल",26.5983134,87.0635897,3,लौकही, historic_site
5204,Shree Laxmi Narayan park,"H4RP+XJV, इनरुवा 56710, नेपाल",26.5924946,87.1365598,4.5,इनरुवा, park
5205,B.I.C Church Majho sunsari,"Gadhi 6 Aurabani, इनरुवा 56710, नेपाल",26.5638464,87.2014767,0,इनरुवा, church
5206,Gaishar Masjid,"J7P6+WG, इटहरी 56709, नेपाल",26.6373624,87.2612049,3,इटहरी, mosque
5207,DG ARTS गोपाल श्रेष्ठ,"M7FC+FVP, इटहरी 56705, नेपाल",26.6734926,87.2698356,5,इटहरी, art_gallery
5208,"Ubdhi Gramthan ithari,Nepal","M62H+38, इटहरी 56709, नेपाल",26.6502231,87.22824,5,इटहरी, hindu_temple
5209,कार्कीछाप,"R7QF+JH2, धरान 56700, नेपाल",26.8390184,87.273898,4.2,धरान, trek
5210,HASINA park,"M76C+8QH, इटहरी 56705, नेपाल",26.6608247,87.2719772,2.9,इटहरी, picnic
5211,Malti chowk मालती चौक,"F5RF+WVQ, चिमडी, नेपाल",26.492335,87.1747478,5,चिमडी, hike
5212,बर्जु ताल,"F5PG+F44, चिमडी, नेपाल",26.4861424,87.1753294,4,चिमडी, park
5213,विश्वासीहरूलाई चर्च,"त्रिमुर्ती पथ, विराटनगर 56613, नेपाल",26.4678865,87.2677901,3.7,विराटनगर, church
5214,Dinanath Bhadari Temple,"C7R3+HGC, ऋषि देव टोल, विराटनगर 56613, नेपाल",26.4414492,87.2537532,4.5,ऋषि देव टोल, hindu_temple
5215,Barju Tal,"F5PJ+M47, चिमडी, नेपाल",26.4866671,87.180304,4.8,चिमडी, trek
5216,Bhokraha 3,"J39H+VMH, भोक्राहा 56713, नेपाल",26.6196786,87.0792357,4.5,भोक्राहा, church
5217,भोक्राहा,"भोक्राहा, नेपाल",26.6139711,87.0923906,,नेपाल, tourist_attraction
5218,Bhokraha 04 Al_Sifa Masjid,"J462+72, भोक्राहा 56713, नेपाल",26.6110092,87.1000811,5,भोक्राहा, mosque
5219,Rastriya Majhi Sangrahalaya,"M38C+928, मधुवन 56713, नेपाल",26.6654584,87.0703713,4,मधुवन, museum
5220,Bhokraha Narsingh gaupalika wada nm: 1 ( dhok),"M33V+3X7, भोक्राहा 56713, नेपाल",26.6526578,87.0949122,0,भोक्राहा, monument
5221,Shivganj tol bhokraha narsingh -3,"bhokraha - 3, नेपाल",26.6196844,87.0791355,0,नेपाल, trek
5222,सिमसली पिपल चौतारा,"37VG+VQV, मङ्गलसेन 10700, नेपाल",29.094718,81.276927,0,मङ्गलसेन, park
5223,Trek With Sanjog,"Kathmandu 44600, नेपाल",27.6825295,85.2538691,5,नेपाल, trek
5224,भातखाने चौर,"5HP8+MM4, काँछाबाड़ा 21300, नेपाल",29.1866311,81.5667158,0,काँछाबाड़ा, park
5225,Debidanda,"R87Q+2GJ, बिद्यापुर 21700, नेपाल",28.8125817,81.3387501,0,बिद्यापुर, picnic
5226,बसन्ते चोक,"R84J+XQP, बिद्यापुर 21700, नेपाल",28.807651,81.3322029,0,बिद्यापुर, picnic
5227,नदाई मन्दिर (नन्दा माता माइ ),"7C54+WG3, 10700, नेपाल",29.2597622,81.4063061,3.5,10700, hindu_temple
5228,ढकारी गाउँपालिकाको कार्यालय,"धकारी 10700, नेपाल",28.9993125,81.2628125,3.5,नेपाल, mosque
5229,"Aarati Pustak Pasal , Dhakari Achham","X7X7+9J5, धकारी 10700, नेपाल",28.9983953,81.2641031,5,धकारी, art_gallery
5230,गोपाल थुम्की( Gopal Thumki),"G752+43, माल्टा 44700, नेपाल",27.5078108,85.250239,0,माल्टा, picnic
5231,Banagaun Masjid,"3GPJ+77V, हर्मी, नेपाल",28.0857372,84.5306729,3,हर्मी, mosque
5232,Chandika Devi Mandir Motena Achham,"56PH+H36, साँफेवगर 10700, नेपाल",29.1864097,81.2276323,0,साँफेवगर, hindu_temple
5233,"शान्ती स्मारक , मंगलसेन अछाम","Madhya Pahadi Rajmarg, मङ्गलसेन 10700, नेपाल",29.1359262,81.255885,2,मङ्गलसेन, monument
5234,Rajan Shah,"5C8P+VQP, बाटुलासैन 10700, नेपाल",29.1672065,81.4369378,5,बाटुलासैन, tourist_attraction
5235,Kaji_House,"6CC2+VM8, Malma - Pandavkhani Rd, हरिचौर 33300, नेपाल",28.2221358,83.401686,5,Malma - Pandavkhani Rd, zoo
5236,Galkot Baglung,"6CR8+6G6, हरिचौर 33300, नेपाल",28.2405453,83.4162518,4,हरिचौर, art_gallery
5237,हाँडिकाेट,"4HQH+WVG jaimini Municipality -9, राङ्खानी 33300, नेपाल",28.1398121,83.5796985,0,राङ्खानी, hike
5238,Guppy Nepal,"Patan, Gujibahal 44700, नेपाल",27.6701125,85.3275,4.8,Gujibahal, aquarium
5239,"Melauli Municipality, Melauli, Baitadi","CC6V+5GJ, मेलौली 10300, नेपाल",29.4104518,80.4437781,5,मेलौली, picnic
5240,home of Santosh Mahara,"HJ9Q+P8, बिजयपुर 10200, नेपाल",29.5693652,80.6383047,1,बिजयपुर, church
5241,Rajendra budha,"HPF3+3WM, कोटिला 10200, नेपाल",29.5727097,80.7048084,0,कोटिला, museum
5242,हाट,"हाट 10200, नेपाल",29.6152118,80.6964905,,नेपाल, historic_site
5243,शिवनाथ,"शिवनाथ, नेपाल",29.3884502,80.3546347,,नेपाल, historic_site
5244,पञ्चेश्वर,"पञ्चेश्वर, नेपाल",29.4204882,80.2655648,,नेपाल, trek
5245,Kage dada,"M9FM+PJ3, मध्यपुर ठिमी 44600, नेपाल",27.6741123,85.384248,5,मध्यपुर, park
5246,J.P Arts,"sau. pharsatikar-1, नेपाल",27.6291277,83.4039931,3.7,नेपाल, art_gallery
5247,Bungal 2 Bamour,"JWVV+X4P, Bamour, 2, नेपाल",29.6449612,80.9428407,0,Bamour, tourist_attraction
5248,बाङसल्ला,"GW44+HRJ, बाँझ 10500, नेपाल",29.5064738,80.9070243,0,बाँझ, trek
5249,"Bajhakot(than dada,lekh)झाँक्री थानडांडा","XP3P+JQ8, bajhakot, Rewati Rd, वालिङ 10, नेपाल",27.9540365,83.7369494,4.8,bajhakot, tourist_attraction
5250,गडी भगवति माईकाे मन्दिर,"F49J+23F, जयपृथ्वी 10500, नेपाल",29.467559,81.1302346,5,जयपृथ्वी, mosque
5251,परी बन Angel Ban,"F46V+PR4, 10500, नेपाल",29.4617514,81.144579,5,10500, park
5252,Bajhang Laka,"Q7G2+MQ6, Golai 10500, नेपाल",29.776669,81.2518833,0,Golai, tourist_attraction
5253,Padala,"FXG7+744, रायाल 10500, नेपाल",29.4756316,80.9628268,0,रायाल, hike
5254,Chirashaini mandir(temple),"GRCJ+PR5, सुनकुडा 10500, नेपाल",29.521752,80.832105,5,सुनकुडा, hindu_temple
5255,"Melai Chaur, Daulichar ,Surma","J4WF+23, जयपृथ्वी 10500, नेपाल",29.6450625,81.1226875,0,जयपृथ्वी, trek
5256,तिरुवा वाड ( डाडा),"G25W+45, चौधारी 10500, नेपाल",29.5077965,81.0454341,0,चौधारी, trek
5257,Children Park,"FH53+8HF, कैलाशमाडौँ 10600, नेपाल",29.4583164,81.553935,2,कैलाशमाडौँ, park
5258,J.P Vetwal Smriti Park,"HJWV+G82, भण्डारा 44200, नेपाल",27.5962702,84.6432802,4,भण्डारा, park
5259,THAPA GAUN BYAGUTE,"X42R+3PX, बिदुर 44900, नेपाल",27.9502349,85.1418516,5,बिदुर, historic_site
5260,Nepal Environmental Treks and Expedition Pvt. Ltd.,"P877+J2R, त्रिदेवी सडक, काठमाडौँ 44600, नेपाल",27.714135,85.3125082,4.1,त्रिदेवी सडक, trek
5261,Jame Masjid (Parsagadi Nagarpalika-5 Bahuarwa),"4V68+GV, पञ्चरुखी 44300, नेपाल",27.1110879,84.8671904,5,पञ्चरुखी, mosque
5262,खापर देव मस्टो (थपालो देउता),"CPJJ+JMH, 10600, नेपाल",29.4315648,81.7317418,0,10600, hindu_temple
5263,भीडमाथा लेख,"7MV8+4JG, फुकोट 21300, नेपाल",29.2928028,81.6665654,0,फुकोट, hike
5264,Siva Temple,"CP49+94F, गोत्री 10600, नेपाल",29.4059499,81.7177905,0,गोत्री, hindu_temple
5265,Unique Path Trekking and Expedition (P.) Ltd,"Chaksibari Marg Thamel, काठमाडौँ 44601, नेपाल",27.7165374,85.3097478,4.9,काठमाडौँ, trek
5266,Ikdi bridge,"9845+9V9, Bajura 10600, नेपाल",29.355909,81.3097231,0,Bajura, tourist_attraction
5267,यादबटोल हावा घर,"H4FR+RCF, बबिया 56710, नेपाल",26.574561,87.1410462,4.2,बबिया, historic_site
5268,Wonders of Nepal,"6MCJ+VJ4, Kohalpur 21904, नेपाल",28.2213029,81.6802834,5,Kohalpur, trek
5269,Qadri jama masjid,"WVJ6+222 ward no 2 Beunchahawa, नरैनापुर 21900, नेपाल",27.93,81.86,0,नरैनापुर, mosque
5270,झर्ना,"2QRG+9H, फत्तेपुर 21900, नेपाल",28.0408861,81.7764601,0,फत्तेपुर, hike
5271,"Deurali Bhanjyang,Ratna Rajmarg","8MQF+7C, बाँसगढी, नेपाल",28.3381313,81.6735612,2.5,बाँसगढी, tourist_attraction
5272,Baijanath Banke,"6H8P+H7H, तितिहिरिया 21904, नेपाल",28.216442,81.585742,5,तितिहिरिया, historic_site
5273,Madina Jama Masjid,"Khajura -5, नेपाल",28.1260321,81.5748057,1,नेपाल, mosque
5274,NGG,"3M6C+222, पुरैनी 21900, नेपाल",28.0600001,81.67,0,पुरैनी, church
5275,Dudhkunda Adventure Treks,"P9P6+66F, काठमाडौँ 44600, नेपाल",27.735564,85.3605374,5,काठमाडौँ, trek
5276,Hiking Trail to Mudkhu Bhanjyang View Tower,"Q7JG+3MR, तारकेश्वर 44600, नेपाल",27.7802499,85.2766268,5,तारकेश्वर, hike
5277,Kalaiya 3 Gangapur Bara,"Unnamed Road, 44400, नेपाल",27.0407717,84.9874874,4.1,44400, art_gallery
5278,Simara Evangelical Church,"5X9C+Q2F, गढीमाई 44400, नेपाल",27.1694332,84.9700344,3,गढीमाई, church
5279,कोल्हवी,"कोल्हवी, नेपाल",27.1142372,85.1686743,,नेपाल, historic_site
5280,Kolhabi Bara,"35GG+G53, कोल्हवी 44400, नेपाल",27.076217,85.1754035,0,कोल्हवी, historic_site
5281,RAMPURWA pokhari,"X295+CWM, पपरपाटी जब्दी 44400, नेपाल",26.9685888,85.0097833,0,पपरपाटी, park
5282,Simraungadh Fish Hatchery Firm,"W43J+98X, सिम्रौनगढ 44400, नेपाल",26.9034778,85.13085,4.5,सिम्रौनगढ, aquarium
5283,RashiD home,"2X36+98H, पुरैनिया 44400, नेपाल",27.0034314,84.9608531,0,पुरैनिया, hike
5284,Church,"2VHP+RXH, वीरगञ्ज 44300, नेपाल",27.0286725,84.8868952,1,वीरगञ्ज, church
5285,बकैया-३ पिप्ले,"97C3+G8, श्रीपुर छतिवन 44100, नेपाल",27.3712987,85.2532642,0,श्रीपुर, tourist_attraction
5286,Picnik Spot,"8893+HFP, सानोश्री ताराताल 21800, नेपाल",28.3189506,81.3036947,0,सानोश्री, picnic
5287,Gerua,"96Q9+H35, 21800, नेपाल",28.3888945,81.2177295,0,21800, hike
5288,Nava Jivan Aradhna Church,"C4VR+2XW, Rajapur Road, राजापुर 21800, नेपाल",28.4426431,81.1424264,5,Rajapur Road, church
5289,Tharu Museum and Research Center,"F46X+94, राजापुर 21800, नेपाल",28.4609251,81.1478405,2,राजापुर, museum
5290,Tihuni,"F5V6+5XQ, 21800, नेपाल",28.4929666,81.162479,4,21800, hike
5291,Wildlife Tour Bardiya,"Elephant Stable, Thakurdwara, नेउलापुर 21800, नेपाल",28.432277,81.2284788,5,Thakurdwara, tourist_attraction
5292,Church,"M85H+HP3, साउने मुल मार्ग, ललितपुर 44700, नेपाल",27.6589021,85.3292959,0,साउने मुल मार्ग, church
5293,Bariya Mosque,"Mosque, वीरगञ्ज 44300, नेपाल",27.0336873,84.8792034,0,वीरगञ्ज, mosque
5294,Barabishe,"W9F7+77J, दुप्चेश्वोर मार्ग, Sundaradevi VDC 44900, नेपाल",27.9232104,85.3631546,0,दुप्चेश्वोर मार्ग, hike
5295,Manjhundi community forest Office,"bholagaudi, gulariya 21800, नेपाल",28.1662652,81.5013591,5,gulariya, park
5296,"FGT Church, Tesanpur, Bardiya","6C64+W6C, महम्मदपुर 21800, नेपाल",28.2123031,81.4055013,0,महम्मदपुर, church
5297,लामडाडा,"6JC6+X2, बाँसगढी 21904, नेपाल",28.2223968,81.6101206,0,बाँसगढी, picnic
5298,Temple,"Unnamed Road, 21800, नेपाल",28.5721237,81.2480926,0,21800, hindu_temple
5299,Shankhadhar Park,"M9FP+69F Shankadhar Chowk, अरनिको राजमार्ग, मध्यपुर थिमि, नेपाल",27.6738091,85.3850039,4.1,अरनिको राजमार्ग, park
5300,Royal Entertainment Playing Space,"M9FW+XHQ Radhe Radhe, मध्यपुर थिमि, नेपाल",27.674891,85.3964619,4.8,मध्यपुर थिमि, amusement_park
5301,EnCompass Church Nepal,"New Thimi chok, taxi stand, मध्यपुर ठिमी -१३ ठिमी, 44800, नेपाल",27.6725729,85.3848263,5,taxi stand, church
5302,Hiking Annapurna tours and travels,"M9CH+VHQ, Chardobato, मध्यपुर थिमि 44600, नेपाल",27.6721686,85.3788708,4.6,Chardobato, trek
5303,Fine Arts,"Bankroad, Bhojpur-7, भोजपुर 57000, नेपाल",27.1690587,87.05009,0,Bhojpur-7, art_gallery
5304,Jamey Masjid,"H4W4+JF7, नर्सिंहटप्पु 56713, नेपाल",26.5965359,87.1061794,4.6,नर्सिंहटप्पु, mosque
5305,षडानन्द,"षडानन्द, नेपाल",27.3379288,87.0975022,,नेपाल, historic_site
5306,सैन्य संग्रहालय,"काठमाडौँ 44600, नेपाल",27.7065591,85.289711,4.4,नेपाल, museum
5307,"हतुवागढी सार्वजनिक पुस्तकालय तथा ईश्वरमान राई अध्ययन प्रतिष्ठान, हतुवागढी","Samriddi Toll, Bhojpur, Hatuwagadhi-1, 57012, नेपाल",27.0218448,87.120818,0,Bhojpur, art_gallery
5308,Pakchikhog blessed valley,"54J9+R3, Tiwari Bhanjyang 57000, नेपाल",27.1820803,87.1177729,0,Tiwari, church
5309,Hans Pokhari,"8X2M+5RF, 57000, नेपाल",27.3004435,86.98455,4.7,57000, monument
5310,Tindhare,"Arun River Side Rd, 57000, नेपाल",27.292669,87.1569979,0,57000, amusement_park
5311,Jorkusum Park,"नारायणघाट-मुग्लिङ राजमार्ग, भरतपुर 44200, नेपाल",27.7078358,84.4331292,4.2,भरतपुर, park
5312,Jay Nepal Chok ( जय नेपाल चोक),"J9GG+J7F, भरतपुर 44200, नेपाल",27.6260208,84.3785201,5,भरतपुर, hike
5313,Rahmania Jame Masjid,"JG98+M9J, रत्‍ननगर 44200, नेपाल",27.6192091,84.5158894,5,रत्‍ननगर, mosque
5314,Goru Chok,"HGJ3+PV2, रत्‍ननगर 44200, नेपाल",27.5816863,84.5048243,0,रत्‍ननगर, historic_site
5315,sec 1 DOP,"MHJ4+797, जुटपानी 44200, नेपाल",27.6806626,84.5559068,0,जुटपानी, museum
5316,Kalika -4 chitwan,"MGJ8+RP2, पदमपुर 44200, नेपाल",27.682007,84.516776,0,पदमपुर, historic_site
5317,"राप्ती नगरपालिका, नगर कार्यपालिकाको कार्यालय","JJ3W+Q4R, भण्डारा 44200, नेपाल",27.6044925,84.6452594,4.1,भण्डारा, historic_site
5318,Baheri Evergreen Fun Park,"JGJV+QH5, Khairahani Rd, खैरहानी 44200, नेपाल",27.6318987,84.5439862,4.4,Khairahani Rd, park
5319,Tharu Cultural Museum,"JH43+4C8, Unnamed Road, खैरहानी 44204, नेपाल",27.6053936,84.5535746,0,Unnamed Road, museum
5320,Art Cafe,"सौराहा रोड, रत्‍ननगर 44200, नेपाल",27.5812515,84.4942286,4.7,रत्‍ननगर, art_gallery
5321,Artspace,"MCCJ+66W Rijal chowk, भरतपुर 44200, नेपाल",27.6705919,84.4305876,5,भरतपुर, art_gallery
5322,"हनुमान मन्दिर,श्रीकृष्ण मन्दिर","JH83+8XV, खैरहानी 44204, नेपाल",27.6158647,84.5549068,4.5,खैरहानी, hindu_temple
5323,Kankali View tower 2,"Khairahani Road 4, खैरहानी 44200, नेपाल",27.6663068,84.5755716,4.5,खैरहानी, hike
5324,Someshwar Gadhi सोमेश्वर गढी माडी,"98R5+7F, माडी, नेपाल",27.3906882,84.3086871,4.7,माडी, monument
5325,"NAMUNA HOME STAY, PANDAVNAGAR - MADI, CHITWAN-NEPAL","G736+G2, माडी 44200, नेपाल",27.5038033,84.2601123,4.9,माडी, trek
5326,"इच्छाकमान - ५ साठीमुरे, चितवन","RHVC+G6R, चण्डी भञ्ज्याङ 44200, नेपाल",27.8438572,84.5705196,0,चण्डी, hike
5327,Ashigram Temple,"no.3, Daleldhura , Amargadhi Municipality ward, अमरगढी, नेपाल",29.2768479,80.5570142,5,Daleldhura, mosque
5328,मलाश क्षेत्र Malash Area,"363G+C3, परशुराम 10400, नेपाल",29.0535894,80.2251459,4,परशुराम, hike
5329,Trekking in Nepal,"Kaldhara Marg, काठमाडौँ 44600, नेपाल",27.7163912,85.3067473,5,काठमाडौँ, trek
5330,बाघ धारो,"94V5+XG7, कठजोर 45400, नेपाल",27.3949036,86.1088039,0,कठजोर, historic_site
5331,देहिमाडौं(भगवती मन्दिर) गुनपाल,"9G27+6MM, ajayameru, भद्रपुर, नेपाल",29.3505764,80.5141838,5,ajayameru, hindu_temple
5332,DUNGGA FREEDOM CHURCH,"M6PW+95M, चन्द्रागिरी 44600, नेपाल",27.6859395,85.2454148,5,चन्द्रागिरी, church
5333,गन्यापधुरा,"गन्यापधुरा, नेपाल",29.2510667,80.6370226,,नेपाल, tourist_attraction
5334,"Kailpaltemple , kailpalmandau dadeldhura","7P97+775, कैपालमन्डू 10300, नेपाल",29.2681291,80.7132244,5,कैपालमन्डू, mosque
5335,कादरी मस्जिद,"WJGW+FWH, दुल्लु 21600, नेपाल",28.9261915,81.6473835,0,दुल्लु, mosque
5336,Mahabuddha Art Gallery,"Sundhara Mahaboudha Rd, ललितपुर 44600, नेपाल",27.6688451,85.3275139,5,ललितपुर, art_gallery
5337,Upasana Church,"वीरेन्द्रनगर 21700, नेपाल",28.6022555,81.6067987,5,नेपाल, church
5338,खापरमस्टा बन क्षेत्र काडागाऊ,"4MMV+7Q, दाहाफतगाउँ 21300, नेपाल",29.1331549,81.694411,0,दाहाफतगाउँ, park
5339,"Naumule Rural Municipality Office, Dailekh","WR56+QR9 RM-1, नौमुले 21600, नेपाल",28.909461,81.8120705,4.8,नौमुले, historic_site
5340,Chamunda Mandir,"XH77+HM3, चामुण्डा 21600, नेपाल",28.9640348,81.5640932,0,चामुण्डा, hindu_temple
5341,"Ghorahi Baptist Church, Dang","3F2R+32H, घोराही 22400, नेपाल",28.0502967,82.4910995,0,घोराही, church
5342,Mahak fish aquarium shop,"highway lumbani road, Fire service, नेपाल",27.9207402,82.7347142,5,Fire service, aquarium
5343,Dangi Mandir,"39Q9+9W4, बिजौरी 22412, नेपाल",28.0883948,82.3698341,4,बिजौरी, hindu_temple
5344,Bhakti Thapa Park (भक्ति थापा पार्क ),"VGG7+FH5, लमही 22414, नेपाल",27.8761251,82.5139972,5,लमही, park
5345,Art writes,"घोराही 22400, नेपाल",28.0451294,82.4836972,1,नेपाल, art_gallery
5346,The art of living dang,"2FWQ+9Q9, घोराही 22400, नेपाल",28.0459173,82.4894993,0,घोराही, art_gallery
5347,Subedi Mandir,"RPPV+6MM, लालमटिया 22404, नेपाल",27.8356097,82.74417,3.7,लालमटिया, hindu_temple
5348,गणेश मन्दिर,"MC88+XJX, अरनिको राजमार्ग, भक्तपुर 44800, नेपाल",27.6674899,85.4166082,4.7,अरनिको राजमार्ग, hindu_temple
5349,Trek Me Nepal Pvt. Ltd.,"Baneshwor Chowk, काठमाडौँ 44600, नेपाल",27.6914258,85.3371961,4.9,काठमाडौँ, trek
5350,Bijay sakriya A.G church purbahapure,"54JV+Q2, पुरनधारा 22400, नेपाल",28.1819269,82.1425129,5,पुरनधारा, church
5351,Refreshing zone baulakhola,"44VM+C6M, Charakmatiya Chhaupaari Belvaar Baato, पञ्चकुले 22412, नेपाल",28.1435859,82.1330541,0,Charakmatiya Chhaupaari Belvaar Baato, trek
5352,Dharchula camping and trekking store,"near, इंडिया - नेपाल मार्ग, धारचूला, उत्तराखंड 262545, भारत",29.8480611,80.5420227,5,इंडिया - नेपाल मार्ग, trek
5353,Aquarium paradize,"P854+GJ7, काठमाडौँ 44600, नेपाल",27.7087893,85.3065349,4.6,काठमाडौँ, aquarium
5354,सिद्ध टोपी हिकिला,"VJVR+FJ2, हिकीला 10100, नेपाल",29.8936276,80.6415246,4.5,हिकीला, monument
5355,DDLG,"PFF8+2V, शङ्खरापुर 44600, नेपाल",27.722506,85.467182,0,शङ्खरापुर, hike
5356,Jayapur darchula जयपुर लटिनाथ मन्दिर,"MFR8+4FC, टकना 10100, नेपाल",29.6903045,80.4661286,5,टकना, hindu_temple
5357,Changathali Sachittananda Aasramचाङ्गगाथली सचित्तनान्द आश्रम,"Changathali Rd 7, महालक्ष्मी, नेपाल",27.6567128,85.36965,0,महालक्ष्मी, hindu_temple
5358,The Himalayan Rabbit Farm,"Dhunibeshi, 09, नेपाल",27.7217803,85.1891939,4.6,9, zoo
5359,B&D Aquarium store and aquatic center,"P62H+6WJ, काठमाडौँ 44600, नेपाल",27.7005855,85.229762,0,काठमाडौँ, aquarium
5360,Seti-Devistan Temple,"Pasangkhel, Naubise-8, नौबिसे, नेपाल",27.7009328,85.1611729,4.7,Naubise-8, hindu_temple
5361,Rebecca Aiden Picnic Spot,"Ramkot, Nagarjun 7, Kathmandu 44600, नेपाल",27.7202472,85.2337585,0,Nagarjun, picnic
5362,santy animal farm,"Galchhi-3,chhatintar,dhading, 45100, नेपाल",27.8206555,84.9287464,5,chhatintar, zoo
5363,Chandra Arts & Shilalekh,"Nilkantha-8 Bagaicha, निलकण्ठ 45100, नेपाल",27.9110582,84.8787354,5,निलकण्ठ, art_gallery
5364,भञ्ज्याङ,"VW3F+QW, निलकण्ठ 45100, नेपाल",27.8544524,84.9248404,0,निलकण्ठ, trek
5365,Jara Gallery Dhading (gift house),"निलकण्ठ 45100, नेपाल",27.9113097,84.8897018,0,नेपाल, art_gallery
5366,Kantrang,"33V9+7J6, झार्लाङ्ग 45100, नेपाल",28.0931701,85.0690292,5,झार्लाङ्ग, trek
5367,Gumdi Besi,"2XV8+HVC suspension bridge, दर्ख 45100, नेपाल",28.0439494,84.9671399,0,दर्ख, park
5368,Dikchaur,"R3P2+32, दुइपिपल 44900, नेपाल",27.8351825,85.0500148,3.5,दुइपिपल, picnic
5369,छि भन्ज्याङ Chhi Bhanjyang,"Q24C+WXX, थाक्रे 45100, नेपाल",27.7573608,85.0224926,5,थाक्रे, hike
5370,Emmanuel Kripa Church,"Q329+RPJ, पृथ्वी राजमार्ग, थाक्रे 45100, नेपाल",27.7534434,85.0692758,3,पृथ्वी राजमार्ग, church
5371,Narayan Mandir मन्दिर,"WV8V+7H2, Unnamed Road, निलकण्ठ 45100, नेपाल",27.915657,84.8938728,0,Unnamed Road, hindu_temple
5372,Raatmaate Chautari,"RQ76+3P, बेनिघाट, नेपाल",27.8127393,84.7618543,5,बेनिघाट, park
5373,फाइव ग्रुप डिल चोक,"JJ7M+5HJ, 4-Group Rd, भण्डारा 44202, नेपाल",27.6129782,84.6338906,5,4-Group Rd, museum
5374,"Shree Kalika Temple, Gajuri-07, Dadagaun","QW7F+VW, किरानचोक 45100, नेपाल",27.7647105,84.9248542,5,किरानचोक, hindu_temple
5375,त्रिपुरा सुन्दरी मन्दिर,"M8H4+3XV, ललितपुर 44700, नेपाल",27.6777231,85.3074371,4.4,ललितपुर, historic_site
5376,सिचेत पोखरी,"428X+WHQ, झार्लाङ्ग 45100, नेपाल",28.1169594,85.0504506,0,झार्लाङ्ग, park
5377,"Pangsang Vanjyang, Ruby Valley","557C+4MF, 45100, नेपाल",28.1628036,85.1716654,4.5,45100, monument
5378,Fins and fur,"रत्न रोड 11, धरान 56700, नेपाल",26.8128452,87.2865178,4.8,धरान, aquarium
5379,jitpur Bapts church,"4879+H74, Mahalaxmi Municipality 56800, नेपाल",27.1139051,87.3181988,0,Mahalaxmi, church
5380,महालक्ष्मी मन्दिर,"श्री महालक्ष्मी मन्दिर, Mahalaxmi Marga, भक्तपुर 44800, नेपाल",27.6757344,85.4331444,3.9,Mahalaxmi Marga, hindu_temple
5381,Park Zone Hile,"28M7+HCG, धनकुटा 56806, नेपाल",27.0337544,87.3138163,0,धनकुटा, park
5382,चोत्लुङ पार्क बसन्तपुर तेह्रथुम,"4CH5+HHH, 57500, नेपाल",27.1289317,87.4089807,4.8,57500, museum
5383,Hile Picnic Spot,"28R9+6F, धनकुटा 56806, नेपाल",27.0405253,87.3186919,0,धनकुटा, picnic
5384,Gajar Park,"29C3+F4C, धनकुटा 56800, नेपाल",27.0209165,87.3522386,0,धनकुटा, park
5385,"Soloman church,Chaubise-2,Tallo Todke","WG37+FJ6, 56800, नेपाल",26.9036657,87.5140305,5,56800, church
5386,Rai Tol,"V6JM+Q5, आहाले 56800, नेपाल",26.8818936,87.232999,5,आहाले, trek
5387,नुरी जामे मस्जिद,"जनकपुर 45600, नेपाल",26.715806,85.906086,4.7,नेपाल, mosque
5388,"पाेखरिया ताल, ढल्केवर","XX59+HRR, Unnamed Road, मिथिला 45600, नेपाल",26.9589997,85.9695236,4.4,Unnamed Road, park
5389,Dhalkebar Mashiha Church,"WXH7+X5X, महेन्द्र राजमार्ग, मिथिला 45600, नेपाल",26.9299781,85.9629835,5,महेन्द्र राजमार्ग, church
5390,Mahajan pokhari,"QW8M+MPX, जनकपुर 45600, नेपाल",26.7667495,85.9343679,0,जनकपुर, picnic
5391,नगराइन,"नगराइन, नेपाल",26.626935,85.9355043,,नेपाल, historic_site
5392,Laxminya Dam (bandh),"MW45+9HV, फुलगामा 45600, नेपाल",26.6559907,85.9089188,5,फुलगामा, trek
5393,Nagai Dhunga,"JGC5+PRX, बनेपा, नेपाल",27.6218596,85.5096187,5,बनेपा, hike
5394,Ram Janaki Mandir,"R32Q+5GF, सबैला 45600, नेपाल",26.8004309,86.0887812,4.7,सबैला, hindu_temple
5395,Lukuwa dada लुकुवा डाँडा,"GGQX+H2F, Balthali Resort Road, बल्थली 45200, नेपाल",27.5389463,85.5475424,3,Balthali Resort Road, hike
5396,YADAV FAMILY,"PWFW+R39, जनकपुर 45600, नेपाल",26.7245404,85.9452191,0,जनकपुर, hike
5397,Hanwa deurali (Kirat Sunuwar Cultural Museum ),"Hanwa Rd, हावा 45500, नेपाल",27.5623558,86.1791827,0,हावा, museum
5398,घ्याङ डाडा,"Q23V+37R, Kuri Village, नेपाल",27.7527294,86.0431483,5,Kuri Village, hike
5399,Gaurishankar temple dhadkhola गौरीशंकर मन्दिर टोखा ०१,"Tokha Road 1, काठमाडौँ 44600, नेपाल",27.7927692,85.3317344,5,काठमाडौँ, hindu_temple
5400,Hathi chahara,"M28W+MC6, भिमेश्वर नगरपालिका 45500, नेपाल",27.6668734,86.0460985,0,भिमेश्वर, amusement_park
5401,Sailung Mangau,"H2F2+W3R, शैलुङेश्वोर 45500, नेपाल",27.5748726,86.0001446,5,शैलुङेश्वोर, church
5402,Chor Sanghu,"G4VH+QW8, च्यामा 45500, नेपाल",27.5444046,86.1298286,0,च्यामा, trek
5403,Nuwakot picnic place,"PFH3+6MP, Unnamed Road, दोभान 32907, नेपाल",27.7280834,83.4541896,4,Unnamed Road, picnic
5404,Rajarani Ralli,"2R92+2F3, त्रिपुराकोट 21400, नेपाल",29.0175122,82.8011615,0,त्रिपुराकोट, museum
5405,Galli masta,"2RH3+8F2, त्रिपुराकोट 21400, नेपाल",29.028273,82.803652,5,त्रिपुराकोट, tourist_attraction
5406,"Tripurasundari Municipality, Dolpa","2Q9R+GH9, त्रिपुराकोट 21400, नेपाल",29.0187683,82.7910943,4.3,त्रिपुराकोट, picnic
5407,Chaku Christiya Mandali,"VWM6+6J, Chaku, नेपाल",27.8831089,85.9115275,4.7,Chaku, church
5408,जाङ्गला भञ्ज्याङ,"RWHH+25H, रन्मामैकोट 21400, नेपाल",28.8275576,82.9279808,5,रन्मामैकोट, park
5409,Upper Dolpo Trek,"Dolpo, मुकोट 10250, नेपाल",28.8329663,83.2936231,4,मुकोट, trek
5410,दिप कुन्ड,"QXQR+RP, रन्मामैकोट 22000, नेपाल",28.7895565,82.9918639,0,रन्मामैकोट, hike
5411,nabin,"8QFF+PCF, 10800, नेपाल",29.3243232,80.7735413,0,10800, park
5412,Purbichauki Rural Municipality,"सिलगढी-साँफेबगर राजमार्ग, सानागाउँ 10800, नेपाल",29.2722911,81.0616524,3.5,सानागाउँ, mosque
5413,कुन्टा डम्मो,"R84M+MH बसन्ते खोला पुल, बिद्यापुर 21700, नेपाल",28.8064038,81.3339104,0,बिद्यापुर, aquarium
5414,श्री भवानी मन्दिर ।,"9259+337, दौद 10800, नेपाल",29.3576521,81.0176589,5,दौद, hindu_temple
5415,Kothbada,"73RW+2R, काडामाण्डौ 10800, नेपाल",29.2900392,81.0970036,0,काडामाण्डौ, hike
5416,small aqua,"dhapsi tokha, काठमाडौँ, नेपाल",27.7509692,85.335862,4.8,काठमाडौँ, aquarium
5417,Siuchakwo Dyo (इन्द्रायणी) 𑐳𑑂𑐫𑐹𑐔𑐵𑐎𑑂𑐰 𑐡𑑂𑐫𑑅,"M9HM+6V3, Unnamed Road, मध्यपुर थिमि 44600, नेपाल",27.6779954,85.3847291,5,Unnamed Road, hindu_temple
5418,Ashish Church,"Samakhusi Marg Chowk, काठमाडौँ 44600, नेपाल",27.7299923,85.3163771,5,काठमाडौँ, church
5419,डाँडा टोल,"MV9X+X2M, डाँडाखर्क 44100, नेपाल",27.6699609,84.8975547,4,डाँडाखर्क, tourist_attraction
5420,Ido homestayyy,"VG3R+G23, मेलम्ची तालामाराङ सडक, मेलम्ची, नेपाल",27.8537552,85.5400544,5,मेलम्ची तालामाराङ सडक, hike
5421,के.आई.सिं.,"के.आई.सिं., नेपाल",29.1858524,80.9956787,,नेपाल, tourist_attraction
5422,केआई सिंह गाउँपालिका कार्यालय,"KI Singh 04, 10800, 10800, नेपाल",29.1615886,80.9596328,4.2,10800, tourist_attraction
5423,"Pakari Gau, Silgadhi , Doti, Far-western region , Nepal","6XRV+C33, Silgadhi-Sanfebagar Hwy, दिपायल सिलगढी 10800, नेपाल",29.2410231,80.9926706,3.2,Silgadhi-Sanfebagar Hwy, tourist_attraction
5424,Doti,"Doti, दिपायल सिलगढी 10800, नेपाल",29.266667,80.983333,,दिपायल, tourist_attraction
5425,पञ्चमुखी पधनिया ताल,"QJ7F+JQW, अत्तरीया 10900, नेपाल",28.7641103,80.6244425,0,अत्तरीया, aquarium
5426,Saipal Aquarium Shop,"RH52+V2J, अत्तरीया 10900, नेपाल",28.8097298,80.550002,5,अत्तरीया, aquarium
5427,ट्रेकिङ गाइड टोली साहसिक प्रा लिमिटेड,"नरसिंह चोक मार्ग, काठमाडौँ 44600, नेपाल",27.7135933,85.3113309,5,काठमाडौँ, trek
5428,Gairigadh suspension bridge,"6W28+4F, दिपायल सिलगढी 10800, नेपाल",29.2003096,80.9162274,0,दिपायल, hike
5429,"सेती-कर्णाली दोभान,बेनिघाट","Bogtan RM, नेपाल",28.9661494,81.1038218,3.3,नेपाल, park
5430,Bishnughaat tole,"M9RQ+P28, Bode school to sanotar, मध्यपुर थिमि 44600, नेपाल",27.6917892,85.3875738,5,Bode school to sanotar, monument
5431,Gandaki manasulu nursery forest and Animal farm,"XJMG+JVP, गोरखा 34000, नेपाल",27.9841,84.6271934,0,गोरखा, zoo
5432,Gorkha International Travels & Treks,"ठमेल भगवती मार्ग, काठमाडौँ 44600, नेपाल",27.7161347,85.3109024,4.8,काठमाडौँ, trek
5434,Gorkha Tourism,"गोरखा 34000, नेपाल",27.9841839,84.6269824,0,नेपाल, tourist_attraction
5435,Palungtar Municipal Temple,"3F2Q+97P, Road, पालुङटार, नेपाल",28.0509649,84.4882024,0,Road, hindu_temple
5436,Shyauli Church (Mahatar),"3J2R+FRJ, दरौंदी सडक, श्रीनाथकोट 34000, नेपाल",28.051223,84.6420177,3.5,दरौंदी सडक, church
5437,Syalkhola Dhara स्यालखोला,"4G3J+2FM, 33600, नेपाल",28.1025767,84.5311583,0,33600, amusement_park
5438,चाप चाैतारा,"XJJ9+RWC, गोरखा 34000, नेपाल",27.9820603,84.6197657,0,गोरखा, museum
5439,VC गजे घले सामुदायक संग्राहलय,"6P3V+3WV, नेपाल",28.2027291,84.7448002,0,नेपाल, museum
5440,Amrit Art Gallery,"JH7M+53Q, महेन्द्र राजमार्ग, खैरहानी 44202, नेपाल",27.6129626,84.582726,3.5,महेन्द्र राजमार्ग, art_gallery
5441,Kasyap gotriya adhikari ajirkot lapsibot lamidada kul mandir,"हंसपुर, नेपाल",28.1864329,84.6418604,4.5,नेपाल, hindu_temple
5442,Sirandanda picnic area,"5MF9+VJ3, नेपाल",28.1746498,84.6690471,0,नेपाल, picnic
5443,Anugraha church,"RP4F+V34, घ्याल्चोक, नेपाल",27.8071524,84.7227307,0,घ्याल्चोक, church
5444,Gandaki Village Trekking and Travel | Trekking in Nepal,"kathmandu, Paknajol Marg-16, Kathmandu | Hotel Dream City post-Box Karibote -16, काठमाडौँ 23437, नेपाल",27.7129772,85.3085081,5,Paknajol Marg-16, trek
5445,शिव मन्दिर पार्क,"2PRH+C2M, मसेल, नेपाल",28.0409997,84.7276927,0,मसेल, park
5446,तोरिवारि पातल बेलडाडा,"road, गोरखा, नेपाल",28.0386164,84.7649568,0,गोरखा, museum
5447,"Bhimsen Thapa Borlang Smriti Park, Borlang, Bhimsenthapa Rural Municipality, Gorkha","XPRX+JM, बोर्लांग, नेपाल",27.9915833,84.7491353,3.3,बोर्लांग, monument
5448,Tinmane museum,"WJHR+G4Q, Taklung - Rainas Rd, टक्लुङ्, नेपाल",27.9288285,84.6403496,0,Taklung - Rainas Rd, museum
5449,Himalayan Arughat Bagaicha Church,"3R27+CXM, नेपाल",28.0511038,84.8147576,5,नेपाल, church
5450,"सेराङ गुम्बा,चुम","HV2V+CF9, बिहि, नेपाल",28.5510361,84.8937258,4.5,बिहि, monument
5451,Jeovaah nissi prayer house,"3G9Q+VHM, Kudapani Tamghas Rd, रेसुङ्गा 32600, नेपाल",28.0697253,83.5389979,5,Kudapani Tamghas Rd, church
5452,मगरगाऊँ गब्दे,"3GM3+J5, ग्वाधा 32600, नेपाल",28.0841248,83.5029364,2.5,ग्वाधा, trek
5453,गुल्मी दरबार,"गुल्मी दरबार, 32600, नेपाल",28.0213277,83.3226827,,32600, historic_site
5454,Bharse church,"3CFM+58, भार्से 32600, नेपाल",28.0729731,83.4333009,3.5,भार्से, church
5455,चन्द्रकोट,"चन्द्रकोट, नेपाल",28.1092552,83.4157635,,नेपाल, historic_site
5456,कुवँरको चौपारी,"X72F+XJ8, बुटवल-देवदह मार्ग to, चिडिका 32700, नेपाल",27.952171,83.274376,4.3,बुटवल-देवदह मार्ग to, park
5457,Gol Pokhari,"452C+RR5, जैसीथोक 32600, नेपाल",28.1020115,83.1721189,3,जैसीथोक, park
5458,पूर्नेको जङ्गल,"44FC+WP, धुर्कोट राजस्थाल 32600, नेपाल",28.1255098,83.1218589,0,धुर्कोट, hike
5459,Malika Temple,"53X8+XHW, 32600, नेपाल",28.199993,83.066444,5,32600, hindu_temple
5460,अर्किसे टाेल,"64J8+965 गा.पा 4, 32600, नेपाल",28.2308994,83.1156066,0,32600, trek
5461,रलिङ गुम्बा,"XWP4+MC4, Bargaun 21000, नेपाल",29.9866375,81.9060781,5,Bargaun, mosque
5462,Chaugan Phaya,"2X43+399, ठेहे 21000, नेपाल",30.0051731,81.9534815,5,ठेहे, hindu_temple
5463,Neem Trekking,"Mhepi Janamarga 191, काठमाडौँ 44600, नेपाल",27.7260758,85.3091852,5,काठमाडौँ, trek
5464,Bogati Mastamandu Temple,"way Jogibada, Lampata, नेपाल",29.6545845,81.8646097,4.4,Lampata, hindu_temple
5465,Narayangarh Church of Christ,"MCWP+P47, Rameshwor Marga, kha 44207, नेपाल",27.6967663,84.4352719,4,Rameshwor Marga, church
5466,Goldhunga church of Christ,"Q75P+W3C, तारकेश्वर 44600, नेपाल",27.759718,85.2851618,0,तारकेश्वर, church
5467,Koinonia dhapakhel church,"J8PH+F27, ललितपुर 44700, नेपाल",27.6361348,85.3274501,5,ललितपुर, church
5468,Kharpunath sewa Pvt.Ltd (Kharpunath Travels & Tour ),"काठमाडौँ 44600, नेपाल",27.6938494,85.2835132,0,नेपाल, historic_site
5469,Chunikhel Gamcha Church,"Q969+364, बुढानीलकण्ठ 44600, नेपाल",27.7601319,85.3680762,4.8,बुढानीलकण्ठ, church
5470,Humla tanjakot,"JQP2+JQ6, मैला 21000, नेपाल",29.6365278,81.7519054,0,मैला, aquarium
5471,गजुरमुखी धाम,"VQWG+VCH, गजुरमुखी 57300, नेपाल",26.8971954,87.7760947,4.6,गजुरमुखी, hindu_temple
5472,Beautiful Tea Garden,"VRPG+C4, जितपुर 57300, नेपाल",26.8861023,87.8253159,5,जितपुर, picnic
5473,kirat Mangkhim किरात माङ्खिम,"W493+2WR, सूर्योदय 57303, नेपाल",26.9176039,88.1047693,4.2,सूर्योदय, museum
5474,"पाथीभरा मन्दिर, इलाम","R3GG+C7G, मेची राजमार्ग, कोल्बुङ 57300, नेपाल",26.8261717,88.0756665,4.7,मेची राजमार्ग, hindu_temple
5475,7thist Church,"WW6P+2G, ईलाम 57300, नेपाल",26.9085738,87.9361783,0,ईलाम, church
5476,Overland Trek Nepal Pvt. Ltd.| Best Trekking Company of Nepal| Manaslu Trek | Everest Trek,"Before Rest up Kathmandu Hostel, Overland Trek Nepal, पकनाजोल मार्ग 16, काठमाडौँ 44600, नेपाल",27.7137559,85.3083155,5,Overland Trek Nepal, trek
5477,साचे दोभान पर्यटन क्षेत्र चुलाचुली ४ इलाम(chula chuli 4),"चुलाचुली ४, चुलाचुली 4, नेपाल",26.716431,87.7301374,0,चुलाचुली, park
5478,दुर्गा मन्दिर,"MQM5+4QG, CH03, चुलाचुली 57200, नेपाल",26.6828431,87.7593926,4.7,CH03, hindu_temple
5479,डाडाघरे माईलाकाे घर,"WQRP+F45 phakphokthum-7, ईलाम 57300, नेपाल",26.9411323,87.7853738,0,ईलाम, tourist_attraction
5480,माईजोगमाई गाउँपालिका,"X23C+G4G, नयाँ बजार 57300, नेपाल",26.9538182,88.0203227,4.8,नयाँ, mosque
5481,बट्टाउरी पीपल रूख(baluwatar),"M677+9F5, कोटजहारी 22000, नेपाल",28.6633796,82.2137387,0,कोटजहारी, park
5482,Chhedagad Municipality Office,"P2GH+WHF, दसेरा 21500, नेपाल",28.7273314,82.0288989,3.7,दसेरा, mosque
5483,Jiwan Jyoti AG church,"VW2M+CX7, दह 21500, नेपाल",28.8510125,81.9349215,3,दह, church
5484,"Dhada Gauu Masta Than (Temple) village ,Jajarkot","RWVG+262, दह 21500, नेपाल",28.8425131,81.9255249,4,दह, hindu_temple
5485,Junichande,"WW2P+QMX, दह 21500, नेपाल",28.9019781,81.9367369,1,दह, monument
5486,Jen Art,"RMQ2+R5H, सिसहनिया 22400, नेपाल",27.8395541,82.6504739,0,सिसहनिया, art_gallery
5487,A.L Aquarium and sounds,"भक्तपुर 44800, नेपाल",27.6764409,85.4298154,4,नेपाल, aquarium
5488,Amdangi FWB Church,"M5X5+RC4, मेचीनगर 57200, नेपाल",26.6995216,88.1585844,0,मेचीनगर, church
5489,Dhulabari Chowk,"धुलाबारी रोड, मेचीनगर 57207, नेपाल",26.6597928,88.1005783,4.2,मेचीनगर, historic_site
5490,New Life Fellowship Church,"MX2P+2X9, बिर्तामोड 57204, नेपाल",26.6501017,87.9875109,4.5,बिर्तामोड, church
5491,Birtamod बिर्तामोड,"JXVR+6Q3, बिर्तामोड 57204, नेपाल",26.6430125,87.9919219,4,बिर्तामोड, historic_site
5492,"Barpeepal , (lovetree), birtamode,jhapa","barpepal toal, birtamod -1, बिर्तामोड 57204, नेपाल",26.6293058,87.9824758,3.6,birtamod -1, picnic
5493,Shubha Laxmi tole,"JX8R+RH6, बिर्तामोड 57204, नेपाल",26.6170369,87.9913761,0,बिर्तामोड, hike
5494,Ansari nivas,"Damak 9, दमक 57217, नेपाल",26.6579375,87.7016761,0,दमक, mosque
5495,Aarati Photo Studio & Art,"दमक 57217, नेपाल",26.6591986,87.6994196,5,नेपाल, art_gallery
5496,Rabi stand Gate,"MPF3+5MF, दमक 57217, नेपाल",26.6729414,87.7041806,4.4,दमक, historic_site
5497,Church,"MV2G+R5X, कन्काई 57200, नेपाल",26.6521449,87.875497,3,कन्काई, church
5498,Chitrashala Gallery Flex Printing,"Megha tole road, भद्रपुर 57200, नेपाल",26.5672869,88.0682157,5,भद्रपुर, art_gallery
5499,Welcome Gate of Arjundhara Municipality,"MX3V+FQC, शनिश्चरे रोड, बिर्तामोड 57204, नेपाल",26.6536803,87.9943993,1,शनिश्चरे रोड, historic_site
5500,Jharna waterfall,"MRFP+MXX, माहामाई 57300, नेपाल",26.6742315,87.8374988,3.8,माहामाई, hike
5501,शिव स्मारक,"JRQR+M7R, Unnamed Road, शिवसताक्षी 57200, नेपाल",26.6392452,87.8406289,4.5,Unnamed Road, monument
5502,"Gauradaha Bazar, गौरादह बजार","HP79+PFQ, Gauradaha Bazar Road, गौरादह 57200, नेपाल",26.5642668,87.7188569,4.5,Gauradaha Bazar Road, historic_site
5503,डाडा टोल,"JJ9V+9H8, उर्लाबारी ९, नेपाल",26.618402,87.6439419,2,उर्लाबारी ९, picnic
5504,Kripa Bible Church,"M38C+CQ7, धाइजन, नेपाल",26.666028,88.0719353,5,धाइजन, church
5505,Country Oasis Trekking Agency & Village Resort,"Charpane to Rajgad Road, Barahdashi 57209, नेपाल",26.5512883,87.9416444,4.8,Barahdashi, trek
5506,केटाकेटी चाेक,"9232+6HF, नराकोट 21200, नेपाल",29.353075,82.001408,5,नराकोट, park
5507,"Sinja Valley Lodge, Narakot","8XGJ+HR4, शनीगाऊँ 21200, नेपाल",29.3263848,81.9820635,3.7,शनीगाऊँ, park
5508,"Susamachar Mandali, Chiudee","6WJJ+HH5, कालिकाखेतु 21200, नेपाल",29.2313782,81.9314945,1,कालिकाखेतु, church
5509,Hariyali Park,"JCQX+296, तिलोत्तमा, नेपाल",27.6375482,83.4483993,4.1,तिलोत्तमा, park
5510,Gothpani,"CVWR+QC, राकाथुम 45400, नेपाल",27.4469769,85.8910345,5,राकाथुम, hike
5511,Dhangadhi Chowk,"MJX2+RG4, धनगढी 10900, नेपाल",28.6995803,80.6015185,4,धनगढी, tourist_attraction
5512,TAULAHA GARDEN (तौलाह गार्डेन),"MJR2+6RH, धनगढी 10900, नेपाल",28.6917216,80.6034981,3.3,धनगढी, picnic
5513,Gramin Maihla Tatha Bal Bikash Center,"J4MG+RMW, लम्की चुहा 10901, नेपाल",28.6346059,81.1267089,5,लम्की, museum
5514,हरियाली सामुदायिक वन,"PX74+Q5, घोडाघोडी 10900, नेपाल",28.714476,80.9553876,0,घोडाघोडी, park
5515,Ghodighodi,"JXH8+32R, घोडाघोडी 10900, नेपाल",28.627729,80.9650023,3,घोडाघोडी, tourist_attraction
5516,बिश्राम चौतारी dabblapul bazar Godchaura,"F2R8+C2J, थापापुर 10901, नेपाल",28.4910775,81.0150176,5,थापापुर, hike
5517,मुक्तेश्वर आर्य घाट,"J957+G2X, Satdobato-Godavari Rd, गोदावरी 44709, नेपाल",27.6088733,85.3626101,5,Satdobato-Godavari Rd, hindu_temple
5518,चौमाला,"चौमाला 10900, नेपाल",28.7669539,80.7546952,,नेपाल, tourist_attraction
5519,Dev Aquarium,"H02, चन्द्रागिरी 44600, नेपाल",27.6870579,85.2663422,4.5,चन्द्रागिरी, aquarium
5520,Malika,"PXGX+GH, घोडाघोडी 10900, नेपाल",28.8001713,81.0272934,0,घोडाघोडी, hike
5521,Sunpal waterfall,"RWR2+JM, मोहन्याल 10900, नेपाल",28.8415342,80.9016651,4.4,मोहन्याल, trek
5522,"Hanuman Mandir , Godawori , Kailali","H14, 10900, नेपाल",28.870904,80.57223,4.4,10900, monument
5523,श्री संकट हरण हनुमान मन्दिर आश्रम,"H278+JG8, जोशीपुर 10901, नेपाल",28.5640368,81.016338,3,जोशीपुर, hindu_temple
5524,"Tandi Mandir, Manma, Kalikot","4JP7+VFR, मान्मा 21300, नेपाल",29.1372147,81.6136904,5,मान्मा, hindu_temple
5525,Sipti lekh सिप्टी लेख,"7J9X+C4, सिउना 21300, नेपाल",29.2685089,81.647814,5,सिउना, park
5526,Pili,"4JGJ+QFM, मान्मा 21300, नेपाल",29.1269555,81.6311589,4.3,मान्मा, monument
5527,Tulchha memorial stationery,"FG2Q+338, बडीमालिका 10600, नेपाल",29.4501528,81.5377013,0,बडीमालिका, monument
5528,पुगेली माई मन्दिर,"6R95+748, रामनाकोट 21300, नेपाल",29.2181622,81.8078201,4.7,रामनाकोट, hindu_temple
5529,Palata Rural Municipality,"6P5M+GXW, रामनाकोट 21300, नेपाल",29.2088617,81.734942,4.3,रामनाकोट, historic_site
5530,भम्केनी धाम -Bhamkeni Dham,"25PF+33W, भीमदत्त 10400, नेपाल",29.0352293,80.1726965,4.6,भीमदत्त, hindu_temple
5531,बेदकोट ताल,"Bedkot Lake, दैजी 10400, नेपाल",29.0233624,80.3199905,4.7,दैजी, monument
5532,BALIDAN A.G CHURCH,"church road, Belauri Road 10, बेलौरी 10400, नेपाल",28.7146079,80.3028364,4.6,Belauri, church
5533,अनन्त मण्डली,"Krishnapur-4, नेपाल",28.9052475,80.4660256,0,नेपाल, church
5534,श्री बैजनाथ मन्दिर बाणी,"कृष्णपुर 10400, नेपाल",28.8500966,80.4212258,4.8,नेपाल, hindu_temple
5535,Haludey talogadho baitadi toll,"WGQR+M7, कृष्णपुर 10900, नेपाल",28.9391461,80.5406354,0,कृष्णपुर, picnic
5536,Hebron Church,"W4VJ+QVH, भीमदत्त 10400, नेपाल",28.9444327,80.1322543,0,भीमदत्त, church
5537,Maranatha A.G. Church,"VC28+87X, कृष्णपुर 10400, नेपाल",28.8508403,80.4157625,5,कृष्णपुर, church
5538,Mama chok,"RGJ7+6FH Pabitra Basti, कृष्णपुर 10900, नेपाल",28.8305738,80.5137368,0,कृष्णपुर, trek
5539,बेलडाँडी गाउँपालिका कार्यालय,"Q7H9+X6H, बेलडन्डी 10400, नेपाल",28.7799511,80.2681284,3.2,बेलडन्डी, trek
5540,Bodgaun,"Banganga, 8, नेपाल",27.6850491,83.1434573,4,8, monument
5541,Satbara nepal,"HX6C+222, महाराजगंज 32800, नेपाल",27.56,82.97,5,महाराजगंज, park
5542,Himalayan Trekking Path Pvt.Ltd.,"काठमाडौँ 44600, नेपाल",27.7349606,85.2900781,5,नेपाल, trek
5543,बुद्धवाटीका,"बुद्धवाटीका, नेपाल",27.7252988,83.0146526,,नेपाल, tourist_attraction
5544,Sagrahawa,"J37Q+6G9, कपिलवस्तु 32800, नेपाल",27.6130267,83.08886,4.2,कपिलवस्तु, monument
5545,Kanakmuni Buddha Park,"H4R4+34, कपिलवस्तु 32800, नेपाल",27.5901994,83.1053578,0,कपिलवस्तु, park
5546,अभिराव मस्जिद २,"F4XX+8JV, कपिलवस्तु 32800, नेपाल",27.4983632,83.1490444,4.2,कपिलवस्तु, mosque
5547,Pokhara Picnic Spot,"5X96+XHQ, पोखरा, नेपाल",28.1699693,83.9614983,5,पोखरा, picnic
5548,Great Machhapuchhre Trail (GMT),"माछापुच्छ्रे 33700, नेपाल",28.3858664,83.9342916,4.4,नेपाल, hike
5549,Ethnic mission church,"5WRX+6P6, Chhorepatan, Pokhara, simaltuda 17, नेपाल",28.1905357,83.9492679,5,Chhorepatan, church
5550,Pachabhaiya Zoological Park/Wildlife rescue center ENTRANCE,"5454+XHC, पोखरा 33700, नेपाल",28.1599478,84.1063908,5,पोखरा, zoo
5551,भुमे थान मन्दिर (तप्राङ),"8339+GWH, सिल्दुजूरे 33700, नेपाल",28.3043827,84.0691796,5,सिल्दुजूरे, hindu_temple
5552,मादी गाँउपालिकाको कार्यालय,"7442+88J, थुमाकोडाँडा 33700, नेपाल",28.2558184,84.1007941,3.8,थुमाकोडाँडा, historic_site
5553,Shalom Jyoti AG Church,"6X86+GG8, पोखरा 33700, नेपाल",28.2163494,83.9612982,4.5,पोखरा, church
5554,Rupakot Resort,"Maidan -6, Rupakot, पोखरा, नेपाल",28.1554003,84.1301573,4.3,Rupakot, picnic
5555,रुपा ताल झोलुङ्गे पुल,"5457+VH, लेखनाथ 33700, नेपाल",28.159688,84.113891,4.8,लेखनाथ, hike
5556,काष्ठमण्डप,"काठमाडौँ 44600, नेपाल",27.7039105,85.3058891,4.6,नेपाल, hindu_temple
5557,CREATING SCULPTURE,"Q986+336, बुढानीलकण्ठ 44600, नेपाल",27.7652189,85.360133,0,बुढानीलकण्ठ, museum
5558,Tokha1 malung,"Q8PH+QM2, टोखा 44600, नेपाल",27.7868977,85.3291466,0,टोखा, art_gallery
5559,तारकेश्वर महादेव मन्दिर,"तारकेश्वर 44608, नेपाल",27.7969179,85.2887089,4.4,नेपाल, tourist_attraction
5560,hawa ko ghar,"Q7FG+MJM, तारकेश्वर 44600, नेपाल",27.7742172,85.2765532,0,तारकेश्वर, mosque
5561,शान्तेश्वर महादेव प्रवेश द्वार ️/ Shantitol Entrance Gate,"P8W2+X8H, तारकेश्वर 44600, नेपाल",27.7471937,85.300684,5,तारकेश्वर, monument
5562,Fulbarigate,"P7VW+R62, तारकेश्वर 44600, नेपाल",27.744511,85.295207,3.6,तारकेश्वर, trek
5563,Trek Ways Nepal,"भगवान बहाल मार्ग 117-124, काठमाडौँ 44600, नेपाल",27.7160043,85.3123977,5,काठमाडौँ, trek
5564,Panchakanya Mandir Syuchatar,"M7XH+R7J, नागार्जुन 44600, नेपाल",27.6995924,85.278137,4.4,नागार्जुन, hindu_temple
5565,Samrakshanbid Smarak Salik Park (Conservationist Memorial Statue Park),"P69H+6GW, चन्द्रागिरी 44600, नेपाल",27.7181003,85.228837,4.1,चन्द्रागिरी, monument
5566,Masjid Ahle Hadees (Islamic Center Kalimati Kathmandu Nepal,"M7WW+C7R, काठमाडौँ 44600, नेपाल",27.6961226,85.2956263,4.4,काठमाडौँ, mosque
5567,Vision Baptist Church,"धुलिखेल मार्ग, धुलिखेल 45200, नेपाल",27.6173257,85.5553254,5,धुलिखेल, church
5568,"Devisthan,(Place of Hindhu Godess Bhagwati) Dhulikhel","JH69+5G3, धुलिखेल 45200, नेपाल",27.610384,85.5687882,4.1,धुलिखेल, hindu_temple
5569,Chapleti,"JGVX+7QW, Banepa-RabiOP Rd, रबि ओपी 45200, नेपाल",27.6432408,85.5494411,4.4,Banepa-RabiOP Rd, historic_site
5570,Kathmandu Fun Valley,"JGMH+73X, बनेपा 45210, नेपाल",27.6332252,85.5277488,2,बनेपा, amusement_park
5571,Balthali View Point,"HG5M+W98, Khopashi to Balthali, पनौती 45216, नेपाल",27.5597837,85.5334565,4.6,Khopashi to Balthali, trek
5572,हाँगेठाँटी चौतारो,"MH6R+W25, पाँचखाल 45212, नेपाल",27.6622677,85.5901168,5,पाँचखाल, park
5573,Panchkhal church,"MJ4G+W75, अरनिको राजमार्ग, पाँचखाल 45212, नेपाल",27.6572778,85.6258158,0,अरनिको राजमार्ग, church
5574,रमा भगवती मन्दिर,"MH3X+H5, पाँचखाल 45212, नेपाल",27.6545389,85.5978302,0,पाँचखाल, hindu_temple
5575,Dhandre Khola,"JMPJ+4X, पाँचखाल, नेपाल",27.6352902,85.6824173,3,पाँचखाल, hike
5576,Himalayan Namobuddha Travel & Treks,"ठमेल मार्ग 1, काठमाडौँ 44600, नेपाल",27.716072,85.3072338,4.8,काठमाडौँ, trek
5577,चिहान डाँडा,"PH26+4C6, नयाँगाउँ देउपुर 45200, नेपाल",27.7007369,85.5611318,0,नयाँगाउँ, hike
5578,Shree Panchakanya Mandir,"M97G+QRW, अनन्तलिङ्गेश्वर, नेपाल",27.6644845,85.3770982,0,अनन्तलिङ्गेश्वर, hindu_temple
5579,Magarchhap,"HPV3+H8, खरेलथोक 45200, नेपाल",27.5939375,85.7033125,0,खरेलथोक, amusement_park
5580,Vhupaleshowr Mahadev Temple,"Temal rural municipality, -1, नेपाल",27.5738843,85.7140979,0,-1, hindu_temple
5581,Thumki Picnic Spot,"Panauti-11, बल्थली 45216, नेपाल",27.560006,85.5326756,4.6,बल्थली, picnic
5582,अँधेरी गस्पेल चर्च,"C94G+JXW, बेतिनि 44100, नेपाल",27.4066023,85.3774192,5,बेतिनि, church
5583,दिक्तेल,"दिक्तेल 56200, नेपाल",27.2192868,86.7919009,,नेपाल, mosque
5584,दिक्तेल रुपाकोट मझुवागढी नगरपालिका Diktel Rupakot Majhuwagadhi Municipality Office,"6Q8V+8VF, दिक्तेल 56200, नेपाल",27.2158165,86.794667,3.7,दिक्तेल, mosque
5585,जिल्ला अदालत खोटाङ maure,"6Q6V+FGH, दिक्तेल 56200, नेपाल",27.2111555,86.7937276,3.6,दिक्तेल, mosque
5586,रुपाकोट मस्जिद,"543V+H5G, Vhirchowk-Mohoriya Rd, रुपाकोट 33700, नेपाल",28.1539361,84.1429625,4,Vhirchowk-Mohoriya Rd, mosque
5587,आचार्य कुल पूजा मन्दिर Acharya Kul Pooja Temple,"6Q9X+35J, दिक्तेल 56200, नेपाल",27.2177232,86.7978904,5,दिक्तेल, hindu_temple
5588,Khotang halesi,"5JQ9+G86, महादेवस्थान 56200, नेपाल",27.1887909,86.6182736,3.3,महादेवस्थान, tourist_attraction
5589,Hindu Temple,"4Q7X+85C, डाँडागाउँ 56200, नेपाल",27.1133202,86.7978758,5,डाँडागाउँ, hindu_temple
5590,Puma Picnic Park,"XR9X+XXP, दिप्लुङ 56200, नेपाल",26.9699592,86.8499453,5,दिप्लुङ, picnic
5591,Ashish church sitapakha,"J8XR+RCW, महालक्ष्मी 44700, नेपाल",27.6496284,85.3410598,5,महालक्ष्मी, church
5592,Bagaicha,"5 khuta Bagaicha, नेपाल",26.9826779,86.8865224,0,नेपाल, aquarium
5593,ठिङ्गन हरियो खर्क चर्च,"F7C4+7FH, प्युटार 44700, नेपाल",27.4706835,85.2562264,3,प्युटार, church
5594,Baraha Pokhari (बराह पोखरी),"8F49+763, बाहुनडाँडा 33600, नेपाल",28.3056472,84.4680544,4.5,बाहुनडाँडा, monument
5595,राष्ट्रिय वनस्पति उद्यान,"H9WJ+X5W, Satdobato-Godavari Rd, गोदावरी 44709, नेपाल",27.5974793,85.3804656,4.4,Satdobato-Godavari Rd, tourist_attraction
5596,National fishery research center,"H9XQ+V4F, Satdobato-Godavari Rd, गोदावरी 44709, नेपाल",27.5996946,85.3877837,4.5,Satdobato-Godavari Rd, museum
5597,Bubble zone 7,"गोदावरी, नेपाल",27.6123608,85.3571781,4.4,नेपाल, aquarium
5598,First view point,"H9HW+8JC, Godawari - Phulchoki Rd, गोदावरी 45200, नेपाल",27.5783216,85.3965066,4.5,Godawari - Phulchoki Rd, hike
5599,Koinonia Chapagaun Church,"J84C+WR2, सातदोबाटो-टीकाभैरब मार्ग, चापागा‌‍‍उँ 44700, नेपाल",27.6072573,85.3220159,4.3,सातदोबाटो-टीकाभैरब मार्ग, church
5600,लिम्बू संग्रहालय,"M848+QCC, Timba Sirak Factory, ललितपुर 44700, नेपाल",27.6568711,85.3160227,3.7,Timba Sirak Factory, museum
5601,ईता पुखु,"M8CF+M47, ती छुं गल्ली, ललितपुर 44600, नेपाल",27.671667,85.3228122,4,ती छुं गल्ली, historic_site
5602,Susamchar Prachar Aashish Mandali,"36MQ+5CH, समिभन्ज्यांग 33600, नेपाल",28.0829784,84.2386688,4,समिभन्ज्यांग, church
5603,श्री नाग भैरव मन्दिर,"Tandrangkot, Madhyanepal-03, नेपाल",28.1355779,84.2614055,5,Madhyanepal-03, hindu_temple
5604,Yingma Chhophel Ling Gumba,"577X+9WH, मध्यनेपाल नगरपालिका 33600, नेपाल",28.1634309,84.2998438,4.5,मध्यनेपाल, monument
5605,मध्यनेपाल,"मध्यनेपाल, नेपाल",28.1578484,84.2464982,,नेपाल, monument
5606,Pachvaiya Zoo And Wild Conservation Area,"5456+945, Unnamed Road, लेखनाथ 33700, नेपाल",28.1583918,84.1103729,3.5,Unnamed Road, zoo
5607,सुन्दरबजार,"सुन्दरबजार, 33600, नेपाल",28.1447774,84.4120243,,33600, tourist_attraction
5608,Kumaltar sundarbazar,"4CFC+JG3, सुन्दरबजार 33600, नेपाल",28.1240201,84.4213062,0,सुन्दरबजार, hindu_temple
5609,Masjid,"2FP6+4HX, डुम्रे-बेसिशहर-चामे राजमार्ग, भानु, नेपाल",28.035343,84.461976,5,डुम्रे-बेसिशहर-चामे राजमार्ग, mosque
5610,Ligligkot Picnic Spot,"3G6G+HQ4, पालुङटार, नेपाल",28.0611774,84.5263916,0,पालुङटार, picnic
5611,Naruwal Pandhero,"59RV+82C, वेसीशहर 33600, नेपाल",28.1908079,84.3925305,0,वेसीशहर, amusement_park
5612,सिउँडीबार,"79G3+JM8, सिम्पानी 33600, नेपाल",28.2765491,84.3542049,0,सिम्पानी, park
5613,Marsyandi Trout Farm,"8C52+RQ, खुदी 33600, नेपाल",28.3095538,84.4019485,5,खुदी, aquarium
5614,Mero Canvas,"सात घुम्ती मार्ग 3, काठमाडौँ 44600, नेपाल",27.715751,85.309327,4.9,काठमाडौँ, art_gallery
5615,Noccha Park,"JWFH+G5C, Road, जनकपुर 45600, नेपाल",26.6238001,85.9278993,3.2,Road, zoo
5616,Masjid e Irfani Gaushala,"WQ8J+RMP, गौशाला 45700, नेपाल",26.9171551,85.7816739,0,गौशाला, mosque
5617,"Bansato Mai Mandir [Gaushala, Mahottari]","XRHP+X92, गौशाला 45701, नेपाल",26.9798883,85.8358983,0,गौशाला, hindu_temple
5618,Gaushala Ground,"P84W+JFQ, चक्रपथ, काठमाडौँ 44600, नेपाल",27.7065966,85.3462188,4,चक्रपथ, historic_site
5619,Sangrampur Church,"RRVR+63, हातीसर्वा 45700, नेपाल",26.8432184,85.8414105,0,हातीसर्वा, church
5620,"Balawa jhulange pull,Nepal","PQRM+RWR, बलवा 45700, नेपाल",26.7421178,85.7847694,4,बलवा, tourist_attraction
5621,शिव मंदिर,"PRGV+M22, Balawa - Janakpur Rd, बदिया बन्चौरी 45700, नेपाल",26.7266373,85.842526,3.7,Balawa - Janakpur Rd, hindu_temple
5622,भँगाहा,"भँगाहा, नेपाल",26.8674431,85.8899959,,नेपाल, monument
5623,Sonam lama home town,"RGCR+WQ, मेलम्ची, नेपाल",27.8222565,85.5419547,5,मेलम्ची, park
5624,सोनामाई मन्दिर,"VRF6+9X9, सोनामाई 45700, नेपाल",26.8733993,85.8124692,4.5,सोनामाई, hindu_temple
5625,devi mandir,"MQRM+MV9, बर्दिबास-जलेश्वर राजमार्ग, कोल्हुवा बगैचा 45700, नेपाल",26.6916714,85.7847224,0,बर्दिबास-जलेश्वर राजमार्ग, hindu_temple
5626,Mangalam Gaya Devi Memorial Land,"JPXW+79Q, नैन्ही 45700, नेपाल",26.6482084,85.7460251,0,नैन्ही, monument
5627,एकडारा गाउँपालिका ‍‍‍‍वाडा-४ कार्यालय,"MP9W+28P, जलेश्वोर रोड, हलखोरी 45700, नेपाल",26.6675965,85.7458106,4,जलेश्वोर रोड, historic_site
5628,Simrik Real Nepal Treks & Expedition (P) Ltd,"Nagarjun Municipality 2, काठमाडौँ 44611, नेपाल",27.725334,85.278993,3.7,काठमाडौँ, trek
5629,Matihani clock tower,"JR6X+FHX, मटिहानी 45700, नेपाल",26.6112483,85.84898,2,मटिहानी, historic_site
5630,Mahadev mandir,"रामगोपालपुर 45700, नेपाल",26.810369,85.7866895,3.7,नेपाल, hindu_temple
5631,Bikash Pokari,"VR33+MRQ, सोनामाई 45700, नेपाल",26.8542175,85.8046144,0,सोनामाई, hike
5632,Loharpatti 3 Mahadaiya brahmasthan temple,"QV9Q+43X, महादैयातपनपुर 45700, नेपाल",26.7681574,85.888514,5,महादैयातपनपुर, hindu_temple
5633,New Daman view point,"J462+G5G, H02, थाहा 44100, नेपाल",27.6113053,85.1004651,4.3,H02, park
5634,टा:फ:(लामपाटी),"J3P9+5RR, थाहा 44100, नेपाल",27.6354798,85.0697053,0,थाहा, museum
5635,"Thaha Stamba थाहा स्तंभ सहिद पार्क, Sahid park","CXVX+2R, हेटौडा 44100, नेपाल",27.4425521,84.9995162,4,हेटौडा, historic_site
5636,गुम्बा डाँडा,"946V+VPC, हेटौडा 44100, नेपाल",27.362192,85.1441972,4.3,हेटौडा, mosque
5637,Deukot view Tower,"GRQC+FMG, Unnamed Road, मनहरि 44100, नेपाल",27.5386758,84.8216984,4.3,Unnamed Road, park
5638,Rapti Riverside,"C2PH+MV4, New Rd, हेटौडा 44100, नेपाल",27.436637,85.0297074,4,New Rd, picnic
5639,Chisapanigadhi ᤛᤣᤘᤠᤖᤥ,"H45Q+MC9, कुलेखानी - सिस्नेरी - फर्पिङ सडक, भिमफेदी 44100, नेपाल",27.5583903,85.1376475,4.3,कुलेखानी - सिस्नेरी - फर्पिङ सडक, historic_site
5640,बिष्णु कुण्ड,"MVGQ+JH5, डाँडाखर्क, नेपाल",27.6765223,84.8889756,0,डाँडाखर्क, park
5641,"Thokarkhola Waterfall Newarpani, Hetauda","FWMH+57V, हेटौडा 44100, नेपाल",27.482984,84.928165,3.7,हेटौडा, amusement_park
5642,Cauliflower & Potato Statue,"J3CM+7G6, थाहा 44100, नेपाल",27.6206728,85.0837597,4,थाहा, monument
5643,नेपाल कैलाश ट्रेकिङ प्रा। लिमिटेड,"Khusibu Sadak 16, काठमाडौँ 46600, नेपाल",27.7199869,85.3005014,4.9,काठमाडौँ, trek
5644,IMS Church Bhimphedi,"G4VC+5Q6, भिमफेदी 44100, नेपाल",27.5423246,85.122482,2,भिमफेदी, church
5645,Dhorsing Picnic Spot,"G4Q4+6QP, भिमफेदी 44100, नेपाल",27.5380934,85.1069533,0,भिमफेदी, picnic
5646,Toto Aquatics,"M65V+HGF, चन्द्रागिरी 44600, नेपाल",27.6589289,85.2437841,0,चन्द्रागिरी, aquarium
5647,चामे,"चामे, 33500, नेपाल",28.5515678,84.2425533,,33500, historic_site
5648,Royal Mountain Hotel and Restaurant,"G7RW+WP3, तानचोक 33500, नेपाल",28.5422639,84.2967802,4.8,तानचोक, trek
5649,माँचपानी बनभोज क्षेत्र,"4X2P+GVJ, प्यूठान 22300, नेपाल",28.101336,82.9871308,5,प्यूठान, picnic
5650,Dristi,"M28G+86F, मनाङ गाविस 33500, नेपाल",28.6658169,84.0255544,5,मनाङ, tourist_attraction
5651,Temple de Nar,"M5JX+8HF, नर 33500, नेपाल",28.6808025,84.1989367,4.4,नर, hindu_temple
5652,Namaste Manang,"Manjushree marga, काठमाडौँ 44600, नेपाल",27.714319,85.2841075,5,काठमाडौँ, trek
5653,त्रिमूर्ति चोक,"F789+79R, त्रिमुर्ती पथ, विराटनगर 56613, नेपाल",26.4698809,87.2694713,3.9,त्रिमुर्ती पथ, monument
5654,Haraincha Chowk,"J95C+V5W, F062, वनिगामा 56600, नेपाल",26.6097287,87.3704645,4,F062, historic_site
5655,"Sundarharaincha-4, Charaigoha","J7WV+V9Q, सुन्दर दुलारी 56705, नेपाल",26.647201,87.2934778,0,सुन्दर, historic_site
5656,Tree House,"MH73+2R, पथरी शनिश्चरे 56600, नेपाल",26.6625788,87.5545484,3.9,पथरी, historic_site
5657,सोल्टी चौक,"HGMJ+H9, पथरी शनिश्चरे 56600, नेपाल",26.5838868,87.5309595,5,पथरी, aquarium
5658,Nurani masjid,"FH62+H79, डाइनिया 56600, नेपाल",26.4614144,87.5507172,4.3,डाइनिया, mosque
5659,KIRAN RAJBANSHI,"GHMH+3CP, गोविन्दपुर 3, नेपाल",26.5327068,87.5785787,5,गोविन्दपुर, historic_site
5660,Batarbari,"Nepal 🇳🇵, Sunawarshi ward no 4, नेपाल",26.4915095,87.5218164,5,Sunawarshi, historic_site
5661,The Grace mission church kohabara,"GM55+W33, कोहवारा 57200, नेपाल",26.5097636,87.6576736,5,कोहवारा, church
5662,Radhakrishna Tample,"GJGC+956, इटहरा 56600, नेपाल",26.5259174,87.6203942,0,इटहरा, museum
5663,ram janaki mandir ratuwamai 6,"CJW6+9J6, सिजुवा 6, नेपाल",26.4459039,87.6115216,0,सिजुवा, hindu_temple
5664,Tin Number Chowk तिन नं. चोँक,"Urlabari Ambari Rd 6, सिजुवा 56600, नेपाल",26.4532433,87.6113513,4.2,सिजुवा, picnic
5665,Sijuwa Domana Ghat,"FMP2+7J, कोहवारा 57200, नेपाल",26.4857167,87.6515664,0,कोहवारा, hike
5666,Mugum Karmarong Rural Municipality Ward No: 3 office,"HGHQ+VF, डोल्फू 21100, नेपाल",29.578922,82.5378598,0,डोल्फू, mosque
5667,हिमालय जावा ग्यालरी क्याफे,"Airport road, Jomsom , Mustang, नेपाल",28.7830141,83.7249804,4.6,Jomsom, art_gallery
5668,Mustang,"RV38+W5C, मुक्तिनाथ 33100, नेपाल",28.8048139,83.8653994,4.7,मुक्तिनाथ, hindu_temple
5669,Upper Mustang Trek,"लोमांगथांग 33100, नेपाल",29.224849,83.8830346,4.2,नेपाल, trek
5670,Jomsom welcome statue,"कागबेनी सडक, जोमसोम 33100, नेपाल",28.8037077,83.7650848,5,जोमसोम, monument
5671,Selfie Park,"RQMQ+PGG, मुक्तिनाथ सडक, कागबेनी 33100, नेपाल",28.8343178,83.7888183,5,मुक्तिनाथ सडक, park
5672,प्रभुको मण्डली,"M8PW+V8J, Siddhicharan Marg, काठमाडौँ 44600, नेपाल",27.6872364,85.3457369,4.5,Siddhicharan Marg, church
5673,दामोदर कुन्डा अतिथि हाउस,"3WVH+8G7, चरंग 33100, नेपाल",29.0933388,83.9288366,4.1,चरंग, historic_site
5674,Upper Mustang Trek,"धामी 33100, नेपाल",28.9985065,83.8473015,0,नेपाल, hike
5675,लो लोमांगथांग दरबार,"King's Palace, लोमांगथांग 33100, नेपाल",29.1827322,83.9567512,4.6,लोमांगथांग, mosque
5676,Home town of bibek,"7HPC+RQ, बागलुङ 33300, नेपाल",28.2871058,83.5719216,0,बागलुङ, church
5677,Shiva Temple (शिव मन्दिर),"Dhaulagiri zone, Pangalithar, Modi-8, नेपाल",28.2698531,83.7645014,0,Pangalithar, hindu_temple
5678,Myagdi niskot markabang church,"99VJ+M4P markabang church, निस्कोट 33200, नेपाल",28.3941865,83.3803337,0,निस्कोट, church
5679,My aquarium world,"P8HF+XXG, पानीपोखरी रोड, काठमाडौँ 44600, नेपाल",27.729956,85.325029,5,पानीपोखरी रोड, aquarium
5680,मालिका,"मालिका, नेपाल",28.4128145,83.3852548,,नेपाल, trek
5681,मालिका,"मालिका 33200, नेपाल",28.3031979,83.5728386,,नेपाल, trek
5682,Malika Rural Municipality Office,"C97P+427, माग्दी दर्बांग 33200, नेपाल",28.412784,83.3850441,3.7,माग्दी, trek
5683,Khumi trek trail starting point -saripakha,"8WVX+2F5, घाचोक 33700, नेपाल",28.3425246,83.9487309,4.7,घाचोक, trek
5684,Picnic spot,"7JJW+JX, कुश्मा 33400, नेपाल",28.2816246,83.6474686,5,कुश्मा, picnic
5685,Bhedabari Grace Church ( भेडाबारी ग्रेस मण्डली ),"M8W4+P6G, Unnamed Road, गैंडाकोट 33000, नेपाल",27.6968183,84.3055647,3,Unnamed Road, church
5686,3AT Aquarium Shop,"PC2H+GMJ, नारायणघाट-मुग्लिङ राजमार्ग, भरतपुर 44207, नेपाल",27.7013464,84.4291445,5,नारायणघाट-मुग्लिङ राजमार्ग, aquarium
5687,गैडाकोट,"गैडाकोट, नेपाल",27.7115758,84.3745372,,नेपाल, historic_site
5688,Bikash Chowk Gaidakot,"PC6F+4G8, गैंडाकोट 33000, नेपाल",27.7102778,84.423833,4,गैंडाकोट, trek
5689,Abhisekh Mudabas Church,"P53F+5QX, देवचुली 33000, नेपाल",27.7029954,84.1745002,3.8,देवचुली, church
5690,Ganesh Mandir,"M56Q+97, देवचुली 33000, नेपाल",27.660299,84.187181,0,देवचुली, hindu_temple
5691,Nawalparasi east,"M345+VJC, देउराली 33000, नेपाल",27.6571887,84.059029,0,देउराली, hindu_temple
5692,Thumki Devi Temple,"M24R+QH3, देउराली 33000, नेपाल",27.6568998,84.0414318,4.5,देउराली, monument
5693,Naram Nawajagaran Holy Church,"R34M+RMX, नराम 33000, नेपाल",27.8071117,84.0842281,4,नराम, church
5694,Jama Masjid-Bankatti,"FV3R+7XX, त्रिबेणी 33007, नेपाल",27.4532326,83.892496,4.3,त्रिबेणी, mosque
5695,Music Gallery Bardaghat,"Daunne Devi Road Makar- 4, नेपाल",27.5550327,83.7916626,5,नेपाल, art_gallery
5696,बर्गद,"FQ7Q+M49, जामुनिया 33007, नेपाल",27.4641705,83.7878695,0,जामुनिया, park
5697,Ramagrama Relic Stupa,"FMXJ+695, रामग्राम 33007, नेपाल",27.4980247,83.6809918,4.4,रामग्राम, monument
5698,प्रतापपुर,"प्रतापपुर 33007, नेपाल",27.4622794,83.8128265,,नेपाल, historic_site
5699,"मदन - आश्रित पार्क, दासढुंगा","QCHW+J8V, नारायणघाट-मुग्लिङ राजमार्ग, कविलास 44200, नेपाल",27.7791155,84.445808,4.4,नारायणघाट-मुग्लिङ राजमार्ग, monument
5700,श्री जालपा देवी मन्दिर,"V455+P48, Devighat, Bidur, Nuwakot, Nepal, बिदुर 44900, नेपाल",27.859314,85.1077593,4.6,Devighat, hindu_temple
5701,Durbar Adventure Zipline Resort,"W565+6R8, बिदुर 44900, नेपाल",27.910565,85.1595801,4.3,बिदुर, hike
5702,Belkotgadhi 10 dhansaar.,"V4CW+H96, 44900, नेपाल",27.8714111,85.1459149,4.2,44900, tourist_attraction
5703,Earthquake Memorial Statue,"W48W+CR7, बिदुर 44900, नेपाल",27.9159804,85.1470501,5,बिदुर, monument
5704,Baghmaara (बाघमारा),"W9R9+GXV, दुप्चेश्वोर मार्ग, Sundaradevi VDC 44900, नेपाल",27.9413566,85.3699296,4.5,दुप्चेश्वोर मार्ग, picnic
5705,Shivapuri Top view,"R97P+4FV, 44900, नेपाल",27.8128639,85.3861666,3.7,44900, picnic
5706,ghale gau pakha tadi-1,"X943+44W, रालुकादेबी 44900, नेपाल",27.9553713,85.3528287,0,रालुकादेबी, park
5707,Lauke Waterfall,"R7PP+M4G, Unnamed Road, ककनी 44900, नेपाल",27.8366966,85.2853277,4.6,Unnamed Road, hike
5708,Thaprek Singare Jharana,"Panchakanya-4, नेपाल",27.9110836,85.364418,0,नेपाल, amusement_park
5709,Chautara,"V7RF+PW, कविलास 44900, नेपाल",27.8919455,85.274112,0,कविलास, monument
5710,Jhankri Temple,"Tallo Richuwa, Manebhanjyang 6, 56100, नेपाल",27.1928399,86.4653769,3,Manebhanjyang, hindu_temple
5711,कर्कलाबारी चर्च,"F629+C4, दुरागाउँ 45400, नेपाल",27.4504001,86.2168694,0,दुरागाउँ, church
5712,Champadevi kakani,"9 kakani, नेपाल",27.331058,86.3479944,5,नेपाल, mosque
5713,Sunkoshi Rural Municipality,"7834+CX, बलखु 56100, नेपाल",27.253644,86.3073502,3.4,बलखु, mosque
5714,जाते गाउ,"896F+FQ9, 56100, नेपाल",27.3111679,86.3744903,3,56100, tourist_attraction
5715,Ganesh Mandir,"8G92+697, सिद्धिचरण 56100, नेपाल",27.3180422,86.5008726,4.1,सिद्धिचरण, hindu_temple
5716,Khanivanjyang Okhaldhunga,"8J6Q+G2C, 56100, नेपाल",27.3113062,86.6375078,3.2,56100, tourist_attraction
5717,अल्सीडाँडा,"6M62+9QQ, 56200, नेपाल",27.2109588,86.6519765,5,56200, hike
5718,Khijikati okhaldhunga myhome,"खिजीकाटी 56100, नेपाल",27.499073,86.3308383,0,नेपाल, trek
5719,ख़ुट्टेको डिल,"C759+GMV, टार्केराबारी 56100, नेपाल",27.4088713,86.2691848,5,टार्केराबारी, park
5720,Allau Jame Masjid,"वीरगञ्ज 44300, नेपाल",27.0222565,84.8390931,4,नेपाल, mosque
5721,Palpa,"VG6V+QP8, तानसेन 32500, नेपाल",27.861901,83.5443287,0,तानसेन, park
5722,मुल ढोका,"VG9W+87F, टुँडिखेल मार्ग, तानसेन 32500, नेपाल",27.8682971,83.5456674,3.5,टुँडिखेल मार्ग, tourist_attraction
5723,Camping hill,"VGG6+C9, तानसेन 32500, नेपाल",27.8760867,83.5109358,0,तानसेन, trek
5724,Rampur viewtower,"Rampur View Tower, View Tower Rd, रामपुर 32500, नेपाल",27.8529021,83.89237,4.4,View Tower Rd, tourist_attraction
5725,Freedom picnic spot,"N18, रामपुर 32500, नेपाल",27.8723881,83.9423628,0,रामपुर, picnic
5726,Butwal Jyoti Church,"PF6C+M53, बुटवल 32907, नेपाल",27.7116486,83.4703352,4.3,बुटवल, church
5727,Ribdikot Rural Municipality,"VFHC+HWH, खस्यौली 32500, नेपाल",27.8789358,83.472357,1,खस्यौली, historic_site
5728,Palpa Rampur,"रामपुर 32500, नेपाल",27.8986411,83.7573013,0,नेपाल, park
5729,इस्लामिक मदरसा,"WMRF+Q5M, जगत्रदेवी 33800, नेपाल",27.9419882,83.6729384,3.7,जगत्रदेवी, mosque
5730,Padkvangjaing Church,"RV62+RMJ, सिलुवा 32500, नेपाल",27.8120871,83.8516438,0,सिलुवा, church
5731,Ephphatha Nepali Church,"M6HP+FX7, चन्द्रागिरी 44600, नेपाल",27.6786298,85.2373216,0,चन्द्रागिरी, church
5732,पंञ्चेश्वर मन्दिर,"MGCC+888, Unnamed Road, टुकुचा नाला 45200, नेपाल",27.6707917,85.5208282,4.6,Unnamed Road, hindu_temple
5733,NATIONAL FLAG PARK AND KATHMANDU VIEW POINT,"Q8X4+F63, Unnamed Road, तारकेश्वर 44600, नेपाल",27.7986298,85.3055575,4.2,Unnamed Road, hike
5734,Jame Masjid Bhutaha Bazzar,"G4F7+RX6, जल्पापुर रोड, रामनगर भुटाहा 56713, नेपाल",26.5246088,87.1149047,4.9,जल्पापुर रोड, mosque
5735,पाथीभरा मन्दिर अाठराई,"6M84+VHP, 57500, नेपाल",27.217208,87.6564467,4,57500, hindu_temple
5736,MIKLAJUNG-8 HANGSARI,"WH46+RMG, 8, नेपाल",26.9070508,87.561705,5,8, picnic
5737,पवित्रा चौतारी,"2FHF+45, पञ्चकन्या पोखरी 57500, नेपाल",27.0281744,87.471679,1,पञ्चकन्या, museum
5738,Jorpokhari,"6R68+GWP, 57400, नेपाल",27.2113441,87.8173307,0,57400, park
5739,रमिते डाँडा,"7QJ4+X7R, Khalte 57500, नेपाल",27.2824762,87.7556562,4.7,Khalte, monument
5740,Yonghang nivas,"7RFQ+5JM, थर्पु 57500, नेपाल",27.2729625,87.8390469,0,थर्पु, hike
5741,Kushma Art Project,"6M9H+HX, कुश्मा 33400, नेपाल",28.2189509,83.6799625,5,कुश्मा, museum
5742,ढुङ्गेबास Dhungebas,"3M32+Q7, बेहुलीबास 33400, नेपाल",28.0544912,83.6507362,0,बेहुलीबास, museum
5743,नायब साब मन्दिर,"2MQ4+VVQ, Parbat Huwas Mardikhola 33400, नेपाल",28.0397145,83.6572355,3,Parbat, hindu_temple
5744,भालु पहाड,"4VQ5+WQX, पुतलीबजार 33800, नेपाल",28.1398558,83.8594928,4.2,पुतलीबजार, amusement_park
5745,मुरली मस्जिद,"त्रिभुवन राजपथ 15, वीरगञ्ज 44300, नेपाल",27.0238475,84.8867029,4.3,वीरगञ्ज, mosque
5746,Pokhariya Ajaj,"3QC6+R5, पोखरीया 44300, नेपाल",27.0720608,84.760479,0,पोखरीया, park
5747,Janki Mandir,"3Q3C+583, पोखरीया 44300, नेपाल",27.0528563,84.7707982,0,पोखरीया, hindu_temple
5748,Bahudarmai Temple / बहुदरमाई मन्दिर,"3R6V+FGJ, बैरिया बिर्ता 44300, नेपाल",27.0612259,84.8437521,5,बैरिया, hindu_temple
5749,Santa Kumari Pradhan agriculture,"5X58+R64, गढीमाई 44400, नेपाल",27.159681,84.9650414,0,गढीमाई, museum
5750,Masjid-E-Nabwi,"4PQG+WCF, जागरनाथपुर 44300, नेपाल",27.1398237,84.7259867,0,जागरनाथपुर, mosque
5751,Jagarnathpur stadium,"4PXG+2VG, जागरनाथपुर 44300, नेपाल",27.1475682,84.7271942,5,जागरनाथपुर, park
5752,NLG Church Thori,"निर्मल बस्ती 44300, नेपाल",27.3100334,84.6512589,5,नेपाल, church
5753,Jhakhara,"4P7H+7H4, मसिहानी 44300, नेपाल",27.1131376,84.7289442,0,मसिहानी, tourist_attraction
5754,Jhyal Pati,"J85C+J83, लक्ष्मी प्रसाद देवकोटा मार्ग, ठेचो 44700, नेपाल",27.6088513,85.3208991,3,लक्ष्मी प्रसाद देवकोटा मार्ग, historic_site
5755,मधुबनी पोखरा,"2QH2+4HF, मैनपुर पकाहा 44300, नेपाल",27.0268221,84.7521464,0,मैनपुर, park
5756,पकाहा मैनपुर,"पकाहा मैनपुर, नेपाल",27.0144986,84.7551982,,नेपाल, monument
5757,Bhitrikot Natural View Tower,"4VG2+F98, Unnamed Road, 22300, नेपाल",28.1261588,82.8509588,4.1,Unnamed Road, museum
5758,Sivalaya Temple,"3VMH+XXX, प्यूठान 22300, नेपाल",28.0850269,82.8799816,3.5,प्यूठान, hindu_temple
5759,Jhupakot Ground,"5Q84+92, वेलबास 22300, नेपाल",28.1659641,82.7551121,0,वेलबास, picnic
5760,Swayambhu Art Gallery,"P78R+44P, Temple Marg, काठमाडौँ 44600, नेपाल",27.7153498,85.2903199,4.3,Temple Marg, art_gallery
5761,Sea Shine Aquarium,"टंक प्रसाद घुम्ती सडक, काठमाडौँ 44600, नेपाल",27.6999348,85.3270036,3.9,काठमाडौँ, aquarium
5762,Jhimruk River,"Jhimruk River, नेपाल",28.2108436,82.9980348,4.9,नेपाल, art_gallery
5763,उकु बहाल रूद्र वर्ण महाविहार,"ललितपुर 44700, नेपाल",27.6682072,85.3271945,4.6,नेपाल, monument
5764,ओख्रेनी झरना,"QCWC+MV5, Unnamed Road, गोकर्णेश्वर 44600, नेपाल",27.7966453,85.4222403,4.2,Unnamed Road, hike
5765,Banasthali Children Park,"M6RH+X96, चन्द्रागिरी 44600, नेपाल",27.6928995,85.2291666,4.8,चन्द्रागिरी, amusement_park
5766,Manthali Bazar View Point,"92FC+9FC, भलुवाजोर 45400, नेपाल",27.3734318,86.0211389,0,भलुवाजोर, tourist_attraction
5767,रामेछाप जिल्ला अदालत,"93J5+PHF, मन्थली 45400, नेपाल",27.3818203,86.0589219,4.5,मन्थली, mosque
5768,मन्थली नगरपालिका कार्यलय,"93M5+4CC, मन्थली 45400, नेपाल",27.3828242,86.0585096,4.1,मन्थली, mosque
5770,"रंजित आर्ट, सिन्धुली","6W46+XFJ m-Tech Computer Education, B.P. Highway, कमलामाई 45900, नेपाल",27.2074579,85.911144,5,B.P. Highway, art_gallery
5771,"Damphu Danda (डम्फु चाङ) - रोह्रोसाईबा, तेमाल","GP7V+JJC, 45200, नेपाल",27.5140748,85.7440179,3.8,45200, monument
5772,Picnic Park Japhe,"H36M+VH, जफे 45500, नेपाल",27.5621362,86.0839886,0,जफे, picnic
5773,क्यौरीनी धारा,"HRH2+M6W, पोखरी चौँरी गा बि स 45200, नेपाल",27.5792482,85.8005763,5,पोखरी, amusement_park
5774,Gokulganga -3 Ramechhap,"H644+M7F ward no.3, रस्नालु 45400, नेपाल",27.5566786,86.2056843,0,रस्नालु, tourist_attraction
5775,Archale,"94H8+QXM, मन्थली 45400, नेपाल",27.3794687,86.1174089,2.8,मन्थली, church
5776,Tibetan Lama Thangka Painting school and Art Gallery,"P886+5GQ, काठमाडौँ 44600, नेपाल",27.7154524,85.311379,4.9,काठमाडौँ, art_gallery
5777,Ramche dada,"C4F3+92V, तिल्पुंग 45400, नेपाल",27.423499,86.1025481,0,तिल्पुंग, hike
5778,Tanbe Danda Hill (ताँबे डाँडा),"कालो चौतारा ।, काठमाडौं, जिरी, Base, नेपाल",27.5449907,86.23592,4.6,काठमाडौं, museum
5779,"आँपको चौतारा, चिती","X6QV+4Q2, भोर्ले 45000, नेपाल",27.9877964,85.2446875,0,भोर्ले, park
5780,नागु झरना,"38P7+RH, धुन्चे 45000, नेपाल",28.087,85.314,5,धुन्चे, amusement_park
5781,parchyang Church Ministry,"276H+HQ, सरमथली 45000, नेपाल",28.011201,85.2755161,5,सरमथली, mosque
5782,उत्तरगया,"उत्तरगया, नेपाल",28.0166977,85.2136417,,नेपाल, historic_site
5783,Kanu chawk,"W8M8+FR4, गरुडा 44500, नेपाल",26.9336307,85.3170918,5,गरुडा, tourist_attraction
5784,AquaHus,"Gurhenwa , Tilahra, Dhaka, Bihar 845304, भारत",26.7441706,85.2296948,1,Tilahra, aquarium
5785,"Garuda, Rautahat","X828+CMF, गरुडा 44500, नेपाल",26.9510568,85.3166642,4.2,गरुडा, historic_site
5786,Famous Art and Creation Flex Print,"Q77H+RJ9, गौर 44500, नेपाल",26.76453,85.2790342,5,गौर, art_gallery
5787,Ghantaghar,"Gaur 5, गौर 44500, नेपाल",26.7660233,85.2722063,4.8,गौर, monument
5788,Brindawan park,"29MW+P86, बिश्रामपुर 44500, नेपाल",27.0342912,85.3957749,3,बिश्रामपुर, park
5789,Basant Memorial Computer Institute,"W8X9+X8R, गरुडा 44500, नेपाल",26.9499809,85.3183035,5,गरुडा, monument
5790,Choti Masjid Jingadwa-05,"V7CG+HCF, जिंगडवा बेलविचवा 44500, नेपाल",26.8713976,85.2760537,5,जिंगडवा, mosque
5791,Shree siddi ganesh dya che luu jhya(gold window),"M9MP+J48, मध्यपुर थिमि 44600, नेपाल",27.6840398,85.3853428,5,मध्यपुर, hindu_temple
5792,Dhanadi kabrastan,"W9G6+XX, गम्हरीया 44500, नेपाल",26.9274899,85.3624294,5,गम्हरीया, church
5793,Church ( RAMTHALI),"747C+X29, निजगढ 44400, नेपाल",27.2649287,85.1201045,1,निजगढ, church
5794,Devi Than,"M9GJ+6V9, चार बाटो, मध्यपुर थिमि 44600, नेपाल",27.6755361,85.3822376,4.3,चार बाटो, hindu_temple
5795,"Bijaypur,Rautahat","26P3+56W, चन्द्रपुर 44500, नेपाल",27.0354868,85.2030774,3.7,चन्द्रपुर, art_gallery
5796,फतुवाबिजयपुर,"फतुवाबिजयपुर, नेपाल",27.0066818,85.205397,,नेपाल, monument
5797,Ramdi Palpa,"RJGM+4W4, चिडीपानी 32500, नेपाल",27.8252522,83.634843,3.7,चिडीपानी, monument
5798,Wandering Trail Adventures,"P896+69M, काठमाडौँ 44600, नेपाल",27.718081,85.3109223,5,काठमाडौँ, trek
5799,मस्जिद र दरगाह,"W9F7+PJ2, धरमपुर 44500, नेपाल",26.9242708,85.3640036,4.2,धरमपुर, mosque
5800,Madi,"7WVW+FVP, पुरन्चौर 33700, नेपाल",28.2937166,83.9472,5,पुरन्चौर, park
5801,Sitaladevi Temple,"RGPX+8J7, तानसेन 32500, नेपाल",27.835788,83.5490609,5,तानसेन, hindu_temple
5802,Simkhola,"6JFC+969, घोडागाउँ 22100, नेपाल",28.2234121,82.6205983,0,घोडागाउँ, park
5803,Runtigadhi Gaupalika,"5GP3+FFW, झेनाम 22100, नेपाल",28.1862474,82.5036997,4.8,झेनाम, aquarium
5804,श्री स्वर्गद्वारी महाप्रभु जन्मस्थल रून्टी राेल्पा,"7G2P+GQ4, सखि 22100, नेपाल",28.2512725,82.5369785,5,सखि, hindu_temple
5805,Gothechaur Devi Temple गोठेचौर देवि मन्दिर,"6RF9+JV, सिर्पा 22100, नेपाल",28.2240821,82.8197188,4.7,सिर्पा, hindu_temple
5806,गंगादेव,"गंगादेव, नेपाल",28.4684654,82.4198272,,नेपाल, historic_site
5807,कसला -७ नं. भलिबल फिल्ड,"8Q85+8R5, जैमाकसला 22100, नेपाल",28.3157691,82.7596027,0,जैमाकसला, park
5808,सुनछहरी,"सुनछहरी, नेपाल",28.369932,82.8082938,,नेपाल, historic_site
5809,Thabang rolpa,"FPX6+HC9, थवाङ 22100, नेपाल",28.4989164,82.7111002,0,थवाङ, art_gallery
5810,60 SATHI MURII,"6PVP+56P, मिझीङ 22100, नेपाल",28.2429719,82.7355648,0,मिझीङ, park
5811,Sisne Himal(pahada) सिस्ने हिमाल(पहाडा),"RJWM+67, सिस्ने 22000, नेपाल",28.8455391,82.633158,4.2,सिस्ने, tourist_attraction
5812,Bhume Thakur Temple,"HMXQ+CPV, खरेलथोक 45200, नेपाल",27.5986018,85.6893059,0,खरेलथोक, hindu_temple
5813,Kyubang Chaur,"HRMC+QXC 12, Nepal, Purbi, नेपाल",28.5844426,82.8224216,0,Nepal, hindu_temple
5814,मुसिकोट,"मुसिकोट, 22000, नेपाल",28.5969049,82.5510169,,22000, art_gallery
5815,माईकिद्रका मा भगवती मन्दिर चौरजहारी नाखिरा( रुकुम),"J5FQ+WMC, कालागाउँ 22000, नेपाल",28.6248197,82.1891407,5,कालागाउँ, hindu_temple
5816,Shital Pokhari,"JF99+787, मुसीकोट 22000, नेपाल",28.6181615,82.4683078,3.9,मुसीकोट, picnic
5817,Kolbat,"Kalika Route 1, मुसीकोट 22000, नेपाल",28.6562244,82.4627643,0,मुसीकोट, park
5818,पालाकोट दरबार,"MH23+MR2, पिपल 22000, नेपाल",28.6516406,82.554523,3,पिपल, museum
5819,Badarpani (west rukum),"HF6M+QXQ, रुँघा 22000, नेपाल",28.5619604,82.4849693,0,रुँघा, tourist_attraction
5820,Butwal View Point,"बुटवल 32907, नेपाल",27.6939356,83.4459767,4.2,नेपाल, tourist_attraction
5821,Madina Masjid,"MCRM+Q97, बुटवल 32907, नेपाल",27.6919192,83.4334199,4.4,बुटवल, mosque
5822,Gate to Nuwakot,"PF55+2C9, बुटवल 32907, नेपाल",27.7075316,83.4586122,4.2,बुटवल, trek
5823,Hill Park Top Station,"PF2C+4W, बुटवल 32907, नेपाल",27.7008055,83.4725932,4.7,बुटवल, hike
5824,Water Fun Park,"MF5C+G5W, तिलोत्तमा 32907, नेपाल",27.6588537,83.4704426,4,तिलोत्तमा, amusement_park
5825,Nepal Juman Church,"JC9W+XV, तिलोत्तमा 32903, नेपाल",27.6199022,83.4472446,5,तिलोत्तमा, church
5826,Durga Mata Mandir,"Bewari, Tilottama Municipality, Rupandehi, Province 5, नेपाल",27.5982126,83.5078827,3,Tilottama Municipality, hindu_temple
5827,"प्रगती पथ, तिलोत्तमा १२ - ९ नम्बर","JG4W+QRX, तिलोत्तमा 32900, नेपाल",27.6069828,83.5471003,5,तिलोत्तमा, historic_site
5828,Bhairahawa Aquarium,"Maitree Path, सिद्धार्थनगर 32900, नेपाल",27.5015402,83.4490706,3.7,सिद्धार्थनगर, aquarium
5829,Pakari Tree,"JHPJ+C89, देवदह नगरपालिका 32900, नेपाल",27.6360473,83.5808707,4.3,देवदह, tourist_attraction
5830,Baraily Kul Temple,"MG8C+MWC, Unnamed Road, देवदह नगरपालिका 32900, नेपाल",27.6666879,83.522271,5,Unnamed Road, museum
5831,"Tharu Museum, Lumbini","G875+GM, लुम्बिनी साँस्कृतिक 32900, नेपाल",27.5137626,83.3092319,0,लुम्बिनी, museum
5832,श्री गणेश मन्दिर,"Rohini Gaunpalika Ward no.4, छिपगाडा, नेपाल",27.5162561,83.5855125,5,छिपगाडा, hindu_temple
5833,"रोहिणी पथ , तिलोत्तमा १२ , ९ नम्बर","JG4W+WVM, तिलोत्तमा 32900, नेपाल",27.6073474,83.5471744,5,तिलोत्तमा, monument
5834,Kasht Khaira Park (MS Khan),"88H8+JX2, Kasht Khaira, Uttar Pradesh 273162, भारत",27.3288455,83.3170945,5,Kasht Khaira, park
5835,Marachahawa picnic spot,"GC4Q+J33 near, सिद्धार्थनगर 32900, नेपाल",27.5065039,83.4376974,0,सिद्धार्थनगर, picnic
5836,Kotahimai Rural Municipality,"C8VX+CGX, Majhagawa 32900, नेपाल",27.4436544,83.3488564,3.8,Majhagawa, tourist_attraction
5837,Oioi,"H86M+7C, कमहरिया 32900, नेपाल",27.5607231,83.3335862,0,कमहरिया, hike
5838,Kailadeu salleriban,"MF58+2V, स्यालापाखा 22000, नेपाल",28.6574642,82.468344,0,स्यालापाखा, hike
5839,त्रिवेणी खोला,"J3MC+3R5, थाहा 44100, नेपाल",27.6331166,85.0726882,0,थाहा, tourist_attraction
5840,Pragya Thanka Art gallery,"MC3G+XGW, सुर्यविनायक, नेपाल",27.6549715,85.4263227,0,सुर्यविनायक, art_gallery
5841,जागृती प्रशंसा मण्डली,"69J2+2QV २ मिलन बजार, खाली 22200, नेपाल",28.2301021,82.3518943,0,खाली, church
5842,Chautari,"MC56+6RX, F099, सुर्यविनायक, नेपाल",27.6585491,85.4119755,4,F099, park
5843,Mattalo kaji,"G86H+67, शिबरथा 22200, नेपाल",28.5103219,82.328161,4.5,शिबरथा, amusement_park
5844,बालाजु २२ धारा,"P8M2+GVX, काठमाडौँ 44600, नेपाल",27.7338701,85.3022279,4.3,काठमाडौँ, monument
5845,सेल्फी डाँडा,"M225+2X5, 32809, नेपाल",27.65,83.01,0,32809, picnic
5846,Arjun newpane,"88VR+4H6, 56900, नेपाल",27.3427994,87.3413951,0,56900, museum
5847,"Pokhari Bazar ,Chainpur Nepal","8976+QQ8, चैनपुर 56900, नेपाल",27.3144222,87.361965,4.8,चैनपुर, art_gallery
5848,सङ्खुवासभा पशु अस्पताल,"96F5+757, Hospital Rd, खाँदबारी 56900, नेपाल",27.373167,87.2079249,4.2,Hospital Rd, aquarium
5849,Majeya memorial stadium,"69RR+7PR, Mulkharka-Mangalbare Road, मादी 56900, नेपाल",27.2407251,87.3917633,5,Mulkharka-Mangalbare Road, monument
5850,Madi bagha Sankhuwasabha,"79MW+MHQ, मादी 56900, नेपाल",27.2842045,87.3964726,5,मादी, picnic
5851,Simha Devi Kuwa,"96JC+89, खाँदबारी 56900, नेपाल",27.381353,87.222318,5,खाँदबारी, amusement_park
5852,Panchkhapan,"9877+HFV, स्याबुन 56900, नेपाल",27.3639795,87.3136851,0,स्याबुन, historic_site
5853,Sankhuwasabha,"9877+HFV, स्याबुन 56900, नेपाल",27.3639795,87.3136851,0,स्याबुन, historic_site
5854,Jame Masjid Bhokraha,"J3FX+793, भोक्राहा 56713, नेपाल",26.6231322,87.0985386,5,भोक्राहा, mosque
5855,मस्त्यपोखरी,"F7P5+6V6, मत्स्यपोखरी 56900, नेपाल",27.4855374,87.2596448,4.6,मत्स्यपोखरी, park
5856,Chomti Hang Foot Print,"F579+W3M, सितलपाटी 56900, नेपाल",27.4648473,87.1676825,5,सितलपाटी, museum
5857,Ks aquatic world,"काठमाडौँ 44600, नेपाल",27.7365563,85.3329412,3.1,नेपाल, aquarium
5858,Sankhuwasabha new home nagarkot,"PF8J+G9, महामञ्जुश्री नगरकोट 44600, नेपाल",27.7162864,85.4809562,0,महामञ्जुश्री, tourist_attraction
5859,Sanga makhmal.ping,"JFMM+VHW, साँगा, नेपाल",27.6347385,85.4839604,5,साँगा, tourist_attraction
5860,shiva dhara,"Q4FV+66X, मकालु 56900, नेपाल",27.7731011,87.1431231,5,मकालु, hindu_temple
5861,"Newlife Apostolic Church, Tamaphok","695M+GW8, Tamaphok Gramin Marga, तामाफोक 56900, नेपाल",27.20879,87.3848404,2,Tamaphok Gramin Marga, church
5862,Marrah's Pond,"HP4X+732, राजबिराज रोड, मलेठ 56400, नेपाल",26.5556311,86.7476365,0,राजबिराज रोड, amusement_park
5863,Ali Gallery,"Hatiya,kapda line, राजविराज 56400, नेपाल",26.5392829,86.7465829,0,kapda line, art_gallery
5864,Binod khang,"HVV8+998, मैनाकडेरी 56400, नेपाल",26.5934234,86.8658889,0,मैनाकडेरी, church
5865,Malahanaya (Gaman ydv),"FQ5R+MX3, रामपुरामल्हनिया 56400, नेपाल",26.459134,86.7924133,0,रामपुरामल्हनिया, hike
5866,Masjid,"JH4X+66, नेगडा 56400, नेपाल",26.6054,86.5980116,5,नेगडा, mosque
5867,Khojpur babaji kuti Kabir Temple 🛕,"Khadak-5, खोजपुर 56400, नेपाल",26.6415474,86.5957485,5,खोजपुर, hindu_temple
5868,खडक,"खडक, 56400, नेपाल",26.6453658,86.6099211,,56400, historic_site
5869,Kalyanpur jungle,"MJCQ+HH, खोजपुर 56400, नेपाल",26.671389,86.638889,0,खोजपुर, hike
5870,Basbitti Pond,"HPJM+WGJ, राजबिराज रोड, रायपुर 56400, नेपाल",26.5823267,86.7337668,5,राजबिराज रोड, amusement_park
5871,Kushaha bazar wali Masjid,"MGJR+C68, कुशाहा 56400, नेपाल",26.6807793,86.5394922,0,कुशाहा, mosque
5872,Masjid Alshayed umal Ammadha,"FMFR+H6F, फकिरा 56400, नेपाल",26.4739451,86.6905403,3,फकिरा, mosque
5873,Shree Satyanarayan Memorial Trust,"Kankatta 56400, नेपाल",26.4953022,86.6985931,0,नेपाल, monument
5874,Puspendra garden,"कञ्चनरुप 56400, नेपाल",26.6118546,86.9065376,5,नेपाल, park
5875,Manakamana Shiv Mandir,"Tirahut-3 Piprahi, Chandranahar, 56400, नेपाल",26.5897825,86.846549,4.5,Chandranahar, hindu_temple
5876,Ashok Art,"3J3J+M5X, लालबन्दी 45801, नेपाल",27.0542414,85.6304658,4.7,लालबन्दी, art_gallery
5877,"हरिवन नगरपालिका कार्यालय, सर्लाही","3HQ2+P86, हरिवन 45804, नेपाल",27.0892649,85.5507678,3.3,हरिवन, historic_site
5878,कृष्ण मन्दिर,"3GPG+6X9, हरिवन 45804, नेपाल",27.0855355,85.5274887,5,हरिवन, historic_site
5879,Dhokejor Waterfall,"4HM6+WM, हरिवन 45804, नेपाल",27.1347967,85.5617109,3.3,हरिवन, hike
5880,मजुर्बा मस्जिद مسجد,"XHMP+F3H, लक्ष्मीपुर कोद्रहा, नेपाल",26.9833034,85.5847599,0,लक्ष्मीपुर कोद्रहा, mosque
5881,बरहथवा,"बरहथवा, नेपाल",27.0123697,85.4624009,,नेपाल, historic_site
5882,Osho Shree Krishna Ashram,"2F5F+GHQ, Barahathawa - Nayaroad Rd, बरहथवा 45800, नेपाल",27.0088448,85.4739867,4.3,Barahathawa - Nayaroad Rd, hike
5883,"Durga Mandir, Laxmipur, Balara-3, Sarlahi, Nepal","Q96C+WC6, Unnamed Road, बलारा 45800, नेपाल",26.762275,85.3710289,5,Unnamed Road, hindu_temple
5884,Godawari picnic sport,"H9VH+5QG, गोदावरी 44709, नेपाल",27.5929271,85.3794377,0,गोदावरी, picnic
5885,Water fall,"4FXG+CRC, चन्द्रपुर 44100, नेपाल",27.1485503,85.4770174,0,चन्द्रपुर, hike
5886,चैनपुर। चौक,"Barhathawa, Malangawa Rd to, जामुनिया 45800, नेपाल",26.9166138,85.5359264,0,Malangawa Rd to, park
5887,Chakraghatta rular,"WG63+58M, पिडरीया 45800, नेपाल",26.9104703,85.5033115,1,पिडरीया, hindu_temple
5888,रामनगर,"रामनगर, गौशाला, नेपाल",26.9530559,85.8230251,,गौशाला, historic_site
5889,"Ramnagar Rural Municipality, Office of The Rural Municipal Executive (रामनगर गाउँपालिका, गाँउकार्यपालिकाको कार्यालय)","Ramnagar Bahaur 45800, नेपाल",26.8417278,85.3830446,3.8,नेपाल, historic_site
5890,Nalikot,"59Q9+G8, चन्द्रपुर, नेपाल",27.1888347,85.3682679,0,चन्द्रपुर, trek
5891,Old picnic spot,"Q788+GCR, गौर 44500, नेपाल",26.7663726,85.2660261,0,गौर, picnic
5892,RAZA MASJID,"VHPQ+7Q5, ब्रह्मपुरी 45800, नेपाल",26.8856348,85.5894701,5,ब्रह्मपुरी, mosque
5893,"Nadhiman Lake, Sarlahi","चन्द्र नगर 45800, नेपाल",26.932347,85.6248145,4,नेपाल, picnic
5894,Kaudena Bahram Temple,"VG67+P28, कौडेना 45800, नेपाल",26.8617918,85.5125883,0,कौडेना, hindu_temple
5895,गुलरिया चौरी बाटो,"WFWW+9P, श्रीपुर 45800, नेपाल",26.9459542,85.4967887,5,श्रीपुर, park
5896,Aftab bhai,"W9HJ+28F, गम्हरीया, नेपाल",26.9275663,85.3807886,0,गम्हरीया, mosque
5897,Haripurwa,"VMQH+XQW, हरिपुरवा 45800, नेपाल",26.8899781,85.6794434,0,हरिपुरवा, church
5898,शहिद स्मृति पार्क,"4X37+MVM, कमलामाई 45900, नेपाल",27.1042145,85.9646618,4,कमलामाई, park
5899,Sindhuli Children Park,"6W66+CP3, कमलामाई 45900, नेपाल",27.2110218,85.9117946,0,कमलामाई, amusement_park
5900,Jarna kamitar,"27PF+PH3, दुधौली 45900, नेपाल",27.0367647,86.2739081,0,दुधौली, amusement_park
5901,क्रिस्चियनको चर्च,"X7QF+R95, दुधौली 45900, नेपाल",26.9894686,86.2735129,0,दुधौली, church
5902,Bhutta ko bhir,"26C7+RRW, दुधौली 45900, नेपाल",27.0228292,86.2147855,5,दुधौली, trek
5903,Thashikhel Aquarium Shop,"Damodar Marg, ललितपुर 44700, नेपाल",27.6597658,85.3163966,4.1,ललितपुर, aquarium
5904,शिव मन्दिर,"4X47+GF4, कमलामाई 45900, नेपाल",27.1062553,85.9636972,5,कमलामाई, hindu_temple
5905,Research Hub,"ठमेल मार्ग, काठमाडौँ 44600, नेपाल",27.7175379,85.3119734,4.9,काठमाडौँ, trek
5907,Indrayani Mai,"PCPX+73P, शङ्खरापुर 44600, नेपाल",27.7357218,85.4477012,4.5,शङ्खरापुर, hindu_temple
5908,Phikkal Gaupalika Sindhuli,"67F8+XMV, खाङ्साङ 45900, नेपाल",27.2249875,86.2666719,0,खाङ्साङ, mosque
5909,साँगाचोक,"साँगाचोक, नेपाल",27.6830438,85.7153754,,नेपाल, tourist_attraction
5910,SANGACHWOK-DADUWA,"MPM8+656, साँगाचोक, नेपाल",27.6830438,85.7153754,0,साँगाचोक, tourist_attraction
5911,Immanuel Church - Hile,"RQCC+P56, जल्बिरे 45308, नेपाल",27.8217971,85.7704203,5,जल्बिरे, church
5912,La Nerubon Statue (ला नेरुबोन झाँक्रीको शालिक),"PPXX+2P8, इर्खु 45306, नेपाल",27.7475305,85.7493263,5,इर्खु, monument
5913,Jelsi mountain hill,"RGGG+32, मेलम्ची, नेपाल",27.825168,85.5250172,5,मेलम्ची, park
5914,Shree Siddi Ganesh Temple,"M99Q+458, Thimi-Biruwa Rd, अनन्तलिङ्गेश्वर, नेपाल",27.6677851,85.3879668,0,Thimi-Biruwa Rd, hindu_temple
5915,सेल्तोरमो (Seltormo) pokhari,"2PR9+X5W, नेपाल",28.0424805,85.7179475,5,नेपाल, amusement_park
5916,परिवर्तित जीवन संगति,"PQCQ+6CR, यामुनाडाँडा 45314, नेपाल",27.7206579,85.7885813,0,यामुनाडाँडा, church
5917,सुनकोशी,"सुनकोशी, नेपाल",27.7521315,85.8360881,,नेपाल, mosque
5918,जैमान थैपिनारयण मन्दिर परिसर,"VWVC+6WQ, फुल्पिङकट्टी, नेपाल",27.8930843,85.9223634,5,फुल्पिङकट्टी, hindu_temple
5919,थापाधार‍ो,"QV83+R7H, मांखा 45302, नेपाल",27.7670614,85.8532475,5,मांखा, amusement_park
5920,Kharidhunga view point,"PW4P+G74, तौथली, नेपाल",27.7062626,85.935709,5,तौथली, picnic
5921,Immanuel Bible Missionary Church Barhabise,"QVRX+7QW, बार्‍हबिसे 45302, नेपाल",27.7906754,85.8994843,5,बार्‍हबिसे, church
5922,Bagare Ganesh Temple (परि गणेश श्थान),"QVXW+224, अरनिको राजमार्ग, बार्‍हबिसे 45302, नेपाल",27.797522,85.8950747,5,अरनिको राजमार्ग, hindu_temple
5923,इमली चोक,"M645+WP9, सिराहा 56500, नेपाल",26.6572897,86.2093654,4.2,सिराहा, historic_site
5924,Muslim tool,"R7M2+362, मिर्चैया 56500, नेपाल",26.8324216,86.2503645,0,मिर्चैया, mosque
5925,Jame Masjid,"M6J3+R27, सिराहा 56500, नेपाल",26.6820863,86.2025387,5,सिराहा, mosque
5926,Picnic Spot,"R8FM+HW4, गोलबजार 56500, नेपाल",26.8239177,86.3348174,4,गोलबजार, picnic
5927,Laxmi Temple Geruwaha - 01,"JF77+8R5, Unnamed Road, भगवतिपुर 56500, नेपाल",26.6132524,86.4646224,3,Unnamed Road, hindu_temple
5928,"Zion Isai Church,Plamdu","GM5J+3QW, 56000, नेपाल",27.5077408,86.6819545,5,56000, church
5929,खुलाल कार्की बंश कुलपुजा मन्दिर देवाली चौर,"CJF4+78, दुधकुण्ड 56000, नेपाल",27.4231425,86.6057503,0,दुधकुण्ड, hindu_temple
5930,"Nawajeevan Church, Salyankot","Salyantar Belung Road, 45100, नेपाल",28.0268014,84.8693587,4.3,45100, church
5931,होङ्ख्याम न्याई,"HMXF+GH, टाक्सिन्दु 56000, नेपाल",27.5988404,86.6738835,0,टाक्सिन्दु, park
5932,Dhomboji Masjid,"3J9G+2J8, नेपालगञ्ज 21900, नेपाल",28.067557,81.6265939,4,नेपालगञ्ज, mosque
5933,Rock Edict (चट्टान अभिलेख),"MF9R+95X, महामञ्जुश्री नगरकोट, नेपाल",27.6684711,85.4905084,0,महामञ्जुश्री नगरकोट, historic_site
5934,Bumburi ancient water well,"HMHR+G54, जुभिङ 56000, नेपाल",27.5787597,86.6904605,0,जुभिङ, amusement_park
5935,Mahakulung Gaupalika,"GR7J+4H7, Bung Chowk Bung, गुदेल, नेपाल",27.5127838,86.8314462,5,Bung Chowk Bung, mosque
5936,Panch Pokhari,"JR5X+GH4, 56000, नेपाल",27.6087669,86.8489579,4.7,56000, picnic
5937,कृष्ण मन्दिर,"PMQ3+H8R, भोटसिपा, नेपाल",27.7387071,85.6534544,4,भोटसिपा, hindu_temple
5938,Pasang Lhamu Sherpa,"P992+Q78, बौद्धनाथ सडक, काठमाडौँ 44600, नेपाल",27.71941,85.350697,4,बौद्धनाथ सडक, monument
5939,Selfie Danda,"JC4M+WFM, भाकाञ्जे 45400, नेपाल",27.6073325,86.4336608,0,भाकाञ्जे, park
5940,Buktel,"G945+Q8J, रावादोलु 56100, नेपाल",27.506958,86.3582663,0,रावादोलु, church
5941,ओसियन पार्क एण्ड रिसोर्ट,"Behind Sathi Fuel Center, 1, इटहरी 56705, नेपाल",26.6513626,87.2803287,3.9,1, tourist_attraction
5942,Anugraha Church,"R74V+768, चर्च लाइन, धरान 56700, नेपाल",26.8056624,87.2930832,4.1,चर्च लाइन, church
5943,इस्कोन मन्दिर,"R7FG+X7F, धरान 56700, नेपाल",26.824925,87.2756793,4.4,धरान, hindu_temple
5944,Dharan Zero Point,"अमर पथ, धरान 56700, नेपाल",26.8299478,87.2866794,4.1,धरान, historic_site
5945,सखुवा बोट,"Dharan 11, धरान 56700, नेपाल",26.8184152,87.2588313,0,धरान, historic_site
5946,Inaruwa Sunsari fish market,"J43X+53Q, AH2, इनरुवा 56710, नेपाल",26.6029619,87.1477487,5,AH2, aquarium
5947,हनुमान मन्दिर,"H4VX+4RX, इनरुवा 56710, नेपाल",26.592875,87.1495979,0,इनरुवा, hindu_temple
5948,Umer Bin Khattab Jame Masjid Duhabi 4,"H7CJ+6F3, दुहवी 56707, नेपाल",26.5705219,87.2811705,5,दुहवी, mosque
5949,Tharu Sanghralaya Building,"G7H5+5V, टंकिसिनवारी 56613, नेपाल",26.5252863,87.2580745,3,टंकिसिनवारी, museum
5950,Eastblue aquarium,"M77G+R2V, H08, इटहरी 56705, नेपाल",26.6646009,87.2750711,0,H08, aquarium
5951,सप्तरंगी पार्क,"R67W+JV3, धरान 56700, नेपाल",26.8140201,87.2471611,3.7,धरान, park
5952,Animals Forest,"Q6V3+5MF, भरौल, नेपाल",26.7929447,87.2041833,0,भरौल, zoo
5953,कृष्ण प्रणामी मन्दिर,"M76P+C29, इटहरी 56705, नेपाल",26.6610411,87.2851056,4.6,इटहरी, hindu_temple
5954,दैता पोखरी,"चिमडी, नेपाल",26.500223,87.172951,4,नेपाल, amusement_park
5955,जामा मस्जिद,"F6XV+PJF, पूर्व कुशाहा 56613, नेपाल",26.4993141,87.244047,5,पूर्व, mosque
5956,Barju,"F69H+HM, रामगञ्ज बेलगछिया 56613, नेपाल",26.4669282,87.2301283,0,रामगञ्ज, hindu_temple
5957,शान्ति चौक,"M442+VHJ, भोक्राहा 56713, नेपाल",26.6572067,87.1013888,5,भोक्राहा, hindu_temple
5958,KhaNni Mobail GaLleRy MaNgalSen Achham,"47Q3+QHV, jibis Road, मङ्गलसेन 10700, नेपाल",29.1394706,81.2539078,4,jibis Road, art_gallery
5959,Shrestha Aquarium 1,"Guna Kamdev Marga, काठमाडौँ 44600, नेपाल",27.7018058,85.3052383,4.2,काठमाडौँ, aquarium
5960,Achham,"482V+CQF, कुइका 10700, नेपाल",29.1010979,81.3444558,5,कुइका, picnic
5961,Chapurwa MOSQUE,"GQ8P+6GW, Chaypurwa, कृष्णनगर 32800, नेपाल",27.5156138,82.7863342,4.3,Chaypurwa, mosque
5962,chhatrapal bhairabisthanmandir(achhami clique),"MC66+P96, सुर्यविनायक 44800, नेपाल",27.6617732,85.4108782,0,सुर्यविनायक, hindu_temple
5963,Jalpa Devi temple,"58V5+36P, 10700, नेपाल",29.1927119,81.308073,5,10700, hindu_temple
5964,Suyade ban,"775W+8VG, बिन्ध्यवासिनी 10700, नेपाल",29.2583145,81.2972084,5,बिन्ध्यवासिनी, hike
5965,सुवास मुर्ति उधोग एण्ड मार्वल आर्ट बाग्लुङ,"7HCX+PXX, shreenager tole, बागलुङ 33300, नेपाल",28.2718943,83.600029,5,shreenager tole, art_gallery
5966,जैमिनी नगरपालिकाको कार्यालय,"5JM7+4P4, कुश्मिशेरा 33300, नेपाल",28.1827681,83.6143333,3.7,कुश्मिशेरा, monument
5967,जैदी सतीढुङ्गा बजार,"Jaimini Municipality 07, जैदी, नेपाल",28.1350985,83.6131685,5,जैदी, historic_site
5968,Hanuman statue,"7HQH+H7F, बागलुङ 33300, नेपाल",28.2897815,83.5781644,4,बागलुङ, monument
5969,Dhorpatan Hunting Reserve,"Dhorpatan Hunting Reserve, नेपाल",28.5062721,83.0204705,,नेपाल, hike
5970,भेडी गोठ,"H29M+3P, बोवाङ 33300, नेपाल",28.5677099,83.0343461,5,बोवाङ, hike
5971,Dhorpatan Hunting Reserve Office,"F3V3+2X9, 33300, नेपाल",28.492481,83.0549767,4.6,33300, hike
5972,Vedigoth ward nine dhorpatan,"F22V+H96, 33300, नेपाल",28.4514092,83.0434003,0,33300, hike
5973,"Deurali,Dhorpatan","FXF3+PG, निसी 33300, नेपाल",28.4742655,82.9537692,0,निसी, hike
5974,श्री कुचेपानी कोट मन्दिर,"5FQV+7VJ, Gajadaha-Baghkate Rd, दुधिलाभाटी 33300, नेपाल",28.1882011,83.4946507,5,Gajadaha-Baghkate Rd, hindu_temple
5975,"Kathekhola -05 Gausara, Baglung Nepal","Kathekhola -05, Gausara, नेपाल",28.2668086,83.4734714,5,Gausara, historic_site
5976,जडिबुटी पार्क,"C78W+FM5, Lammela 33300, नेपाल",28.415876,83.2965384,0,Lammela, park
5977,बराह्थान चाेक,"89X6+QF, तारा गाविस 33200, नेपाल",28.3494645,83.3612299,0,तारा, park
5978,Chameri gufa,"765G+C77, 32600, नेपाल",28.2585333,83.2256858,0,32600, museum
5979,Dashrathchand municapality 6 Titragau,"HCCG+6JX, दशरथचन्द 10200, नेपाल",29.5706161,80.4266085,0,दशरथचन्द, park
5980,तलदौली,"CGPM+2M, पाटन 10200, नेपाल",29.4347435,80.5350835,0,पाटन, trek
5981,जल्लेका धार,"GJGC+9H5, 10200, नेपाल",29.5258787,80.6214979,0,10200, park
5982,basanti upahyaya,"P895+CQM, काठमाडौँ 44600, नेपाल",27.7185834,85.3094211,0,काठमाडौँ, hike
5983,Shree Dilasaini Mandir,"JJ2G+FX8, तल्लादेही 10200, नेपाल",29.6011516,80.6274137,3.8,तल्लादेही, mosque
5984,"Chhina Jungle ""छिना धाम""","HHWM+9PM, Kalagaun, 8, नेपाल",29.5959702,80.5843111,5,Kalagaun, museum
5985,"Shree Bhawani Secondary School, Naura, jayaprithvi, Bajhang","G5W7+F6F, जयपृथ्वी 10500, नेपाल",29.5461832,81.1630393,0,जयपृथ्वी, hindu_temple
5986,Seli Bajhang,"H553+8CV, Jayaprithvi, ward 6, seli 10500, नेपाल",29.5583614,81.153553,5,Jayaprithvi, picnic
5987,Abhishek bohara,"H7JQ+G4, भाटेखोला 10500, नेपाल",29.5812832,81.2877731,0,भाटेखोला, park
5988,Namuna Basti Hareet Park (Bal Maitri),"J83M+4G, चापागा‌‍‍उँ 44700, नेपाल",27.6028697,85.333872,5,चापागा‌‍‍उँ, park
5989,Masta 7 lataun bajhang Nepal,"H874+W4, Masta 7, lataun 10500, नेपाल",29.5646886,81.3053321,3.5,Masta, historic_site
5990,दुर्गा भवानी मन्दिर( Durga bhawani temple),"C4XX+PXQ, 10500, नेपाल",29.4493319,81.1499931,5,10500, monument
5991,Tugiraa,"Saud kada, 10800, नेपाल",29.3013951,80.8950163,0,10800, picnic
5992,Bajrabarahi Park,"J84M+X7H, झरुवाराशी 44700, नेपाल",27.6074356,85.3332252,4.4,झरुवाराशी, park
5993,Machhegaun Bhasmasur Hiking,"M67V+2HC, चन्द्रागिरी 44600, नेपाल",27.6625723,85.2438775,0,चन्द्रागिरी, hike
5994,3 Dhungi,"GX7W+4W, मौलाली 10500, नेपाल",29.5127959,80.9973508,0,मौलाली, hike
5995,"Triveni Municipality, Toli Bajura","88XH+6WC Triveni Municipality Toli, Bajura 10600, नेपाल",29.348054,81.3297655,3,Bajura, historic_site
5996,गौमुल,"गौमुल, नेपाल",29.4759354,81.3940616,,नेपाल, historic_site
5997,Jhilmiliya Mai Mandir.(झिलमिल्या माई मन्दिर),"RHX8+WW8, Indo Nepal Border Trail, मलंगवा, नेपाल",26.849799,85.5673332,4.2,Indo Nepal Border Trail, hindu_temple
5998,MASJID_E_BILAL,"Nepalgunj-19, basudevpur, नेपाल",28.0756862,81.6696517,5,basudevpur, mosque
5999,Nepalgunj Gallery,"New Rd, नेपालगञ्ज 21900, नेपाल",28.0653922,81.6291387,4.5,नेपालगञ्ज, art_gallery
6000,Durga Mandir,"2J3Q+488 Duduwa 6, हिर्मीनिया 21900, नेपाल",28.0027923,81.6382926,0,हिर्मीनिया, hindu_temple
6001,Evangelical Kundahar Church,"6245+2C5, पोखरा 33700, नेपाल",28.205022,84.0086145,5,पोखरा, church
6002,Nice Aquarium House,"M8RW+CC7, शान्तिनगर मार्ग, काठमाडौँ 44600, नेपाल",27.691043,85.346057,3.9,शान्तिनगर मार्ग, aquarium
6003,Aunshka patel,"XXMX+HGH, बलिरामपुर 44400, नेपाल",26.9839961,84.9988966,0,बलिरामपुर, museum
6004,बुडवा ईनार (ककडी),"Unnamed Road, कोल्हवी 44400, नेपाल",27.0974603,85.125864,0,कोल्हवी, amusement_park
6005,चौ बाटो 1.2.3.वाडा जाने बटो।,"56WR+XC6, भरतगंज रोड, निजगढ 44500, नेपाल",27.1974058,85.2410236,0,भरतगंज रोड, park
6006,जामा मस्जिद अबुबकर सिद्दिक,"644H+2G7, निजगढ 44401, नेपाल",27.2050438,85.1287842,0,निजगढ, mosque
6007,Nijgadh bara,"644G+MVG, निजगढ 44401, नेपाल",27.2066797,85.1271907,1,निजगढ, art_gallery
6008,Kisunpur Mosque,"V3WV+MGH, सिम्रौनगढ 44400, नेपाल",26.8967094,85.093857,3.8,सिम्रौनगढ, mosque
6009,Arun Kumar kushwaha,"V4V5+97C, सिम्रौनगढ 44400, नेपाल",26.8933966,85.108132,0,सिम्रौनगढ, trek
6010,Rajkishor baitha,"2W8H+4JH, Pheta, triveni, नेपाल",27.0153182,84.9291192,0,Pheta, tourist_attraction
6011,Kalaiya Clock Tower,"22J3+X3Q, कलैया 44400, नेपाल",27.0324684,85.0027217,0,कलैया, monument
6012,मठ मन्दिर (पुरानो बजार) विश्रामपुर रौतहट,"Municipality, Bishrampur -02, नेपाल",27.0220424,85.3721513,0,Bishrampur -02, hindu_temple
6013,metal Bridge,"F34X+VJG, आमभञ्ज्याङ 44100, नेपाल",27.4571816,85.0990811,5,आमभञ्ज्याङ, hike
6014,Madina Masjid Bhadsar-5,"Bhandsar -5, भाडसर, नेपाल",26.8179023,85.5190482,4.6,भाडसर, mosque
6015,डिमारकेशन चोक् ️,"Rajapur Road 10, राजापुर 21800, नेपाल",28.4333871,81.0962325,0,राजापुर, park
6016,Yazdani masjid daulatpur,"F4CP+FFC Yazdani masjid, राजापुर 230125, नेपाल",28.4711933,81.1361543,0,राजापुर, mosque
6017,"Zion Ecclesia Prayer House, Bansgadhi, Bardiya, Nepal","7G29+GH3, पूर्व पश्चिम राजमार्ग, बाँसगढी 21800, नेपाल",28.2512693,81.5189507,3.7,पूर्व पश्चिम राजमार्ग, church
6018,Dilli housing,"6HPJ+HJ, बाँसगढी 21800, नेपाल",28.2364483,81.5816168,0,बाँसगढी, trek
6019,Dhunge Dhara Bode,"M9RR+JMF, मध्यपुर थिमि 44600, नेपाल",27.6915698,85.3916719,4.2,मध्यपुर, amusement_park
6020,Thimi Pottery Square,"M9HM+PWG, मध्यपुर थिमि 44600, नेपाल",27.679326,85.3847605,4.4,मध्यपुर, tourist_attraction
6021,Trekking and Mountaineering Services (TAMS) Nepal Pvt. Ltd.,"Gatthaghar Marg Madhyapur Thimi- 2, 44800, नेपाल",27.6790837,85.3759101,0,44800, trek
6022,MOSQUE,"GWHH+86G, 32800, नेपाल",27.528312,82.9281098,4.2,32800, mosque
6023,Ganesh Thumki,"P2QF+JC, भिमेश्वर नगरपालिका, नेपाल",27.739022,86.0236017,0,भिमेश्वर नगरपालिका, hike
6024,Rai Treks & Expeditions (P)LTD,"जोरपाटी सुन्दरीजल सडक, गोकर्णेश्वर 44603, नेपाल",27.7391602,85.3929813,4,गोकर्णेश्वर, trek
6025,Anugraha Sagarmatha Church,"24FC+24P, रानीबास 57000, नेपाल",27.0223818,87.1195817,0,रानीबास, church
6026,Salpa Pokhari,"Salpa Pokhari, 56900, नेपाल",27.4464573,86.9337715,4.9,56900, aquarium
6027,Shivalaya Mandir The oldest Temple,"C38M+RM4, 57000, नेपाल",27.4169999,87.0841951,0,57000, hindu_temple
6028,Dhaitar Outdoor Gym,"PJ62+QF, महादेवस्थान मन्डन 45200, नेपाल",27.7118946,85.601144,0,महादेवस्थान, amusement_park
6029,Jama Masjid Dubarbona,"HF53+6Q, Laukaha, Bihar 56500, भारत",26.5579309,86.4546119,4.5,Laukaha, mosque
6030,Koinonia Bharatpur Church,"MC7C+F7C, ,CHITWAN, भरतपुर 44207, नेपाल",27.6636918,84.4206312,4.5,, church
6031,Chitwan National Park Safari and tours,"भरतपुर 44200, नेपाल",27.5971275,84.4827986,4,नेपाल, tourist_attraction
6032,Bishajari Lake Entry Gate (Bharatpur Side),"MF53+WPG, भरतपुर 44207, नेपाल",27.6598008,84.4543367,3,भरतपुर, historic_site
6033,पिपुल्स पार्क,"Rapti 9, नेपाल",27.6416394,84.6016598,5,नेपाल, park
6034,Ayre niwas,"8H5R+GC7, अमरगढी 10300, नेपाल",29.3087981,80.5910567,0,अमरगढी, hike
6035,Ninglad,"6C6X+62, परशुराम 10300, नेपाल",29.2106108,80.4475801,0,परशुराम, park
6036,Nepal Alternative Treks & Expeditions,"Post Box No: 8169, House, Raniban Marg 136/205, Nagarjun, 01, काठमाडौँ 44600, नेपाल",27.7384179,85.2857632,5,House, trek
6037,Tindu Tree,"RPV8+5HM, Mid Hill Hwy, नारायण नगरपालिका 21600, नेपाल",28.842954,81.7164363,0,Mid Hill Hwy, park
6038,Jiban Jyoti Church,"RPQ5+QJR, Mid Hill Hwy, नारायण नगरपालिका 21600, नेपाल",28.8397996,81.7080741,4,Mid Hill Hwy, church
6039,Qadari Masjid Dailekh,"Bhairabi gaupalika, दुल्लु 21600, नेपाल",28.9038637,81.6302707,1,दुल्लु, mosque
6040,Naabistaan Jwala नाबिस्थान ज्वाला,"RMW8+WF4, 21600, नेपाल",28.8472575,81.6661472,5,21600, hindu_temple
6041,Palta,"MMHQ+QG, वीरेन्द्रनगर 21600, नेपाल",28.6793125,81.6889375,0,वीरेन्द्रनगर, trek
6042,डुंगेश्वर,"डुंगेश्वर, 21600, नेपाल",28.7619882,81.6634349,,21600, tourist_attraction
6043,पंचकोशी होटल एण्ड लज,"VH3J+3JP बजार, तल्लो डुङ्गेश्वर, दुल्लु 21608, नेपाल",28.8527045,81.5815776,5,तल्लो डुङ्गेश्वर, tourist_attraction
6044,श्रीस्थान मन्दिर,"RMRG+9J5, F182, नारायण नगरपालिका 21600, नेपाल",28.8408917,81.676608,4.5,F182, hindu_temple
6045,श्री राम मन्दिर,"1, घोराही 00035, नेपाल",28.0587625,82.4861053,0,घोराही, hindu_temple
6046,ZION ECCLESIA PRAYER HOUSE LAMAHI DANG,"VG8G+PXX, F138, लमही 22414, नेपाल",27.8668614,82.5274851,0,F138, church
6047,"Satlok Ashram Lamahi,Dang","VG9C+XX7, लमही 22414, नेपाल",27.8698811,82.5224339,4,लमही, hindu_temple
6048,Arghakhanchi,"WPCM+7VW, हाँसीपुर 22400, नेपाल",27.9207402,82.7347142,0,हाँसीपुर, mosque
6049,"pond पाेखरी, गजुवा खाेला नजिक","VJ6J+CC, सिसहनिया 22400, नेपाल",27.8610422,82.631023,0,सिसहनिया, amusement_park
6050,Kusheshwor Mahadev | कुश्वेश्वर महादेव मन्दिर,"M8RV+QQ3, Prayag Marg, काठमाडौँ 44600, नेपाल",27.6918698,85.3444112,4.6,Prayag Marg, hindu_temple
6051,"बबई (सरयु)उत्तर बाहिनी , दाङ","297G+9W2, सौडियार 22400, नेपाल",28.0133805,82.3772769,0,सौडियार, tourist_attraction
6052,Clear Sky Treks & Expedition Pvt. Ltd.,"खुसिबुं विष्णुमती किनार दाँय, काठमाडौँ 44600, नेपाल",27.7215769,85.3010372,5,काठमाडौँ, trek
6053,Malikarjun dham,"PFPM+RQ5, अपी 10100, नेपाल",29.7370145,80.4844731,4.3,अपी, trek
6054,जामाचो गुम्बा,"P7W8+2PV, नागार्जुन 44600, नेपाल",27.7451165,85.2667956,4.5,नागार्जुन, trek
6055,Royal Beach Nepal,"Khatauti khola, Dhading, Charundi, नेपाल",27.7989708,84.7237705,4.1,Dhading, tourist_attraction
6056,Himalika Camp/Resort,"RP3W+48G, धुस्सा 45100, नेपाल",27.8028305,84.7458374,4.3,धुस्सा, tourist_attraction
6057,Nilkanthwa jame masjid kalaiya 10,"XX76+C95, मटिअर्वा 44400, नेपाल",26.9635108,84.9610052,5,मटिअर्वा, mosque
6058,Kafalpani dhading,"XR3X+H5F, निलकण्ठ 45100, नेपाल",27.9539396,84.8479263,0,निलकण्ठ, hike
6059,Sasaha Church,"VVVF+QQ6, निलकण्ठ 45100, नेपाल",27.8944234,84.8743989,4,निलकण्ठ, church
6060,"सिद्ध बाबा मन्दिर, धादिङ","Siddha Baba Temple, नलाङ 45100, नेपाल",27.8482364,84.812245,5,नलाङ, mosque
6061,"दामन पाख्रिन, Daman Pakhrin Statue","2XJ8+GHP, 45100, नेपाल",28.0313487,84.9664521,1,45100, monument
6062,देउसिरी नेन् (चौतारा),"3X2X+XRF, 45100, नेपाल",28.0524399,84.9995554,0,45100, hike
6063,"Punarjiwan Church, Gajuri Municipality-6, Bhashme","QWR5+JJJ Municipality, Bhashme, गजुरी 6, नेपाल",27.7915839,84.909019,0,Bhashme, church
6064,Immunial Bible church,"XVWG+CG2, सुन्दरबजार 45100, नेपाल",27.996044,84.8762656,0,सुन्दरबजार, church
6065,Kagate Childrens Park,"X8XJ+5F8, कोशी राजमार्ग, धनकुटा 56800, नेपाल",26.9979072,87.3312119,3.8,कोशी राजमार्ग, amusement_park
6066,चन्द्रमा पोखरी,"X88V+3HQ, धनकुटा 56800, नेपाल",26.9652063,87.3439793,0,धनकुटा, tourist_attraction
6067,विश्रान्ति मन्दिर,"W8HC+M95, धनकुटा 56800, नेपाल",26.9291227,87.3209938,4.3,धनकुटा, hindu_temple
6068,Saphaitar सफाईटार,"Shahidbhumi-1, नेपाल",26.9109434,87.212243,0,नेपाल, hindu_temple
6069,Janakpur zion,"QW2G+72X, जनकपुर 45600, नेपाल",26.7507452,85.925049,1,जनकपुर, church
6070,Janakpur Old Rail,"PWMQ+6MF, जनकपुर 45600, नेपाल",26.7330832,85.9391371,5,जनकपुर, historic_site
6071,Mithila chauk,"WX25+5W, मिथिला 45600, नेपाल",26.9004028,85.9597926,0,मिथिला, park
6072,Barkati Jama Masjid,"VX79+P32, छिरेश्वरनाथ 45600, नेपाल",26.8642508,85.9676263,5,छिरेश्वरनाथ, mosque
6073,चुरे क्षेत्र,"WXQX+6JC, छिरेश्वरनाथ 45600, नेपाल",26.9380737,85.9990296,0,छिरेश्वरनाथ, hike
6074,लक्ष्मी गंगा कृषि फर्म,"W69W+XF, गणेशमान चारनाथ 45900, नेपाल",26.919918,86.246246,0,गणेशमान, park
6075,"लक्ष्मी नारायण मन्दिर, धनसरी, दुधाैली-११","W66M+C7, गणेशमान चारनाथ 45600, नेपाल",26.9110763,86.2331928,0,गणेशमान, hindu_temple
6076,Chhaghareya,"X447+5JQ, गणेशमान चारनाथ 1, नेपाल",26.9554673,86.1141045,0,गणेशमान, hindu_temple
6077,Shiv chuck,"R4XH+6G3, गणेशमान चारनाथ 45600, नेपाल",26.848019,86.128789,2,गणेशमान, hindu_temple
6078,ॐ शिव मन्दिर (Shiv Temple ),"W33F+8VM Birendra Bazar, गणेशमान चारनाथ 45600, नेपाल",26.903329,86.0746793,0,गणेशमान, hindu_temple
6079,Dhanush Mandir - Dhanushadham,"R3J4+7Q6, धनुषाधाम 45600, नेपाल",26.8306745,86.0568996,4.5,धनुषाधाम, tourist_attraction
6080,Dhanusha Dham Temple,"R3J4+CQ6, धनुषाधाम 45600, नेपाल",26.8304824,86.0570982,4.4,धनुषाधाम, hindu_temple
6081,Jugeshwarpur mandir,"R24P+27F, Jugeshwarpur 45600, नेपाल",26.805053,86.0356809,0,Jugeshwarpur, hindu_temple
6082,Full Life Church,"M9C8+WCP, मध्यपुर ठिमी 44600, नेपाल",27.6722652,85.3660231,0,मध्यपुर, church
6083,मिथिला बिहारी,"मिथिला बिहारी, 45600, नेपाल",26.7817577,85.9855005,,45600, trek
6084,Shiva Mandir,"लामोसाँघु-रामेछाप राजमार्ग, भिमेश्वर नगरपालिका 45500, नेपाल",27.6440858,86.0495024,0,भिमेश्वर, museum
6085,Nasu Dolakha,"M3GG+P9J, भिमेश्वर नगरपालिका 45500, नेपाल",27.6768263,86.0759027,3,भिमेश्वर, aquarium
6086,भिमेश्वर,"भिमेश्वर, नेपाल",27.6689357,86.042453,,नेपाल, aquarium
6087,"Deurali Gadi, Chyama","G4JG+M6, च्यामा 45500, नेपाल",27.5315755,86.1255996,5,च्यामा, hindu_temple
6088,जीवान धाम मण्डली काप्ती ९ बारेकोट जाजरकोट,"27GV+C9F, नायकबाडा 21500, नेपाल",29.0260503,82.2934123,0,नायकबाडा, church
6089,Mahadev or Shiva Temple,"3FF3+Q8M, सर्मी 21400, नेपाल",29.0744554,82.4533089,5,सर्मी, hindu_temple
6090,Kaji Kalu Panday Dada,"P69F+32X, काठमाडौँ 44600, नेपाल",27.7177255,85.2226159,4.6,काठमाडौँ, monument
6091,सिलगढी,"सिलगढी, दिपायल सिलगढी 10800, नेपाल",29.2653847,80.9829631,,दिपायल, trek
6092,ठुलीगाड-कर्णाली दोभान,"धङलगौ, नेपाल",28.9398133,80.9807454,4,नेपाल, hike
6093,Historical meeting spot of Risedi Kot,"2QFG+J2R, 10800, नेपाल",29.0241026,80.7750219,0,10800, historic_site
6094,Rani Pokhari,"7X8J+MV6, दिपायल सिलगढी 10800, नेपाल",29.266287,80.9811909,0,दिपायल, park
6095,Thumsi Pinic Spot,"P954+77F, गैंडाकोट 33000, नेपाल",27.7081997,84.3556831,3.5,गैंडाकोट, picnic
6096,Ligligkot Museum,"3G4H+CH, पालुङटार, नेपाल",28.0561272,84.5289445,0,पालुङटार, museum
6097,Rupinala trek trail,"7QG6+J3, उइया, नेपाल",28.2765216,84.7602034,0,उइया, trek
6098,चारकुने धमिली कुवा,"2FWM+J22, Road, पालुङटार, नेपाल",28.0465194,84.4825073,3,Road, amusement_park
6099,"Ajirkot Rural Municipality, Bhachchek Gorkha","5J4X+84G, हंसपुर, नेपाल",28.1558029,84.647886,4.7,हंसपुर, historic_site
6100,Padelchhap Raniban Harit Park (Indreni Picnic Spot),"XJRP+7R, गोरखा 34000, नेपाल",27.990658,84.637005,0,गोरखा, picnic
6101,"Dharche Park, Larpak","6Q5J+228, Unnamed Road, लाप्राक, नेपाल",28.2075418,84.780092,4.7,Unnamed Road, park
6102,Jharni (झार्नी) खोर्ला,"8Q7R+RW8, उइया, नेपाल",28.3145262,84.7923326,5,उइया, park
6103,Resunga park,"37H3+48X, रेसुङ्गा 32600, नेपाल",28.0778619,83.2533636,3.3,रेसुङ्गा, zoo
6104,Resunga,"3778+6VF, रेसुङ्गा 32600, नेपाल",28.0630697,83.2671602,1,रेसुङ्गा, aquarium
6105,Musung,"8FPR+2RV, भकिम्ली 33200, नेपाल",28.3351545,83.4920159,0,भकिम्ली, tourist_attraction
6106,SUNNI MOSQUE (मस्जिद),"Unnamed Road, 33007, नेपाल",27.391961,83.8382888,3.5,33007, mosque
6107,"Statue of The First Martyre of Nepal, Captain Lakhan Thapa Magar","2G27+253, ठुलो लुम्पेक 32600, नेपाल",28.0000901,83.5129645,1,ठुलो, monument
6108,चिलाउने खर्क,"3G74+VP, फोकसिङ् 32600, नेपाल",28.0647431,83.506835,0,फोकसिङ्, trek
6109,Gulmidarbar Rural Municipality,"27VV+FXJ, गौडाकोट 32600, नेपाल",28.0437097,83.2948893,3.8,गौडाकोट, picnic
6110,Satyawati Temple - बुढी सत्यवती बज्यै मन्दिर,"2FWX+46M, लिम्घा 32600, नेपाल",28.0453286,83.4980622,5,लिम्घा, hindu_temple
6111,सत्यवती,"सत्यवती, नेपाल",27.9852432,83.4769026,,नेपाल, historic_site
6112,चन्द्रकोट,"चन्द्रकोट, बिरुवा अर्चले 33800, नेपाल",28.057249,83.8542604,,बिरुवा, tourist_attraction
6113,Thorga chyurek,"WCXM+F52, रूरू 32600, नेपाल",27.9486745,83.432873,0,रूरू, tourist_attraction
6114,सरस्वती मन्दिर कुनाखर्क,"34CW+3F7, Dhurkot Nayagaun, Nepal kunakharka, पिपलधारा, नेपाल",28.0701604,83.1461929,0,Dhurkot Nayagaun, hindu_temple
6115,Bichitra Cave,"45C7+V83, 32600, नेपाल",28.1221324,83.1632886,0,32600, monument
6116,Malika tol,"RG9P+8H, अत्तरीया 10900, नेपाल",28.8180539,80.5362976,4.6,अत्तरीया, tourist_attraction
6117,Adanchuli Rural Manicipalityko संग्रहालय,"MV66+JHW, श्रीनगर 21000, नेपाल",29.6616316,81.8614874,3,श्रीनगर, historic_site
6118,Dudh daha,"M5GR+QCR, दार्मा 21000, नेपाल",29.6769834,82.191013,4.5,दार्मा, hindu_temple
6119,Zero points,"JQFC+5PF, मैला 21000, नेपाल",29.6229442,81.7717901,0,मैला, hike
6120,एक औलाले हल्लीने ढुंगा,"VP94+GMJ, 57300, नेपाल",26.8688383,87.706656,0,57300, amusement_park
6121,Mt Carmel prayer house,"WRMC+54M, देउमाई 57300, नेपाल",26.9329235,87.8203313,0,देउमाई, church
6122,Deumai ilam,"WQ6F+X89, धुसेनी 57300, नेपाल",26.9124224,87.7733308,0,धुसेनी, historic_site
6123,"Dumping side of Deumai Municipality, Ilam","WRGJ+HM, देउमाई 57300, नेपाल",26.9264287,87.8317364,0,देउमाई, historic_site
6124,माता पाथीभरा कृषि बाख्रा तथा पशुपंछी व्यवसाय,"V3PR+8MR, ईलाम 57300, नेपाल",26.8858577,88.0916375,0,ईलाम, zoo
6125,Shivalaya Mandir,"V297+6X4, सूर्योदय 57300, नेपाल",26.8680213,88.0149535,4.5,सूर्योदय, hindu_temple
6126,लाप्चेटार,"VPGR+2VR, 2, नेपाल",26.8751137,87.7421265,0,2, museum
6128,Kapra village,"H37G+M3, बामे 22200, नेपाल",28.5649434,82.0760223,5,बामे, hike
6129,Ratna Prasad Neupane Memorial Garden,"Q2G8+9JG, सुवानौली 21500, नेपाल",28.7759313,82.0165679,0,सुवानौली, monument
6130,"Rock Garden, Jiree","X7C7+X5, नायकबाडा 21500, नेपाल",28.972417,82.2628834,4,नायकबाडा, park
6131,कुशेनी (तिर्थ स्थल),"R9P9+QC, खगेनकोट 21500, नेपाल",28.8369423,82.3685658,0,खगेनकोट, hindu_temple
6132,फुलचाउली लेख।,"R5FX+28, ढिमे 21500, नेपाल",28.822537,82.198357,0,ढिमे, museum
6133,जाजरकोट,"जाजरकोट, नेपाल",28.8651497,82.1713632,,नेपाल, historic_site
6134,Fish farm & resort,"Heaven park, बिर्तामोड 00977, नेपाल",26.6260514,87.9711825,4.1,बिर्तामोड, park
6135,The Latte Art Books and Bakes,"Damak 06, दमक 57217, नेपाल",26.6635862,87.7019725,4.2,दमक, art_gallery
6136,स्वतन्त्र ब्याप्टिस्ट चर्च,"JWW2+3C4, कन्काई 57200, नेपाल",26.6451327,87.9010803,4.8,कन्काई, church
6137,Jhapa Kankai 1,"MW23+PJ3, कन्काई 57200, नेपाल",26.6517504,87.9040571,0,कन्काई, hindu_temple
6138,हलुवागढ काली खोला सिमसार पर्यापर्यटन बिकास,"PXQP+R75, खुदुनाबारी 57300, नेपाल",26.7395035,87.9857288,4.1,खुदुनाबारी, picnic
6139,All Nation Mission Centre,"MVGJ+72R Nawa Jiwan Toll, Domukha Rd, शिवसताक्षी 10, नेपाल",26.675747,87.8800008,3,Domukha Rd, church
6140,ल्होसे इलाम,"MVG4+C35, शिवसताक्षी 57300, नेपाल",26.6760146,87.8552304,4.5,शिवसताक्षी, hike
6141,सट्टाभर्ना मंगलबारे खानेपानी ट्याङ्की बाजोखेट,"Q32G+47, शान्तिनगर 57200, नेपाल",26.7503708,88.0756582,5,शान्तिनगर, amusement_park
6142,बि एंड बि कृषि फर्म,"Q3JM+Q8M, बिर्तामोड 25700, नेपाल",26.7819673,88.0832818,1,बिर्तामोड, zoo
6143,"Kali Temple (Mandir), Haldibari-2 , Jhapa","H296+JWF, हल्दीबारी 57200, नेपाल",26.5690563,88.0122977,4,हल्दीबारी, hindu_temple
6144,हल्दिवारी,"हल्दिवारी, 57200, नेपाल",26.5591124,88.0216074,,57200, historic_site
6145,Animal Hospitals,"843X+7R5, चन्दननाथ 21200, नेपाल",29.3031459,82.1496049,0,चन्दननाथ, zoo
6146,Sinja,"9X47+FJ2, धापा 21200, नेपाल",29.3561475,81.9640143,5,धापा, tourist_attraction
6147,"Sinja, Jumla","M8X5+XG6, काठमाडौँ 44600, नेपाल",27.6999404,85.3087591,5,काठमाडौँ, trek
6148,हिमालय नेपाल ट्रेक प्रा। लिमिटेड,"Buddha-06, बुढानीलकण्ठ 44600, नेपाल",27.735945,85.35887,4.5,बुढानीलकण्ठ, trek
6149,Dear arn,"5CH6+R4R, गुठीचौर 21200, नेपाल",29.1796068,82.4102628,0,गुठीचौर, museum
6150,Shivpuri Dham,"PH8G+VVV, धनगढी 10900, नेपाल",28.7172284,80.5771842,4.4,धनगढी, hindu_temple
6151,Dhancauri Forest,"PJ8H+WC, धनगढी 10900, नेपाल",28.7173552,80.6286095,0,धनगढी, hike
6152,Kalika Mandir kailali tikapur kailali,"F3G6+3VF, टिकापुर 10901, नेपाल",28.4751785,81.0621592,5,टिकापुर, hindu_temple
6153,Lamki Buspark,"J5G5+J7F, महेन्द्र राजमार्ग, लम्की चुहा, नेपाल",28.6265645,81.1581784,3.9,महेन्द्र राजमार्ग, amusement_park
6154,"Lamki, kailali, Nepal","J5H2+5J8, चौहा 10901, नेपाल",28.6279181,81.1515768,4.4,चौहा, aquarium
6155,Dhade Khola Picnic Area Rest Camp,"M5V6+C7, लम्की चुहा 10900, नेपाल",28.693584,81.1606478,5,लम्की, picnic
6156,mafiya ghar,"M27M+9GJ, महेन्द्र राजमार्ग, दुदोधारा 10900, नेपाल",28.6645934,81.0333424,0,महेन्द्र राजमार्ग, park
6157,Immanuyal charch phalebisauna,"VVHQ+XXX, phalebisauna, मोहन्याल 03, नेपाल",28.88,80.89,0,phalebisauna, church
6158,Shreepur Church,"QJH2+XH4, अत्तरीया 10900, नेपाल",28.7798798,80.6014558,3.7,अत्तरीया, church
6159,Deaurali(मसानी)temple,"Chure-5, नेपाल",28.9536518,80.6082541,0,नेपाल, hindu_temple
6160,कादलकौडी धजाबान्या,"5M8R+XQ, बादलकोट 21300, नेपाल",29.1674719,81.6919293,0,बादलकोट, hike
6161,Rasula Khaton Masjid (रसुला खातुन मस्जिद),"3M65+VHW, नेपालगञ्ज 21900, नेपाल",28.0622821,81.6589627,3.7,नेपालगञ्ज, mosque
6162,कालिका फेदी,"PC99+22W, way to kalika temple, गैंडाकोट 33000, नेपाल",27.7176177,84.4175888,3.5,way to kalika temple, hike
6163,Siddhibinayak Children Park (Janakitole -18),"X58F+XQQ, भीमदत्त 10400, नेपाल",28.9664736,80.1726815,5,भीमदत्त, park
6164,Newly opened Heli Museum near by,"X59V+4QQ, H01, भीमदत्त 10400, नेपाल",28.9676885,80.1944108,5,H01, museum
6165,Shiva Kund Shiva Temple bhamka,"Unnamed Road, 10400, नेपाल",28.9573614,80.2475249,4.8,10400, hindu_temple
6166,कृष्णपुर,"कृष्णपुर, नेपाल",28.9052475,80.4660256,,नेपाल, picnic
6167,Noori Mustafa masjid,"X3RC+W6W, Banbasa, Devipura, Uttarakhand 262310, भारत",28.992443,80.0705889,0,Banbasa, mosque
6168,Nepa Aquarium,"M8CM+XRM, Sahid Sukra Raj Marg, ललितपुर 44700, नेपाल",27.6724721,85.3345673,3.5,Sahid Sukra Raj Marg, aquarium
6169,Bethel jiwan jyoti church,"Q9RH+JXR gaupalika 4, 10400, नेपाल",28.7916127,80.3799053,5,10400, church
6170,Esther mobile gallery,"Laljhadi, gaupalika.4, नेपाल",28.7918593,80.3806228,5,gaupalika.4, art_gallery
6171,itaha Baba Dham,"Laljhadi Rural Municipality, 10405, नेपाल",28.8126047,80.3865827,5,10405, hindu_temple
6172,A P MOUNT FRAMING GALLERY,"H3MM+4QW, कपिलवस्तु 32800, नेपाल",27.5854588,83.0845963,0,कपिलवस्तु, art_gallery
6173,Kapilvastu arghakhanchi border,"Q39J+F6, वाणगंगा 32800, नेपाल",27.7687506,83.080644,0,वाणगंगा, hike
6174,अद्वितीय माछा अनि प्रदायक केन्द्र,"GF52+Q76, Daya Path, सिद्धार्थनगर 32900, नेपाल",27.5094144,83.4506034,4.5,Daya Path, aquarium
6175,Durga Mandir,"G582+G9W, कपिलवस्तु 32800, नेपाल",27.5163562,83.1509677,2.3,कपिलवस्तु, hindu_temple
6176,Phedi Picnic Spot,"7VRF+M3C, धम्पुस 33700, नेपाल",28.2916927,83.8726501,4.2,धम्पुस, picnic
6177,मादी,"मादी, नेपाल",28.3642644,84.1225629,,नेपाल, tourist_attraction
6178,योजनाकार प्रा ट्रेकिङ। लिमिटेड,"ठमेल मार्ग, काठमाडौँ 44600, नेपाल",27.715033,85.311319,4.9,काठमाडौँ, trek
6179,Small memorial Dhara,"P8HW+9C8, चक्रपथ, बुढानीलकण्ठ 44600, नेपाल",27.7284039,85.3460431,0,चक्रपथ, amusement_park
6180,Masjid Al-hail bewasayik talim and sanskritik kendra,"P8MP+54, काठमाडौँ 44600, नेपाल",27.7328013,85.3353793,5,काठमाडौँ, mosque
6181,Sano pull skate park,"P7WX+PJ6, तारकेश्वर 44600, नेपाल",27.7467756,85.2990227,5,तारकेश्वर, park
6182,शान्ति आराधना चर्च,"P8R3+X8Q, तारकेश्वर 44600, नेपाल",27.7424599,85.3033545,4.5,तारकेश्वर, church
6183,ट्रेकिङ स्थल नेपाल,"चाक्सीवारी मार्ग, काठमाडौँ 44600, नेपाल",27.7173109,85.3103694,5,काठमाडौँ, trek
6184,Shahid park,"QC8X+CW2, कागेश्वरी मनोहरा 44600, नेपाल",27.7660165,85.4497756,4.3,कागेश्वरी, picnic
6185,रमेश विकल स्मृति साहित्य प्रतिष्ठान,"P9JG+QMR, Sahid Park Rd, गोकर्णेश्वर 44600, नेपाल",27.731981,85.3766519,4.3,Sahid Park Rd, monument
6186,Dakshindhoka Shanti Park,"P9CP+RW5, गोकर्णेश्वर 44600, नेपाल",27.7220014,85.387372,3.7,गोकर्णेश्वर, picnic
6187,श्री स्वस्थानी माता मन्दिर,"PFH9+9J5, शङ्खरापुर 44600, नेपाल",27.7283764,85.4691186,4.4,शङ्खरापुर, hindu_temple
6188,सुनटोल,"PFH7+R8W, शङ्खरापुर 44600, नेपाल",27.7289838,85.4632553,4.7,शङ्खरापुर, monument
6189,Old Dhulikhel Bazar,"JH93+Q5J, Inner Rd in DHulikhel, धुलिखेल 45200, नेपाल",27.6195,85.5529028,3,Inner Rd in DHulikhel, historic_site
6190,A.S Aquarium fish and pet shop,"JGJC+643, Bus Park Road, बनेपा 45210, नेपाल",27.6305191,85.5202904,4.4,Bus Park Road, aquarium
6191,Chandeshowori Thousand steps,"JGMM+QMR, बनेपा 45210, नेपाल",27.6344776,85.5341555,4.5,बनेपा, hike
6192,Hamro furniture @ panauti,"HGQ7+XRQ, पनौती 45209, नेपाल",27.5899234,85.5145647,0,पनौती, art_gallery
6193,Bhakunde B.A.M Church,"HJ2V+HW, काशीखण्ड 45200, नेपाल",27.5514079,85.6447547,3,काशीखण्ड, church
6194,सुनकोशी सत्तल,"GQRH+JX, कार्त्तिके देउराली 45200, नेपाल",27.5415508,85.779921,0,कार्त्तिके, museum
6195,खोरथापे,"GGH6+23R, 45200, नेपाल",27.52762,85.5101263,0,45200, park
6196,Mahankalchaur,"GG3H+79C, महांकाल चौर 45200, नेपाल",27.5031901,85.528379,0,महांकाल, hike
6197,Diktel View Tower,"6Q9R+PQ6, दिक्तेल 56200, नेपाल",27.2192868,86.7919009,0,दिक्तेल, museum
6198,कुटी nk,"2Q5M+582, लिच्कीराम्चे 56200, नेपाल",27.0075122,86.7826427,0,लिच्कीराम्चे, park
6199,Lubhu Art Gallery,"J9V9+9XP, सरस्वोती टोल सडक, महालक्ष्मी, नेपाल",27.6434639,85.3699225,0,सरस्वोती टोल सडक, art_gallery
6200,श्री महालक्ष्मीस्थान मन्दिर,"M869+VMH श्री माहालक्ष्मी मन्दिर, ललितपुर 44700, नेपाल",27.662726,85.3191733,4.6,ललितपुर, hindu_temple
6201,Lamjung Pathibhara Temple लमजुङ पाथीभरा मन्दिर,"59PV+QPH, Naruwal, वेसीशहर 33600, नेपाल",28.1869375,84.3943594,5,Naruwal, hindu_temple
6202,around annapurna trek trail,"59WP+F7X, वेसीशहर 33600, नेपाल",28.1962471,84.3857442,0,वेसीशहर, trek
6203,Narayanthan Mandir,"4CJ5+WWM, सुन्दरबजार 33600, नेपाल",28.1323343,84.4097872,5,सुन्दरबजार, hindu_temple
6204,"श्री क्वोइ च्हो देवी मन्दिर, गिलुङ","668Q+R4V, गिलुङ 33600, नेपाल",28.2171123,84.2378067,5,गिलुङ, hindu_temple
6205,Bichhaur Church,"33600, नेपाल",28.1901694,84.6132553,0,नेपाल, church
6206,Dhami house ™,"P776+CR7, नागार्जुन 44600, नेपाल",27.7134983,85.2620607,5,नागार्जुन, hindu_temple
6207,Dudh Pokhari दुध पोखरी,"F766+RJ, चामे, नेपाल",28.4620513,84.2615429,5,चामे, historic_site
6208,Saadiya Collection nd trekking gears hub,"वेसीशहर 33600, नेपाल",28.2362716,84.3737618,5,नेपाल, trek
6209,NOORI JAMA MASJID,"JQWM+CPH, जलेश्वर 45700, नेपाल",26.646088,85.7844044,3.3,जलेश्वर, mosque
6210,Jaleshwar Haat Bazaar,"Jaleshwar, Shankar Chowk-2, Mahottari, Nepal., बर्दिबास-जलेश्वर राजमार्ग, जलेश्वर 45700, नेपाल",26.650737,85.7976738,4,Shankar Chowk-2, art_gallery
6211,Bardibas Baptist Church,"XVMR+VW4, बर्दिबास-जलेश्वर राजमार्ग, बर्दिबास 45701, नेपाल",26.984659,85.8922742,4.1,बर्दिबास-जलेश्वर राजमार्ग, church
6212,"Jure Tole,Bardibas","WVQJ+M2J, बर्दिबास 45700, नेपाल",26.9392102,85.8800083,4.1,बर्दिबास, historic_site
6213,गौशाला रोड बस पार्क,"पूर्व पश्चिम राजमार्ग, बर्दिबास 45701, नेपाल",27.001634,85.8529777,3.7,बर्दिबास, park
6214,SHONA,"VH74+3C8, मलंगवा 45800, नेपाल",26.8626548,85.5560635,3,मलंगवा, tourist_attraction
6215,Sundari Bagar Resort,"4W59+V29, तुलसी चौद, नेपाल",27.109663,85.9176149,5,तुलसी चौद, picnic
6216,New Mithila Art Studio,"MQ2W+HV3, बर्दिबास-जलेश्वर राजमार्ग, जलेश्वर 45700, नेपाल",26.651399,85.7971757,0,बर्दिबास-जलेश्वर राजमार्ग, art_gallery
6217,कांग्रेस चोक,"C2JP+X9P, हरी कुञ्ज मार्ग, हेटौडा 44107, नेपाल",27.4324573,85.0359426,3.9,हरी कुञ्ज मार्ग, historic_site
6218,कुर्ले दमार रोड,"C47G+GVJ, Unnamed Road, मकवानपुरगढी 44100, नेपाल",27.41384,85.1271494,0,Unnamed Road, park
6219,जिम्दार डाँडा,"G4WQ+Q2P, भिमफेदी १, नेपाल",27.5469571,85.1375645,0,भिमफेदी १, hike
6220,Maisthan Mandir,"6GXX+WXV, सिगाना 33300, नेपाल",28.2498642,83.5499238,0,सिगाना, hindu_temple
6221,PRAKEN GOMPA,"M2FH+V5M, टंकी मनांङ् 33500, नेपाल",28.6747139,84.0279106,5,टंकी, monument
6222,Singhiya River Suspension Bridge,"C832+WFW, विराटनगर 56613, नेपाल",26.4048583,87.3011921,4.3,विराटनगर, hike
6223,Shiva statue,"M988+963, bazar near, कोशी हरैचा 56600, नेपाल",26.6658767,87.3655768,5,bazar near, monument
6224,morang,"MHJW+H6C, उर्लाबारी 56600, नेपाल",26.6814305,87.5955243,5,उर्लाबारी, historic_site
6225,Shri Manakamana Community Forest Consumer Group,"महेन्द्र राजमार्ग, पथरी शनिश्चरे 56600, नेपाल",26.6611765,87.5553221,4,पथरी, museum
6226,Rangeli morang nepal Choprha,"FF9X+RMM, रङ्गेली 56600, नेपाल",26.4696711,87.4992492,3.6,रङ्गेली, tourist_attraction
6227,श्री ज्योति सामुदायिक वन,"HGGF+C94, Milanchowk-Narayanchowk Road, वयरवन 56600, नेपाल",26.5760147,87.5234497,3,Milanchowk-Narayanchowk Road, park
6228,Children Park,"Ratuwamai-1, Kalyanpur 56600, नेपाल",26.4216377,87.614213,5,Kalyanpur, park
6229,Himalayan wildlife agro company Pvt.ltd,"मधुमल्ला 56600, नेपाल",26.7444705,87.6468575,4.3,नेपाल, zoo
6230,नयाँ बाटो चोक,"GMJ7+M99, कोहवारा 57200, नेपाल",26.5316542,87.6634915,1,कोहवारा, trek
6231,Believers Church,"GFFW+VJC, द्रबेशा 56600, नेपाल",26.5246852,87.4965312,5,द्रबेशा, church
6232,रारा ट्रेक्स टुर्स एण्ड ट्राभल्स,"पकनाजोल मार्ग, काठमाडौँ 44600, नेपाल",27.7180123,85.3095158,4.6,काठमाडौँ, trek
6233,Marpha,"RJ8W+355, मार्फा 33100, नेपाल",28.8151445,83.6454831,4.7,मार्फा, tourist_attraction
6234,kajibhume Than Narchyang (काजिभुमे थान नारच्याङ्ग ),"GMGH+H2H, नरच्यांग 33200, नेपाल",28.5264495,83.6775982,5,नरच्यांग, hindu_temple
6235,वारागुङ मुक्तिक्षेत्र,"वारागुङ मुक्तिक्षेत्र, नेपाल",28.8153374,83.8629004,,नेपाल, historic_site
6236,थुब्चेन गुम्बा,"5XM4+3FV, लोमांगथांग 33100, नेपाल",29.1828053,83.9562055,5,लोमांगथांग, church
6237,Parbat beni,"8HR9+CW2, बेनी 33400, नेपाल",28.3410073,83.5697603,4.8,बेनी, art_gallery
6238,Ganeshman Pillar,"J4VG+HMM, महेन्द्र राजमार्ग, कावासोती 33000, नेपाल",27.6439649,84.1266865,3.3,महेन्द्र राजमार्ग, monument
6239,Tatribas (त्त्रात्रीबास),"नमूना रोड, गैंडाकोट 33000, नेपाल",27.7158268,84.3926003,3,गैंडाकोट, tourist_attraction
6240,Narayan Arts & Painting Gallery,"P94V+5VR, गैंडाकोट 33000, नेपाल",27.7054813,84.3946499,1,गैंडाकोट, art_gallery
6241,Devachuli lower view tower and a Devachuli temple,"Q57G+FQR, देवचुली 33000, नेपाल",27.7637357,84.1768758,4.5,देवचुली, monument
6242,मध्यवर्ती मार्ग,"M55M+XWW, देवचुली 33000, नेपाल",27.659994,84.184835,0,देवचुली, historic_site
6243,Madhyabindu 13 mainaghat nawalpur,"J2X7+WV, बसन्त पुर 33000, नेपाल",27.6488405,84.0143857,0,बसन्त, church
6244,Bulingtar Rural Municipality Office,"R5PR+69W Kaligandaki Corridor, बुलिङ्टार 33000, नेपाल",27.8355033,84.1907308,4.4,बुलिङ्टार, mosque
6245,Machedi Pratixyalaye,"Bungdikali 1 machedi Baudikali, Machedi Rd, 33001, नेपाल",27.8538268,84.1038194,3,Machedi Rd, park
6246,Nepal Christian Revival Church binai tribeni dhungetadidhungetadi),"MRC7+CCH, धुर्कोट 33000, नेपाल",27.6710707,83.8136047,3,धुर्कोट, church
6247,Tribeni Arts Devighat,"V455+FQF, बिदुर 44900, नेपाल",27.8586863,85.1094364,5,बिदुर, art_gallery
6248,Shish Mahal Temple,"श्रीगजेन्द्रमोक्षदिव्यधाम, त्रिबेणी धाम, त्रिबेणी रोड, त्रिबेणी 33007, नेपाल",27.4713999,83.9420225,4.3,त्रिबेणी धाम, monument
6249,S मोड मन्दिर,"महेन्द्र राजमार्ग, बर्दघाट 33007, नेपाल",27.5535838,83.8022076,5,बर्दघाट, museum
6250,Divya Nagar Fun Park,"GQRV+5P2, बर्दघाट 33007, नेपाल",27.5403988,83.7942551,5,बर्दघाट, park
6251,Ramkrishna niwas,"R3QM+HJ9, दुइपिपल 44900, नेपाल",27.8389231,85.0841033,3.7,दुइपिपल, hike
6252,Rumba jharna,"R9QQ+P56, समुन्द्रदेवी 44900, नेपाल",27.8392851,85.3878863,0,समुन्द्रदेवी, hike
6253,इस्लामिक सांस्कृतिक केन्द्र,"M7PV+M27, काठमाडौँ 44600, नेपाल",27.6866653,85.2923865,4.8,काठमाडौँ, mosque
6254,Sisnemul Panidhara,"W6QG+3FP, हल्देकालीका 44900, नेपाल",27.9377177,85.226206,0,हल्देकालीका, amusement_park
6255,Surya chaur,"W598+QC8, बिदुर 44900, नेपाल",27.9194201,85.1660825,0,बिदुर, trek
6256,Manebhanjyang stationery,"Harkapur-Okhaldhunga Road, 56100, नेपाल",27.2149239,86.4446471,5,56100, art_gallery
6257,MANEBHANJYANG CIRCLE मानेभञ्ज्याङ सरकल,"6C5V+W26, टोक्सेल 56100, नेपाल",27.209776,86.4425019,4.3,टोक्सेल, historic_site
6258,Ward no 1 Manebhanjyang,"6GPQ+CR2, मोली 56100, नेपाल",27.2360083,86.5394685,0,मोली, historic_site
6259,Manebhaniyang,"Manebhaniyang, टोक्सेल 56100, नेपाल",27.2,86.433333,,टोक्सेल, historic_site
6260,मानेभञ्ज्याङ्ग पुलिस स्टेसन,"Harkapur-Okhaldhunga Road, 56100, नेपाल",27.2144864,86.4477892,0,56100, historic_site
6261,Palwuñgba kwañma (Tom Hill),"X9P6+F2, दुधौली 45900, नेपाल",26.9861447,86.360012,0,दुधौली, historic_site
6262,"Mhanegang (म्हानेगाङ बनखु, सल्लेनी)","बनखु 45200, नेपाल",27.3628008,85.6335062,5,नेपाल, historic_site
6263,बेल डाँडा,"996H+P7X, खिजी फलांटे 56100, नेपाल",27.3618654,86.3782198,0,खिजी, hike
6264,Shreekantheswar mahadev,"Sunkoshi ga.pa, 56100, नेपाल",27.2938853,86.3537055,0,56100, hindu_temple
6265,मोलुङ,"मोलुङ, 56100, नेपाल",27.3662097,86.4223536,,56100, tourist_attraction
6266,हिमालय को कला विरासत,"RP36+H5W, Lukla - Everest Base Camp Trekking Route, नाम्चे 56000, नेपाल",27.8042113,86.7105031,5,Lukla - Everest Base Camp Trekking Route, art_gallery
6267,नागथान चोक,"9J2W+56P, नेचा बेतघारी बिदेसी 56000, नेपाल",27.3504507,86.645567,0,नेचा, trek
6268,Chiuri Bote Daha,"7HQ4+RX, सिद्धिचरण 56100, नेपाल",27.2895631,86.5574002,0,सिद्धिचरण, hike
6269,Majhitar,"966C+X6P, नर्मदेश्वोर 56100, नेपाल",27.3624643,86.2205797,0,नर्मदेश्वोर, picnic
6270,Tansen park,"VHF4+HV6, Road, तानसेन 32500, नेपाल",27.8739155,83.5571532,4.3,Road, park
6271,Tansen Bazaar Palpa,"तानसेन 32500, नेपाल",27.8683959,83.545888,4.5,नेपाल, monument
6272,रामपुर,"रामपुर, नेपाल",27.8607884,83.8805925,,नेपाल, tourist_attraction
6273,"Way to Rampur,Palpa","VJRR+2WV, पिपलडाँडा - रामपुर राजमार्ग, पिपल डांडा 32500, नेपाल",27.890144,83.642578,0,पिपलडाँडा - रामपुर राजमार्ग, tourist_attraction
6274,ठुलो पोखरा,"C3, चापाकोट 33800, नेपाल",27.8864216,83.8465616,0,चापाकोट, museum
6275,"Om Gift And Art Gallery, Rampur","M82V+FJM, चित्रवन 44200, नेपाल",27.651225,84.3440251,0,चित्रवन, art_gallery
6276,दुरुन छाप,"RWQ6+8C2, रामपुर 32500, नेपाल",27.8382605,83.911004,0,रामपुर, trek
6277,Hi-Fi Chapakhana (Arts),"M7QV+HPF, सैनामैना 32900, नेपाल",27.6889298,83.2943569,0,सैनामैना, art_gallery
6278,DOBAN PARK,"PFXC+69H, दोभान 32500, नेपाल",27.7480567,83.4709926,5,दोभान, amusement_park
6279,Mayur Stationery,"Milijuli-path Traffic Chowk, बुटवल 32907, नेपाल",27.7020151,83.4662401,4.6,बुटवल, art_gallery
6280,पाल्पा संग्रहालय,"VG8W+9P8, बैंक मार्ग, तानसेन 32500, नेपाल",27.8659123,83.5468493,3.8,बैंक मार्ग, art_gallery
6281,Mathagadhi Fort,"PJ43+GQQ, गोठादी 32500, नेपाल",27.7063495,83.6044941,4.5,गोठादी, historic_site
6282,Balik arts,"3782+66X, Tansen-Ridi-Tamghas Road, रेसुङ्गा 32600, नेपाल",28.0656082,83.2506029,0,Tansen-Ridi-Tamghas Road, art_gallery
6283,water Tap पानी पिउनेे ठाउँ,"RJX9+V5G, नारायणमतालेस 32500, नेपाल",27.8497056,83.6181581,0,नारायणमतालेस, amusement_park
6284,Bucephalus,"VH82+VHW, तानसेन 32500, नेपाल",27.867245,83.5514474,0,तानसेन, church
6285,The Green Park,"पोखराथोक 32500, नेपाल",27.902646,83.516091,4.7,नेपाल, picnic
6286,साँधुटार पोखरी,"फिदिम 57400, नेपाल",27.0785838,87.8124462,5,नेपाल, tourist_attraction
6287,ताथली हाईट हर्सपुर,"MFGQ+2R5, महामञ्जुश्री नगरकोट, नेपाल",27.675014,85.4896144,4,महामञ्जुश्री नगरकोट, hike
6288,"Gurung Museum,गुरुङ्ग संग्रहालय","9M4M+7CX, फुङलिङ 57500, नेपाल",27.3557379,87.6836205,3,फुङलिङ, museum
6289,श्री राधाकृष्ण मन्दिर,"7Q82+47R, 57400, नेपाल",27.2653507,87.7506274,0,57400, hindu_temple
6290,RP Art and Framing Centre,"फुङलिङ 57500, नेपाल",27.3571533,87.6713569,0,नेपाल, art_gallery
6291,Bantedara,"4W88+C3, माईपोखरी 57400, नेपाल",27.1160883,87.9151722,5,माईपोखरी, trek
6292,मेघ दल पारघरी स्मृतिलय,"पञ्चकन्या पोखरी 57106, नेपाल",27.028838,87.4690221,0,नेपाल, monument
6293,Modibeni,"Modibeni, नेपाल",28.2025957,83.6704139,,नेपाल, trek
6294,गिद्धें चोक,"7J4P+9H7, कुश्मा 33400, नेपाल",28.2558571,83.6360762,0,कुश्मा, museum
6295,Nilkantheshwar temple jaljala,"8MQ8+JF2, सालिजा 33400, नेपाल",28.3390273,83.6661131,4.4,सालिजा, hindu_temple
6296,Maisthan Mandir,"2V6H+W9J, २ नम्बर गली, वीरगञ्ज 44300, नेपाल",27.0123418,84.8782867,4.6,२ नम्बर गली, hindu_temple
6297,Basant Art Pokhariya,"Pokhariya Bazar Near Krishna Oil Store Pokhariya-2, पोखरीया 44300, नेपाल",27.0764738,84.764741,1,पोखरीया, art_gallery
6298,"Noori Jamme Masjid, नुरी जाम्मे मस्जिद","3Q5V+JMP, बहुअरवा भाठा 44300, नेपाल",27.0591057,84.7942217,5,बहुअरवा, mosque
6299,"johari mai mandir, Balirampur parsa,","4R6J+VV3, बागेश्वरी तित्रोना 44300, नेपाल",27.1121275,84.832184,5,बागेश्वरी, hindu_temple
6300,सुन्दरबस्ती मार्ग,"Panauti-Kushadevi Rd, र्‍याले 45200, नेपाल",27.5891971,85.4800067,5,र्‍याले, tourist_attraction
6301,Sudeep House,"Q362+PGM, गोगनपानी 45100, नेपाल",27.7618422,85.0512992,5,गोगनपानी, historic_site
6302,Deurali dandaa,"F23V+2W, मकवानपुरगढी 44100, नेपाल",27.4526198,85.0448364,2,मकवानपुरगढी, trek
6304,Bhedihari Shawshank ghat,"2PRJ+JP, लाहावर्थकरी 44300, नेपाल",27.0415502,84.7318203,2,लाहावर्थकरी, park
6305,Bageshwori Nagarkot Suspension Bridge(बागेश्वरी नगरकोट झोलुङ्गे पुल),"Suspension Bridge, Telkot Nagarkot Rd, महामञ्जुश्री नगरकोट 44600, नेपाल",27.7063484,85.4837236,4.7,Telkot Nagarkot Rd, hike
6306,Sarumarani 1 bangeshal,"4V23+M87, प्यूठान 22300, नेपाल",28.1016595,82.8532928,0,प्यूठान, art_gallery
6307,Pyuthan,"4V23+M87, प्यूठान 22300, नेपाल",28.1016595,82.8532928,0,प्यूठान, hindu_temple
6308,सिरसीने,"5WV2+5HF, लुङ 22300, नेपाल",28.1929283,82.9014356,0,लुङ, park
6309,Aatitar,"4V23+M87, प्यूठान 22300, नेपाल",28.1016595,82.8532928,0,प्यूठान, tourist_attraction
6310,Ram Sita Mandir,"HGP9+4C6, Tribeni Rd, पनौती 45209, नेपाल",27.5852938,85.5185196,5,Tribeni Rd, hindu_temple
6311,Ranajor khola,"95X3+FCQ, मन्थली 45400, नेपाल",27.3987076,86.1535969,0,मन्थली, monument
6312,BP Park Museum बीपी पार्क सङ्ग्रहालय,"CRP8+RM4, दुम्जा 45900, नेपाल",27.4376665,85.8165157,3,दुम्जा, museum
6313,Purano Chapakharka Dhara,"J9QM+C33, महालक्ष्मी, नेपाल",27.6384547,85.3827837,0,महालक्ष्मी, amusement_park
6314,red panda park,"J75V+8JC, Shivalaya 45500, नेपाल",27.6083233,86.2940143,0,Shivalaya, park
6315,Likhu tamakoshi Rural municipality ward 4 office,"C674+5XF, 45400, नेपाल",27.4129113,86.2074187,5,45400, aquarium
6316,Umakunda ground,"Unnamed Road, प्रिती 45400, नेपाल",27.504972,86.2909874,4.8,प्रिती, historic_site
6317,Suryakunda Lake,"3CCH+P5, घ्याङफेदी 45000, नेपाल",28.0718046,85.4279957,4.7,घ्याङफेदी, park
6318,AmaChhodingmo,"75XQ+XXX, गत्लाङ 45000, नेपाल",28.3,85.19,0,गत्लाङ, church
6319,Jama Mosque,"सखुवा धमौरा 44515, नेपाल",27.0135309,85.3423379,4.6,नेपाल, mosque
6320,"Home Gallery - Best Furniture, Electronics & Mobile Suppliers In Nepal","Gaur, chapur highway, चन्द्रपुर 44515, नेपाल",27.1172035,85.3565649,4.4,chapur highway, art_gallery
6321,Ram Naresh Cycle Pasal Garuda rauthat nepal,"Near Nepal Telecom office, Main Road Garuda Rautahat, गरुडा 44500, नेपाल",26.9506722,85.3162073,0,Main Road Garuda Rautahat, trek
6322,Shekh sahjad,"Q6WW+RMP, बैरिया 44500, नेपाल",26.7970807,85.2467398,0,बैरिया, museum
6323,Bhelhi Kmadei Bridge,"V7JM+HP5, सखूअवा 44500, नेपाल",26.8813918,85.284355,0,सखूअवा, hike
6324,Rautahat Nepal,"285W+MFF, सखुवा धमौरा 44500, नेपाल",27.0102165,85.345493,0,सखुवा, historic_site
6325,"प्रतिक्षालय, पोखरभिण्डा रौतहट","26WQ+FX6, ककनपुर 44500, नेपाल",27.0473878,85.2399859,0,ककनपुर, historic_site
6326,मस्जिद मलाही टोल,"W8VQ+VG, गरुडा 44500, नेपाल",26.944746,85.338822,0,गरुडा, mosque
6327,Jogauliya Masjid,"28F2+JHC, सिमरा भवानीपुर 44515, नेपाल",27.0240396,85.3013833,0,सिमरा, mosque
6328,BP Memorial & Clock Tower (Ghantaghar),"Q78C+CRX Gaur Bus Station, Bus Station Road, गौर 44500, नेपाल",26.7661056,85.2721047,0,Bus Station Road, monument
6329,Sea To Summit Trekking Tour In Nepal pvt.ltd,"बौद्ध सडक, काठमाडौँ 44600, नेपाल",27.7221868,85.3618523,4.4,काठमाडौँ, trek
6330,Shanti prashansa church Gairigaun Tila Rolpa Nepal,"8GF4+PCF, गैरीगाउँ 22100, नेपाल",28.3242901,82.5060198,3,गैरीगाउँ, church
6331,Mardi Himal Trek,"ल्वाङ घलेल 33700, नेपाल",28.4636442,83.9031994,4.8,नेपाल, trek
6332,Uma tinbang pun nibas,"5HJX+4V, जौलीपोखरी 22100, नेपाल",28.1800765,82.5999151,0,जौलीपोखरी, park
6333,Runtigadhi Gaupalika 8 Siulibang rolpa,"Jhenam 7, siulibanga, नेपाल",28.2233093,82.4351393,4,siulibanga, mosque
6334,रुन्टीगढी,"रुन्टीगढी, नेपाल",28.1829865,82.5058182,,नेपाल, art_gallery
6335,rahul art allery and tatto house,"RJWX+738, सिसहनिया 22400, नेपाल",27.8457175,82.6476619,0,सिसहनिया, art_gallery
6336,RUNTI,"7G2P+GQ4, सखि 22100, नेपाल",28.2503758,82.5378781,0,सखि, hindu_temple
6337,चान्जा,"5RW3+X3, सिर्पा, नेपाल",28.1974446,82.8026824,0,सिर्पा, hike
6338,भगवती मन्दिर,"H6M6+W6P, कालागाउँ 22200, नेपाल",28.5848116,82.210583,4.3,कालागाउँ, hindu_temple
6339,Maurakhara Goat Farm,"Syanibarkhu, Arebare 12, Radi 22000, नेपाल",28.7663877,82.350498,0,Arebare, zoo
6340,बाँफिकोट गाउँपालिकाको कार्यालय,"MFJ8+VMG, बान्फीकोट 22000, नेपाल",28.682182,82.4667045,4.5,बान्फीकोट, mosque
6341,Simrutu,"Tribeni 2, गौतमकोट, नेपाल",28.9746532,82.5375809,0,गौतमकोट, hindu_temple
