id,name,address,latitude,longitude,rating,second_word,types,description,removal_reason
1,Garden of Dreams,"P877+MR2, Tridevi Sadak, Kathmandu 44600, Nepal",27.7141261,85.3145041,4.2,Tridevi Sadak,"tourist_attraction, park, point_of_interest, establishment",Kathmandu Metropolitan City,Description too short (< 10 words)
2,Swayambhu Buddha Park - Ring Road,"Kathmandu 44600, Nepal",27.716145,85.2838866,4.5,Nepal,"park, tourist_attraction, point_of_interest, establishment",,Missing description
3,Narayanhiti Royal Palace,"Narayanhiti Path, Kathmandu 44600, Nepal",27.7148218,85.3180841,4.4,Kathmandu,"museum, point_of_interest, establishment",Kathmandu,Generic location description
4,Kathmandu Guide,"Paknajol Marg, Kathmandu 44600, Nepal",27.7172237,85.3090963,4.0,Kathmandu,"tourist_attraction, museum, hindu_temple, travel_agency, place_of_worship, point_of_interest, establishment",Kathmandu,Generic location description
5,Ratna Park,"ratana paaraka patha, Kathmandu 44600, Nepal",27.7060531,85.3148081,3.9,Kathmandu,"park, tourist_attraction, point_of_interest, establishment",Kathmandu,Generic location description
6,Chittikot paid-bajura,"9845+9V3, Bajura 10600, Nepal",29.3558565,81.3096089,3.8,Bajura,"museum, point_of_interest, establishment",Bajura,Description too short (< 10 words)
7,Nag Pokhari,"MCFM+M8H, Bhaktapur 44800, Nepal",27.6741945,85.4333464,4.1,Bhaktapur,"park, point_of_interest, establishment",Bhaktapur,Description too short (< 10 words)
8,National Art Museum,"MCCH+W55, Durbar square Durbar Square, Bhaktapur 44800, Nepal",27.6721934,85.4281506,4.2,Durbar square Durbar Square,"tourist_attraction, museum, point_of_interest, establishment",Kathmandu Metropolitan City,Description too short (< 10 words)
9,mayaura jhayaala,"MCFP+87C, Bhaktapur 44800, Nepal",27.6733036,85.4356439,4.7,Bhaktapur,"museum, point_of_interest, establishment",Bhaktapur,Description too short (< 10 words)
10,Bhaktapur Art Gallery,"MCCH+W55, Bhaktapur 44800, Nepal",27.6722594,85.4279759,4.6,Bhaktapur,"art_gallery, museum, point_of_interest, establishment",Bhaktapur,Description too short (< 10 words)
11,Wood Carving Museum,"MCFP+85P, Mako Galli, Bhaktapur 44800, Nepal",27.6733339,85.4353738,4.2,Mako Galli,"museum, point_of_interest, establishment",Gali,Description too short (< 10 words)
12,Kamal pokhari,"MCGQ+RHM, Kamal Pokhari Path, Bhaktapur 44800, Nepal",27.6768477,85.4384818,4.3,Kamal Pokhari Path,"park, point_of_interest, establishment",Kamal,Description too short (< 10 words)
13,Elephant Breeding Center,"Baadreni Road Royal Chitwan NP., Bharatpur 44204, Nepal",27.5819444,84.4630556,4.1,Bharatpur,"tourist_attraction, park, food, point_of_interest, establishment",Bharatpur,Description too short (< 10 words)
14,Shey Phoksundo National Park,"Suligad, Dolpa Suligad, 21400, Nepal",29.4532191,82.8013965,4.3,Dolpa Suligad,"tourist_attraction, park, point_of_interest, establishment",Aso,Description too short (< 10 words)
15,Gorkha Museum,"Rani Pokhari Maarga, Gorkha 34000, Nepal",27.9987262,84.6244287,4.4,Gorkha,"museum, tourist_attraction, point_of_interest, establishment",,Missing description
16,Gorkha Palace,"2J3H+QGF, Gorkha Bazar 34000, Nepal",28.0044263,84.6288075,4.5,Gorkha,"museum, point_of_interest, establishment",,Missing description
17,Bhaludhunga Religious Tourism Ecological Park,"WWG6+6P7, Ilam 57300, Nepal",26.9255355,87.9117984,4.2,Ilam,"park, point_of_interest, establishment",Īlām,Description too short (< 10 words)
18,National Museum of Nepal,"Museum Marg, Kathmandu 44600, Nepal",27.7057922,85.2895261,4.3,Kathmandu,"tourist_attraction, museum, point_of_interest, establishment",Kathmandu,Generic location description
19,Bhandarkhal Jungle,"P85R+VR4, Pashupati Nath Road, Kathmandu 44621, Nepal",27.7096468,85.3420728,4.2,Pashupati Nath Road,"park, tourist_attraction, point_of_interest, establishment",Rode,Description too short (< 10 words)
20,Bhrikuti Mandap Park,"P829+GF6, Pradarshani Marg, Kathmandu 44600, Nepal",27.701292,85.3186434,3.9,Pradarshani Marg,"park, tourist_attraction, point_of_interest, establishment",Nima,Description too short (< 10 words)
21,Kathmandu Fun Park,"Pradarshani Marg, Kathmandu 44600, Nepal",27.701377,85.3203981,4.0,Kathmandu,"amusement_park, tourist_attraction, park, point_of_interest, establishment",Kathmandu,Generic location description
23,Aqua Freak Nepal,"Bagamati Tripureswor Bridge, Lalitpur 44600, Nepal",27.6904776,85.3094065,4.2,Lalitpur,"aquarium, tourist_attraction, point_of_interest, establishment",Pātan,Description too short (< 10 words)
24,Parsa National Park,"Parsa Wildlife Reserve, 44202, Nepal",27.4760099,84.7942091,4.2,44202,"park, point_of_interest, establishment",Nantes,Description too short (< 10 words)
25,Mallarani pyuthan,"3VPR+6R9, Pyuthan 22300, Nepal",28.0855417,82.8921088,4.3,Pyuthan,"park, point_of_interest, establishment",Pyūthān,Description too short (< 10 words)
26,"Puspalal Birth Place, Ramechhap","83J9+6H4, Ramechhap 45400, Nepal",27.3305111,86.068947,4.0,Ramechhap,"park, point_of_interest, establishment",,Missing description
27,Sindhuli Gadhi Small Fort,"7XJ3+3WP, Dhulikhel Sindhuli Bhittamod Rajmarg, Bhadrakali 45900, Nepal",27.2802152,85.9548275,4.4,Dhulikhel Sindhuli Bhittamod Rajmarg,"tourist_attraction, museum, point_of_interest, establishment",Dhulikhel,Description too short (< 10 words)
28,Hem Narayan Park,"M666+FV6, Siraha 56500, Nepal",26.6611672,86.2121261,4.2,Siraha,"park, point_of_interest, establishment",Siraha,Description too short (< 10 words)
29,Kalika Bhagwati Community Forest,"7J47+892, Bhagawati Path, Baglung 33300, Nepal",28.2557602,83.6133779,4.0,Bhagawati Path,"park, point_of_interest, establishment",,Missing description
30,Taksar Bazar takasaara bajaara,"Bhojpur Sadak, Bhojpur 57000, Nepal",27.1573375,87.0509521,4.2,Bhojpur,"museum, point_of_interest, establishment",Bhojpur,Description too short (< 10 words)
31,Sindhuligadi Memorial Park,"7XJ4+2GQ, Dhulikhel Sindhuli Bhittamod Rajmarg, Jalkanya 45900, Nepal",27.2800772,85.9563604,4.4,Dhulikhel Sindhuli Bhittamod Rajmarg,"park, point_of_interest, establishment",Dhulikhel,Description too short (< 10 words)
32,Birendra Aishwarya Park,"7J72+XF7, Baglung 33300, Nepal",28.2649155,83.60118,4.8,Baglung,"park, point_of_interest, establishment",Bāglung,Description too short (< 10 words)
33,"Baglung Municipality-2, Purano Bus park, Yashora Park","7J72+WJF, Baglung 33300, Nepal",28.2648102,83.601561,2.0,Baglung,"park, point_of_interest, establishment",Bāglung,Description too short (< 10 words)
34,Rudra lake Baglung Nepal,"7HGJ+XJH, Baglung 33300, Nepal",28.2774326,83.581615,5.0,Baglung,"park, point_of_interest, establishment",Bāglung,Description too short (< 10 words)
35,10000 liters of water tank,"7HWP+MH5, phaedaii, Baglung, Nepal",28.2966493,83.586496,5.0,phaedaii,"park, point_of_interest, establishment",,Missing description
36,Rudraman Gurung Memorial Park(raudaramaana gauraunga samaृtaipaaraka,"Baglung-10, Bhakunde, Nepal",28.2774326,83.581615,5.0,Bhakunde,"park, point_of_interest, establishment",,Missing description
37,Farmers Father DevDhawal Park,"7J47+R2, Baglung 33300, Nepal",28.2570579,83.6125858,5.0,Baglung,"park, point_of_interest, establishment",Bāglung,Description too short (< 10 words)
38,salalaenaii paakhaa saamaudaayaika bana,"8H2H+8R5, Unnamed Road, Baglung 33300, Nepal",28.3007654,83.5796088,5.0,Unnamed Road,"park, point_of_interest, establishment",Rode,Description too short (< 10 words)
39,Bhimpokhara,"7GQH+XXX, Baglung 33300, Nepal",28.29,83.53,4.7,Baglung,"park, point_of_interest, establishment",Bāglung,Description too short (< 10 words)
40,Sansaarkot vault,"7HW2+48H titaure sansar kot, Baglung 33300, Nepal",28.2953026,83.5508645,4.7,Baglung,"park, point_of_interest, establishment",Bāglung,Description too short (< 10 words)
41,Muggling hill,"7HHH+9R8, Baglung 33300, Nepal",28.2784187,83.5795731,5.0,Baglung,"park, point_of_interest, establishment",Bāglung,Description too short (< 10 words)
42,UK KRISHI TATHA PASHUPANCHI FARM,"7JH2+GRX, Baglung 33300, Nepal",28.2788634,83.6021242,5.0,Baglung,"park, point_of_interest, establishment",Bāglung,Description too short (< 10 words)
43,Sahid Smriti Park DHAULAGIRI BAGLUNG,"7J64+GFF, Baglung 33300, Nepal",28.2613157,83.6061683,0.0,Baglung,"park, point_of_interest, establishment",Bāglung,Description too short (< 10 words)
44,B.P. Smriti Park,"Yog Nath Kandel's Home, Baglung 33300, Nepal",28.2666073,83.6060378,0.0,Baglung,"park, point_of_interest, establishment",Bāglung,Description too short (< 10 words)
45,Kripa,"7H8X+2J2, Baglung 33300, Nepal",28.2648024,83.5985629,0.0,Baglung,"park, point_of_interest, establishment",Bāglung,Description too short (< 10 words)
46,Hariyali park,"7J92+PWV, Baglung 33300, Nepal",28.269357,83.6022898,0.0,Baglung,"park, point_of_interest, establishment",Bāglung,Description too short (< 10 words)
47,Birendra Aishworya Park,"7JG2+535, Baglung 33300, Nepal",28.2753953,83.6002499,0.0,Baglung,"park, point_of_interest, establishment",Bāglung,Description too short (< 10 words)
48,Ismriti prak,"7J84+GC7, Baglung 33300, Nepal",28.2662807,83.6060455,0.0,Baglung,"park, point_of_interest, establishment",Bāglung,Description too short (< 10 words)
49,"Mannaya, Dhimi","7H95+6GQ, Baglung 33300, Nepal",28.2680787,83.5588605,0.0,Baglung,"park, point_of_interest, establishment",Bāglung,Description too short (< 10 words)
50,Aashish thapa,"7HGJ+XJH, Baglung 33300, Nepal",28.2774326,83.581615,0.0,Baglung,"park, point_of_interest, establishment",Bāglung,Description too short (< 10 words)
51,Sansaarkot samsaarakaota,"baa na paa ७, taitaaurae, Baglung, Nepal",28.2774326,83.581615,0.0,taitaaurae,"park, point_of_interest, establishment",,Missing description
52,Maire khola jharana (Waterfall),"972C+HWR, Bajura 10600, Nepal",29.3514949,81.2722595,5.0,Bajura,"park, point_of_interest, establishment",Bajura,Description too short (< 10 words)
53,Sahid Smriti Udyan,"MCFF+CXP, Unnamed Road, Bhaktapur 44800, Nepal",27.6735852,85.4249554,4.2,Unnamed Road,"park, point_of_interest, establishment",Rode,Description too short (< 10 words)
54,Inacho iinaachao,"MCCM+XJV, Bhaktapur 44800, Nepal",27.6724809,85.4340592,4.2,Bhaktapur,"park, point_of_interest, establishment",Bhaktapur,Description too short (< 10 words)
55,ganaesha chaautaaraii Ganesh Choutari,"MCF4+F48, Unnamed Road, Bhaktapur 44800, Nepal",27.6736737,85.4054584,4.7,Unnamed Road,"park, point_of_interest, establishment",Rode,Description too short (< 10 words)
56,Bhoula pukhu,"MCFJ+WMG Bholachhen Pond, Bhaktapur 44800, Nepal",27.6748115,85.4317032,5.0,Bhaktapur,"park, point_of_interest, establishment",Bhaktapur,Description too short (< 10 words)
57,"Kamal Binayak, Bhaktapur","MCGQ+P3X Pokhari, Kamalbinayak, Bhaktapur 44800, Nepal",27.6768477,85.4384818,4.8,Kamalbinayak,"park, point_of_interest, establishment",,Missing description
58,Jhaukhel pipal boat jhaaaikhaela paipala baaeta,"MCPJ+Q2W, Bhaktapur 44800, Nepal",27.6869946,85.4301197,4.7,Bhaktapur,"park, point_of_interest, establishment",Bhaktapur,Description too short (< 10 words)
59,Jagat Sundar Statue,"MCCG+XRG, Bhaktapur 44800, Nepal",27.6724393,85.4270837,5.0,Bhaktapur,"park, point_of_interest, establishment",Bhaktapur,Description too short (< 10 words)
60,Dugure Ground,"MCFR+X48, Bhaktapur 44800, Nepal",27.6749088,85.4403228,0.0,Bhaktapur,"park, point_of_interest, establishment",Bhaktapur,Description too short (< 10 words)
61,Single Bar,"MCGJ+MHM, Bhaktapur 44800, Nepal",27.6767052,85.4314316,0.0,Bhaktapur,"park, point_of_interest, establishment",Bhaktapur,Description too short (< 10 words)
62,Temple park,"MCF4+RVW, Bhaktapur 44800, Nepal",27.6745439,85.4074859,0.0,Bhaktapur,"park, point_of_interest, establishment",Bhaktapur,Description too short (< 10 words)
63,Pipalbot,"MCC8+JP7, Nagarkot Road, Bhaktapur 44800, Nepal",27.6715355,85.4167828,0.0,Nagarkot Road,"park, point_of_interest, establishment",Rode,Description too short (< 10 words)
64,Shahid udyan,"MCCH+CW4 Smriti Nagar, Bhaktapur 44800, Nepal",27.6710221,85.4298197,0.0,Bhaktapur,"park, point_of_interest, establishment",Bhaktapur,Description too short (< 10 words)
65,Changu Narayan,"MCFG+WX2, Bhaktapur 44800, Nepal",27.674766,85.4273979,5.0,Bhaktapur,"park, point_of_interest, establishment",Bhaktapur,Description too short (< 10 words)
66,phaulabaaraii,"MCCV+4MP, Bhaktapur 44800, Nepal",27.6703326,85.4441932,0.0,Bhaktapur,"park, point_of_interest, establishment",Bhaktapur,Description too short (< 10 words)
67,Gamcha Pipal Bottom,"M94R+WM4, Thimi-Biruwa Rd, Bhaktapur, Nepal",27.6572562,85.3917093,4.0,Thimi-Biruwa Rd,"park, point_of_interest, establishment",,Missing description
68,sallaghari,"MCF6+P94, Nagarkot Rd, Bhaktapur 44800, Nepal",27.6739946,85.4113633,0.0,Nagarkot Rd,"park, point_of_interest, establishment",Nagarkot,Description too short (< 10 words)
69,Suchana tole,"Bhaktapur 32701, Nepal",27.6634375,85.3781875,5.0,Nepal,"park, point_of_interest, establishment",,Missing description
70,Baniya Danda Naya Basti,"Bhaktapur, Nepal",27.6843543,85.4622264,5.0,Nepal,"park, point_of_interest, establishment",,Missing description
71,Rabin homes,"MCFG+QWP, Bhaktapur 44800, Nepal",27.6744697,85.4273127,0.0,Bhaktapur,"park, point_of_interest, establishment",Bhaktapur,Description too short (< 10 words)
72,"Itapako, taralan chok","MCG7+77J, Nagarkot Rd, Bhaktapur 44800, Nepal",27.6757188,85.4131511,0.0,Nagarkot Rd,"park, point_of_interest, establishment",Nagarkot,Description too short (< 10 words)
73,tenge,"MCFG+WX2, Bhaktapur 44800, Nepal",27.674766,85.4273979,0.0,Bhaktapur,"park, point_of_interest, establishment",Bhaktapur,Description too short (< 10 words)
74,Bagmara,"MCCH+CW4, Bhaktapur 44800, Nepal",27.6710221,85.4298197,0.0,Bhaktapur,"park, point_of_interest, establishment",Bhaktapur,Description too short (< 10 words)
75,jaraayaotaara,"53H2+5XV, Bhojpur 57000, Nepal",27.1779842,87.0524338,0.0,Bhojpur,"park, point_of_interest, establishment",Bhojpur,Description too short (< 10 words)
76,Mahendra park,"5352+2F2, Bhojpur Sadak, Bhojpur 57000, Nepal",27.1575046,87.0511301,5.0,Bhojpur Sadak,"park, point_of_interest, establishment",Bhojpur,Description too short (< 10 words)
77,Sahid Memorial Park,"529X+JR3, Bhojpur 57000, Nepal",27.1690194,87.049539,4.0,Bhojpur,"park, point_of_interest, establishment",Bhojpur,Description too short (< 10 words)
78,Tharpu Dada,"52QH+7MQ, Bhojpur 57000, Nepal",27.188537,87.030407,0.0,Bhojpur,"park, point_of_interest, establishment",Bhojpur,Description too short (< 10 words)
79,Dhap kharka,"52XX+GFR, Bhojpur 57000, Nepal",27.1988617,87.0486487,0.0,Bhojpur,"park, point_of_interest, establishment",Bhojpur,Description too short (< 10 words)
80,Magar Bari,"52PG+V8P, Bhojpur 57000, Nepal",27.1872118,87.0258364,0.0,Bhojpur,"park, point_of_interest, establishment",Bhojpur,Description too short (< 10 words)
81,School Dada Park,"52QW+49, Bhojpur 57000, Nepal",27.187781,87.045901,0.0,Bhojpur,"park, point_of_interest, establishment",Bhojpur,Description too short (< 10 words)
82,Bar Danda,"52PF+9PR, Bhojpur 57000, Nepal",27.1859926,87.024262,0.0,Bhojpur,"park, point_of_interest, establishment",Bhojpur,Description too short (< 10 words)
83,Dawan chaauka,"6226+XV7, Bhojpur 57000, Nepal",27.2024621,87.0122539,0.0,Bhojpur,"park, point_of_interest, establishment",Bhojpur,Description too short (< 10 words)
84,Ramailo Dada (Aakash Memorial),"52RH+678, Bhojpur 57000, Nepal",27.1905262,87.0281944,0.0,Bhojpur,"park, point_of_interest, establishment",Bhojpur,Description too short (< 10 words)
85,Pipal Bottom,"52QG+8XX, Bhojpur 57000, Nepal",27.1883599,87.0273852,0.0,Bhojpur,"park, point_of_interest, establishment",Bhojpur,Description too short (< 10 words)
86,Balaute balaautae bajaara,"6262+2XF, Balaute Bazar Dawan, Bhojpur 57000, Nepal",27.2099918,87.0025084,0.0,Balaute Bazar Dawan,"park, point_of_interest, establishment",Dawan,Description too short (< 10 words)
87,Piple Dada,"52J7+MWW, Bhojpur 57000, Nepal",27.1817266,87.0148388,0.0,Bhojpur,"park, point_of_interest, establishment",Bhojpur,Description too short (< 10 words)
88,Halhale,"3WQQ+4JM, Bhojpur 57000, Nepal",27.0878267,86.9390365,0.0,Bhojpur,"park, point_of_interest, establishment",Bhojpur,Description too short (< 10 words)
89,Bantawa Niwas,"52PG+XH9, Bhojpur 57000, Nepal",27.1874575,87.0264966,0.0,Bhojpur,"park, point_of_interest, establishment",Bhojpur,Description too short (< 10 words)
90,Khamare Dobato,"52QF+7WQ, Bhojpur 57000, Nepal",27.1882067,87.024852,0.0,Bhojpur,"park, point_of_interest, establishment",Bhojpur,Description too short (< 10 words)
91,Chhimalung,"54R2+8W5, Bhojpur 57000, Nepal",27.1907718,87.1023746,0.0,Bhojpur,"park, point_of_interest, establishment",Bhojpur,Description too short (< 10 words)
92,Spring water source,"53H2+5XV, Bhojpur 57000, Nepal",27.1779842,87.0524338,0.0,Bhojpur,"park, point_of_interest, establishment",Bhojpur,Description too short (< 10 words)
93,Balaute Bhanjyang,"8XV2+8F5, Bhojpur 57000, Nepal",27.3432608,86.9512359,5.0,Bhojpur,"park, point_of_interest, establishment",Bhojpur,Description too short (< 10 words)
94,Mundum Trail,"7XC2+83J, Bhojpur 57000, Nepal",27.270833,86.9501513,5.0,Bhojpur,"park, point_of_interest, establishment",Bhojpur,Description too short (< 10 words)
95,Wild Adventure Resort,"Badrehani 8, Sauraha, Chitwan 44202, Nepal",27.5779533,84.4747772,4.4,Sauraha,"lodging, park, restaurant, food, point_of_interest, establishment",Oulu,Description too short (< 10 words)
96,Sarang Wildlife Sanctuary,"27, Meghauli, Chitwan 44210, Nepal",27.5761575,84.2144993,4.2,Meghauli,"zoo, lodging, restaurant, park, food, point_of_interest, establishment",Meghauli,Description too short (< 10 words)
97,Dhanushadham Protected Forest,"R3V2+X5F, Dhanusadham 45600, Nepal",26.8449378,86.0504111,4.2,Dhanusadham,"park, point_of_interest, establishment",Dhanusadham,Description too short (< 10 words)
98,Dhanushadham Botanical Garden,"Dhanusha dham.3, Dhanusadham 45600, Nepal",26.8703606,86.0445641,4.3,Dhanusadham,"park, point_of_interest, establishment",Dhanusadham,Description too short (< 10 words)
99,Tinkune Park Dharapani,"W24R+5JC, Dhanusadham 45600, Nepal",26.9054473,86.0415017,5.0,Dhanusadham,"park, point_of_interest, establishment",Dhanusadham,Description too short (< 10 words)
100,"Jugeshwarpur, Tree Place","R24P+27F, Dhanusadham 45600, Nepal",26.805053,86.0356809,3.7,Dhanusadham,"park, point_of_interest, establishment",Dhanusadham,Description too short (< 10 words)
101,Jehovah Intersection,"W323+PG3, Dhanusadham 45600, Nepal",26.9017515,86.0537983,5.0,Dhanusadham,"park, point_of_interest, establishment",Dhanusadham,Description too short (< 10 words)
102,The Mount Toll Chuck Dhanusha,"W24J+5PQ, Dhanusadham 45600, Nepal",26.9062857,86.032086,0.0,Dhanusadham,"park, point_of_interest, establishment",Dhanusadham,Description too short (< 10 words)
103,Dolpo Buddha Hotel,"45GP+Q7H, Dolpa, Dho 1, Nepal",29.1269276,83.18574,0.0,Dolpa,"campground, park, lodging, point_of_interest, establishment",,Missing description
104,The Gurkhaz Rock Garden & Stone Park (Love Park),"Gorkha 34000, Nepal",27.9969906,84.630357,5.0,Nepal,"park, point_of_interest, establishment",,Missing description
105,Children Park,"2J36+JCJ, Unnamed Road, Gorkha 34000, Nepal",28.0040974,84.6110049,3.9,Unnamed Road,"park, point_of_interest, establishment",Rode,Description too short (< 10 words)
106,Gurkhali Stone Park,"Gorkha-6, Gorkha, Nepal",27.9958005,84.6283638,5.0,Gorkha,"park, point_of_interest, establishment",,Missing description
107,Dumsheree Gorkha,"2JHF+4PX, Gorkha 34000, Nepal",28.0278656,84.6243656,0.0,Gorkha,"park, point_of_interest, establishment",,Missing description
108,chaiyaa baaraii,"WW7C+3X4, Ilam 57300, Nepal",26.9126304,87.9224488,4.2,Ilam,"park, point_of_interest, establishment",Īlām,Description too short (< 10 words)
109,"Love Danda, Ilam","Ilam Tea Factory, Near, Ilam 57300, Nepal",26.9097744,87.9222912,4.4,Near,"park, point_of_interest, establishment",Indianapolis,Description too short (< 10 words)
110,New Zealand Park,"WWFC+WPX, Ilam 57300, Nepal",26.9248629,87.921854,5.0,Ilam,"park, point_of_interest, establishment",Īlām,Description too short (< 10 words)
111,Workout Park,"WW8F+9HX, Unnamed Road, Ilam 57300, Nepal",26.9159904,87.923978,3.5,Unnamed Road,"park, point_of_interest, establishment",Rode,Description too short (< 10 words)
112,B. P. Park,"WW5G+75R, Ilam 57300, Nepal",26.908232,87.9253824,4.9,Ilam,"park, point_of_interest, establishment",Īlām,Description too short (< 10 words)
113,Statue of Martyr Ratna Kumar Bantawa Rai,"WW5F+94G, Ilam 57300, Nepal",26.9084359,87.9228189,4.1,Ilam,"park, point_of_interest, establishment",Īlām,Description too short (< 10 words)
114,Sukilumba Park,"VWH4+PP, Ilam 57300, Nepal",26.8793571,87.906842,4.0,Ilam,"park, point_of_interest, establishment",Īlām,Description too short (< 10 words)
115,Karki Park,"WW8H+VP3, Ranabir Gurung Marg, Ilam 57300, Nepal",26.9171323,87.9293008,3.8,Ranabir Gurung Marg,"park, point_of_interest, establishment",,Missing description
116,Tea garden view hand,"WW5C+XXF, Ilam 57300, Nepal",26.9099323,87.9224316,4.6,Ilam,"park, point_of_interest, establishment",Īlām,Description too short (< 10 words)
117,"Barhabise masar,ilam","VVGQ+MF, Ilam 57300, Nepal",26.8766875,87.8886875,5.0,Ilam,"park, point_of_interest, establishment",Īlām,Description too short (< 10 words)
118,Shoreastha Park,"WW5G+GW3, Ilam 57300, Nepal",26.9087517,87.9272872,3.0,Ilam,"park, point_of_interest, establishment",Īlām,Description too short (< 10 words)
119,Bisauni Dhunga,"WW5C+XXF Tea garden view hand, Ilam 57300, Nepal",26.9103204,87.9221493,5.0,Ilam,"park, point_of_interest, establishment",Īlām,Description too short (< 10 words)
120,Janaki Chock,"WW5H+36C, Ilam 57300, Nepal",26.9081342,87.9276691,0.0,Ilam,"park, point_of_interest, establishment",Īlām,Description too short (< 10 words)
121,Nar Bahadur Samarung's Tea garden,"Ilam 57300, Nepal",26.9256953,87.857104,5.0,Nepal,"park, point_of_interest, establishment",,Missing description
122,Deurali,"WWC9+3GV, Ilam 57300, Nepal",26.9202464,87.9187975,0.0,Ilam,"park, point_of_interest, establishment",Īlām,Description too short (< 10 words)
123,Padam kanta's tea garden 🏡,"VV76+PMG, Ilam 57300, Nepal",26.8643133,87.8617117,0.0,Ilam,"park, point_of_interest, establishment",Īlām,Description too short (< 10 words)
124,Statue of Martyr Bam Prasad Bantawa,"WW5F+GF5, Ilam 57300, Nepal",26.9087678,87.9237453,0.0,Ilam,"park, point_of_interest, establishment",Īlām,Description too short (< 10 words)
125,Rajbanshi tol,"J37F+337, Himali Chowk Bus Stop, Jhapa, Mechi Hwy, Bhadrapur 57200, Nepal",26.6126567,88.0726716,0.0,Himali Chowk Bus Stop,"park, point_of_interest, establishment",Batumi,Description too short (< 10 words)
126,Manoria vegetation Kailali,"MJPC+3JW, Kailali, Dhandaghi, Dhangadhi, Nepal",28.685244,80.621591,4.2,Kailali,"park, point_of_interest, establishment",,Missing description
127,Orange orchard (house conditioned) 🍊,"Chure 01 Kailali Chure 01, 10900, Nepal",29.0033162,80.6676659,5.0,10900,"park, point_of_interest, establishment",Capital City of Prague,Description too short (< 10 words)
128,"Khadgaun vokunday,kaskikot, Nepal","7VGR+9V5, Khadgakot, Kaskikot, Nepal",28.2758836,83.8922191,4.7,Khadgakot,"park, point_of_interest, establishment",,Missing description
129,Sankhamul Park,"Kathmandu 44600, Nepal",27.6788847,85.3312506,4.1,Nepal,"park, point_of_interest, establishment",,Missing description
130,Tinkune Park,"Ring Rd, Kathmandu 44600, Nepal",27.6853659,85.3488678,3.5,Kathmandu,"park, point_of_interest, establishment",Kathmandu,Generic location description
131,Madan Bhandari Smriti Vatika,"Kathmandu 44600, Nepal",27.681429,85.3433998,4.3,Nepal,"park, point_of_interest, establishment",,Missing description
132,BUDDHA PARK Boudhanath,"44600, Kathmandu, Nepal",27.7223837,85.3614813,4.5,Kathmandu,"park, tourist_attraction, point_of_interest, establishment",Kathmandu,Generic location description
133,Suryamukhi Park,"Kathmandu 44600, Nepal",27.6905987,85.3670526,4.1,Nepal,"park, point_of_interest, establishment",,Missing description
134,Balaju Park,"P8M2+GFM, Trishuli Hwy, Kathmandu 44600, Nepal",27.7338465,85.3011804,4.1,Trishuli Hwy,"park, amusement_park, tourist_attraction, point_of_interest, establishment",Huy,Description too short (< 10 words)
135,Buddha park,"M7RV+326, Kathmandu 44600, Nepal",27.6902968,85.2928922,4.7,Kathmandu,"park, point_of_interest, establishment",Kathmandu,Generic location description
136,Shankha Park,"P8MV+93R, Pragati Tole Marg, Kathmandu 44600, Nepal",27.7334797,85.3426304,4.2,Pragati Tole Marg,"park, point_of_interest, establishment",Tholen,Description too short (< 10 words)
137,New Baneshwor Park,"M8QP+X7M, Kathmandu 44600, Nepal",27.6899742,85.3356834,3.8,Kathmandu,"park, point_of_interest, establishment",Kathmandu,Generic location description
139,Narayanchaur Park Naxal,"Sama Marga, Kathmandu 44600, Nepal",27.7145886,85.3255148,4.4,Kathmandu,"park, point_of_interest, establishment",Kathmandu,Generic location description
140,Jump KTM Indoor Trampoline Park,"Dhumbarahi Marg, Kathmandu 44600, Nepal",27.7346197,85.3462353,4.0,Kathmandu,"amusement_park, park, point_of_interest, establishment",Kathmandu,Generic location description
141,Switzerland Park Aloknagar,"M8MQ+3F4, Unnamed Road, Kathmandu 44600, Nepal",27.6826285,85.3386885,4.2,Unnamed Road,"park, point_of_interest, establishment",Rode,Description too short (< 10 words)
142,Namuna Park,"M9Q7+HH5, Kathmandu 44600, Nepal",27.6888768,85.3639724,4.1,Kathmandu,"park, point_of_interest, establishment",Kathmandu,Generic location description
143,Raniban Park,"P7PQ+GGX Ward no 1, Raniban Park, Nagarjung, Kathmandu 44600, Nepal",27.7363667,85.2888608,4.3,Raniban Park,"park, point_of_interest, establishment",Rockville,Description too short (< 10 words)
144,Khusibu Children Park,"P892+465, Kathmandu 44600, Nepal",27.7177548,85.3006209,4.2,Kathmandu,"park, point_of_interest, establishment",Kathmandu,Generic location description
145,Bhurungkhel Green Park,"P853+VWW, Burakhya Marg, Kathmandu 44600, Nepal",27.7097317,85.3048404,3.8,Burakhya Marg,"park, point_of_interest, establishment",Armagh,Description too short (< 10 words)
146,Children’s Park,"P8WW+5VW, Kathmandu 44600, Nepal",27.7454886,85.3472111,4.0,Kathmandu,"park, point_of_interest, establishment",Kathmandu,Generic location description
147,Samakhusi Children Park,"P8F7+JC5, Road, Kathmandu 44600, Nepal",27.7240061,85.3136197,3.8,Road,"park, point_of_interest, establishment",Rode,Description too short (< 10 words)
148,Apple Ground Public Park Narephat,"M992+HHW, Kathmandu 44600, Nepal",27.6684625,85.3517663,4.0,Kathmandu,"park, point_of_interest, establishment",Kathmandu,Generic location description
149,Bhadrakali park,"M8X8+MXR, Kathmandu 44600, Nepal",27.6992387,85.3173864,4.0,Kathmandu,"park, point_of_interest, establishment",Kathmandu,Generic location description
150,Pushpalal Memorial Park,"P853+X5J, Pushpalal Path, Kathmandu 44600, Nepal",27.7099652,85.3028848,4.0,Pushpalal Path,"park, point_of_interest, establishment",Kathmandu Metropolitan City,Description too short (< 10 words)
151,Kripalu Udhyan,"Kathmandu 44600, Nepal",27.707939,85.345415,4.6,Nepal,"park, point_of_interest, establishment",,Missing description
152,Shanti Park,"P8J8+GQW, Kathmandu 44600, Nepal",27.7313634,85.3169568,3.4,Kathmandu,"park, point_of_interest, establishment",Kathmandu,Generic location description
153,Mitra Park,"M7RV+3FM, Gaurishankar Sadak, Kathmandu 44600, Nepal",27.690445,85.2935547,3.9,Gaurishankar Sadak,"park, point_of_interest, establishment",Kars,Description too short (< 10 words)
154,Kumari Chaur Park,"P994+28Q, Kathmandu 44600, Nepal",27.7174624,85.3558678,3.9,Kathmandu,"park, point_of_interest, establishment",Kathmandu,Generic location description
155,The Handigaun Triangle (dhungedhara) park,"Handigaun Marg, Kathmandu 44600, Nepal",27.7187081,85.3371799,3.9,Kathmandu,"park, point_of_interest, establishment",Kathmandu,Generic location description
156,Dovan Park,"M8HM+GX2, Kathmandu 44600, Nepal",27.6788056,85.3345194,4.2,Kathmandu,"park, point_of_interest, establishment",Kathmandu,Generic location description
157,Janamaitri Park (Pepsicola Town Plan),"gaauraiipautara maaraga, Kathmandu 44600, Nepal",27.6920404,85.364882,4.2,Kathmandu,"park, point_of_interest, establishment",Kathmandu,Generic location description
158,Sahayoginagar Park,"M8JP+2VH, Kathmandu 44600, Nepal",27.6798765,85.3370561,4.3,Kathmandu,"park, point_of_interest, establishment",Kathmandu,Generic location description
159,Salik Chowk Park,"M7WG+PVP, Kathmandu 44600, Nepal",27.6968398,85.2771942,4.1,Kathmandu,"park, point_of_interest, establishment",Kathmandu,Generic location description
160,Earthquake Memorial park,"P74Q+G9M, Kathmandu 44600, Nepal",27.7065081,85.2884511,4.9,Kathmandu,"park, point_of_interest, establishment",Kathmandu,Generic location description
161,Ranibari Community Forest,"Kathmandu 44600, Nepal",27.7308175,85.321047,4.4,Nepal,"park, point_of_interest, establishment",,Missing description
162,Airport Nagar Children’s Park,"Kathmandu 44600, Nepal",27.7024696,85.3660836,4.5,Nepal,"park, point_of_interest, establishment",,Missing description
163,Bancharetar Chowk (banacharae taara chaoka),"P979+G89, Kathmandu 44600, Nepal",27.7137883,85.3683668,4.5,Kathmandu,"park, point_of_interest, establishment",Kathmandu,Generic location description
164,Whoopee Land Amusement Water Park,"Kathmandu 44600, Nepal",27.6620256,85.2875264,4.1,Nepal,"amusement_park, park, lodging, restaurant, food, point_of_interest, establishment",,Missing description
165,Ghyoi Lisang Peace Park,"P9C6+XHF, Unnamed Road, Kathmandu 44600, Nepal",27.7224362,85.3614313,4.7,Unnamed Road,"park, point_of_interest, establishment",Rode,Description too short (< 10 words)
166,Bagmati Nagar Park,"P975+WWP, Kathmandu 44600, Nepal",27.714826,85.359817,4.5,Kathmandu,"park, point_of_interest, establishment",Kathmandu,Generic location description
167,Miku Nepal,"Narayanchaur, Kathmandu 44604, Nepal",27.7148397,85.3249456,4.2,Kathmandu,"park, store, point_of_interest, establishment",Kathmandu,Generic location description
168,Setopool Park,"P83P+683, Kathmandu 44600, Nepal",27.70302,85.3358048,4.7,Kathmandu,"park, point_of_interest, establishment",Kathmandu,Generic location description
169,Dharahara Park dharaharaa bagaaichaa,"P827+55C, Shundara marg, Kathmandu 44600, Nepal",27.7006755,85.3130526,4.3,Shundara marg,"park, point_of_interest, establishment",Armagh,Description too short (< 10 words)
170,Nepal Rastra Bank Sworna Jayanti Park,"P8FJ+R7M, Kathmandu 44600, Nepal",27.7245933,85.3306724,4.7,Kathmandu,"park, point_of_interest, establishment",Kathmandu,Generic location description
171,Pasupatinath forest,"Unnamed Road, Kathmandu 44600, Nepal",27.7112392,85.3518243,4.5,Kathmandu,"park, point_of_interest, establishment",Kathmandu,Generic location description
172,Bhugol Park,"P834+PX3, Infront of bishal bazar, near basantpur, nayaaँ sadaka, Kathmandu, Nepal",27.704272,85.307417,4.3,Infront of bishal bazar,"park, point_of_interest, establishment",Bazar-Korgon,Description too short (< 10 words)
173,pashupatinath park,"44600, Kathmandu 44600, Nepal",27.7102241,85.3494938,5.0,Kathmandu,"park, point_of_interest, establishment",Kathmandu,Generic location description
174,khotang bazar,"2VR2+45P, 2, Khotang Bazar 56200, Nepal",27.0403397,86.8504639,0.0,2,"park, point_of_interest, establishment",Toshima,Description too short (< 10 words)
175,Union Park,"M8PG+6GJ, Park Ln, Lalitpur 44700, Nepal",27.6855826,85.3262662,3.9,Park Ln,"park, point_of_interest, establishment",Rockville,Description too short (< 10 words)
176,Yaualakhel Park,"M8H5+44J, Lalitpur 44701, Nepal",27.6778486,85.3077674,4.0,Lalitpur,"park, point_of_interest, establishment",Pātan,Description too short (< 10 words)
177,Jawalakhel Park,"M8F7+897, Lalitpur 44600, Nepal",27.6732833,85.3134109,4.3,Lalitpur,"park, point_of_interest, establishment",Pātan,Description too short (< 10 words)
178,"Kusunti Height, Bista Pakha Park","M866+4G5, Lalitpur 44700, Nepal",27.6595799,85.3113759,4.0,Lalitpur,"park, point_of_interest, establishment",Pātan,Description too short (< 10 words)
179,Manmohan Park,"M7JX+VRV, Lalitpur 44600, Nepal",27.6822363,85.2995521,3.6,Lalitpur,"park, point_of_interest, establishment",Pātan,Description too short (< 10 words)
180,Syosyo Hajurba Chowk Park,"M866+93V, Kusunti-13, Hajurba Chowk, Kusunti Kumar Peeth Marg, Lalitpur 44700, Nepal",27.6607405,85.3100864,4.2,Kusunti-13,"park, point_of_interest, establishment",Lalitpur,Description too short (< 10 words)
181,Guita Open Garden,"M8CM+JC7, Lalitpur 44600, Nepal",27.6715494,85.3335605,4.1,Lalitpur,"park, point_of_interest, establishment",Pātan,Description too short (< 10 words)
182,Duniya Danda Green Park,"M827+3QP, Lalitpur 44700, Nepal",27.6502044,85.314441,3.8,Lalitpur,"park, point_of_interest, establishment",Pātan,Description too short (< 10 words)
183,Lalitpur Metro Park,"M8G8+MJ2 Jhanakhya Metro Park jhanaakhayah maetarao paaraka, Lalitpur 44600, Nepal",27.6767753,85.3164651,4.7,Lalitpur,"park, point_of_interest, establishment",Pātan,Description too short (< 10 words)
184,Sahid Smarak Park,"M8Q2+8GM, Lalitpur 44600, Nepal",27.6883469,85.3013095,3.8,Lalitpur,"park, point_of_interest, establishment",Pātan,Description too short (< 10 words)
185,Safal Park,"M864+FXP, Lalitpur 44600, Nepal",27.6612102,85.3074545,4.0,Lalitpur,"park, point_of_interest, establishment",Pātan,Description too short (< 10 words)
186,Jwagal Children Park / Jwagala Machakhya,"M8PC+CHP, Lalitpur 44600, Nepal",27.6866,85.3219281,4.0,Lalitpur,"park, point_of_interest, establishment",Pātan,Description too short (< 10 words)
187,Butterfly square,"Lalitpur 44600, Nepal",27.673398,85.315603,4.7,Nepal,"park, point_of_interest, establishment",,Missing description
188,"Imadol, Bhojhepokhari","M87x + WFM, Boege Plow Route, Lalitpur 4460, NEPAL",27.6648369,85.3486734,4.3,Bowez pool route,"park, point_of_interest, establishment",Pool,Description too short (< 10 words)
189,Shovahiti(dhaungagaedhaaraa),"M848+RGW, Lalitpur 44700, Nepal",27.6571154,85.3163243,3.7,Lalitpur,"park, point_of_interest, establishment",Pātan,Description too short (< 10 words)
190,Shanti Batika,"M8C6+8PC, Lalitpur 44600, Nepal",27.6708246,85.3117779,4.1,Lalitpur,"park, point_of_interest, establishment",Pātan,Description too short (< 10 words)
191,Bagdole Batika,"M77W+VPW, Bagdol Rd, Lalitpur 44600, Nepal",27.6647495,85.2968308,4.2,Bagdol Rd,"park, point_of_interest, establishment",Lalitpur,Description too short (< 10 words)
192,dadathok park,"Lalitpur, Nepal",27.6331875,85.3823125,4.1,Nepal,"park, point_of_interest, establishment",,Missing description
193,"Gagan Batika, Nagbahal","M8GF+8G5, Nagabahal - Nyadha Galli, Lalitpur 44600, Nepal",27.6757678,85.3238613,4.5,Nagabahal - Nyadha Galli,"park, point_of_interest, establishment",Gali,Description too short (< 10 words)
194,Patan Dhoka Chautara (chaautaaraii),"M8HC+C9H, Campus Rd, Lalitpur 44700, Nepal",27.6784528,85.3209749,4.5,Campus Rd,"park, point_of_interest, establishment",London,Description too short (< 10 words)
195,Pocket park,"M8F7+XV3, Lalitpur 44600, Nepal",27.674891,85.3146708,5.0,Lalitpur,"park, point_of_interest, establishment",Pātan,Description too short (< 10 words)
196,Park bagaaichaa,"M885+QC7, Ekantakuna Rd, Lalitpur 44600, Nepal",27.666975,85.308411,4.0,Ekantakuna Rd,"park, point_of_interest, establishment",Lalitpur,Description too short (< 10 words)
197,Hattiban,"J8XM+HHW, gaodaawaraii raoड़, Lalitpur 44700, Nepal",27.6484973,85.3335739,4.8,gaodaawaraii raoड़,"park, point_of_interest, establishment",,Missing description
198,Park,"M8G5+68G, Lamochaur Sadak, Lalitpur 44600, Nepal",27.6755722,85.3083139,5.0,Lamochaur Sadak,"park, point_of_interest, establishment",,Missing description
199,Playground Park,"M8HJ+7MV Bangalamukhi, Sankhamul - Balkumari Rd, Lalitpur 44700, Nepal",27.6784653,85.3316199,3.0,Sankhamul - Balkumari Rd,"park, point_of_interest, establishment",,Missing description
200,Imukhel Bal Udhyan,"M8HG+9GV, Lalitpur 44600, Nepal",27.6784968,85.3261163,4.2,Lalitpur,"park, point_of_interest, establishment",Pātan,Description too short (< 10 words)
201,Lamochaur Jhamsikhel Park,"M8G5+PGP, Jhamsikhel Road, Lalitpur 44600, Nepal",27.6765137,85.3089261,3.3,Jhamsikhel Road,"park, point_of_interest, establishment",Rode,Description too short (< 10 words)
202,Jhanakhya Metro Park jhanaakhayah maetarao paaraka,"M8G8+JJC, Lalitpur 44600, Nepal",27.6765719,85.3165,4.2,Lalitpur,"park, point_of_interest, establishment",Pātan,Description too short (< 10 words)
203,Shant Vawan Uddhan,"M8J4+35W, Milap Rd, Lalitpur 44600, Nepal",27.6802361,85.3054521,4.0,Milap Rd,"park, point_of_interest, establishment",Mumbai,Description too short (< 10 words)
204,RN Joshi Museum / Park Gallery,"Opposite to Jhamsikhel Road, Pulchowk, Lalitpur 44600, Nepal",27.6754787,85.3159635,3.5,Pulchowk,"tourist_attraction, art_gallery, museum, point_of_interest, establishment",Lalitpur,Description too short (< 10 words)
205,Public Fitness Park,"J8MQ+WXC, Lalitpur 44700, Nepal",27.6349745,85.3399475,5.0,Lalitpur,"park, point_of_interest, establishment",Pātan,Description too short (< 10 words)
206,Mahalaxmisthan,"M869+VGQ, M869+H8C Mahalaxmisthan Chowk, Lalitpur 44700, Nepal",27.661345,85.3183185,4.0,M869+H8C Mahalaxmisthan Chowk,"park, point_of_interest, establishment",,Missing description
207,Ganeshman Singh Park ganaeshamaana saimha paaraka,"Administrative staff college, Lalitpur 44600, Nepal",27.670977,85.3121766,4.0,Lalitpur,"park, point_of_interest, establishment",Pātan,Description too short (< 10 words)
208,Small park,"M8C6+8PC Shanti Batika, Lalitpur 44600, Nepal",27.6708704,85.3118591,3.0,Lalitpur,"park, point_of_interest, establishment",Pātan,Description too short (< 10 words)
209,Khusi The Happiness,"J8VH+WPF, Airawat, Lalitpur 44700, Nepal",27.6448163,85.3293102,4.2,Airawat,"park, point_of_interest, establishment",Pune,Description too short (< 10 words)
210,lagankhel,"M88C+GV8, Lalitpur 44700, Nepal",27.6662809,85.3222121,4.0,Lalitpur,"park, point_of_interest, establishment",Pātan,Description too short (< 10 words)
211,King Birendra Circle Statue,"M8F7+4CX, Lalitpur 44600, Nepal",27.6728544,85.3136146,4.3,Lalitpur,"park, point_of_interest, establishment",Pātan,Description too short (< 10 words)
212,"Ookhar Bottom, sitapakha, Lalitpur","J8XR+64H, Ookharko Bot, Sitapakha, Lalitpur, Nepal",27.6480741,85.3403555,5.0,Ookharko Bot,"park, point_of_interest, establishment",Bot,Description too short (< 10 words)
213,East's Nest Bike Park,"Lalitpur 44600, Nepal",27.677599,85.300297,3.4,Nepal,"park, point_of_interest, establishment",,Missing description
214,Ji Southwestā Chuka,"M8FG+948, Lalitpur 44700, Nepal",27.6733286,85.3255595,4.0,Lalitpur,"park, point_of_interest, establishment",Pātan,Description too short (< 10 words)
215,Dhadkhola,"Harraboat Lamjung, Tarkughat 33600, Nepal",28.1180855,84.4403973,0.0,Tarkughat,"park, point_of_interest, establishment",,Missing description
216,Martyr Rudra Pakhrin Memorial Park,"C39F+M5H, Makwanpurgadhi, Nepal",27.4191828,85.0729705,4.6,Makwanpurgadhi,"park, point_of_interest, establishment",,Missing description
217,Nachai,"M288+MM7, Manang 33500, Nepal",28.666667,84.016667,0.0,Manang,"park, point_of_interest, establishment",Manang,Description too short (< 10 words)
218,Milarepa Memorial Park,"M28G+857, Manang Sadak, Bhraka 33500, Nepal",28.6657967,84.0254185,5.0,Manang Sadak,"park, point_of_interest, establishment",Manang,Description too short (< 10 words)
219,Thorang peak,"QXCJ+83M, Tanki Manang 33500, Nepal",28.7708273,83.9801738,4.0,Tanki,"park, point_of_interest, establishment",,Missing description
220,Thorang La Pass,"QWVQ+CFQ, Thorong Phedi - Thorong La Rd, Tanki Manang 33500, Nepal",28.7935762,83.9387337,4.9,Thorong Phedi - Thorong La Rd,"park, point_of_interest, establishment",,Missing description
221,Gangapurna Lookout,"M259+MV8, Manang 33500, Nepal",28.65904,84.0199,0.0,Manang,"park, point_of_interest, establishment",Manang,Description too short (< 10 words)
222,Blue Lake,"J3R8+RCR, Upper Manang 33500, Nepal",28.6421108,84.0660141,5.0,Upper,"park, point_of_interest, establishment",Kampala,Description too short (< 10 words)
223,Dendi Sherpa Lookout Point,"M259+MV8, Manang 33500, Nepal",28.6591295,84.0197269,5.0,Manang,"park, point_of_interest, establishment",Manang,Description too short (< 10 words)
224,Balbahadur statue,"8G44+3QG, Harkapur-Okhaldhunga Road, Siddhicharan 56100, Nepal",27.3051782,86.5069525,4.3,Harkapur-Okhaldhunga Road,"park, point_of_interest, establishment",Rode,Description too short (< 10 words)
225,BHUSUNE JUNGLE,"7FGR+85G, Harkapur-Okhaldhunga Road, Siddhicharan 56100, Nepal",27.2758147,86.4904445,5.0,Harkapur-Okhaldhunga Road,"park, point_of_interest, establishment",Rode,Description too short (< 10 words)
226,Hilephani Hillander,"Harkapur-Okhaldhunga Road, 56100, Nepal",27.1696277,86.4303379,3.9,56100,"park, point_of_interest, establishment",Kuala Lumpur,Description too short (< 10 words)
227,Palpa fun park,"RMC5+4X5 Palpa dawnpawa, Rahabas Jhadewa Sadak, Humin 32500, Nepal",27.820255,83.659997,0.0,Rahabas Jhadewa Sadak,"park, point_of_interest, establishment",Assat,Description too short (< 10 words)
228,Parbat singh ka bera,"6MFX+VF3 Parbat singh ka bera, asana 33400, Nepal",28.2246464,83.6986568,0.0,asana,"park, point_of_interest, establishment",,Missing description
229,YB chok,"4RQM+3HM, Pyuthan 22300, Nepal",28.1377115,82.8339308,5.0,Pyuthan,"park, point_of_interest, establishment",Pyūthān,Description too short (< 10 words)
230,baaisadhaaraa maula (Baaisdhara Mul),"4W69+5CJ, Pyuthan 22300, Nepal",28.1104517,82.9185066,4.6,Pyuthan,"park, point_of_interest, establishment",Pyūthān,Description too short (< 10 words)
231,bajaenaii,"4RHP+8GM, Pyuthan 22300, Nepal",28.1283469,82.8362814,5.0,Pyuthan,"park, point_of_interest, establishment",Pyūthān,Description too short (< 10 words)
232,Stealthy pig quartara,"4RMM+WQP, Pyuthan 22300, Nepal",28.134603,82.834922,5.0,Pyuthan,"park, point_of_interest, establishment",Pyūthān,Description too short (< 10 words)
233,"Sahid Smirti Park, Gajuri","4V55+7R2, Pyuthan 22300, Nepal",28.1081469,82.8595214,2.0,Pyuthan,"park, point_of_interest, establishment",Pyūthān,Description too short (< 10 words)
234,Ganesh Mandir Park,"3VPJ+63P, Pyuthan 22300, Nepal",28.085595,82.8802133,0.0,Pyuthan,"park, point_of_interest, establishment",Pyūthān,Description too short (< 10 words)
235,Bhalabang,"4Q3M+HJP, Pyuthan 22300, Nepal",28.1039634,82.7840712,4.5,Pyuthan,"park, point_of_interest, establishment",Pyūthān,Description too short (< 10 words)
236,Chautara juction,"3QXP+6C, Pyuthan 22300, Nepal",28.0980025,82.7860517,0.0,Pyuthan,"park, point_of_interest, establishment",Pyūthān,Description too short (< 10 words)
237,saomarae dhaaraa,"4RQM+M6G, Pyuthan 22300, Nepal",28.1391788,82.8330631,5.0,Pyuthan,"park, point_of_interest, establishment",Pyūthān,Description too short (< 10 words)
238,Pratikshya laye,"3VGR+8H, Pyuthan 22300, Nepal",28.0758409,82.8914752,0.0,Pyuthan,"park, point_of_interest, establishment",Pyūthān,Description too short (< 10 words)
239,Rattari,"4V23+M87, Pyuthan 22300, Nepal",28.1016595,82.8532928,0.0,Pyuthan,"park, point_of_interest, establishment",Pyūthān,Description too short (< 10 words)
240,Okhaldhunga chaur,"3QVQ+8Q, Pyuthan 22300, Nepal",28.0932658,82.7893934,0.0,Pyuthan,"park, point_of_interest, establishment",Pyūthān,Description too short (< 10 words)
241,LAXMAN HOUSE,"5VCG+8QF, Pyuthan 22300, Nepal",28.1708889,82.8764444,0.0,Pyuthan,"park, point_of_interest, establishment",Pyūthān,Description too short (< 10 words)
242,dhaaiirae,"5V4V+RV7, Pyuthan 22300, Nepal",28.157048,82.8946831,0.0,Pyuthan,"park, point_of_interest, establishment",Pyūthān,Description too short (< 10 words)
243,Gajuri,"4V23+M87, Pyuthan 22300, Nepal",28.1016595,82.8532928,0.0,Pyuthan,"park, point_of_interest, establishment",Pyūthān,Description too short (< 10 words)
244,The door Island open,"5VCQ+X84, Pyuthan 22300, Nepal",28.1723944,82.8883297,0.0,Pyuthan,"park, point_of_interest, establishment",Pyūthān,Description too short (< 10 words)
245,Pokhrel newas,"4V23+M87, Pyuthan 22300, Nepal",28.1016595,82.8532928,0.0,Pyuthan,"park, point_of_interest, establishment",Pyūthān,Description too short (< 10 words)
246,Sundar foam house,"4W72+FQF, Pyuthan 22300, Nepal",28.1136814,82.9019164,0.0,Pyuthan,"park, point_of_interest, establishment",Pyūthān,Description too short (< 10 words)
247,Mallarani,"4V23+M87, Pyuthan 22300, Nepal",28.1016595,82.8532928,0.0,Pyuthan,"park, point_of_interest, establishment",Pyūthān,Description too short (< 10 words)
248,Damti suspension bridge,"4WW4+5XX, Pyuthan 22300, Nepal",28.1454996,82.90748,0.0,Pyuthan,"park, point_of_interest, establishment",Pyūthān,Description too short (< 10 words)
249,BITAR RASAM PARK BITAR RAMAD PAR,"Ramechhap Rd, Ramechhap 45400, Nepal",27.3642715,86.0769488,3.7,Ramechhap,"park, point_of_interest, establishment",,Missing description
250,Dadako Park,"74WR+XM8, Ramechhap 45400, Nepal",27.2974055,86.1417017,5.0,Ramechhap,"park, point_of_interest, establishment",,Missing description
251,Thulaghar danda park thaulaagharadaaँdaa paaraka,"83VC+JWW, Ramechhap 45400, Nepal",27.3440411,86.0725477,5.0,Ramechhap,"park, point_of_interest, establishment",,Missing description
252,madhya pahadi lokmarga-Dahoo,"8493+PHF, Ramechhap 45400, Nepal",27.319307,86.1039189,5.0,Ramechhap,"park, point_of_interest, establishment",,Missing description
253,Udayanarayan Smriti Park(udayanaaraayana samaृtai paaraka),"83VC+JWW, Ramechhap 45400, Nepal",27.3441137,86.0723364,5.0,Ramechhap,"park, point_of_interest, establishment",,Missing description
254,Gautam Kumar Hao,"73XV+W44, Ramechhap 45400, Nepal",27.299752,86.0928148,0.0,Ramechhap,"park, point_of_interest, establishment",,Missing description
255,Volident wait room mantli,"93X7+GX9, Ramechhap, Manthali 45400, Nepal",27.3987883,86.0649895,3.0,Ramechhap,"park, point_of_interest, establishment",,Missing description
256,Salle,"9324+MPV, Ramechhap 45400, Nepal",27.3517252,86.056784,0.0,Ramechhap,"park, point_of_interest, establishment",,Missing description
257,DADA GAUN,"8493+PHF, Ramechhap 45400, Nepal",27.319307,86.1039189,0.0,Ramechhap,"park, point_of_interest, establishment",,Missing description
258,Damakur,"Rolpa municipality 8 damakur, Nepal",28.3044851,82.6363356,0.0,Nepal,"park, point_of_interest, establishment",,Missing description
259,Tamri,"Rolpa municipality 09 Tamari, Bhawang 22100, Nepal",28.3292768,82.6365484,0.0,Bhawang,"park, point_of_interest, establishment",Pantanaw,Description too short (< 10 words)
260,"Suryapura chok,Rupandehi,Tilottama-8","Suryapura chok, Rupandehi ,Tilottama-8, Tilottama 32900, Nepal",27.6166849,83.4895596,4.7,Rupandehi,"park, point_of_interest, establishment",,Missing description
261,Childern Park,"M633+RQF, Siraha 56500, Nepal",26.6545699,86.2044216,3.8,Siraha,"park, point_of_interest, establishment",Siraha,Description too short (< 10 words)
262,Madhesi Park,"M659+JWW, Siraha 56500, Nepal",26.6591132,86.2198197,4.1,Siraha,"park, point_of_interest, establishment",Siraha,Description too short (< 10 words)
263,Dahipauri,"J5QP+V4X, Siraha 56500, Nepal",26.6397409,86.1853474,5.0,Siraha,"park, point_of_interest, establishment",Siraha,Description too short (< 10 words)
264,Children garden Gulariya.,"M6MM+WHQ, Siraha 56500, Nepal",26.6848255,86.2339918,4.0,Siraha,"park, point_of_interest, establishment",Siraha,Description too short (< 10 words)
265,Siraha,"J5QP+V4X, Siraha 56500, Nepal",26.6397409,86.1853474,0.0,Siraha,"park, point_of_interest, establishment",Siraha,Description too short (< 10 words)
266,No one,"M6M4+C32, Siraha 56500, Nepal",26.6834605,86.2058054,0.0,Siraha,"park, point_of_interest, establishment",Siraha,Description too short (< 10 words)
267,Lauwa pokhari,"M7C6+58X, Siraha 56500, Nepal",26.670476,86.2608655,0.0,Siraha,"park, point_of_interest, establishment",Siraha,Description too short (< 10 words)
268,Thenghi clean water State deep Boring,"M6CM+9VF, Thenghi, Siraha 09, Nepal",26.6709467,86.2346827,0.0,Thenghi,"park, point_of_interest, establishment",,Missing description
269,Nahar Singh syaraha,"J5QP+V4X Nahar Singh, Siraha 56500, Nepal",26.6397409,86.1853474,0.0,Siraha,"park, point_of_interest, establishment",Siraha,Description too short (< 10 words)
270,Gauri shankar krishi farm.khairtoka,"Siraha 56500, Nepal",26.6253848,86.1746094,5.0,Nepal,"park, point_of_interest, establishment",,Missing description
271,Dilip home,"J5VP+C65, Siraha 56500, Nepal",26.6444144,86.186282,5.0,Siraha,"park, point_of_interest, establishment",Siraha,Description too short (< 10 words)
272,Mahisotha,"J5QP+V4X Highway, Siraha 56500, Nepal",26.6397409,86.1853474,5.0,Siraha,"park, point_of_interest, establishment",Siraha,Description too short (< 10 words)
273,ROMAN RONY HOME 🏠,"J5VP+HGH Nepal ward no 5 Barerwa, Siraha 56500, Nepal",26.6439337,86.1863541,0.0,Siraha,"park, point_of_interest, establishment",Siraha,Description too short (< 10 words)
274,Torpee toll,"M644+27H, Siraha 56500, Nepal",26.6550633,86.2057458,5.0,Siraha,"park, point_of_interest, establishment",Siraha,Description too short (< 10 words)
275,naresh home,"J5QP+V4X, Siraha 56500, Nepal",26.6397409,86.1853474,0.0,Siraha,"park, point_of_interest, establishment",Siraha,Description too short (< 10 words)
276,shyam mahara D.S.P,"M6C9+C84, Siraha 56500, Nepal",26.6710206,86.2183402,3.2,Siraha,"park, point_of_interest, establishment",Siraha,Description too short (< 10 words)
277,portaha village,"J5QP+V4X, Siraha 56500, Nepal",26.6397409,86.1853474,0.0,Siraha,"park, point_of_interest, establishment",Siraha,Description too short (< 10 words)
278,Goit pappu,"M56W+RPV, Siraha 56500, Nepal",26.662121,86.1967879,0.0,Siraha,"park, point_of_interest, establishment",Siraha,Description too short (< 10 words)
279,Maidan Sataun,"4R5J+39W, Syangja Satuan road, Putalibazar 33800, Nepal",28.1077394,83.8309407,3.8,Syangja Satuan road,"park, point_of_interest, establishment",Assat,Description too short (< 10 words)
280,Upper Bhujunge 360° view point,"Syangja-lamage-Rahaley-Chandisthan, Putalibazar 33800, Nepal",28.1006799,83.8424311,5.0,Putalibazar,"park, point_of_interest, establishment",Putalibazar,Description too short (< 10 words)
281,BP Smirti Pratikshalaya(balti more),"VRHP+6PQ, Syangja Chapakot Rd, Chapakot 33800, Nepal",27.8780895,83.8368543,5.0,Syangja Chapakot Rd,"park, point_of_interest, establishment",,Missing description
282,Macchang waterfall,"4V66+MP9, Syangja- Sataun Road, Putalibazar 33800, Nepal",28.1116717,83.8618687,0.0,Syangja- Sataun Road,"park, point_of_interest, establishment",Rode,Description too short (< 10 words)
283,DD Park Tanahunsur,"28GC+QV, Tanahunsur, Nepal",28.0269113,84.3221541,2.5,Tanahunsur,"park, point_of_interest, establishment",,Missing description
284,Kanchenjunga Conservation Area,"JWHM+799, Lelep,Taplejung,Mechi, Tapethok, Nepal",27.6281668,87.9334803,4.5,Lelep,"park, point_of_interest, establishment",,Missing description
285,ghaprakharka jhaaparaakharaka maalaikaa,"8G4X+4G, Baglung 33200, Nepal",28.3053125,83.5488125,5.0,Baglung,"park, point_of_interest, establishment",Bāglung,Description too short (< 10 words)
286,Lamgau garden house,"7HMR+W6, Baglung 33300, Nepal",28.284778,83.590536,5.0,Baglung,"park, point_of_interest, establishment",Bāglung,Description too short (< 10 words)
287,Shoreee Nepal forest,"5W4W+962, Belwa Parsauni 44400, Nepal",27.1558761,84.9455183,0.0,Belwa,"park, point_of_interest, establishment",,Missing description
288,daiwaa waisharaama sathala,"Nuwakot Sadak 12, Bidur 44900, Nepal",27.88673,85.1030421,0.0,Bidur,"park, point_of_interest, establishment",Bidur,Description too short (< 10 words)
289,aradhanaaraeshaowara gaothaataara paaraka,"Gothatar, Kageshwari Manohara, 8, Kathmandu 44600, Nepal",27.7033779,85.3843709,4.5,Kageshwari Manohara,"park, point_of_interest, establishment",Kageshwori Manohara,Description too short (< 10 words)
290,Finear Art Gallery,"MCCH+H4V, Ichhu Galli, Bhaktapur 44800, Nepal",27.6714725,85.4278354,4.5,Ichhu Galli,"art_gallery, point_of_interest, establishment",Gali,Description too short (< 10 words)
291,Kathmandu Art House,"saata ghaumataii maaraga, Kathmandu 44600, Nepal",27.7152136,85.3092047,4.7,Kathmandu,"art_gallery, point_of_interest, establishment",Kathmandu,Generic location description
292,Siddhartha Art Gallery,"Babermahal Revisited premises, Tanka Prasad Ghumti Sadak, Kathmandu 44617, Nepal",27.6944534,85.3226963,4.5,Tanka Prasad Ghumti Sadak,"art_gallery, tourist_attraction, point_of_interest, establishment",Kathmandu Metropolitan City,Description too short (< 10 words)
293,Universal Art Gallery,"Thamel Dabali Marg, Kathmandu 44600, Nepal",27.7151628,85.311494,5.0,Kathmandu,"art_gallery, point_of_interest, establishment",Kathmandu,Generic location description
294,Buddha Nepal Art Gallery,"Infront Of Global IME Bank, Chaksibari Marg, Kathmandu 44600, Nepal",27.7164864,85.3101423,4.8,Chaksibari Marg,"art_gallery, store, point_of_interest, establishment",Kathmandu Metropolitan City,Description too short (< 10 words)
295,"Takpa Gallery, lazimpat","Nursery Rd, Kathmandu 44600, Nepal",27.720725,85.3186361,4.9,Kathmandu,"art_gallery, point_of_interest, establishment",Kathmandu,Generic location description
296,Arts Nepal Gallery - Art Gallery in Nepal,"sagaramaathaa bajaara, Paryatan Marg, Kathmandu 44600, Nepal",27.7150598,85.3108008,4.9,Paryatan Marg,"art_gallery, store, point_of_interest, establishment",Kathmandu Metropolitan City,Description too short (< 10 words)
297,Freedom Art Gallery,"thamaela bhagawataii maaraga, Kathmandu 44600, Nepal",27.7157566,85.3116134,4.9,Kathmandu,"art_gallery, point_of_interest, establishment",Kathmandu,Generic location description
298,Nepali Gallery,"Krian Niwas, Bhattarai Marg 1, Kathmandu 44600, Nepal",27.6819119,85.3320678,4.6,Bhattarai,"art_gallery, point_of_interest, establishment",,Missing description
299,Museum Of Nepali Art,"Kathmandu 44600, Nepal",27.7150613,85.3099101,4.6,Nepal,"museum, point_of_interest, establishment",,Missing description
300,BK ART Gallery,"२ kaumaaraii maaii maaraga, Kathmandu 44600, Nepal",27.7204288,85.3200854,4.3,Kathmandu,"art_gallery, store, point_of_interest, establishment",Kathmandu,Generic location description
301,Nupur Art Gallery Center Pvt. Ltd.,"saata ghaumataii maaraga 3-15, Kathmandu 44600, Nepal",27.7156625,85.3099435,5.0,Kathmandu,"shopping_mall, art_gallery, food, point_of_interest, establishment",Kathmandu,Generic location description
302,Fine Arts,"P876+QM7, Tridevi Sadak, Kathmandu 44600, Nepal",27.7144654,85.311674,5.0,Tridevi Sadak,"art_gallery, point_of_interest, establishment",Kathmandu Metropolitan City,Description too short (< 10 words)
303,Thang Ku Artist,"P9FC+GCP, Kathmandu 44602, Nepal",27.7238263,85.3710812,5.0,Kathmandu,"art_gallery, point_of_interest, establishment",Kathmandu,Generic location description
304,Swoyambhu Art Gallery,"Kathmandu 44600, Nepal",27.7148322,85.3102272,5.0,Nepal,"art_gallery, point_of_interest, establishment",,Missing description
305,ArTree Nepal,"M8V7+X58, Samarpan Marg, Kathmandu 44600, Nepal",27.6948949,85.312953,4.6,Samarpan Marg,"art_gallery, point_of_interest, establishment",Kathmandu Metropolitan City,Description too short (< 10 words)
306,Mithila Yain Art Gallery,"P876+92X, J.P Road, Kathmandu 44600, Nepal",27.713479,85.310125,4.0,J.P Road,"art_gallery, point_of_interest, establishment",Rode,Description too short (< 10 words)
307,Himalayan Arts/Thangka Gallery,"Ashok Galli 26, Kathmandu 44600, Nepal",27.712748,85.3113666,4.6,Kathmandu,"art_gallery, store, point_of_interest, establishment",Kathmandu,Generic location description
308,Shangri-La Art Gallery,"Chaksibari Marg, Kathmandu 44600, Nepal",27.7160865,85.3101087,5.0,Kathmandu,"art_gallery, point_of_interest, establishment",Kathmandu,Generic location description
309,Woodcraft Gallery,"saata ghaumataii maaraga, Kathmandu 44600, Nepal",27.715202,85.3092083,4.7,Kathmandu,"art_gallery, point_of_interest, establishment",Kathmandu,Generic location description
310,Everest Art Gallery,"Bansbari Rd, P.O.Box No. 9614, Kathmandu 44600, Nepal",27.7453378,85.341891,4.1,P.O.Box,"art_gallery, point_of_interest, establishment",Gallarate,Description too short (< 10 words)
311,Artudio,"P76Q+JVQ, Chhauni Hospital Rd, Kathmandu 44600, Nepal",27.7116145,85.2897088,4.5,Chhauni Hospital Rd,"art_gallery, point_of_interest, establishment",Hospital,Description too short (< 10 words)
312,Tiny Art Gallery Thamel,"Thamel Marg, Kathmandu 44600, Nepal",27.7118606,85.3110677,5.0,Kathmandu,"art_gallery, store, point_of_interest, establishment",Kathmandu,Generic location description
313,Kantipur Art Gallery,"seven corner, saata ghaumataii maaraga, Kathmandu 44600, Nepal",27.7159196,85.3096773,5.0,saata ghaumataii maaraga,"art_gallery, point_of_interest, establishment",,Missing description
314,Nepalian Art,"Pasang Lamu Marg, Kathmandu, Nepal",27.7254334,85.3618108,5.0,Kathmandu,"art_gallery, point_of_interest, establishment",Kathmandu,Generic location description
315,The Art Gallery Cafe,"Yetakha Baha:, Gangalal Marg, Kathmandu 46000, Nepal",27.7067966,85.3064786,4.9,Gangalal Marg,"art_gallery, cafe, store, food, point_of_interest, establishment",Kathmandu Metropolitan City,Description too short (< 10 words)
316,Kumari Gift & Art Gallery,"P834+RC8, Gangalal Marg , Pyaphal Kathmandu , Maru, Nepal",27.7045463,85.3060248,4.0,Gangalal Marg,"art_gallery, store, point_of_interest, establishment",Kathmandu Metropolitan City,Description too short (< 10 words)
317,"Nabin Art Creation, New Buspark","P8M6+QFR, Kathmandu 44600, Nepal",27.7344886,85.311154,5.0,Kathmandu,"art_gallery, point_of_interest, establishment",Kathmandu,Generic location description
318,Anush Art Gallery,"chibal, Kathmandu 44600, Nepal",27.713323,85.311124,5.0,Kathmandu,"art_gallery, point_of_interest, establishment",Kathmandu,Generic location description
319,Yang Yang Thanka Art Private Limited,"Thamel Marg 26, Kathmandu 44600, Nepal",27.7176529,85.3118285,4.0,Kathmandu,"art_gallery, point_of_interest, establishment",Kathmandu,Generic location description
320,Dangol's Bird Art Gallery & art institute,"Kathmandu 44600, Nepal",27.6931503,85.2893099,4.5,Nepal,"art_gallery, point_of_interest, establishment",,Missing description
321,THE HIMALAYAN ART GALLERY,"darabaara maaraga sadaka, Kathmandu 44600, Nepal",27.7121072,85.317899,5.0,Kathmandu,"art_gallery, furniture_store, home_goods_store, store, point_of_interest, establishment",Kathmandu,Generic location description
322,21st century art gallery,"Kathmandu 44600, Nepal",27.715548,85.3094968,4.6,Nepal,"art_gallery, museum, point_of_interest, establishment",,Missing description
323,Rincheling Thanka Gallery and Art School,"Boudha Rd, Kathmandu 44602, Nepal",27.722027,85.362487,4.7,Kathmandu,"art_gallery, point_of_interest, establishment",Kathmandu,Generic location description
324,New Himalayan Art Gallery,"P869+FGP, parayataka maaraga, Kathmandu 44600, Nepal",27.7112103,85.318802,4.2,parayataka maaraga,"art_gallery, museum, point_of_interest, establishment",Armagh,Description too short (< 10 words)
325,Art Nepal,"P8G8+6QC, Bal Kumari Marg, Kathmandu 44600, Nepal",27.7255601,85.3169041,5.0,Bal Kumari Marg,"art_gallery, point_of_interest, establishment",Kumari,Description too short (< 10 words)
326,Atelier 2 Fine Art Gallery,"Dallu Aawas Marg, Kathmandu 44600, Nepal",27.7090434,85.2958004,5.0,Kathmandu,"art_gallery, museum, point_of_interest, establishment",Kathmandu,Generic location description
327,Lapis Thanka & Art Gallery Shop,"Tridevi Sadak, Kathmandu 44600, Nepal",27.7144161,85.3118797,4.9,Kathmandu,"museum, point_of_interest, store, establishment",Kathmandu,Generic location description
328,Bhav Art Gallery,"Ward No. 3 (Near to Shivapuri Higher Secondary School, Shimana Marga, Kathmandu 44600, Nepal",27.7298617,85.328801,4.0,Shimana Marga,"art_gallery, point_of_interest, establishment",Armagh,Description too short (< 10 words)
329,Rainbow Thanka Gallery,"Thamel Marg 453, Kathmandu 00977, Nepal",27.7151667,85.3115293,5.0,Kathmandu,"art_gallery, museum, point_of_interest, store, establishment",Kathmandu,Generic location description
330,LA gallery,"Unnamed Road, Kathmandu 44600, Nepal",27.7224593,85.3618253,2.9,Kathmandu,"art_gallery, point_of_interest, establishment",Kathmandu,Generic location description
331,Reva Art Gallery,"M8GG+3CC durbar square, Lalitpur, Nepal",27.6752292,85.3258866,4.9,Lalitpur,"art_gallery, point_of_interest, establishment",Pātan,Description too short (< 10 words)
332,The Spiritual Arts,"Thaina-6, Lalitpur 44700, Nepal",27.6695101,85.3262453,4.9,Lalitpur,"art_gallery, point_of_interest, establishment",Pātan,Description too short (< 10 words)
333,Classic gallery,"M8HG+P79, Chakupat Rd, Lalitpur 44600, Nepal",27.6792967,85.3257494,4.2,Chakupat Rd,"art_gallery, point_of_interest, establishment",Lalitpur,Description too short (< 10 words)
334,Dipak Art Gallery,"M849+CMV, Lalitpur 44700, Nepal",27.6561069,85.3191794,5.0,Lalitpur,"art_gallery, point_of_interest, establishment",Pātan,Description too short (< 10 words)
335,AS Handicrafts & Art Gallery,"Gakyaba Marga, Lalitpur 44700, Nepal",27.6713409,85.3201495,5.0,Lalitpur,"art_gallery, point_of_interest, establishment",Pātan,Description too short (< 10 words)
336,Araniko Newa And Traditional Arts,"Patan durbar square,krishna temple, Lalitpur 44600, Nepal",27.6738129,85.3249196,5.0,krishna temple,"art_gallery, point_of_interest, establishment",Naters,Description too short (< 10 words)
337,Himalayan Art Gallery Jhamsikhel,"Opposite Vivanta Hotel, Jhamsikhel Road 3, Lalitpur 44600, Nepal",27.6767742,85.3102178,4.2,Jhamsikhel,"art_gallery, museum, point_of_interest, establishment",Lalitpur,Description too short (< 10 words)
338,Thanka Art Gallery,"Kwalakhu Rd, Lalitpur 44700, Nepal",27.6741911,85.3245895,4.1,Lalitpur,"art_gallery, museum, point_of_interest, establishment",Pātan,Description too short (< 10 words)
339,ADVENTURE ART GALLERY,"bhainadayao kawa - saauga: laँ, Lalitpur 44700, Nepal",27.6740859,85.3252345,5.0,Lalitpur,"art_gallery, museum, point_of_interest, store, establishment",Pātan,Description too short (< 10 words)
340,Mithila Things Art gallery,"M8GC+PPJ, Lalitpur 44600, Nepal",27.6768328,85.3217531,5.0,Lalitpur,"art_gallery, point_of_interest, establishment",Pātan,Description too short (< 10 words)
341,ART DECOR,"M8M9+59F, Lalitpur 44700, Nepal",27.6829574,85.3183737,5.0,Lalitpur,"art_gallery, point_of_interest, establishment",Pātan,Description too short (< 10 words)
342,Gallery of Creatives,"Sanepa Chowk, Lalitpur 44600, Nepal",27.6851703,85.30711,3.8,Lalitpur,"art_gallery, point_of_interest, establishment",Pātan,Description too short (< 10 words)
343,Gallery Station,"Lalitpur 44600, Nepal",27.6777601,85.3145745,0.0,Nepal,"art_gallery, point_of_interest, establishment",,Missing description
344,HUNGRY EYE ART GALLERY,"Lalitpur 44700, Nepal",27.6783642,85.3113835,0.0,Nepal,"art_gallery, museum, point_of_interest, establishment",,Missing description
345,Brush Strokes Art Gallery,"Lalitpur 44600, Nepal",27.6786833,85.3104654,0.0,Nepal,"art_gallery, point_of_interest, establishment",,Missing description
346,The Idyllic Paintings,"M899+F2W, Lalitpur 44600, Nepal",27.6687445,85.3175768,0.0,Lalitpur,"art_gallery, point_of_interest, establishment",Pātan,Description too short (< 10 words)
347,Prints of Nepali Art,"M8M7+F2H, Bakhundol, Lalitpur 44600, Nepal",27.6837129,85.3126378,5.0,Bakhundol,"art_gallery, point_of_interest, establishment",Lalitpur,Description too short (< 10 words)
348,Nuwakot 3D Art Museum,"buspark, Nuwakot 44900, Nepal",27.9038104,85.1444163,0.0,Nuwakot,"museum, point_of_interest, establishment",,Missing description
349,Sachin Art Gallery,"Syangja- Sataun Road, Putalibazar 33800, Nepal",28.1043191,83.8738888,0.0,Putalibazar,"art_gallery, point_of_interest, establishment",Putalibazar,Description too short (< 10 words)
350,Zorig Thangka Gallery,"Charumati Vihar, Kathmandu 44602, Nepal",27.7213159,85.361306,4.8,Kathmandu,"art_gallery, point_of_interest, store, establishment",Kathmandu,Generic location description
351,Chitra Nepal,"Kathmandu 44600, Nepal",27.7243947,85.3224065,5.0,Nepal,"art_gallery, point_of_interest, establishment",,Missing description
352,Shoreestha Art Gallery,"Siddhartha Sadak, Kathmandu 44600, Nepal",27.7109732,85.2938535,5.0,Kathmandu,"art_gallery, point_of_interest, establishment",Kathmandu,Generic location description
353,Newa Gallery,"Temple, Kathmandu 00977, Nepal",27.7152926,85.290278,5.0,Kathmandu,"art_gallery, home_goods_store, point_of_interest, store, establishment",Kathmandu,Generic location description
354,Art of Nepalaya,"Kathmandu 44600, Nepal",27.7105952,85.3116353,0.0,Nepal,"art_gallery, point_of_interest, establishment",,Missing description
355,Arjun Nepali Arghakhanchi,"Arghakhanchi malarani -8, chhahara, Nepal",28.0732956,83.0484613,0.0,chhahara,"museum, point_of_interest, establishment",,Missing description
356,Shoreee Shoreeedharacharya Saligram Museum,"7HWQ+44X, Baglung, Nepal",28.2953507,83.5878706,4.6,Baglung,"museum, point_of_interest, establishment",Bāglung,Description too short (< 10 words)
357,hailaiyaapaanaii dhaarao,"7HMC+3J9, Baglung 33300, Nepal",28.2826616,83.5716231,5.0,Baglung,"museum, point_of_interest, establishment",Bāglung,Description too short (< 10 words)
358,kaumalaekao paharao,"7HMF+63X, Baglung 33300, Nepal",28.2831065,83.5727261,5.0,Baglung,"museum, point_of_interest, establishment",Bāglung,Description too short (< 10 words)
359,Brass and Bronze Museum,"Bhaktapur 44800, Nepal",27.6735419,85.4357212,4.1,Nepal,"museum, point_of_interest, establishment",,Missing description
360,"Falaicha Art,Culture And Museum Stay","Bhojpur 57000, Nepal",27.1567158,87.0843056,5.0,Nepal,"museum, point_of_interest, establishment",,Missing description
361,sahaida ajabalaala aisamaaraka,"R3J4+MRP, Dhanusadham 45600, Nepal",26.8317219,86.0570743,3.5,Dhanusadham,"museum, point_of_interest, establishment",Dhanusadham,Description too short (< 10 words)
362,Taragaon Next,"Boudhanath Sadak, Kathmandu 44600, Nepal",27.7201823,85.3561869,4.2,Kathmandu,"museum, point_of_interest, establishment",Kathmandu,Generic location description
363,The City Museum Kathmandu,"P869+F82, parayataka maaraga, Kathmandu 44600, Nepal",27.7111816,85.3182855,2.5,parayataka maaraga,"art_gallery, museum, point_of_interest, establishment",Armagh,Description too short (< 10 words)
364,Aviation Museum,"44600, Kathmandu, Nepal",27.6938316,85.3538524,4.0,Kathmandu,"museum, tourist_attraction, point_of_interest, establishment",Kathmandu,Generic location description
365,Military Museum,"Kathmandu 44600, Nepal",27.7065591,85.289711,4.4,Nepal,"tourist_attraction, museum, point_of_interest, establishment",,Missing description
366,Birendra Museum,"Kot Square, Gangalal Marg, Kathmandu 44600, Nepal",27.7040812,85.3073134,4.0,Gangalal Marg,"museum, point_of_interest, establishment",Kathmandu Metropolitan City,Description too short (< 10 words)
367,Tribhuvan Museum,"P834+PW9, Kathmandu 44600, Nepal",27.7042985,85.3073738,4.5,Kathmandu,"museum, point_of_interest, establishment",Kathmandu,Generic location description
368,Natural History Museum,"P77Q+M46 Natural Science Museum of Tribhuvan University, Swayambhu Cir Rd, Kathmandu 44600, Nepal",27.7145936,85.2879659,4.2,Swayambhu Cir Rd,"museum, tourist_attraction, point_of_interest, establishment",Cairo,Description too short (< 10 words)
369,Shoreee Sadan,"Palace Museum, Kathmandu 44600, Nepal",27.7151866,85.3208639,3.9,Kathmandu,"museum, point_of_interest, establishment",Kathmandu,Generic location description
370,Purna Museum of Newa Art,"Kupondole Hts Rd, Lalitpur 44700, Nepal",27.6835819,85.318023,5.0,Lalitpur,"museum, point_of_interest, establishment",Pātan,Description too short (< 10 words)
371,RICH museum of Craft and Design,"J8M9+949, Lalitpur 44700, Nepal",27.6334191,85.3178297,4.5,Lalitpur,"museum, point_of_interest, establishment",Pātan,Description too short (< 10 words)
372,Limbu Museum,"M848+QCC, Timba Sirak Factory, Lalitpur 44700, Nepal",27.6568711,85.3160227,3.7,Timba Sirak Factory,"museum, point_of_interest, establishment",Bath,Description too short (< 10 words)
373,daupaahtawaah paukhausai phalachaa ( Phukhusi Phalcha ),"Lalitpur 44600, Nepal",27.6695813,85.330258,5.0,Nepal,"museum, point_of_interest, establishment",,Missing description
374,Newa stone craft,"M8CJ+29V, Bhinchhen Baha Marg Uttar, Lalitpur 44600, Nepal",27.6701056,85.3308545,4.7,Bhinchhen Baha Marg Uttar,"museum, point_of_interest, establishment",Armagh,Description too short (< 10 words)
375,TIBETAN SINGINGBOWL CENTER,"bhainadayao kawa, Bhimshen ,(Bangalaamukhi marga, Lalitpur 44600, Nepal",27.674199,85.3252728,4.8,Bhimshen,"museum, point_of_interest, establishment",,Missing description
376,Dhalachhen,"M89H+JMJ, Tyagal - Lalitpur Rd, Lalitpur 44600, Nepal",27.6690774,85.3291483,4.0,Tyagal - Lalitpur Rd,"museum, point_of_interest, establishment",,Missing description
377,Khukuri house gallery,"Patan industrial estate, Lalitpur 44700, Nepal",27.664022,85.3265519,5.0,Lalitpur,"museum, point_of_interest, establishment",,Missing description
378,NIRVANA THANGKA GALLERY,"kawaalakhau, Lalitpur 44700, Nepal",27.6746172,85.3249087,3.3,Lalitpur,"museum, point_of_interest, establishment",,Missing description
379,PEACE GALLERY IMPEX,"M8GF+3HW, dhalaayachaa laँ, Lalitpur 44700, Nepal",27.6752292,85.3239631,4.0,dhalaayachaa laँ,"museum, point_of_interest, establishment",,Missing description
380,TARA ART CONCERN,"M8FF+RQ5, Kwalakhu Rd, Lalitpur 44700, Nepal",27.6745021,85.3244867,5.0,Kwalakhu Rd,"museum, point_of_interest, establishment",,Missing description
381,Shakya Siddhartha Thanka Painting School,"M8FF+XWV, Kwalakhu Rd, Lalitpur 44700, Nepal",27.674972,85.3248044,5.0,Kwalakhu Rd,"museum, point_of_interest, establishment",,Missing description
382,Gyanlal Handcraft,"M8CG+RQ7, Lalitpur 44700, Nepal",27.6720413,85.3269305,4.6,Lalitpur,"museum, point_of_interest, establishment",,Missing description
383,Nepalese Crafts Pvt. Ltd.,"Patan Industrial Estate, Thulo Chakra, Lalitpur 44700, Nepal",27.6624185,85.3245447,4.3,Thulo Chakra,"museum, point_of_interest, establishment",,Missing description
384,PATAN FINE ART,"M8FF+VX9, Kwalakhu Nhoolan Marg, Lalitpur 44700, Nepal",27.6745993,85.3249616,0.0,Kwalakhu Nhoolan Marg,"museum, point_of_interest, establishment",,Missing description
385,itaihaasa hasatakalaa,"M8FF+JW6, bhainadayao kawa - saauga: laँ, Lalitpur 44700, Nepal",27.6740334,85.3247752,3.0,bhainadayao kawa - saauga: laँ,"museum, point_of_interest, establishment",,Missing description
386,Bodhisattva International,"House no 91, Diamond Marg, Lalitpur 44600, Nepal",27.6837017,85.3179958,0.0,Diamond Marg,"museum, point_of_interest, establishment",,Missing description
387,Babu Ratna Stone Carving,"mamgalabajaara raoda, Lalitpur 44700, Nepal",27.6690297,85.3289959,4.3,Lalitpur,"museum, point_of_interest, establishment",,Missing description
388,Adi Buddha Handicraft,"PatakwoGalli, Lalitpur 44600, Nepal",27.6736156,85.3262615,1.0,Lalitpur,"museum, point_of_interest, establishment",,Missing description
389,The Unique Handicraft anaupama hasatakalaa,"Kwalakhu Rd, Lalitpur 44700, Nepal",27.6740611,85.324218,2.5,Lalitpur,"museum, point_of_interest, establishment",,Missing description
390,Satyamohan Joshi Loksahitya Sangrahalaya,"M8FG+3PX, Lalitpur 44600, Nepal",27.6726257,85.3267868,0.0,Lalitpur,"museum, point_of_interest, establishment",,Missing description
391,Utpala Arts,"M8GC+GV9, dhalaayachaa laँ, Lalitpur 44600, Nepal",27.6763445,85.3222694,4.7,dhalaayachaa laँ,"museum, point_of_interest, store, establishment",,Missing description
392,Gautam Gift Emporium,"22 Kwalakhu rd, near Golden Temple, Lalitpur 44600, Nepal",27.6752072,85.3247581,5.0,near Golden Temple,"museum, point_of_interest, store, establishment",,Missing description
393,Pwasya Metal Craft,"Ward no. 12 Tangal, Lalitpur 44700, Nepal",27.6692539,85.3244157,5.0,Lalitpur,"museum, point_of_interest, establishment",,Missing description
394,JUJU HANDICRAFT EXPORTERS,"Chakupat-11, Lalitpur 44700, Nepal",27.6803221,85.3253013,0.0,Lalitpur,"museum, point_of_interest, establishment",,Missing description
395,Ashoka Handicrafts,"Nagbahal, Khachhen 44700, Lalitpur 44700, Nepal",27.6754538,85.3236608,5.0,Khachhen,"art_gallery, museum, point_of_interest, store, establishment",,Missing description
396,Seolee Handicraft,"M87H+C3G, Deepawali Marg, Lalitpur 44700, Nepal",27.6635727,85.3277043,0.0,Deepawali Marg,"museum, point_of_interest, establishment",,Missing description
397,Manang Culture Museum,"M28F+4MQ, Tanki Manang 33500, Nepal",28.6653597,84.024244,4.0,Tanki,"museum, point_of_interest, establishment",,Missing description
398,Shiv Temple Lalparsa Ghat,"QPMV+WP2, Lal Parsa, Bihar 845433, India",26.7847675,84.7442684,4.5,Lal Parsa,"museum, point_of_interest, establishment",,Missing description
399,single mango tree,"4V69+WJW, Pyuthan 22300, Nepal",28.1123578,82.8690674,0.0,Pyuthan,"museum, point_of_interest, establishment",,Missing description
400,Tarakhase pokhari,"8477+5HG, Ramechhap Road, Ramechhap 45400, Nepal",27.3129484,86.113946,3.3,Ramechhap Road,"museum, point_of_interest, establishment",,Missing description
401,Sindhuli Gadhi War Museum,"7XH4+QCP Sindhuligadi Memorial Park, Dhulikhel Sindhuli Bhittamod Rajmarg, Jalkanya 45900, Nepal",27.2794969,85.9561365,4.5,Dhulikhel Sindhuli Bhittamod Rajmarg,"museum, point_of_interest, establishment",,Missing description
402,Chaurasia Tole,"J5HR+63M, Siraha 56500, Nepal",26.6280983,86.1901659,0.0,Siraha,"museum, point_of_interest, establishment",,Missing description
403,Bindash dj (Bali yadav),"J5QP+V4X nabraj 5, Siraha 56500, Nepal",26.6397409,86.1853474,0.0,Siraha,"museum, point_of_interest, establishment",,Missing description
404,Saka new plat,"M6MJ+8R7, Siraha 56500, Nepal",26.6832938,86.2320519,0.0,Siraha,"museum, point_of_interest, establishment",,Missing description
405,Everest Science Center Nepal,"Barju - 5, Sitagunj, Sunsari, Nepal Sitagunj, Nepal",26.4476094,87.2126916,3.6,Sitagunj,"museum, point_of_interest, establishment",,Missing description
407,Golfutar Sunrise Point,"P8CF+HQ6, Kathmandu 44600, Nepal",27.7456033,85.3487589,5.0,Kathmandu,"park, point_of_interest, establishment",,Missing description
408,Nepal Trek Hub,"Bal Kumari Marg, Kathmandu 44600, Nepal",27.7259526,85.3176154,5.0,Kathmandu,"travel_agency, park, point_of_interest, establishment",,Missing description
409,By Mountain People | unlock your next trekking adventure,"Kathmandu 44600, Nepal",27.7267295,85.3150398,4.9,Nepal,"travel_agency, park, store, point_of_interest, establishment",,Missing description
410,Sandakpur View Tower,"Ilam 57300, Nepal",27.1046917,88.001054,4.5,Nepal,"park, point_of_interest, establishment",,Missing description
411,Maitighar Mandala,"M8VC+R5R, Kathmandu 44600, Nepal",27.6944693,85.3203174,4.2,Kathmandu,"park, point_of_interest, establishment",,Missing description
412,Shahid Dharma Bhakta Statue,"P86Q+VG7, Kathmandu 44600, Nepal",27.7121558,85.3387878,4.0,Kathmandu,"park, point_of_interest, establishment",,Missing description
413,Bakhetro Samabeshi Bakhra Utpadan Firm,"Dudesota khola Dang, Ghorahi 22400, Nepal",28.0576212,82.4734103,5.0,Ghorahi,"zoo, point_of_interest, establishment",,Missing description
414,Nepal Wildlife Resort Pvt Ltd,"2nd Floor bhagbanbahal, Kathmandu 44600, Nepal",27.7153902,85.3123293,4.3,Kathmandu,"zoo, park, point_of_interest, establishment",,Missing description
415,Zebra House,"M9Q5+45J, Kathmandu 44600, Nepal",27.687829,85.357882,3.0,Kathmandu,"zoo, point_of_interest, establishment",,Missing description
416,Bhaktapur Durbar Square LAYAKU,"Bhaktapur 44800, Nepal",27.6722475,85.4274454,4.8,Nepal,"museum, point_of_interest, establishment",,Missing description
417,The Peacock Shop,"Behind Dattatraya Temple Near the Peacock Window, Bhaktapur 44800, Nepal",27.6732197,85.4358238,4.9,Bhaktapur,"tourist_attraction, museum, store, place_of_worship, point_of_interest, establishment",,Missing description
418,LOTUS THANKA ART HANDICRAFTS,"Shree Gha Bihar Rd, Kathmandu 44600, Nepal",27.7094017,85.3098541,4.8,Kathmandu,"museum, point_of_interest, store, establishment",,Missing description
419,The Precious Arts,"Chushika, Hakha Bahal Galli, Lalitpur 44600, Nepal",27.6726296,85.3266042,4.9,Hakha Bahal Galli,"art_gallery, store, point_of_interest, establishment",,Missing description
420,Bhraka Gomba.,"M25R+H95, Manang Sadak, Bhraka 33500, Nepal",28.6588589,84.0410151,4.8,Manang Sadak,"museum, point_of_interest, establishment",,Missing description
421,Curio Concern,"Durbar Marg, Kathmandu 44600, Nepal",27.711452,85.3174464,2.5,Kathmandu,"art_gallery, jewelry_store, furniture_store, home_goods_store, store, point_of_interest, establishment",,Missing description
422,Blue Moon Curio Shop,"Ganesh Man Building, J.P Road, Kathmandu 44600, Nepal",27.7135107,85.3100631,4.5,J.P Road,"art_gallery, store, point_of_interest, establishment",,Missing description
423,Children's Art Museum of Nepal (CAM Nepal),"P86C+CWC Buddha Air Building (Top Floor, Hattisar Sadak, Kathmandu 44600, Nepal",27.7110516,85.322258,4.2,Hattisar Sadak,"museum, point_of_interest, establishment",,Missing description
424,Khaling Bhumethan2 (chaoparaa),"Solukhumbu, Juving 2, Mapay Dudkoshi 1, 56000, Nepal",27.5988971,86.6924815,5.0,Juving,"museum, point_of_interest, establishment",,Missing description
425,sharaii saupaa daeuraalaii manadaira (araghaakhaaँchaii ),"W42P+3GJ, Sitapur, Arghakhanchi, sanadhaikharaka-gaorausaimgae sadaka, saitaapaura 32700, naepaala",27.90022,83.13627,4.6,Sitapur,,,Missing description
426,Radha Krishna Temple Mayurbasti,"Bardiya badhaiyatal -8 ,Mayurbasti, 21800, naepaala",28.3102323,81.4278984,5.0,Mayurbasti,,,Missing description
427,kaathamaadaaum phana bhayaalaii,"aranaikao raajamaaraga Bhaktapur, aranaikao raajamaaraga Bhaktapur, saurayawainaayaka 44805, naepaala",27.6467707,85.4670261,3.9,aranaikao raajamaaraga Bhaktapur,,,Missing description
428,"Shalom A G. Church , Bhojpur","Bhojpur Municipality - 06, bhaojapaura 57000, naepaala",27.1779842,87.0524338,0.0,bhaojapaura,,,Missing description
429,taraiinaitaii characha,"Beni Chock, Saradpur, Bharatpur-9, Chitwan, Nepal, 44200, naepaala",27.6642258,84.434135,2.5,Saradpur,,,Missing description
430,Tripureshwor Shiva Mandir,"Bharatpur-9 Sharadpur, Chitwan, bharatapaura 44207, naepaala",27.6596905,84.4412453,4.7,Chitwan,,,Missing description
431,shae-phaokasaunadao raashataraiya naikaunyaja,"Suligad, Dolpa Suligad, 21400, naepaala",29.4532191,82.8013965,4.3,Dolpa Suligad,,,Missing description
432,Nareshwor gorkha,"M975+J48, Gorkha 44600, naepaala",27.6640693,85.3577914,0.0,Gorkha,,,Missing description
433,khapatada raashataraiya naikaunyaja,"10800, naepaala",29.3782752,81.1416691,4.5,naepaala,,,Missing description
434,haupaii layaanada jala udayaana,"Kathmandu 44600, naepaala",27.6620256,85.2875264,4.1,naepaala,,,Missing description
435,Calvary Blessing Church-Achham,"6454+826, saakaota 10700, naepaala",29.2082877,81.1043465,5.0,saakaota,,,Missing description
436,Ramaroshan Patal,"6C4Q+J44, 10700, naepaala",29.2065143,81.4378249,4.3,10700,,,Missing description
437,jaumaa masajaida maalakaota,"6G43+9WJ jaumaa masajaida, maalakaota 21300, naepaala",29.2059597,81.5047772,0.0,maalakaota,,,Missing description
438,"raashataraiya samgarahaalaya, chhaaunaii","Museum Marg, kaathamaadaauँ 44600, naepaala",27.7057922,85.2895261,4.3,kaathamaadaauँ,,,Missing description
439,sadara chaidaiyaakhaanaa,"Jawalakhel Rd, lalaitapaura 44600, naepaala",27.672704,85.3118294,4.0,lalaitapaura,,,Missing description
440,naepaala akawaa satadaiyao,"Lazimpat Rd, kaathamaadaauँ 44600, naepaala",27.7237678,85.3216457,4.9,kaathamaadaauँ,,,Missing description
441,G Art Gallery,"sundarbasti, tallo vangal, baudhaanaiilakanatha 44600, naepaala",27.7473528,85.3519197,4.9,tallo vangal,,,Missing description
442,"Temple ,achham","53QJ+F6, saakaota 10700, naepaala",29.189982,81.0813116,5.0,saakaota,,,Missing description
443,Achham Nepal binayak,"8822+MXP, 10700, naepaala",29.3017043,81.3024528,0.0,10700,,,Missing description
444,Badatadi Picnic Spot,"RHWW+FF, daulalau 21600, naepaala",28.8461861,81.5962345,0.0,daulalau,,,Missing description
445,Ramaroshan Lake,"10700, naepaala",29.233918,81.4688798,4.4,naepaala,,,Missing description
446,narapaanaii paikanaika sathala,"W46W+M55, sanadhaikharaka-gaorausaimgae sadaka, sanadhaiikharaka 32700, naepaala",27.9116477,83.1454962,4.4,sanadhaikharaka-gaorausaimgae sadaka,,,Missing description
447,da waonadaralayaanada,"J8H4+37, kaarayawainaayaka 44700, naepaala",27.6276875,85.3056875,4.0,kaarayawainaayaka,,,Missing description
448,sanadhaikharaka sausamaachaarakaa characha,"X4MH+Q7R, sanadhaiikharaka 32700, naepaala",27.984412,83.1280732,4.3,sanadhaiikharaka,,,Missing description
449,Islamiya faijunnabi jama masjid,"X5J3+Q38, sanadhaiikharaka 32700, naepaala",27.9819185,83.1527453,3.0,sanadhaiikharaka,,,Missing description
450,Razan bodey haouseyyy,"26VR+7X, raesaungagaa 32600, naepaala",28.0423095,83.2421209,0.0,raesaungagaa,,,Missing description
451,Shoreestha Aquarium House,"X4GF+GQW, sanadhaiikharaka 32700, naepaala",27.9763873,83.1244543,3.4,sanadhaiikharaka,,,Missing description
452,laahaurae taaँsaiekao bhaira,"V4XM+H3M, saitaapaura 32700, naepaala",27.8989692,83.1326776,4.2,saitaapaura,,,Missing description
453,Argakhanchi Rock Garden,"24FX+79H, sanadhaiikharaka 32700, naepaala",28.0231931,83.1484697,4.4,sanadhaiikharaka,,,Missing description
454,Deurali Arghakhanchi,"25XX+JVW, Deurali Chauri Rd, bhagawataii 32600, naepaala",28.0491242,83.1997125,4.9,Deurali Chauri Rd,,,Missing description
455,jaiipa paaraka chaauka,"7H9X+V93, kayaamapasa raoda, baagalaunga 33300, naepaala",28.2696375,83.5984261,3.9,kayaamapasa raoda,,,Missing description
456,baudada haila Buddha Hill,"7HMG+3Q6 Buddha Hill, baudadha, haila 33300, naepaala",28.282671,83.576902,4.7,baudadha,,,Missing description
457,Nepal christian baglung church,"7H8R+J5V, baagalaunga 33300, naepaala",28.2666138,83.5904232,4.0,baagalaunga,,,Missing description
458,Manilal Smriti Viewpoint,"7J84+Q4J, Unnamed Road, 33300, naepaala",28.2669696,83.6052784,4.6,Unnamed Road,,,Missing description
459,Abdul Rahman Masjid ram rekha Baglung,"7J83+4CM, baagalaunga 33300, naepaala",28.265389,83.6036399,4.8,baagalaunga,,,Missing description
460,sharaii sharaiidharaachaaraya shaalaigaraama samgaraahalaya,"7HWQ+44X, baagalaunga, naepaala",28.2953507,83.5878706,4.6,baagalaunga,,,Missing description
461,Sarkari ban(pala),"7GCV+W4, paalaa 33300, naepaala",28.272319,83.5428145,0.0,paalaa,,,Missing description
462,Bhakunde Fish Market,"6JQ5+579, bhakaunadae 33300, naepaala",28.237925,83.6082346,4.5,bhakaunadae,,,Missing description
463,kaalaikaa bhagawataii manadaira,"7J47+5C8, baagalaunga 33300, naepaala",28.2554203,83.6135628,4.7,baagalaunga,,,Missing description
464,panyachakaota baagalaungaga,"baagalaunga 33300, naepaala",28.2889122,83.5784161,4.4,naepaala,,,Missing description
465,JYUTALI BAITADI,"GF99+CGM, Khalanga 10200, naepaala",29.5185787,80.4688061,5.0,Khalanga,,,Missing description
466,Bethshalom Church,"P82C+4G9, kaathamaadaauँ 44600, naepaala",27.7002536,85.3213627,5.0,kaathamaadaauँ,,,Missing description
467,Baitadi khakardhar,"GF99+CGM, Khalanga 10200, naepaala",29.5185787,80.4688061,5.0,Khalanga,,,Missing description
468,Bairatpur Mosque,"bhataaudaa 44400, naepaala",27.0341554,84.9615296,4.5,naepaala,,,Missing description
469,iijara,"8JCP+7G, amaragadhaii 10300, naepaala",29.3206897,80.6363362,0.0,amaragadhaii,,,Missing description
470,Friends Aquatics Nepal,"madhayapaura thaimai 44600, naepaala",27.6799846,85.3763028,4.3,naepaala,,,Missing description
471,sharaii naiigalaasaainaii bhagawataii manadaira,"GFG8+6J6, Khalanga 10207, naepaala",29.5255495,80.4665035,4.7,Khalanga,,,Missing description
472,"Pipalkot,Baitadi","HFV2+63X, sharaiikaedaara 10200, naepaala",29.5929514,80.4512259,5.0,sharaiikaedaara,,,Missing description
473,daesakaowaeraii waoralada taraeka,"Kaldhara Marg, kaathamaadaauँ 44600, naepaala",27.7157974,85.3083157,5.0,kaathamaadaauँ,,,Missing description
474,Bhundole Ground,"J6PX+RQW, dakashainakaalaii 44600, naepaala",27.637105,85.2494561,4.4,dakashainakaalaii,,,Missing description
475,baaraila jharanaa Baril waterfall,"H5H5+FR6, jayapaृthawaii 10500, naepaala",29.578671,81.1595118,4.5,jayapaृthawaii,,,Missing description
476,"Ananta Mukti Church, Bajhang, Nepal (ananata maukatai characha)","Ringrode, jayapaृthawaii 10500, naepaala",29.5509403,81.200997,3.0,jayapaृthawaii,,,Missing description
477,Chainpur bajhang,"H52X+QHJ, jayapaृthawaii 10500, naepaala",29.5519527,81.1988883,4.4,jayapaृthawaii,,,Missing description
478,(dhaaulaigaada)( laghaujalawaidayauta),"H2RG+7V, laekhagaauँ 10500, naepaala",29.5906907,81.0271282,5.0,laekhagaauँ,,,Missing description
479,raashataraiya kalaa sangagarahaalaya,"MCCH+W55, Durbar square Durbar Square, bhakatapaura 44800, naepaala",27.6721934,85.4281506,4.2,Durbar square Durbar Square,,,Missing description
480,Bhaktapur Aquarium,"saurayawainaayaka 44800, naepaala",27.6639935,85.4261263,3.9,naepaala,,,Missing description
481,Masta temple Bhandari gaun bhatekhola Bajhang,"H64X+555, bhaataekhaolaa 10500, naepaala",29.5553965,81.2479838,5.0,bhaataekhaolaa,,,Missing description
482,Bhopur Darbar (Bhopur Palace),"H645+VFV, jayapaृthawaii 10500, naepaala",29.5572377,81.2086771,4.3,jayapaृthawaii,,,Missing description
483,"Jayaprithvinagar, Bajhang","G4J3+W93, kadaela 10500, naepaala",29.5322548,81.1034166,4.3,kadaela,,,Missing description
484,"Lokhada, Khaptad-channa Bajhang","C48V+G58, 10500, naepaala",29.4162974,81.1429634,5.0,10500,,,Missing description
485,Vajra Fulbari Nagar Udhyan (Dikulpuja Park),"Chapagaun to, F24, jharauwaaraashaii 44700, naepaala",27.6074903,85.3331856,4.3,F24,,,Missing description
486,Church of Lord's Grace,"badaiimaalaikaa 10600, naepaala",29.456993,81.4791511,4.2,naepaala,,,Missing description
487,Nuri Jama Masjid Nabin,"Q2VG+VC, kajaraa ramaaula 45600, naepaala",26.7945691,86.0261703,5.0,kajaraa,,,Missing description
488,raashataraiya kaashathakalaa sangagarahaalaya,"MCFP+86P, bhakatapaura 44800, naepaala",27.673326,85.435567,4.6,bhakatapaura,,,Missing description
489,"Tribeni patan, Bajura","P9W3+5Q4, Kailashmandau 44600, naepaala",27.7453826,85.3544733,4.0,Kailashmandau,,,Missing description
490,Jarayotar Statue,"562V+CC4, jaraayaotaara 57000, naepaala",27.1510047,87.2435763,4.3,jaraayaotaara,,,Missing description
491,Khopra Trek Nepal,"Pattipa, Bagdol, lalaitapaura 44600, naepaala",27.6708563,85.3011228,5.0,Bagdol,,,Missing description
492,salalaaghaaraii paikanaika sathala,"PF5Q+J28, nagarakaota padayaataraa maaraga, mahaamanyajausharaii nagarakaota, naepaala",27.7090273,85.4875642,4.2,nagarakaota padayaataraa maaraga,,,Missing description
493,Kakrabari,"Doleshwor-Aashapur Rd, saurayawainaayaka, naepaala",27.6344015,85.4636161,4.6,saurayawainaayaka,,,Missing description
494,baaँkae raashataraiya naikaunyaja,"Banke, 21904, naepaala",28.2276507,81.7072105,4.1,21904,,,Missing description
495,Wonderland Water Park,"4M75+26, Ratna Rajmarg H12 (Nepalganj-Surkhet Road), naepaalaganyaja 21900, naepaala",28.1122643,81.6581918,4.0,Ratna Rajmarg H12 (Nepalganj-Surkhet Road),,,Missing description
496,"Balidan AG Church, Sikta","baaँkae raashataraiya naikaunyaja, Sikta, Raptisonari-1, naepaala",28.0343512,81.9795524,5.0,Sikta,,,Missing description
497,sharaii baagaeshawaraii mamdaira,"naepaalaganyaja 21900, naepaala",28.0617648,81.6237633,4.5,naepaala,,,Missing description
498,HASHMATI MASJID UP MAHA NAGAR PALIKA 5 NEPALGUNJ BANKE NEPAL,"3J3M+X8P, naepaalaganyaja 21900, naepaala",28.0549688,81.6333349,5.0,naepaalaganyaja,,,Missing description
499,bhaanaubhakata chaoka,"3J7H+M7F, New Rd, naepaalaganyaja 21900, naepaala",28.0640907,81.6282014,0.0,New Rd,,,Missing description
500,Ramblers Nepal Trekkng And Adventure Pvt. Ltd.,"3J6Q+9FW, naepaalaganyaja 21900, naepaala",28.0609983,81.6387091,3.8,naepaalaganyaja,,,Missing description
501,Picnic park,"baaँsagadhaii 21800, naepaala",28.3490936,81.7221675,4.8,naepaala,,,Missing description
502,Banke National Park,"7MQ7+HWG, baaँsagadhaii 21904, naepaala",28.288941,81.6648169,4.3,baaँsagadhaii,,,Missing description
503,baradaiyaa raashataraiya naikaunyaja,naepaala,28.3648644,81.5596427,4.4,,,,Missing description
504,Masjid bilal gorakh chaura bardiya,"5CR5+R6M, Munalbasti 21800, naepaala",28.1920652,81.4080453,5.0,Munalbasti,,,Missing description
505,"Tharu Cultural Museum, Bardiya National Park, Thakurdwara","F63V+28H, thaakauradadhaaraa 21800, naepaala",28.45258,81.2433413,4.0,thaakauradadhaaraa,,,Missing description
506,"Cage of the Tiger, Bardiya National Park","F63R+3HH, 21800, naepaala",28.4526575,81.2414824,5.0,21800,,,Missing description
507,"Ambassa, Entry Point of Bardiya National Park","G86G+924, naeulaapaura 21800, naepaala",28.5107288,81.3251272,4.2,naeulaapaura,,,Missing description
508,Chautari Community Church (Reformed),"MCCG+8JG, bhakatapaura 44800, naepaala",27.6708014,85.4266027,5.0,bhakatapaura,,,Missing description
509,bhakatapaura darabaara kashaetara,"Durbar square, bhakatapaura 44800, naepaala",27.67207,85.4282951,4.6,bhakatapaura,,,Missing description
510,bhakatapaura jaamae masajaida,"MC9M+W8Q, aranaikao raajamaaraga, bhakatapaura 44800, naepaala",27.6698252,85.4333642,4.0,aranaikao raajamaaraga,,,Missing description
511,bhakatapaura kalaa gayaalaraii,"MCCH+W55, bhakatapaura 44800, naepaala",27.6722594,85.4279759,4.6,bhakatapaura,,,Missing description
512,waakaupatai naaraayana manadaira,"MCFP+8RW, bhakatapaura 44800, naepaala",27.6733709,85.4370815,4.7,bhakatapaura,,,Missing description
513,pachapanana jhayaalae darawaara,"Durbar Square, bhakatapaura 44800, naepaala",27.6721673,85.4285799,4.7,bhakatapaura,,,Missing description
514,Bhaktapur Trekking Store,"bhakatapaura 44800, naepaala",27.6702998,85.4282695,5.0,naepaala,,,Missing description
515,naiila baaraahaii banabhaoja sathala,"M9WW+5M6, madhayapaura thaimai 44600, naepaala",27.695404,85.3966293,4.1,madhayapaura,,,Missing description
516,raanaiikaota,"JCFH+V62, ananatalaingagaeshawara, naepaala",27.6246392,85.4280041,4.3,ananatalaingagaeshawara,,,Missing description
517,Suntale,"63J5+VHH, bhaojapaura 57000, naepaala",27.2321898,87.0589991,3.8,bhaojapaura,,,Missing description
518,Temke dada,"54R2+8W5, 57000, naepaala",27.1907718,87.1023746,4.0,57000,,,Missing description
519,AQUA CLOSET,"Nagaun dobato, kaiirataipaura 44618, naepaala",27.6748205,85.2781001,4.4,kaiirataipaura,,,Missing description
520,Bhojpur bajar,"52CX+FF5, bhaojapaura 57000, naepaala",27.1711367,87.0487306,4.4,bhaojapaura,,,Missing description
521,chakhaewaa CHAKHEWA,"5WXH+W66, bhaojapaura 57000, naepaala",27.1997846,86.9280252,4.5,bhaojapaura,,,Missing description
522,"Chakhewa, Bhojpur","6W2M+F36, 57000, naepaala",27.2014599,86.9331294,4.5,57000,,,Missing description
523,chaitawana raashataraiya naikaunyaja,naepaala,27.519285,84.3135318,4.4,,,,Missing description
524,James World Fun Park,"Adhwait Chok, Lanku, bharatapaura 44207, naepaala",27.6767952,84.4068844,3.9,Lanku,,,Missing description
525,Makki Jame Masjid مسجد,"MCRC+CRP, bharatapaura 44200, naepaala",27.6909815,84.4220117,4.5,bharatapaura,,,Missing description
526,thaarau saamsakaृtaika samgarahaalaya tathaa anausanadhaana kaenadara,"rata‍nanagara 44200, naepaala",27.5823711,84.5077146,4.1,naepaala,,,Missing description
527,Chitwan National Park (Sauraha),"HFFV+Q6W, rata‍nanagara 44200, naepaala",27.5743603,84.4933382,4.5,rata‍nanagara,,,Missing description
528,Nepal Aquarium & Decoration House,"MCXG+RWH, Pragati Path, bharatapaura 44207, naepaala",27.699603,84.4273097,4.0,Pragati Path,,,Missing description
529,Creative Art Gallery,"HFGV+XM4, Baadreni Road, rata‍nanagara 44200, naepaala",27.5773864,84.4942165,3.7,Baadreni Road,,,Missing description
530,gaaimdaa parataimaa,"HFGV+WJX, rata‍nanagara 44204, naepaala",27.577371,84.4941048,4.4,rata‍nanagara,,,Missing description
531,The Chitwan Jungle Guides(Crazy Tiger's Trek & Tours),"Bachhaili Road, rata‍nanagara 44204, naepaala",27.5766502,84.4965941,4.6,rata‍nanagara,,,Missing description
532,SanoGadi Picnic Spot,"bharatapaura 44200, naepaala",27.6938142,84.358316,4.1,naepaala,,,Missing description
533,taikaaulaii jamgala,"JFG7+9CV, bharatapaura 44204, naepaala",27.6259771,84.4635565,4.3,bharatapaura,,,Missing description
534,"Amaragadhi Park, Dadeldhura","7HRX+W85, amaragadhaii 10300, naepaala",29.2922668,80.5983538,4.5,amaragadhaii,,,Missing description
535,Dream World Amusement Pvt. Ltd.,"Ghumaune Tol, chanadaraagairaii 7, naepaala",27.6862568,85.2182448,4.9,chanadaraagairaii,,,Missing description
536,"New India Church of God, Dedaldura, Nepal","H14, 10300, naepaala",29.3507534,80.6063778,4.0,10300,,,Missing description
537,amaragadhaii kailalaa,"7HXP+VFP, H14, amaragadhaii 10300, naepaala",29.2997091,80.5861974,4.4,H14,,,Missing description
538,GHAUSIA JAMA MASJID Bhimdatta Nagar Palika 4th Street (Gali) No (1) MahindraNagar Dist. KanchanPur SudurPashchim ( Nepal ),"X58J+5Q8, Hospital Link, bhaiimadatata 10400, naepaala",28.96546,80.1819578,5.0,Hospital Link,,,Missing description
539,Mahendranagar museum,"X59Q+W9V, bhaiimadatata 10400, naepaala",28.969822,80.1884121,3.8,bhaiimadatata,,,Missing description
540,ugarataaraa manadaira,"8JJ3+QWX sharaii ugarataaraa bhagawataii manadaira, H14, amaragadhaii 10300, naepaala",29.3345505,80.6036245,4.7,H14,,,Missing description
541,Bhimdatta Panta Statue,"7HXQ+3JX, gadaii maaraga, amaragadhaii 10300, naepaala",29.2976952,80.5891414,3.0,gadaii maaraga,,,Missing description
542,dadaeladhauraa,"dadaeladhauraa, naepaala",29.2188245,80.4993857,,naepaala,,,Missing description
543,edabhaenachara taraekasa naepaala paraa lai,"thamaela maaraga, kaathamaadaauँ 44600, naepaala",27.713566,85.3112769,5.0,kaathamaadaauँ,,,Missing description
544,Danda khali,"3H89+V4, baudara 10900, naepaala",29.0671962,80.5677505,0.0,baudara,,,Missing description
545,ghaasakao maelaa-bhaudadaiisalalaa,"9QPW+3R, 10200, naepaala",29.3851875,80.7970625,5.0,10200,,,Missing description
546,Barhakune Park,"3FFP+W4R, ghaoraahaii 22400, naepaala",28.0748617,82.4852598,4.6,ghaoraahaii,,,Missing description
547,Dream Park,"ghaoraahaii 22400, naepaala",28.0046875,82.4981875,4.4,naepaala,,,Missing description
548,Balidan AG Church Ghorahi Dang,"2FQH+VHV, ghaoraahaii 22400, naepaala",28.0397103,82.4789578,4.5,ghaoraahaii,,,Missing description
549,Sawarikot View Point,"2HF2+42R, lakashamaiipaura 22400, naepaala",28.022852,82.550008,4.4,lakashamaiipaura,,,Missing description
550,Al salfiya zama mosque,"2FWQ+5R6, Nayabazar Rd, ghaoraahaii 22400, naepaala",28.0454136,82.4895251,4.3,Nayabazar Rd,,,Missing description
551,"thaarauu saaँsakaृtaika samgarahaalaya, chakhaauraa","haekaulaii 22412, naepaala",28.116195,82.2019462,4.1,naepaala,,,Missing description
552,Happy Fish Aquarium Dang,"Gorakshya Toll, Deupur Road, lamahaii 00977, naepaala",27.8730077,82.5158099,3.7,Deupur Road,,,Missing description
553,Poshan Arts,"47HX+W67, taulasaiipaura 22412, naepaala",28.1297746,82.2980424,4.8,taulasaiipaura,,,Missing description
554,Pandaveshwor Mahadev Temple,"XCCW+J2X, ghaoraahaii - dharanaa sadaka, dharanaa 22400, naepaala",27.9716145,82.4450958,4.5,ghaoraahaii - dharanaa sadaka,,,Missing description
555,BP Chowk,"2FVG+46, ghaoraahaii 22400, naepaala",28.0384607,82.4888854,3.9,ghaoraahaii,,,Missing description
556,Shahid Netralal Chowk,"2FQP+QM5, F015, ghaoraahaii 22400, naepaala",28.0393923,82.4867423,3.9,F015,,,Missing description
557,Hattikharka,"3G99+CP, ghaoraahaii 22400, naepaala",28.0685794,82.5193116,4.5,ghaoraahaii,,,Missing description
558,Sisne Khola Picnic Spot,"2GG6+JM4, ghaoraahaii 22400, naepaala",28.02652,82.5116878,5.0,ghaoraahaii,,,Missing description
559,paanaiikao inaara,"WX47+G975, WX47+G7, maithailaa 45600, naepaala",26.9058968,85.9632062,4.0,WX47+G7,,,Missing description
560,Dhanushadham Church,"R3P6+8X7, dhanaushaadhaama 45600, naepaala",26.835801,86.0623246,3.0,dhanaushaadhaama,,,Missing description
561,Dhanusha Dham To Way,"QW7H+4P5, janakapaura 45600, naepaala",26.7627621,85.9293596,4.7,janakapaura,,,Missing description
562,dhanausha dawaara gaeta dhanaushaadhaama,"R2JW+374, dhanaushaadhaama 2, naepaala",26.8301258,86.0457121,4.2,dhanaushaadhaama,,,Missing description
563,Janaki Mandir Historical Museum And Janaki Animation,"Unnamed Road, 45600, naepaala",26.7301842,85.9253389,4.4,45600,,,Missing description
564,Janakpur aquarium house,"PWFF+VV6, janakapaura 45600, naepaala",26.7246574,85.9246464,3.8,janakapaura,,,Missing description
565,Sunaina Mithila Art Gallery,"PWJG+4CC, janakapaura 45600, naepaala",26.7303108,85.9260225,4.8,janakapaura,,,Missing description
566,Shoreee Hanuman Ram Janaki Mandir,"kumhara Dhanusha 45608Yagyabhumi,, dhanaushaadhaama 45600, naepaala",26.884309,86.0390301,4.9,,,,Missing description
567,King Janak Monument,"PWVC+6M7, janakapaura 45600, naepaala",26.7430337,85.9216811,4.5,janakapaura,,,Missing description
568,dhanaushaadhaama samrakashaita wana,"R3V2+X5F, dhanaushaadhaama 45600, naepaala",26.8449378,86.0504111,4.2,dhanaushaadhaama,,,Missing description
569,taraeka naepaala,"p886+429, kaathamaadaauँ 44600, naepaala",27.7152409,85.310043,4.9,kaathamaadaauँ,,,Missing description
570,Champuja Greenery Park/Children Park,"45500, bhaimaeshawara nagarapaalaikaa, naepaala",27.6779445,86.0786748,4.5,bhaimaeshawara nagarapaalaikaa,,,Missing description
571,Pokhari/paokharaii,"M3GF+FGP, bhaimaeshawara nagarapaalaikaa 45500, naepaala",27.6762001,86.0735732,0.0,bhaimaeshawara,,,Missing description
572,Dolakha Church,"G4VX+Q7M, haawaa 45500, naepaala",27.5444627,86.1481685,5.0,haawaa,,,Missing description
573,"dawaalakhaa bhaimadaeu, daolakhaa bhaiimasaena manadaira","M3HG+5HW, bhaimaeshawara nagarapaalaikaa 45500, naepaala",27.6779789,86.0764479,4.6,bhaimaeshawara,,,Missing description
574,G.Sagar Aquarium,"gaunakaamadaewa maaraga, kaathamaadaauँ 44614, naepaala",27.7017294,85.3052411,4.1,kaathamaadaauँ,,,Missing description
575,Dolpo Art Gallery,"P9G9+MWX, baaudadha sadaka, kaathamaadaauँ 44602, naepaala",27.7267552,85.3698507,4.8,baaudadha sadaka,,,Missing description
576,Sailungeshwor Mahadev,"HX6F+HRR, shaailaungaeshawaora 45500, naepaala",27.5614829,85.9745015,4.6,shaailaungaeshawaora,,,Missing description
577,Kharidhunga Picnic Sport,"PW3Q+X99, taauthalaii, naepaala",27.7048377,85.9384948,4.4,taauthalaii,,,Missing description
578,Bhorle Waterfall - bhaoralae jharanaa,"Q54Q+296, charaikaota - laamabagara sadaka, saunakhaanaii 45500, naepaala",27.7550492,86.1883761,4.9,charaikaota - laamabagara sadaka,,,Missing description
579,NIM Dolpa Himalayan Church,"XQVR+CFX, Jiun 21400, naepaala",28.9936413,82.791237,5.0,Jiun,,,Missing description
580,Upper Dolpa Trek,"C3MW+7X9, saaladaanga 21400, naepaala",29.433172,83.097497,4.1,saaladaanga,,,Missing description
581,Jama Masjid Baluwa,"MW9G+J57, kanyachanaraupa 56400, naepaala",26.6690297,86.9254081,3.9,kanyachanaraupa,,,Missing description
582,Dolpo Museum daolapao samgaraahalaya,"C3GC+75, saaladaanga 21400, naepaala",29.42557,83.0705315,5.0,saaladaanga,,,Missing description
583,Upper Dolpo Nepal,"Saldang 21400 Dolpo, 21400, naepaala",29.3495942,82.9649802,4.8,21400,,,Missing description
584,Maafi Temple,"2HG5+4XH, kaalaikaa 21400, naepaala",29.0253037,82.5599773,5.0,kaalaikaa,,,Missing description
585,daolapaa,"daolapaa, naepaala",29.0538532,83.0790865,,naepaala,,,Missing description
586,Bhimsen Thapa Park,"Bhimsen Park, Unnamed Road, 34000, naepaala",28.0161464,84.6454358,4.2,Unnamed Road,,,Missing description
587,gaorakhaa samgaraalaya,"Rani Pokhari Maarga, gaorakhaa 34000, naepaala",27.9987262,84.6244287,4.4,gaorakhaa,,,Missing description
588,Masjid Gorkha,"gaorakhaa 34000, naepaala",27.9935621,84.6283767,5.0,naepaala,,,Missing description
589,Gorakhnath Temple,"M9RP+J73, madhayapaura thaimai 44600, naepaala",27.6915042,85.3856631,4.3,madhayapaura,,,Missing description
590,Trekking in Nepal Info ( P. ) Ltd.,"bhakatapaura darabaara kashaetara, bhakatapaura 44800, naepaala",27.6721761,85.4284397,4.4,bhakatapaura,,,Missing description
591,Monkey trail,"P7C8+738, Unnamed Road, naagaarajauna 44600, naepaala",27.7206504,85.2652078,4.3,Unnamed Road,,,Missing description
592,Garjura Park,"raesaungagaa 32600, naepaala",28.0777908,83.2536718,4.4,naepaala,,,Missing description
593,Resunga Fun Park,"37H3+48X Resunga park, raesaungagaa 32600, naepaala",28.0786431,83.2526608,4.5,raesaungagaa,,,Missing description
594,Shalom,"XF9X+2PH, aalamadaewaii 33800, naepaala",27.9675602,83.4993723,5.0,aalamadaewaii,,,Missing description
595,Tamghas masjid,"369R+37F, Tamghas, raesaungagaa 32600, naepaala",28.0676722,83.2406554,5.0,Tamghas,,,Missing description
596,Musikot Palace mausaikaota darawaara,"5768+7Q4, Musikot 32600, naepaala",28.1605624,83.2668933,4.5,Musikot,,,Missing description
597,Pokharel Animal and Agricultural Farm,"VFM4+9F6, Deurali 32500, naepaala",27.8834098,83.456153,5.0,Deurali,,,Missing description
598,Get Fish Aquarium,"J992+GV, gaodaawaraii 44700, naepaala",27.618808,85.3520538,4.2,gaodaawaraii,,,Missing description
599,bhagwati mandir thama (sumanbc),"35MV+42R, gulmi 6, raesaungagaa 32600, naepaala",28.0828625,83.1925156,0.0,gulmi,,,Missing description
600,Timure Taal,"492H+6P5, shaanataipaura 32600, naepaala",28.1005141,83.3793654,4.2,shaanataipaura,,,Missing description
601,gaulamaii,"gaulamaii, naepaala",28.088934,83.2934086,,naepaala,,,Missing description
602,Pulkamukh Gulmi,"38RR+32F, Unnamed Road, tauraanga 32600, naepaala",28.0901835,83.3400603,3.9,Unnamed Road,,,Missing description
603,Resunga Foot Trail,"378C+8PP, raesaungagaa 32600, naepaala",28.065847,83.2718422,4.3,raesaungagaa,,,Missing description
604,KankeDeurali tourism spot purkotdaha gulmi,"43FC+95H, bhanabhanae 32600, naepaala",28.1234335,83.0704842,3.8,bhanabhanae,,,Missing description
605,Somai_Danda,"26JG+F9, bhagawataii 32600, naepaala",28.0312038,83.2259353,5.0,bhagawataii,,,Missing description
606,mauramaa sairaana,"G2PQ+FWM, Rara lake, raaraa, naepaala",29.5362068,82.0397864,4.8,Rara lake,,,Missing description
607,"garaesa characha,sharaiinagara haumalaa, Grace Church Adanchuli Rural Municipality Humla","MV67+Q57 garaesa characha, sharaiinagara 21000, naepaala",29.6619971,81.862877,5.0,sharaiinagara,,,Missing description
608,haumalaa,"haumalaa, naepaala",30.0051731,81.9534815,,naepaala,,,Missing description
609,"Limi Valley, Humla","2X43+399, thaehae 21000, naepaala",30.0051731,81.9534815,0.0,thaehae,,,Missing description
610,yaalabaanga gaumabaa,"3J69+9C6, laimaii lahaapachaa sadaka, mauchauu 21000, naepaala",30.0608684,81.6184289,4.7,laimaii lahaapachaa sadaka,,,Missing description
611,SU FLOWERHORN AQUARIUM,"02, Lazimpat, 44600, naepaala",27.7196446,85.3183573,3.5,Lazimpat,,,Missing description
612,Thehe humla,"5X8G+V47, thaehae 21000, naepaala",30.167168,81.9752995,5.0,thaehae,,,Missing description
613,Humla chang la valley trek,"XV5W+Q5C, baragaauँ 21000, naepaala",29.9594469,81.8954011,3.0,baragaauँ,,,Missing description
614,HIMALAYAN TREKKERS PVT.LTD,"POB. No: 20620, thamaela maaraga 26, kaathamaadaauँ 44600, naepaala",27.7151201,85.3113085,4.9,thamaela,,,Missing description
615,laimaii,"laimaii, naepaala",30.3070715,81.647344,,naepaala,,,Missing description
616,haimaalaya saiinaraii taraekaharauu paraaiwaeta laimaitaeda,"Chhetrapati, kaathamaadaauँ 44600, naepaala",27.7120932,85.3074167,4.7,kaathamaadaauँ,,,Missing description
617,Himalayan Companion Treks and Expedition,"Mhepi 29, kaathamaadaauँ 44600, naepaala",27.7269229,85.3111875,4.1,kaathamaadaauँ,,,Missing description
618,Magical Nepal (P) Ltd.,"thamaela maaraga, kaathamaadaauँ 44600, naepaala",27.7159329,85.3117579,4.9,kaathamaadaauँ,,,Missing description
619,saimaikaota,"saimaikaota 21000, naepaala",29.9862834,81.8333656,,naepaala,,,Missing description
620,Raling Hotel,"saimaikaota 21000, naepaala",29.972497,81.8182818,3.8,naepaala,,,Missing description
621,simikot humla,"saimaikaota 21000, naepaala",29.9862834,81.8333656,5.0,naepaala,,,Missing description
622,Rara National Park,"G3FH+GGX Rara Lake, raaraa 21100, naepaala",29.5238567,82.0788445,4.4,raaraa,,,Missing description
623,"Aul puma, Humla","Q2R4+CG5, gaothaii 21000, naepaala",29.7910152,82.0063566,3.0,gaothaii,,,Missing description
624,Fun Park Ilam,"WW5J+V2R, iilaama 57300, naepaala",26.9096976,87.9297417,4.0,iilaama,,,Missing description
625,haimaalaya karausaeda paenataiikaosatala characha ilaama,"VWPF+7J9, iilaama 57300, naepaala",26.8856467,87.9241379,4.2,iilaama,,,Missing description
626,ilaama bhayauu taawara,"Panitanki, iilaama 57300, naepaala",26.9141056,87.9274384,4.2,iilaama,,,Missing description
627,"Pahadi jama masjid, ilam nagar palika","WW3F+2W4, iilaama 57300, naepaala",26.9017096,87.9237209,3.0,iilaama,,,Missing description
628,chaiyaabaaraii kataeja,"WW7G+VFM Ilam, Bazar 57300, naepaala",26.9147055,87.9261745,3.9,Bazar,,,Missing description
629,Ilam Art,"WW5G+XXV, iilaama 57300, naepaala",26.9099915,87.9274266,0.0,iilaama,,,Missing description
630,saimhabaahainaii manadaira,"WW4H+H3G, maechaii raajamaaraga, iilaama 57300, naepaala",26.906431,87.9276968,4.6,maechaii raajamaaraga,,,Missing description
631,The Triangle,"WW6G+855, iilaama 57300, naepaala",26.9107605,87.92549,4.5,iilaama,,,Missing description
632,East Nepal Adventure Trekking & tour,"Bhanupath Ilam, Bazar 57300, naepaala",26.9078005,87.9238777,5.0,Bazar,,,Missing description
633,Todke Jharna,"2WVW+JFR, iilaama 57300, naepaala",27.0441079,87.9461457,4.4,iilaama,,,Missing description
634,Chapabot park,"PC39+R82, High School Bus Stand, chaaँgaunaaraayana 44802, naepaala",27.7045163,85.4182586,4.1,High School Bus Stand,,,Missing description
635,Jajarkot Risang,"khalangagaa 21500, naepaala",28.708275,82.1994492,5.0,naepaala,,,Missing description
636,kashamaiiraii jaamaa masajaida naepaala kaathamaadaaum,"P859+G33, darawaara maaraga, kaathamaadaauँ 44600, naepaala",27.7087615,85.3176462,4.6,darawaara maaraga,,,Missing description
637,Barekot 7 luhag Jajarkot,"P8H6+HG6, kaathamaadaauँ 44600, naepaala",27.7289146,85.3112622,5.0,kaathamaadaauँ,,,Missing description
638,taira hanae jajarkot kao raajaalae,"M6FF+62, kaotajahaaraii 22000, naepaala",28.6731144,82.2225179,5.0,kaotajahaaraii,,,Missing description
639,Salbari Park,"M2G7+366, Charali- Sanischare Rd, shanai arajauna 57205, naepaala",26.6751638,88.0130266,4.3,Charali- Sanischare Rd,,,Missing description
640,hayaapapaiilayaanada phanapaaraka,"MV4X+4HQ, kanakaaii 57200, naepaala",26.6553354,87.8989824,4.2,kanakaaii,,,Missing description
641,New Church Bhangbari Jhapa,"MMXW+MJJ, damaka 57217, naepaala",26.6992166,87.696525,5.0,damaka,,,Missing description
642,aadarasha taola,"HV3R+FGP, Surunga - Jhapa Rd, sharanaamataii 57200, naepaala",26.5538365,87.8916127,4.7,Surunga - Jhapa Rd,,,Missing description
643,Jhapa Natak Ghar,"MX2G+586, bairataamaoda 57204, naepaala",26.6504229,87.975756,4.4,bairataamaoda,,,Missing description
644,Jamunkhadi Zoo,"MW36+6XX Jamunbadi Wetland Area, kanakaaii 57200, naepaala",26.6531057,87.9124977,3.9,kanakaaii,,,Missing description
645,DEHI ART,"Ward office road, West of Manisha Polyclinic, Mechinagar 6, naepaala",26.6473659,88.1532933,4.5,West of Manisha Polyclinic,,,Missing description
646,Durgapur Jhapa,"JWMF+VMQ, kanakaaii 57200, naepaala",26.6392992,87.9287896,3.7,kanakaaii,,,Missing description
647,yalamabara chaoka Yalamber Chowk,"MM7V+X25, Pashupati Oil Rd, damaka 57217, naepaala",26.6648816,87.6926156,4.1,Pashupati Oil Rd,,,Missing description
648,jhaapaa chaoka,"G3QP+QPG, bhadarapaura 57200, naepaala",26.5394291,88.0868179,5.0,bhadarapaura,,,Missing description
649,Trek 8586,"Ilaka Road, bairataamaoda 57204, naepaala",26.6425567,87.9960388,4.9,bairataamaoda,,,Missing description
650,Minimountain Picnic Spot,"Q4FW+CG3, jairamalae 57200, naepaala",26.7735143,88.1462922,3.9,jairamalae,,,Missing description
651,"Pragati Tol Danda, East-West Highway","J5W5+CV9, maechaiinagara, naepaala",26.6460254,88.1597233,3.9,maechaiinagara,,,Missing description
652,Jumla Botanical Garden Dhitachaur,"76C4+Q98, daepaalagaauँ 21200, naepaala",29.2719153,82.2059395,5.0,daepaalagaauँ,,,Missing description
653,Nepal Jagriti Church,"P9CF+XFF, gaokaranaeshawara 44600, naepaala",27.7224265,85.3736831,5.0,gaokaranaeshawara,,,Missing description
654,jaumalaa,"jaumalaa, naepaala",29.2889218,82.3017728,,naepaala,,,Missing description
655,naepaalaii jaamae masajaiida,"Jame Market, darawaara maaraga, kaathamaadaauँ 44600, naepaala",27.7068043,85.3166468,4.6,darawaara maaraga,,,Missing description
656,"gauhayaeshawaraii shakataipaiitha manadaira, kaathamaanadaaum","P963+G93, kaathamaadaauँ 44621, naepaala",27.7112609,85.3534316,4.6,kaathamaadaauँ,,,Missing description
657,Jumla valley,"75FM+WCQ, chanadananaatha 21200, naepaala",29.2748377,82.183599,4.5,chanadananaatha,,,Missing description
658,"Sinja Valley , Jumla","C268+HR, kanakaasaunadaraii 21200, naepaala",29.4114697,82.0171216,4.6,kanakaasaunadaraii,,,Missing description
659,Hemraj's House,"75FH+FV8, jumla marga, chanadananaatha 21200, naepaala",29.2736648,82.1796897,0.0,jumla marga,,,Missing description
660,raaraa taala,"raaraa taala, raaraa 21100, naepaala",29.5238567,82.0788445,4.7,raaraa,,,Missing description
661,Picnic sport jumla,"75WP+92J, chanadananaatha 21200, naepaala",29.29597,82.1850172,5.0,chanadananaatha,,,Missing description
662,Simkhada picnic spot,"75WP+92, chanadananaatha 21200, naepaala",29.2959197,82.185034,5.0,chanadananaatha,,,Missing description
663,Khali Chaur,"paataraasaii 21200, naepaala",29.3584662,82.1606537,4.5,naepaala,,,Missing description
664,taiikaapaura paaraka,"F4PH+P63, taikaapaura 10901, naepaala",28.4867707,81.1280537,4.3,taikaapaura,,,Missing description
665,dhanagadhaii phana saitaii paraa. lai,"Bhansar Rd, dhanagadhaii 10900, naepaala",28.6929426,80.5566861,4.0,dhanagadhaii,,,Missing description
666,Alpha Church,"J5H4+8P, lamakaii chauhaa, naepaala",28.6285231,81.1560598,5.0,lamakaii chauhaa,,,Missing description
667,Jakhor Lake,"PJ4C+RVQ, dhanagadhaii 10900, naepaala",28.7070775,80.6222412,4.0,dhanagadhaii,,,Missing description
668,Noori Jama Masjid PashupatiTol Dhangadhi (1) District Kailali SudurPashchim (Nepal),"Santoshi Road, dhanagadhaii 10900, naepaala",28.7012365,80.588241,4.2,dhanagadhaii,,,Missing description
669,The Dhangadhi 3D Art Museum,"dhanagadhaii 10900, naepaala",28.7097596,80.5765835,3.8,naepaala,,,Missing description
670,Maheshpur,"Andaiya badaipur, dhanagadhaii 10911, naepaala",28.7559515,80.8087056,4.0,dhanagadhaii,,,Missing description
671,"New Ocean View Aquariums & Pet Shop, Dhangadhi","dhanagadhaii 10900, naepaala",28.7085446,80.5757235,4.6,naepaala,,,Missing description
672,Roshan art gallery,"dhanagadhaii 10900, naepaala",28.7066993,80.5897058,5.0,naepaala,,,Missing description
673,sharaii baehadaa baabaa manadaira,"10900, naepaala",28.7395886,80.7064898,4.4,naepaala,,,Missing description
674,Lovely Chok,"dhanagadhaii 10900, naepaala",28.7164815,80.5950823,3.8,naepaala,,,Missing description
675,raajakaaँdaa,"VVHQ+XXX, maohanayaala 10900, naepaala",28.88,80.89,4.0,maohanayaala,,,Missing description
676,Valka kund picnic spot,"QJHW+35, atataraiiyaa 10900, naepaala",28.7776902,80.6454625,4.2,atataraiiyaa,,,Missing description
677,maitaeraii paaraka,"6X28+GFV, paokharaa 33700, naepaala",28.2013727,83.9661579,4.2,paokharaa,,,Missing description
678,paokharaa daijanaiilayaanada,"Lakeside Khara, paokharaa 33700, naepaala",28.2182839,83.9581569,4.1,paokharaa,,,Missing description
679,St. Anne’s Catholic Church,"6XFM+9P5, ganaeshamaana saimha maaraga, paokharaa 33700, naepaala",28.2233822,83.9843868,4.3,ganaeshamaana saimha maaraga,,,Missing description
680,"Polyang, Kaski","Unnamed Road, 33700, 33700, naepaala",28.1086002,84.2164607,4.3,33700,,,Missing description
681,Masjid Aqsa,"6266+4HF, paokharaa 33700, naepaala",28.2102967,84.0114232,4.6,paokharaa,,,Missing description
682,anatararaashataraiya parawataiiya samgarahaalaya,"paokharaa 33700, naepaala",28.1893016,83.9797849,4.4,naepaala,,,Missing description
683,paokharaa janaawara kashaetara,"5454+5H2, laekhanaatha 33700, naepaala",28.1578917,84.1064056,3.1,laekhanaatha,,,Missing description
684,paokharaa akawaayaraiyama,"Nayabazar Rd, paokharaa 33700, naepaala",28.2199902,83.9899451,3.9,paokharaa,,,Missing description
685,saraiiyaa aarata gayaalaeraii,"Hotel yellow pagoda, paokharaa 33700, naepaala",28.1965344,83.9701116,4.7,paokharaa,,,Missing description
686,wainadhayawaasainaii manadaira,"Pokhara-Baglung Hwy Bindhyabasini, paokharaa 33700, naepaala",28.2377642,83.984173,4.6,paokharaa,,,Missing description
687,Kaskikot Palace,"7WC3+RXX, kaasakaiikaota 33700, naepaala",28.2721091,83.9049714,4.5,kaasakaiikaota,,,Missing description
688,The Mountain House Treks & expedition Pvt.Ltd - Trekking in Pokhara Nepal,"Nahar Marg street no 32, paokharaa 33700, naepaala",28.2130688,83.9658096,5.0,paokharaa,,,Missing description
689,kaasakaiikaota paikanaika sapata,"7W8G+Q4, paokharaa 33700, naepaala",28.266974,83.925286,4.9,paokharaa,,,Missing description
690,"Kori Hill,kaoraii daaँdaa","C59H+796, namarajaumga 33700, naepaala",28.4181717,84.1783894,4.6,namarajaumga,,,Missing description
691,kaathamaadaaum phana paaraka,"paradarashanaii maaraga, kaathamaadaauँ 44600, naepaala",27.701377,85.3203981,4.0,kaathamaadaauँ,,,Missing description
692,GREATER GRACE CHURCH KATHMANDU NEPAL,"pepsicola kaathamaadaau mahaanagara paalaikaa ३२ paepasaikaolaa, 44600, naepaala",27.6872969,85.3648296,3.7,44600,,,Missing description
693,sawapana bagaaiँchaa,"P877+MR2, taraidaewaii sadaka, kaathamaadaauँ 44600, naepaala",27.7141261,85.3145041,4.2,taraidaewaii sadaka,,,Missing description
694,taaraagaauँ samsakaृtai sangagarahaalaya,"baaudadhanaatha sadaka, kaathamaadaauँ 44600, naepaala",27.7201823,85.3561869,4.2,kaathamaadaauँ,,,Missing description
695,pashaupatainaatha manadaira,"pashaupatainaatha maaraga, kaathamaadaauँ 44600, naepaala",27.710512,85.3488125,4.7,kaathamaadaauँ,,,Missing description
696,kaathamaadaaum darabaara kashaetara,"kaathamaadaauँ 44600, naepaala",27.7042737,85.307463,4.5,naepaala,,,Missing description
697,paatana darabaara kashaetara,"lalaitapaura 44600, naepaala",27.6726981,85.3253211,4.6,naepaala,,,Missing description
698,Nepal Trekking Experts Pvt. Ltd.,"Amrit Marg,Thamel, Post Box: 23437, kaathamaadaauँ 44600, naepaala",27.7157787,85.3128545,5.0,Thamel,,,Missing description
699,Kavre,"Layaku Rajmanch, Layaku, banaepaa 45210, naepaala",27.6337163,85.5193611,4.4,Layaku,,,Missing description
700,"Nepali Evangelical Church (NEC), Banepa, Kavre, Nepal","JGM8+CGQ, banaepaa 45210, naepaala",27.6335873,85.516362,5.0,banaepaa,,,Missing description
701,TINDHARA JHARANA WATERFALL BASE,"paaँgau 45200, naepaala",27.487874,85.5652426,4.5,naepaala,,,Missing description
702,panaautaii samgarahaalaya,"HGP8+2V7, Indreshwor Temple Square, panaautaii 45209, naepaala",27.5850271,85.51709,4.4,Indreshwor Temple Square,,,Missing description
703,Maa Chandeshwori Aquariums,"Banepa kwolan tole, banaepaa 45210, naepaala",27.6330743,85.5186673,4.5,banaepaa,,,Missing description
704,ithaulaii phalachaa:,"MC8X+PPV, Unnamed Road, 44800, naepaala",27.6668549,85.4492827,5.0,Unnamed Road,,,Missing description
705,Panauti Durbar Square panaautaii darabaara kashaetara,"HGP8+255, panaautaii 45209, naepaala",27.5850165,85.5154733,4.6,panaautaii,,,Missing description
706,kaabharaepalaanachaoka,"kaabharaepalaanachaoka, naepaala",27.5285353,85.643487,,naepaala,,,Missing description
707,Achakhel,"JGJG+WW6, Ghokechaur Marg, banaepaa 45210, naepaala",27.6322896,85.5272634,0.0,Ghokechaur Marg,,,Missing description
708,Community Hike,"community hike, Sanga, panaautaii, naepaala",27.6416498,85.4778176,4.6,Sanga,,,Missing description
709,PANAUTI COMMUNITY PICNIC SPOT,"panaautaii 45209, naepaala",27.5980103,85.4993294,5.0,naepaala,,,Missing description
710,"Manebhanjyang park, Sakela Gaaunpalika, khotang","56200, naepaala",27.1601655,86.851728,4.6,naepaala,,,Missing description
711,"Hantolung Park, Nunthala","6Q7V+GFP, daikataela 56200, naepaala",27.2518125,86.7468125,0.0,daikataela,,,Missing description
712,saabarau elaaehaiima manadalaii,"8Q2X+WF, khaaramaii 56200, naepaala",27.3023309,86.7986598,0.0,khaaramaii,,,Missing description
713,khaotaamga bajaara,"khaotaamga bajaara 56200, naepaala",27.026608,86.8471308,,naepaala,,,Missing description
714,Haleshi Mahadev Temple,"5JVC+4V7, mahaadaewasathaana 56200, naepaala",27.1927785,86.6221567,4.8,mahaadaewasathaana,,,Missing description
715,Diktel Bazar,"daikataela 56200, naepaala",27.2231286,86.7878354,4.4,naepaala,,,Missing description
716,Mundhum Trail,"5WXH+Q9X, 57000, naepaala",27.1994849,86.9284717,4.9,57000,,,Missing description
717,Thalthale Picnic Spot,"2XJ4+H3, dhaotalaekhaanaii, naepaala",27.03143,86.955213,5.0,dhaotalaekhaanaii,,,Missing description
718,Rupakot Danda raupaakaota daamdaa,"7Q6J+JX7, daikataela 56200, naepaala",27.2615401,86.7824351,4.7,daikataela,,,Missing description
719,yau ena paaraka,"M8PG+6GJ, Park Ln, lalaitapaura 44700, naepaala",27.6855826,85.3262662,3.9,Park Ln,,,Missing description
720,Our Lady Of Assumption Church,"M8F4+3J4, Jhamsikhel Road, lalaitapaura 44700, naepaala",27.6726342,85.306591,4.6,Jhamsikhel Road,,,Missing description
721,Jame Masjid Patan,"M8FH+4VG, lalaitapaura 44700, naepaala",27.672801,85.3297129,4.5,lalaitapaura,,,Missing description
722,paatana samgarahaalaya,"M8FG+944, bhainadayao kawa - saauga: laँ, lalaitapaura 44700, naepaala",27.6733773,85.3253361,4.6,bhainadayao kawa - saauga: laँ,,,Missing description
723,NEW AQARIUM Center,"Hospital Rd, lalaitapaura 44700, naepaala",27.6691469,85.3217997,4.1,lalaitapaura,,,Missing description
724,Balkumari Picnic Spot,"J8HC+RPQ Balkumari Temple, lalaitapaura 44700, naepaala",27.6295823,85.321853,4.1,lalaitapaura,,,Missing description
725,padayaataraa naepaalakaa laagai,"Bharma Kumari Marga, kaathamaadaauँ 44600, naepaala",27.7131801,85.3124974,4.6,kaathamaadaauँ,,,Missing description
726,"Gairikhoriya(Koiralaphant),Lamjung,Nepal.","48XF+FGX, Koiralaphant 33600, naepaala",28.1487347,84.3238547,4.8,Koiralaphant,,,Missing description
727,phaisataela daraiima paaraka,"5XGR+2G7, baagamaaraa raoda, paokharaa 33700, naepaala",28.174387,83.9925495,4.1,baagamaaraa raoda,,,Missing description
728,The Church of Children of Light,"36RW+P7P, samaibhanajayaamga 33600, naepaala",28.0918378,84.2456939,5.0,samaibhanajayaamga,,,Missing description
729,Lamjung Durbar,"6978+7Q3, waesaiishahara 33600, naepaala",28.2131351,84.3669256,4.4,waesaiishahara,,,Missing description
730,phaaijana East mausakaila kaushaa mausalalaa,"69HH+H46, waesaiishahara 33600, naepaala",28.2289239,84.3777857,5.0,waesaiishahara,,,Missing description
731,SHILPI MUSEUM,"waesaiishahara 33600, naepaala",28.205943,84.3707288,5.0,naepaala,,,Missing description
732,Akaladevi Mandir akalaadaewaii manadaira,"5C6Q+3G9, daumarae-baesaishahara-chaamae raajamaaraga, bhaotaeodaara 33600, naepaala",28.1601589,84.4388693,4.6,daumarae-baesaishahara-chaamae raajamaaraga,,,Missing description
733,Bhulbhule Canyoning Lamjung,"79RG+MGR, khaudaii 33600, naepaala",28.2917289,84.3762741,4.5,khaudaii,,,Missing description
734,LIPE HILL,"ilaama paokharaii 33600, naepaala",28.2359081,84.5570933,5.0,naepaala,,,Missing description
735,Campsite on Upper Marsyangdi reservoir,"8C72+9RW, baahaunadaaँdaa 33600, naepaala",28.3134908,84.4020769,5.0,baahaunadaaँdaa,,,Missing description
736,shahaiida samaaraka paaraka,"CXVX+2R, haetaaudaa 44100, naepaala",27.4430853,84.9999735,4.3,haetaaudaa,,,Missing description
737,Adventure World Hetauda,"CXVX+2R, haetaaudaa 44100, naepaala",27.4423914,85.0003456,5.0,haetaaudaa,,,Missing description
738,Makwanpur Prasansa Mandali,"C26M+6WG, haetaaudaa 44107, naepaala",27.4105998,85.0348503,5.0,haetaaudaa,,,Missing description
739,jaamae masajaida,"C2GP+MGQ, haetaaudaa 44107, naepaala",27.4267056,85.0364788,4.2,haetaaudaa,,,Missing description
740,Frn's Aquarium,"sharaii bhautanadaewaii uchacha maadhayamaika waidayaalaya, haetaaudaa 44107, naepaala",27.428594,85.0352454,4.9,haetaaudaa,,,Missing description
741,pashaupataii manadaira,"C29M+MFM, haetaaudaa 44107, naepaala",27.4192101,85.0336847,4.6,haetaaudaa,,,Missing description
742,Martyrs Memorial Park,"C2V2+V6J shahaiida satamabha, haetaaudaa 44100, naepaala",27.4420456,84.9999012,4.3,haetaaudaa,,,Missing description
743,Makawanpur Gadhi,"C46W+CX5, makawaanapauragadhaii 44100, naepaala",27.4110229,85.1474859,4.4,makawaanapauragadhaii,,,Missing description
744,sagaramaathaa paaidala yaataraa taraekaharauu ra abhaiyaana,"Pandey Chap Bus Park Kirtipur -15, 44100, naepaala",27.655663,85.276063,4.5,44100,,,Missing description
745,Makawanpur Gadi Picnic Spot,"C562+J6C, Trail to Makwanpur Gadhi, makawaanapauragadhaii 44100, naepaala",27.4115616,85.1505069,4.5,Trail to Makwanpur Gadhi,,,Missing description
746,kauwaapaanaii daaँdaa,"FWMP+VM3, haetaaudaa 44100, naepaala",27.4846314,84.936665,4.3,haetaaudaa,,,Missing description
747,New kachan,"94VF+WJR, namarajaumga 33700, naepaala",28.394857,84.124008,0.0,namarajaumga,,,Missing description
748,Tanki Manang,"M2C7+H8M, manaanga gaawaisa 33500, naepaala",28.6714712,84.0133118,4.7,manaanga,,,Missing description
749,manaanga samsakaृtai samgarahaalaya,"M28F+4MQ, tamkaii manaamnga 33500, naepaala",28.6653597,84.024244,4.0,tamkaii,,,Missing description
750,ananapaurana samrakashana kashaetara,"R2C8+5MX, jaomasaoma 33100, naepaala",28.8204837,84.0167423,4.6,jaomasaoma,,,Missing description
751,Samriddhi Aquarium,"5XVW+RC3, paokharaa 33700, naepaala",28.194521,83.9960592,5.0,paokharaa,,,Missing description
752,sharaii maukatainaatha manadaira,"Muktinath-Chumig Gyatsa Pilgrimage Site, maukatainaatha 33100, naepaala",28.8169466,83.871798,4.7,maukatainaatha,,,Missing description
753,thaorangagalaa bhanyajayaanga,"QWVQ+CFQ, Thorong Phedi - Thorong La Rd, tamkaii manaamnga 33500, naepaala",28.7935762,83.9387337,4.9,Thorong Phedi - Thorong La Rd,,,Missing description
754,Hotel Mountain Lake,"M27G+P6H, tamkaii manaamnga 33500, naepaala",28.6643135,84.0256055,4.2,tamkaii,,,Missing description
755,Itahara Chowk iitaharaa chaoँka,"GJP7+XGM, itaharaa 56600, naepaala",26.5374614,87.6137972,4.1,itaharaa,,,Missing description
756,yaipapaii layaanada,"itaharaii 56705, naepaala",26.6989948,87.2924747,4.3,naepaala,,,Missing description
757,Biratnagar Pravat Church,"Biratnagar Sub-Metropolitan -5, Kanchanbari, Morang, Koshi, naepaala",26.4839258,87.2728828,0.0,Kanchanbari,,,Missing description
758,baetanaa saimasaara,"MC5J+PR8, baelawaaraii 56600, naepaala",26.6592765,87.4320678,4.2,baelawaaraii,,,Missing description
759,"jaamaa masajaida ,wairaatanagara","Sarochiya Road, wairaatanagara 56613, naepaala",26.4582407,87.2775471,4.5,wairaatanagara,,,Missing description
760,ebharaeshata saaiinasa saenatara,"Barju - 5, Sitagunj, Sunsari, Nepal Sitagunj, naepaala",26.4476094,87.2126916,3.6,Sitagunj,,,Missing description
761,"Biratnagar Aquarium ""Modern Aquatic Pet""","haimaalaya halakao chhaeumaa, Biratnagar - 9, Himalaya Rd bairaatanagara - ९, haimaalaya raoda (mahaenadara chaoka, wairaatanagara, naepaala",26.4541004,87.278561,4.8,Biratnagar,,,Missing description
762,"Bajrangbali Temple, Gramthan - 7, Morang, Nepal","H8XV+849, banaigaamaa raoda, wanaigaamaa 56600, naepaala",26.5982809,87.3428583,5.0,banaigaamaa raoda,,,Missing description
763,Jirikhimti chowk morang,"MG6R+6WM Dash Khola, Dans Morangi Bridge, patharaii shanaishacharae 56600, naepaala",26.660576,87.5422845,5.0,Dans Morangi Bridge,,,Missing description
764,taala talayaa,"P822+323, itaharaii, naepaala",26.7001495,87.3000599,4.2,itaharaii,,,Missing description
765,Madan Bhandari Memorial Park,"chaitarawana 44200, naepaala",27.6553012,84.2844909,4.2,naepaala,,,Missing description
766,Anugrah Pabitra Church ( anaugaraha pawaitara characha ) - Biblical Church at Nawalparasi,"School chowk, gaaimdaakaota 33000, naepaala",27.697503,84.3072928,5.0,gaaimdaakaota,,,Missing description
767,saiijaii shaashawatadhaama,"33004, Dumkauli 33004, naepaala",27.6772404,84.2113584,4.2,Dumkauli,,,Missing description
768,Narayani River Amaltari,"H34R+FQQ, kaawaasaotaii 33007, naepaala",27.556206,84.0919986,5.0,kaawaasaotaii,,,Missing description
769,Parsa Nepali Jame Masjid,"JH48+VGV, Sichai Rd, khaairahaanaii 44200, naepaala",27.6072261,84.5663111,4.3,Sichai Rd,,,Missing description
770,Kalawati Art Garden,"P93Q+MC6, VijayaNagar Marg, I 33000, naepaala",27.7041755,84.3885186,4.5,VijayaNagar Marg,,,Missing description
771,"Raju Arts, Parasi, Nawalparasi","GMJ8+97V, raamagaraama 33007, naepaala",27.530988,83.6656641,4.0,raamagaraama,,,Missing description
772,Riders Mountain Bike Station and Kids Cycle Store,"Bharatpur 3, Kamalnagar, 44200, naepaala",27.6947346,84.420453,4.8,Kamalnagar,,,Missing description
773,British Camp Picnic Spot,"gaaimdaakaota 33000, naepaala",27.7217236,84.4269785,4.3,naepaala,,,Missing description
774,"Arelighari dhodeni, Nawalparasi","Arelighari dhodeni to, gaaimdaakaota 33000, naepaala",27.7505808,84.3817729,4.0,gaaimdaakaota,,,Missing description
775,jamadaara baajaekao ghara ghalaana baajae,"W598+QC8, baidaura 44900, naepaala",27.9194201,85.1660825,0.0,baidaura,,,Missing description
776,SB,"paasaanga lahaamau raajamaaraga, baidaura 44900, naepaala",27.9407509,85.1572659,5.0,baidaura,,,Missing description
777,Battar New Vision Church Inarpati,"Inarpati, Bidur-6, baidaura 44900, naepaala",27.9043554,85.1531216,4.0,Bidur-6,,,Missing description
778,nauwaakaota saata-talae darabaara,"W577+FRQ, nauwaakaota sadaka, baidaura 44900, naepaala",27.9137229,85.1646211,4.4,nauwaakaota sadaka,,,Missing description
779,"Jame Masjid Devighat, Nuwakot","V466+456, baidaura 44900, naepaala",27.8602799,85.1103951,3.8,baidaura,,,Missing description
780,Nuwakot Durbar Square Museum,"W5F7+FP, baidaura 44900, naepaala",27.9236376,85.1643118,4.9,baidaura,,,Missing description
781,sharaii bhaairabaii manadaira nauwaakaota,"W577+2FC, baidaura 44900, naepaala",27.9125607,85.1636143,4.6,baidaura,,,Missing description
782,Nuwakot Durbar Square,"W577+FRX, nauwaakaota sadaka, baidaura 44900, naepaala",27.9137359,85.1646101,4.4,nauwaakaota sadaka,,,Missing description
783,Siltanki Nuwakot,"W5V4+4QR, baidaura 44900, naepaala",27.9428708,85.1568824,4.2,baidaura,,,Missing description
784,D-Siltank picnic spot,"baidaura 44900, naepaala",27.9421887,85.1582905,4.3,naepaala,,,Missing description
785,kakanaii bhayauu pawaainata,"kakanaii 44900, naepaala",27.8142941,85.2686545,4.2,naepaala,,,Missing description
786,Sidhicharan Park,"8F9X+3XF, sagaramaathaa raajamaaraga, kataaraii 56100, naepaala",27.3176885,86.4999211,4.1,sagaramaathaa raajamaaraga,,,Missing description
787,"Birendra Park, Okahdlhunga","56100, saidadhaicharana, naepaala",27.3157808,86.4972739,4.4,saidadhaicharana,,,Missing description
788,Aarohan church,"8GC4+964, saidadhaicharana 56100, naepaala",27.3211426,86.5056085,0.0,saidadhaicharana,,,Missing description
789,okhaladhaungagaa taudaikhaela,"saidadhaicharana 56100, naepaala",27.3143202,86.502892,4.1,naepaala,,,Missing description
790,Okhaldhunga Historical Museum,"8G2V+586, saidadhaicharana 56100, naepaala",27.3004068,86.5432686,5.0,saidadhaicharana,,,Missing description
791,"Shiva Temple, Okahdlhunga","56100, saidadhaicharana, naepaala",27.3131221,86.5025156,4.0,saidadhaicharana,,,Missing description
792,Historical Okhaldhunga,"8F9X+3WP, saidadhaicharana 56100, naepaala",27.317724,86.4998222,4.9,saidadhaicharana,,,Missing description
793,naepaala taraeka haba,"Bal Kumari Marg, kaathamaadaauँ 44600, naepaala",27.7259526,85.3176154,5.0,kaathamaadaauँ,,,Missing description
794,Thamdanda,"8GJ8+692, saidadhaicharana 56100, naepaala",27.3305157,86.5158917,4.8,saidadhaicharana,,,Missing description
795,Ramapithecus Park,"PFP8+F73, H10, daobhaana 32500, naepaala",27.736148,83.4656855,4.3,H10,,,Missing description
796,wana waataikaa,"MF3J+3XV, tailaotatamaa 32907, naepaala",27.6527416,83.4824252,4.1,tailaotatamaa,,,Missing description
797,"World mission society church of god- Tansen,palpa (waishawa sausamaachaara samaaja paramaesha‍warakao manadalaii taanasaena ,paalapaa)","VG9R+66, taanasaena 32500, naepaala",27.868037,83.5405929,4.9,taanasaena,,,Missing description
798,Palpa Durbar & Museum,"taanasaena 32500, naepaala",27.867475,83.5453295,4.3,naepaala,,,Missing description
799,Banbatika Zoo,"MF3P+J33, tailaotatamaa 32907, naepaala",27.6540046,83.4851772,4.1,tailaotatamaa,,,Missing description
800,Butwal Aquirium And Plant House,"MFP8+8PW E W, mahaenadara raajamaaraga, bautawala 32907, naepaala",27.6858584,83.4668131,3.8,mahaenadara raajamaaraga,,,Missing description
801,Nepalese fine art gallery,"VH94+63F, Tansen mission road, naepaala",27.8680292,83.5552002,0.0,Tansen mission road,,,Missing description
802,Bhairabsthan Temple,"VF9H+VGM, taanasaena-tamaghaasa sadaka, bhaairawasathaana 32500, naepaala",27.8697108,83.4787868,4.7,taanasaena-tamaghaasa sadaka,,,Missing description
803,Butwal Bike Station,"Horizon Chowk Bus Stop, H10, bautawala 32907, naepaala",27.6788842,83.4647928,4.3,H10,,,Missing description
804,Nuwakot,"PCGW+C4, daobhaana 32907, naepaala",27.7260625,83.4453125,4.1,daobhaana,,,Missing description
805,athawaa paaraka,"6PG2+QW9, Unnamed Road, kaushamaa 33400, naepaala",28.2269157,83.7023663,4.2,Unnamed Road,,,Missing description
806,Nepal Evangelical Patichaur Church,"7PFP+GVX, Deuraali, raamajaa sadaka, paataichaaura 33400, naepaala",28.2738485,83.7371998,5.0,Deuraali,,,Missing description
807,Ramesh Parbat,"3G2J+HJM, sayauujaa 22400, naepaala",28.0520283,82.5321839,4.0,sayauujaa,,,Missing description
808,Raza Jama Masjid,"6M7H+7F6, kaushamaa 33400, naepaala",28.2131421,83.6786692,3.4,kaushamaa,,,Missing description
809,Gupteswor Gupha (gaupataeshawara gauphaa),"gaupataeshawaora padamaaraga Shivalaya-8,Kusma,Parbat,Nepal, kaushamaa 33400, naepaala",28.2274065,83.6746259,4.6,Kusma,,,Missing description
810,bhauupataiinadara malala parataimaa,"MCCH+R85, bhakatapaura 44800, naepaala",27.6720189,85.4283481,4.9,bhakatapaura,,,Missing description
811,Durlung Kot,"kaushamaa 33400, naepaala",28.2533235,83.6885371,4.4,naepaala,,,Missing description
812,Kokhe Danda,"bhaukataanagalae, naepaala",28.372265,83.6860682,4.8,naepaala,,,Missing description
813,Gyandi Open Resort & Picnic Spot,"kaushamaa 33400, naepaala",28.2063712,83.6799905,4.7,naepaala,,,Missing description
814,Malyangdi Khola,"5MXM+VCH, kaushamaa 33400, naepaala",28.1996761,83.683612,4.0,kaushamaa,,,Missing description
815,parasaa raashataraiya naikaunyaja,"8VF7+88M, amalaekhaganyaja, naepaala",27.3233433,84.8632908,4.4,amalaekhaganyaja,,,Missing description
816,Thrill Factory & Water Park,"3W55+P7G, taraibhauwana raajapatha, waiiraganyaja 44300, naepaala",27.0594915,84.9087791,3.9,taraibhauwana raajapatha,,,Missing description
817,New Apostolic Church Jeetpur,"4XM4+RX5, gadhaiimaaii 44400, naepaala",27.1345274,84.9574162,4.8,gadhaiimaaii,,,Missing description
818,Jama Masjid Parsa,"3J35+P85, Unnamed Road, Mahuawa Sagrauwa, Bihar 845306, bhaarata",27.0542473,84.6084355,4.4,Unnamed Road,,,Missing description
819,"Brahma Kumaris sub-Center, Murali Bagaicha, Birgunj, Parsa","2V9P+6RP, bairagamja baaipaasa raoda, waiiraganyaja 44300, naepaala",27.0180824,84.8871364,3.5,bairagamja baaipaasa raoda,,,Missing description
820,Aqua Fish World,"gadhaiimaaii 44400, naepaala",27.1641297,84.9782205,4.2,naepaala,,,Missing description
821,Parsa gadhi temple,"4VP4+W2J, baagaeshawaraii taitaraonaa 44300, naepaala",27.1373241,84.855038,4.6,baagaeshawaraii,,,Missing description
822,ghanataaghara,"waiiraganyaja 44300, naepaala",27.0149613,84.8788959,4.3,naepaala,,,Missing description
823,Shankaracharya Prawesh Dwar shamkaraachaaraya parawaesha dawaara,"XVR5+9C6, AH42, waiiraganyaja, naepaala",26.9909069,84.8585381,4.4,AH42,,,Missing description
824,Jagriti AG Church,"3VRJ+FWQ Helipad, payauuthaana 22300, naepaala",28.0912521,82.8823801,1.0,payauuthaana,,,Missing description
825,raawatagaauँ narasaraii (RawatGaun Nursery),"2FH4+283, ghaoraahaii 22400, naepaala",28.0275062,82.4557907,0.0,ghaoraahaii,,,Missing description
826,Nepal fishmandu,"Redhon pool, kaathamaadaauँ 44600, naepaala",27.7420283,85.3109494,4.1,kaathamaadaauँ,,,Missing description
827,sharaii sawaragadawaaraii manadaira,"Swargadwari Municipality, payauuthaana 22300, naepaala",28.1216987,82.6745237,4.5,payauuthaana,,,Missing description
828,Swargadwari pyuthan,"4MCF+CJP, sawaragadawaaraiikhaala 22300, naepaala",28.1210861,82.6740408,4.5,sawaragadawaaraiikhaala,,,Missing description
829,tailaauraakaota kapailawasatau,"H3G3+G37, kapailawasatau 32800, naepaala",27.5762958,83.0526809,4.5,kapailawasatau,,,Missing description
830,naepaala taraekainga maaragaharauu padayaataraaharauu ra abhaiyaana paraaiwaeta laimaitaeda,"Attached building of LOD gate, thamaela maaraga, kaathamaadaauँ 44600, naepaala",27.7160149,85.3115312,4.9,thamaela maaraga,,,Missing description
831,Banskhola picnic spot,"3VR3+6JQ, payauuthaana 22300, naepaala",28.0905996,82.8541154,4.8,payauuthaana,,,Missing description
832,Bharosa Gospel Church Ramechhap ️,"83FJ+Q7M, raamaechhaapa 45400, naepaala",27.3251544,86.0803388,5.0,raamaechhaapa,,,Missing description
833,RAMECHHAP ARUKHARKEY,"85F2+GR3, raamaechhaapa 45400, naepaala",27.3237431,86.1520712,4.5,raamaechhaapa,,,Missing description
834,Taarakeshor Mahadev Temple,"8477+7JC, raamaechhaapa 45400, naepaala",27.313199,86.1140179,5.0,raamaechhaapa,,,Missing description
835,"Manthali, Ramechhap","93M7+X9C, raamaechhaapa 45400, naepaala",27.3849284,86.0633828,4.4,raamaechhaapa,,,Missing description
836,sagaramaathaa aadhaara shaiwaira taraekainga,"amaृta maaraga, kaathamaadaauँ 44600, naepaala",27.7159436,85.3127654,5.0,kaathamaadaauँ,,,Missing description
837,laangagataangaga raashataraiya naikaunyaja,"Helambu, 45007, naepaala",28.1288506,85.5438048,4.6,45007,,,Missing description
838,Yubra church ministry,"yubra charch naukunda 2, naepaala",28.0067491,85.3002578,5.0,naepaala,,,Missing description
839,"Gatlang Village Rasuwa, Nepal.","5779+56M, Gatlang, sayaaparau baesaii 45000, naepaala",28.1629624,85.2680497,4.6,Gatlang,,,Missing description
840,rasauwaagadhaii,"45000, naepaala",28.2776297,85.3776517,4.2,naepaala,,,Missing description
841,SouthS ART gallery,"J87G+9PG, thaechao 44700, naepaala",27.6134395,85.3268138,5.0,thaechao,,,Missing description
842,Rasuwagadhi Temple,"naepaalaii bhamsaara kaarayaalaya, 45000, naepaala",28.2778206,85.3775422,4.0,45000,,,Missing description
843,Way to Thulo Sybru (Gosaikunda to Langtang Trek),"492C+477, 45000, naepaala",28.1002855,85.3706823,5.0,45000,,,Missing description
844,Majuwa hiking junction(majauwaa haaikainga jakasana),"X5WX+MJ6, paasaanga lahaamau raajamaaraga, laharaepaauwaa 45000, naepaala",27.9966614,85.1990095,4.4,paasaanga lahaamau raajamaaraga,,,Missing description
845,Lampuja Rolpa,"to, laiwaanga 22100, naepaala",28.2652853,82.6907408,4.5,laiwaanga,,,Missing description
846,Bethel Church Rolpa,"8J2R+76X, laiwaanga 22100, naepaala",28.3007462,82.6405964,5.0,laiwaanga,,,Missing description
847,View Tower Liwang Rolpa Nepal,"7M78+PW6, laiwaangaga 22100, naepaala",28.2642951,82.6672633,4.2,laiwaangaga,,,Missing description
848,Badakhola,"F994+XCV, kaotabaaraa 22200, naepaala",28.4699807,82.3560389,0.0,kaotabaaraa,,,Missing description
849,janayaudadha sangagaraalaya gaairaigaau tailaa raolapaa,"8GC3+M2C, gaairaiigaauँ 22100, naepaala",28.3216991,82.5025481,3.0,gaairaiigaauँ,,,Missing description
850,R. R. AQUARIUM HOUSE,"chakarapatha, kaathamaadaauँ 44600, naepaala",27.70236,85.340812,3.9,kaathamaadaauँ,,,Missing description
851,Ota Rolpa Nepal,"CC8Q+447, Ota 22100, naepaala",28.4153002,82.4377818,4.0,Ota,,,Missing description
852,Darbot Rolpa daarabaota raolapaa,"8GGQ+XR, daarabaota, kaotagaauँ, naepaala",28.3275624,82.5383158,4.1,daarabaota,,,Missing description
853,ROLPA,"7JXM+X8W, laiwaanga 22100, naepaala",28.3,82.633333,0.0,laiwaanga,,,Missing description
854,Satdobato,"7MC9+W56, Unnamed Road, laiwaanga 22100, naepaala",28.2722786,82.6678916,4.1,Unnamed Road,,,Missing description
855,Sankha Rukum,"Sankha 7 Rukum, Musikot 7, 22000, naepaala",28.6137435,82.5094666,5.0,Musikot,,,Missing description
856,kauraikhaolaa khaeta paraema kae.saii,"H9M7+WF, paeughaa 22000, naepaala",28.5848026,82.363645,5.0,paeughaa,,,Missing description
857,Koinonia Rukum Church,"West Part, Musikot - 7, naepaala",28.6093429,82.5187044,4.0,Musikot,,,Missing description
858,"Gupta daha, rukum east.","PJRR+W5, saisanae 22000, naepaala",28.7423069,82.6403869,4.5,saisanae,,,Missing description
859,maora maanachha jalaaunae thaauँ,"M6G4+94, paurataimakaadaa 22000, naepaala",28.6759283,82.2052937,0.0,paurataimakaadaa,,,Missing description
860,"Digre saikumari temple, rukum","JFJG+7FH, mausaiikaota 22000, naepaala",28.6306774,82.4762193,4.5,mausaiikaota,,,Missing description
861,kamala daha,"JJ8G+M67, raukaumakaota 22000, naepaala",28.6166696,82.625551,4.3,raukaumakaota,,,Missing description
862,Labang laabaanga,"GMJ7+PPP, mahata 22000, naepaala",28.5318439,82.6643374,5.0,mahata,,,Missing description
863,"manaimaukanada saena udayaana, phaulabaaraii","Mayarani Palace, mahaenadara raajamaaraga, bautawala 32907, naepaala",27.7062467,83.4561877,4.1,mahaenadara raajamaaraga,,,Missing description
864,Lumbini Aqwa Park and Resort,"Belhaiya 1, saidadhaarathanagara 32900, naepaala",27.4861831,83.4628829,4.0,saidadhaarathanagara,,,Missing description
865,HOPE CHURCH BUTWAL,"Unnamed Road, tailaotatamaa 32900, naepaala",27.6431938,83.5314308,4.5,tailaotatamaa,,,Missing description
866,Jama Masjid Rahmaniya,"GC4X+GQ8, saidadhaarathanagara 32900, naepaala",27.5063452,83.4494516,4.3,saidadhaarathanagara,,,Missing description
867,Siddhartha statue,"F7FG+G8C, Unnamed Road, laumabainaii saaँsakaृtaika 32900, naepaala",27.4738007,83.2757573,4.6,Unnamed Road,,,Missing description
868,Karki Aquarium Plant and Pet House,"Baniya Marg, tailaotatamaa 32907, naepaala",27.647404,83.4718136,4.3,tailaotatamaa,,,Missing description
869,Nahakul Arts Studio & gallery,"Narayanpath 8, Narayan path 8, saidadhaarathanagara 32900, naepaala",27.5107439,83.4518504,5.0,Narayan,,,Missing description
870,maayaa daewaii manadaira,"F79G+V83, taaulaihawaa raoda, laumabainaii saaँsakaृtaika 32900, naepaala",27.4696415,83.2757848,4.7,taaulaihawaa raoda,,,Missing description
871,"waishawa shaanatai satauupa , laumabainaii","F7XG+HG6, laumabainaii saaँsakaृtaika 32914, naepaala",27.4989036,83.2762721,4.6,laumabainaii,,,Missing description
872,haila paaraka,"MFWC+8M8, bautawala 32907, naepaala",27.6957886,83.4716902,4.1,bautawala,,,Missing description
873,Sisnepatal Salyan,"CXVJ+QX, maajha kaaँdaa 22200, naepaala",28.4444608,81.9823834,5.0,maajha,,,Missing description
874,Mulpani,"68WX+82M, dhanawaanga 22200, naepaala",28.2458271,82.3475474,0.0,dhanawaanga,,,Missing description
875,"Aijalon AG Church Darimjyula, Salyan","Chhatrshwari- 3 Darimjyula, naepaala",28.3282531,82.2504456,4.2,naepaala,,,Missing description
876,Jatapani salyan,"shaaradaa 22200, naepaala",28.408707,82.114544,4.0,naepaala,,,Missing description
877,GHULSHAN East RAZA JAMA MASJID JITATHAN Chhatreshwori Ruralmunicipality 7 Dict. Salyan Karnali(6) ( NEPAL ),"76PQ+P5R, chhaayaaँkashaetara 22200, naepaala",28.2868731,82.2379119,5.0,chhaayaaँkashaetara,,,Missing description
878,"Salyan , Pipalneta","Santi Road, shaaradaa 22200, naepaala",28.3795639,82.1531947,4.3,shaaradaa,,,Missing description
879,mountain view salyan,"7QMH+XV2, salayaana 33700, naepaala",28.2848883,83.7796317,5.0,salayaana,,,Missing description
880,Nayapul Trekking Starting Point,"Baglung Rajmarg, salayaana 33400, naepaala",28.2964095,83.7676708,4.2,salayaana,,,Missing description
881,Viral Malneta Picnic Spot,"C59Q+HP, shaaradaa 22200, naepaala",28.4189035,82.1893527,0.0,shaaradaa,,,Missing description
882,Salyan hill,"H8RR+767, 44700, naepaala",27.590662,85.3405339,5.0,44700,,,Missing description
883,sainadhaulaiigadhaii maemaoraiyala paaraka,"7XJ4+2GQ, Dhulikhel Sindhuli Bhittamod Rajmarg, jalakanayaa 45900, naepaala",27.2800772,85.9563604,4.4,Dhulikhel Sindhuli Bhittamod Rajmarg,,,Missing description
884,"Nepali Evangelical Church (NEC), Sindhuli,Pipal Danda, Nepal","9VRJ+RH3, jhaaँgaajhaolaii raataamaataa 45900, naepaala",27.3920078,85.8814372,4.4,jhaaँgaajhaolaii,,,Missing description
885,sainadhaulaii gadhaii darabaara kashaetara,"7XJ3+3WP, Dhulikhel Sindhuli Bhittamod Rajmarg, bhadarakaalaii 45900, naepaala",27.2802152,85.9548275,4.4,Dhulikhel Sindhuli Bhittamod Rajmarg,,,Missing description
886,Sindhuli Jame Masjid Sindhuli,"6W76+74V, kamalaamaaii 45900, naepaala",27.2131998,85.9102899,5.0,kamalaamaaii,,,Missing description
887,sainadhaulaii gadhaii yaudadha samgarahaalaya,"7XH4+QCP sainadhaulaiigadhaii maemaoraiyala paaraka, Dhulikhel Sindhuli Bhittamod Rajmarg, jalakanayaa 45900, naepaala",27.2794969,85.9561365,4.5,Dhulikhel Sindhuli Bhittamod Rajmarg,,,Missing description
888,Seti Devi Mirror Temple maulakaota raitathaebhaiira,"9WVH+V6, pauraanao jhaaँgaajhaolaii 45900, naepaala",27.3978539,85.9234111,4.5,pauraanao,,,Missing description
889,Kalapani park,"3WCP+4WX, bai.paii.raajamaaraga, baradaibaasa 45700, naepaala",27.0703594,85.9373452,4.2,bai.paii.raajamaaraga,,,Missing description
890,chaautaaraa baudadha paaraka,"Q828+5P, Tarakeshwar 45306, naepaala",27.7856541,85.7050907,4.5,Tarakeshwar,,,Missing description
891,christian house,"WMJ8+H45, thaamapaalakaota, naepaala",27.931444,85.6655901,0.0,thaamapaalakaota,,,Missing description
892,Sindhupalchowk,"WMJ8+H45, thaamapaalakaota, naepaala",27.9312893,85.6654124,4.5,thaamapaalakaota,,,Missing description
893,Charikot masjid,"M27W+8M8, bhaimaeshawara nagarapaalaikaa 45500, naepaala",27.6632817,86.0466595,5.0,bhaimaeshawara,,,Missing description
894,Shoreee Uhgrachandi Bhagabati,"MG5P+W5H, naalaa ugarachanadaii 45200, naepaala",27.6598199,85.5354724,4.0,naalaa,,,Missing description
895,Jay Bageshwori (Palchoki Mai) Temple,"VHM5+P42, paalachaoka, naepaala",27.884267,85.557757,4.6,paalachaoka,,,Missing description
896,kaailaashanaatha mahaadaewa mauuratai,"Sanga, saurayawainaayaka 44800, naepaala",27.6460679,85.4741948,4.5,saurayawainaayaka,,,Missing description
897,naangagalae bajaara,"QG65+4R7, shaaँkhaubaata maelamachaii-haelamabau sadaka jaodanaebaatao, shangakharaapaura 44600, naepaala",27.7602938,85.5095496,4.5,shaaँkhaubaata maelamachaii-haelamabau sadaka jaodanaebaatao,,,Missing description
898,paaँcha paokharaii,"2PR8+QJ5, gaolachae, naepaala",28.0418875,85.7166094,4.8,gaolachae,,,Missing description
899,paikanaika maaidaana jaharasaingapaauwaa,"PFXW+7P8, shangakharaapaura, naepaala",27.7481604,85.4968339,4.3,shangakharaapaura,,,Missing description
900,nagarakaota paanaoramaika haaikainga taraela,"PGJH+649, Nagarkot Dandagoan Hwy, baalauwaapaataii daeupaura 44812, naepaala",27.7305368,85.5278724,4.3,Nagarkot Dandagoan Hwy,,,Missing description
901,Batika Fun Park,"PCHM+HFF, lahaana 56500, naepaala",26.7289352,86.4336586,3.6,lahaana,,,Missing description
902,Siraha Church,"M645+4FJ, २ nam. raoda, sairaahaa 56500, naepaala",26.6553155,86.2087028,2.0,२ nam. raoda,,,Missing description
903,sairaahaa,"sairaahaa, naepaala",26.6397409,86.1853474,,naepaala,,,Missing description
904,"Jama Masjid,Purab Tola","J5VV+XX7, sairaahaa 56500, naepaala",26.6449064,86.1949557,4.5,sairaahaa,,,Missing description
905,Crown Aquatics Nepal,"Mhepi Marg, kaathamaadaauँ 44600, naepaala",27.7273849,85.3093281,4.5,kaathamaadaauँ,,,Missing description
906,Shoreee Sarshwarnath Temple and Hindu Society,"M6M2+JW4, sairaahaa 56500, naepaala",26.6840049,86.2023857,4.6,sairaahaa,,,Missing description
907,Salhesh Temple,"M646+V99, sairaahaa 56500, naepaala",26.6571922,86.2110011,4.2,sairaahaa,,,Missing description
908,haraiyaalaii paaraka,"raedaiyao naepaala maaraga, dharaana 56700, naepaala",26.8013632,87.2737183,4.0,dharaana,,,Missing description
909,St. John Bosco Catholic Church (saenata jaona baosakao kayaathaolaika characha),"Laxmi Sadak 1, dharaana 56700, naepaala",26.824306,87.2849953,4.8,dharaana,,,Missing description
910,Tarahara Bazar,"High School Road, itaharaii 56705, naepaala",26.7041711,87.2729826,4.2,itaharaii,,,Missing description
911,jaamae masajaida inarauwaa,"J42X+5G9 Jame masjid, Road, inarauwaa 56710, naepaala",26.6004082,87.1488702,4.3,Road,,,Missing description
912,kaoshaii tapapau wanayajanatau aarakasha,"M222+J79, waairawaa 56713, naepaala",26.6515465,87.0007499,4.2,waairawaa,,,Missing description
913,kalapanaa ekawaaraiyama tathaa paeta shapa,"aaetabare road, itaharaii 56705, naepaala",26.6634905,87.2763321,4.1,itaharaii,,,Missing description
914,Itahari art,"itaharaii 00977, naepaala",26.6427393,87.2747558,5.0,naepaala,,,Missing description
915,baraahakashaetara manadaira,"baraahakashaetara, naepaala",26.8764451,87.1658868,4.6,naepaala,,,Missing description
916,Phushre Statue,"R7RR+F8X, dharaana 56700, naepaala",26.8412371,87.2909071,4.8,dharaana,,,Missing description
917,painadaeshawara shaiwa manadaira,"R78V+239, painadaeshawara patha, dharaana 56700, naepaala",26.8136694,87.2945367,4.5,painadaeshawara patha,,,Missing description
918,daanaabaaraii,"R8HG+CCH, dharaana 56700, naepaala",26.8285703,87.326108,4.3,dharaana,,,Missing description
919,Bhedetar Picnic Area,"V886+6XG, Unnamed Road, maahaabhaarata 56800, naepaala",26.8655708,87.3124447,4.5,Unnamed Road,,,Missing description
920,Tirtha bhaira,"R89F+CW8, dharaana 56700, naepaala",26.8185355,87.3248328,4.8,dharaana,,,Missing description
921,Bulbule Park,"HJJ9+VCQ, waiiraenadaranagara 21700, naepaala",28.5822032,81.618594,4.0,waiiraenadaranagara,,,Missing description
922,Birendranagar Church,"JJ8H+FH7, bairaenadaranagara 44200, naepaala",27.616153,84.628927,5.0,bairaenadaranagara,,,Missing description
923,kaaँkaraewaihaara,"kaaँkaraewaihaara manadaira, Buddha Path - 6 6, waiiraenadaranagara 21700, naepaala",28.5644175,81.6214028,4.4,Buddha,,,Missing description
924,"bai. pai. kaoiraalaa maemaoraiyala palaanaetaraiyama, abajarabhaetaraii ra waijanyaana samgaraalaya","M7GM+5MC, Kirtipur Rd, kaiirataipaura 44618, naepaala",27.6754417,85.2841342,4.0,Kirtipur Rd,,,Missing description
925,Tiger Lily Petting farm,"ananatalaingagaeshawara, naepaala",27.6554526,85.3729041,4.1,naepaala,,,Missing description
926,Deutibajai temple,"JF25+J9Q, Kushadevi -1, 45200, naepaala",27.6015875,85.4584844,3.7,Kushadevi -1,,,Missing description
927,ghanataaghara saurakhaeta,"HJXC+328, Unnamed Road, waiiraenadaranagara 21700, naepaala",28.5976573,81.6200618,4.1,Unnamed Road,,,Missing description
928,sauurayaodaya saahasaika taraeka ra abhaiyaana paii laimaitaeda,"pakanaajaola maaraga, kaathamaadaauँ 44600, naepaala",27.7169437,85.3088429,5.0,kaathamaadaauँ,,,Missing description
929,bhasamaasaura daaँdaa,"J6XM+R9G, dakashainakaalaii 44600, naepaala",27.6495653,85.2334457,4.7,dakashainakaalaii,,,Missing description
930,Bhalu pahad Park,"4VV5+2H5, bhaatakhaolaa 33800, naepaala",28.1425205,83.8589996,4.2,bhaatakhaolaa,,,Missing description
931,Syangja View Tower,"4V8G+Q9C, Siddartha Rajmarg, pautalaiibajaara 33800, naepaala",28.1150051,83.8752773,4.3,Siddartha Rajmarg,,,Missing description
932,St.Mary's Believers Eastern Church Galyang Bazar Syangja,"Galyang municipality Galyang municipality, jagataradaewaii 33815, naepaala",27.9447243,83.6768524,3.6,jagataradaewaii,,,Missing description
933,"Ahle Sunnat Jame Masjid, putali bazar syangja","3VXF+F34, pautalaiibajaara 33800, naepaala",28.0987322,83.8726771,0.0,pautalaiibajaara,,,Missing description
934,Sataun Chandi Kalika,"4R2P+2MV, pautalaiibajaara 33800, naepaala",28.100121,83.8366833,4.7,pautalaiibajaara,,,Missing description
935,Thaple Viewpoint,"daraaum 33800, naepaala",28.123644,83.8089121,4.8,naepaala,,,Missing description
936,"bai.paii. chaoka, sayaangajaa bajaara (B.P. Chowk, Syangja Bazar)","3VX9+6C9, H10, pautalaiibajaara 33800, naepaala",28.0979626,83.8686492,4.0,H10,,,Missing description
937,Women's trek Nepal,"paokharaa 33700, naepaala",28.21288,83.971119,5.0,naepaala,,,Missing description
938,kauwainadae khaeta,"paokharaa 33700, naepaala",28.1892655,83.8983155,4.1,naepaala,,,Missing description
939,"Nepali Evangelical Church (NEC) Dumre, Bandipur, Tanahun, Nepal naepaalaii sausamaachaaraiiya manadalaii, daumarae, banadaiipaura, tanahau, naepaala","X98X+HM7, wanadaiipaura 33914, naepaala",27.9664076,84.3991675,5.0,wanadaiipaura,,,Missing description
940,Tanahunsur Village,"Bhanu Marg, tanahauँsaura 19503, naepaala",28.0346373,84.3419123,4.1,tanahauँsaura,,,Missing description
941,Ghausiya Jamiya Masjid,"23WG+695, paृthawaii raajamaaraga, shaukalaganadakaii, naepaala",28.0455195,84.0759747,5.0,paृthawaii raajamaaraga,,,Missing description
942,Bhanubhakta Zoological Garden bhaanaubhakata paraanaii udayaana,"X9Q3+9FF, H04, ghaaँsaiikauwaa, naepaala",27.9884917,84.3536405,5.0,H04,,,Missing description
943,Chhabdi Barahi Temple (chhaabadaii baaraahaii manadaira),"X86F+4PM, bayaasa, naepaala",27.9603353,84.3242988,4.6,bayaasa,,,Missing description
944,Tanahunsur Durbar,"28PR+P6F, tanahauँsaura, naepaala",28.0368068,84.340547,4.6,tanahauँsaura,,,Missing description
945,Shakti Trek - Bhorletar,"5688+9WG, bhaoralaetaara 33700, naepaala",28.1659325,84.2173403,0.0,bhaoralaetaara,,,Missing description
946,Udaya Garden,"XC4C+6P3, wanadaiipaura, naepaala",27.9555155,84.4218039,4.3,wanadaiipaura,,,Missing description
947,"Chautarbari, Jhargaun, Tanahun","WC6J+344, wanadaiipaura, naepaala",27.9101394,84.430342,4.3,wanadaiipaura,,,Missing description
948,"sahaida samaृtai paaraka, taapalaejaunga","phaungalainga 57500, naepaala",27.3528607,87.6697753,4.0,naepaala,,,Missing description
949,Christiya Baptist Church Taplejung,"9M69+4Q3, phaungalainga 57500, naepaala",27.3604147,87.6692762,5.0,phaungalainga,,,Missing description
950,Taplejung Samrakshyan Smriti Park,"phaungalainga 57500, naepaala",27.3530361,87.668412,3.5,naepaala,,,Missing description
951,taapalaejaunga gaeshata haausa enada haotala paathaibharaa,"Phungling 4, phaungalainga 57500, naepaala",27.355003,87.6690246,4.8,phaungalainga,,,Missing description
952,Pathivara mandir,"9M39+J55, phaungalainga 57500, naepaala",27.3540207,87.6679765,4.5,phaungalainga,,,Missing description
953,Juwel Aquarium,"paraopakaara maaraga, kaathamaadaauँ 44600, naepaala",27.7021763,85.3041923,3.9,kaathamaadaauँ,,,Missing description
954,Taplejung,"9M37+X97, phaungalainga 57500, naepaala",27.3549134,87.663413,1.0,phaungalainga,,,Missing description
955,Pomujong Yak,"Negraden GBS 1, Taplejong District., naidhauraadaiina, naepaala",27.2774953,87.6690551,3.3,Taplejong District.,,,Missing description
956,Jhakri Cave Picnic Spot (jhaaँkaraii gauphaa banabhaoja sathala),"6JWJ+MP, khaamalaalaunga 57500, naepaala",27.2467175,87.6317838,4.5,khaamalaalaunga,,,Missing description
957,Phungphunge waterfall (phaungaphaungagae jharanaa taapalaejaungaga),"GJ2J+J2J, phaungalainga 57500, naepaala",27.5015905,87.6300226,4.6,phaungalainga,,,Missing description
958,Cholung Park,"4CH5+HF6, F40, taamaaphaoka 56800, naepaala",27.1289039,87.4086394,4.5,F40,,,Missing description
959,Lamchee Aahal,"6JGW+CGV, samkaraanataii bajaara 57500, naepaala",27.2261081,87.6462945,0.0,samkaraanataii,,,Missing description
960,Mount Bether Church,"5GP7+PG6, mayaangagalaungaga 57100, naepaala",27.1867877,87.513772,4.5,mayaangagalaungaga,,,Missing description
961,"Aathrai-6, Chuhandada Tehrathum","6M3H+MG8, chauhaana daaँdaa 57500, naepaala",27.2041611,87.6788351,4.5,chauhaana,,,Missing description
962,"Yuma Museum , yaumaa samgarahaalaya","4CH5+JP4, phaulaeka 57500, naepaala",27.1290161,87.4093147,4.6,phaulaeka,,,Missing description
963,Himali Art gallery,"baelawaaraii 56600, naepaala",26.6589123,87.4144921,5.0,naepaala,,,Missing description
964,paathaibharaa manadaira taeharathauma sangakhauwaasabhaa saimaanaa,"Basantapur-Gupha-Dobhan Sadak, taamaaphaoka 56900, naepaala",27.1770844,87.4244112,4.6,taamaaphaoka,,,Missing description
965,Laligurans Stamba,"4CM5+Q5C, F40, taamaaphaoka 56800, naepaala",27.1344306,87.4078985,4.3,F40,,,Missing description
966,Tinjure dada,"5FH2+FCH, Basantapur-Gupha-Dobhan Sadak, taamaaphaoka 56900, naepaala",27.1786837,87.4511115,4.2,Basantapur-Gupha-Dobhan Sadak,,,Missing description
967,Tute Deurali tautae daeuuraalaii,"5C65+2C7, Basantapur-Gupha-Dobhan Sadak, taamaaphaoka, naepaala",27.160032,87.408549,4.2,Basantapur-Gupha-Dobhan Sadak,,,Missing description
968,RR garden,"5C87+PFV, 56900, naepaala",27.1668557,87.4136605,4.0,56900,,,Missing description
969,Nepal udaypur gaighat,"QMX7+4MJ, taraiyaugaa 56300, naepaala",26.797828,86.664139,3.2,taraiyaugaa,,,Missing description
970,SDA church Udaypur damouti,"PJRG+95, taraiyaugaa 56400, naepaala",26.7409599,86.6254092,5.0,taraiyaugaa,,,Missing description
971,"Gaighat, Udayapur","QMRX+MH3, taraiyaugaa 56300, naepaala",26.7916261,86.6989185,4.1,taraiyaugaa,,,Missing description
972,"thaarau samgarahaalaya, udayapaura","Unnamed Road, tapaeshawaoraii 56300, naepaala",26.7308605,86.9906951,4.6,tapaeshawaoraii,,,Missing description
973,baojainaii dayaama tathaa paikanaika sathala,"MFVX+3FW, mahaamanyajausharaii nagarakaota, naepaala",27.6927496,85.4986914,4.1,mahaamanyajausharaii nagarakaota,,,Missing description
974,kahaiyaokaala ata traffic paraharaii rahaai haai,"P947+287, saukhaipaura 56500, naepaala",26.7050318,86.3632941,5.0,saukhaipaura,,,Missing description
975,Pathlaiya Park,"5XXJ+Q82, gadhaiimaaii 44400, naepaala",27.1993883,84.9807538,4.0,gadhaiimaaii,,,Missing description
976,"Baala Falls - Bardev, Konjyosom","HC4F+XHG, bharadaewa 45200, naepaala",27.5574441,85.4239543,5.0,bharadaewa,,,Missing description
977,baaraahaii ajaimaa manadaira,"MC8F+JFP baaraahaii manadaira, bhakatapaura 44800, naepaala",27.6668034,85.4239506,4.6,bhakatapaura,,,Missing description
978,Bara Ropani Chok,"M96Q+VQ5 Hinchok, ananatalaingagaeshawara, naepaala",27.6621477,85.3894711,4.0,ananatalaingagaeshawara,,,Missing description
979,Narba Treks & Expeditions(p)Ltd.,"Chhetrapati, kaathamaadaauँ 00977, naepaala",27.7103752,85.3095583,4.9,kaathamaadaauँ,,,Missing description
980,Mahendranagar Park,"X57H+876, bhaiimadatata 10400, naepaala",28.963285,80.1781355,4.0,bhaiimadatata,,,Missing description
981,Kanchan church,"X56X+848, bhaiimadatata 10400, naepaala",28.9607909,80.1978517,5.0,bhaiimadatata,,,Missing description
982,baaharamaasae jharanaa ( Evergreen Waterfall),"35FM+W53, bhaiimadatata 10400, naepaala",29.0747581,80.1829286,4.4,bhaiimadatata,,,Missing description
983,shaukalaa phaaँtaa raashataraiya naikaunyaja,"V743+5QF, 10400, naepaala",28.8554386,80.254435,4.4,10400,,,Missing description
984,Gps Aquarium & Interior Decor,"X57J+H79, Street-3, bhaiimadatata 10400, naepaala",28.9639192,80.18078,3.4,Street-3,,,Missing description
985,g,"Near, irrigation Office, Gadda Highway, bhaiimadatata 10400, naepaala",28.9740294,80.1763381,0.0,irrigation Office,,,Missing description
986,Shoreee siddhanath mandir,"12, BilashPur, Kanchanpur, baelaauraii 10400, naepaala",28.7568852,80.3093133,4.0,BilashPur,,,Missing description
987,"Mountain Routes | Trekking in Nepal | Everest Trek, Annapurna Trek and Helicopter Tour in Nepal","Nayarn Gopal Sadak, kaathamaadaauँ 44600, naepaala",27.7299645,85.3249263,5.0,kaathamaadaauँ,,,Missing description
988,Pyarataal Picnic Spot,"HG85+9MX, paunarawaasa 262902, naepaala",28.5659935,80.5092438,4.3,paunarawaasa,,,Missing description
989,Chhahari Retreat,"baudhaanaiilakanatha 44600, naepaala",27.7860222,85.3545219,4.5,naepaala,,,Missing description
990,Chhahari Nepal for Mental Health,"lalaitapaura 44700, naepaala",27.6706662,85.3072984,5.0,naepaala,,,Missing description
991,chaitatadhara haृdaya parataimaa,"M8X2+C53, kaathamaadaauँ 44600, naepaala",27.6985023,85.3004313,3.9,kaathamaadaauँ,,,Missing description
992,Good Luck Trekking Shop,"P866+GV5, kaathamaadaauँ 44600, naepaala",27.7112541,85.3122262,5.0,kaathamaadaauँ,,,Missing description
993,champaa daewaii shaikhara samamaelana,"J7W3+9RF, Champa Devi Trail, dakashainakaalaii 44600, naepaala",27.6459375,85.2545439,4.4,Champa Devi Trail,,,Missing description
994,naiilabaaraahaii manadaira,"M9XV+PFG Municipality, madhayapaura thaimai 44600, naepaala",27.6993794,85.3969391,4.5,madhayapaura,,,Missing description
995,OOPS! NEPAL - First FEC funpark in Nepal,"Pipalbot, kaathamaadaauँ 44600, naepaala",27.7235625,85.3390625,4.1,kaathamaadaauँ,,,Missing description
996,Underwater Aquaria,"Chabahil Ganesh Marg, kaathamaadaauँ 44600, naepaala",27.717425,85.3420406,4.2,kaathamaadaauँ,,,Missing description
997,Himal,"WW6F+FFF, iilaama 1, naepaala",26.9111769,87.9236747,0.0,iilaama,,,Missing description
998,Nawadurga Aquarium,"MCFM+4F9, Inacho - Hanumanghat Rd, bhakatapaura 44800, naepaala",27.6727927,85.4336757,3.5,Inacho - Hanumanghat Rd,,,Missing description
999,Torchi's garden,"Mugu - 4, maugau 21100, naepaala",29.8085576,82.5185837,4.0,maugau,,,Missing description
1000,💒Apostle Grace church♥️🇳🇵,"RG59+CCG, maugau 21100, naepaala",29.8085576,82.5185837,0.0,maugau,,,Missing description
1001,Gurung forest,"Mangala bare, parakaashapaura 56713, naepaala",26.690849,87.0994317,0.0,parakaashapaura,,,Missing description
1002,Online Art Gallery And Paintings For Sale,"Bibek photo studio, My business address, kaohalapaura, naepaala",28.1952837,81.6895771,2.0,My business address,,,Missing description
1003,Khesmalika Temple,"RG59+CCG, maugau 21100, naepaala",29.8085576,82.5185837,0.0,maugau,,,Missing description
1004,maugau,"maugau, naepaala",29.8085576,82.5185837,,naepaala,,,Missing description
1005,raaraa raashataraiya naikaunyaja maugau,"G455+XM7, G465+6QJ, Rara, Lake Road, painaa 21100, naepaala",29.5105875,82.1093906,4.5,G465+6QJ,,,Missing description
1006,sagaramaathaa raashataraiya naikaunyaja,naepaala,27.9324234,86.7013894,4.6,,,,Missing description
1007,Salom church,"56000, naepaala",27.4499069,86.7052194,4.5,naepaala,,,Missing description
1008,Solukhumbu district,"GH2P+VC9, daudhakaunada 56000, naepaala",27.5021648,86.5861206,4.1,daudhakaunada,,,Missing description
1009,sagaramaathaa raashataraiya naikaunyaja samgarahaalaya,"RP37+6W5, Namche Marg, naamachae 56000, naepaala",27.8030238,86.7148518,4.6,Namche Marg,,,Missing description
1010,Norbu Art Gallery,"Khumjung Marg, khaumajaumga 56000, naepaala",27.8193614,86.7161416,5.0,khaumajaumga,,,Missing description
1011,Jwalamai Temple Tamakhani Solukhumbu,"GHM5+X8P, daudhakaunada 56000, naepaala",27.5349712,86.5583406,4.7,daudhakaunada,,,Missing description
1012,National Luminary Pasang Lhamu Memorial Gate,"Lukla - Everest Base Camp Trekking Route 28, chaauraiikharaka 56000, naepaala",27.692305,86.7279717,4.6,chaauraiikharaka,,,Missing description
1013,sagaramaathaa bhayau pawaaiinata,"QPV8+C97, Lukla - Everest Base Camp Trekking Route, naamachae 56000, naepaala",27.7935331,86.7159345,4.5,Lukla - Everest Base Camp Trekking Route,,,Missing description
1014,NECHA,"9J3P+M7F, naechaa baetaghaaraii baidaesaii 56000, naepaala",27.3541999,86.6356747,4.4,naechaa,,,Missing description
1015,Pikey Peak,"daudhakaunada 56000, naepaala",27.533536,86.4743921,4.7,naepaala,,,Missing description
1016,Ratna Park ratanapaaraka,"6QFQ+7C5, daikataela sadaka, daikataela 56200, naepaala",27.2231409,86.7886273,4.0,daikataela sadaka,,,Missing description
1017,Tokha Keba Fun Park,"Q86H+4MH, taokhaa 44608, naepaala",27.7624098,85.3283556,3.7,taokhaa,,,Missing description
1018,Aradhana Baptist church Khotang,"8V53+M6P, baasapaanaii 56200, naepaala",27.3091997,86.853079,5.0,baasapaanaii,,,Missing description
1019,Phuyal gaau,"5R5X+G7H, 56200, naepaala",27.1588468,86.848245,5.0,56200,,,Missing description
1020,Alchhe Dhunga alachhae dhaumgaa,"6QGR+8JJ, daikataela 56200, naepaala",27.2252334,86.7921602,4.7,daikataela,,,Missing description
1021,Dharma Peak,"CRQC+Q65, Sautang 56000, naepaala",27.4393895,86.8206155,4.5,Sautang,,,Missing description
1022,Bhurinti jungle,"M36C+P83, bhaimaeshawara nagarapaalaikaa 45500, naepaala",27.6617551,86.0708008,5.0,bhaimaeshawara,,,Missing description
1023,daolakhaa bajaara,"M3HF+3CG bhaiimaeshawaora nagarapaalaikaa-२, bhaimaeshawara nagarapaalaikaa 45500, naepaala",27.6776966,86.0735766,5.0,bhaimaeshawara,,,Missing description
1024,Kuri Valley,"P2WJ+PP2, Kalinchwok Rd, bhaimaeshawara nagarapaalaikaa 45500, naepaala",27.7467661,86.031773,3.5,Kalinchwok Rd,,,Missing description
1025,Everest Base Camp Trailhead,"J6MJ+QV3, jairaii 45500, naepaala",27.634389,86.2321722,4.6,jairaii,,,Missing description
1026,Padma Sundar Lawoti park,"27, 1482242 87, phaidaima, naepaala",27.1205687,87.7664934,4.0,1482242,,,Missing description
1027,khaolayaanga,"4RC7+P9, raanaiitaara 57400, naepaala",27.1218116,87.8134766,0.0,raanaiitaara,,,Missing description
1028,paaraana paraarathanaa bhawana,"6QPJ+CR5, panyachamaii 57400, naepaala",27.2360241,87.7821125,5.0,panyachamaii,,,Missing description
1029,saaँdhautaara paamchathara,"phaidaima 57400, naepaala",27.0782115,87.8133817,4.4,naepaala,,,Missing description
1030,chaamaughaata samaadhaisathala daeumaaii khaaelaa chamaaitaa ilaama,"2R2P+94, chamaaitaa 57300, naepaala",27.0009158,87.8351503,0.0,chamaaitaa,,,Missing description
1031,samsaraii daaँdaa,"XQHQ+2GV, 57300, naepaala",26.9776214,87.7887896,5.0,57300,,,Missing description
1032,Niwachaba Picnic Spot,"3M3G+WC5, yaasaoka 57400, naepaala",27.0547641,87.676118,4.7,yaasaoka,,,Missing description
1033,Bhairamkot Temple,"X43Q+G4X, taupachae 44900, naepaala",27.9538597,85.1378628,4.2,taupachae,,,Missing description
1034,Rasuwa Treks and Expedition,"P876+PGW, thamaela maaraga, kaathamaadaauँ 44600, naepaala",27.7143536,85.3113133,5.0,thamaela maaraga,,,Missing description
1035,Balawa park,"PQVP+C65, Balawa - Janakpur Rd, balawaa 45700, naepaala",26.7435073,85.785614,3.9,Balawa - Janakpur Rd,,,Missing description
1036,Navjiwan Church,"MR32+25X, jalaeshawara 45700, naepaala",26.6526077,85.800494,3.7,jalaeshawara,,,Missing description
1037,taelaiiwaa paokharaii,"PR47+FX7, daamahaiimaraaii 45700, naepaala",26.7065587,85.8145788,4.5,daamahaiimaraaii,,,Missing description
1038,Bhramarpura Masjid,"loharpatti-7,Mahottari,Nepal bhramarpura-5, Mahattori 45700, naepaala",26.7243828,85.8527831,4.1,Mahottari,,,Missing description
1039,Mahottari Durga Mandir,"MRP8+Q2F, mahaotataraii 45700, naepaala",26.6869098,85.8150373,4.4,mahaotataraii,,,Missing description
1040,jalaeshawara mahaadaewa manadaira,"jalaeshawara 45700, naepaala",26.6510489,85.7969523,4.5,naepaala,,,Missing description
1041,kaotaghara,"M6R7+XQX, chanadaraagairaii 44600, naepaala",27.6924965,85.2144823,4.3,chanadaraagairaii,,,Missing description
1042,Maathillo Keurinitar Mode (maathailalao kaeurainaitaara maoda),"8M3F+32, paokharae 56100, naepaala",27.3026723,86.6725155,0.0,paokharae,,,Missing description
1043,Manipal Janakpur,"QW47+J2C, Unnamed Road, janakapaura 45600, naepaala",26.7577857,85.9147567,4.3,Unnamed Road,,,Missing description
1044,"Hebron Church Urlabari - Morang, Nepal","MJ5M+M44, Unnamed Road, uralaabaaraii 56604, naepaala",26.6591378,87.6328362,5.0,Unnamed Road,,,Missing description
1045,"Thekitol, Morang, madrasa","C9G6+HQ, paokharaiyaa 56600, naepaala",26.428283,87.3613479,0.0,paokharaiyaa,,,Missing description
1046,"Faith Church, Nepal Chitwan","JHC5+34R, Sai Chowk - Chaipur Rd, khaairahaanaii 44204, naepaala",27.6202343,84.5577561,5.0,Sai Chowk - Chaipur Rd,,,Missing description
1047,Shesnath,"Ganeshthan, bharatapaura 44200, naepaala",27.706111,84.4429832,4.4,bharatapaura,,,Missing description
1048,BHIRLAKHURI VIEW POINT,"7HFQ+Q5V, raatamaataa-dhaikaichaaura paaidala maaraga, baagalaunga 33300, naepaala",28.2744796,83.5879346,4.4,raatamaataa-dhaikaichaaura paaidala maaraga,,,Missing description
1049,"daopakaa khaala, taaँdaii Dopka Khal Tandi","VF4F+M3V, tauramaakhaaँda 10700, naepaala",28.8567483,81.4726624,0.0,tauramaakhaaँda, zoo,,Missing description
1050,Angel Aquarium House,"Samakhusi Marg, kaathamaadaauँ 44611, naepaala",27.7302708,85.3149344,3.9,kaathamaadaauँ, aquarium,,Missing description
1051,raomaanyachaka naepaala padayaataraaharauu ra abhaiyaana paraa। laimaitaeda,"Chaksibari Marga 29, kaathamaadaauँ 44600, naepaala",27.715686,85.3091922,4.9,kaathamaadaauँ, trek,,Missing description
1052,thaulaasaena,"262M+48, mangagalasaena 10700, naepaala",29.0003009,81.2332971,1.0,mangagalasaena, hike,,Missing description
1053,Balkot Pauwa,"X68R+P7C, F134, balakaota 32700, naepaala",27.9668223,83.240652,4.1,F134, museum,,Missing description
1054,paanaii dhaaraa,"VJX3+JHQ, 10100, naepaala",29.8990758,80.6039938,0.0,10100, amusement_park,,Missing description
1055,"Dhamena village, Bajhang","J756+PPQ, Talkot 10500, naepaala",29.6093367,81.2618517,3.6,Talkot, tourist_attraction,,Missing description
1056,bhairaadaila saakauraa paaraka,"M7MC+J55, chanadaraagairaii 44600, naepaala",27.6840052,85.2704763,4.4,chanadaraagairaii, park,,Missing description
1057,Mahendra Park & Mini Zoo (mahaenadara paaraka tathaa chaidaiyaakhaanaa),"3J4F+587, naepaalaganyaja 21900, naepaala",28.0554088,81.6232916,4.0,naepaalaganyaja, zoo,,Missing description
1058,Harvest Bible Church Bhaktapur,"MCJX+MF7, Saraswati Sthan Rd, mahaamanyajausharaii nagarakaota, naepaala",27.6816442,85.4487069,0.0,Saraswati Sthan Rd, church,,Missing description
1059,lauh dhawaakaa,"MCCH+R8X, bhakatapaura 44800, naepaala",27.6721136,85.4283739,4.6,bhakatapaura, tourist_attraction,,Missing description
1060,yakashaeshawara mahaadaewa manadaira (pashaupatainaatha bhakatapaura),"MCCH+P98, bhakatapaura 44800, naepaala",27.6717975,85.4284498,4.5,bhakatapaura, hindu_temple,,Missing description
1061,naechara taraeka naepaala,"MCJW+M3Q, nagarakaota sadaka, bhakatapaura 44800, naepaala",27.6817006,85.445227,4.8,nagarakaota sadaka, trek,,Missing description
1062,Deaurali,"53H2+5XV, bhaojapaura 6, naepaala",27.1779842,87.0524338,0.0,bhaojapaura, church,,Missing description
1063,Temke Danda (taemakae daamdaa),"56200, naepaala",27.1709046,86.9131207,4.5,naepaala, tourist_attraction,,Missing description
1064,Bodhisattva Gallery,"lalaitapaura 44600, naepaala",27.6837039,85.3180087,4.8,naepaala, art_gallery,,Missing description
1065,shaiwa dhaama paraigaauँ Dadeldhura Nepal,"5758+CJX, parashauraama 10300, naepaala",29.1586014,80.2666209,5.0,parashauraama, hindu_temple,,Missing description
1066,Dolalgath Picnic,"JPQ5+2V7, bhaumalautaara 45215, naepaala",27.6375406,85.7096738,3.7,bhaumalautaara, picnic,,Missing description
1067,Shahid Lakhan Thapa Park,"2FWP+6RQ, ghaoraahaii 22400, naepaala",28.0455804,82.4871117,3.8,ghaoraahaii, park,,Missing description
1068,Ghordaura View Point,"2GWM+M3M, ghaoraahaii 22400, naepaala",28.0467105,82.5326767,4.3,ghaoraahaii, tourist_attraction,,Missing description
1069,shahaiida gaeta,"2FQP+W7G, Shahid Rd, ghaoraahaii 22400, naepaala",28.0398086,82.4856912,4.5,Shahid Rd, monument,,Missing description
1070,Adventure Trip Tour and Travels,"Vishkarma chowk, janakapaura 45600, naepaala",26.7226526,85.9230265,4.9,janakapaura, trek,,Missing description
1071,ghaodaakhaora chaauraii pharama,"3MGQ+F5, pahaadaa 21400, naepaala",29.0762094,82.6877553,0.0,pahaadaa, zoo,,Missing description
1072,gaorakhaa samaaraka samgarahaalaya,"6XWQ+FCW, Lamachaur Rd, paokharaa 33700, naepaala",28.2461936,83.9885414,4.3,Lamachaur Rd, museum,,Missing description
1073,gaorakhaa darabaara,"2J3H+QGF, gaorakhaa bajaara 34000, naepaala",28.0044263,84.6288075,4.5,gaorakhaa, monument,,Missing description
1074,talalao dhaaraa,"369R+929, raesaungagaa 32600, naepaala",28.0684125,83.2400974,3.0,raesaungagaa, amusement_park,,Missing description
1075,"Shivalaya Pulkamukh, Gulmi","38QQ+VQ2, balaithauma 32600, naepaala",28.0896223,83.339387,4.5,balaithauma, hindu_temple,,Missing description
1076,baaghadaulaa chaautaaraii,"QXR5+7H, saayaa 21000, naepaala",29.7906963,81.9589858,0.0,saayaa, amusement_park,,Missing description
1077,pha़ukachhahada़ii Phukchahadi,"7M3J+5R, phaukaota 21300, naepaala",29.2529876,81.6820253,0.0,phaukaota, amusement_park,,Missing description
1078,Namtales,"Nepal narayanamtales, chaaँgaunaaraayana 44600, naepaala",27.7129225,85.4444802,0.0,chaaँgaunaaraayana, park,,Missing description
1079,Heaven Water Park,"JXGC+9VM, bairataamaoda 57204, naepaala",26.6259697,87.9721747,3.9,bairataamaoda, amusement_park,,Missing description
1080,Kirat Mang-Poglung Manghim,"PPF2+F75, damaka 57200, naepaala",26.7236441,87.7007229,4.4,damaka, museum,,Missing description
1081,Sadhukuti Temple Jhapa,"P26V+J27, Kalish Than Road, baudhawaarae 57200, naepaala",26.7115155,88.0425632,4.6,Kalish Than Road, hindu_temple,,Missing description
1082,Purbeli marga Get,"AH2 Subidar Dambar Bahadur Marg, damaka 57217, naepaala",26.6609973,87.6798061,0.0,damaka, hike,,Missing description
1083,Khalanga Gumba,"75HG+9RW, chanadananaatha 21200, naepaala",29.2784915,82.1770829,4.3,chanadananaatha, tourist_attraction,,Missing description
1084,Jurethum mandir,"9485+F8, haetaaudaa 44100, naepaala",27.3661429,85.108321,0.0,haetaaudaa, hindu_temple,,Missing description
1085,Kaski Nepal,"7268+VMQ, paokharaa 33700, naepaala",28.2622146,84.0167423,0.0,paokharaa, tourist_attraction,,Missing description
1086,sawayamabhauu baudadha paaraka,"kaathamaadaauँ 44600, naepaala",27.716145,85.2838866,4.5,naepaala, tourist_attraction,,Missing description
1087,Nagarkot Dhulikhel Trekking,"MGCQ+P2, naalaa ugarachanadaii 45200, naepaala",27.6718297,85.537525,5.0,naalaa, trek,,Missing description
1088,Animals kingdom,"RQ83+PR8, taraiyaugaa 56300, naepaala",26.8167898,86.7545807,0.0,taraiyaugaa, zoo,,Missing description
1089,Khotang khotehang Nepal,"2VX5+V34, khaotaamga bajaara 56200, naepaala",27.0496495,86.8576976,0.0,khaotaamga, historic_site,,Missing description
1090,phisss nepal,"lalaitapaura 44700, naepaala",27.6716792,85.3373681,4.9,naepaala, aquarium,,Missing description
1091,baalakaumaaraii manadaira,"M8CP+Q97, lalaitapaura 44700, naepaala",27.6719173,85.3359114,4.4,lalaitapaura, hindu_temple,,Missing description
1092,naechara taraela taraabhala ra taraekainga ejaenasaii,"Tikavidyashram Marga, lalaitapaura 44700, naepaala",27.6838017,85.3101872,4.9,lalaitapaura, trek,,Missing description
1093,Lamjung Gairi Church,"5CW3+F68, waesaiishahara 33600, naepaala",28.1961746,84.4030739,3.7,waesaiishahara, church,,Missing description
1094,KHAIRENI AQUARIUM,"WG2Q+P4H, aaँbau khaairaenaii, naepaala",27.9018403,84.537902,0.0,aaँbau khaairaenaii, aquarium,,Missing description
1095,Nangsa Art Gallery Pvt. Ltd.,"P996+RCH, Boudhadwar Marg, kaathamaadaauँ 44600, naepaala",27.7195725,85.3610943,4.3,Boudhadwar Marg, art_gallery,,Missing description
1096,Manishankar Mandir,"4GQG+JMC, Lamjung, naepaala",28.1390732,84.5266397,5.0,Lamjung, hindu_temple,,Missing description
1097,Lamidada Holy Church,"C448+8WV, makawaanapauragadhaii 44100, naepaala",27.4059209,85.1171923,4.0,makawaanapauragadhaii, church,,Missing description
1098,paraakaृtaika itaihaasa samgarahaalaya,"P77Q+M46 Natural Science Museum of Tribhuvan University, Swayambhu Cir Rd, kaathamaadaauँ 44600, naepaala",27.7145936,85.2879659,4.2,Swayambhu Cir Rd, museum,,Missing description
1099,Water park,"J4X3+6WG, ngaawala 33500, naepaala",28.6482492,84.1044965,0.0,ngaawala, amusement_park,,Missing description
1100,naepaala iisaai manadalaii,"kaalao paula, kaathamaadaauँ 44600, naepaala",27.71249,85.335627,4.3,kaathamaadaauँ, church,,Missing description
1101,Forest places of animals,"6PMQ+5C, kaushamaa 33400, naepaala",28.233619,83.737217,0.0,kaushamaa, zoo,,Missing description
1102,manaanga gaawaisa,"manaanga gaawaisa 33500, naepaala",28.666667,84.016667,,naepaala, monument,,Missing description
1103,Manang,"M288+MM7, manaanga gaawaisa 33500, naepaala",28.666667,84.016667,0.0,manaanga, historic_site,,Missing description
1104,Chongkor View Point I,"M25C+P5C, 33500, naepaala",28.6593138,84.0203848,4.6,33500, hike,,Missing description
1105,Ramailo ramaailao,"JF8X+9F4, kaanaepaokharaii- ramgaelaii raoda, wayarawana 56600, naepaala",26.615878,87.498718,4.1,kaanaepaokharaii- ramgaelaii raoda, tourist_attraction,,Missing description
1106,Shoreee Ramjanaki Mandir,"F062 Haraicha-7 Pacham, Morang, wanaigaamaa 56600, naepaala",26.6215611,87.3726599,0.0,Morang, hindu_temple,,Missing description
1107,Khadim Khadra Bridge,"C66X+9R9, wairaatanagara 56613, naepaala",26.4109237,87.2496236,4.8,wairaatanagara, trek,,Missing description
1108,Fountain Eco Park,"F76P+73W, wairaatanagara 56613, naepaala",26.4607491,87.2852092,3.9,wairaatanagara, picnic,,Missing description
1109,Bal Udhyaan Forest Park,"M42J+CMQ, Devachuli-Kawasoti Rd, kaawaasaotaii 33000, naepaala",27.6510799,84.1317212,4.4,Devachuli-Kawasoti Rd, park,,Missing description
1110,Safari Chitwan,"G9H3+MM4 Route Patithani, 44200, naepaala",27.529131,84.3542049,0.0,44200, tourist_attraction,,Missing description
1111,Mahalakshmi,"W577+5M6, Durbar Square, baidaura 44900, naepaala",27.9129432,85.1641425,0.0,Durbar Square, hindu_temple,,Missing description
1112,Butwal water Park and Resort P. Ltd,"Janakinagar , 02, bautawala 32900, naepaala",27.6588747,83.4701764,3.8,2, amusement_park,,Missing description
1113,Piple kalika mandir,"RHWH+C6R, Unnamed Road, taanasaena 32500, naepaala",27.8461088,83.5780285,5.0,Unnamed Road, hindu_temple,,Missing description
1114,MODERN FISH AQUARIUM,"2V6F+VRF, GP Road, waiiraganyaja 44300, naepaala",27.0121884,84.8745732,5.0,GP Road, aquarium,,Missing description
1115,payauuthaana,"payauuthaana 22300, naepaala",28.1016595,82.8532928,,naepaala, trek,,Missing description
1116,Satyawati trek trail,"2FVX+49, laimaghaa 32600, naepaala",28.0428519,83.49844,0.0,laimaghaa, trek,,Missing description
1117,naepaala aaramaii chaeka paosata,"X6X5+M2P, paasaanga lahaamau raajamaaraga, laharaepaauwaa 45000, naepaala",27.9992171,85.2075634,4.2,paasaanga lahaamau raajamaaraga, park,,Missing description
1118,"bhaaँngagae jharanaa, rasauwaa","daaँdaagaauँ 45000, naepaala",28.0385773,85.1911684,4.4,naepaala, amusement_park,,Missing description
1119,Shoreee RadhaKrishna Temple,"X6X4+8PJ, paasaanga lahaamau raajamaaraga, laharaepaauwaa 45000, naepaala",27.99833,85.206758,4.0,paasaanga lahaamau raajamaaraga, hindu_temple,,Missing description
1120,Thurpa rolpa,"8GQM+JVW, 22100, naepaala",28.3391249,82.5346928,3.0,22100, tourist_attraction,,Missing description
1121,Tso rolpa trek route,"VCHJ+H39, Unnamed Road, gaauraii shamkara 45500, naepaala",27.8789037,86.4302205,5.0,Unnamed Road, trek,,Missing description
1122,daigaraa daebai saaikaumaaraii daebai manadaira,"HHW2+QC3, mausaiikaota 22000, naepaala",28.5968757,82.5510469,5.0,mausaiikaota, mosque,,Missing description
1123,Mukteshwar Shiva Temple,"MC3M+FM, Butwal = 19 Rupandehi NEPAL, bautawala 32907, naepaala",27.6562055,83.4341526,4.4,Butwal = 19 Rupandehi NEPAL, hindu_temple,,Missing description
1124,salayaanachaaura,"C62R+HRC, shaaradaa 22200, naepaala",28.4014261,82.2420028,4.5,shaaradaa, hike,,Missing description
1125,Kala Ghar Sindhuli kalaa ghara sainadhaulaii,"8W8W+44X, jhaaँgaajhaolaii raataamaataa 45900, naepaala",27.3153718,85.945364,5.0,jhaaँgaajhaolaii, art_gallery,,Missing description
1126,sainadhaulaii gadhaii kailalaa(thauulaogadhaii),"7XH4+7J4, bhadarakaalaii 45900, naepaala",27.2781295,85.9565729,4.3,bhadarakaalaii, historic_site,,Missing description
1127,"prayer church, nagarkot","PG89+R5X, nagarakaota sadaka, mahaamanyajausharaii nagarakaota 44812, naepaala",27.7171735,85.518019,3.0,nagarakaota sadaka, church,,Missing description
1128,baii.paii. samgarahaalaya,"PCX8+J8V, gaokaranaeshawara 44600, naepaala",27.7491135,85.4157953,4.1,gaokaranaeshawara, museum,,Missing description
1129,Helambu Great Trail,"WGVG+QCX, Unnamed Road, ichaoka, naepaala",27.9444859,85.5261206,4.7,Unnamed Road, historic_site,,Missing description
1130,Lahan siraha Nepal,"PFCJ+JJ5, lahaana 56500, naepaala",26.7215224,86.4816147,3.3,lahaana, tourist_attraction,,Missing description
1131,Siraha Masjid,"M658+4FX, sairaahaa 56500, naepaala",26.657862,86.216327,5.0,sairaahaa, mosque,,Missing description
1132,MITHILA AQUARIUM,"PWGR+V73, Murli chowk, janakapaura 45600, naepaala",26.7271466,85.9406745,1.0,Murli chowk, aquarium,,Missing description
1133,Noori Masjid MRj.masudululoom,"G46G+W2J, harainagaraa, naepaala",26.5123304,87.125058,4.3,harainagaraa, mosque,,Missing description
1134,Pakuwa khola,"R7M7+4Q9, dharaana 56700, naepaala",26.8327972,87.264471,5.0,dharaana, trek,,Missing description
1135,Sahid Park,"M7JC+QH9, kaiirataipaura 44600, naepaala",27.681907,85.2714891,4.6,kaiirataipaura, park,,Missing description
1136,Believers Eastern Church,"M776+2RF, Prithvi Chowk, kaiirataipaura 44600, naepaala",27.6625541,85.2620329,4.6,Prithvi Chowk, church,,Missing description
1137,sawaraeka maaidaana,"2PFP+W5F, sawaraeka 33801, naepaala",28.0247899,83.7354332,4.4,sawaraeka, tourist_attraction,,Missing description
1138,palpa,"WHH3+5Q, yamaghaa 33800, naepaala",27.9279507,83.5544768,0.0,yamaghaa, museum,,Missing description
1139,Subha Bihani Krishi tatha Pasupanchi fram,"XP47+MFJ, taiinadaobaatae 33801, naepaala",27.9567202,83.7136414,4.3,taiinadaobaatae, zoo,,Missing description
1140,Shivalaye tample G.M2 batuwa pipalpari,"WMM2+8P7, Syangja Mirmi Sadak, jagataradaewaii 33800, naepaala",27.9332816,83.6517987,5.0,Syangja Mirmi Sadak, hindu_temple,,Missing description
1141,Manung Dada,"X68W+45, H04, bayaasa, naepaala",27.967886,84.245773,4.5,H04, park,,Missing description
1142,Deurali daeuraalaii,"FQ26+JFJ, phaungalainga 57500, naepaala",27.451593,87.7611437,3.0,phaungalainga, zoo,,Missing description
1143,Thang heem,"4MHC+H76, raanaii gaauँ 57400, naepaala",27.1288621,87.6696156,0.0,raanaii, church,,Missing description
1144,"shaiwathaana manadaira (Shivathan Temple) Amdim, Tehrathum","5F5J+F79, 57500, naepaala",27.1586547,87.4807398,5.0,57500, hindu_temple,,Missing description
1145,Gyathum bridge,"VGPQ+8H, ichaoka, naepaala",27.8858321,85.5389584,0.0,ichaoka, historic_site,,Missing description
1146,"saisaaghaaraii saimasaara tathaa parayaaparayatana kashaetara kataaraii -५ ,udayapaura","Unnamed Road, kataaraii 56300, naepaala",26.9627847,86.405515,4.1,kataaraii, park,,Missing description
1147,paragataishaila maisharaita samauuha paokharaii,"QVQ7+8CR, baelataara basaahaa 56300, naepaala",26.7883722,86.8635183,0.0,baelataara, aquarium,,Missing description
1148,Ganesh Temple,"QJQM+HPW, taraiyaugaa 56300, naepaala",26.7889782,86.6343362,5.0,taraiyaugaa, hindu_temple,,Missing description
1149,Nayatola Masjid,"2VGR+47V, waiiraganyaja 44400, naepaala",27.0253608,84.8906683,4.3,waiiraganyaja, mosque,,Missing description
1150,simal Bottom chok,"5233+FCP, gadhaiimaaii 44400, naepaala",27.1537158,85.0035773,4.7,gadhaiimaaii, museum,,Missing description
1151,saidadhabaabaa manadaira,"bhaiimadatata 10400, naepaala",29.0640231,80.1325406,4.5,naepaala, hindu_temple,,Missing description
1152,Mahendra statue park,"X58J+WMX, bhaiimadatata 10400, naepaala",28.9673712,80.1817243,2.0,bhaiimadatata, monument,,Missing description
1153,One Tree Hill,"2677+9R, bhaiimadatata 10400, naepaala",29.0134442,80.2145669,0.0,bhaiimadatata, hike,,Missing description
1154,Haramain Masjid مسجد,"J985+RVV, gaodaawaraii 44700, naepaala",27.6170931,85.359575,3.7,gaodaawaraii, mosque,,Missing description
1155,sawasathaanaii manadaira,"M79R+RCQ, kaiirataipaura 44600, naepaala",27.6695962,85.2911248,4.3,kaiirataipaura, hindu_temple,,Missing description
1156,Chovar gate,"M7CR+892, kaiirataipaura 44600, naepaala",27.6707572,85.2908822,0.0,kaiirataipaura, hike,,Missing description
1157,Babai church,"7GMX+5FM, baaँsagadhaii 21800, naepaala",28.2829686,81.5486728,0.0,baaँsagadhaii, church,,Missing description
1158,saamaudaayaika taraekaharauu ra abhaiyaana paraa। laimaitaeda,"Solu Dada, Kathmandu 10105, naepaala",27.7342384,85.3643224,4.9,Kathmandu, trek,,Missing description
1159,samaaiilaa,"V6C2+VX, dhaimae 21500, naepaala",28.8721534,82.2023986,3.3,dhaimae, tourist_attraction,,Missing description
1160,Yanjakot,"7463+7J5, thaumaakaodaaँdaa 33700, naepaala",28.2606277,84.1041006,4.3,thaumaakaodaaँdaa, monument,,Missing description
1161,Traditional Gurung Museum,"CQ5H+4H, ghaanadarauka 33700, naepaala",28.4078696,83.7788968,0.0,ghaanadarauka, museum,,Missing description
1162,Summir Cover Gap,"G856+V5G, raowaa 21100, naepaala",29.5096875,82.3104531,0.0,raowaa, hike,,Missing description
1163,Padhere dada,"5X38+74, gaoganae 57000, naepaala",27.1531712,86.9653701,1.0,gaoganae, mosque,,Missing description
1164,"Nuptse East, 7804 m. First ascent 2003.","XV8P+V6M ЮВ стена, khaumajaumga 56000, naepaala",27.9672192,86.8855391,5.0,khaumajaumga, zoo,,Missing description
1165,Baspani,"4G7V+JRR, 56300, naepaala",27.1141203,86.5445027,0.0,56300, mosque,,Missing description
1166,Dudiley Tol,"9RH7+376, raakhaa baangadaela 56200, naepaala",27.3776639,86.8131298,5.0,raakhaa, museum,,Missing description
1167,Lungthung Stone Monument,"X4RR+85, khaairaanga 57000, naepaala",26.9908532,87.1404018,0.0,khaairaanga, monument,,Missing description
1168,Mahottari Field,"MRQC+HG5, mahaotataraii 45700, naepaala",26.6888974,85.8213478,5.0,mahaotataraii, park,,Missing description
1169,Mahottari,"Q9CR+VFC, gaokaranaeshawara 8, naepaala",27.7721218,85.3912182,0.0,gaokaranaeshawara, church,,Missing description
1170,ToteshworBhantabari Road,"2R37+PJC, baradaibaasa 45700, naepaala",27.0045463,85.8141349,4.1,baradaibaasa, tourist_attraction,,Missing description
1171,Morang Aadhunik krishi Farm,"C77V+4G5, wairaatanagara 56613, naepaala",26.4127598,87.2938482,3.6,wairaatanagara, picnic,,Missing description
1172,Shaktikhor jharana,"PJHF+J62, Unnamed Road, shakataikhaora 44204, naepaala",27.7290185,84.6230185,4.4,Unnamed Road, hike,,Missing description
1173,3B gallery,"Shreenagar Tole 2, baagalaunga 33300, naepaala",28.2723125,83.5988302,0.0,baagalaunga, art_gallery,,Missing description
1174,thauladhaaraa,"VH4X+RW, daulalau 21600, naepaala",28.8570301,81.5998179,1.0,daulalau, amusement_park,,Missing description
1175,taalaamaraa aarayaghaata,"3FG8+RQ, layaataii 10700, naepaala",29.0770721,81.4669661,0.0,layaataii, museum,,Missing description
1176,Bhardev Nissi Church,"G9XG+94, bharadaewa 44700, naepaala",27.548477,85.3753014,5.0,bharadaewa, church,,Missing description
1177,Bhamak,"MJ5C+X5, raudaraeshawara 10200, naepaala",29.659986,80.620386,0.0,raudaraeshawara, trek,,Missing description
1178,"Bitthad Settlement, Bajhang","GQX4+63G, 10500, naepaala",29.5480735,80.7552045,0.0,10500, tourist_attraction,,Missing description
1179,Jhota Darbar,"F2C2+V5F, bhaairabanaatha 10500, naepaala",29.472184,81.0004102,5.0,bhaairabanaatha, museum,,Missing description
1180,Golden Aquaiam Sea World,"Simalgair Rd, near Aptek, Tiraha, Pithoragarh, Uttarakhand 262501, bhaarata",29.5839558,80.2029151,4.0,near Aptek, aquarium,,Missing description
1181,Tsum Valley Trek,"chaakasaiiwaaraii maaraga, kaathamaadaauँ 44600, naepaala",27.715193,85.310262,4.2,kaathamaadaauँ, trek,,Missing description
1182,DHAMBOJHI Water Park,"naepaalaganyaja 21900, naepaala",28.0752578,81.6291556,4.0,naepaala, park,,Missing description
1183,baaँkae raashataraiya naikaunyaja kaarayaalaya,"4RF9+JHV, mahaadaewapauraii 21900, naepaala",28.1241043,81.8189161,4.2,mahaadaewapauraii, historic_site,,Missing description
1184,Krishna khane pani Sewa,"4MCQ+QP, naepaalaganyaja 21900, naepaala",28.1219456,81.6893272,0.0,naepaalaganyaja, hike,,Missing description
1185,"Bardiya National Park Office, Thakurdwara","Thakurdwara Road, 21800, naepaala",28.4528817,81.2427123,4.4,21800, trek,,Missing description
1186,saikaaraha gaauँ kao chaoka(dhadhawara),"8C58+7HH, magaraagadhaii 21800, naepaala",28.3081772,81.4164843,0.0,magaraagadhaii, hike,,Missing description
1187,datataataraya manadaira,"Mako Galli, bhakatapaura 44800, naepaala",27.6734282,85.4353568,4.7,bhakatapaura, hindu_temple,,Missing description
1188,Sudal LandPlotstop,"MCFG+WX2, bhakatapaura 44800, naepaala",27.674766,85.4273979,0.0,bhakatapaura, hike,,Missing description
1189,wanaya janatau aarakashana eraiyaa,"QXHW+WM3, tapaeshawaoraii 56300, naepaala",26.7797555,86.9966568,0.0,tapaeshawaoraii, zoo,,Missing description
1190,"Dharan Aquarium, Con:532457","gaautama patha, dharaana 56700, naepaala",26.8123674,87.2832361,4.3,dharaana, aquarium,,Missing description
1191,Sivalaye 8 bhojpur,"53F3+Q34, bhaojapaura 57000, naepaala",27.1751588,87.0526647,0.0,bhaojapaura, hindu_temple,,Missing description
1192,anatararaashataraiya kaृshanabhaawanaamaृta samgha (isakaona),"MFX2+PPQ, Baseni, Bharatpur 11, bharatapaura, naepaala",27.6995322,84.4519975,4.8,Baseni, hindu_temple,,Missing description
1193,Kankali Picnic Spot,"khaairahaanaii 44200, naepaala",27.6522236,84.5697703,4.3,naepaala, picnic,,Missing description
1194,Ambika Aquarium Shop,"JJWC+M2Q, paaँchakhaala 45212, naepaala",27.6467352,85.6201242,5.0,paaँchakhaala, aquarium,,Missing description
1195,daolaeshawara (waimalaeshawara) mahaadaewa manadaira (kaedaaranaatha),"JCQQ+G9V, Suryebinayak - Doleswor Rd, saurayawainaayaka 45200, naepaala",27.6388506,85.438405,4.6,Suryebinayak - Doleswor Rd, hindu_temple,,Missing description
1196,Radha krishna temple,"38MQ+W5H, balaithauma 32600, naepaala",28.0848014,83.3379939,4.8,balaithauma, hindu_temple,,Missing description
1197,Upallo Humla Karnali,"5874+F9F, mauchauu, naepaala",30.1636753,81.3059182,0.0,mauchauu, park,,Missing description
1198,Panidhara,"P8R8+74, ghaetamaa 22000, naepaala",28.7406213,82.3146129,0.0,ghaetamaa, amusement_park,,Missing description
1199,bhaara dhaungagaa lauhaagaa(olai kaula daewataa),"P8J5+HVP, Jajarkot Barekot, Luhagha 44600, naepaala",27.7314515,85.3096937,0.0,Jajarkot Barekot, hindu_temple,,Missing description
1200,Shoreijanga chowk,"JXWF+FP8, bairataamaoda 57204, naepaala",26.64512,87.9748705,4.8,bairataamaoda, museum,,Missing description
1201,Sukhani Sahid Statue,"M2G6+6P7 Salbari Park, shanai arajauna 57205, naepaala",26.6755365,88.0117985,4.1,shanai, monument,,Missing description
1202,Pack and Pedal Nepal,"Anarmani-3, Birtamode, Jhapa, P.B.O 57204, bairataamaoda 57204, naepaala",26.6467544,87.9940586,4.6,Birtamode, trek,,Missing description
1203,Mosque,"Chandannath Muncipility-05, chanadananaatha 21200, naepaala",29.275418,82.1847479,1.0,chanadananaatha, mosque,,Missing description
1204,Taalcha jumla,"857V+FQ, chanadananaatha 21200, naepaala",29.3137187,82.1944516,0.0,chanadananaatha, hike,,Missing description
1205,Tripathi Kulayen Mandir,"Hemja 6 Kaski, 33700, naepaala",28.2809919,83.9181849,5.0,33700, hindu_temple,,Missing description
1206,Annapurna Base Camp Trek,"thamaela maaraga, kaathamaadaauँ 44600, naepaala",27.7148119,85.3112851,5.0,kaathamaadaauँ, hike,,Missing description
1207,daewaisathaana paikanaika sathala,"kali temple, dhaulaikhaela 45200, naepaala",27.6100834,85.5684388,4.0,dhaulaikhaela, picnic,,Missing description
1208,Khotang daikauwaa,"5GFR+F75, chayaasamaitaara 56200, naepaala",27.1588151,86.5093037,4.0,chayaasamaitaara, hindu_temple,,Missing description
1209,mauula chaoka,"mauu chauka:, lalaitapaura 44700, naepaala",27.6729158,85.3251921,4.8,lalaitapaura, historic_site,,Missing description
1210,"Turlungkot Gadi, Duradada Lamjung","58FM+6Q8, Unnamed Road, dauraadaamdaa 33600, naepaala",28.1730411,84.3344393,4.5,Unnamed Road, park,,Missing description
1211,Abhishek Methodist Church,"3F87+W9W, daumarae-baesaishahara-chaamae raajamaaraga, paurakaota, naepaala",28.0673871,84.4634208,5.0,daumarae-baesaishahara-chaamae raajamaaraga, church,,Missing description
1212,"Historical Museum, Ghale Gaun","78H5+8GG, ghalae gaauँ 33600, naepaala",28.2779705,84.3087414,5.0,ghalae, museum,,Missing description
1213,Bishwa Art,"Harikunja road Hetauda-2, haetaaudaa 44107, naepaala",27.4308097,85.0353314,4.2,haetaaudaa, art_gallery,,Missing description
1214,Gangate Peace and Children Park,"V5R2+J83, baidaura 44900, naepaala",27.8915126,85.1507998,4.6,baidaura, park,,Missing description
1215,Trek Bikes Nepal,"Panipokhari, kaathamaadaauँ 44600, naepaala",27.7286232,85.3251467,4.2,kaathamaadaauँ, trek,,Missing description
1216,"Bashyal toll,palpa","VJVG+XX3, bashyaltoll 32500, naepaala",27.8948972,83.6274288,5.0,bashyaltoll, hike,,Missing description
1217,Nepali art & painting gallery,"Lazimpat Sadak, kaathamaadaauँ 44600, naepaala",27.7282336,85.3246457,0.0,kaathamaadaauँ, art_gallery,,Missing description
1218,Mohare Danda Trek,"kaathamaadaauँ 44600, naepaala",28.3717883,83.6796143,4.9,naepaala, trek,,Missing description
1219,Sudeep,"4JPX+XH, Kurgha Parbat 33400, naepaala",28.1374135,83.6488814,0.0,Kurgha, hike,,Missing description
1220,Rest stop,"8Q6M+8W, thaoraii 44300, naepaala",27.3108519,84.7848613,5.0,thaoraii, hike,,Missing description
1221,jaaulaipaokharaii,"6RRG+9J8, sairapaa 22100, naepaala",28.240909,82.8265691,0.0,sairapaa, amusement_park,,Missing description
1222,Kalikasthan rasuwa,"X6P5+7W5 Kalika-2, laharaepaauwaa 45000, naepaala",27.9856374,85.2098543,2.0,laharaepaauwaa, hindu_temple,,Missing description
1223,Community church rolpa liwang,"8J3R+2CM, Unnamed Road, laiwaanga 22100, naepaala",28.3025984,82.6410495,3.3,Unnamed Road, church,,Missing description
1224,baraahaa thaana,"6RF5+8R2, sairapaa 22100, naepaala",28.2232523,82.8095247,0.0,sairapaa, hindu_temple,,Missing description
1225,Rolwaling Trek Pvt Ltd,"Naxal, Bhagwati Bahal, Dugad Marg, kaathamaadaauँ, naepaala",27.7120419,85.3277827,5.0,Bhagwati Bahal, trek,,Missing description
1226,Dolanga Takura daolangagaa taakauraa,"RCPQ+XFG, aathabaisakaota 22000, naepaala",28.8374331,82.4387069,5.0,aathabaisakaota, picnic,,Missing description
1227,Picnic Ground,"MF4P+232, tailaotatamaa 32907, naepaala",27.6550247,83.4851544,5.0,tailaotatamaa, picnic,,Missing description
1228,Muji Haddi Ram ko ghar,"HJHG+25V, waiiraenadaranagara 21700, naepaala",28.5776106,81.6254283,0.0,waiiraenadaranagara, zoo,,Missing description
1229,Chhatreshwori Temple Salyan,"868R+Q7W, chhaayaaँkashaetara 22200, naepaala",28.3169917,82.2406976,4.4,chhaayaaँkashaetara, hindu_temple,,Missing description
1230,kaupainadae daha,"C375+V5W, kaubhainadaedaha 22200, naepaala",28.4147457,82.0579416,4.4,kaubhainadaedaha, monument,,Missing description
1231,saalaii taraekainga saewaa,"Ishaneswor Marg, kaathamaadaauँ 44600, naepaala",27.6927239,85.2645446,4.7,kaathamaadaauँ, trek,,Missing description
1232,Pokhari baaehaaeraetaara paaekharaii,"CV5V+4M2, jhaaँgaajhaolaii raataamaataa 45900, naepaala",27.4077668,85.8941475,4.0,jhaaँgaajhaolaii, amusement_park,,Missing description
1233,Sindhuli Baptist Church,"6WH9+3QM, kamalaamaaii 45900, naepaala",27.2276966,85.9194164,4.0,kamalaamaaii, church,,Missing description
1234,Chhumber jharna,"WMRQ+XM5, naepaala",27.9423893,85.6892479,0.0,naepaala, hike,,Missing description
1235,Jama Masjid Shishwa Harinagar 5 Sunsari,"G35M+84, basanatapaura 56713, naepaala",26.5084537,87.0825227,3.0,basanatapaura, mosque,,Missing description
1236,maachhaa paalana kaenadara,"maachhaa paalana kaenadara, majauwaa saralaahaii maaraga, saaँkhara 33800, naepaala",27.8819162,83.9272428,5.0,majauwaa saralaahaii maaraga, aquarium,,Missing description
1237,"Bagaicha, 2 syangja","3VPQ+78X, pautalaiibajaara 33800, naepaala",28.0857259,83.8883661,0.0,pautalaiibajaara, hike,,Missing description
1238,Patan Park,"Patan Park(公园, bayaasa 33900, naepaala",27.9687535,84.2663703,3.7,bayaasa, park,,Missing description
1239,Thaman Art Galery,"paokharaa 33700, naepaala",28.2124505,83.9557993,5.0,naepaala, art_gallery,,Missing description
1240,Tanahun baindi,"VWJV+Q4, gaajarakaota 33800, naepaala",27.8819733,83.9427933,0.0,gaajarakaota, hike,,Missing description
1241,jayaotaishaii Jotishi Taplejung,"8MJ6+QV, phaungalainga 57500, naepaala",27.3319485,87.6621906,5.0,phaungalainga, hindu_temple,,Missing description
1242,Fun Land,"Bhadrakali Road, kaathamaadaauँ 44600, naepaala",27.6975641,85.3190336,3.9,kaathamaadaauँ, amusement_park,,Missing description
1243,Jame Masjid Dhankuta jaamae masajaida dhanakautaa,"X8FV+RVR, dhanakautaa 56800, naepaala",26.9746992,87.3446677,0.0,dhanakautaa, mosque,,Missing description
1244,Tinjure Danda,"Tinjure Danda, taamaaphaoka 56900, naepaala",27.1713889,87.4027778,4.5,taamaaphaoka, trek,,Missing description
1245,Batase,"2GG8+7G, okharae 57500, naepaala",27.0252929,87.5167599,0.0,okharae, hike,,Missing description
1246,Parsa National Park office,"Aadhabhar 44400, naepaala",27.2299128,84.9875371,4.3,naepaala, park,,Missing description
1247,Prashurampur Masjid,"W2MR+6PR, Bara, parashauraamapaura 44400, naepaala",26.9331129,85.0417302,4.1,Bara, mosque,,Missing description
1248,Dk farm house,"Q7GF+76C, baeladanadaii 10400, naepaala",28.7756971,80.2730042,0.0,baeladanadaii, zoo,,Missing description
1249,"Nepal Presbyterian Church, Chunikhel","J8C4+9R8 Anand Tole, kaarayawainaayaka 44700, naepaala",27.6208661,85.3071146,4.2,kaarayawainaayaka, church,,Missing description
1250,"Pana, Rara, mugu,","F4WW+94, painaa 21100, naepaala",29.4959356,82.1453349,0.0,painaa, church,,Missing description
1251,Mosque JAMA MASZID,"G3V3+HG6, kapailawasatau 32800, naepaala",27.5439156,83.0537313,4.7,kapailawasatau, mosque,,Missing description
1252,St.Mark Believers Eastern church,"Salleri 5, naepaala",27.4950192,86.5823749,0.0,naepaala, church,,Missing description
1253,shaerapaa samsakaृtai samgarahaalaya,"RP47+2PQ, Everest Base Camp Trekking Rte, naamachae 56000, naepaala",27.8050953,86.7143442,4.7,Everest Base Camp Trekking Rte, museum,,Missing description
1254,Gita Aquarium House,"Janak Chowk Bus Stop, janakapaura 45600, naepaala",26.7291617,85.9277633,3.5,janakapaura, aquarium,,Missing description
1255,"Panchadhura Temple, Bardibas","2V39+7HR, baradaibaasa 45701, naepaala",27.0032219,85.8689164,4.5,baradaibaasa, monument,,Missing description
1256,Mini Shimla,"PV9W+XQ, janakapaura 45700, naepaala",26.7199523,85.8969642,4.9,janakapaura, picnic,,Missing description
1257,Mithilani Ghar Mithila Art gallery,"Dewan Pokhari South Face, janakapaura 45600, naepaala",26.7443703,85.9203997,4.9,janakapaura, art_gallery,,Missing description
1258,Nocha Pokhari,"Unnamed Road, 45600, naepaala",26.6961102,85.9336253,4.2,45600, picnic,,Missing description
1259,naaga paokharaii,"MCFM+M8H, bhakatapaura 44800, naepaala",27.6741945,85.4333464,4.1,bhakatapaura, park,,Missing description
1260,Collossi Church,"MCHM+3MW, bhakatapaura 44800, naepaala",27.677726,85.4341893,5.0,bhakatapaura, church,,Missing description
1261,paalaikhaela lahao haitaii,"MCCM+W8X, bhakatapaura 44800, naepaala",27.672361,85.4333601,4.2,bhakatapaura, tourist_attraction,,Missing description
1262,Naya Planning Park,"madhayapaura thaimai 44600, naepaala",27.6898512,85.3711258,4.3,naepaala, park,,Missing description
1263,"Upasana Church, Thimi, Bhaktapur","madhayapaura thaimaii 44811, naepaala",27.6773723,85.3881205,4.8,naepaala, church,,Missing description
1264,baalakaumaaraii manadaira (kawalaakhau dayah),"M9GP+84P, madhayapaura thaimai 44600, naepaala",27.675825,85.3853204,4.6,madhayapaura, tourist_attraction,,Missing description
1265,Guppies kingdom,"madhayapaura thaimai 44600, naepaala",27.6729501,85.3791573,4.8,naepaala, aquarium,,Missing description
1266,Mithila Art Center,"madhayapaura thaimai 44800, naepaala",27.680827,85.3935282,5.0,naepaala, art_gallery,,Missing description
1267,shamkhadhara shakhawaa mauuratai,"M9FP+94R, madhayapaura thaimai, naepaala",27.673491,85.3852731,4.2,madhayapaura thaimai, monument,,Missing description
1268,baudadha shaanatai paaraka (shaanatai daaँdaa),"PG52+WX3, nagarakaota sadaka, mahaamanyajausharaii nagarakaota 44812, naepaala",27.709765,85.5024153,4.3,nagarakaota sadaka, park,,Missing description
1269,nagarakaota jharanaa,"PF4P+C54, nagarakaota padayaataraa maaraga, mahaamanyajausharaii nagarakaota 44600, naepaala",27.7060142,85.4854567,4.3,nagarakaota padayaataraa maaraga, tourist_attraction,,Missing description
1270,SouthR Aquarium,"bhakatapaura 44600, naepaala",27.6992699,85.4680101,4.5,naepaala, aquarium,,Missing description
1271,mahaakaalaii manadaira,"MCGJ+9G5, nagarakaota sadaka, bhakatapaura 44800, naepaala",27.6758774,85.4313614,4.4,nagarakaota sadaka, hindu_temple,,Missing description
1272,nagarakaota bhayauu taawara,"44804, naepaala",27.6921895,85.5199332,4.2,naepaala, monument,,Missing description
1273,Madhyapur animal farm,"M9HR+WV5 Friendship park, madhayapaura thaimaii 44600, naepaala",27.6799106,85.3931551,0.0,madhayapaura, zoo,,Missing description
1274,chaaँgau naaraayana manadaira,"PC8H+H38, chaaँgaunaaraayana 44600, naepaala",27.7163249,85.4278221,4.7,chaaँgaunaaraayana, hindu_temple,,Missing description
1275,Changunarayan Forest,"PC7G+G65, Changu Narayan Southern Trail, chaaँgaunaaraayana 44600, naepaala",27.7137719,85.4256077,5.0,Changu Narayan Southern Trail, trek,,Missing description
1276,chaaँgaunaaraayana paikanaika sathala,"Changunarayan Rd, chaaँgaunaaraayana 44600, naepaala",27.7170146,85.4314923,3.7,chaaँgaunaaraayana, picnic,,Missing description
1277,Ganeshman Singh Smriti Batika,"MC66+6PG, saurayawainaayaka, naepaala",27.6605627,85.411841,4.1,saurayawainaayaka, park,,Missing description
1278,sauurayawainaayaka ganaesha manadaira,"MC4F+F9V, saurayawainaayaka, naepaala",27.656246,85.423476,4.6,saurayawainaayaka, hindu_temple,,Missing description
1279,Siddha Pokhari (Ta Pukhu),"Siddha Pokhari, bhakatapaura 44800, naepaala",27.6719607,85.4210488,4.5,bhakatapaura, historic_site,,Missing description
1280,sauurayawainaayaka wanabhaoja sathala,"MC4F+JFR, saurayawainaayaka, naepaala",27.6566223,85.4236314,4.0,saurayawainaayaka, picnic,,Missing description
1281,kaashathakalaa sangagarahaalaya,"MCFP+85P, Mako Galli, bhakatapaura 44800, naepaala",27.6733339,85.4353738,4.2,Mako Galli, museum,,Missing description
1282,Koinonia Bhaktapur Church,"MC95+F5M, saurayawainaayaka 44800, naepaala",27.6687039,85.4079419,5.0,saurayawainaayaka, church,,Missing description
1283,"waishanau daewaii manadaira, bhaajamgaala, kaiirataipaura","kaiirataipaura 44618, naepaala",27.6692723,85.2863393,4.6,naepaala, hindu_temple,,Missing description
1284,Nepal Trek Ways Pvt. Ltd.,"Tekhacho 4, bhakatapaura 44800, naepaala",27.6699109,85.4255732,4.5,bhakatapaura, trek,,Missing description
1285,Madrasa Dare Arqam,"M9HQ+CQ8 Kamerotaar planing, madhayapaura thaimaii 44600, naepaala",27.6785227,85.3894716,4.5,madhayapaura, mosque,,Missing description
1286,One Day Interactive 3D Museum,"M9GX+6CP, madhayapaura thaimai, naepaala",27.6755479,85.3984758,2.6,madhayapaura thaimai, museum,,Missing description
1287,Sanothimi,"M9JC+FR3, pauraanao baatao, madhayapaura thaimai 44600, naepaala",27.6811478,85.3720428,4.3,pauraanao baatao, historic_site,,Missing description
1288,Trekadviser Pvt.Ltd.,"bhakatapaura 44800, naepaala",27.6898824,85.4133837,5.0,naepaala, trek,,Missing description
1289,saunadaraiijala jharanaa,"QC8F+X9P, Chisapani Trek, gaokaranaeshawara 44600, naepaala",27.7674538,85.4234458,4.5,Chisapani Trek, park,,Missing description
1290,Sundarijal church,"PCV7+R2V, gaokaranaeshawara 44600, naepaala",27.7445352,85.4125543,5.0,gaokaranaeshawara, church,,Missing description
1291,iinadaraayanaii manadaira,"MCFG+7PG, bhakatapaura 2, naepaala",27.673167,85.426814,4.5,bhakatapaura, hindu_temple,,Missing description
1292,saunadaraiijala baadha,"QCCG+P9M, Chisapani Trek, gaokaranaeshawara 44600, naepaala",27.7718462,85.4259073,4.4,Chisapani Trek, historic_site,,Missing description
1293,Sundarijal-Chisapani Trek,"Sundarijal-Chisapani Trek, naepaala",27.791617,85.4357231,,naepaala, trek,,Missing description
1294,Sundarijal,"QCV7+RG5, gaokaranaeshawara 44600, naepaala",27.794522,85.4138521,4.5,gaokaranaeshawara, hike,,Missing description
1295,Liwali,"MC9R+RH2, bhakatapaura 44800, naepaala",27.6695052,85.4414015,0.0,bhakatapaura, church,,Missing description
1296,Aquatic Life Culture,"MCCQ+734, Maheshwari Chowk, bhakatapaura 44800, naepaala",27.6706365,85.4376976,3.0,Maheshwari Chowk, aquarium,,Missing description
1297,saidadhai watasalaa manadaira,"MCCH+RG6, bhakatapaura 44800, naepaala",27.6720314,85.4287688,4.7,bhakatapaura, hindu_temple,,Missing description
1298,Itahari Roundabout,"M78G+75Q, itaharaii 56705, naepaala",26.6629347,87.274534,4.7,itaharaii, tourist_attraction,,Missing description
1299,Noori Jaama Masjid,"M75H+R4M, itaharaii 56705, naepaala",26.6595886,87.2778028,3.7,itaharaii, mosque,,Missing description
1300,Itahari Matrix,"M79Q+JHG, taalatalaaiyaa maaraga, itaharaii 56705, naepaala",26.6691823,87.2889445,4.5,taalatalaaiyaa maaraga, museum,,Missing description
1301,Itahari Aquarium,"aaitabaarae patha 4, itaharaii 56705, naepaala",26.6655161,87.2719744,5.0,itaharaii, aquarium,,Missing description
1302,Muktidham ᤕᤢᤔᤠ,"M76P+C28, itaharaii 56705, naepaala",26.661055,87.2849995,4.5,itaharaii, hindu_temple,,Missing description
1303,gaokaulama raisaorata,"J7WR+X2R, saunadara daulaaraii 56705, naepaala",26.6474791,87.2900214,4.0,saunadara, picnic,,Missing description
1304,wai. paii. paaraka,"R7WV+F63 Sardu Khola, dharaana 56700, naepaala",26.8461322,87.2930399,4.1,dharaana, park,,Missing description
1305,dha​raana ghanataaghara,"R76P+M4M ghanataaghara, daeshaii laaiina, dharaana 56700, naepaala",26.8117069,87.2852886,4.3,daeshaii laaiina, monument,,Missing description
1306,raadhaa kaृshana manadaira,"F7CM+VQ8, wairaatanagara 56613, naepaala",26.4721669,87.2844631,4.3,wairaatanagara, hindu_temple,,Missing description
1307,shamkha paaraka,"Bhedetar - Rajarani - Rabi - Ranke, bhaedaetaara 56804, naepaala",26.8578935,87.32085,4.1,bhaedaetaara, park,,Missing description
1308,bhaedaetaara bhayauu taawara,"Charles Point, Dharan Dhankuta Hwy, dharaana 56804, naepaala",26.861125,87.3192823,4.3,Dharan Dhankuta Hwy, amusement_park,,Missing description
1309,Living Church Bhaktapur,"MCF3+CM3, Srijana Nagar, bhakatapaura 44800, naepaala",27.6736151,85.4041061,0.0,Srijana Nagar, church,,Missing description
1310,bhaedaetaara bajaara,"V859+QV7, kaoshaii raajamaaraga, bhaedaetaara 56804, naepaala",26.8594058,87.3196591,4.3,kaoshaii raajamaaraga, mosque,,Missing description
1311,House of Bettas and guppies,"R77M+35X, gaautama patha, dharaana 56700, naepaala",26.8127565,87.2829685,2.0,gaautama patha, aquarium,,Missing description
1312,𑐨𑐿𑐮 𑐡𑑂𑐫𑑅 (bhaairawanaatha manadaira),"Taumadhi Square, bhakatapaura 44800, naepaala",27.6710131,85.4295141,4.9,bhakatapaura, hindu_temple,,Missing description
1313,yaosaimkhaela bhaairabasathaana,"MC9J+H29, bhakatapaura 44800, naepaala",27.6689112,85.4301039,4.7,bhakatapaura, historic_site,,Missing description
1314,nayaatapaola manadaira,"Taumadhi Square, bhakatapaura 44800, naepaala",27.6713593,85.4293285,4.7,bhakatapaura, tourist_attraction,,Missing description
1315,isakana bhakatapaura,"MCCF+F4G, bhakatapaura 44800, naepaala",27.6711905,85.4228279,4.6,bhakatapaura, mosque,,Missing description
1316,iTrekNepal,"Byasi Gate, nagarakaota sadaka, bhakatapaura 44800, naepaala",27.6748931,85.4279609,4.6,nagarakaota sadaka, trek,,Missing description
1317,Bhaktapur.com,"Libali-8, Bhaktapur Municipality, bhakatapaura 44800, naepaala",27.6716109,85.43823,4.3,Bhaktapur Municipality, historic_site,,Missing description
1318,Creative arts and crafts hub,"bhakatapaura 44800, naepaala",27.6700939,85.4381802,0.0,naepaala, art_gallery,,Missing description
1319,Dakshin Barahi Park,"M99P+29Q, ananatalaingagaeshawara, naepaala",27.6675878,85.3859708,4.3,ananatalaingagaeshawara, park,,Missing description
1320,Pokhari danda,"JCXR+C5C, saurayawainaayaka, naepaala",27.6485692,85.4403878,3.8,saurayawainaayaka, hike,,Missing description
1321,KamaalSin Chhaanaa,"579V+MW, mangagalasaena 10700, naepaala",29.1691367,81.2948383,2.0,mangagalasaena, park,,Missing description
1322,achhaama darabaara ( mangalasaena darabaara ) aaramaii bayaaraeka,"47R4+VH4, mangagalasaena 10700, naepaala",29.1421439,81.2564536,4.2,mangagalasaena, tourist_attraction,,Missing description
1323,Mangalsem,"464H+XWH, mangagalasaena 10700, naepaala",29.1074324,81.229853,0.0,mangagalasaena, tourist_attraction,,Missing description
1324,Sannikot Temple,"47V4+8G2, mangagalasaena 10700, naepaala",29.1432534,81.2562713,3.0,mangagalasaena, mosque,,Missing description
1325,Lovely dada,"F53V+QP8, 10500, naepaala",29.4544214,81.1943296,0.0,10500, zoo,,Missing description
1326,sharaii kaokailaa daewaii manadaira/Kokila devi mandir (tairauwaa taola),"Mangalsen nagarpalika ward no 14 kalagaun roll, naepaala",29.1570698,81.3330847,5.0,naepaala, hindu_temple,,Missing description
1327,Mangalsen Historic palace,"47Q4+QCW, mangagalasaena 10700, naepaala",29.1394778,81.2560857,3.7,mangagalasaena, monument,,Missing description
1328,kaunataiwanadaalaii,"464H+XWH, mangagalasaena 10700, naepaala",29.107441,81.2298513,0.0,mangagalasaena, trek,,Missing description
1329,Janali Falls (janaalaii jharanaa),"37RP+63G jharna, mangagalasaena 10700, naepaala",29.0905625,81.2851875,4.2,mangagalasaena, picnic,,Missing description
1330,kaalaa khaolaa,"38HG+962, 10700, naepaala",29.0783898,81.3255262,5.0,10700, hike,,Missing description
1331,Dudamukh Baghkhor Park,"MG75+M2H, naalaa ugarachanadaii 45200, naepaala",27.6641987,85.507612,4.2,naalaa, park,,Missing description
1332,aaraadhanaa characha,"PJW5+HH, bhaimataara, naepaala",27.7465731,85.608873,5.0,bhaimataara, church,,Missing description
1333,haatataiisaँdae daaँdaa,"G45H+G8, bhaimaphaedaii 44100, naepaala",27.5088352,85.1283443,5.0,bhaimaphaedaii, tourist_attraction,,Missing description
1334,sawayamabhauu mahaachaaitaya,"P77R+X52, BHAGANPAU 44600, naepaala",27.7148996,85.2903957,4.6,BHAGANPAU, monument,,Missing description
1335,Chovar park,"M76V+HXJ, kaiirataipaura 44600, naepaala",27.661756,85.2942256,4.5,kaiirataipaura, park,,Missing description
1336,Machchhegaun Christian Assembly,"M69X+883, chanadaraagairaii 44618, naepaala",27.6682547,85.2482964,4.7,chanadaraagairaii, church,,Missing description
1337,chaur pokhari,"Q625+3M8, chhatarae daeuraalaii 45100, naepaala",27.7501509,85.2091923,2.3,chhatarae, tourist_attraction,,Missing description
1338,Shantada ramaroshan achham,"6C32+HH3, 10700, naepaala",29.2038979,81.4014198,0.0,10700, park,,Missing description
1339,raamaaraoshana,"raamaaraoshana 10700, naepaala",29.23,81.46,,naepaala, tourist_attraction,,Missing description
1340,Kinnimini patan,"saaँphaewagara 10700, naepaala",29.2421875,81.4544375,4.0,naepaala, tourist_attraction,,Missing description
1341,"🕉️ Baachalaa Thaan , Achham, ramaroshan","6CQG+WQG, 10700, naepaala",29.2398161,81.4269459,0.0,10700, hindu_temple,,Missing description
1342,Gamcha prakash church,"M94R+GHH, Thimi-Biruwa Rd, ananatalaingagaeshawara, naepaala",27.657279,85.3915751,0.0,Thimi-Biruwa Rd, church,,Missing description
1343,paaँdaekao kataeja,"JJF7+VXX, paaँchakhaala 45212, naepaala",27.6248234,85.615874,5.0,paaँchakhaala, tourist_attraction,,Missing description
1344,Dullu Museum,"VJF5+8CP, Unnamed Road, daulalau 21600, naepaala",28.8733353,81.6085898,5.0,Unnamed Road, museum,,Missing description
1345,Hobby Aquarium,"P824+J3H, Guna Kamdev Marg, kaathamaadaauँ 44614, naepaala",27.701564,85.305222,3.8,Guna Kamdev Marg, aquarium,,Missing description
1346,Baahal,"PFJ6+2VH, shangakharaapaura 44600, naepaala",27.7300643,85.4622415,4.5,shangakharaapaura, historic_site,,Missing description
1347,ghayaamapae daaँdaa wanabhaoja sathala,"JCQF+6W3, ananatalaingagaeshawara, naepaala",27.6381719,85.4253785,3.8,ananatalaingagaeshawara, picnic,,Missing description
1348,Shahid park,"JC3W+6CX, ra‍yaalae 45200, naepaala",27.6031225,85.4460997,4.7,ra‍yaalae, park,,Missing description
1349,aaladaila,"GRX7+CJ, kaaratataikae daeuraalaii 45200, naepaala",27.5485043,85.8140236,4.5,kaaratataikae, tourist_attraction,,Missing description
1350,"1.daewala, History monument","9X49+FV, dhaapaa 21200, naepaala",29.3562059,81.9696563,5.0,dhaapaa, monument,,Missing description
1351,Dhurbe dado,"MJ54+QHV, paaँchakhaala 45212, naepaala",27.6594887,85.6064253,5.0,paaँchakhaala, historic_site,,Missing description
1352,saahasaika parawataiiya naepaala taraekainga ra chadhaaii (paii) laimaitaeda,"amaृta maaraga, kaathamaadaauँ 44600, naepaala",27.7160419,85.3128484,4.8,kaathamaadaauँ, trek,,Missing description
1353,Payal view',"55CQ+2X5, paaila 10700, naepaala",29.17,81.19,5.0,paaila, park,,Missing description
1354,Christiya Aaradhana Church,"66J8+RH7, saaँphaewagara 10700, naepaala",29.2320437,81.2164307,5.0,saaँphaewagara, church,,Missing description
1355,Achham jayagadh kalika,"672F+4QH, 10700, naepaala",29.2003096,81.2744956,0.0,10700, tourist_attraction,,Missing description
1356,saaँphaebagara waimaanasathala,"66P8+M75, H18, saaँphaewagara 10700, naepaala",29.236625,81.2157365,4.0,H18, mosque,,Missing description
1357,shailesh mobile gallery,"achham achham sanfe, saaँphaewagara 10702, naepaala",29.2352473,81.2084183,0.0,saaँphaewagara, art_gallery,,Missing description
1358,The print house,"RPR5+4QX, naaraayana nagarapaalaikaa 21600, naepaala",28.8403486,81.7094891,3.0,naaraayana, art_gallery,,Missing description
1359,Baidhyanath Dham Temple (waaidayanaatha dhaama),"6673+8JJ manadaira, baaijanaatha 10700, naepaala",29.213146,81.2040304,4.4,baaijanaatha, hindu_temple,,Missing description
1360,Shannikot Temple,"65H2+R56, saaँphaewagara 10700, naepaala",29.2295255,81.1503883,4.3,saaँphaewagara, monument,,Missing description
1361,khapatada raashataraiya naikaunyaja kaarayaalaya,"Khaptad Baba Paidal Marg, 10800, naepaala",29.3868103,81.1480375,4.5,10800, amusement_park,,Missing description
1362,khapapara daha manadaira,"Khaptad - Rara Paidal Marg, 10800, naepaala",29.3869594,81.1699091,5.0,10800, church,,Missing description
1363,khapatada taala,"khapatada taala, 10500, naepaala",29.3867328,81.1687205,4.3,10500, tourist_attraction,,Missing description
1364,paaँchapaipalae (paokharaii),"MJJM+88H, jaaisaiithaoka manadana, naepaala",27.6808204,85.6333577,0.0,jaaisaiithaoka manadana, park,,Missing description
1365,Jump Jhamsikhel Indoor Trampoline Park,"Bakhundole, lalaitapaura 44600, naepaala",27.6830355,85.3101159,3.9,lalaitapaura, amusement_park,,Missing description
1366,"Jhaukhel Nazarin Church, Nepal","MCQJ+GFG, chaaँgaunaaraayana 44800, naepaala",27.6883895,85.4311324,4.0,chaaँgaunaaraayana, church,,Missing description
1367,Yalmu jharana,"RV9V+58, gaathaii 45302, naepaala",27.8179735,85.8933596,4.2,gaathaii, tourist_attraction,,Missing description
1368,chaaँgau samgarahaalaya,"PC8H+HM5, Mandir Walkway, chaaँgaunaaraayana 44600, naepaala",27.7163961,85.4292452,4.4,Mandir Walkway, monument,,Missing description
1369,"Pipse, Chyomthali paipasae, chayaomathalaii","VFHW+3M6, Gyalthum Pipse Golphubhanjyang Kutumsang Road, thaakanaii, naepaala",27.8776628,85.4966462,3.8,Gyalthum Pipse Golphubhanjyang Kutumsang Road, historic_site,,Missing description
1370,haamaii taraeka naepaala (paृ) laimaitaeda,"chaakasaiiwaaraii maaraga 16, kaathamaadaauँ 44600, naepaala",27.7151701,85.3103372,5.0,kaathamaadaauँ, trek,,Missing description
1371,Ramche Stone Park,"Sitalbasti tinpiple, gramin sadak, paatalaekhaeta 45200, naepaala",27.6007901,85.5927162,4.7,gramin sadak, tourist_attraction,,Missing description
1372,sharaii shaailaesha‍waraii manadaira,"sailagadhaii maukhayaemaaraga, daipaayala sailagadhaii 10800, naepaala",29.2665922,80.980882,4.5,daipaayala, monument,,Missing description
1373,Simali,"QWQV+WFV, Ramsikhar Jhala, pahalamaanapaura, naepaala",28.7898749,80.9436871,4.3,Ramsikhar Jhala, picnic,,Missing description
1374,baaikaunathapauraii samgarahaalaya,"X56G+7F, sanadhaiikharaka 32700, naepaala",27.960564,83.176133,4.2,sanadhaiikharaka, museum,,Missing description
1375,naraiikalaa kaृshai tathaa pashaupaalana pharama,"V93V+M9, phaeka 32500, naepaala",27.8541875,83.3934375,5.0,phaeka, zoo,,Missing description
1376,Sandhikharka Tattoo House,"Hall line 1, sanadhaiikharaka 32700, naepaala",27.9764761,83.1265024,0.0,sanadhaiikharaka, art_gallery,,Missing description
1377,Sandhikharka View Tower,"X4FC+V97, Kura Road, sanadhaiikharaka 32700, naepaala",27.9746503,83.1209141,3.4,Kura Road, historic_site,,Missing description
1378,Arghakhanchi,"X4GJ+GM, sanadhaiikharaka 32700, naepaala",27.9763333,83.1317319,4.8,sanadhaiikharaka, trek,,Missing description
1379,VIEW TOWER (ghaoralaasaii),"Shandhikharka Municipality 9, 32712, naepaala",28.0237143,83.0775129,5.0,32712, picnic,,Missing description
1380,Sainamaina Spring Water World and Resort,"Bayarkatti, saainaamaainaa 32900, naepaala",27.6787554,83.3148771,3.9,saainaamaainaa, amusement_park,,Missing description
1381,Galgatha church (Jurauni),"QQXG+JRQ, gaobaradaihaa 22400, naepaala",27.7990151,82.777067,4.6,gaobaradaihaa, church,,Missing description
1382,Sit Khola,"WW2C+FX, jaulaukae 32700, naepaala",27.9010365,82.9234049,3.5,jaulaukae, tourist_attraction,,Missing description
1383,Bangesal Masjid,"WR5V+532, baangagaesaala, naepaala",27.9078912,82.8427074,5.0,baangagaesaala, mosque,,Missing description
1384,Kharkatti riparian area,"RP8G+8P3, Dulaiya Rd, gaobaradaihaa 22404, naepaala",27.8157695,82.7268024,5.0,Dulaiya Rd, zoo,,Missing description
1385,Buddhist Monument,"VHF2+XC4, sharaiinagara haila patha, taanasaena 32500, naepaala",27.874,83.551,4.0,sharaiinagara haila patha, monument,,Missing description
1386,shaitagamgaa,"shaitagamgaa, naepaala",27.8345196,83.0626083,,naepaala, historic_site,,Missing description
1387,Chakla sitganga,"R3M7+Q4Q, thaadaa 32700, naepaala",27.8344664,83.0628506,3.5,thaadaa, historic_site,,Missing description
1388,khaela maaidaana kaaladhaarae,"RRG6+P6, saidadharaa 32700, naepaala",27.8264605,82.8114163,0.0,saidadharaa, picnic,,Missing description
1389,lahare(laharae) foot trail,"V5RH+MCX, dhataiwaanga 32700, naepaala",27.8917378,83.1786131,5.0,dhataiwaanga, hike,,Missing description
1390,Santi Bagaicha,"X4CG+W5C, sanadhaikharaka-gaorausaimgae sadaka, sanadhaiikharaka 32700, naepaala",27.9723084,83.1253783,4.1,sanadhaikharaka-gaorausaimgae sadaka, park,,Missing description
1391,bhauumaikaasathaana,"bhauumaikaasathaana, naepaala",27.9933729,83.0133837,,naepaala, tourist_attraction,,Missing description
1392,sanadhaikharaka masajaida,"X4GF+2FR, sanadhaiikharaka 32700, naepaala",27.9751083,83.1235764,3.5,sanadhaiikharaka, mosque,,Missing description
1393,kafalneti,"4246+G5, gaokhaungagaa 44600, naepaala",28.1063125,83.0104375,5.0,gaokhaungagaa, museum,,Missing description
1394,Arghakhanchi nepal,"V4VC+HRR, Mandre 32700, naepaala",27.8939888,83.1220074,3.7,Mandre, art_gallery,,Missing description
1395,chhaedaa paokharaa thaumakao,"23M9+MMF, dhaaraapaanaii 32700, naepaala",28.0341993,83.069166,5.0,dhaaraapaanaii, hike,,Missing description
1396,Ninthumdada,"263H+HR, chhataragamja 32600, naepaala",28.0039417,83.2296059,4.5,chhataragamja, park,,Missing description
1397,tamaghaasa masaiihaii characha,"367X+C34, raesaungagaa 32600, naepaala",28.0635148,83.2476599,4.2,raesaungagaa, church,,Missing description
1398,Subhani jama masjit,"Unnamed Road, 32700, 32700, naepaala",27.9638849,83.2620438,5.0,32700, mosque,,Missing description
1399,"maajhapaanaii shaiwaalaya manadaira, taaraubhataeraa","25JX+JFQ, bhagawataii 32700, naepaala",28.0315854,83.1987289,5.0,bhagawataii, hindu_temple,,Missing description
1400,chhataradaewa,"chhataradaewa, naepaala",27.9818624,83.2324835,,naepaala, historic_site,,Missing description
1401,Trekking spot Basantapur,"PG42+JH, daewadaha nagarapaalaikaa 32907, naepaala",27.7065574,83.5014206,4.2,daewadaha, trek,,Missing description
1402,Paulapata picnic spot paoulaapaataa paikanaika thaauँ,"Sandhikharka-5 wangla, saldada wangagalaa, saaladaaँdaa, dhaorapaatana, sanadhaiikharaka ५, naepaala",27.9496571,83.1924831,5.0,saldada wangagalaa, picnic,,Missing description
1403,Panini -8,"W6V6+Q7, paalaii 32700, naepaala",27.9455939,83.2100177,0.0,paalaii, park,,Missing description
1404,NOORI MASJID (khanchi),"X4GX+W9, sanadhaiikharaka 32700, naepaala",27.9772346,83.1485546,1.0,sanadhaiikharaka, mosque,,Missing description
1405,Panini Tapobhumi,"V823+RM7, paokharaathaoka, naepaala",27.852035,83.3041747,4.0,paokharaathaoka, hindu_temple,,Missing description
1406,"Panini- 05 Maidan, Arghakhanchi","W63P+GVR, maaidaana 32700, naepaala",27.9038638,83.2371332,0.0,maaidaana, monument,,Missing description
1407,"Shikhardanda,panini,nepal","W5WF+73, sanadhaiikharaka 32700, naepaala",27.9456718,83.1726418,0.0,sanadhaiikharaka, trek,,Missing description
1408,Panini 1 Simle Rajupani (Tijuka Rukha) Arghakhanchi,"V7MR+VMV, panaenaa 32700, naepaala",27.8847377,83.2916813,0.0,panaenaa, trek,,Missing description
1409,"Badhunga, chaaupaaraii","Arghakhanchi, panini-6, Badunga, naepaala",27.8990515,83.2237671,5.0,panini-6, picnic,,Missing description
1410,Rock Garden /jhalayaakaota,"3564+53G, 32600, naepaala",28.0604469,83.1551903,4.0,32600, park,,Missing description
1411,Malarani Temple,"6 ghera malarani arghakhanchi, hamsapaura, naepaala",28.0675838,83.0961241,4.4,hamsapaura, church,,Missing description
1412,Tiger Chowok,"7H9X+7M2, Mahendra Path, baagalaunga 33300, naepaala",28.2681262,83.5991368,4.0,Mahendra Path, zoo,,Missing description
1413,Bishal fish store (aquarium),"baglung Buspark 2, paokharaa 33700, naepaala",28.2328824,83.9828074,5.0,paokharaa, aquarium,,Missing description
1414,Galkot Durbar,"6CQF+936, haraichaaura 33300, naepaala",28.2384093,83.4226508,4.6,haraichaaura, park,,Missing description
1415,sawasatha taajaa mauulakao paanaii,"6JRV+RRJ Nayapul Bus Stop, Baglung Rajmarg, kaushamaa 33400, naepaala",28.2420772,83.6445192,0.0,Baglung Rajmarg, amusement_park,,Missing description
1416,Galkot AG Church,"6CHH+96H, haraichaaura 33300, naepaala",28.2284409,83.4281199,4.4,haraichaaura, church,,Missing description
1417,Galkot Art Museum,"6CH3+WPP, haraichaaura 33300, naepaala",28.2298361,83.4043278,4.1,haraichaaura, art_gallery,,Missing description
1418,sharaii nanadaiishawarasauurayamanadaira,"6C89+G6M, haraichaaura 33300, naepaala",28.2163198,83.4180436,4.5,haraichaaura, hindu_temple,,Missing description
1419,Gaighat Falls,"7C7J+553, haraichaaura 33300, naepaala",28.2628992,83.4304299,4.4,haraichaaura, trek,,Missing description
1420,Bareng fun park,"4GR6+G2, dhaulalaubaasakaota 33300, naepaala",28.1413515,83.5100862,5.0,dhaulalaubaasakaota, park,,Missing description
1421,Anugraha Baptist church,"4J79+R75, jaaidaii 33400, naepaala",28.1145201,83.6182437,5.0,jaaidaii, church,,Missing description
1422,jaaimauunaii,"jaaimauunaii, naepaala",28.1831784,83.6134596,,naepaala, mosque,,Missing description
1423,Paiyun art & tech,"7H7X+QR6, baagalaunga 33300, naepaala",28.2644195,83.5995009,5.0,baagalaunga, art_gallery,,Missing description
1424,Dhorpatan Hunting Reserve,"F3V5+WV, sayaalapaakhae 33300, naepaala",28.4947535,83.059632,4.6,sayaalapaakhae, park,,Missing description
1425,dhaorapaatana shaikaara aarakasha,"22000, naepaala",28.5856157,82.9931607,4.4,naepaala, tourist_attraction,,Missing description
1426,Madarsha gulshane raja burtibang baglung,"85P6+2C9 Prabhu Bank, baurataibaanga-baongagaadaobhaana sadaka, baurataibaanga 33300, naepaala",28.3350371,83.1611028,5.0,baurataibaanga-baongagaadaobhaana sadaka, mosque,,Missing description
1427,Uttarganga Baraha Temple,"F2MQ+868, sayaalapaakhae 33300, naepaala",28.4832958,83.0380756,4.4,sayaalapaakhae, hindu_temple,,Missing description
1428,"panyachakaota dhaama, baagalaunga","7HQH+H7F, baagalaunga 33300, naepaala",28.2889329,83.5781813,4.4,baagalaunga, monument,,Missing description
1429,Dhorpatan,"Dhorpatan, 33300, naepaala",28.500139,83.064537,,33300, historic_site,,Missing description
1430,baraenga bajaara,"baraenga bajaara, 33300, naepaala",28.1281727,83.5113518,,33300, tourist_attraction,,Missing description
1431,waraenga,"waraenga, 33300, naepaala",28.1599473,83.4899053,,33300, historic_site,,Missing description
1432,Bogati Thar,"8H4V+87V, Baglung-Beni Rd, baenaii 33400, naepaala",28.3058708,83.5931659,5.0,Baglung-Beni Rd, historic_site,,Missing description
1433,bhautae chhaharaa,"8H3P+JJ2, Baglung-Beni Rd, baenaii 33200, naepaala",28.304007,83.5865147,0.0,Baglung-Beni Rd, historic_site,,Missing description
1434,Tiger Statue (baaghakao saalaika),"baagalaunga 33300, naepaala",28.2681257,83.5991348,4.7,naepaala, historic_site,,Missing description
1435,Bareng Rural municipality Office,"4FPX+F4H, 33300, naepaala",28.1361851,83.4979069,3.2,33300, trek,,Missing description
1436,naewaara bhanyajayaanga,"4F2G+3X, gawaadhaa 33300, naepaala",28.1002204,83.4774091,0.0,gawaadhaa, hike,,Missing description
1437,kaumalae paakhao,"7HMF+5J3, baagalaunga 33300, naepaala",28.2828892,83.5740341,0.0,baagalaunga, tourist_attraction,,Missing description
1438,Kathekola phaparkhet baglung nepal,"7FHR+HCJ, tamgaraama 33300, naepaala",28.2789714,83.4910242,0.0,tamgaraama, tourist_attraction,,Missing description
1439,H.Abubaqar siddiq mosalla masjid,"8HX8+2QF, Near campus chok sixamarg raod, baenaii, naepaala",28.3474713,83.5669364,5.0,Near campus chok sixamarg raod, mosque,,Missing description
1440,shakyajetha arts and digital photo vidwo service baglung,"infront of disteict administration office, baagalaunga 33300, naepaala",28.2660896,83.5971265,5.0,baagalaunga, art_gallery,,Missing description
1441,Kailash,"7H79+4P9, Kathakhola, baagalaunga 33300, naepaala",28.2627917,83.5693526,5.0,Kathakhola, hindu_temple,,Missing description
1442,"Tinchule View Point, Asauje, Dhamja, Baglung","8FCM+397, aragala 33200, naepaala",28.3201631,83.4834359,0.0,aragala, trek,,Missing description
1443,Halhale halahalae,"6F8W+25, daudhailaabhaataii 33300, naepaala",28.2153216,83.4961149,5.0,daudhailaabhaataii, picnic,,Missing description
1444,ghaochachaakao daaँdaa,"958X+MX9, khaumgaa 33300, naepaala",28.366667,83.2,0.0,khaumgaa, park,,Missing description
1445,bagaaimchaa,"95PQ+RP, baumgadaobhaana 33300, naepaala",28.3870875,83.1893359,2.0,baumgadaobhaana, church,,Missing description
1446,tamaana,"tamaana, 33300, naepaala",28.3945882,83.2512698,,33300, tourist_attraction,,Missing description
1447,Manakamana Mandir,"32600, naepaala",28.2454886,83.25102,4.0,naepaala, Religious Site,manakamana mandir,Description too short (< 10 words)
1448,"Kalimati, Nabi","9, naepaala",28.500139,83.064537,0.0,naepaala, zoo,,Missing description
1449,tamaanakhaolaa,"tamaanakhaolaa, naepaala",28.4380182,83.2276309,,naepaala, hindu_temple,,Missing description
1450,Ascend Treks & Destination Management Co.,"7WCV+WHF Sajha, Baglung Rajmarg, paokharaa 33700, naepaala",28.2722071,83.9438406,5.0,Baglung Rajmarg, trek,,Missing description
1451,Picnic Spot,"85F5+885, madhaya pahaadaii laokamaaraga, shaeraa 33300, naepaala",28.3213667,83.1580328,0.0,madhaya pahaadaii laokamaaraga, picnic,,Missing description
1452,hasaegauma,"97XG+6R, maunaa 33300, naepaala",28.3980666,83.2770776,0.0,maunaa, hike,,Missing description
1453,Khiun pokhari,"33300, naepaala",28.2943125,83.3601875,5.0,naepaala, park,,Missing description
1454,taaraakhaolaa,"taaraakhaolaa, naepaala",28.3114254,83.4113108,,naepaala, tourist_attraction,,Missing description
1455,Durga bhawani mandir,"8C66+HGF, Tara khola 4, baagalaunga 33300, naepaala",28.3114254,83.4113108,0.0,Tara, mosque,,Missing description
1456,Tarakhola Multipropose Rainbow Trout Fish Farm,"33300, naepaala",28.3079924,83.4103817,4.5,naepaala, aquarium,,Missing description
1457,Tinchule Temple,"994W+M47, 33200, naepaala",28.3566603,83.3952983,5.0,33200, hindu_temple,,Missing description
1458,Lalita & Lalit Bdr. Thapa Memorial Stadium,"6CC2+WFF, Malma - Pandapkhani Highway, malama 33300, naepaala",28.2223091,83.4011728,4.1,Malma - Pandapkhani Highway, monument,,Missing description
1459,Teuwa,"6CH3+WPP, haraichaaura 33300, naepaala",28.2302083,83.40382,4.0,haraichaaura, picnic,,Missing description
1460,taaraagaaँu padamaaraga,"33300, naepaala",28.310184,83.4119465,0.0,naepaala, hike,,Missing description
1461,basanaeraa chaaura,"92JG+RV, baoharaagaauँ 33300, naepaala",28.3820177,83.0272025,4.8,baoharaagaauँ, park,,Missing description
1462,ghaodaa baananae raha (parakhayaata paaudaii sathaana),"saeraa sadaka, 33300, naepaala",28.3289849,83.1579369,2.0,33300, amusement_park,,Missing description
1463,"Hossana Church, Khadu, Baglung","84W3+F7G, 33300, naepaala",28.3461668,83.1031942,4.0,33300, church,,Missing description
1464,naisaii,"naisaii 33300, naepaala",28.4069244,83.0059224,,naepaala, tourist_attraction,,Missing description
1465,saidadhaaratha aarata gayaalaraii,"Babermahal Revisited premises, tamka parasaada ghaumataii sadaka, kaathamaadaauँ 44617, naepaala",27.6944534,85.3226963,4.5,tamka parasaada ghaumataii sadaka, art_gallery,,Missing description
1466,daewaii manadaira,"75Q4+WF4 badaigaada gaauँpaalaikaa ९ khaharae saaurapaanaii, haila 33300, naepaala",28.2897674,83.1562153,5.0,haila, hindu_temple,,Missing description
1467,Jugjakhola,"935Q+M82, 33300, naepaala",28.3591339,83.0882666,5.0,33300, monument,,Missing description
1468,naisaiikhaolaa,"naisaiikhaolaa, naepaala",28.4074527,83.0059928,,naepaala, historic_site,,Missing description
1469,asamataa daaँdaa,"C23F+938, sinukhung 33300, naepaala",28.4034125,83.0227031,5.0,sinukhung, trek,,Missing description
1470,waishawaasaiiharauulaaii characha,"57MM+C4V, baurataiibaanga maaraga, waamaiitakasaara 32600, naepaala",28.1836403,83.2828214,3.5,baurataiibaanga maaraga, church,,Missing description
1471,Badigad Rural Municipality,"Wadigad-5, gawaalaiichaaura 32600, naepaala",28.2448156,83.217021,4.1,gawaalaiichaaura, zoo,,Missing description
1472,shaiwa manadaira,"75R5+83M badaigaada gaauँpaalaikaa ९ khaharae baasapaataa, haila 33300, naepaala",28.2908356,83.1576603,5.0,haila, hindu_temple,,Missing description
1473,wadaigaada,"wadaigaada, naepaala",28.2447834,83.2175217,,naepaala, historic_site,,Missing description
1474,Kathpate,"GFQ4+VG6, Khalanga 10200, naepaala",29.539655,80.4562702,5.0,Khalanga, park,,Missing description
1475,D.B. ARTS Home,"RVJX+GFR, maohanayaala 10900, naepaala",28.831355,80.8986502,0.0,maohanayaala, art_gallery,,Missing description
1476,Jai Shoreee Bahugade,"Dash Rath chand Nagar Palika ,Ward No. 9 Dungra Baitadi,NEPAL, dasharathachanada 10200, naepaala",29.5412969,80.3963399,5.0,Ward No. 9 Dungra Baitadi, hindu_temple,,Missing description
1477,Sahed Dashrathchand memorial trust baitadi,"HC53+9V, dasharathachanada 10200, naepaala",29.5583806,80.4046331,0.0,dasharathachanada, monument,,Missing description
1478,dasharatha chanadakao janamasathala,"HC54+4QG, dasharathachanada 10200, naepaala",29.5578002,80.4069122,5.0,dasharathachanada, historic_site,,Missing description
1479,damsailaii bajaara chaoka,"CG5X+44X, paatana 10200, naepaala",29.4078652,80.5478448,5.0,paatana, park,,Missing description
1480,kawaainaonaiyaa paatana manadalaii,"M899+PWV, lalaitapaura 44600, naepaala",27.6693712,85.3194504,5.0,lalaitapaura, church,,Missing description
1481,"Pant Tourism Area Patan ,Baitadi","9JVW+WM2, paatana 10300, naepaala",29.3947621,80.6466543,0.0,paatana, tourist_attraction,,Missing description
1482,Baitadi Patan 1 ganesh pur Shoreee kalsaini temple,"CGG4+PR, paatana 10200, naepaala",29.426754,80.5070634,3.7,paatana, hindu_temple,,Missing description
1483,chill hill's,"paatana 10200, naepaala",29.4758647,80.5444853,5.0,naepaala, trek,,Missing description
1484,Melauli park,"CC97+HVC, maelaaulaii 10200, naepaala",29.4180863,80.4141233,5.0,maelaaulaii, park,,Missing description
1485,marachhalae charachauraa ojhaa naiwaasha,"CC6V+5GJ, maelaaulaii 10300, naepaala",29.4104518,80.4437781,0.0,maelaaulaii, church,,Missing description
1486,maelaaulaii,"maelaaulaii, naepaala",29.4104518,80.4437781,,naepaala, tourist_attraction,,Missing description
1487,Melauli Bhagwati Mandir Melauli,"CC97+HV6, maelaaulaii 10200, naepaala",29.4189107,80.4146479,4.3,maelaaulaii, mosque,,Missing description
1488,kauraukautaiyaa,"GG8R+C9, basaulainga 10200, naepaala",29.5152649,80.542409,0.0,basaulainga, museum,,Missing description
1489,Live Aquatics Nepal,"P823+7M7 Kohity Jaisidewol, kaathamaadaauँ 44602, naepaala",27.7006732,85.3041822,4.3,kaathamaadaauँ, aquarium,,Missing description
1490,"Melauli Municipality, Melauli, Baitadi","CC96+39M, maelaaulaii 10200, naepaala",29.4177411,80.4109098,4.5,maelaaulaii, picnic,,Missing description
1491,Audi niwas bhatyadi,"9FJR+MF, maelaaulaii 10300, naepaala",29.3817176,80.4911583,5.0,maelaaulaii, hike,,Missing description
1492,Bashyakhaya Purchaudi Baitadi Nepal,"JPXJ+X7V, 10200, naepaala",29.6499759,80.7306601,3.0,10200, church,,Missing description
1493,RAULESHWOR KEDARHAM BAITADI,"GHXR+9HC, baijayapaura 10200, naepaala",29.5484328,80.5914039,4.3,baijayapaura, hindu_temple,,Missing description
1494,Purchaudi Municipality,"GH2Q+G82, paatana 10200, naepaala",29.5012645,80.5882803,4.4,paatana, monument,,Missing description
1495,Sunderbasti,"22P8+2GX, Sunderbasti, kalaaiyaa 44400, naepaala",27.0351099,85.016348,5.0,Sunderbasti, tourist_attraction,,Missing description
1496,مصلى صابر أحمد,"P853+2RV, kaathamaadaauँ 44600, naepaala",27.7076269,85.3045239,5.0,kaathamaadaauँ, mosque,,Missing description
1497,Museum Durbar,"P835+J9R, laayakauu maaraga, kaathamaadaauँ 44600, naepaala",27.7041166,85.3083833,4.2,laayakauu maaraga, museum,,Missing description
1498,bainadaabaasainaii manadaira,"MF2P+CF5, saurayawainaayaka, naepaala",27.6509178,85.4866228,4.3,saurayawainaayaka, hindu_temple,,Missing description
1499,Dugahiti,"PFH7+RG3, shangakharaapaura 44600, naepaala",27.7295195,85.4637824,4.3,shangakharaapaura, historic_site,,Missing description
1500,Trek all Nepal,"baaudadha - jaorapaataii sadaka, kaathamaadaauँ 44600, naepaala",27.72528,85.3610769,5.0,kaathamaadaauँ, trek,,Missing description
1501,saitae daaँdaa,"Changunarayan 8, naepaala",27.6820748,85.4943435,5.0,naepaala, park,,Missing description
1502,Agape church,"baneshwor 44600, naepaala",27.7035802,85.3370761,3.0,naepaala, church,,Missing description
1503,Kursi Dada,"HGVJ+X7C, Gairi Gau Rd, panaautaii 45209, naepaala",27.5949373,85.5306442,4.9,Gairi Gau Rd, tourist_attraction,,Missing description
1504,"Daicha Patti, Santibinayak Ganesh Mandir, Balkot","shanti binyak road, ananatalaingagaeshawara, naepaala",27.6630764,85.3786085,5.0,ananatalaingagaeshawara, hindu_temple,,Missing description
1505,Sigas Rural Municipality,"Garje, Mahakali Hwy 3, 10205, naepaala",29.4535521,80.7847054,4.8,Mahakali, historic_site,,Missing description
1506,bhatataidaaँdaa,"dhaulaikhaela 45200, naepaala",27.6190776,85.5760437,5.0,naepaala, picnic,,Missing description
1507,lamikande park,"898P+GQ2, Bhageshwar VDC 10300, naepaala",29.3162524,80.3868912,5.0,Bhageshwar, park,,Missing description
1508,Shivnath Temple,"C85X+5JQ, Khalanga 10200, naepaala",29.4079548,80.349124,4.3,Khalanga, church,,Missing description
1509,shaiwanaatha,"shaiwanaatha 10200, naepaala",29.43,80.38,,naepaala, tourist_attraction,,Missing description
1510,Baitadi,"97GV+GJQ, shaiwanaatha 10200, naepaala",29.3763361,80.2941194,0.0,shaiwanaatha, tourist_attraction,,Missing description
1511,shairajanashaila saamaudaayaika bana sawalapalaa baaitadaii,"9949+F85, Khalanga 10200, naepaala",29.3561334,80.3683708,5.0,Khalanga, hike,,Missing description
1512,Pancheshwar Fishing,"Khai kot, near cwc, Nidil, Uttarakhand 262524, bhaarata",29.4404895,80.242849,4.9,near cwc, park,,Missing description
1513,Sera Gado Bhauni,"G92P+7HC, Khalanga 10200, naepaala",29.5006989,80.3864003,0.0,Khalanga, church,,Missing description
1514,Palpasa Art Gallery,"mahaamanyajausharaii nagarakaota 44800, naepaala",27.6982567,85.4837846,3.3,naepaala, art_gallery,,Missing description
1515,Temple,"C7M6+F54, panyachaeshawaora 10200, naepaala",29.4336281,80.2604387,5.0,panyachaeshawaora, hindu_temple,,Missing description
1516,panyachaeshawaora,"panyachaeshawaora, naepaala",29.4204877,80.2655846,,naepaala, monument,,Missing description
1517,taraipauraa saunadaraii manadaira,"H95V+479, Pujaragaun, dasharathachanada, naepaala",29.5577734,80.3932938,4.8,Pujaragaun, monument,,Missing description
1518,Pancheshwar Mahadev,"Salla, Khai Kot Talla, Uttarakhand 262529, bhaarata",29.4449823,80.2425768,4.6,Khai Kot Talla, picnic,,Missing description
1519,paipala chaautaaraii saenatara paaraka,"JF6G+VRQ, nawaalaii 10200, naepaala",29.6122137,80.4771039,0.0,nawaalaii, park,,Missing description
1520,dailaashaainaii,"dailaashaainaii 10200, naepaala",29.65,80.6,,naepaala, tourist_attraction,,Missing description
1521,Islamiya Masjid,"4V9Q+4XP, basadailawaa 44300, naepaala",27.1178861,84.8899499,2.7,basadailawaa, mosque,,Missing description
1522,3D Art World - Interactive Museum,"M82R+PW2, mahaalakashamaii 44700, naepaala",27.6510185,85.3441141,4.1,mahaalakashamaii, museum,,Missing description
1523,wainadawaasainaii manadaira,"J9QV+7WQ, ananatalaingagaeshawara, naepaala",27.638213,85.3948503,4.4,ananatalaingagaeshawara, hindu_temple,,Missing description
1524,"Dabali Panauti, dabalaii panaautaii","HGP8+448, Aghatole, panaautaii 7, naepaala",27.5852775,85.5153278,4.5,Aghatole, historic_site,,Missing description
1525,Gosainkunda Trek,"sharaii gaosaaiँ kaunada mahaadaewa, 45000, naepaala",28.0851756,85.4139412,4.7,45000, trek,,Missing description
1526,Simaldada,"JGJF+JGG, Banepa-RabiOpi Road, banaepaa 45210, naepaala",27.6315525,85.5238431,0.0,Banepa-RabiOpi Road, hike,,Missing description
1527,taaraebhaira daadaa,"9GC2+225, baigautaara 56100, naepaala",27.37,86.5,5.0,baigautaara, tourist_attraction,,Missing description
1528,Raulakedar Temple,"Khalanga 10200, naepaala",29.5185787,80.4688061,1.5,naepaala, mosque,,Missing description
1529,daadaathaoka saamaudaayaika paaraka,"J9MM+556, daaँdaagaauँ 22200, naepaala",27.6329873,85.3828416,5.0,daaँdaagaauँ, museum,,Missing description
1530,Deurali Dada daeuraalaii daaँdaa,"J64R+4CR, dakashainakaalaii 44600, naepaala",27.6053522,85.2410267,0.0,dakashainakaalaii, historic_site,,Missing description
1531,Batase Dada,"panaautaii 45209, naepaala",27.6004541,85.5502558,4.3,naepaala, trek,,Missing description
1532,Poudeldada,"chaaँgaunaaraayana 44600, naepaala",27.7086301,85.4413903,5.0,naepaala, picnic,,Missing description
1533,Talu Dadha,"JF3G+WH2, kaushaadaewaii 45200, naepaala",27.6047641,85.4763958,5.0,kaushaadaewaii, hike,,Missing description
1534,ayaamraii maelao,"577Q+76G, mangagalasaena 10700, naepaala",29.1631916,81.2880805,0.0,mangagalasaena, hike,,Missing description
1535,okhadayaaँnakao gaड़o,"68X4+P52, 10700, naepaala",29.2492611,81.3053912,0.0,10700, park,,Missing description
1536,Pan's Pets Paradise,"kaathamaadaauँ 44600, naepaala",27.7303311,85.3153339,4.8,naepaala, aquarium,,Missing description
1537,ushaamaaiyaa kao darawaara (baaँnaasaura darabaara),"J75G+JX8, dakashainakaalaii 44600, naepaala",27.6090358,85.2774567,5.0,dakashainakaalaii, historic_site,,Missing description
1538,Sanfebagar,"66VC+F29, saaँphaewagara 10700, naepaala",29.2436572,81.2201498,4.5,saaँphaewagara, trek,,Missing description
1539,Thala dada,"27FR+3FC, dhakaaraii 10700, naepaala",29.0226819,81.2911264,0.0,dhakaaraii, park,,Missing description
1540,kamalbazaar market,"482V+CPX, kauikaa 10700, naepaala",29.101107,81.3443744,0.0,kauikaa, tourist_attraction,,Missing description
1541,kamalabajaara,"kamalabajaara, 10700, naepaala",29.101107,81.3443744,,10700, mosque,,Missing description
1542,mashataa daewataakaae manadaira,"28V5+58G, kamala bajaara sadaka, kauikaa 10700, naepaala",29.0429274,81.3083364,3.7,kamala bajaara sadaka, hindu_temple,,Missing description
1543,maaithaamanadau maaidaana,"6C3P+9V, baataulaasaaina 10700, naepaala",29.203448,81.4372203,5.0,baataulaasaaina, park,,Missing description
1544,panachadaewala manadaira ra parayatakaiiya sathala,"39QV+F77, H 18, bainaayaka 10700, naepaala",29.0886658,81.3931757,3.8,H, church,,Missing description
1545,panachadaewala wainaayaka,"panachadaewala wainaayaka, naepaala",29.1141277,81.4561911,,naepaala, tourist_attraction,,Missing description
1546,bainaayaka,"bainaayaka 10700, naepaala",29.1120292,81.3894297,,naepaala, mosque,,Missing description
1547,Aqua Haven,"Imadol, Mahalaxmi-1, lalitpur 44700, naepaala",27.6641925,85.3374482,4.9,Mahalaxmi-1, aquarium,,Missing description
1548,Shivamandir,"39PW+QRF, bainaayaka 10700, naepaala",29.0869242,81.3970419,0.0,bainaayaka, hindu_temple,,Missing description
1549,panyachadaewala wainaayaka nagarapaalaikaa kaarayaalaya,"39PW+Q92, H 18, bainaayaka 10700, naepaala",29.0868769,81.395879,4.0,H, monument,,Missing description
1550,Dhaku dhaakau,"38CJ+J5F, 10700, naepaala",29.0715734,81.3304288,0.0,10700, hike,,Missing description
1551,Chaukhutte,"sailagadhaii-saaँphaebagara raajamaaraga, saanaagaauँ 10800, naepaala",29.2603141,81.0999752,3.8,saanaagaauँ, park,,Missing description
1552,chanadaraagairai manaoranyajana udayaana,"M673+XWR, phaakhaela 44600, naepaala",27.6649761,85.2047796,4.1,phaakhaela, amusement_park,,Missing description
1553,chaaurapaataii,"chaaurapaataii, naepaala",29.2307785,81.1476644,,naepaala, tourist_attraction,,Missing description
1554,Kala Premi Art House,"Kiwachock, saurayawainaayaka, naepaala",27.6575007,85.4010549,5.0,saurayawainaayaka, art_gallery,,Missing description
1555,maelalaekha,"maelalaekha, naepaala",29.2281826,81.2840696,,naepaala, tourist_attraction,,Missing description
1556,"maelalaekha gaauँpaalaikaa,wainadaebaasaiinaii achhaama","773M+Q99, saaँphaewagara 10700, naepaala",29.2544733,81.2834666,4.4,saaँphaewagara, mosque,,Missing description
1557,paitamaraii dhaaraa,"R87P+32, baidayaapaura 21700, naepaala",28.812666,81.3351117,0.0,baidayaapaura, amusement_park,,Missing description
1558,dhakaaraii,"dhakaaraii 10700, naepaala",29.0,81.27,,naepaala, tourist_attraction,,Missing description
1559,dakashainakaalaii manadaira,"pharapainga-kaulaekhaanaii sadaka, dakashainakaalaii 44600, naepaala",27.605107,85.2634699,4.6,dakashainakaalaii, hindu_temple,,Missing description
1560,jaalapaa daewai manadaira,"X7XC+74F, dhakaaraii 10700, naepaala",28.9981911,81.2703398,4.1,dhakaaraii, monument,,Missing description
1561,naepaala aadhaara shaiwaira taraekaharauu,"Sohrakhutte, kaathamaadaauँ 44600, naepaala",27.7189819,85.3089918,4.6,kaathamaadaauँ, trek,,Missing description
1562,tauramaakhaaँda,"tauramaakhaaँda 10700, naepaala",28.933333,81.366667,,naepaala, tourist_attraction,,Missing description
1563,Turmakhad Rural Municipality Achham Nepal,"W9W9+24Q tauramaakhaaँda gaauँpaalaikaa, tauramaakhaaँda 10700, naepaala",28.9450763,81.36787,4.0,tauramaakhaaँda, mosque,,Missing description
1564,Traditional Thangka Paintings Workshop And Gallery,"Taumadhi Tole, bhakatapaura, naepaala",27.6708007,85.4294977,5.0,bhakatapaura, art_gallery,,Missing description
1565,aachaaraya khataraii kaula manadaira,"J82P+8RW, chaapaagaa‌‍‍uँ 44700, naepaala",27.6009384,85.3382077,5.0,chaapaagaa‌‍‍uँ, hindu_temple,,Missing description
1566,chanaaaitae paataii,"PJ75+C36, mahaadaewasathaana manadana 45200, naepaala",27.7135251,85.6076276,4.3,mahaadaewasathaana, historic_site,,Missing description
1567,Thumki Football Ground,"Panauti-11, balathalaii, naepaala",27.5597018,85.5327476,4.0,balathalaii, picnic,,Missing description
1568,baananaigadhaii jayagadha,"baananaigadhaii jayagadha, 10700, naepaala",29.2003096,81.2744956,,10700, park,,Missing description
1569,Madatiya Mosque,"F42M+9W7, Madatiya, Nepal, Madatiya, bhaarata",27.4509016,83.1348472,4.9,Madatiya, mosque,,Missing description
1570,DAK GALLERY,"saaँphaewagara 10700, naepaala",29.2351751,81.2069314,4.0,naepaala, art_gallery,,Missing description
1571,Chandika Devi Temple,"662J+2MV, H18, saaँphaewagara 10700, naepaala",29.2001188,81.2316602,4.5,H18, hindu_temple,,Missing description
1572,Sitganga Jadibuti uddhan,"RQRH+473, laalamataiyaa 22404, naepaala",27.8402719,82.7781732,0.0,laalamataiyaa, park,,Missing description
1573,sailaingakhaaelaa,"VR3J+F88, saidadharaa 32700, naepaala",27.8536573,82.8308298,0.0,saidadharaa, amusement_park,,Missing description
1574,"mausaiibaanga, araghaakhaaँchaii","Q4GP+RJ2, saimalapaanaii 32800, naepaala",27.7770127,83.1365252,4.7,saimalapaanaii, tourist_attraction,,Missing description
1575,Rajiya Mandir,"R399+87Q, thaadaa 32700, naepaala",27.8182971,83.0682601,4.3,thaadaa, museum,,Missing description
1576,Kudan Stupa Site,"G2HR+4F7, kapailawasatau 32800, naepaala",27.5277864,83.0411721,4.7,kapailawasatau, monument,,Missing description
1577,Arichour Picnic Sport,"W3C7+68V, dhanachaaura 32700, naepaala",27.9206042,83.063299,4.7,dhanachaaura, picnic,,Missing description
1578,Chhatradev-2 ward office arghakhanchi,"balakaota 32700, naepaala",27.9722217,83.2537025,5.0,naepaala, art_gallery,,Missing description
1579,Arghakhanchi chhatradev 2 chayandada,"X6JJ+PXX, chayandada, 2, naepaala",27.9818624,83.2324835,0.0,chayandada, art_gallery,,Missing description
1580,Ranipokhari,"X8JQ+CG, haradainaetaa 32600, naepaala",27.9810625,83.3388125,3.7,haradainaetaa, amusement_park,,Missing description
1581,Ancient Nepal Art Gallery,"P875+W9M, pakanaajaola maaraga, 43Kathmandu 44600, naepaala",27.7148281,85.3084387,5.0,pakanaajaola maaraga, art_gallery,,Missing description
1582,Galkot batasedada malm-7,"6CR8+5GP, haraichaaura 33300, naepaala",28.2404718,83.4163226,0.0,haraichaaura, park,,Missing description
1583,ballon festival,"6WJ7+4V, kaasakaiikaota 33700, naepaala",28.2301037,83.9141462,3.0,kaasakaiikaota, amusement_park,,Missing description
1584,Nimata(ban),"7GFP+CP6, paalaa 33300, naepaala",28.2741633,83.5359973,0.0,paalaa, zoo,,Missing description
1585,Rumalbari Picnic Spot,"3FW9+F2P, gawaadhaa 33300, naepaala",28.0962078,83.4675715,0.0,gawaadhaa, picnic,,Missing description
1586,"Barsha Babyland,Gift & Aquarium House","Be.Na.Pa.8, baenaii 33300, naepaala",28.3481111,83.5668779,0.0,baenaii, aquarium,,Missing description
1587,Hill dahare picnic territory,"7HJ4+RF4, paalaa 33300, naepaala",28.2820191,83.5562155,0.0,paalaa, picnic,,Missing description
1588,Shambala Thanka Art,"paokharaa 33700, naepaala",28.2106725,83.9572583,5.0,naepaala, art_gallery,,Missing description
1589,saorabaanga,"954W+3P, khaumgaa 33300, naepaala",28.355202,83.196837,5.0,khaumgaa, trek,,Missing description
1590,Dambu Picnic Spot,"C858+HC, daaँdaaँgaaँuu 33200, naepaala",28.4088944,83.3160813,0.0,daaँdaaँgaaँuu, picnic,,Missing description
1591,New khadka fance stor,"8C66+XFH Bridge, 40m 33300, naepaala",28.3124353,83.411229,0.0,40m, mosque,,Missing description
1592,taaraakhaolaa bahauudadaeshayaiiya sabhaa hala,"7CQF+WM2, aragala 33300, naepaala",28.2900964,83.4231017,5.0,aragala, museum,,Missing description
1593,Upallo nangi upalalao naangagaii,"89F8+43, taaraa gaawaisa 33300, naepaala",28.3227695,83.3652144,5.0,taaraa, picnic,,Missing description
1594,Baglung,"85J6+Q38, baurataibaanga 33300, naepaala",28.3319009,83.1602101,5.0,baurataibaanga, park,,Missing description
1595,"Daneswor Ghimire Memorial Water Tap, Poudi Amarahi","6752+GCF, Daneswor Ghimire Memorial Water Tap, paaudaii amaraahaii 32600, naepaala",28.2088163,83.2510483,5.0,Daneswor Ghimire Memorial Water Tap, amusement_park,,Missing description
1596,Balami Temple (balaamaii kauula manadaira),"66GR+83R, baagalaunga 33300, naepaala",28.2258584,83.2401342,2.3,baagalaunga, hindu_temple,,Missing description
1597,Muchhock Church (Sirdi church Daugter's church),"4MM7+MXP, mauchaoka, naepaala",28.1342226,84.6649553,5.0,mauchaoka, church,,Missing description
1598,Jagganath mandir ganjari baitadi Nepal,"HCFM+49R, dasharathachanada 10200, naepaala",29.57286,80.4333521,4.7,dasharathachanada, hindu_temple,,Missing description
1599,Bailcheura pilal,"JC3X+XG, dasharathachanada 10200, naepaala",29.6044739,80.4485514,0.0,dasharathachanada, trek,,Missing description
1600,Tiger house,"49R4+GC, parashauraama 10300, naepaala",29.1415391,80.3550534,5.0,parashauraama, zoo,,Missing description
1601,HOUSE OF FISHES,"F072, mahaalakashamaii, naepaala",27.6615309,85.3426253,4.1,mahaalakashamaii, aquarium,,Missing description
1602,shaakayamaunai baudadha parataimauuratai,"M8GF+J38, Nyakhachowk - Tapahiti Galli, lalaitapaura 44600, naepaala",27.6765483,85.3227053,4.3,Nyakhachowk - Tapahiti Galli, monument,,Missing description
1603,Haruwaikhali,"CC96+8H7, maelaaulaii 10200, naepaala",29.4189987,80.4120234,0.0,maelaaulaii, trek,,Missing description
1604,"sungadi khada pipal chautari ,Bitkam","JF3R+7V6, nawaalaii 10200, naepaala",29.6031546,80.4921544,5.0,nawaalaii, tourist_attraction,,Missing description
1605,dahataala,"HPJV+6G, baumairaaja 10200, naepaala",29.5805068,80.743869,0.0,baumairaaja, trek,,Missing description
1606,paurachaaudaii,"paurachaaudaii, naepaala",29.5827911,80.7034125,,naepaala, picnic,,Missing description
1607,Bajrabarahi Picnic Spots,"J84H+CPQ Bajrabarahi Community Forest, chaapaagaa‌‍‍uँ 44700, naepaala",27.6048211,85.3296528,2.0,chaapaagaa‌‍‍uँ, picnic,,Missing description
1608,shaigaasa manadaira,"Chuwagadh Baitadi, Seti Hwy, 10200, naepaala",29.448186,80.767585,3.9,Seti Hwy, tourist_attraction,,Missing description
1609,Samigish,"M9CM+7H6, ananatalaingagaeshawara, naepaala",27.6711341,85.3840248,0.0,ananatalaingagaeshawara, aquarium,,Missing description
1610,"Beth-Shalom Maharajgunj Church, Basundhara","P8QM+VHP, kaathamaadaauँ 44600, naepaala",27.739653,85.3339678,5.0,kaathamaadaauँ, church,,Missing description
1611,udayadaewa mahaaraaja mamdaira,"C77P+WX6, panyachaeshawaora 10200, naepaala",29.4147258,80.2873802,5.0,panyachaeshawaora, hindu_temple,,Missing description
1612,daeuraalaii daaँdaa,"353W+JPJ, daaँdaagaauँ 45000, naepaala",28.0540998,85.1967742,4.0,daaँdaagaauँ, tourist_attraction,,Missing description
1613,gadadaii baaithaka,"P834+HMW, kaathamaadaauँ 44600, naepaala",27.7039986,85.3067169,4.4,kaathamaadaauँ, historic_site,,Missing description
1614,Deurali dada(prak),"W3FG+5J, khadaga bhanajayaamga 44900, naepaala",27.9229167,85.0765783,0.0,khadaga, trek,,Missing description
1615,Dolalghat Picnic Beach,"JPV4+WG2, daolaalaghaata 45215, naepaala",27.6447627,85.7062708,4.4,daolaalaghaata, picnic,,Missing description
1616,jaeshatha naagaraika paipala chaautaaraa,"G5VQ+8QV, jayapaृthawaii 10500, naepaala",29.5433615,81.1894282,3.3,jayapaृthawaii, park,,Missing description
1617,bhaृkautaii phana paaraka Bhrikuti Fun Park,"P829+RV9, Red Cross Marg, kaathamaadaauँ 44600, naepaala",27.7016993,85.3197267,3.3,Red Cross Marg, amusement_park,,Missing description
1618,Church,"H652+GM3, jayapaृthawaii 10500, naepaala",29.5587599,81.2016749,2.5,jayapaृthawaii, church,,Missing description
1619,jayapaृthawaii,"jayapaृthawaii 10500, naepaala",29.5193488,81.1857736,,naepaala, tourist_attraction,,Missing description
1620,aara jae phaotao sataudaiyao enada sataesanaraii,"FXCW+PWM, F49, bhaairabanaatha 10500, naepaala",29.4718238,80.9973033,5.0,F49, art_gallery,,Missing description
1621,jayapaृthawaii epha.ema ९६.३ maegaaharaja bajhaanga,"jayapaृthawaii 10500, naepaala",29.5506636,81.1979921,5.0,naepaala, monument,,Missing description
1622,Jayaprithivi Municipality,"Chainpur-10, naepaala",29.5433607,81.1901292,4.7,naepaala, monument,,Missing description
1623,shauraesha baoharaa house.naiwaasa laisanapauura taola bhaaraabhaida bajhaanga,"GQWF+VWH, 10500, naepaala",29.547193,80.7748747,5.0,10500, park,,Missing description
1624,"Bungal, bajhang","HV45+GWG, 10500, naepaala",29.5563036,80.8598296,0.0,10500, church,,Missing description
1625,Baddi Jyawan,"10500, naepaala",29.6601246,80.8761764,5.0,naepaala, hindu_temple,,Missing description
1626,baumgala,"baumgala, 10500, naepaala",29.6345956,80.938893,,10500, historic_site,,Missing description
1627,Bungal Municipality( baumgala nagarapaalaikaa),"JV57+C76, daeulaiikaota 10500, naepaala",29.6085357,80.8631374,3.9,daeulaiikaota, trek,,Missing description
1628,gaurajaebhanyajayaangaga,"Bidur-Tokha Road, 44900, naepaala",27.8135955,85.3157258,4.3,44900, hike,,Missing description
1629,bajhaanga,"bajhaanga, naepaala",29.776669,81.2518833,,naepaala, park,,Missing description
1630,Jayanti Falls Dantola Talkot jayanataii jharanaa daataolaa talakaota,"J85X+6RP, danataolaa 10500, naepaala",29.6080999,81.3495816,5.0,danataolaa, amusement_park,,Missing description
1631,Purna Sthapana A.G. Mandali (paurana sathaapanaa Eastjaii. manadalaii),"Ward Number 5, Bhaktapur, Talkot 10500, naepaala",29.6070124,81.3216028,5.0,Bhaktapur, church,,Missing description
1632,Bhedi goth Sotapatan,"9GWF+9X, badaiimaalaikaa 10600, naepaala",29.3959241,81.5249109,0.0,badaiimaalaikaa, zoo,,Missing description
1633,talakaota,"talakaota, naepaala",29.6071758,81.3195059,,naepaala, monument,,Missing description
1634,Gyan BDR Singh Memorial Library,"H656+644, jayapaृthawaii 10500, naepaala",29.5584985,81.209583,5.0,jayapaृthawaii, monument,,Missing description
1635,Talkot,"J88C+XPC, Talkot 10500, naepaala",29.61743,81.321777,4.5,Talkot, trek,,Missing description
1636,bhaृkautaii manadapa paaraka,"P829+GF6, paradarashanaii maaraga, kaathamaadaauँ 44600, naepaala",27.701292,85.3186434,3.9,paradarashanaii maaraga, park,,Missing description
1637,Bapyu Dada,"JFC7+CPF, saaँgaa 45200, naepaala",27.621059,85.46429,0.0,saaँgaa, tourist_attraction,,Missing description
1638,mashataa,"mashataa, naepaala",29.5457894,81.264707,,naepaala, trek,,Missing description
1639,Lugada-6 Bajhang,"J88C+XPC, Talkot 10500, naepaala",29.61743,81.321777,0.0,Talkot, trek,,Missing description
1640,Duner Temple Vatagau,"Bajhang, chhanna bhatgau word no 5, naepaala",29.442372,81.1693458,5.0,chhanna, hindu_temple,,Missing description
1641,Yashimansh rokaya brothers property,"F37P+85, kaoiraalaakaota 10500, naepaala",29.4633392,81.0853974,5.0,kaoiraalaakaota, park,,Missing description
1642,thalaaraa,"thalaaraa, naepaala",29.4592704,81.0576012,,naepaala, tourist_attraction,,Missing description
1643,Banawali bhagawati mandir ( bhattas and bohara) tample,"Thalara 1, dhadegada, naepaala",29.4319864,80.9270009,5.0,dhadegada, hindu_temple,,Missing description
1644,baipairaa jamgala,"F38Q+27, kaoiraalaakaota 10500, naepaala",29.4650594,81.0881892,5.0,kaoiraalaakaota, trek,,Missing description
1645,Sudhi Khola,"F2M7+86P, F49, bhaairabanaatha 10500, naepaala",29.4833287,81.0130787,5.0,F49, hike,,Missing description
1646,Lalitpur Binay Church (Main Gate),"J8RC+F4H, Chibahal Dolahiti Marg, lalaitapaura 44700, naepaala",27.6411952,85.3203564,0.0,Chibahal Dolahiti Marg, church,,Missing description
1647,Bitthad Valley,"GQW4+V84, 10500, naepaala",29.5471393,80.7558283,4.4,10500, tourist_attraction,,Missing description
1648,Sri Bhagawati temple (mada),"10500, naepaala",29.5215708,80.8320381,3.3,naepaala, hindu_temple,,Missing description
1649,Surma bajhang,"M329+2X5, sauramaa 10500, naepaala",29.65,81.07,4.2,sauramaa, park,,Missing description
1650,sauramaa,"sauramaa 10500, naepaala",29.65,81.07,,naepaala, tourist_attraction,,Missing description
1651,"Daulichaur 01,Surma Bajhang","J4J5+285, jayapaृthawaii 10500, naepaala",29.6300125,81.1083594,0.0,jayapaृthawaii, tourist_attraction,,Missing description
1652,Surma Devi Temple,"J3VH+58C, sauramaa 10500, naepaala",29.6429465,81.0782671,4.2,sauramaa, hindu_temple,,Missing description
1653,mauribagar bazzar,"F2RQ+HFG, chaaudhaaraii 10500, naepaala",29.4914368,81.0387075,5.0,chaaudhaaraii, park,,Missing description
1654,chhabaisapaathaibhaeraa,"chhabaisapaathaibhaeraa, 10500, naepaala",29.5619272,81.0544855,,10500, tourist_attraction,,Missing description
1655,Kalika Devi Mandir Juji Bajhang,"F2XV+PVP, F49, chaaudhaaraii 10500, naepaala",29.4993393,81.0446884,4.3,F49, hindu_temple,,Missing description
1656,baalabaalaikaakao manaoranyajana paaraka,"P829+CVJ, paradarashanaii maaraga, kaathamaadaauँ 44600, naepaala",27.7010756,85.3196435,4.0,paradarashanaii maaraga, amusement_park,,Missing description
1657,dauragaathalaii,"dauragaathalaii, 10500, naepaala",29.485517,81.0504191,,10500, tourist_attraction,,Missing description
1658,Durgathali,"F3P2+653, chaaudhaaraii 10500, naepaala",29.485517,81.0504191,0.0,chaaudhaaraii, monument,,Missing description
1659,Shiva park,"GM38+PWH, Kolti - Pandusen Rd, kaolataii 10600, naepaala",29.5040698,81.6676376,0.0,Kolti - Pandusen Rd, park,,Missing description
1660,Preritiya Jiwanko Roti Mandali (Church of Apostolic life of Bread),"GM3J+RCF, 10600, naepaala",29.5045517,81.6810587,0.0,10600, church,,Missing description
1661,Buddhinanda tal (nejar),"JHX4+C2, kaolataii 10600, naepaala",29.6485004,81.5550669,3.3,kaolataii, tourist_attraction,,Missing description
1662,Masgid-e-Bilal,"FMR9+Q5X, kaotailaa 10600, naepaala",29.490791,81.6682914,0.0,kaotailaa, mosque,,Missing description
1663,badaimaalaikaa,"GJ2V+FGJ, kaolataii 10600, naepaala",29.5012078,81.6437802,4.5,kaolataii, mosque,,Missing description
1664,baudhaiinanadaa,"baudhaiinanadaa, 10600, naepaala",29.5042137,81.6709156,,10600, historic_site,,Missing description
1665,Mandan deupur 04 sarbhajang,"PH5G+3CG, nayaaँgaauँ daeupaura 45200, naepaala",27.7076773,85.576066,5.0,nayaaँgaauँ, picnic,,Missing description
1666,Jhini bajura,"GPFX+4F8, baamdhau 10600, naepaala",29.5227883,81.748713,0.0,baamdhau, hike,,Missing description
1667,taraibhauwana paaraka,"H02, chanadaraagairaii 44600, naepaala",27.689954,85.220857,4.0,chanadaraagairaii, park,,Missing description
1668,Jiyajor belivers church,"4J5V+MCQ, laalabanadaii 45800, naepaala",27.1092427,85.6436046,3.5,laalabanadaii, church,,Missing description
1669,badaimaalaikaa jaanae baatao (way to badimalika Bajura),"984M+MG4, Bamka 10600, naepaala",29.357489,81.3340341,4.5,Bamka, tourist_attraction,,Missing description
1670,DEV ART GALLERY,"Manamaiju, napi, taarakaeshawara 44600, naepaala",27.7486017,85.3139557,5.0,napi, art_gallery,,Missing description
1671,"Seralwada villege, bajura barabhis (saeraalawaada़a)","87JR+JF, baaharabaisa 10600, naepaala",29.331507,81.291139,3.7,baaharabaisa, hike,,Missing description
1672,Budhiganga municipality 10 Selapakha Bajura,"Budhiganga municipality 10, selapakha, naepaala",29.4200763,81.4278984,0.0,selapakha, park,,Missing description
1673,baudhaiigamgaa,"baudhaiigamgaa 10600, naepaala",29.39,81.48,,naepaala, tourist_attraction,,Missing description
1674,Bisarbhora duga toll nepal jama mosque,"P48M+V56, baisarabhaoraa 45600, naepaala",26.717125,86.1328697,0.0,baisarabhaoraa, mosque,,Missing description
1675,bajarayaogainaii manadaira,"PFV8+CVH, kaagaeshawaraii manaoharaa 44600, naepaala",27.7435501,85.4672361,4.7,kaagaeshawaraii, hindu_temple,,Missing description
1676,Pradhan Senapati Badabir Statue,"QF2W+PR, shangakharaapaura 44600, naepaala",27.7518178,85.4970723,4.0,shangakharaapaura, monument,,Missing description
1677,Bhyagute Khola,"J7F2+R3P, dakashainakaalaii 44600, naepaala",27.6245833,85.250192,0.0,dakashainakaalaii, historic_site,,Missing description
1678,Bhagaban Thumko,"H8JC+MM, chaapaagaa‌‍‍uँ 44700, naepaala",27.5817305,85.3217039,5.0,chaapaagaa‌‍‍uँ, hike,,Missing description
1679,baajauraa maaratadaii,"CCCH+25J, badaiimaalaikaa 10600, naepaala",29.4200763,81.4278984,5.0,badaiimaalaikaa, park,,Missing description
1680,Church of Lords's Grace - II,"FG5C+X8V, badaiimaalaikaa 10600, naepaala",29.4599996,81.5207945,5.0,badaiimaalaikaa, church,,Missing description
1681,Jiulekhi Mashta Griha Bhandar sharaii jaiulaekhaii mashataa gaृha bhanadaara tathaa chataurasaala,"98V6+973, Bajura 10600, naepaala",29.3933652,81.3106642,5.0,Bajura, hindu_temple,,Missing description
1682,Nepalgram Adventure,"kaathamaadaauँ 44600, naepaala",27.7256467,85.3425996,5.0,naepaala, trek,,Missing description
1683,Gumba - The Last Village Of Bajura,"MM2M+284, baichachhayaa 10600, naepaala",29.65,81.683333,0.0,baichachhayaa, hike,,Missing description
1684,Deora,"Deora, kaailaashamaadaauँ 21300, naepaala",29.3533333,81.5533333,3.8,kaailaashamaadaauँ, park,,Missing description
1685,Bethlehem AG Church,"9MWM+RH5, gaotaraii 10600, naepaala",29.3970184,81.6839754,5.0,gaotaraii, church,,Missing description
1686,Pandav Gufa Fields,"9XQJ+WR7, Unnamed Road, dhaapaa 21200, naepaala",29.3897783,81.9820615,4.0,Unnamed Road, tourist_attraction,,Missing description
1687,gauphaa taakauraa bhayau paoinata,"MFRR+CGQ, mahaamanyajausharaii nagarakaota, naepaala",27.691097,85.491364,5.0,mahaamanyajausharaii nagarakaota, trek,,Missing description
1688,Way to Patal gufa,"QFPV+Q7G, bhaotaechaaura, naepaala",27.7869301,85.493196,4.0,bhaotaechaaura, hike,,Missing description
1689,maajha laekha,"9QHQ+H5, dhaolaagaohae 21300, naepaala",29.3789094,81.7879752,0.0,dhaolaagaohae, park,,Missing description
1690,New Hope Susamachar Church Dhamena,"Talkot-2, dhamaenaa, naepaala",29.5042265,81.7933027,5.0,dhamaenaa, church,,Missing description
1691,Bajura nepal,"FP4M+X2W, 10600, naepaala",29.4574774,81.7325746,4.0,10600, tourist_attraction,,Missing description
1692,khunka daha,"FQ68+R4M, Jukot 10600, naepaala",29.4620797,81.7652883,5.0,Jukot, museum,,Missing description
1693,dhauraichhadaa jharanaa,"9845+9V9, Bajura 10600, naepaala",29.355909,81.3097231,0.0,Bajura, tourist_attraction,,Missing description
1694,"Jame Masjid , Inaruwa-7, Chandbela","Hatiya Line, chaaँdawaelaa 56709, naepaala",26.6182358,87.2250646,5.0,chaaँdawaelaa, mosque,,Missing description
1695,paanadae naiwaasa (Krrishpande ),"CCCH+25J, Bajura 10600, naepaala",29.4200763,81.4278984,0.0,Bajura, hindu_temple,,Missing description
1696,Khaptad Chhededaha Rural Municipality 6 maitola,"daogada़ii 10600, naepaala",29.4206557,81.2852367,3.7,naepaala, monument,,Missing description
1697,khapatada chhaedaedaha,"khapatada chhaedaedaha, naepaala",29.4227006,81.2851789,,naepaala, historic_site,,Missing description
1698,Bulu Park,"chaapaagaa‌‍‍uँ 44700, naepaala",27.6011061,85.3265959,4.1,naepaala, park,,Missing description
1699,Oracle Key Ministry-Zera-Bajura,"10600, naepaala",29.4928758,81.7578738,0.0,naepaala, church,,Missing description
1700,iirakhau chaaukaii maoda,"QMHV+F6, chaautaaraa 45306, naepaala",27.7475348,85.7493518,4.0,chaautaaraa, tourist_attraction,,Missing description
1701,Jame Masjid Inarwari,"V6JJ+GJ9 Bazar, Inarwari 44500, naepaala",26.8812818,85.2316672,5.0,Inarwari, mosque,,Missing description
1702,Gairi Pipal,"J46P+QJP, Kawaswati 33000, naepaala",27.6111592,84.1366267,0.0,Kawaswati, historic_site,,Missing description
1703,Ulleri Gaun Raykhor,"FGC4+5X, paakhaapaanaii 33200, naepaala",28.4704265,83.5074026,5.0,paakhaapaanaii, historic_site,,Missing description
1704,jagananaatha,"jagananaatha 10600, naepaala",29.4530495,81.6747295,,naepaala, park,,Missing description
1705,jalajaiiwaalaya aara,"P9C7+4PW, baaudadha sadaka, kaathamaadaauँ 44600, naepaala",27.7203738,85.3643187,4.2,baaudadha sadaka, aquarium,,Missing description
1706,bhatatakaa dhaaraa,"FP3G+9H8, jagananaatha 10600, naepaala",29.4534127,81.7264594,0.0,jagananaatha, historic_site,,Missing description
1707,Nepalgunj City Church Nepal,"3JC9+97F, H 12, naepaalaganyaja 21900, naepaala",28.070916,81.6181887,5.0,H, church,,Missing description
1708,Shyamanand art and craft museums,"2JXC+6W4, naepaalaganyaja 21900, naepaala",28.0480085,81.6223289,4.0,naepaalaganyaja, museum,,Missing description
1709,Nepa Aquarium & Pets,"3J8H+8GQ QFX Compound, New Rd, naepaalaganyaja 00977, naepaala",28.0658293,81.6288623,4.0,New Rd, aquarium,,Missing description
1710,amana paalatau janaawara ghara ra taraedaimga,"3JFM+648, naepaalaganyaja 21900, naepaala",28.0730452,81.6328352,3.9,naepaalaganyaja, aquarium,,Missing description
1711,Nepalgunj,"3JQQ+4R3, Bhirkuti nagar, naepaalaganyaja 21900, naepaala",28.0878224,81.6394557,4.4,Bhirkuti nagar, hindu_temple,,Missing description
1712,Birendra Statue,"3J8G+PGR, Birendra Chowk, naepaalaganyaja 21900, naepaala",28.0668747,81.6262739,4.7,Birendra Chowk, monument,,Missing description
1713,wai.pai. chaaeka (B.P. Chowk),"3J69+7P3, Unnamed Road, naepaalaganyaja 21900, naepaala",28.060631,81.619299,4.1,Unnamed Road, historic_site,,Missing description
1714,Kanti Tal (Puraini Talau/Lake),"3M63+7GM, naepaalaganyaja 21900, naepaala",28.0607002,81.6538044,4.2,naepaalaganyaja, hike,,Missing description
1715,"Kohalpur Park, Kohalpur 2","6M2H+HF5, mahaenadara raajamaaraga, kaohalapaura 21904, naepaala",28.202557,81.6794319,4.5,mahaenadara raajamaaraga, park,,Missing description
1716,Kohalpur Community Church,"5MVP+9JC, Ntv Road, kaohalapaura 21904, naepaala",28.1934294,81.6865529,4.8,Ntv Road, church,,Missing description
1717,Kohalpur Chowk,"5MWR+456, H 12, kaohalapaura 21904, naepaala",28.1987699,81.690946,4.1,H, tourist_attraction,,Missing description
1718,Noori Jama Mosque,"5MP3+J42, kaohalapaura 21904, naepaala",28.1869824,81.6529844,1.0,kaohalapaura, mosque,,Missing description
1719,Aquarium Kohalpur,"5MQP+VCH, kaohalapaura 21904, naepaala",28.189694,81.6860763,5.0,kaohalapaura, aquarium,,Missing description
1720,Shiva Mandir (shaiwa manadaira ),"5MRH+3V9, kaohalapaura 21904, naepaala",28.1901687,81.6797364,4.6,kaohalapaura, hindu_temple,,Missing description
1721,Maitahawa chock,"6M59+VQV, kaohalapaura 21904, naepaala",28.2097306,81.6694118,0.0,kaohalapaura, trek,,Missing description
1722,Khadkawar Picnic Spot,"6P67+P67, kaohalapaura 21904, naepaala",28.2117883,81.7130522,5.0,kaohalapaura, picnic,,Missing description
1723,Banke National Park Khadgawar Hattisar,"6PMH+652, Unnamed Road, kaohalapaura 21904, naepaala",28.233003,81.727894,4.1,Unnamed Road, hike,,Missing description
1724,Simpani Park,"45500, bhaimaeshawara nagarapaalaikaa, naepaala",27.669723,86.0449926,4.1,bhaimaeshawara nagarapaalaikaa, park,,Missing description
1725,naraainaapaura,"naraainaapaura 21900, naepaala",27.93,81.86,,naepaala, tourist_attraction,,Missing description
1726,QAYYUM KHAN,"2MHX+8F7, naepaalaganyaja 21900, naepaala",28.0282929,81.6986566,4.0,naepaalaganyaja, museum,,Missing description
1727,Picnic Farm & Resort,"PGP3+R3 Shankharapur, Kathmandu 44600, naepaala",27.7370625,85.5026875,4.0,Kathmandu, picnic,,Missing description
1728,Shoreeenewas,"MFXM+R2P, Saraswatisthan Rd, mahaamanyajausharaii nagarakaota 44804, naepaala",27.6995786,85.4825689,5.0,Saraswatisthan Rd, hike,,Missing description
1729,amaelaiiyaa chaoka,"X6C6+GG, satabaraiyaa 22400, naepaala",27.9714678,82.2113666,5.0,satabaraiyaa, park,,Missing description
1730,raapataii saonaaraii,"raapataii saonaaraii, naepaala",28.0577911,81.9059636,,naepaala, tourist_attraction,,Missing description
1731,Jafri Masjid Jafar Purwa Banke,"Unnamed Road, 21900, naepaala",28.0225028,81.6991564,5.0,21900, mosque,,Missing description
1732,Prayash Bangur Farm,"2CXW+C8M, ghaoraahaii 22400, naepaala",28.0485945,82.4458111,0.0,ghaoraahaii, zoo,,Missing description
1733,paokharaathaana manadaira pokhrathan mandir,"XQHH+V76, 21900, naepaala",27.9796528,81.7781466,5.0,21900, hindu_temple,,Missing description
1734,naepaala taraekainga kamapanaii paraa laimaitaeda,"Chhetrapati Chowk, pakanaajaola maaraga, kaathamaadaauँ 44600, naepaala",27.7113238,85.3085351,4.7,pakanaajaola maaraga, trek,,Missing description
1735,Dhakeri Picnic Spot,"4QW8+XRQ, mahaenadara raajamaaraga, mahaadaewapauraii 21900, naepaala",28.1474581,81.7670992,3.6,mahaenadara raajamaaraga, picnic,,Missing description
1736,Delhi Pahiro,"32PW+W8, panyachakaulae 21900, naepaala",28.0873422,82.0458007,0.0,panyachakaulae, hike,,Missing description
1737,Baijanath Vatika baaijanaatha waataikaa,"5J88+682, 21915, naepaala",28.1655187,81.6157596,3.8,21915, park,,Missing description
1738,"Salvation Church, Baijanath","6MGF+X6, kaohalapaura 21904, naepaala",28.2271822,81.6736091,5.0,kaohalapaura, church,,Missing description
1739,Banke,"6HHR+P7, baaँsagadhaii 21904, naepaala",28.2293734,81.5905984,3.8,baaँsagadhaii, tourist_attraction,,Missing description
1740,"Hayaat Jama Masjid(hayaata jaamaa masajaida)khajura-8,Ghiya Street","5H6R+7FR, raanaiyaapaura 21900, naepaala",28.1602386,81.5906459,5.0,raanaiyaapaura, mosque,,Missing description
1741,NB Aquarium House,"M9Q8+549, TOWN PLANNING, OLD, kaathamaadaauँ 44600, naepaala",27.6879155,85.3653744,4.6,TOWN PLANNING, aquarium,,Missing description
1742,Khajura Minipark And Restro.,"Gulariya - Nepalganj Hwy, 21900, naepaala",28.1259459,81.5798493,4.0,21900, park,,Missing description
1743,"Victory AG Church, Khajura","21900, naepaala",28.1223464,81.5746497,5.0,naepaala, church,,Missing description
1744,Dharmaraj,"Khajura 2 , 21900, naepaala",28.0807101,81.5446376,4.5,21900, hindu_temple,,Missing description
1745,Pulchok Khajur Banke,"3HQ3+J4J, 21900, naepaala",28.0890796,81.5527535,0.0,21900, monument,,Missing description
1746,Khajura Rural Municipality,"4HCP+57G, 21900, naepaala",28.1204333,81.5857169,5.0,21900, historic_site,,Missing description
1747,Khajura Computer Education Center Banke ( khajauraa baaँkae ),"21900, naepaala",28.1257048,81.574688,4.2,naepaala, trek,,Missing description
1748,FGT Church Nepalgunj,"3JCP+HCR, naepaalaganyaja 21900, naepaala",28.071482,81.6359961,4.6,naepaalaganyaja, church,,Missing description
1749,daudauwaa,"daudauwaa, naepaala",28.0198604,81.6947513,,naepaala, tourist_attraction,,Missing description
1750,BADI HALBALDOLI MASJID,"HALBALDOLI, DUDUWA 3, naepaala",28.0315856,81.7012795,5.0,DUDUWA, mosque,,Missing description
1751,Mahakal mandir,"2JCX+V3Q, hairamaiinaiyaa 21900, naepaala",28.0222176,81.6477356,4.5,hairamaiinaiyaa, hike,,Missing description
1752,New Life Gospel Church,"MP86+G55, damaka 57217, naepaala",26.6662267,87.7105252,5.0,damaka, church,,Missing description
1753,Janaki Batika,"PWJG+3MJ, Janaki Mandir Marg, janakapaura 45600, naepaala",26.7302052,85.9266526,4.1,Janaki Mandir Marg, tourist_attraction,,Missing description
1754,barakaataii masajaida جامع مسجد جنکپور,"PWHG+X28, jaanakaii mamdaira maaraga, janakapaura 45600, naepaala",26.7299182,85.9250849,5.0,jaanakaii mamdaira maaraga, mosque,,Missing description
1755,Ram Janaki Temple,"5MXR+QG4, kaohalapaura 21904, naepaala",28.1993958,81.6913295,4.6,kaohalapaura, hindu_temple,,Missing description
1756,sharaii raama jaanakaii waiwaaha manadapa,"PWJF+9XQ, janakapaura 45600, naepaala",26.7308986,85.9249777,4.6,janakapaura, monument,,Missing description
1757,jaanakaii manadaira,"Janaki chok, janakapaura 45600, naepaala",26.7303858,85.9255589,4.6,janakapaura, historic_site,,Missing description
1758,Kakhbari,"JFQ3+57, saurayawainaayaka, naepaala",27.637913,85.453231,3.5,saurayawainaayaka, hike,,Missing description
1759,saraowara,"2X3M+VP, kalaaiyaa 44400, naepaala",27.0050335,84.9847057,4.0,kalaaiyaa, park,,Missing description
1760,Kalaiya calvary church,"2XJW+8RR, kalaaiyaa 44400, naepaala",27.0301206,84.9971654,3.7,kalaaiyaa, church,,Missing description
1761,Kalaiya,"22J5+W4J, kalaaiyaa 44400, naepaala",27.0323339,85.0077526,0.0,kalaaiyaa, church,,Missing description
1762,kalaaiyaa,"kalaaiyaa 44400, naepaala",27.0323339,85.0077526,,naepaala, tourist_attraction,,Missing description
1763,Bhawanipur Jame Masjid,"22R2+V2J, kalaaiyaa 44400, naepaala",27.0422435,85.0000342,4.4,kalaaiyaa, mosque,,Missing description
1764,Belpati Temple,"22H2+9X8, kalaaiyaa 44400, naepaala",27.0284191,85.0024377,4.6,kalaaiyaa, hindu_temple,,Missing description
1765,kalaaiyaa ghanataaghara,"kalaaiyaa 44400, naepaala",27.0324722,85.0027217,4.0,naepaala, monument,,Missing description
1766,baraaii chaautaaraa,"QWWP+92J, paidaa 45100, naepaala",27.7959543,84.9350064,5.0,paidaa, historic_site,,Missing description
1767,Kalapatthar Trekking Store,"saata ghaumataii maaraga 3, kaathamaadaauँ 44600, naepaala",27.7156609,85.3100099,4.1,kaathamaadaauँ, trek,,Missing description
1768,Bharat Chowk,"bairagamja-kalaaiyaa raoda, kalaaiyaa 44400, naepaala",27.0322498,85.0026745,4.0,kalaaiyaa, hike,,Missing description
1769,"Brindaban, Jitpur Simara","4254+4JH, inarawaasairaa 44400, naepaala",27.1078156,85.0066193,0.0,inarawaasairaa, tourist_attraction,,Missing description
1770,Jeetpur Mosque,"gadhaiimaaii 44400, naepaala",27.1307091,84.9563471,5.0,naepaala, mosque,,Missing description
1771,Dipak house,"W446+PM6, saimaraaunagadha 44400, naepaala",26.9067822,85.1116264,0.0,saimaraaunagadha, zoo,,Missing description
1772,Prestige Art Gallery,"2VGM+VWJ, waiiraganyaja 44300, naepaala",27.0272014,84.884773,0.0,waiiraganyaja, art_gallery,,Missing description
1773,Simara Thani Mai Temple,"5X9H+RR7, gadhaiimaaii 44400, naepaala",27.169894,84.9797041,4.3,gadhaiimaaii, hindu_temple,,Missing description
1774,baudadha chaoka,"haetaaudaa 44107, naepaala",27.4309782,85.0319392,4.3,naepaala, monument,,Missing description
1775,jaiitapaura saimaraa,"jaiitapaura saimaraa, naepaala",27.166499,84.9792233,,naepaala, historic_site,,Missing description
1776,raadhaakaृshana paikanaika paaraka,"44400, gadhaiimaaii, naepaala",27.1698108,84.969922,3.9,gadhaiimaaii, picnic,,Missing description
1777,paaraka,"33RR+WMQ, haraaiyaa 44400, naepaala",27.0929604,85.0921788,5.0,haraaiyaa, park,,Missing description
1778,"Kolhabi Pani Tanki,Kolhabi","35FH+6JM, kaolahawaii 44400, naepaala",27.0730875,85.1790469,0.0,kaolahawaii, tourist_attraction,,Missing description
1779,Masjid Mosque,"343H+WX4, 44400, naepaala",27.0547681,85.1300124,0.0,44400, mosque,,Missing description
1780,Bhim Sakhuwa ( bhaima sakhauwaa ),"45QF+9MQ, Road, kaolahawaii 44400, naepaala",27.1384551,85.1742369,4.8,Road, museum,,Missing description
1781,Kolhabi Temple,"35FF+GPW, kaolahawaii 44400, naepaala",27.0738581,85.1743334,4.0,kaolahawaii, hindu_temple,,Missing description
1782,gadhaiimaaii manadaira,"mahaagadhaiimaaii 44405, naepaala",26.9934073,85.047285,4.5,naepaala, monument,,Missing description
1783,"Jamuni River Camping Site,Kolhabi,Bara","35Q8+C2J, kaolahawaii 44400, naepaala",27.0885773,85.1650299,5.0,kaolahawaii, hike,,Missing description
1784,Nijgadh pani tanki,"652Q+XM9, naijagadha 44401, naepaala",27.2029309,85.1887212,4.5,naijagadha, park,,Missing description
1785,Nijgadh Christian church,"55JQ+CH7, naijagadha 44401, naepaala",27.1810998,85.1888678,5.0,naijagadha, church,,Missing description
1786,Riverside Picnic Spot Nijgadh Bara,"65XG+9CR, naijagadha 44401, naepaala",27.2484809,85.1760139,3.4,naijagadha, tourist_attraction,,Missing description
1787,Gulshan East Madina Masjid,"55HJ+W6V, Shanti Tole Rd, naijagadha 44401, naepaala",27.1798724,85.1805417,4.3,Shanti Tole Rd, mosque,,Missing description
1788,Nijgadh,"naijagadha 44401, naepaala",27.2066797,85.1271907,4.3,naepaala, museum,,Missing description
1789,Shoreee Krishna Pranami Mandir,"Aananda Bhumi, Nijgadh - 8 00977, naepaala",27.1811197,85.1855895,4.2,Nijgadh, hindu_temple,,Missing description
1790,Nijgadh bara nepal,"Sahid Chock Nijgadh, Bazar, naepaala",27.1807157,85.1787682,4.1,Bazar, trek,,Missing description
1791,taamaagadhai gaeta,"55J8+244, AH2, naijagadha 44401, naepaala",27.1800102,85.165337,4.2,AH2, hike,,Missing description
1792,Charmohharam pul Faruk,"W3C7+X7V, haradaiyaa 44400, naepaala",26.9224965,85.0631636,5.0,haradaiyaa, park,,Missing description
1793,Betauna masjid,"Mahagadhimai ,betauna 8, naepaala",26.970327,85.0893745,3.1,betauna, mosque,,Missing description
1794,Rampati Devi Samadhi,"X228+M7R, paiparaadhai gaotha 44400, naepaala",26.9517711,85.0156587,0.0,paiparaadhai, museum,,Missing description
1795,maohaoraii paikakanaika sapaorata Mohori Picnic Ground,"65WG+R3F, naijagadha 44401, naepaala",27.2470505,85.1751799,4.1,naijagadha, picnic,,Missing description
1796,Sagar,"X3Q3+4MM, mahaagadhaiimaaii 44400, naepaala",26.9874551,85.0541672,0.0,mahaagadhaiimaaii, hike,,Missing description
1797,Raniwas Picnic Park,"V4R7+4M4, saimaraaunagadha 44400, naepaala",26.89007,85.114632,5.0,saimaraaunagadha, park,,Missing description
1798,jamaunaii nahara,"X4RM+7Q9, khaopawaa 44400, naepaala",26.9906544,85.1344976,0.0,khaopawaa, amusement_park,,Missing description
1799,Raniwash Darbar,"V4Q7+PV7, saimaraaunagadha 44400, naepaala",26.8892986,85.1146741,4.4,saimaraaunagadha, church,,Missing description
1800,Jame Masjid,"M6J3+R27, sairaahaa 56500, naepaala",26.6820863,86.2025387,5.0,sairaahaa, mosque,,Missing description
1801,kamkaalaii manadaira,"V4PJ+WQ4, saimaraaunagadha 44400, naepaala",26.8872763,85.1319057,4.5,saimaraaunagadha, hindu_temple,,Missing description
1802,Believers Eastern Church mallikpur raghopur vaishali,"H834+Q8J, Rampur Road, Mallikpur, Chauradano, Bihar 844508, bhaarata",26.8473958,85.0103032,5.0,Rampur Road, church,,Missing description
1803,pacharaautaa,"pacharaautaa, naepaala",26.8873852,85.0714328,,naepaala, tourist_attraction,,Missing description
1804,Jamme Masjid Pakadiya Chikani,"V3F5+2Q8, pakadaiyaa chaikanaii 44400, naepaala",26.8725405,85.0594381,4.7,pakadaiyaa, mosque,,Missing description
1805,Pachagachiya Temple,"V2RX+HM6, haradaiyaa 44400, naepaala",26.8914388,85.0491441,3.7,haradaiyaa, hindu_temple,,Missing description
1806,Bichli Pokhara (Yadav Tolla) Bankatwa,"R3P7+574, baihaara, bhaarata",26.8353994,85.0631908,5.0,baihaara, hike,,Missing description
1807,Sunil.Sah.Triveni,"2W8H+42H, phaetaa 44400, naepaala",27.0153069,84.9276249,4.2,phaetaa, park,,Missing description
1808,Bethel Community Church,"33RF+G4W, haraaiyaa 44400, naepaala",27.0913465,85.0728454,5.0,haraaiyaa, church,,Missing description
1809,Pheta Masjid,"2W2X+4G7, phaetaa 44400, naepaala",27.0002864,84.9487884,4.5,phaetaa, mosque,,Missing description
1810,Ashokbatika Cemetery,"2V9F+34H, waiiraganyaja 44300, naepaala",27.01773,84.8729058,0.0,waiiraganyaja, museum,,Missing description
1811,parabhau shaiwa manadaira [echaema],"2X22+VFH, phaetaa 44400, naepaala",27.0021052,84.9512073,4.3,phaetaa, hindu_temple,,Missing description
1812,Bishrampur Park,"XVRW+73W, waisharaamapaura 44400, naepaala",26.9907397,84.8952017,0.0,waisharaamapaura, park,,Missing description
1813,Koinonia Church,"2V2G+VH2, waiiraganyaja 44300, naepaala",27.0021282,84.8764976,4.1,waiiraganyaja, church,,Missing description
1814,waisharaamapaura,"waisharaamapaura, naepaala",26.9841212,84.890664,,naepaala, tourist_attraction,,Missing description
1815,Full Baari Garden jhabaraha,"5WFH+XPF, Unnamed Road, baelawaa parasaaunaii 44300, naepaala",27.1749384,84.9292939,0.0,Unnamed Road, tourist_attraction,,Missing description
1816,Bishrampur jama masjid khudiyatola,"XVJM+6GW, waisharaamapaura, naepaala",26.9806045,84.8838321,5.0,waisharaamapaura, mosque,,Missing description
1817,Itumbaha Museum,"P845+M6M, kaathamaadaauँ 44600, naepaala",27.7066493,85.3080452,4.3,kaathamaadaauँ, museum,,Missing description
1818,"Shiva Temple Bishrampur(shaiwa manadaira, baisharaamapaura)","baisharaamapaura 44500, naepaala",27.007523,85.362874,3.3,naepaala, hindu_temple,,Missing description
1819,Musharwa,"XVHQ+2JG, waisharaamapaura, naepaala",26.9775431,84.8891097,4.0,waisharaamapaura, historic_site,,Missing description
1820,Gol Park,"59V2+6R9, gaularaiyaa 21800, naepaala",28.1930462,81.3521126,4.4,gaularaiyaa, park,,Missing description
1821,Shanti niwas AG church,"6962+2MF, gaularaiyaa 21800, naepaala",28.2100868,81.3516914,5.0,gaularaiyaa, church,,Missing description
1822,Gulariya Bardiya,"685Q+9VJ, Gulariya 7, gaularaiyaa, naepaala",28.2061118,81.3358883,4.4,Gulariya, monument,,Missing description
1823,Geruwa - 01 Bagahipur Bardiya,"paataabhaara 21800, naepaala",28.5456639,81.2146333,4.1,naepaala, historic_site,,Missing description
1824,Balapur Picnic Spot,"69PC+CHX, gaularaiyaa 21800, naepaala",28.2361055,81.3715096,0.0,gaularaiyaa, picnic,,Missing description
1825,Aradhna Church Madhuwan 7 Bardiya,"7799+5P8, saanaosharaii taaraataala 21800, naepaala",28.2679257,81.2693455,5.0,saanaosharaii, church,,Missing description
1826,tainakaunae bhaiu paoinata (daृshaya sathala || baradaiyaa raashataraiya naikaunyaja),"F6HR+C59, naeulaapaura 21800, naepaala",28.4785347,81.2404899,4.3,naeulaapaura, tourist_attraction,,Missing description
1827,Madhuban Municipality Office,"pragati bazar Road , Madhuwan-6, 21800, naepaala",28.2973829,81.2711206,4.4,Madhuwan-6, mosque,,Missing description
1828,Madhuwan-1,"C65P+M9P, 21800, naepaala",28.4092114,81.2359702,3.5,21800, hindu_temple,,Missing description
1829,jhabahi,"F5P8+4MJ, raajaapaura 21800, naepaala",28.4853478,81.166638,5.0,raajaapaura, park,,Missing description
1830,Baniya pur,"94HG+642, raajaapaura, naepaala",28.3780148,81.1252975,0.0,raajaapaura, church,,Missing description
1831,Rajapur Chowk,"C3GW+J33, Rajapur Road 4, raajaapaura 21800, naepaala",28.4300195,81.0920607,4.0,Rajapur, tourist_attraction,,Missing description
1832,Shorei Durga tatha Ram Janaki Temple,"C3HV+H4F, Rajapur Road, raajaapaura 21811, naepaala",28.428978,81.0928274,0.0,Rajapur Road, mosque,,Missing description
1833,Rajapur nepal,"raajaapaura 21800, naepaala",28.4303507,81.0908869,4.0,naepaala, art_gallery,,Missing description
1834,Ganesh Baba Temple,"Rajapur Road Ghumna Ghau, raajaapaura 21800, naepaala",28.4189832,81.0925985,4.8,raajaapaura, hindu_temple,,Missing description
1835,Khadak Chowk khadaka chaoka,"G4M9+98X, taikaapaura 10901, naepaala",28.5334775,81.118356,4.1,taikaapaura, monument,,Missing description
1836,Rajapur,"C3JV+VWC, raajaapaura 21800, naepaala",28.4321778,81.094773,3.9,raajaapaura, trek,,Missing description
1837,Barghar Sadak baraghara sadaka,"C5W4+GF, raajaapaura 21800, naepaala",28.446362,81.1561946,0.0,raajaapaura, hike,,Missing description
1838,badhaaiyaa taala,"Barhaiya Lake, 21800, naepaala",28.1951295,81.5173624,3.7,21800, amusement_park,,Missing description
1839,"Bijaya Church Thakur Baba 5, Takiya(Bardiya)","Unnamed Road, 21800, naepaala",28.4118895,81.295025,0.0,21800, church,,Missing description
1840,thaakaurabaabaa,"thaakaurabaabaa, 21800, naepaala",28.4516726,81.3228855,,21800, tourist_attraction,,Missing description
1841,Shahipur Bardiya Thakurbaba municipality 5,"98V2+R59, 21800, naepaala",28.3945027,81.3004674,5.0,21800, mosque,,Missing description
1842,Thakurbaba Temple,"C7X3+XV4, thaakauradadhaaraa 21800, naepaala",28.4498948,81.254685,4.5,thaakauradadhaaraa, hindu_temple,,Missing description
1843,"baradaiyaa raashataraiya naikaunyajakao parawaeshadawaara, thaakauradawaaraa","F62V+V72, 21800, naepaala",28.4521322,81.2431341,4.6,21800, historic_site,,Missing description
1844,khristiya church,"7G3J+F55, baaँsagadhaii 21800, naepaala",28.2536451,81.5304969,5.0,baaँsagadhaii, church,,Missing description
1845,"Bansagadhi,3 gudhi cawok masjid","6HG4+FV, baaँsagadhaii 21800, naepaala",28.2262799,81.5572321,5.0,baaँsagadhaii, mosque,,Missing description
1846,Tharu Cultural Center,"6GWC+WM8, baaँsagadhaii 21800, naepaala",28.2472846,81.5216882,5.0,baaँsagadhaii, museum,,Missing description
1847,Buddha Statue,"6GPJ+V8F, mahaenadara raajamaaraga, baaँsagadhaii 21800, naepaala",28.2380268,81.5307842,5.0,mahaenadara raajamaaraga, monument,,Missing description
1848,Mahadewa,"7H6V+X2M, baaँsagadhaii 21800, naepaala",28.2624686,81.5925427,1.0,baaँsagadhaii, trek,,Missing description
1849,Chamere hill,"9PQ6+4P4, baaँsagadhaii 21800, naepaala",28.387771,81.7118146,5.0,baaँsagadhaii, hike,,Missing description
1850,Bardiya,"8C6H+35R, dhadhabaara 21800, naepaala",28.3102323,81.4278984,0.0,dhadhabaara, church,,Missing description
1851,AURI BAZAR,"Barbardiya -08 Auri Bardiya Nepal, 21804, naepaala",28.3533168,81.4329969,3.6,21804, monument,,Missing description
1852,Aryal Batikaa,"Gulariya - Nepalganj Hwy 7, 21900, naepaala",28.1542051,81.5205865,4.0,21900, park,,Missing description
1853,badhaaiyaa taala bhayauu taawara enada baotaingaga,"Barhaiya Lake, 21800, naepaala",28.2002033,81.5149267,4.0,21800, tourist_attraction,,Missing description
1854,Thulodafe,"3FVQ+FMX, Danphe madanchok, 21800, naepaala",28.093726,81.4892264,3.0,Danphe madanchok, trek,,Missing description
1855,Geruwa 6 bardiya,"C59M+J6, raajaapaura 21800, naepaala",28.4190354,81.1830697,0.0,raajaapaura, church,,Missing description
1856,Geruwa Rural Municipality Office,"F5GQ+5JP, raajaapaura 21800, naepaala",28.4754638,81.1890998,4.1,raajaapaura, mosque,,Missing description
1857,Jor Chautari Bagiya Tol Nauranga,"C57P+57R, 21800, naepaala",28.4129913,81.1856376,4.6,21800, hindu_temple,,Missing description
1858,Intake Park,"Unnamed Road, 21800, naepaala",28.5880879,81.2481422,4.0,21800, picnic,,Missing description
1859,chaaँgaunaaraayana paaraka,"Changunarayan Rd, chaaँgaunaaraayana 44804, naepaala",27.7182628,85.4314318,4.0,chaaँgaunaaraayana, park,,Missing description
1860,Himalaya Spiritual And Adventure Treks,"Balambu , ChanguNarayan 4, Bhaktapur 44800, naepaala",27.7161625,85.4285155,4.8,ChanguNarayan, trek,,Missing description
1861,Suryabinayak chowk ( sauurayawainaayaka chaoka),"MC8G+76P, saurayawainaayaka 44800, naepaala",27.6657158,85.4255881,4.5,saurayawainaayaka, historic_site,,Missing description
1862,Mundum Trail Starting Point,"5WXH+RC8, Chakhewa 57000, naepaala",27.1995375,86.9285781,4.2,Chakhewa, hike,,Missing description
1863,Shadananda's Garden and Park,"944P+RP6, daingagalaa - taumalaingagataara maaraga, shadaananada 57000, naepaala",27.3570476,87.1367757,0.0,daingagalaa - taumalaingagataara maaraga, park,,Missing description
1864,labhainga haila,"khaaँdabaaraii 56900, naepaala",27.3871611,87.2069111,4.4,naepaala, amusement_park,,Missing description
1865,Dingla Baptist Church ✝️,"945G+3R, shadaananada 57000, naepaala",27.3576012,87.1269778,5.0,shadaananada, church,,Missing description
1866,Khanbari Mosjid,"96V6+3R7, Khanbari Moktarpur Kaliganj Gazipur, khaaँdabaaraii, naepaala",27.392669,87.2120599,0.0,Khanbari Moktarpur Kaliganj Gazipur, mosque,,Missing description
1867,NyaaCha_PaSa,"kaiirataipaura 44600, naepaala",27.6698031,85.2782148,4.6,naepaala, aquarium,,Missing description
1868,sharaii dhanaeshawara mahaadaewa manadaira,"45209, naepaala",27.618161,85.5225405,4.5,naepaala, hindu_temple,,Missing description
1869,( baalagaurau shadaananadakao shaalaiika) Statue of Balaguru shadananda,"944P+RR2, shadaananada 57000, naepaala",27.3570005,87.1370185,3.2,shadaananada, monument,,Missing description
1870,Dingla bajar,"944P+R8H, shadaananada 57000, naepaala",27.3570577,87.1358611,4.2,shadaananada, historic_site,,Missing description
1871,raamachanadara manadaira,"945P+3P2, shadaananada 57000, naepaala",27.3576534,87.1368398,3.9,shadaananada, historic_site,,Missing description
1872,Harleo Picnic Spot,"C5PG+PXJ, khaaँdabaaraii 56900, naepaala",27.4368253,87.1773978,5.0,khaaँdabaaraii, picnic,,Missing description
1873,Ayaan Aquarium,"M8JM+V3R, Shankhamul Marga, kaathamaadaauँ 44600, naepaala",27.6822514,85.3326139,3.1,Shankhamul Marga, aquarium,,Missing description
1874,Tsamaya Art gallery,"tyanglaphat chowk, kaiirataipaura 44600, naepaala",27.6814149,85.2790908,5.0,kaiirataipaura, art_gallery,,Missing description
1875,mahaepai ajaimaa manadaira,"Mhepi Marg, kaathamaadaauँ 44600, naepaala",27.7274733,85.3085223,4.5,kaathamaadaauँ, hindu_temple,,Missing description
1876,sahaida samaृtai paaraka,"529X+JR3, bhaojapaura 57000, naepaala",27.1690194,87.049539,4.0,bhaojapaura, park,,Missing description
1877,raamaparasaada raaii,"raamaparasaada raaii, 57000, naepaala",27.0580239,87.0439271,,57000, tourist_attraction,,Missing description
1878,anaupa raaii,"53H2+5XV, bhaojapaura 57000, naepaala",27.1779842,87.0524338,0.0,bhaojapaura, tourist_attraction,,Missing description
1879,Amarhaat Zoo,"R7JR+F9M, dharaana 56700, naepaala",26.8305516,87.2912167,5.0,dharaana, zoo,,Missing description
1880,naepaalaii gayaalaraii,"Krian Niwas, Bhattarai Marg 1, kaathamaadaauँ 44600, naepaala",27.6819119,85.3320678,4.6,Bhattarai, art_gallery,,Missing description
1881,Rangi Art Gallery,"P886+65X, chaakasaiiwaaraii maaraga, kaathamaadaauँ 44600, naepaala",27.7156054,85.3105015,4.6,chaakasaiiwaaraii maaraga, art_gallery,,Missing description
1882,raamaparasaadaraaii gaauँpaalaikaa,"32JH+HCG, baaikaunathae 57000, naepaala",27.0814444,87.0285874,4.2,baaikaunathae, monument,,Missing description
1883,hatauwaagadhaii gaauँpaalaikaa,"Hatuwagadhi - 1, Ghodetar Bazzar, naepaala",27.02151,87.1210367,4.0,Ghodetar Bazzar, park,,Missing description
1884,Aashis Nissi Church Burkha aashaisha naisasaii characha baurakhaa,"W5P8+64, chhainataanga 56800, naepaala",26.9355032,87.1653382,0.0,chhainataanga, church,,Missing description
1885,hatauwaagadhaii,"hatauwaagadhaii, naepaala",27.0096598,87.1102983,,naepaala, tourist_attraction,,Missing description
1886,Madarsha Tahfejul Quran Jame Masjid Mahuli Bazar Saptari Nepal,"JRW9+7FV, bakadhaauwaa 56400, naepaala",26.6457458,86.8186826,3.8,bakadhaauwaa, mosque,,Missing description
1887,"sarasawataii manadaira , chanadaii daaँdaa","25M9+R9J, haomataamga 57000, naepaala",27.0345961,87.168401,4.0,haomataamga, hindu_temple,,Missing description
1888,"Hatuwagadhi Durbar, Ghoretar","24F8+2W2, raanaiibaasa 57000, naepaala",27.0225254,87.1172724,5.0,raanaiibaasa, monument,,Missing description
1889,Hatuwagadhi Rural Municipality,"raanaiibaasa 57000, naepaala",27.0214593,87.1209448,2.0,naepaala, trek,,Missing description
1890,kaarakaii gaauँ chaouँtaarao,"55J7+46R, yaakauu 57000, naepaala",27.1803516,87.1630151,5.0,yaakauu, park,,Missing description
1891,dhaapa paँdhaeraa,"242G+PJ, khaairaanga 57000, naepaala",27.0017514,87.126532,0.0,khaairaanga, amusement_park,,Missing description
1892,paauwaadaungamaa,"paauwaadaungamaa, 57000, naepaala",27.1803379,87.1348497,,57000, tourist_attraction,,Missing description
1893,paauwaadaungamaa gaauँpaalaikaa,"545Q+F85, Tiwaribhangyang-Manedada Road, chayaamgarae 57000, naepaala",27.1586303,87.138336,4.8,Tiwaribhangyang-Manedada Road, mosque,,Missing description
1894,eona ekawaaraiyama sapa,"M8M9+FGW, Kupondol, lalaitapaura, naepaala",27.6837389,85.3188291,3.8,Kupondol, aquarium,,Missing description
1895,kaarakaii gaauँ daebaithaana,"55QF+W3Q, bhaojapaura 57000, naepaala",27.1898299,87.1727418,5.0,bhaojapaura, hindu_temple,,Missing description
1896,thauulao baudadha mauuratai,"373F+F7P, paakharaiiwaasa 56800, naepaala",27.0537124,87.2732173,4.4,paakharaiiwaasa, monument,,Missing description
1897,Maiyung danda,"8266+QV, Maiyung 57000, naepaala",27.3119375,87.0121875,4.8,Maiyung, hike,,Missing description
1898,Pandey kuwa,"95MH+32, khaaँdabaaraii 56900, naepaala",27.3827117,87.1775446,5.0,khaaँdabaaraii, amusement_park,,Missing description
1899,Hebron Church chaukidada,"C3CF+FC, kaulaungaa 57000, naepaala",27.421348,87.0734341,5.0,kaulaungaa, church,,Missing description
1900,Phedii,"CX4H+Q6, daobhaanae 57000, naepaala",27.4068982,86.9780714,3.8,daobhaanae, tourist_attraction,,Missing description
1901,Salpasilichho Rural Municipality,"C38F+586, chaaukaiidaamdaa 56900, naepaala",27.415898,87.0721697,4.0,chaaukaiidaamdaa, mosque,,Missing description
1902,pashaupatai manadaira,"6XFM+VMX, bhaojapaura 57000, naepaala",27.2247476,86.9841842,4.4,bhaojapaura, hindu_temple,,Missing description
1903,saalapaasailaichhao,"saalapaasailaichhao, naepaala",27.4129885,87.0707127,,naepaala, monument,,Missing description
1904,Salpa pokhari,"CWWM+QJ, daobhaanae 56900, naepaala",27.4469096,86.9340567,4.9,daobhaanae, trek,,Missing description
1905,saunatalae daaँdaa bhayauu taawara,"63G6+X8, bhaojapaura 57000, naepaala",27.2274524,87.0607807,5.0,bhaojapaura, tourist_attraction,,Missing description
1906,Masjid Ahl-e -hadees Aurahwa kapilvastu nepal,"GWRH+696, Unnamed Road, Aurahiya 32800, naepaala",27.5405309,82.9283821,3.7,Unnamed Road, mosque,,Missing description
1907,karaunaamaya manadaira,"5342+RR, bhaojapaura 57000, naepaala",27.1580311,87.0516948,0.0,bhaojapaura, hindu_temple,,Missing description
1908,Arun Thapa Statue,"arauna thaapaa chaoka, 44700, naepaala",27.6808129,85.310304,4.1,44700, monument,,Missing description
1909,arauna taraekaharauu ra abhaiyaana paii laimaitaeda,"Dhumbarahi Marg, baudhaanaiilakanatha 44600, naepaala",27.7337043,85.3473939,4.1,baudhaanaiilakanatha, trek,,Missing description
1910,Botanikal,"2XMV+4V7, 57000, naepaala",27.0327796,86.9946636,4.8,57000, park,,Missing description
1911,Jiwan jyoti church,"V3J3+CR4, 56300, naepaala",26.8810186,87.0545745,5.0,56300, church,,Missing description
1912,aamachaoka,"aamachaoka, naepaala",26.930544,87.034383,,naepaala, tourist_attraction,,Missing description
1913,Aamchowk Municipality Office,"57000, naepaala",26.9766478,86.9788207,4.3,naepaala, mosque,,Missing description
1914,Masjid Aaisha Bentai Aabubakar,"JQF3+WF7, mahaenadara raajamaaraga, saitaapaura 56400, naepaala",26.6247913,86.753667,0.0,mahaenadara raajamaaraga, mosque,,Missing description
1915,taiinakhaoparae kaulao mauhaana,"R344+56, raamapaura thaokasailaa 56300, naepaala",26.8053911,87.0555169,5.0,raamapaura, museum,,Missing description
1916,mahaashakataishaalaii maataa manadaira,"22F7+XCP, २ yauँ, bhaojapaura 57000, naepaala",27.0249249,87.013597,5.0,२ yauँ, hindu_temple,,Missing description
1917,Bhojpur Aambote pul,"Pawala 5, naepaala",26.9453179,87.0285674,0.0,naepaala, trek,,Missing description
1918,bharatapaura sausamaachaarakaa characha,"MCWW+VMX, bharatapaura 44200, naepaala",27.6972487,84.4467524,4.1,bharatapaura, church,,Missing description
1919,haatataii parajanana tathaa taalaima kaenadara,"Baadreni Road Royal Chitwan NP., bharatapaura 44204, naepaala",27.5819444,84.4630556,4.1,bharatapaura, tourist_attraction,,Missing description
1920,baudadha parataimaa,"PC2F+39X, bharatapaura 44200, naepaala",27.7002456,84.4234779,4.3,bharatapaura, monument,,Missing description
1921,Resting ground,"MCR9+PHV, bharatapaura 44207, naepaala",27.6917574,84.4184629,4.3,bharatapaura, historic_site,,Missing description
1922,trek tours Chitwan National Park,"saauraahaa raoda 6, rata‍nanagara 44600, naepaala",27.5768906,84.495381,4.4,rata‍nanagara, trek,,Missing description
1923,Tiger taal (tiger lake ),"MFJ8+P2, bharatapaura 44200, naepaala",27.6818628,84.4650803,4.5,bharatapaura, hike,,Missing description
1924,Tikauli Eco-Culture Park,"JFCM+F73, Unnamed Road, rata‍nanagara 44204, naepaala",27.6211335,84.4831649,4.2,Unnamed Road, park,,Missing description
1925,naipapanai characha,"JGH2+2V9, rata‍nanagara 44204, naepaala",27.6275404,84.5022329,4.2,rata‍nanagara, church,,Missing description
1926,'D DECORE AQUARIUM HOUSE,"JG96+7HX, sauraha Sauraha chock, rata‍nanagara, naepaala",27.6182422,84.5114908,4.4,sauraha Sauraha chock, aquarium,,Missing description
1927,kaृshana paranaamaii manadaira taikaaulaii,"JFJV+FC5, mahaenadara raajamaaraga, rata‍nanagara 44204, naepaala",27.6311492,84.4936217,4.6,mahaenadara raajamaaraga, hindu_temple,,Missing description
1928,Jungle guide service,"rata‍nanagara 44204, naepaala",27.5745459,84.5019253,4.8,naepaala, hike,,Missing description
1929,Lankaline Church,"MGG5+C66, jautapaanaii raoda, jautapaanaii 44204, naepaala",27.6760466,84.5080221,4.5,jautapaanaii raoda, church,,Missing description
1930,maaulaakaalaikaa manadaira,"PCH5+2F5, Kalika Mandir Trail, gaaimdaakaota 33000, naepaala",27.7274651,84.408739,4.6,Kalika Mandir Trail, tourist_attraction,,Missing description
1931,Chitwan Trails,"Astha chowk, Safal marga 12, bharatapaura 44200, naepaala",27.6717852,84.4491063,4.4,Safal, trek,,Missing description
1932,Mani Khola Picnic Park,"MF5Q+6RW, jautapaanaii 44200, naepaala",27.6581096,84.489583,4.1,jautapaanaii, picnic,,Missing description
1933,bainadawaasainaii paaraka khaairahanaii chaitawana,"JHG6+V3P, Jyamire-Chainpur Rd, khaairahaanaii 44204, naepaala",27.6272075,84.5601998,3.9,Jyamire-Chainpur Rd, park,,Missing description
1934,Holy Life Church (Prembasti),"JM37+498 Rapti municipality-4 Prembasti, bhanadaaraa 44200, naepaala",27.6027661,84.6634442,5.0,bhanadaaraa, church,,Missing description
1935,Chitwan nepal,"JH9F+WRH, jiwanpur, khaairahaanaii 10, naepaala",27.6198017,84.5746243,5.0,jiwanpur, tourist_attraction,,Missing description
1936,Fish O Farm CAARP,"Khairahani 10, kathaara 44200, naepaala",27.5875299,84.6194439,4.5,kathaara, aquarium,,Missing description
1937,Laxmi Narayan Mandir lakashamaii naaraayana manadaira,"JM22+5RC, bhanadaaraa 44200, naepaala",27.6004269,84.6520046,4.7,bhanadaaraa, hindu_temple,,Missing description
1938,chaitawana raashataraiya naikaunyaja kaarayaalaya,"G8XJ+V3C, 44200, naepaala",27.549692,84.330144,4.5,44200, monument,,Missing description
1939,Dhamili Prayer Hill,"JM9M+JJ, paipalae 44200, naepaala",27.6190057,84.6841159,5.0,paipalae, hike,,Missing description
1940,Ladari Fun Park,"JHMC+W86, khaairahaanaii 44200, naepaala",27.6347787,84.5707721,4.1,khaairahaanaii, park,,Missing description
1941,Wildlife Museum,"HFFX+PJG, rata‍nanagara 44200, naepaala",27.5743066,84.499076,4.4,rata‍nanagara, zoo,,Missing description
1942,Lucky Aquarium and pet shop,"JH5C+VP4, khaairahaanaii 44200, naepaala",27.6096399,84.5718213,5.0,khaairahaanaii, aquarium,,Missing description
1943,Kankali Temple,"Khairahani -4, naepaala",27.6706263,84.578401,4.1,naepaala, hindu_temple,,Missing description
1944,haatataii chaoka,"HFJV+HPM, rata‍nanagara 44204, naepaala",27.5814533,84.4943043,4.3,rata‍nanagara, monument,,Missing description
1945,Madi View Tower,"44600, bharatapaura 44200, naepaala",27.4140009,84.3761333,4.2,bharatapaura, park,,Missing description
1946,BELIEVERS EASTERN CHURCH MADI,"F855+576, maadaii 44200, naepaala",27.4579179,84.3081272,4.0,maadaii, church,,Missing description
1947,maadaii,"maadaii, naepaala",27.4129236,84.375233,,naepaala, tourist_attraction,,Missing description
1948,dhaowaaha masajaita,"F88C+W25, maadaii 44200, naepaala",27.4672711,84.3201108,3.0,maadaii, mosque,,Missing description
1949,Animal Shelter Park,"MF5Q+6JV, jautapaanaii 44200, naepaala",27.6581222,84.4890337,5.0,jautapaanaii, zoo,,Missing description
1950,Godek Mandir dropati nagar Madi,"F7R7+X6P, Unnamed Road, maadaii 44200, naepaala",27.4924575,84.2630645,4.6,Unnamed Road, hindu_temple,,Missing description
1951,Chitwan wild trek,"bharatapaura 44200, naepaala",27.5813156,84.4929056,4.0,naepaala, trek,,Missing description
1952,"Way to Indrabasti, Madi,Chitwan","C9MQ+9C, maadaii 44200, naepaala",27.43341,84.388539,0.0,maadaii, hike,,Missing description
1953,Nepali Evangelical Church (NEC Church),"chaitarawana 44200, naepaala",27.6535277,84.327469,4.2,naepaala, church,,Missing description
1954,ichachhaakaamanaa manadaira,"VJCF+HWG, daaraechaoka, naepaala",27.8714276,84.6248136,4.3,daaraechaoka, hindu_temple,,Missing description
1955,"Ichchhakamana Rural Municipality, Office of the Municipal Executive","VJCG+5JG, daaraechaoka, naepaala",27.8704587,84.6264747,4.2,daaraechaoka, historic_site,,Missing description
1956,Ichchhakamana-4 Bajha Gau,"VH9M+3RM, Lamidanda, 4, naepaala",27.8677189,84.5845576,4.0,Lamidanda, trek,,Missing description
1957,Bimalnagar Siddha (gauphaa),"WCX9+8J, wanadaiipaura, naepaala",27.9483053,84.4190425,4.4,wanadaiipaura, picnic,,Missing description
1958,"basapaaraka, dadaeladhauraa","7HWR+V6F, amaragadhaii 10300, naepaala",29.2971914,80.5905546,3.6,amaragadhaii, park,,Missing description
1959,Aaradhana Preritiya Christian Church,"amaragadhaii 10300, naepaala",29.3002422,80.5877708,0.0,naepaala, church,,Missing description
1960,Kailpal Temple Chamsal,"no.3, Dadeldhura, Amargadhi Municipality ward, amaragadhaii, naepaala",29.28157,80.5616646,5.0,Dadeldhura, hindu_temple,,Missing description
1961,Sahid Smriti Park,"26WH+5M5, parashauraama 10400, naepaala",29.045385,80.2292473,4.0,parashauraama, park,,Missing description
1962,Galagatha AG Church,"4F9J+QP8, parashauraama 10300, naepaala",29.119364,80.4818481,3.8,parashauraama, church,,Missing description
1963,Aaidungra,"Parashuram,08, naepaala",29.0590574,80.2770329,5.0,8, tourist_attraction,,Missing description
1964,parashauraama,"parashauraama, naepaala",29.1138891,80.3213106,,naepaala, tourist_attraction,,Missing description
1965,Tarakot-Dadeldhura Nepal taaraakaota dadaeladhauraa,"357P+FX9, bhaiimadatata 10400, naepaala",29.0636512,80.1874692,5.0,bhaiimadatata, tourist_attraction,,Missing description
1966,"parashauraama dhaama, dadaeladhauraa","572C+58W, parashauraama 10300, naepaala",29.1504911,80.2708162,4.6,parashauraama, mosque,,Missing description
1967,Sudan Arts&Photo,"49H3+MPG, parashauraama 10300, naepaala",29.1292078,80.354371,5.0,parashauraama, art_gallery,,Missing description
1968,Shoreee Parshuram Statue,"572C+4MG, parashauraama 10300, naepaala",29.1503005,80.2717147,3.3,parashauraama, monument,,Missing description
1969,Batase Waterfall,"2C2X+54F, kaृshanapaura 10400, naepaala",29.0004341,80.4478041,4.5,kaृshanapaura, hike,,Missing description
1970,Dadikhel Deurali daaँdaiikhaela daeuraalaii,"J69V+5HR, dakashainakaalaii 44600, naepaala",27.6179819,85.2438813,4.5,dakashainakaalaii, park,,Missing description
1971,parashasata jaiiwana manadalaii,"M7RX+XFG, kaathamaadaauँ 44614, naepaala",27.6924383,85.2986894,3.4,kaathamaadaauँ, church,,Missing description
1972,Land sudal,"MFJJ+C4, mahaamanyajausharaii nagarakaota, naepaala",27.6807046,85.4802911,0.0,mahaamanyajausharaii nagarakaota, tourist_attraction,,Missing description
1973,Masjid Al-Tawheed,"P979+FW4, Kathmandu 44600, naepaala",27.7136263,85.3698298,4.0,Kathmandu, mosque,,Missing description
1974,The Nepal Aquarium House,"Road, kaathamaadaauँ 44600, naepaala",27.70455,85.3419399,4.5,kaathamaadaauँ, aquarium,,Missing description
1975,tauँdaala daewaii manadaira,"kaathamaadaauँ 44600, naepaala",27.7267004,85.3352446,4.4,naepaala, hindu_temple,,Missing description
1976,"Dadeldhura, Aalital","4G4F+39X, aalaitaala 10300, naepaala",29.1052411,80.5234906,4.8,aalaitaala, monument,,Missing description
1977,Dhital khatry,"P6Q9+35, chhatarae daeuraalaii 45100, naepaala",27.7376744,85.2179707,5.0,chhatarae, historic_site,,Missing description
1978,Actual Adventure Nepal Trekking,"kaeshara mahala, Tridevi Marga, kaathamaadaauँ 44600, naepaala",27.7146597,85.3139475,4.9,Tridevi Marga, trek,,Missing description
1979,Saiter dil,"J9J3+29P, gaodaawaraii 44700, naepaala",27.6300918,85.353445,5.0,gaodaawaraii, hike,,Missing description
1980,Changathali prvesh dwar (narkate chowk),"Changathali Rd, mahaalakashamaii, naepaala",27.647438,85.3663914,3.3,mahaalakashamaii, tourist_attraction,,Missing description
1981,bhaalaeshawara mahaadaewa manadaira,"M684+95W, Chitlang Thankot, 44600, naepaala",27.6659818,85.2054394,4.6,Chitlang Thankot, hindu_temple,,Missing description
1982,Dewal (Ancient history ),"8JHV+5XJ, 10300, naepaala",29.3279627,80.6449039,0.0,10300, museum,,Missing description
1983,gaadhaanaiilao,"amara chaitarakara maaraga, kaathamaadaauँ 44600, naepaala",27.7131615,85.2943528,4.5,kaathamaadaauँ, aquarium,,Missing description
1984,nawadauragaa dayah chhaeँ,"bhakatapaura 44800, naepaala",27.6751674,85.4357767,4.7,naepaala, hindu_temple,,Missing description
1985,nawadauragaa,"nawadauragaa, naepaala",29.3158931,80.7558248,,naepaala, monument,,Missing description
1986,nawadauragaa gaawaisa,"nawadauragaa gaawaisa 10300, naepaala",29.33,80.7,,naepaala, monument,,Missing description
1987,sahid bhim datta pant statue,"8H5R+GC7, amaragadhaii 10300, naepaala",29.3087981,80.5910567,0.0,amaragadhaii, monument,,Missing description
1988,Dapcha Bazaar,"Shree krishna mandir, kaashaiikhanada 45200, naepaala",27.5531117,85.6076882,4.5,kaashaiikhanada, historic_site,,Missing description
1989,Thulopadero kandanidada,"625X+5HJ Rakhi dada, laekhanaatha 33700, naepaala",28.2079555,84.0488793,0.0,laekhanaatha, historic_site,,Missing description
1990,Nava durga mandir gaheta,"XPM5+6JG, thaumapaokharaa 33801, naepaala",27.983113,83.7090323,0.0,thaumapaokharaa, historic_site,,Missing description
1991,Panchadeval Picnic Spot,"H9XP+MCJ, gaodaawaraii 44709, naepaala",27.5992024,85.3860305,3.8,gaodaawaraii, picnic,,Missing description
1992,Chaumala Valkaa (Natural Running Water),"QPCM+6PH, Dhabai 10900, naepaala",28.7705562,80.7343576,0.0,Dhabai, amusement_park,,Missing description
1993,Ajayameru Dadeldhura,"9JH2+X2R, ajayamaerau 10300, naepaala",29.38,80.6,5.0,ajayamaerau, church,,Missing description
1994,ajayamaerau,"ajayamaerau 10300, naepaala",29.38,80.6,,naepaala, tourist_attraction,,Missing description
1995,ganayaapadhauraa gaauँpalaikaa,"10300, naepaala",29.279153,80.6761211,4.1,naepaala, tourist_attraction,,Missing description
1996,laataa ganayaapa manadaira ganayaapadhauraa gaauँpaalaikaa Lataganyap Temple Ganyapdhura RM,"Ganyapdhura Rural Municipality-2, ganayaapadhauraa gaauँpaalaikaa-२, naepaala",29.2792233,80.6759603,5.0,ganayaapadhauraa gaauँpaalaikaa-२, hindu_temple,,Missing description
1997,Nature,"5JH5+22, ghanataeshawara 10800, naepaala",29.1773041,80.6074888,3.5,ghanataeshawara, trek,,Missing description
1998,Hotel Parkinn Dailekh,"RPW7+CQ4, naaraayana nagarapaalaikaa 21600, naepaala",28.8459787,81.7144758,4.6,naaraayana, park,,Missing description
1999,Full Gospel Church,"RPX8+5H6, naaraayana nagarapaalaikaa 21600, naepaala",28.8475276,81.7177931,5.0,naaraayana, church,,Missing description
2000,"Dailekh Fort ,daailaekha gadhaii","RPR5+6WQ, naaraayana nagarapaalaikaa 21600, naepaala",28.8374475,81.7082737,3.7,naaraayana, tourist_attraction,,Missing description
2001,MADINA MASJID MODARASA QADRIA KURA BHAIRABI GAONPALIKA (3) Badalamji DADIMADI District. DAILEKH KARNALI Province (6) NEPAL,"WJ3J+H4Q gaupalika, daulalau 21600, naepaala",28.9039513,81.6302777,5.0,daulalau, mosque,,Missing description
2002,daailaekha Dailekh Heart of Nepal,"WQP5+GPR, bhawaanaii 21600, naepaala",28.9363514,81.7592709,3.7,bhawaanaii, museum,,Missing description
2003,kalaa naepaala,"sagaramaathaa bajaara, parayatana maaraga, kaathamaadaauँ 44600, naepaala",27.7150598,85.3108008,4.9,parayatana maaraga, art_gallery,,Missing description
2004,baelaasapaura manadaira daailaekha,"Mandir, Belaspur Mandir, naaraayana nagarapaalaikaa 21600, naepaala",28.8579794,81.7276393,4.1,Belaspur Mandir, hindu_temple,,Missing description
2005,"panyachadaewala,daailaekha","VP6F+P8F, naaraayana nagarapaalaikaa 21600, naepaala",28.8618225,81.7233061,4.5,naaraayana, monument,,Missing description
2006,"Lohare, Dailekh","RP7Q+F9, bainadhayaabaasainaii 21600, naepaala",28.8137297,81.738476,0.0,bainadhayaabaasainaii, hike,,Missing description
2007,Baleshwor Park,"VJH5+6GX, daulalau 21600, naepaala",28.8781139,81.608872,5.0,daulalau, park,,Missing description
2008,GKII Jemaat Oelbima,"RT 12 RW 06 Dusun 3 Desa, daulalau, naepaala",28.8527045,81.5815776,5.0,daulalau, church,,Missing description
2009,talalao daungagaeshawara,"QHHJ+VGV, 21600, naepaala",28.779734,81.5812969,4.1,21600, tourist_attraction,,Missing description
2010,Malika Temple,"RJ3R+36, daulalau 21600, naepaala",28.8027249,81.6405817,5.0,daulalau, hindu_temple,,Missing description
2011,"maathailalao daungagaeshawara bajaara, daailaekha","Duneshwor khola bridge, daailaekha sadaka, 21600, naepaala",28.7600161,81.6629383,3.9,daailaekha sadaka, monument,,Missing description
2012,daailaekha,"daailaekha, naepaala",28.9261863,81.647344,,naepaala, historic_site,,Missing description
2013,daulalau,"daulalau, naepaala",28.8527045,81.5815776,,naepaala, historic_site,,Missing description
2014,"daulalau nagarapaalaikaakao kaarayaalaya, daulalauu daailaekha","VJ53+37P, daulalau 21600, naepaala",28.857701,81.6032113,3.1,daulalau, historic_site,,Missing description
2015,dhaulaeshawara manadaira,"VJQ8+VF4, daulalau 21600, naepaala",28.8896445,81.6161883,4.5,daulalau, historic_site,,Missing description
2016,Deuti than,"VJCX+V8, raawatakaota 21600, naepaala",28.8721522,81.6483716,5.0,raawatakaota, historic_site,,Missing description
2017,mausaetaakauraakao daadao,"VJ57+JJ5, daulalau 21600, naepaala",28.8590196,81.6140992,0.0,daulalau, trek,,Missing description
2018,okhaladhaungagaa,"VJ6C+44P, daulalau 21600, naepaala",28.8603324,81.6203348,0.0,daulalau, hike,,Missing description
2019,Galchuka dada nimayal,"2F82+Q9X, saigaaudaii 21600, naepaala",29.0164483,81.4514234,4.2,saigaaudaii, park,,Missing description
2020,Dream Church,"Hattiban Marg, lalaitapaura 44600, naepaala",27.6477056,85.3317494,5.0,lalaitapaura, church,,Missing description
2021,"Jaljale Bazar, Dailekh","VM8G+48Q, naaraayana nagarapaalaikaa 21600, naepaala",28.8653476,81.6758682,4.0,naaraayana, tourist_attraction,,Missing description
2022,Adhikari temple,"2G82+F3C, taiilaepaataa 21600, naepaala",29.0161829,81.5001847,3.5,taiilaepaataa, hindu_temple,,Missing description
2023,Aathbis municipality 9 dailekh,"2GXM+X8W, saimhaasaaina gaa.wai.sa. 21600, naepaala",29.05,81.533333,0.0,saimhaasaaina, picnic,,Missing description
2024,Dharampur 8 lalu kalikot,"4HW3+2GM, laalau 21300, naepaala",29.1450772,81.5538046,0.0,laalau, hike,,Missing description
2025,Dhuleshwor Park,"VJR9+29, daulalau 21600, naepaala",28.8900137,81.6184331,0.0,daulalau, park,,Missing description
2026,Bhairabi Rural Municipality Office,"WJFF+WW5, Dailekh, Bhairabi Rural Municipality, daulalau, naepaala",28.924773,81.6248281,3.3,Dailekh, picnic,,Missing description
2027,Nermal Arts Dailekh,"RPP5+G9Q, naaraayana nagarapaalaikaa 21600, naepaala",28.8363541,81.7084702,0.0,naaraayana, art_gallery,,Missing description
2028,"mahaabau dhaama,daailaekha-kaalaikaota","2Q63+QG5, baalauwaataara 21600, naepaala",29.0118939,81.7538439,4.8,baalauwaataara, hindu_temple,,Missing description
2029,mahaawau,"mahaawau, naepaala",28.9138754,81.6630831,,naepaala, trek,,Missing description
2030,"Mahabu Bhanjyang,Dailekh-Kalikot Border","2Q63+QG5, baalauwaataara 21600, naepaala",29.0125458,81.7526599,0.0,baalauwaataara, trek,,Missing description
2031,raanaiimatataa bhayauu taawara,"daailaekha sadaka, 21700, naepaala",28.6851929,81.6352827,4.6,21700, park,,Missing description
2032,ghanataaghara baala udayaana,"HJWC+W57, Unnamed Road, waiiraenadaranagara 21700, naepaala",28.5972769,81.6204233,4.2,Unnamed Road, amusement_park,,Missing description
2033,Jame Masjid Sakhada,"Sakhada Muslim Toll, Unnamed Road, 56400, naepaala",26.4519877,86.7362092,4.9,Unnamed Road, mosque,,Missing description
2034,gaharaa (thaamadaadaa),"MM5C+QH, waiiraenadaranagara 21700, naepaala",28.6592452,81.6710661,0.0,waiiraenadaranagara, museum,,Missing description
2035,shaiwaalaya manadaira,"PJ5P+WV5 gauraaँsa ५, 21600, naepaala",28.7097684,81.637235,0.0,21600, hindu_temple,,Missing description
2036,gauraaँsae bajaara,"daailaekha sadaka, 21600, naepaala",28.6936346,81.6287613,4.1,21600, monument,,Missing description
2037,gauraaँsa,"gauraaँsa, naepaala",28.7097684,81.637235,,naepaala, historic_site,,Missing description
2038,jarabautaa daaँdaa,"JJFW+G92, waiiraenadaranagara 21700, naepaala",28.6237704,81.6458798,4.6,waiiraenadaranagara, trek,,Missing description
2039,Daha ghau,"QMC4+X42, daulalau 21600, naepaala",28.7723754,81.6552558,5.0,daulalau, hike,,Missing description
2040,thaaँtaiikaaँdha,"thaaँtaiikaaँdha, naepaala",28.9814917,81.5281271,,naepaala, park,,Missing description
2041,Jaitun Jivan Jyoti A.G Church,"RMP Dailekh, naaumaulae 21600, naepaala",28.9083109,81.8278694,0.0,naaumaulae, church,,Missing description
2042,Aqurium Shop,"HJV8+VGQ, waiiraenadaranagara 21700, naepaala",28.594712,81.6163504,0.0,waiiraenadaranagara, aquarium,,Missing description
2043,Bheri Nice Aquarium Shop,"HJV8+W66, Hatiya Rd, waiiraenadaranagara 21700, naepaala",28.5948192,81.6155131,0.0,Hatiya Rd, aquarium,,Missing description
2044,Malika mandir Dailekh,"XFWM+667, 21600, naepaala",28.9955328,81.4830496,5.0,21600, hindu_temple,,Missing description
2045,bhaeraii khaolaa,"QRR8+4PX, 21600, naepaala",28.7903709,81.8168714,0.0,21600, park,,Missing description
2046,bhagawataiimaaii,"bhagawataiimaaii, naepaala",28.7885109,81.8509499,,naepaala, tourist_attraction,,Missing description
2047,Bhagawatimai Temple,"RV25+MG3, 21600, naepaala",28.801638,81.858798,4.0,21600, hindu_temple,,Missing description
2048,Khumai dada khaumaai daaँdaa,"Great Machhapuchchhre Trail GMT, maachhaapauchachharae 33700, naepaala",28.390568,83.9348234,4.7,maachhaapauchachharae, trek,,Missing description
2049,damgaalaii chaoka,"PPW2+GM, daaँdaa paraajaula 21600, naepaala",28.746273,81.701702,2.0,daaँdaa, park,,Missing description
2050,"Upper Dungeswor,Dailekh","daailaekha sadaka, 21600, naepaala",28.7609063,81.6631526,4.0,21600, mosque,,Missing description
2051,Kalika temple,"WR5H+85R, naaumaulae 21600, naepaala",28.908374,81.8279011,0.0,naaumaulae, park,,Missing description
2052,naaumaulae,"naaumaulae 21600, naepaala",28.908374,81.8279011,,naepaala, park,,Missing description
2053,Mulkhola,"WR5H+85R, naaumaulae 21600, naepaala",28.908374,81.8279011,0.0,naaumaulae, park,,Missing description
2054,mahaadaebha,"RR25+RV7, 21600, naepaala",28.8020284,81.8096796,0.0,21600, park,,Missing description
2055,naabhaisathaana daailaekha,"RMW8+RCH, naaraayana nagarapaalaikaa 21600, naepaala",28.8470539,81.6661104,4.4,naaraayana, monument,,Missing description
2056,paipala raukha,"WJ29+8FH, Unnamed Road, daulalau 21600, naepaala",28.9008017,81.6187328,4.5,Unnamed Road, park,,Missing description
2057,chaamaunadaa wainadaraasaainaii,"chaamaunadaa wainadaraasaainaii, naepaala",28.9195792,81.5321393,,naepaala, church,,Missing description
2058,kaalaikaa manadaira bhaairaii,"WJCG+5C6 warda no. 4, 21600, naepaala",28.9204246,81.62601,5.0,21600, hindu_temple,,Missing description
2059,Chamundabindrasaini Municipality,"WGFR+XG9, layaataii bainadaraasaenaii 21600, naepaala",28.9248837,81.5413361,3.5,layaataii, monument,,Missing description
2060,chaamaunadaa,"chaamaunadaa 21600, naepaala",28.96,81.58,,naepaala, monument,,Missing description
2061,Chamunda bindrasaini municipality padampur Jambukandh,"WHH5+VCG, jamabaukaamdha 21600, naepaala",28.9296824,81.5585689,4.0,jamabaukaamdha, picnic,,Missing description
2062,Chamunda bindrasaini municipality 1 Dailekh,"XHHW+FX6, 21600, naepaala",28.9786785,81.5973609,0.0,21600, picnic,,Missing description
2063,Gothikada,"JHMM+JX9, gadai wayalakaaँdaa 21700, naepaala",28.634212,81.5843322,4.0,gadai, picnic,,Missing description
2064,raapataii shaanatai udayaana,"48W9+Q35, Unnamed Road, taulasaiipaura 22412, naepaala",28.1468925,82.3177289,4.3,Unnamed Road, park,,Missing description
2065,Fun park,"47JX+56M, taulasaiipaura 22412, naepaala",28.1304503,82.2980335,3.0,taulasaiipaura, amusement_park,,Missing description
2066,Tulsipur Holy Light Church,"Shree Nagar Tole, Beluwa Dang 1, taulasaiipaura 22412, naepaala",28.139335,82.29307,5.0,Beluwa, church,,Missing description
2067,AzaKhanaZahra a.s Tulsipur,"583F+Q9Q, taulasaiipaura 22412, naepaala",28.154453,82.3234843,0.0,taulasaiipaura, mosque,,Missing description
2068,Kailash Aquarium House Tulsipur Dang,"48J2+WW9, taulasaiipaura 22412, naepaala",28.1322898,82.3023598,5.0,taulasaiipaura, aquarium,,Missing description
2069,"Barahi Temple, Paddha Dang Rapti","37QC+FMG, taulasaiipaura 22412, naepaala",28.0886875,82.271742,3.7,taulasaiipaura, hindu_temple,,Missing description
2070,bairaenadara chaoka taulasaipaura,"47MX+86G, F015, taulasaiipaura 22412, naepaala",28.1333236,82.2980804,4.3,F015, monument,,Missing description
2071,Dang tulsipur,"taulasaiipaura 22412, naepaala",28.1284746,82.3068771,4.3,naepaala, trek,,Missing description
2072,sharaiikaृshana chaoka,"47MH+RXC, taulasaiipaura 22412, naepaala",28.1344658,82.2802615,5.0,taulasaiipaura, hike,,Missing description
2073,gaithaepaanaii saimchaai dayaama,"3F6W+QRP, ghaoraahaii 22400, naepaala",28.0619555,82.4970782,4.3,ghaoraahaii, amusement_park,,Missing description
2074,Dhundi Dream Park Pvt. Ltd.,"2F3X+V4V, ghaoraahaii 17, naepaala",28.0047278,82.4978159,4.7,ghaoraahaii, museum,,Missing description
2075,"amabaikaeshawaraii manadaira, daanga","amabaikaeshawaraii manadaira, Ambapur Rd, ghaoraahaii 22400, naepaala",28.0427428,82.5008713,4.5,Ambapur Rd, hindu_temple,,Missing description
2076,Lamahi Biodiversity Park,"VGG9+28M, mahaenadara raajamaaraga, lamahaii 22414, naepaala",27.875093,82.5182827,4.0,mahaenadara raajamaaraga, park,,Missing description
2077,Prashansa Church parashamsaa manadalaii,"VGFF+4PW, lamahaii 22414, naepaala",27.8728487,82.5243167,5.0,lamahaii, church,,Missing description
2078,Lamahi View Tower,"lamahaii 22414, naepaala",27.8775677,82.521316,4.2,naepaala, tourist_attraction,,Missing description
2079,Madarsa Nurul Islam,"VG9F+RMP, Lamahi - Koilabas Rd, lamahaii 22414, naepaala",27.8695991,82.524258,4.3,Lamahi - Koilabas Rd, mosque,,Missing description
2080,Daya Shankar house,"RHVR+CHF, lamahaii, naepaala",27.8433092,82.5919162,0.0,lamahaii, museum,,Missing description
2081,Lamahi temple,"VGFC+GRF, lamahaii 22414, naepaala",27.8738122,82.5220485,0.0,lamahaii, hindu_temple,,Missing description
2082,Lamahi hill viewpoint,"VGRC+FW, lamahaii 22414, naepaala",27.8911529,82.5223204,5.0,lamahaii, trek,,Missing description
2083,Lamahi Dang- lamahai daanga,"VG5F+96X, lamahaii 22414, naepaala",27.8584778,82.5230978,4.2,lamahaii, picnic,,Missing description
2084,Balidan AG church Atthaise dang,"XHG9+475, ghaoraahaii-raamapaura sadaka, raamapaura 22400, naepaala",27.9760924,82.5682859,4.0,ghaoraahaii-raamapaura sadaka, church,,Missing description
2085,Banglachuli View Tower,"2P2C+W2, marakaawaanga 22300, naepaala",28.0023534,82.7201151,4.0,marakaawaanga, tourist_attraction,,Missing description
2086,bamgalaachaulaii,"bamgalaachaulaii, naepaala",28.0051202,82.6801838,,naepaala, historic_site,,Missing description
2087,Camping,"2GV9+M39, ghaoraahaii 22400, naepaala",28.0441607,82.5177386,0.0,ghaoraahaii, hike,,Missing description
2088,sharaiigaauँ saamaudaayaika bana rachapala daanga,"45QV+M69, sharaiigaauँ 22412, naepaala",28.1391681,82.1931202,0.0,sharaiigaauँ, park,,Missing description
2089,Karuna AG Church,"36MM+2JV, taulasaiipaura 22412, naepaala",28.0826239,82.2340474,4.9,taulasaiipaura, church,,Missing description
2090,Subhani Jama Masjid,"2FRR+C5W, ghaoraahaii 22400, naepaala",28.0411413,82.4909997,4.5,ghaoraahaii, mosque,,Missing description
2091,dhaarapaanaii manadaira Dharapani Temple ( World’s Tallest Trishul),"XCCW+G67, dharanaa 22400, naepaala",27.9712844,82.4455025,4.6,dharanaa, monument,,Missing description
2092,Dangisharan Cultural Homestay damgaisharana saamsakaृtaika haomasatae,"Paschim galli, near Ratri Aadharbhut School Dangisharan-4, Baibang 22409, naepaala",28.0832191,82.1954185,4.9,near Ratri Aadharbhut School Dangisharan-4, historic_site,,Missing description
2093,Shangri-Lane Nepal Trek P. Ltd,"10, Kapan, Panchakanya Chowk Bhudanilkantha, kaathamaadaauँ 44600, naepaala",27.7335773,85.353388,3.9,Kapan, trek,,Missing description
2094,Raniban park and picnic spot,"4669+74, haekaulaii 22412, naepaala",28.1107423,82.2178119,5.0,haekaulaii, picnic,,Missing description
2095,Namaste Deukhuri Park,"QGPR+HVQ, gadhawaa, naepaala",27.7864745,82.5422369,5.0,gadhawaa, park,,Missing description
2096,Salvation Church,"RG8W+8C, gadhawaa 22414, naepaala",27.8158498,82.5460608,5.0,gadhawaa, church,,Missing description
2097,gadhawaa,"gadhawaa, naepaala",27.7582627,82.5294065,,naepaala, tourist_attraction,,Missing description
2098,kaotaahaii maataa mamdaira gadha़waa naepaala,"RG7R+4RR, gadhawaa 22414, naepaala",27.8128628,82.5420293,4.5,gadhawaa, hindu_temple,,Missing description
2099,Kandara Mandir,"QGX7+RR5, gadhawaa 22414, naepaala",27.7995225,82.5146027,5.0,gadhawaa, monument,,Missing description
2100,ghayaamapae daaँdaa,"JCRC+FGW, Ghyampe Danda Sadak, ananatalaingagaeshawara 44800, naepaala",27.6412309,85.4213408,4.2,Ghyampe Danda Sadak, picnic,,Missing description
2101,Koilabas sky cycling,"MGWG+F87, kaoilaabaasa 22400, naepaala",27.6961567,82.5258023,4.3,kaoilaabaasa, hike,,Missing description
2102,Mukti church,"V6CP+4J5 Raptisonari 2, raajapaura 22400, naepaala",27.8702739,82.2365981,0.0,raajapaura, church,,Missing description
2103,Dangdunge,"PXR5+3M4, paisakara 45302, naepaala",27.7401345,85.9591941,5.0,paisakara, tourist_attraction,,Missing description
2104,Shiva Temple Bhauwa Naka -Dang,"W3JH+MQ7, raajapaura, naepaala",27.9316613,82.0794117,4.5,raajapaura, hindu_temple,,Missing description
2105,raajapaura,"raajapaura, naepaala",27.8702739,82.2365981,,naepaala, historic_site,,Missing description
2106,Randonnée Northépal Treks (P) Ltd.,"Paiyutar, Kapan, Post Box: 11503, kaathamaadaauँ 44600, naepaala",27.7410152,85.3749867,4.1,Kapan, trek,,Missing description
2107,dang sisahaniya,"VM55+9MJ, saisahanaiyaa 22400, naepaala",27.8584714,82.6591465,5.0,saisahanaiyaa, park,,Missing description
2108,Narti Gospal Church,"VJ72+GJ8, lamahaii 22400, naepaala",27.8637591,82.6015687,3.0,lamahaii, church,,Missing description
2109,Rapti River Dang,"laalamataiyaa 22404, naepaala",27.8389445,82.7624238,3.0,naepaala, tourist_attraction,,Missing description
2110,Darul huda madarsa,"RQR9+HM3, laalamataiyaa 22404, naepaala",27.8413883,82.7691766,5.0,laalamataiyaa, mosque,,Missing description
2111,"bagaraapaura thaarau samgaraalaya daeukhauraii, daanga","RJGP+52M, saisahanaiyaa 22400, naepaala",27.8259533,82.6345828,3.3,saisahanaiyaa, museum,,Missing description
2112,Hanseshor Mahadev Temple,"RJ6G+QR7, gaobaradaihaa 22400, naepaala",27.8119115,82.6270551,4.5,gaobaradaihaa, hindu_temple,,Missing description
2113,ganatanatara samaaraka,"P88F+6PF, naaraayanahaitaii patha, kaathamaadaauँ 44600, naepaala",27.715573,85.324286,4.1,naaraayanahaitaii patha, monument,,Missing description
2114,Ghoskhola daha,"Rapti 9, naepaala",27.9071695,82.7560025,4.8,naepaala, trek,,Missing description
2115,Kulpani Park,"RP46+Q5, gaobaradaihaa 22400, naepaala",27.8069343,82.7103862,4.3,gaobaradaihaa, picnic,,Missing description
2116,oma shaanatai paaraka,"M8HM+H6G, kaathamaadaauँ 44600, naepaala",27.6789342,85.3330794,4.2,kaathamaadaauँ, park,,Missing description
2117,taiinapaanae chaoka,"45CP+HX, sharaiigaauँ 22412, naepaala",28.1214813,82.1874222,0.0,sharaiigaauँ, amusement_park,,Missing description
2118,Glory A.G. church,"56GF+223, shaanatainagara 3, naepaala",28.1750139,82.2225381,0.0,shaanatainagara, church,,Missing description
2119,Sangam Tole,"PHWX+H59, mahaadaewasathaana manadana, naepaala",27.7464047,85.5979911,5.0,mahaadaewasathaana manadana, tourist_attraction,,Missing description
2120,Shanti Dham,"Q8Q4+FRX, taarakaeshawara 44600, naepaala",27.792629,85.3082626,4.3,taarakaeshawara, hindu_temple,,Missing description
2121,shaanatainagara,"shaanatainagara, naepaala",28.1838151,82.2257298,,naepaala, historic_site,,Missing description
2122,Siddhikali Picnic Spot,"M9JM+4HV, madhayapaura thaimaii 44600, naepaala",27.6803651,85.3839287,4.5,madhayapaura, picnic,,Missing description
2123,Dangdunge view point,"JFQ4+5V, saurayawainaayaka, naepaala",27.6379729,85.4572117,5.0,saurayawainaayaka, hike,,Missing description
2124,pauranadhaaraa chhaharaa,"53P6+8M8, pauranadhaaraa 22400, naepaala",28.1857891,82.0617065,4.5,pauranadhaaraa, park,,Missing description
2125,Bijay A.G church hapure,"54WM+724, pauranadhaaraa 22400, naepaala",28.1955095,82.1332974,5.0,pauranadhaaraa, church,,Missing description
2126,Babai view point tower,"8PX7+PC, baaँsagadhaii 21800, naepaala",28.3492995,81.7136247,3.0,baaँsagadhaii, tourist_attraction,,Missing description
2127,Mahalbari Mosque(masajaida),"FVCM+5HJ, kaudaiyaa 33007, naepaala",27.4704696,83.8838968,4.5,kaudaiyaa, mosque,,Missing description
2128,"Babai-7 Dholpur,Dang","44F4+H73, panyachakaulae 22400, naepaala",28.1238916,82.1056579,3.0,panyachakaulae, monument,,Missing description
2129,Batashe Dada,"P7H4+F46, naagaarajauna 44600, naepaala",27.7290951,85.2544025,4.3,naagaarajauna, hike,,Missing description
2130,manyajausharaii paaraka,"kaiirataipaura 44600, naepaala",27.6604717,85.29303,4.1,naepaala, park,,Missing description
2131,A.G Stuti Church,"RGRR+RW6, Darchula - Tinkar Rd, maohataii 10100, naepaala",29.8420529,80.5422617,3.3,Darchula - Tinkar Rd, church,,Missing description
2132,Lalita khadayat,"PG9P+77V ward no.1 Baril darchula, 10100, naepaala",29.7182327,80.5356808,2.0,10100, tourist_attraction,,Missing description
2133,daralama mahaakaalaii manadaira,"taanasaena-raamadaii sadaka, daralamadaaँdaa 32500, naepaala",27.8920667,83.6068208,4.3,daralamadaaँdaa, monument,,Missing description
2134,Nepal Mountain Trekkers,"Pyramid Galli, kaathamaadaauँ 44600, naepaala",27.7127498,85.3096466,5.0,kaathamaadaauँ, trek,,Missing description
2135,The Great Wall of Nepal,"kaathamaadaauँ 44600, naepaala",29.8019964,80.8501306,4.5,naepaala, hike,,Missing description
2136,Sirad kapsyoda,"QF54+FCJ, 10100, naepaala",29.7587115,80.4560016,5.0,10100, park,,Missing description
2137,Shailyashikhar Municipality,"MG9X+W5G, Darchula Road, gaokaulaeshawara 10100, naepaala",29.6697157,80.5479814,4.0,Darchula Road, church,,Missing description
2138,Shoreee Shailya Shikhar Malikarjun Temple,"10100, naepaala",29.7347144,80.4857803,4.6,naepaala, mosque,,Missing description
2139,mahaananada jaoshaii,"MC8Q+PG, baudhaakaota 10100, naepaala",29.6661416,80.4394012,0.0,baudhaakaota, museum,,Missing description
2140,shaailayashaikhara,"shaailayashaikhara, naepaala",29.7182327,80.5356808,,naepaala, art_gallery,,Missing description
2141,tangalae bhaela,"Darchula Rd, hautaii 10100, naepaala",29.9010996,80.5793745,0.0,hautaii, historic_site,,Missing description
2142,Picnic area,"salya shikar 6, panebaj 10100, naepaala",29.7179048,80.4931472,0.0,panebaj, picnic,,Missing description
2143,maalaikaarajauna,"maalaikaarajauna 10100, naepaala",29.75,80.49,,naepaala, park,,Missing description
2144,chamlliya river muhan,"Darchula Apihimal 1,Nepal, 10100, naepaala",29.8328857,80.5379297,4.0,Nepal, hike,,Missing description
2145,"Api Base Camp(South),Darchula","RM 1, bayaasha 10100, naepaala",29.9694341,80.9381723,4.9,bayaasha, park,,Missing description
2146,Kapil Himal (kapaila haimaala),"Darchula Apihimal 3, 10100, naepaala",29.8090756,80.8746848,0.0,10100, church,,Missing description
2147,apaihaimaala,"apaihaimaala, naepaala",29.8154457,80.8478196,,naepaala, mosque,,Missing description
2148,apai naamapaa samrakashana kashaetara,"10100, naepaala",29.9363466,80.8986502,4.1,naepaala, mosque,,Missing description
2149,App Aquarium House,"P996+RHX, baaudadha sadaka, kaathamaadaauँ 44600, naepaala",27.7196178,85.3615054,3.6,baaudadha sadaka, aquarium,,Missing description
2150,aadhayaatamaika kalaa,"Thaina-6, lalaitapaura 44700, naepaala",27.6695101,85.3262453,4.9,lalaitapaura, art_gallery,,Missing description
2151,surma bhawani mandir,"QXQW+GF2, kaanadaa 10100, naepaala",29.7887502,80.9961315,5.0,kaanadaa, hindu_temple,,Missing description
2152,daaibhara saitaii paaraka saunadamaunada,"QJXM+9J, apaii 10100, naepaala",29.7984354,80.6340875,4.2,apaii, park,,Missing description
2153,Naugad RM Office Darchula,"QM86+HQX, Darchula Na, saipataii, naepaala",29.7664965,80.6619874,2.0,Darchula Na, mosque,,Missing description
2154,"BADAL MALL, Hikila, Darchula","WJ35+VC7, haikaiilaa 10100, naepaala",29.9046746,80.6086187,3.4,haikaiilaa, museum,,Missing description
2155,latainaatha maanadaaum,"QJMQ+QH6, 10100, naepaala",29.784424,80.6388974,4.5,10100, hindu_temple,,Missing description
2156,naaugaada,"naaugaada, 10100, naepaala",29.7423577,80.694958,,10100, historic_site,,Missing description
2157,daailaada Dailaad,"RJ5M+M46, 10100, naepaala",29.8091518,80.6327716,5.0,10100, trek,,Missing description
2158,Tusha Hiti,"saunadaraii chaoka, lalaitapaura 44700, naepaala",27.6726924,85.3251143,4.8,lalaitapaura, monument,,Missing description
2159,dauhauँ,"dauhauँ, 10100, naepaala",29.9083635,80.6072663,,10100, trek,,Missing description
2160,Chuchche Dhunga Picnic Spot,"kali temple, dhaulaikhaela 45200, naepaala",27.6104166,85.5690068,4.4,dhaulaikhaela, picnic,,Missing description
2161,baalaajau udayaana,"P8M2+GFM, taraishaulaii raajamaaraga, kaathamaadaauँ 44600, naepaala",27.7338465,85.3011804,4.1,taraishaulaii raajamaaraga, park,,Missing description
2162,Kul dewata darchula marma,"PRPV+4G6, 10100, naepaala",29.7352815,80.8437803,0.0,10100, hindu_temple,,Missing description
2163,View point park,"H14, saiitaada 10200, naepaala",29.618635,80.4763358,5.0,saiitaada, park,,Missing description
2164,laekama,"laekama, naepaala",29.6447995,80.4270627,,naepaala, tourist_attraction,,Missing description
2165,Deuchula daeuchaulaa local name,"RRMX+F68, apaii 10100, naepaala",29.8336706,80.8480648,5.0,apaii, tourist_attraction,,Missing description
2166,Dolkar Thanka Arts,"JGJM+5V5, dhaulaikhaela 45210, naepaala",27.6303896,85.5347578,5.0,dhaulaikhaela, art_gallery,,Missing description
2167,Bankada Chormai,"JF3M+PWV, nawaalaii 10200, naepaala",29.6043594,80.4847814,5.0,nawaalaii, hike,,Missing description
2168,Dulal Gaun Namuna Pratikshyalaya,"RHP3+583, maelamachaii, naepaala",27.8353981,85.5532975,0.0,maelamachaii, tourist_attraction,,Missing description
2169,Devisthan,"MJC5+F9X, paaँchakhaala 45212, naepaala",27.6712339,85.6084986,4.5,paaँchakhaala, hindu_temple,,Missing description
2170,Valentine Hill,"panaautaii 45200, naepaala",27.6234225,85.4801181,4.2,naepaala, picnic,,Missing description
2171,taaraebhaiira,"Q9JQ+5FP, gaokaranaeshawara 44600, naepaala",27.7804722,85.3887086,4.4,gaokaranaeshawara, hike,,Missing description
2172,Dhunibeshi,"P57J+927, naaubaisae 45100, naepaala",27.71367,85.179889,4.1,naaubaisae, park,,Missing description
2173,BCM Milestone Church,"P5FG+V5J, naaubaisae 45100, naepaala",27.7247262,85.1753292,5.0,naaubaisae, church,,Missing description
2174,Anikesh Gorkhali dada,"Dhading Besi Rajmarga 4, nailakanatha 45100, naepaala",27.8871306,84.9146211,3.0,nailakanatha, tourist_attraction,,Missing description
2175,Madarsha Faizur Rasool ﷺ,"M6W8+8V2, paृthawaii raajamaaraga, chanadaraagairaii 44600, naepaala",27.6958214,85.2170229,0.0,paृthawaii raajamaaraga, mosque,,Missing description
2176,Kalu Pandey Museum,"P69F+33V, chanadaraagairaii 44600, naepaala",27.7177652,85.2225815,4.3,chanadaraagairaii, museum,,Missing description
2177,Naubise dhading,"P5C7+34G Regmi madhu niwas, naaubaisae 45100, naepaala",27.7210279,85.1630481,0.0,naaubaisae, hindu_temple,,Missing description
2178,kaalau paanadae samaadhai (dahachaoka),"P69F+33V, chanadaraagairaii 44600, naepaala",27.7177347,85.2226746,4.4,chanadaraagairaii, monument,,Missing description
2179,dhaunaiibaemshaii,"dhaunaiibaemshaii, naepaala",27.7175167,85.1624741,,naepaala, historic_site,,Missing description
2180,sawaijaralayaanada paaraka,"P68M+2P6, chanadaraagairaii 44619, naepaala",27.7150462,85.2342752,3.9,chanadaraagairaii, picnic,,Missing description
2181,"Gurdum, Dhunibeshi Municipality Ward No 7","M4WG+H7, naaubaisae 45100, naepaala",27.6964423,85.1257204,5.0,naaubaisae, hike,,Missing description
2182,nilkantha shahid park,"WV9J+Q95, Pasupati - Simle - Palpa Sadak, nailakanatha 45100, naepaala",27.919385,84.8809984,3.8,Pasupati - Simle - Palpa Sadak, park,,Missing description
2183,waidaeshaii jala raajaya,"RW43+FVH, Prithivi Rajmarga, paidaa 45112, naepaala",27.8061991,84.9047438,3.7,Prithivi Rajmarga, amusement_park,,Missing description
2184,Bijay Church Dhading,"WWJH+M89, nailakanatha 45100, naepaala",27.9316687,84.9283732,5.0,nailakanatha, church,,Missing description
2185,phaurakae khaolaa dhaadaimga jaanae paula,"RR2V+QR3 basa baisaaunaii, H04, gajauraii, naepaala",27.801885,84.8445327,3.6,H04, tourist_attraction,,Missing description
2186,Dhading masjid,"WV6R+QWQ, nailakanatha 45100, naepaala",27.9119707,84.8923636,0.0,nailakanatha, mosque,,Missing description
2187,Jurethum View Tower,"nailakanatha 45100, naepaala",27.9080398,84.9363566,3.9,naepaala, museum,,Missing description
2188,Hari Art Sunchandi,"Bus Ticketing Office, Dhading Besi Rajmarga, nailakanatha 45100, naepaala",27.9111768,84.89258,5.0,Dhading Besi Rajmarga, art_gallery,,Missing description
2189,Nerude mirmire LBSL Branch Office pashupatidanda,"WV7M+V4V, nailakanatha 45100, naepaala",27.9147454,84.8828097,4.7,nailakanatha, hindu_temple,,Missing description
2190,Statue of Sankhadhar Sakhwa,"WV6V+C3C, Dhading Besi Rajmarga, nailakanatha 45100, naepaala",27.9111379,84.8927626,0.0,Dhading Besi Rajmarga, monument,,Missing description
2191,Simle,"Dhading, Aarughat Road 9, nailakanatha 45100, naepaala",27.9178957,84.8765332,4.9,Aarughat, historic_site,,Missing description
2192,NepalOCNTravel - Best Homestay in Nepal,"Dhading Distric Neelkhanta-12 dhading bensi dhading Neelkhanta-12, 45100, naepaala",27.9152069,84.9062508,5.0,45100, trek,,Missing description
2193,Gurung gau,"Dhading pauwa, nailakanatha 45100, naepaala",27.8907768,84.9090959,5.0,nailakanatha, hike,,Missing description
2194,Malekhu Adventure Beach Resort,"salaamga 45100, naepaala",27.8094856,84.8181254,4.0,naepaala, park,,Missing description
2195,Male Bagar Church,"WV7V+CC2, nailakanatha 45100, naepaala",27.9135375,84.8934162,3.9,nailakanatha, church,,Missing description
2196,saidadhalaeka,"saidadhalaeka, naepaala",27.8434644,84.84567,,naepaala, tourist_attraction,,Missing description
2197,Amir Khan Jame Masjid,"RQ5F+XV5, ghayaalachaoka 45100, naepaala",27.8099003,84.7747662,5.0,ghayaalachaoka, mosque,,Missing description
2198,Third Eye Aqua Hub,"RR4P+7G3, paृthawaii raajamaaraga, gajauraii 45100, naepaala",27.805633,84.8362906,0.0,paृthawaii raajamaaraga, aquarium,,Missing description
2199,Shiva Temple,"Dhadingbesi Hwy 5, nailakanatha 45100, naepaala",27.9105895,84.88774,4.5,nailakanatha, hindu_temple,,Missing description
2200,The Trisuli Center( Rural Heritage Accommodations),"Dhading 45100, naepaala",27.809628,84.773085,4.1,naepaala, picnic,,Missing description
2201,Anubhab magar,"2XJW+6PX, 45100, naepaala",28.0306063,84.9968514,4.7,45100, park,,Missing description
2202,"naalamao jharanaa, Nalmo Falls","23X3+G94, 45100, naepaala",28.0487713,85.0534565,5.0,45100, amusement_park,,Missing description
2203,"Ulang Paticho Mandali, Khaniyabas 2, Jharlang","424F+XF3, jhaaralaangaga 45100, naepaala",28.1073681,85.0237024,5.0,jhaaralaangaga, church,,Missing description
2204,khanaiyaabaasa,"khanaiyaabaasa, naepaala",28.0441086,85.0065717,,naepaala, tourist_attraction,,Missing description
2205,"gaomabaongajaonga, Gombongjong","22X9+H4, satayadaewaii 45100, naepaala",28.0489854,85.017788,5.0,satayadaewaii, museum,,Missing description
2206,kaohainaura ekayauraiyama,"Guna Kamdev Marg, kaathamaadaauँ 44600, naepaala",27.6998874,85.3042867,4.1,kaathamaadaauँ, aquarium,,Missing description
2207,bachachhalaadaewaii manadaira,"2XRW+R8X, 45100, naepaala",28.0421234,84.995862,5.0,45100, hindu_temple,,Missing description
2208,Guru Rinpoche statue,"227X+M7, kainataamga 44900, naepaala",28.0140257,85.0488343,5.0,kainataamga, monument,,Missing description
2209,Khaniyabus Piknic Area,"22X7+3P, satayadaewaii 45100, naepaala",28.0477027,85.0142827,5.0,satayadaewaii, picnic,,Missing description
2210,yaabaraa baraa,"3225+9WR, 45100, naepaala",28.0509969,85.0097555,5.0,45100, hike,,Missing description
2211,gangagaa jamaunaa manadaira,"3WQ8+353, Baseri 45100, naepaala",28.0876291,84.9154189,4.6,Baseri, park,,Missing description
2212,saiima‌‍‍‌bara dhaaraa,"3X4W+JG9, 45100, naepaala",28.0565263,84.996374,5.0,45100, amusement_park,,Missing description
2213,Choke Church,"32V2+MRV, 45100, naepaala",28.0942005,85.0020268,5.0,45100, church,,Missing description
2214,kaumaaraii maai kaृshai tathaa pashaupanachhaii pharama,"R3J8+Q7, dauipaipala 44900, naepaala",27.8318843,85.0656598,0.0,dauipaipala, zoo,,Missing description
2215,gangagaajamaunaa gaauँpaalaikaa,"3W7C+49M, 45100, naepaala",28.0628344,84.9209241,4.3,45100, historic_site,,Missing description
2216,Gumba - Ganga Jamuna View Point,"manabau 45100, naepaala",28.1053324,84.9062816,5.0,naepaala, hike,,Missing description
2217,daipa chaautaaraa,"Dip Dhading, kalalaeraii 45100, naepaala",27.8301528,85.0105467,0.0,kalalaeraii, park,,Missing description
2218,Jeshurun Baptish chruch thakre 01,"Q227+RR4, bhauumaisathaana 45100, naepaala",27.7520215,85.0145813,5.0,bhauumaisathaana, church,,Missing description
2219,galachhaii bagara raesaorata,"R233+6W5, gaoganapaanaii 45100, naepaala",27.8030213,85.0048519,3.9,gaoganapaanaii, tourist_attraction,,Missing description
2220,Lower Chandretar,"V325+74P, raatamaatae 44900, naepaala",27.8507033,85.0578411,4.0,raatamaatae, museum,,Missing description
2221,mahaadaewa manadaira galachhaii,"R222+GRX, gaoganapaanaii 45100, naepaala",27.8013673,85.0020995,3.9,gaoganapaanaii, hindu_temple,,Missing description
2222,galachhaii,"galachhaii, naepaala",27.7958244,85.0002668,,naepaala, historic_site,,Missing description
2223,Galchhi Bazaar,"Q2W2+64C, H04, baairaenaii 45100, naepaala",27.7958244,85.0002668,3.6,H04, historic_site,,Missing description
2224,Bhanjang,"RX6V+3W, kalalaeraii 45100, naepaala",27.8101875,84.9948125,4.5,kalalaeraii, hike,,Missing description
2225,Dhading thakre,"P4Q2+GFH, thaakarae 45100, naepaala",27.7388154,85.1012477,4.2,thaakarae, park,,Missing description
2226,Stone Tap/dhaungagaedhaaraa,"M9XV+JF8, madhayapaura thaimaii 44600, naepaala",27.6990371,85.393706,5.0,madhayapaura, amusement_park,,Missing description
2227,thaakarae gaauँpaalaikaa,"Q328+2P9, paृthawaii raajamaaraga, thaakarae 45100, naepaala",27.7500399,85.0668564,4.9,paृthawaii raajamaaraga, church,,Missing description
2228,waishanau kaunada,"M9GM+WG3, madhayapaura thaimai 44600, naepaala",27.6773034,85.3838113,4.4,madhayapaura, hindu_temple,,Missing description
2229,thaakarae,"thaakarae 45100, naepaala",27.7388154,85.1012477,,naepaala, historic_site,,Missing description
2230,Hamro danda,"M97P+8VJ, ananatalaingagaeshawara, naepaala",27.6633489,85.3871554,5.0,ananatalaingagaeshawara, hike,,Missing description
2231,Hatigauda,"X2F3+97F Dhading, samajaomnga 3, naepaala",27.9734286,85.003177,0.0,samajaomnga, park,,Missing description
2232,Semjong Church,"XXMW+F66, samajaomnga 45100, naepaala",27.9836654,84.99553,5.0,samajaomnga, church,,Missing description
2233,naetaraawataii dabajaonga,"naetaraawataii dabajaonga, naepaala",27.9565932,84.996119,,naepaala, tourist_attraction,,Missing description
2234,Tripura Sundari Mai Temple,"Salyankot VDC,Dhading, Nepal, 45100, naepaala",27.998862,84.8485665,4.3,Dhading, hindu_temple,,Missing description
2235,"Eternal Life Church Jogimara,Dhading","RM3Q+JF5, jaogaiimaaraa 45100, naepaala",27.8039494,84.6887448,0.0,jaogaiimaaraa, church,,Missing description
2236,baenaiighaata raoraangaga,"baenaiighaata raoraangaga, naepaala",27.7817173,84.8132932,,naepaala, tourist_attraction,,Missing description
2237,baenaighaata,"baenaighaata, naepaala",27.7923415,84.8046446,,naepaala, tourist_attraction,,Missing description
2238,"baenaiighaata raoraanga gaauँpaalaikaa, waishaalataara","RQ59+7M6, baenaighaata 45100, naepaala",27.8081848,84.7691634,4.1,baenaighaata, tourist_attraction,,Missing description
2239,Foot Bridge,"RR6M+3VG, baenaighaata 45100, naepaala",27.8101924,84.8347135,0.0,baenaighaata, tourist_attraction,,Missing description
2240,Mahadevsthan Temple,"QRR3+WVJ, baenaighaata 45100, naepaala",27.7923415,84.8046446,5.0,baenaighaata, hindu_temple,,Missing description
2241,"Chepang Hill Trek, Nepal","jaogaiimaaraa 45100, naepaala",27.7878384,84.6619053,3.7,naepaala, trek,,Missing description
2242,thaama bhanajayaanga paikanaika maaidaana,"PV6H+87J, paidaa 45100, naepaala",27.7108456,84.8781304,3.0,paidaa, picnic,,Missing description
2243,Gautar jungle,"RP9W+93J, ghayaalachaoka, naepaala",27.8184506,84.7451455,5.0,ghayaalachaoka, hike,,Missing description
2244,Gajuri Punaruthan Church gajauraii characha,"paृthawaii raajamaaraga, 45112, naepaala",27.8041131,84.8811854,0.0,45112, church,,Missing description
2245,Dhading Gajuri Rakshing,"QV74+998, gajauraii 45100, naepaala",27.7634102,84.8559506,5.0,gajauraii, tourist_attraction,,Missing description
2246,malaekhau paula,"gajauraii 45100, naepaala",27.8070017,84.8353298,4.0,naepaala, museum,,Missing description
2247,Deep Art,"Gajuri Baazar, 45112, naepaala",27.8053718,84.8808938,5.0,45112, art_gallery,,Missing description
2248,Baruwal gaaun,"QV78+926, gajauraii 45100, naepaala",27.7634019,84.8650054,0.0,gajauraii, hindu_temple,,Missing description
2249,Gajuri 6 milantar,"QWRM+7C, paidaa 45100, naepaala",27.7906413,84.9335881,1.5,paidaa, monument,,Missing description
2250,Geo tour ko rukh pulchowk,"QRVJ+QW, baenaighaata 45100, naepaala",27.7943835,84.832314,0.0,baenaighaata, hike,,Missing description
2251,Dhading salyantar galachhainadaila,"XQJV+V55, salayaanataara, naepaala",27.9821254,84.7929921,4.5,salayaanataara, park,,Missing description
2252,Tusal Tikre Dhunge Dhara,"M7J7+QGC, chanadaraagairaii 44600, naepaala",27.6826905,85.2637788,5.0,chanadaraagairaii, amusement_park,,Missing description
2253,St. Thomas Believers Eastern Church Salyantar Dhading,"XRX6+2QX, salayaanataara, naepaala",27.9976003,84.8120122,0.0,salayaanataara, church,,Missing description
2254,Love Danda (Tripura Sundari Tauthali),"PVQV+GHP, taauthalaii 45302, naepaala",27.7388457,85.8939534,5.0,taauthalaii, trek,,Missing description
2255,"Ruby Valley, Dhading, Nepal","53HM+2FR, 45100, naepaala",28.1776034,85.0836344,5.0,45100, park,,Missing description
2256,Khading presbyterin church in nepal,"5XHV+6G4, 45100, naepaala",28.1780016,84.9938346,0.0,45100, church,,Missing description
2257,Hindung (hainadaungaga),"Hindung,rubivalley-4, naepaala",28.2159092,85.081403,3.0,rubivalley-4, tourist_attraction,,Missing description
2258,Tipling Gumba (taipalainga gaumabaa),"54H4+6V3, 45100, naepaala",28.1779957,85.1071628,2.6,45100, mosque,,Missing description
2259,Ruby Valley,"5375+F6Q, 45100, naepaala",28.1637243,85.0580965,0.0,45100, art_gallery,,Missing description
2260,shaiwa daaँdaa rauwai bhayaalaii,"5374+PVR, 45100, naepaala",28.1643571,85.0571515,0.0,45100, hindu_temple,,Missing description
2261,Singla Mane saingalaha manae,"4449+WV9, jhaaralaangaga 45100, naepaala",28.1072943,85.1197391,4.9,jhaaralaangaga, hike,,Missing description
2262,Bus park dhankuta,"X8FR+HPR, dhanakautaa 56800, naepaala",26.9739764,87.3417531,4.5,dhanakautaa, park,,Missing description
2263,dhanakautaa basapaaraka,"Buspark, dhanakautaa 7, naepaala",26.9708455,87.3437001,4.0,dhanakautaa, amusement_park,,Missing description
2264,"Logos Presbyterian Church, Hile-1, Dhankuta","28M7+HF, dhanakautaa 56806, naepaala",27.0362849,87.3119831,5.0,dhanakautaa, church,,Missing description
2265,namasatae jharanaa,"V8GJ+WRQ, V8FJ+HRV Dharan, dhanakautaa, naepaala",26.8739997,87.3320604,4.3,V8FJ+HRV Dharan, tourist_attraction,,Missing description
2266,Yuma Tanjelung,"XC22+3MX, khauwaaphaoka 56800, naepaala",26.9502452,87.4017291,5.0,khauwaaphaoka, museum,,Missing description
2267,sawayama aarata gayaalaraii,"R7CP+4FX, paृthawaii patha, dharaana 56700, naepaala",26.8203665,87.2862404,4.0,paृthawaii patha, art_gallery,,Missing description
2268,Narapateshwar Shiwalaya Mandir(narapataeshawara shaiwaalaya manadaira),"X8CV+2F4 Bus Station, Dharan Dhankuta Rajmarga, dhanakautaa 56800, naepaala",26.9700101,87.343702,0.0,Dharan Dhankuta Rajmarga, hindu_temple,,Missing description
2269,Sahid Smarak Stambha,"X8CV+9CJ, Dharan Dhankuta Hwy, dhanakautaa 56800, naepaala",26.9709728,87.3435191,5.0,Dharan Dhankuta Hwy, monument,,Missing description
2270,Dhankuta tower,"X933+45M, dhanakautaa 56800, naepaala",26.9528305,87.3529303,4.0,dhanakautaa, trek,,Missing description
2271,Pakhribas Picnic Spot,"373G+H4V, paakharaiiwaasa 56800, naepaala",27.0539925,87.2752847,4.1,paakharaiiwaasa, picnic,,Missing description
2272,Sildhunga park,"X8WJ+J7R, dhanakautaa 56800, naepaala",26.9966027,87.3306448,4.7,dhanakautaa, park,,Missing description
2273,Thecho United Church,"J87F+62G, dhurikhel, thaechao 44700, naepaala",27.6130912,85.322589,5.0,dhurikhel, church,,Missing description
2274,panyacha mahaalakashamaii manadaira,"PF8C+MR6, chaaँgaunaaraayana 44600, naepaala",27.7166265,85.4720009,4.3,chaaँgaunaaraayana, hindu_temple,,Missing description
2275,"mahaalakashamaii nagarapaalaikaa waada nam १, dhanakautaa","49JF+P53, Mahalaxmi municipality 56800, naepaala",27.131752,87.3729074,5.0,Mahalaxmi, historic_site,,Missing description
2276,mahaalakashamaii nagarapaalaikaa,"4879+CJV, dhanakautaa 56800, naepaala",27.1136134,87.3190223,4.2,dhanakautaa, trek,,Missing description
2277,hailae gaumabaa,"28H7+G62, kaoshaii raajamaaraga, dhanakautaa 56806, naepaala",27.0287511,87.3130093,4.1,kaoshaii raajamaaraga, mosque,,Missing description
2278,kaृshai anausanadhaana kaenadara,"paakharaiiwaasa 56806, naepaala",27.047596,87.2934383,4.5,naepaala, zoo,,Missing description
2279,bakarakaunada manadaira hailae,"28C5+3VX, dhanakautaa 56806, naepaala",27.0202427,87.309739,4.6,dhanakautaa, hindu_temple,,Missing description
2280,"Pakhribas Bazar,Dhankuta","374F+CPC, Unnamed Road, paakharaiiwaasa 56800, naepaala",27.0560678,87.2742678,4.8,Unnamed Road, monument,,Missing description
2281,namasatae jharanaa paarakaingaga sathala,"V8GJ+WPP, kaoshaii raajamaaraga, bhaedaetaara 56800, naepaala",26.8773253,87.331835,4.3,kaoshaii raajamaaraga, park,,Missing description
2282,Jharna,"VCGJ+HF5, raajaaraanaii 56800, naepaala",26.876382,87.4312347,3.9,raajaaraanaii, amusement_park,,Missing description
2283,Anugraha Kamphek Church,"V83H+QP3 Rajarani - Rabi - Ranke, bhaedaetaara 56804, naepaala",26.8543789,87.3292952,0.0,bhaedaetaara, church,,Missing description
2284,saaँgauraiigadhaii,"V893+J45, bhaedaetaara 56700, naepaala",26.869017,87.30286,4.4,bhaedaetaara, tourist_attraction,,Missing description
2285,naishaana bhagawataii manadaira,"X8GV+49Q, Hulak Tole & Thadobazar Street, dhanakautaa 56800, naepaala",26.9753451,87.3434929,4.5,Hulak Tole & Thadobazar Street, hindu_temple,,Missing description
2286,Chuliban Deurali and Mangdinpakha Community Forest,"X85X+PG2, Unnamed Road, dhanakautaa 56800, naepaala",26.9592606,87.3487772,4.4,Unnamed Road, hike,,Missing description
2287,Hile Church,"Dordi Rural Municipality Ward No 9, Taksaar, 56806, naepaala",27.0354155,87.3170379,5.0,Taksaar, church,,Missing description
2288,chhathara jaorapaataii,"chhathara jaorapaataii, naepaala",27.0559613,87.3665071,,naepaala, tourist_attraction,,Missing description
2289,Bagaret bagaraeta,"XFV4+42, panyachakanayaa paokharaii 57500, naepaala",26.9928412,87.4550034,0.0,panyachakanayaa, museum,,Missing description
2290,Fender pets Aquarium shop,"Unnamed Road, gaokaranaeshawara 44600, naepaala",27.7183825,85.3822816,4.9,gaokaranaeshawara, aquarium,,Missing description
2291,Tongba Chowk,"28H7+F5Q, kaoshaii raajamaaraga, dhanakautaa 56806, naepaala",27.0287,87.313,4.2,kaoshaii raajamaaraga, monument,,Missing description
2292,D Tar dai taara kauraulae / chaaubaisae ४ dhanakautaa Dhankuta,"D Tar dai taara kauraulae / chaaubaisae ४, naepaala",26.9819678,87.4889075,5.0,naepaala, park,,Missing description
2293,Pani Kuwa,"XF2R+F2X, kauraulae taenaupaa 57500, naepaala",26.9512452,87.4901086,0.0,kauraulae, amusement_park,,Missing description
2294,PRASANSA CHURCH TODKE,"VGV9+P3, maudhaebaasa 56800, naepaala",26.894456,87.5187034,0.0,maudhaebaasa, church,,Missing description
2295,"janajaatai samgaraalaya, chaauwaisae- ७","WC2Q+WFR, maaunaabaudhauka 56800, naepaala",26.9023666,87.4386467,4.0,maaunaabaudhauka, museum,,Missing description
2296,bhauukamapa samaaraka,"R76P+Q4X, dharaana 56700, naepaala",26.81199,87.2853496,4.0,dharaana, monument,,Missing description
2297,chaauwaisae,"chaauwaisae, naepaala",26.9073419,87.4418454,,naepaala, historic_site,,Missing description
2298,Sagurigadhi Picnic Park,"W9CJ+5RW, khauwaaphaoka 56800, naepaala",26.9204874,87.3820736,5.0,khauwaaphaoka, picnic,,Missing description
2299,Dhankuta,"W5WR+7V6, chhainataanga 56800, naepaala",26.945655,87.192136,4.5,chhainataanga, park,,Missing description
2300,SAHIDBHUMI GAUNPALIKA SAHID GATE,"X7HC+3VG, aaँkhaisalalaa 56800, naepaala",26.9777,87.2722,4.2,aaँkhaisalalaa, museum,,Missing description
2301,Sushil art center,"X8HV+59H, Sharki Tole Street, dhanakautaa 56800, naepaala",26.9779327,87.3434835,4.8,Sharki Tole Street, art_gallery,,Missing description
2302,sahaidabhauumai,"sahaidabhauumai, naepaala",26.9671865,87.2490238,,naepaala, historic_site,,Missing description
2303,"kaoilaa khaanaii, saaghauraiigadhaii dhanakautaa (Coal Mine Saghurigadhi, Dhankuta)","V6V4+5RW, aahaalae 56800, naepaala",26.8929976,87.2070797,0.0,aahaalae, trek,,Missing description
2304,Thadi Pokhari,"Basahiya-24, janakapaura, naepaala",26.6938355,85.9074526,3.0,janakapaura, amusement_park,,Missing description
2305,Al-Jamiatul Hanafiatul Ghausia Mosque,"PWHG+X28, jaanakaii mamdaira maaraga, janakapaura 45600, naepaala",26.7299182,85.9250859,4.4,jaanakaii mamdaira maaraga, mosque,,Missing description
2306,"IT park, Janakpur","PW96+VG2, janakapaura 45600, naepaala",26.7196441,85.9112687,3.7,janakapaura, zoo,,Missing description
2307,waidayaapatai samaaraka,"PWCH+M9V, paraikaramaa sadaka, janakapaura 45600, naepaala",26.7217422,85.9284071,4.3,paraikaramaa sadaka, monument,,Missing description
2308,52 Bigha,"PWRV+GVX, janakapaura 45600, naepaala",26.7413518,85.9447239,4.2,janakapaura, historic_site,,Missing description
2309,janakpur dham bela23,"PWGR+V73, janakapaura 45600, naepaala",26.7271466,85.9406745,0.0,janakapaura, trek,,Missing description
2310,"Mahendranagar, Madesh Pradesh","VX67+P3F, chhairaeshawaranaatha 45600, naepaala",26.8618036,85.9626829,0.0,chhairaeshawaranaatha, church,,Missing description
2311,Harsar10,"RXFH+C35, chhairaeshawaranaatha 45600, naepaala",26.8235241,85.9777228,3.7,chhairaeshawaranaatha, tourist_attraction,,Missing description
2312,chhairaeshawaranaatha,"chhairaeshawaranaatha 45600, naepaala",26.8694656,85.9815339,,naepaala, tourist_attraction,,Missing description
2313,kashairaeshawaranaatha,"kashairaeshawaranaatha, 45600, naepaala",26.8694456,85.9815259,,45600, tourist_attraction,,Missing description
2314,"Noori Jama Masjid, Kuchai Tole","VX78+3WJ, chhairaeshawaranaatha 45600, naepaala",26.8633357,85.9674327,5.0,chhairaeshawaranaatha, mosque,,Missing description
2315,NITESH PASUPALAN,"chhairaeshawaranaatha 45600, naepaala",26.8778305,85.9913299,0.0,naepaala, zoo,,Missing description
2316,Sandhya digital photo studio & computer press,"Dhulikhel Sindhuli Bhittamod Rajmarg, chhairaeshawaranaatha 45600, naepaala",26.8664474,85.9641723,5.0,chhairaeshawaranaatha, art_gallery,,Missing description
2317,Dhanusha Mahendranagar,"VX46+XJX, chhairaeshawaranaatha 45600, naepaala",26.8574875,85.961639,3.0,chhairaeshawaranaatha, hindu_temple,,Missing description
2318,Gangapur-3 masjid,"V3GJ+4P9, Ganeshman Charnath, Gangapur 3, naepaala",26.8752852,86.0818086,0.0,Ganeshman Charnath, mosque,,Missing description
2319,Ganesh Art,"Hospital Chowk tinkono Park Dekhi dachhin dachhinLahan, naepaala",26.7081608,86.4906393,4.0,naepaala, art_gallery,,Missing description
2320,ganaeshamaana chaaranaatha,"ganaeshamaana chaaranaatha, naepaala",26.9554568,86.1140892,,naepaala, historic_site,,Missing description
2321,GANESHU PALACE WHITE HOUSE,"Papermill Road, chhairaeshawaranaatha 45600, naepaala",26.8580278,85.9592966,4.7,chhairaeshawaranaatha, historic_site,,Missing description
2322,dhanaushaadhaama,"dhanaushaadhaama 45600, naepaala",26.8711866,86.0427626,,naepaala, historic_site,,Missing description
2323,dhanaushaa jailalaa,"dhanaushaa jailalaa, naepaala",26.8350474,86.0121573,,naepaala, historic_site,,Missing description
2324,shaaha maaraga dhanaushaa dhaama ५ naousaya baigahaa,"V28J+38G, dhanaushaadhaama 45600, naepaala",26.8651969,86.0308262,0.0,dhanaushaadhaama, historic_site,,Missing description
2325,Cultural Village,"V2CV+F4C, dhanaushaadhaama 45600, naepaala",26.8711866,86.0427626,3.5,dhanaushaadhaama, historic_site,,Missing description
2326,Dhanusha Dham,"R3J5+GCF, dhanaushaadhaama 45600, naepaala",26.8311901,86.0585534,0.0,dhanaushaadhaama, historic_site,,Missing description
2327,laamkauraii bhanajayaada,"MGRJ+259, Unnamed Road, taukauchaa naalaa 44812, naepaala",27.6900445,85.5304874,4.5,Unnamed Road, tourist_attraction,,Missing description
2328,Jama Masjid,"F2GJ+727, kapailawasatau 32800, naepaala",27.4756009,83.0300374,5.0,kapailawasatau, mosque,,Missing description
2329,Hindu Temple,"JQW6+C59, naainahaii 45700, naepaala",26.6454538,85.7608334,5.0,naainahaii, hindu_temple,,Missing description
2330,Jogendra Memorial Medical Hospital(P.H.Creek),"Bus Station, Umgaon, Naharniya Road, Kasera, Bihar 847225, bhaarata",26.611829,85.970593,0.0,Umgaon, monument,,Missing description
2331,Dhanpal Gadhi Jungle,"H9XW+32H, banaigaamaa raoda, baelawaaraii 56600, naepaala",26.5976796,87.395103,4.7,banaigaamaa raoda, historic_site,,Missing description
2332,naangagao daaँdaa,"W4F9+M2, chaaragharae 44900, naepaala",27.9241649,85.1175287,5.0,chaaragharae, hike,,Missing description
2333,Paudeswor Bodil,"PXJQ+M9G, paaudaeshawara 45600, naepaala",26.7316839,85.988455,0.0,paaudaeshawara, amusement_park,,Missing description
2334,jhitakahiya masjid,"P2H9+P63, paaudaeshawara 45600, naepaala",26.7292564,86.0180381,4.7,paaudaeshawara, mosque,,Missing description
2335,sharaii shaiwa manadaira,"Hanspur-08, jhataiyaahaii 45600, naepaala",26.777063,86.0534028,5.0,jhataiyaahaii, hindu_temple,,Missing description
2336,Dhulla,"PFJ7+96M, shangakharaapaura 44600, naepaala",27.7309713,85.4630542,4.9,shangakharaapaura, historic_site,,Missing description
2337,Picnic place,"Q2FQ+J6, saugaa naikaasa 45600, naepaala",26.7740932,86.0380946,4.5,saugaa, picnic,,Missing description
2338,janamaaitaraii paaraka (paepasaiikaolaa taauna palaana),"gaauraiipautara maaraga, kaathamaadaauँ 44600, naepaala",27.6920404,85.364882,4.2,kaathamaadaauँ, park,,Missing description
2339,St. John Believers Eastern Church,"Gangalal Marg 7, kaathamaadaauँ 44600, naepaala",27.7184327,85.3870511,5.0,kaathamaadaauँ, church,,Missing description
2340,"Jama Masjid Ahle Hadis Sabaila-08,Thillaجامع مسجد اهلحديث ٹھیلا","baraka masjid Road, sabaailaa 45600, naepaala",26.7853221,86.0973627,4.4,sabaailaa, mosque,,Missing description
2341,Wonderland,"RXC2+38Q, Dhulikhel Sindhuli Bhittamod Rajmarg, chhairaeshawaranaatha 45600, naepaala",26.8193724,85.9497484,0.0,Dhulikhel Sindhuli Bhittamod Rajmarg, amusement_park,,Missing description
2342,Prerit Church Tetariya. ⛪✝️,"PXPC+P22, maanasaimhapatataii 45600, naepaala",26.7367626,85.9700167,0.0,maanasaimhapatataii, church,,Missing description
2343,MOHAMMED AL AMIN MASJID,"Unnamed Road, 45600, naepaala",26.7491972,85.9525767,5.0,45600, mosque,,Missing description
2344,Mithila Bihari Municipality,"QXMR+J7Q, Janakpur to Dhanusha Dham Road, taaraapatataii sairasaiyaa 45600, naepaala",26.7840668,85.9907356,4.2,Janakpur to Dhanusha Dham Road, monument,,Missing description
2345,"Cultural Village, Mithila, Nepal","2 (Purandaha, janakapaura 45600, naepaala",26.800725,86.0027007,4.4,janakapaura, historic_site,,Missing description
2346,Saraswati Park,"M3JF+XHH, bhaimaeshawara nagarapaalaikaa 45500, naepaala",27.6824361,86.0739758,4.6,bhaimaeshawara, park,,Missing description
2347,Righteousness Healing Church,"M3JC+995, bhaimaeshawara nagarapaalaikaa 45500, naepaala",27.68088,86.0709852,0.0,bhaimaeshawara, church,,Missing description
2348,bhaimaeshawara nagarapaalaikaa,"bhaimaeshawara nagarapaalaikaa, naepaala",27.6693233,86.0427626,,naepaala, aquarium,,Missing description
2349,Bhimeshwor Temple Dolakha,"M3HG+G5J, bhaimaeshawara nagarapaalaikaa 46649, naepaala",27.6779881,86.0764512,5.0,bhaimaeshawara, historic_site,,Missing description
2350,Charikot dolakha,"M382+J4X, bhaimaeshawara nagarapaalaikaa 45500, naepaala",27.6666634,86.0458727,4.4,bhaimaeshawara, historic_site,,Missing description
2351,Puranche Dolakha,"M3HG+579, bhaimaeshawara nagarapaalaikaa 45500, naepaala",27.6779065,86.0757436,5.0,bhaimaeshawara, historic_site,,Missing description
2352,charaikaota,"charaikaota, bhaimaeshawara nagarapaalaikaa 45500, naepaala",27.6666123,86.0504111,,bhaimaeshawara, historic_site,,Missing description
2353,Bhimeshwor Mandir,"G3CC+2R3, maelaunga 45500, naepaala",27.5200169,86.072037,4.7,maelaunga, historic_site,,Missing description
2354,Hatichahara,"P2M3+6HV, bhaimaeshawara nagarapaalaikaa, naepaala",27.7331006,86.0039163,5.0,bhaimaeshawara nagarapaalaikaa, hike,,Missing description
2355,Stone Park,"jairaii 45500, naepaala",27.6448639,86.3095604,4.4,naepaala, park,,Missing description
2356,jairaii shaalaoma ejaii characha,"J6QH+7WV, Serakapti Rd, jairaii 45500, naepaala",27.6382812,86.2298038,5.0,Serakapti Rd, church,,Missing description
2357,chaeradaunga haila jairaii,"M7H3+QW5, jairaii 45500, naepaala",27.6793867,86.2548713,4.9,jairaii, mosque,,Missing description
2358,Dolakha,"J6GG+XCV, jairaii 45500, naepaala",27.6274422,86.2259772,4.0,jairaii, art_gallery,,Missing description
2359,jairaii,"jairaii 45500, naepaala",27.6275504,86.2260131,,naepaala, art_gallery,,Missing description
2360,Kalinchok Temple High Camp,"Q24M+VMP, Kalinchok Marg, ghaorathalaii, naepaala",27.7572198,86.0341984,4.6,Kalinchok Marg, park,,Missing description
2361,kaalainyachaoka kaebalakaara sataeshana,"Q22J+2MG, Kalinchok Marg, Kuri Village, naepaala",27.7500532,86.0316962,4.0,Kalinchok Marg, amusement_park,,Missing description
2362,Lapilang church,"P2XP+729 village, RM5 kotethali, naepaala",27.7481546,86.035113,0.0,RM5 kotethali, church,,Missing description
2363,sharaii kaalainachaoka bhagawataii manadaira,"Q25M+4CH, Kalinchok Marg, Kuri Village, naepaala",27.7578061,86.0336016,4.6,Kalinchok Marg, mosque,,Missing description
2364,Dolakha Kalinchowk Resort,"Kalinchwok Rd, Kuri Village, naepaala",27.7453833,86.0315853,4.3,Kuri Village, aquarium,,Missing description
2365,Kuri Village,"P2WJ+WQM, Kuri Village, naepaala",27.7473318,86.0319253,4.5,Kuri Village, historic_site,,Missing description
2366,Bagkhor(baaghakhaaera),"G364+F69, maelaunga 45500, naepaala",27.5111676,86.0556128,5.0,maelaunga, park,,Missing description
2367,maelaunga gaauँpaalaikaa kaarayaalaya,"G3Q2+RJM, maelaunga 45500, naepaala",27.539585,86.0515269,4.8,maelaunga, mosque,,Missing description
2368,"Ward 6 Office, Melung Rural Municipality","G369+P8J, maelaunga 45500, naepaala",27.511845,86.0682532,0.0,maelaunga, mosque,,Missing description
2369,uparaetai itaihaasa samgarahaalaya shaailaunga daaelakhaa,"H2QW+6MJ, pawataii 45500, naepaala",27.5880845,86.0466264,3.7,pawataii, museum,,Missing description
2370,Jaleshwori Mai Mandir and Mahadev Mahadev Mandir Sallekhet Melung Dolakha,"G25V+4RF, daaँdaakharaka 45500, naepaala",27.5078195,86.0445507,0.0,daaँdaakharaka, hindu_temple,,Missing description
2371,Enduro Trail,"JRXV+93, laisamkhau, naepaala",27.6484088,85.84269,0.0,laisamkhau, hike,,Missing description
2372,Bigu Gumba,"45500, naepaala",27.8462481,86.0748982,5.0,naepaala, park,,Missing description
2373,Thamichagu Church,"Q3XR+6XP, baigau 45500, naepaala",27.7980787,86.0924408,0.0,baigau, church,,Missing description
2374,baigau,"baigau 45500, naepaala",27.84,86.06,,naepaala, tourist_attraction,,Missing description
2375,Navajoti Animal's farm,"Unnamed Road, 45200, paaँchakhaala 45200, naepaala",27.6141805,85.6636264,0.0,45200, zoo,,Missing description
2376,Daulang mahadab,"R3R6+222, baigau 45500, naepaala",27.84,86.06,0.0,baigau, hindu_temple,,Missing description
2377,GCAP,"Bigu rural municipality-4, saimgataii 45500, naepaala",27.7365813,86.1670852,4.8,saimgataii, mosque,,Missing description
2378,gaauraiishamkara chalachaitara manadaira,"M26X+9XW, laamaosaaँghau-raamaechhaapa raajamaaraga, bhaimaeshawara nagarapaalaikaa 45500, naepaala",27.660981,86.0499399,4.3,laamaosaaँghau-raamaechhaapa raajamaaraga, mosque,,Missing description
2379,Tiger Encounter,"amaृta maaraga, kaathamaadaauँ 44600, naepaala",27.7160176,85.312794,5.0,kaathamaadaauँ, zoo,,Missing description
2380,Scales And Fins petshop.,"Road 44600, kaathamaadaauँ 44600, naepaala",27.6971829,85.3501806,4.0,kaathamaadaauँ, aquarium,,Missing description
2381,Pani sansar,"27, 44600, naepaala",27.7101947,85.313403,4.4,44600, aquarium,,Missing description
2382,"Gaurishankar Conservation Area Liaison Office, Charikot,Dolakha (gaaairaiishamkara samrakashana kashaetara samaparaka kaarayaalaya,charaikaaeta,daaelakhaa)","M2CQ+2J3, laamaosaaँghau-raamaechhaapa raajamaaraga, bhaimaeshawara nagarapaalaikaa 45500, naepaala",27.6700006,86.0390613,4.5,laamaosaaँghau-raamaechhaapa raajamaaraga, art_gallery,,Missing description
2383,gaauraii shamkara,"gaauraii shamkara, naepaala",27.9004027,86.357952,,naepaala, art_gallery,,Missing description
2384,Gaurishankar Art & Publicity,"P85F+CG2, dhaobaii dhaaraa maaraga, kaathamaadaauँ 44600, naepaala",27.7085238,85.3237397,0.0,dhaobaii dhaaraa maaraga, art_gallery,,Missing description
2385,Gaurishankar Temple,"P7JR+2JW, kaathamaadaauँ 44600, naepaala",27.7301034,85.2915701,4.0,kaathamaadaauँ, hindu_temple,,Missing description
2386,gaauraiishangakara,"gaauraiishangakara, naepaala",27.9003962,86.3578575,,naepaala, historic_site,,Missing description
2387,"gaauraiishamkara gaauँpaalaikaa-३, daaँdaakharaka, daolakhaa","M6W2+RP4, jaugau 45500, naepaala",27.6970233,86.2018264,0.0,jaugau, historic_site,,Missing description
2388,"Adventure Gaurishankar - Nepal Trekking, Tour & Expedition Specialist","Maitri Marg, kaathamaadaauँ 44602, naepaala",27.7173349,85.3428844,0.0,kaathamaadaauँ, trek,,Missing description
2389,Hattijunge Waterfall - haatataiijaungagae jharanaa,"V68F+R7, gaauraii shamkara 45500, naepaala",27.8669765,86.2228828,4.8,gaauraii, hike,,Missing description
2390,waaitaeshawara,"waaitaeshawara, 45500, naepaala",27.632402,86.1022004,,45500, tourist_attraction,,Missing description
2391,MDS MUSEUM AND AGRO FARMING,"Q888+H6R, taarakaeshawara 44600, naepaala",27.7664537,85.3154909,3.9,taarakaeshawara, museum,,Missing description
2392,Pukhurcha tole,"M3GF+HCF, bhaimaeshawara nagarapaalaikaa 45500, naepaala",27.6764285,86.0735479,5.0,bhaimaeshawara, historic_site,,Missing description
2393,Sokla Rock Climbing Trail,"M37M+PF6, bhaimaeshawara nagarapaalaikaa 45500, naepaala",27.6642854,86.0836339,5.0,bhaimaeshawara, hike,,Missing description
2394,Sailung shaailaunga dolakha,"HX7G+CP, dadhauwaa 45500, naepaala",27.5635784,85.9768675,4.7,dadhauwaa, park,,Missing description
2395,"Mini Great Wall, Shailung","HXFG+QHC, daudhapaokharaii 45500, naepaala",27.5744374,85.976377,4.5,daudhapaokharaii, tourist_attraction,,Missing description
2396,Pathibhara @Sailung,"HXCH+54, shaailaungaeshawaora 45500, naepaala",27.5704422,85.9778113,5.0,shaailaungaeshawaora, hindu_temple,,Missing description
2397,"Lakheba, thulopatal","H5Q8+VP7, jairaii 45500, naepaala",27.589671,86.1668082,5.0,jairaii, park,,Missing description
2398,taarakae dhaaraa,"H442+XGQ, japhae 45500, naepaala",27.5574676,86.1013716,5.0,japhae, amusement_park,,Missing description
2399,taamaakaoshaii nadaii,"taamaakaoshaii nadaii, naepaala",27.650948,86.0879362,4.4,naepaala, tourist_attraction,,Missing description
2400,taamaakaoshaii,"taamaakaoshaii, naepaala",27.5444046,86.1298286,,naepaala, mosque,,Missing description
2401,Archis gallery,"M27X+W7P, charaikaota - laamabagara sadaka, bhaimaeshawara nagarapaalaikaa 45500, naepaala",27.6647098,86.0483172,5.0,charaikaota - laamabagara sadaka, art_gallery,,Missing description
2402,taamaakaoshaii paula,"J3CH+3G6, laamaosaaँghau-raamaechhaapa raajamaaraga, bhaimaeshawara nagarapaalaikaa 45500, naepaala",27.6201711,86.0787754,4.3,laamaosaaँghau-raamaechhaapa raajamaaraga, monument,,Missing description
2403,"taauthalai, sainadhaupalachaoka jaanae baatao","PW4P+VJ, taauthalaii, naepaala",27.7071843,85.9365378,3.9,taauthalaii, historic_site,,Missing description
2404,Himalayan Spirit Academy,"TAMAKOSHI-3, japhae, naepaala",27.550604,86.0993029,4.0,japhae, trek,,Missing description
2405,Pharpu picnic sport,"45400, naepaala",27.4782695,86.1439811,5.0,naepaala, picnic,,Missing description
2406,tailaelaii gaairaa,"2PW9+9C, laikhau 21400, naepaala",29.0459428,82.7185512,0.0,laikhau, park,,Missing description
2407,Piple Church,"HMQV+7C3, paipalae 44202, naepaala",27.5881779,84.6935528,4.4,paipalae, church,,Missing description
2408,Dunai,"XV2V+VHJ, daunaai 21400, naepaala",28.9522718,82.8938781,4.5,daunaai, tourist_attraction,,Missing description
2409,Upper Dolpo Circuit Trek,"XRJC+397, jauphaala 21400, naepaala",28.9801526,82.820925,4.7,jauphaala, trek,,Missing description
2410,daunaai,"daunaai 21400, naepaala",28.8815938,82.8855961,,naepaala, hike,,Missing description
2411,"Shey Phoksundo National Park office, Suligad","XVGJ+M3M, raha 21400, naepaala",28.9767242,82.8801804,4.7,raha, park,,Missing description
2412,Way to natural warm water.,"XVF8+5QH, daunaai 21400, naepaala",28.9729344,82.8669873,1.0,daunaai, amusement_park,,Missing description
2413,Holy Bride Church,"MRPG+5P4, ranamaamaaikaota 22000, naepaala",28.6853906,82.8268155,0.0,ranamaamaaikaota, church,,Missing description
2414,thauulaii bhaeraii,"thauulaii bhaeraii, naepaala",28.9553986,82.8927465,,naepaala, tourist_attraction,,Missing description
2415,THINLEY LHUNDUP LAMA MEMORIAL STUPA,"3V5V+WV, phaokasaunadao 21400, naepaala",29.0597583,82.8947306,3.0,phaokasaunadao, monument,,Missing description
2416,Upper Dolpo Trek,"XR96+X2R, jauphaala 21400, naepaala",28.97,82.81,4.0,jauphaala, trek,,Missing description
2417,"Ranga Village ,Dolpa","2Q56+M9, sauँhau 21400, naepaala",29.0092053,82.7609596,5.0,sauँhau, park,,Missing description
2418,baalaa taraipauraasaunadaraii manadaira,"2QGP+45Q, taraipauraakaota 21400, naepaala",29.0253284,82.785472,4.7,taraipauraakaota, church,,Missing description
2419,taraipauraasaunadaraii,"taraipauraasaunadaraii, 21400, naepaala",29.0259972,82.7752977,,21400, tourist_attraction,,Missing description
2420,"daapau, Daapu","2PQV+FQ, laikhau 21400, naepaala",29.0387296,82.7443,0.0,laikhau, museum,,Missing description
2421,Dolpo Zhur monastery,"552C+QRG, dhao 21400, naepaala",29.151949,83.1720812,5.0,dhao, church,,Missing description
2422,daolapao baudadha,"daolapao baudadha, naepaala",29.128279,83.1867694,,naepaala, tourist_attraction,,Missing description
2423,"Jagadulla,Dolpa","4GJ9+4R2, raimaii paaidaalamaaraga, raimaii 21400, naepaala",29.1302696,82.5195038,5.0,raimaii paaidaalamaaraga, park,,Missing description
2424,I lan joyti church.jajarkot.chepka,"Q7QW+45, daaँdaagaauँ, naepaala",28.7878015,82.2954545,5.0,daaँdaagaauँ, church,,Missing description
2425,Jagadulla Taal,"6HX7+7HC, kaaigaauँ 21400, naepaala",29.2481846,82.5638926,4.6,kaaigaauँ, tourist_attraction,,Missing description
2426,balaangachaaura,"3MHC+PP, pahaadaa 21400, naepaala",29.0793591,82.6718016,0.0,pahaadaa, zoo,,Missing description
2427,Mahadev or Shiva Temple,"3,thapagaun, kaaigaauँ, naepaala",29.125451,82.5757154,5.0,thapagaun, hindu_temple,,Missing description
2428,jagadaulalaa,"jagadaulalaa, 21400, naepaala",29.1316861,82.5204359,,21400, historic_site,,Missing description
2429,Jagadulla Khola-Thuli Bheri Confluence,"XHQH+JW7, kaalaikaa 21400, naepaala",28.9899692,82.579932,4.0,kaalaikaa, park,,Missing description
2430,"Maurey Lekh,Jumla-Dolpa Border","5F6J+96M, gauthaiichaaura 21400, naepaala",29.1611237,82.480369,5.0,gauthaiichaaura, tourist_attraction,,Missing description
2431,maudakaechaulaa,"maudakaechaulaa, 21400, naepaala",29.0197191,82.5516914,,21400, mosque,,Missing description
2432,Mid Point of Greater Nepal,"Mid, naayakabaadaa, naepaala",29.0164923,82.3885783,0.0,naayakabaadaa, museum,,Missing description
2433,chaugaau daolapaa,"2QM7+225, laikhau 21400, naepaala",29.032524,82.7625968,5.0,laikhau, historic_site,,Missing description
2434,"chaugaada,daolapaa","2QHF+7R3, pahaadaa 21400, naepaala",29.0281478,82.7745346,5.0,pahaadaa, hike,,Missing description
2435,Pingal park,"J869+4G3, Thecho outer road west, thaechao 44700, naepaala",27.6102658,85.3187926,4.3,Thecho outer road west, park,,Missing description
2436,silgadhi doti,"district administration office, daipaayala sailagadhaii 10800, naepaala",29.26643,80.9826519,4.6,daipaayala, amusement_park,,Missing description
2437,ANUGRAH CHURCH,"6WWQ+297, daipaayala sailagadhaii 10800, naepaala",29.245017,80.9383925,5.0,daipaayala, church,,Missing description
2438,daotaii darabaara,"daipaayala sailagadhaii 10800, naepaala",29.2561883,80.9458852,4.6,naepaala, tourist_attraction,,Missing description
2439,daipaayala sailagadhaii,"daipaayala sailagadhaii 10800, naepaala",29.2604745,80.9318332,,naepaala, tourist_attraction,,Missing description
2440,jamlaa dayao Harisiddhi Temple 𑐖𑑄𑐮𑐵 𑐡𑑂𑐫𑑅 𑐠𑐶𑐩𑐶 𑐩𑐴𑐾𑐱𑑂𑐰𑐬𑐷,"M9JP+964 Chapaa-Cho Tole Bus Stop, madhayapaura thaimai 44600, naepaala",27.6809072,85.3854611,5.0,madhayapaura, hindu_temple,,Missing description
2441,Silgadhi-Goldeula Hiking Route,"8XHC+Q36, daauda 10800, naepaala",29.3294172,80.9701372,3.7,daauda, trek,,Missing description
2442,Rampurwa Mosque,"6X88+MM7 Mosque, raamapaurauwaa 10800, naepaala",29.216667,80.966667,0.0,raamapaurauwaa, mosque,,Missing description
2443,Luwakhadi Mandir,"Shikhar MP-6, Luwakhadi Bridge, naepaala",29.2851139,80.8558406,5.0,Luwakhadi Bridge, hindu_temple,,Missing description
2444,Muna memorial academy dehimandu doti,"8VRC+879, daehaimaadauu 10800, naepaala",29.3407912,80.8707362,3.7,daehaimaadauu, monument,,Missing description
2445,shaikhara,"shaikhara, 10800, naepaala",29.2925845,80.7876898,,10800, historic_site,,Missing description
2446,Shikhar-taelaelaeka,"jaijaomaanadaau 10800, naepaala",29.2005499,80.7091892,5.0,naepaala, historic_site,,Missing description
2447,Basipukhu Peace Park,"M9JM+JVM, madhayapaura thaimai 44600, naepaala",27.6815876,85.3846733,3.6,madhayapaura, park,,Missing description
2448,Chaukhutte church,"Chaukhutte, saanaagaauँ 10800, naepaala",29.2602172,81.0999817,0.0,saanaagaauँ, church,,Missing description
2449,"Charkya lake,Doti","82J6+5W, jhaikaraanaa 10800, naepaala",29.330492,81.0123112,3.7,jhaikaraanaa, tourist_attraction,,Missing description
2450,Masjid (Mosque) Birtiprastoka,"X6WX+4VG, bairataiparasataokaa 44500, naepaala",26.9952919,85.2497621,5.0,bairataiparasataokaa, mosque,,Missing description
2451,baasaudhaaraa maalaiikaa ।,"83V8+PR2, 10800, naepaala",29.344255,81.0670253,0.0,10800, hindu_temple,,Missing description
2452,pauurawaiichaaukaii,"pauurawaiichaaukaii, naepaala",29.2778693,81.0404935,,naepaala, historic_site,,Missing description
2453,Dawa pound,"52J6+JG, baasaudaewaii 10800, naepaala",29.1815513,81.0113067,5.0,baasaudaewaii, trek,,Missing description
2454,Sajghat picnic sport,"73H2+PQ, saanaagaauँ 10800, naepaala",29.2793167,81.0519576,0.0,saanaagaauँ, picnic,,Missing description
2455,saurakhaeta-daotaii-kaailaalaii jailalaa taraiwainadau,"WXQJ+HC, lagaama, naepaala",28.9389008,80.9811208,0.0,lagaama, park,,Missing description
2456,"Badikedar,Doti thauulaa kaedaara dhaaramaika sathala","3WGF+3MP, 10800, naepaala",29.0752064,80.9241973,4.7,10800, church,,Missing description
2457,badaiikaedaara,"badaiikaedaara, 10800, naepaala",29.0067049,80.7508896,,10800, tourist_attraction,,Missing description
2458,"Babantak,jaskoda,dhanadi,lindado,ratoda","4QJJ+CP5, taijaalaii gaa wai sa 10800, naepaala",29.1310079,80.7818716,0.0,taijaalaii, park,,Missing description
2459,Emmanuel Church,"3HR7+8CM, baudara 10800, naepaala",29.0908213,80.5635006,0.0,baudara, church,,Missing description
2460,laamaitaala,"5PMG+8HH, jaijaomaanadaau 10800, naepaala",29.1833117,80.7264984,5.0,jaijaomaanadaau, tourist_attraction,,Missing description
2461,jaoraayala,"jaoraayala, 10800, naepaala",29.1121217,80.6812388,,10800, monument,,Missing description
2462,jaorayaala gaauँpaalaikaa kaarayaalaya,"4M7M+Q24, Katomato 10800, naepaala",29.1143999,80.6825928,3.3,Katomato, monument,,Missing description
2463,Khaptad National Park Entry gate,"82RW+F55, jhaikaraanaa 10800, naepaala",29.3409981,81.046105,0.0,jhaikaraanaa, park,,Missing description
2464,saayala gaauँ paalaikaa ०४ bhalamaa daotaii,"9259+23J, daauda 10800, naepaala",29.3575796,81.0176538,3.4,daauda, tourist_attraction,,Missing description
2465,Sarapa Tol Big Mosque Nepal,"pauurawa pashachaima raajamaaraga 4, maainaasahasharabaahau 56400, naepaala",26.6263654,86.628211,3.8,maainaasahasharabaahau, mosque,,Missing description
2466,paatala saamaudaayaika wana paatala,"CPX7+XCQ, saigaasa 10200, naepaala",29.4499721,80.7136157,5.0,saigaasa, museum,,Missing description
2467,kaalaikaa manadaira,"8X52+82, daipaayala sailagadhaii 10800, naepaala",29.3082733,80.9501239,5.0,daipaayala, hindu_temple,,Missing description
2468,sayal doti,"9223+MFV, daauda 10800, naepaala",29.3517376,81.0036821,3.7,daauda, monument,,Missing description
2469,Doti ghogatal,"8WXX+279, 10800, naepaala",29.3475281,80.9482227,4.5,10800, historic_site,,Missing description
2470,saayala,"saayala, naepaala",29.3475281,80.9482227,,naepaala, historic_site,,Missing description
2471,Aadarsha park,"HQ2R+R64, daaunanae daewaii maaraga, baradaghaata 33007, naepaala",27.5509032,83.7904038,4.3,daaunanae daewaii maaraga, park,,Missing description
2472,DTS service,"gaodaawaraii 44709, naepaala",27.6134557,85.3651795,0.0,naepaala, church,,Missing description
2473,Guide of Nepal | Hiking Guide,"Near overland Trek Nepal pvt. Ltd, pakanaajaola maaraga 16, kaathamaadaauँ 44600, naepaala",27.7137475,85.3083166,5.0,pakanaajaola, trek,,Missing description
2474,"Ki Singh 4 wayal,doti. Shiva Temple","5X57+GJH, 10800, naepaala",29.1588135,80.9641495,3.8,10800, mosque,,Missing description
2475,naepaala paaidala yaataraa taolaii paraa। laimaitaeda,"Nayabazar 16, Kathmandu, naepaala",27.7188945,85.3060132,4.9,Kathmandu, trek,,Missing description
2476,saurakhaeta-daotaii-achhaama taraiwainadau,"X483+7H5, lagaama 10700, naepaala",28.9655484,81.1037058,0.0,lagaama, park,,Missing description
2477,Kamatoli masjid,"GV3G+FF7, sauraungagaa- jhaapaa sadaka, taaghanadaubabaa 57200, naepaala",26.5036692,87.8761929,3.9,sauraungagaa- jhaapaa sadaka, mosque,,Missing description
2478,Bari,"5WGC+MG, bhaumairaajamadaau 10800, naepaala",29.1766826,80.9213635,0.0,bhaumairaajamadaau, museum,,Missing description
2479,Bogatan Risedi Kot,"6V2X+6FJ, daipaayala sailagadhaii 10800, naepaala",29.200598,80.8986502,0.0,daipaayala, museum,,Missing description
2480,Kundol Bhagawati Temple,"M9MV+6VH, nayaaँ sadaka, madhayapaura thaimai 44600, naepaala",27.6830521,85.3947283,4.2,nayaaँ sadaka, hindu_temple,,Missing description
2481,"baogataana phaudasaila gaauँpaalaikaa kaarayaalaya, chawaaraachaautaaraa","32FX+9JQ, mangagalasaena 10800, naepaala",29.0734684,81.049108,3.6,mangagalasaena, monument,,Missing description
2482,baogataana phaudasaila,"baogataana phaudasaila, naepaala",29.1417612,81.0424194,,naepaala, historic_site,,Missing description
2483,saetaii-baudhaiigamgaa daobhaana,"Bogtan RM, naepaala",29.0996349,81.1057505,0.0,naepaala, historic_site,,Missing description
2484,Nepal Boundary Trekking Agency Pvt. Ltd,"Bagmati Zone, Kaldhara Marg, kaathamaadaauँ 44600, naepaala",27.7157238,85.3078969,4.4,Kaldhara Marg, trek,,Missing description
2485,Bantol Picnic Spot wanataola paikanaika sathala,"J649+QVH, phaakhaela 44100, naepaala",27.6069454,85.2197348,0.0,phaakhaela, picnic,,Missing description
2486,Hosanna Church Gorkha Nepal,"XJWJ+GJ4, gaorakhaa 34000, naepaala",27.9962225,84.6315169,5.0,gaorakhaa, church,,Missing description
2487,Gorkha Aquarium House,"XJVG+GC5, aaँbau khaairaenaii-gaorakhaa raajamaaraga, gaorakhaa 34000, naepaala",27.9937729,84.6261121,5.0,aaँbau khaairaenaii-gaorakhaa raajamaaraga, aquarium,,Missing description
2488,sharaii kaalaikaa manadaira gaorakhaa,"2J3H+R97, gaorakhaa bajaara 34000, naepaala",28.0044672,84.6283897,4.6,gaorakhaa, hindu_temple,,Missing description
2489,Jungle area gorkha,"XJJ2+J6X, gaorakhaa 34000, naepaala",27.9816117,84.6005949,0.0,gaorakhaa, trek,,Missing description
2490,Green forest gorkha,"XJ5V+34G, gaorakhaa 34000, naepaala",27.9576839,84.642836,5.0,gaorakhaa, hike,,Missing description
2491,chaamabaotae chaautaarao,"2FJX+C64, Road, paalaungataara, naepaala",28.0310215,84.4980812,4.8,Road, park,,Missing description
2492,saapakaotaataara padhaeँraa,"2FMW+338, paalaungataara, naepaala",28.0326672,84.4951962,5.0,paalaungataara, amusement_park,,Missing description
2493,arachalae manadalaii,"XFVW+4M3, paalaungataara, naepaala",27.9932772,84.4964729,0.0,paalaungataara, church,,Missing description
2494,Thatipokhari (thaaँtaiipaokharaii),"3F2Q+J6, paalaungataara, naepaala",28.0516171,84.4880994,4.2,paalaungataara, tourist_attraction,,Missing description
2495,Nuri Islamic Jame Masjid,"3G94+GV4, paalaungataara, naepaala",28.0687551,84.5072151,0.0,paalaungataara, mosque,,Missing description
2496,jaimabaa taola,"palunter 5, Palungtar-Thatipokhari Road, gaorakhaa 34000, naepaala",28.0524619,84.4823914,4.0,Palungtar-Thatipokhari Road, monument,,Missing description
2497,paalaungataara,"paalaungataara, naepaala",28.044974,84.4796428,,naepaala, historic_site,,Missing description
2498,"saarakaiitaara taiinapaipalae,lamajaungaga","3FPX+QRF, paalaungataara, naepaala",28.0869449,84.4995618,0.0,paalaungataara, trek,,Missing description
2499,haatataiigaauँdaa wara chaautaaraa,"2FFX+FQ, paalaungataara, naepaala",28.0229161,84.5004238,4.5,paalaungataara, picnic,,Missing description
2500,Siddha Cave trail starting point,"SHILTHOK NEAR MONARCHY, SHILTHOK-WARD-4, wanadaiipaura 33904, naepaala",27.9380863,84.4123313,4.3,SHILTHOK-WARD-4, hike,,Missing description
2501,Amaare chautara -(amaarae chaautaaraa ),"3QJQ+XCH, naepaala",28.0824268,84.7886238,5.0,naepaala, amusement_park,,Missing description
2502,Bhachchek Church (Sirdi Branch's church),"5J3W+G2F, hamsapaura, naepaala",28.1536907,84.6460447,5.0,hamsapaura, church,,Missing description
2503,baarapaaka saulaikaota,"baarapaaka saulaikaota, naepaala",28.0850812,84.6965924,,naepaala, tourist_attraction,,Missing description
2504,MADRASA SIRAJUL ULOOM,"2MC7+555, deragaun .gorkha nepal, gaorakhaa 4, naepaala",28.0203852,84.6629217,4.0,deragaun .gorkha nepal, mosque,,Missing description
2505,Hattisude (haatataisauँdae daॉdaa),"Barpak Sulikot Rural Municipality - Ward No. 04 - Pokhari, gaorakhaa, naepaala",28.114296,84.6951524,5.0,gaorakhaa, hindu_temple,,Missing description
2506,sharaii raama shaahakao chaautaaraa,"2J4F+2RF, gaorakhaa 34000, naepaala",28.0050538,84.624542,4.5,gaorakhaa, monument,,Missing description
2507,Sulikot Hills saulaikaota daॉmdaa,"3PVH+R79, naepaala",28.0945331,84.7282493,4.8,naepaala, trek,,Missing description
2508,"Ski Place 700m ,Dharche Rural Municipal ,Gorkha","6Q3M+5H, laaparaaka, naepaala",28.2029476,84.7839343,0.0,laaparaaka, hike,,Missing description
2509,thaaँtaiipaokharaii dhaaraapaanaii,"2FXV+RMP, paalaungataara, naepaala",28.0495967,84.4941954,4.0,paalaungataara, amusement_park,,Missing description
2510,Chhoprak Church,"3H2P+F64, chhaoparaaka, naepaala",28.0511365,84.5855927,3.0,chhaoparaaka, church,,Missing description
2511,sairaanachaoka,"sairaanachaoka, naepaala",28.1121839,84.6441681,,naepaala, historic_site,,Missing description
2512,dhaaraapaanaii ramaailao (gauraunga gaauँ),"5J2X+G39, mauchaoka, naepaala",28.1512958,84.6477375,0.0,mauchaoka, trek,,Missing description
2513,sairaanyachaoka gaauँpaalaikaa,"3JP2+7WV, gaorakhaa, naepaala",28.0857399,84.6023095,4.0,gaorakhaa, hike,,Missing description
2514,Dobate,"6M3H+CF8, kharaibaota, naepaala",28.2035395,84.6786881,5.0,kharaibaota, park,,Missing description
2515,taaraii padhaerao,"4M73+5RP, phainaamataara jaauwaaraii sadaka, jaaubaaraii, naepaala",28.1136631,84.6552815,4.0,phainaamataara jaauwaaraii sadaka, amusement_park,,Missing description
2516,pawaitara aatamaikaii manadalaii,"Namki, Ajirkot-4, mauchaoka, naepaala",28.169083,84.658003,5.0,Ajirkot-4, church,,Missing description
2517,ajairakaota,"ajairakaota, naepaala",28.1723755,84.6628085,,naepaala, tourist_attraction,,Missing description
2518,Markaj Jame Masjid,"Jhingate,Ashrang 01 Gorkha, asharaamga 34000, naepaala",28.0203531,84.6988707,5.0,Ashrang 01 Gorkha, mosque,,Missing description
2519,Ajirkot hill.,"4JXQ+XPC, Unnamed Road, hamsapaura, naepaala",28.1499792,84.6392518,4.8,Unnamed Road, monument,,Missing description
2520,Jhyanwa 4 ajirkot,"5M3M+H8C, Simjung, naepaala",28.1549951,84.6834078,0.0,Simjung, historic_site,,Missing description
2521,Ajirkot Trial,"4JXQ+XPC, hamsapaura, naepaala",28.1487541,84.6392516,0.0,hamsapaura, trek,,Missing description
2522,aaँpadaaँdaa paataii,"WM7J+VRQ, taangalaichaoka, naepaala",27.9141806,84.6830121,4.3,taangalaichaoka, park,,Missing description
2523,Garve chhanga,"VJ2P+QM7, daaraechaoka 44200, naepaala",27.8519087,84.6366723,5.0,daaraechaoka, amusement_park,,Missing description
2524,Nepal Unnati Church,"XP94+32Q, baumgakaota, naepaala",27.9677249,84.705102,5.0,baumgakaota, church,,Missing description
2525,Shikhar Bhimsen Temple,"2JXW+4F2 Shikhar, gaorakhaa 2, naepaala",28.047768,84.6461507,2.0,gaorakhaa, hindu_temple,,Missing description
2526,jaogaii daaँdaa,"2P4H+53M, asharaamga, naepaala",28.0054529,84.7276589,0.0,asharaamga, hike,,Missing description
2527,shahaida lakhana,"shahaida lakhana, naepaala",27.9279906,84.6425774,,naepaala, tourist_attraction,,Missing description
2528,Mugling Masjid,"VH35+VWQ, daaraechaoka 44200, naepaala",27.8547171,84.5598485,4.0,daaraechaoka, mosque,,Missing description
2529,"shahaida lakhana gaauँpaalaikaa, gaauँ kaarayapaalaikaakao kaarayaalaya","WMF7+HMF, ghaairaunga, naepaala",27.9239632,84.6641561,4.5,ghaairaunga, art_gallery,,Missing description
2530,"shahaida lakhana gaauँpaalaikaa, gaauँ kaarayapaalaikaakao kaarayaalaya, ghaairaunga, gaorakhaa","ghaairaunga, naepaala",27.9270071,84.6583745,0.0,naepaala, art_gallery,,Missing description
2531,manakaamanaa manadaira,"WH3M+MJM, manakaamanaa, naepaala",27.9042143,84.5840339,4.7,manakaamanaa, hindu_temple,,Missing description
2532,Lakhan Thapa View Tower,"WHCW+GVQ, bakaraamga, naepaala",27.9213375,84.5972448,4.5,bakaraamga, trek,,Missing description
2533,Pradhan Dada,"baumgakaota 34000, naepaala",27.9699872,84.6800118,4.7,naepaala, picnic,,Missing description
2534,kataawanga (Okhar dhara),"6VV7+VGX, uiyaa, naepaala",28.2447422,84.8638453,0.0,uiyaa, amusement_park,,Missing description
2535,Manbu Church,"4VJF+77P, manabau, naepaala",28.1307065,84.8731743,4.5,manabau, church,,Missing description
2536,Dharche Gaang (Hill),"5Q4X+GWF, Chunkang 5, naepaala",28.1563064,84.7997935,5.0,Chunkang, tourist_attraction,,Missing description
2537,mausalalaa aarakhaeta,"3RXP+49J, Unnamed Road, manabau, naepaala",28.0978404,84.8358927,5.0,Unnamed Road, mosque,,Missing description
2538,Sashi Art Gallery,"baetaraawataii bajaara 44900, naepaala",27.9733961,85.1848704,0.0,naepaala, art_gallery,,Missing description
2539,daewaii dauranga (Sat Kanya Devi),"6VQ8+V4M, uiyaa, naepaala",28.2397048,84.8653081,5.0,uiyaa, hindu_temple,,Missing description
2540,Dharche Dada,"Dharche Dada, naepaala",28.1569951,84.7987032,4.5,naepaala, historic_site,,Missing description
2541,Barpak Village View Point,"6Q36+VW, ghayaachaoka, naepaala",28.2047243,84.7623039,3.8,ghayaachaoka, hike,,Missing description
2542,Arughat Bridge,"2RW8+C8P, aaraughaata jaanae sadaka, naepaala",28.0460879,84.8158288,4.5,aaraughaata jaanae sadaka, park,,Missing description
2543,mausalalaa aaraughaata Musalla Aarughat مصلى,"2RX7+368, naepaala",28.0476687,84.8130645,0.0,naepaala, mosque,,Missing description
2544,Luu jhya,"M9MP+J4G, madhayapaura thaimai 44600, naepaala",27.6840513,85.3853205,5.0,madhayapaura, hindu_temple,,Missing description
2545,Royal Gorkha Trek And Tour,"Monastery, Kapan, Kharibhote, kaathamaadaauँ 44622, naepaala",27.7371605,85.3660836,0.0,Kapan, trek,,Missing description
2546,Kashitar Park and Picnic spot,"Kashitar, jailainga 44900, naepaala",27.858871,85.093794,4.4,jailainga, picnic,,Missing description
2547,Chanaute Arughat Gorkha,"Larkya La Trail, saamaagaauँ, naepaala",28.6632716,84.5370269,5.0,saamaagaauँ, hike,,Missing description
2548,aarauughaata,"aarauughaata, naepaala",28.0473353,84.8136609,,naepaala, hike,,Missing description
2549,aaraughaata,"aaraughaata, naepaala",28.0467547,84.8124699,,naepaala, hike,,Missing description
2550,gaorakhaa saahasaika paraa। laimaitaeda,"Yekikaran Sadak 19116, kaathamaadaauँ 44600, naepaala",27.7210169,85.3054709,4.7,kaathamaadaauँ, hike,,Missing description
2551,Soti Khola Bazar,"4VP3+JXG, naepaala",28.1365664,84.8549397,3.9,naepaala, hike,,Missing description
2552,Aarughat Ticket Counter,"XJVG+QR9, haramtari, gaorakhaa, naepaala",27.9944021,84.6270469,3.3,haramtari, hike,,Missing description
2553,Nile at the mhu gumba,"G4JQ+JMV, chhaaikamapara, naepaala",28.5316006,85.1391838,5.0,chhaaikamapara, park,,Missing description
2554,daungalaa manadalaii (Church of Dungla),"8V2V+97C, uiyaa, naepaala",28.3009319,84.8931363,5.0,uiyaa, church,,Missing description
2555,chaumanaubaraii gaauँpaalaikaa kaarayaalaya,"9VVX+72M, gaaupaalaikaa, sairadaibaasa, naepaala",28.3931548,84.8975658,4.8,gaaupaalaikaa, mosque,,Missing description
2556,manaasalau samrakashana kashaetara,"HH26+223, dhaaraapaanaii, naepaala",28.5500212,84.5600409,4.6,dhaaraapaanaii, zoo,,Missing description
2557,Surendra Mahato,"7VW4+GPV, uiyaa, naepaala",28.296354,84.8567932,0.0,uiyaa, hindu_temple,,Missing description
2558,chaumanauwaraii,"chaumanauwaraii, naepaala",28.4908848,85.0449774,,naepaala, monument,,Missing description
2559,Manaslu Circuit Trek,"Manaslu Circuit Trekking Route, Ghorkha 34000, naepaala",28.6631118,84.5169119,5.0,Ghorkha, trek,,Missing description
2560,Resunga Viewtower,"3778+6R, raesaungagaa 32600, naepaala",28.0631309,83.267143,4.6,raesaungagaa, tourist_attraction,,Missing description
2561,Saugat art gallery,"MFP7+JR5, bautawala 32907, naepaala",27.6865361,83.4646191,5.0,bautawala, art_gallery,,Missing description
2562,Resunga Yagyashala (,"3779+VR7, raesaungagaa 32600, naepaala",28.0646604,83.269537,4.5,raesaungagaa, hindu_temple,RESUNGAYAGYASHALA,Description too short (< 10 words)
2563,"Pauwa Resort Pvt Ltd(Resunga,Gulmi)","378G+W3V, raesaungagaa 32600, naepaala",28.0673501,83.275178,3.8,raesaungagaa, picnic,,Missing description
2564,"Gulmi , nepal","37QV+H9F, Madane_2 32600, naepaala",28.088934,83.2934086,0.0,Madane_2, park,,Missing description
2565,Musikot,"Musikot 32600, naepaala",28.1754191,83.2646943,,naepaala, tourist_attraction,,Missing description
2566,Jogithum,"5789+7V, Musikot 32600, naepaala",28.1657699,83.2696668,5.0,Musikot, hindu_temple,,Missing description
2567,Musikot Municipality,"57HP+454, waamaiitakasaara 32600, naepaala",28.1777631,83.2854451,4.2,waamaiitakasaara, monument,,Missing description
2568,mausaikaota,"mausaikaota, naepaala",28.1754191,83.2646943,,naepaala, historic_site,,Missing description
2569,laalaigauraasa thaumapaaraka,"47WG+9GJ, badaagaauँ 32600, naepaala",28.1459664,83.2762686,4.0,badaagaauँ, historic_site,,Missing description
2570,Balithum tari,"37QV+H9F, paraalamaii 32600, naepaala",28.088934,83.2934086,0.0,paraalamaii, trek,,Missing description
2571,Gulmi musikot,"57G7+5V8, Musikot 32600, naepaala",28.1754191,83.2646943,0.0,Musikot, picnic,,Missing description
2572,Unayachaur park (unaayachaaura paaraka ),"36C8+C43, Unayochaur Road, raesaungagaa 32600, naepaala",28.0710242,83.2152919,4.3,Unayochaur Road, park,,Missing description
2573,Shivanagar masjidh,"RGH6+447, sakaraaula 45800, naepaala",26.8277927,85.5103105,3.6,sakaraaula, mosque,,Missing description
2574,"Salime Daha, Gulmi","585V+C49, waamaiitakasaara 32600, naepaala",28.1585354,83.3428473,5.0,waamaiitakasaara, hindu_temple,,Missing description
2575,Isma Ratapokhara,"552P+CH9, isamaa raajasathala 32600, naepaala",28.1510486,83.1864918,3.0,isamaa, historic_site,,Missing description
2576,isamaa raajasathala,"isamaa raajasathala 32600, naepaala",28.1624081,83.1890148,,naepaala, trek,,Missing description
2577,iisamaa,"iisamaa, 32600, naepaala",28.1049417,83.2470091,,32600, trek,,Missing description
2578,Dhimsa Resting Point,"gaosaaikaunada patha, 45000, naepaala",28.1074534,85.3311421,4.9,45000, hike,,Missing description
2579,haramaichaaura hanaumaana paaraka,"XHJH+JHQ, Arbeni Rd, haramaichaaura 33800, naepaala",27.9815972,83.5789922,3.4,Arbeni Rd, park,,Missing description
2580,Gaudi khola,"Huwas Bihadi Sadak, 32600, naepaala",28.0793262,83.5257697,0.0,32600, amusement_park,,Missing description
2581,kaalaiiganadakaii gaauँpaalaikaa (kaarayaalaya) Kaligandaki Rural municipality,"2HX6+X8P, paurataighaata 32600, naepaala",28.0479715,83.5595648,5.0,paurataighaata, mosque,,Missing description
2582,Bharse Deurali,"3F99+MJP, bhaarasae 32600, naepaala",28.0692173,83.469092,4.2,bhaarasae, museum,,Missing description
2583,kaalaiikaa manadaira Kalika Temple,"XHJF+R26, haramaichaaura 33800, naepaala",27.9820292,83.5725114,5.0,haramaichaaura, hindu_temple,,Missing description
2584,chaaiyaa Chaiya,"3G88+67, phaokasainga 32600, naepaala",28.0656179,83.5157272,5.0,phaokasainga, hike,,Missing description
2585,Shahid Park - shahaida paaraka,"484M+RCM, Unnamed Road, tauraanga 32600, naepaala",28.1070951,83.3335354,4.7,Unnamed Road, park,,Missing description
2586,Gulmi kabre,"X9X7+8JJ, kabre, 3, naepaala",27.9983411,83.3640126,3.7,kabre, tourist_attraction,,Missing description
2587,Gulmi Birbas,"287C+Q3R, bairabaasa 32600, naepaala",28.0144918,83.320149,0.0,bairabaasa, museum,,Missing description
2588,Durbar Devisthan (Gulmi Durbar),"272P+CPJ, darabaara daewaisathaana 32600, naepaala",28.0010877,83.2867407,5.0,darabaara, hindu_temple,,Missing description
2589,baaँsapaokharaa,"275P+V5, darabaara daewaisathaana 32600, naepaala",28.0096559,83.2853999,0.0,darabaara, trek,,Missing description
2590,Nunthala picnic place naunathalaa paikanaika paelaesa,"362P+XJV, raesaungagaa 32600, naepaala",28.0524831,83.2365391,0.0,raesaungagaa, picnic,,Missing description
2591,Sishni Satyawati Gaupalika,"2F89+GCC, laimaghaa 32600, naepaala",28.0163014,83.4685169,4.0,laimaghaa, park,,Missing description
2592,Satyawati Temple,"2G38+83, thaulao laumapaeka 32600, naepaala",28.0293588,83.5214048,4.7,thaulao, mosque,,Missing description
2593,Living Traditions Museum,"PC8H+H38, chaaँgaunaaraayana 44600, naepaala",27.7161037,85.4277667,4.5,chaaँgaunaaraayana, museum,,Missing description
2594,Satyawati Gaupalika,"2C9P+XHR, khaairaenaii 32600, naepaala",28.0199843,83.4363853,4.7,khaairaenaii, zoo,,Missing description
2595,Satyawati Temple Sagdi,"4FWH+85W, 33300, naepaala",28.145858,83.4779445,4.7,33300, hindu_temple,,Missing description
2596,gaulamaii satayawataii gaeshata haausa,"maitaranagara -२९, sharaii bhaृkautaii maaraga, 44600, naepaala",27.7327554,85.3103933,4.2,sharaii bhaृkautaii maaraga, historic_site,,Missing description
2597,Basada pratikshlaya,"Chandrakot 2, naepaala",28.1092552,83.4157635,5.0,naepaala, park,,Missing description
2598,chanadarakaota gaauँpaalaikaa,"4C48+569, shaanataipaura 32600, naepaala",28.1054223,83.4156081,4.4,shaanataipaura, church,,Missing description
2599,Chandrakot,"4C8Q+HRQ, shaanataipaura 33300, naepaala",28.1164868,83.4396092,4.8,shaanataipaura, tourist_attraction,,Missing description
2600,Patechour Picnic Spot (paataechaaura paikanaika sapata),"4F46+F63, gawaadhaa 33300, naepaala",28.1061457,83.4605588,4.2,gawaadhaa, picnic,,Missing description
2601,Ghoraha kaathae paula,"3972+XGF, 32600, naepaala",28.0649443,83.3513011,5.0,32600, hike,,Missing description
2602,Kumrang Church,"VR8Q+PJ, raamapaura 32500, naepaala",27.866827,83.8390595,5.0,raamapaura, church,,Missing description
2603,Ridi Bazaar.,"WCPM+VM9, Tansen-Ridi-Tamghas Road, rauurauu 32600, naepaala",27.9372851,83.4341713,4.4,Tansen-Ridi-Tamghas Road, tourist_attraction,,Missing description
2604,rauurauu,"rauurauu, naepaala",27.9491733,83.4163226,,naepaala, historic_site,,Missing description
2605,chaaupaaraii amaraai,"X9C7+373, Unnamed Road, daigaama 32600, naepaala",27.9701297,83.3631685,5.0,Unnamed Road, park,,Missing description
2606,THORGA CHRISTIAN CHURCH,"X98W+688, THORGA 32600, naepaala",27.9655331,83.3958224,5.0,THORGA, church,,Missing description
2607,chhatarakaota,"chhatarakaota, naepaala",27.9961135,83.3536722,,naepaala, tourist_attraction,,Missing description
2608,talalaakharaka chaeghaa(Tallakharka chegha),"jaohaँga 32600, naepaala",28.0381562,83.4239356,4.0,naepaala, museum,,Missing description
2609,chhatarakaota daewaalaya manadaira,"X8XX+VVP, haradainaetaa 32600, naepaala",27.9997146,83.3497177,4.6,haradainaetaa, hindu_temple,,Missing description
2610,Bichitra Guffa,"45C7+W59, dhaurakaota raajasathaala 32600, naepaala",28.1222856,83.1629999,4.4,dhaurakaota, park,,Missing description
2611,Gulmi,"44MQ+F69, dhaurakaota raajasathaala 32600, naepaala",28.1336692,83.1380955,0.0,dhaurakaota, tourist_attraction,,Missing description
2612,dhaurakaota raajasathaala,"dhaurakaota raajasathaala 32600, naepaala",28.1336692,83.1380955,,naepaala, tourist_attraction,,Missing description
2613,dhaurakaota,"dhaurakaota, 32600, naepaala",28.1109061,83.1383887,,32600, tourist_attraction,,Missing description
2614,Dhurkot Gulmi,"446Q+996, dhaurakaota raajasathaala 32600, naepaala",28.1109061,83.1383887,2.8,dhaurakaota, tourist_attraction,,Missing description
2615,ghamamau shaiwaalaya manadaira,"45FV+MPC, Mayalpokhari - Tamghas Rd, daralaamachaaura 32600, naepaala",28.1241849,83.1942835,4.5,Mayalpokhari - Tamghas Rd, hindu_temple,,Missing description
2616,shahaida haumaananada banajaadaekao shaalaika(Statue De Humananda Banjade),"3537+RM7, Deurali Khana Daha Rd, maraengaga 32600, naepaala",28.054538,83.1641664,0.0,Deurali Khana Daha Rd, monument,,Missing description
2617,dhaurakaota basatau,"dhaurakaota basatau 32600, naepaala",28.12,83.18,,naepaala, historic_site,,Missing description
2618,dhaurakaota nayaaँgaaum,"dhaurakaota nayaaँgaaum 32600, naepaala",28.09,83.19,,naepaala, historic_site,,Missing description
2619,Nepal gulmi dhurkot,"45CJ+222, dhaurakaota basatau 32600, naepaala",28.12,83.18,3.7,dhaurakaota, historic_site,,Missing description
2620,Malika peace park,"Dhamir - Arkhawang Rd, 32600, naepaala",28.2127373,83.1243681,4.3,32600, park,,Missing description
2621,"Prakash Church Purkot, Gulmi","43V8+XQV, paurakaotadaha 32600, naepaala",28.1449853,83.0668914,0.0,paurakaotadaha, church,,Missing description
2622,madanaii masajaida,"2JH2+3JP, naepaalaganyaja 21900, naepaala",28.0277608,81.6016339,5.0,naepaalaganyaja, mosque,,Missing description
2623,"Eid Gaah (Gallamandi, Piprahiya)","Piprahiya, saidadhaarathanagara 32900, naepaala",27.5062048,83.4417332,4.2,saidadhaarathanagara, mosque,,Missing description
2624,Amrit house,"634M+6GP Prem house, 32600, naepaala",28.2055902,83.0838207,5.0,32600, museum,,Missing description
2625,daewaiithaana manadaira,"32600, naepaala",28.1624688,83.1139906,5.0,naepaala, hindu_temple,,Missing description
2626,shahaida haumaananadakao shaalaika(Statue De Humananda Banjade),"Malarani 2, naepaala",28.0708219,83.0700557,0.0,naepaala, monument,,Missing description
2627,madaanae,"madaanae, naepaala",28.1678011,83.0651422,,naepaala, historic_site,,Missing description
2628,paipalaakaoe daaँdaa,"64HJ+8P8, haawaangadaii 32600, naepaala",28.2284355,83.1318937,5.0,haawaangadaii, trek,,Missing description
2629,Malika Temple - kauraghaa maalaikaa manadaira,"48VJ+X6R, kauraghaa 32600, naepaala",28.1449872,83.3305032,4.4,kauraghaa, church,,Missing description
2630,MALIKA maalaikaa manadaira,"9285+2H6, naraakaota 21200, naepaala",29.3650283,82.0088987,0.0,naraakaota, tourist_attraction,,Missing description
2631,malala akawaaraiyama,"M88H+QVR, lalaitapaura 44700, naepaala",27.6670204,85.3296535,3.9,lalaitapaura, aquarium,,Missing description
2632,"nangagakhaela bhayauu pawaainata , maalaii gaaँu","JCRW+986, Dokedanda Devisthan Community forest, Unnamed Road, saurayawainaayaka, naepaala",27.6409003,85.4457543,4.3,Dokedanda Devisthan Community forest, hike,,Missing description
2633,Simkot Danda,"XRFC+8R4, saimaikaota 21000, naepaala",29.9738988,81.8227212,0.0,saimaikaota, park,,Missing description
2634,Monster Fish & Pets Nepal,"M9JM+F37, madhayapaura thaimaii 44600, naepaala",27.6811627,85.382671,5.0,madhayapaura, aquarium,,Missing description
2635,"shaiwa manadaira,saimaikaota","XR8G+GPR, saimaikaota 21000, naepaala",29.9663629,81.8267754,4.6,saimaikaota, hindu_temple,,Missing description
2636,saimakaota,"saimakaota, naepaala",29.972081,81.8194186,,naepaala, monument,,Missing description
2637,saimaikaota waimaanasathala,"XRC9+CFM, jahaajae baatao, saimaikaota 21000, naepaala",29.9710798,81.8186617,4.1,jahaajae baatao, monument,,Missing description
2638,Humla,"naepaala taelaikama, saimaikaota 21000, naepaala",29.9724516,81.8212992,4.0,saimaikaota, monument,,Missing description
2639,Lagna,"XRF3+3CC, saimaikaota 21000, naepaala",29.9726793,81.8035199,0.0,saimaikaota, trek,,Missing description
2640,Ghattekhola church of christ,"GRVP+68H, saraikhaeta palaasae 44100, naepaala",27.5430765,84.8358642,5.0,saraikhaeta, church,,Missing description
2641,naamakhaa,"naamakhaa, naepaala",30.0490574,81.6508466,,naepaala, tourist_attraction,,Missing description
2642,"Limi Namkha-06, Humla, Nepal","Limi Namkha-6, naepaala",30.2975265,81.4727548,0.0,naepaala, historic_site,,Missing description
2643,Lapcha,"5HMX+XCG, laimaii 21000, naepaala",30.1849289,81.598565,0.0,laimaii, trek,,Missing description
2644,bajhaanga chaiina saiimaanaa,"27R7+QM, kaanadaa 10500, naepaala",30.0419157,81.2641344,5.0,kaanadaa, hike,,Missing description
2645,Kirnekharka- tower,"XRR6+QJ, saimaikaota 21000, naepaala",29.9919566,81.8116108,5.0,saimaikaota, hike,,Missing description
2646,Saipal Base Camp(East),"VHVM+CP, kaanadaa 10600, naepaala",29.8935035,81.5842866,3.0,kaanadaa, hike,,Missing description
2647,Mane Kandh,"QR9M+F49, sarakaiidaeu 21000, naepaala",29.7686699,81.8328496,5.0,sarakaiidaeu, hike,,Missing description
2648,Raniban Simikot,"XR97+J8H, saimaikaota 21000, naepaala",29.9690735,81.8133498,4.6,saimaikaota, hike,,Missing description
2649,Nara Lagna,"Nara Lagna, mauchauu 21000, naepaala",30.1336111,81.3869444,5.0,mauchauu, hike,,Missing description
2650,Muhan pokhari,"M2R3+3R, bhaimaeshawara nagarapaalaikaa 45500, naepaala",27.6901902,86.0045701,4.5,bhaimaeshawara, hike,,Missing description
2651,Namle Bhir - Sano khola Road,"MGM7+6X, taukauchaa naalaa, naepaala",27.6829551,85.5177062,0.0,taukauchaa naalaa, hike,,Missing description
2652,saaipaala haimaala,"saaipaala haimaala, mauchauu 10500, naepaala",29.8891666,81.4941666,4.4,mauchauu, hike,,Missing description
2653,mauchauu,"mauchauu, naepaala",30.0263684,81.5596427,,naepaala, hike,,Missing description
2654,yaamgara,"yaamgara, mauchauu 21000, naepaala",30.0649427,81.6021358,,mauchauu, hike,,Missing description
2655,Raidhunga,"RF8V+WFV, kaanadaa 10500, naepaala",29.8173682,81.4936618,0.0,kaanadaa, hike,,Missing description
2656,Lake Abhishek Hike,"QGFH+99X, kaanadaa 10500, naepaala",29.7734766,81.5284847,0.0,kaanadaa, hike,,Missing description
2657,Humla Resort and Spa,"Airport gate Simikot 4, naepaala",29.9719581,81.8188135,4.3,naepaala, hike,,Missing description
2658,Namgeycholing,"CWX8+G2Q, majauwaa 45400, naepaala",27.4488292,85.9151211,0.0,majauwaa, hike,,Missing description
2659,Pakucha,"JHF8+5RG, pakauchaa gaoraetao, dhaulaikhaela 45200, naepaala",27.6229332,85.5670776,4.0,pakauchaa gaoraetao, hike,,Missing description
2660,yaalabamga,"yaalabamga, mauchauu 21000, naepaala",30.0619551,81.6226884,,mauchauu, hike,,Missing description
2661,hailasaa,"hailasaa 21000, naepaala",30.1517424,81.334097,,naepaala, hike,,Missing description
2662,saaipaala aadhaara shaiwaira,"RGQ3+JF, kaanadaa 10500, naepaala",29.839099,81.5036862,4.8,kaanadaa, hike,,Missing description
2663,sarakaegaada,"sarakaegaada, naepaala",29.7133336,81.9644715,,naepaala, tourist_attraction,,Missing description
2664,Masta mandu temple masataa maaँdaau,"MVQ5+42V, sharaiinagara 21000, naepaala",29.6878605,81.8575484,3.0,sharaiinagara, hindu_temple,,Missing description
2665,Gurkha Smarak Salmedada,"5WF3+9HP, phaedaii khaolaa 33800, naepaala",28.173468,83.9039501,4.5,phaedaii, monument,,Missing description
2666,Sarkegad Rural Municipality,"QXH2+RG5, saayaa 21000, naepaala",29.7795045,81.9513583,5.0,saayaa, picnic,,Missing description
2667,K Q MULTI SERVICE & AGRO FARM,"JWPV+7VJ, jaimaa 21100, naepaala",29.6357199,81.9446538,4.8,jaimaa, picnic,,Missing description
2668,adaanachaulaii,"adaanachaulaii, naepaala",29.6915932,81.842144,,naepaala, tourist_attraction,,Missing description
2669,Ahl-E Hadith Masjid Barsauli,"H4PM+XX8, Pakdi to wadari Road, waanagamgaa, naepaala",27.5874222,83.1349635,5.0,Pakdi to wadari Road, mosque,,Missing description
2670,Adanchuli Humla,"MRRR+JVJ, kaalaikaa 21000, naepaala",29.6915932,81.842144,0.0,kaalaikaa, mosque,,Missing description
2671,Karnali Conservation Center,"KALKHE, Adanchuli -1, 21000, naepaala",29.6915932,81.842144,0.0,Adanchuli -1, museum,,Missing description
2672,Bhiyee Guradev Temple,"JVGH+3QM, bhaiii 21100, naepaala",29.6252107,81.8794168,5.0,bhaiii, hindu_temple,,Missing description
2673,Adanchuli Rural Municipality,"MV57+Q2Q, sharaiinagara 21000, naepaala",29.6594568,81.8626248,3.9,sharaiinagara, picnic,,Missing description
2674,lakashamaii kaunada,"V2PW+5X7, khaarapaunaatha 21000, naepaala",29.8854045,82.0474312,0.0,khaarapaunaatha, park,,Missing description
2675,khaarapaunaatha,"khaarapaunaatha 21000, naepaala",30.0590448,82.0842901,,naepaala, church,,Missing description
2676,Kharpunath 1 lali,"Kharpunath 1, laalaii, naepaala",29.8769968,81.8984121,0.0,laalaii, tourist_attraction,,Missing description
2677,khaarapaunaatha manadaira,"WVR4+9PJ, chhaiparaa 21000, naepaala",29.9409596,81.8567629,4.6,chhaiparaa, hindu_temple,,Missing description
2678,thaulao chaaura,"QJJ6+7XX, baadae gaauँ, naepaala",27.7807452,85.612473,5.0,baadae gaauँ, picnic,,Missing description
2679,Pokhrel Height,"JC97+4PG, mahaalakashamaii 44709, naepaala",27.6178245,85.414341,0.0,mahaalakashamaii, hike,,Missing description
2680,Hamro kharpa gau,"J7C6+HQR, dakashainakaalaii 44600, naepaala",27.6215,85.2618987,0.0,dakashainakaalaii, hike,,Missing description
2681,chamkhaelaii,"chamkhaelaii, naepaala",29.7411152,82.0733032,,naepaala, tourist_attraction,,Missing description
2682,Machhalaya,"kaarayawainaayaka 44700, naepaala",27.6444596,85.3045893,5.0,naepaala, aquarium,,Missing description
2683,Chankheli Pass,"Chankheli Pass, daaramaa 21100, naepaala",29.6419444,82.1113889,5.0,daaramaa, monument,,Missing description
2684,taaँjaakaota,"taaँjaakaota, naepaala",29.6365278,81.7519054,,naepaala, tourist_attraction,,Missing description
2685,Nature Aquatics Nepal,"saidadhaaratha sadaka, kaathamaadaauँ 44600, naepaala",27.7108187,85.2962613,4.6,kaathamaadaauँ, aquarium,,Missing description
2686,Tanjakot Temple,"MQ2C+G93, maailaa 21000, naepaala",29.6512729,81.7709073,0.0,maailaa, hindu_temple,,Missing description
2687,Google point,"R3QJ+QPG, harakatae bajaara 57300, naepaala",26.8394426,88.081832,4.3,harakatae, hike,,Missing description
2688,Kyabung,"WRMC+4H, daeumaaii 57300, naepaala",26.932858,87.82135,5.0,daeumaaii, church,,Missing description
2689,Mangalbare Ilam,"WRRQ+8JC, daeumaaii 57300, naepaala",26.9408113,87.8390124,4.4,daeumaaii, tourist_attraction,,Missing description
2690,kaarabaraii kaailaasha sharaeshatha,"WRJ8+5FC, daeumaaii 57300, naepaala",26.9304441,87.8161435,1.0,daeumaaii, museum,,Missing description
2691,saetaii daewaii manadaira,"WW95+MV6, iilaama 57300, naepaala",26.9191695,87.9096562,4.5,iilaama, hindu_temple,,Missing description
2692,daeumaaii,"daeumaaii 57300, naepaala",26.9332484,87.8255007,,naepaala, historic_site,,Missing description
2693,sawaamaii paaraka,"V2QV+MP4, sauurayaodaya 57312, naepaala",26.8891384,88.0443377,4.3,sauurayaodaya, park,,Missing description
2694,Mitra mandali suntale ilam (church) maitara manadalaii saunatalae ilaama (characha),"V2R8+8V, sauurayaodaya 11, naepaala",26.8908653,88.0171927,5.0,sauurayaodaya, church,,Missing description
2695,Suryodaya nagarpalika fikkal ilam,"V3W7+CXF, H07, sauurayaodaya 57312, naepaala",26.8960543,88.0649224,5.0,H07, mosque,,Missing description
2696,Aquatic Pet Park,"City Center, Dharma kanta, bairataamaoda 57204, naepaala",26.6445548,88.000023,4.7,Dharma kanta, aquarium,,Missing description
2697,sarasawataii manadaira Saraswati Temple,"V2WH+34, sauurayaodaya, naepaala",26.8952159,88.0277509,5.0,sauurayaodaya, hindu_temple,,Missing description
2698,Yalamber's Statue.,"sauurayaodaya 57312, naepaala",26.8961249,88.0637582,4.1,naepaala, monument,,Missing description
2699,sauurayaodaya,"sauurayaodaya, naepaala",26.8895698,88.0607565,,naepaala, historic_site,,Missing description
2700,"baudadha paaraka sauurayaodaya nagarapaalaikaa, ilaama","W3MX+G83, sauurayaodaya 57303, naepaala",26.9337507,88.0982913,4.3,sauurayaodaya, historic_site,,Missing description
2701,Suryodaya Adventures,"Biring, naepaala",26.8819832,88.0712433,4.4,naepaala, trek,,Missing description
2702,KANYAM Photo point,"V37M+F26, sauurayaodaya 57312, naepaala",26.8636715,88.0825126,4.5,sauurayaodaya, picnic,,Missing description
2703,Sky Walk Kanyam,"V32M+85, sauurayaodaya 57312, naepaala",26.8508507,88.0829783,3.9,sauurayaodaya, hike,,Missing description
2704,maai paokharaii ilaama,"2W4H+PXQ, LMP Rd 73, maaiipaokharaii 57300, naepaala",27.0068476,87.9299992,4.3,LMP, aquarium,,Missing description
2705,Maisthan,"WW5H+RP4, iilaama 57300, naepaala",26.9095115,87.9293452,4.8,iilaama, hindu_temple,,Missing description
2706,Ilam,"248H+HRR, Khopawa 44400, naepaala",26.9137555,87.9267299,0.0,Khopawa, hike,,Missing description
2707,sanadakapaura bhayauu taawara,"iilaama 57300, naepaala",27.1046917,88.001054,4.5,naepaala, park,,Missing description
2708,Mount Moriah House of Prayer,"2XJG+M75, maawau 57300, naepaala",27.0316326,87.9757974,5.0,maawau, church,,Missing description
2709,sanadakapaura,"sanadakapaura, naepaala",27.0517752,87.9472597,,naepaala, tourist_attraction,,Missing description
2710,Dhap Pokhari ilam,"2XFP+G6H, jamaunaa 57300, naepaala",27.0238013,87.9856241,4.5,jamaunaa, tourist_attraction,,Missing description
2711,Sunuwar Kirant samgaraahalaya bhawana,"2VF4+2GV, iilaama 57300, naepaala",27.0226145,87.8563115,0.0,iilaama, museum,,Missing description
2712,Maipokhari Temple,"2W4J+P89, maaiipaokharaii 57300, naepaala",27.0067884,87.9308608,4.6,maaiipaokharaii, hindu_temple,,Missing description
2713,Sandakphu West Bengal,"4242+5JV, sanadakaphau, Singalila Forest, saimgaalailaa phaॉraesata, West Bengal 734201, bhaarata",27.1054791,88.0015484,4.8,sanadakaphau, trek,,Missing description
2714,jaamaa masajaida,"M.N.N.P, dhaulaabaaraii raoda 3, 57207, naepaala",26.6559254,88.0984977,4.1,dhaulaabaaraii, mosque,,Missing description
2715,"Singfring, ilam","WWHJ+79H, iilaama 57300, naepaala",26.9281849,87.9309983,4.3,iilaama, historic_site,,Missing description
2716,Mangsebung 3 ilam,"RPWV+PGH, 57300, naepaala",26.8468241,87.7438638,4.2,57300, park,,Missing description
2717,Mahima church,"RQ3M+8WX, maahaamaaii 57300, naepaala",26.8033136,87.784893,0.0,maahaamaaii, church,,Missing description
2718,maangasaebaunga,"maangasaebaunga, baajhao 57300, naepaala",26.8171148,87.7394225,,baajhao, tourist_attraction,,Missing description
2719,Bipin0610 arts and flex design,"Sunshine Marga, uralaabaaraii 56600, naepaala",26.6660686,87.5986368,5.0,uralaabaaraii, art_gallery,,Missing description
2720,Phedap manggena yak,"4HXR+RWW, saimalae 57500, naepaala",27.1496216,87.5923375,4.5,saimalae, historic_site,,Missing description
2721,"Oskar Chowk ""Yalambar Park""","MPXR+94, chaulaachaulaii 57200, naepaala",26.6984471,87.7403385,5.0,chaulaachaulaii, park,,Missing description
2722,Joyti Church Apjhola Ilam,"Mangsebung Rd, damaka 57200, naepaala",26.7242046,87.7088003,4.7,damaka, church,,Missing description
2723,taiinakaunae paokharaii saimasaara,"MQX7+6WM, chaulaachaulaii 57300, naepaala",26.6980901,87.7647875,4.1,chaulaachaulaii, tourist_attraction,,Missing description
2724,isalaama masajaida damaka,"Bhattarai Rd 11, damaka 57217, naepaala",26.6622095,87.7019282,4.3,damaka, mosque,,Missing description
2725,Shiva Panchayan Mandir,"MQMJ+J55, CH02, chaulaachaulaii 57300, naepaala",26.6840015,87.7804732,4.7,CH02, hindu_temple,,Missing description
2726,chaulaachaulaii,"chaulaachaulaii, naepaala",26.7084299,87.7566513,,naepaala, historic_site,,Missing description
2727,maainaachauulai jaora paokharai parayatakaiiya kashaetara,"maii na paa 8 maainaachauulai, naepaala",26.6885332,87.8311728,4.6,naepaala, trek,,Missing description
2728,Chapeti,"PPQ5+W5, chaulaachaulaii 57300, naepaala",26.7390678,87.7073859,4.0,chaulaachaulaii, picnic,,Missing description
2729,jaungagaetaara (jungetar),"Chulachuli-6, naepaala",26.7579405,87.6948318,0.0,naepaala, hike,,Missing description
2730,Phagunanda Park,"WMGR+H6M, rawai 57300, naepaala",26.9263965,87.6905,4.6,rawai, park,,Missing description
2731,nayaaँ manadaira,"XQ9Q+M28, Fakphokthum 57300, naepaala",26.9691939,87.7875526,0.0,Fakphokthum, hindu_temple,,Missing description
2732,Iman Singh Chemjong Statue,"2P8P+HVC, phaakaphaoka 57400, naepaala",27.0164326,87.7371545,0.0,phaakaphaoka, monument,,Missing description
2733,phaakaphaokathauma,"phaakaphaokathauma, naepaala",26.9678152,87.7863022,,naepaala, historic_site,,Missing description
2734,Nabin chok,"WW5G+XQ4, naikaunyaja patha, iilaama 57300, naepaala",26.9098848,87.9268036,5.0,naikaunyaja patha, historic_site,,Missing description
2735,phaakaphaoka,"phaakaphaoka, naepaala",27.0026281,87.7468071,,naepaala, historic_site,,Missing description
2736,Perfect Picnic Spot,"2W3F+JH4, maaiipaokharaii 57300, naepaala",27.0040227,87.9239654,5.0,maaiipaokharaii, picnic,,Missing description
2737,Godak Baptist Church,"Godak-10, iilaama, naepaala",26.8762185,87.9892237,5.0,iilaama, church,,Missing description
2738,maaiijaogamaaii,"maaiijaogamaaii, naepaala",26.9550845,88.0212612,,naepaala, tourist_attraction,,Missing description
2739,jaogamaai,"jaogamaai, naepaala",27.007277,88.0607565,,naepaala, mosque,,Missing description
2740,Awalii,"2434+6Q8, gauradauma, saimgaalailaa phaॉraesata, West Bengal 734221, bhaarata",27.0030383,88.1069659,0.0,gauradauma, mosque,,Missing description
2741,Sukhia simana masjid,"X5X8+WQ9, Sukhia Pokhari, West Bengal 734221, bhaarata",26.9997875,88.1669844,5.0,Sukhia Pokhari, mosque,,Missing description
2742,Jogmai khola,"X362+P83, jaogamaai 57300, naepaala",26.9617681,88.0507921,4.5,jaogamaai, historic_site,,Missing description
2743,"Pipal Chautari, Nakhira Chaurjahari","J5PW+GWQ, baijayashawaraii 22000, naepaala",28.6363275,82.1973517,5.0,baijayashawaraii, park,,Missing description
2744,Living God Church Jintala Jajarkot Nepal 🇳🇵,"livinggodchurch22@gmail.com, V5QG+G68 Living God Church Jintala ward No, 8 Kuse Rural Municipality District, Jajarkot,Karnali Province-6Nepal 🇳🇵, 21500, naepaala",28.8894428,82.1754723,5.0,V5QG+G68 Living God Church Jintala ward No, church,,Missing description
2745,Karkigaun Jajarkot,"J3P6+5Q9, Jajarkot Sadak, kaarakaiigaauँ 22200, naepaala",28.6354061,82.0619806,0.0,Jajarkot Sadak, tourist_attraction,,Missing description
2746,jaajarakaota khalamgaa,"M5XV+CGP, khalangagaa 21500, naepaala",28.6985845,82.1938161,4.1,khalangagaa, mosque,,Missing description
2747,"shaiwa manadaira shaiwaalaya, kaalaegaauँ","Bheri Municipality 1 jajarkot, Kalegaun 21500, naepaala",28.6933253,82.2295054,4.3,Kalegaun, hindu_temple,,Missing description
2748,bhaeraii nagarapaalaikaa,"M6W6+H68, khalangagaa 21500, naepaala",28.6964157,82.2105729,3.5,khalangagaa, picnic,,Missing description
2749,Kalegaun,"M6V9+HPG, khalangagaa 21500, naepaala",28.694184,82.220815,0.0,khalangagaa, hike,,Missing description
2750,Jhapra,"Q329+9W, jhaaparaa 21500, naepaala",28.7508763,82.0697711,4.0,jhaaparaa, park,,Missing description
2751,Jajarkot,"Chhedagad municipality word no 11 Jhapra, dasaeraa 21500, naepaala",28.7638441,82.0413101,0.0,dasaeraa, tourist_attraction,,Missing description
2752,Masta Dev Than Temple,"V247+PMM, garakhaakaota 21500, naepaala",28.8568254,82.014169,4.5,garakhaakaota, hindu_temple,,Missing description
2753,jaajarakaota darabaara,"M6X2+H42, khalangagaa 21500, naepaala",28.6987717,82.2003019,3.9,khalangagaa, monument,,Missing description
2754,chhaedaagaada,"chhaedaagaada, 21500, naepaala",28.7638441,82.0413101,,21500, historic_site,,Missing description
2755,Chaap Danda hiking start trail point,"M67P+7GM, chanadaraagairaii 44600, naepaala",27.6632001,85.2363009,4.7,chanadaraagairaii, hike,,Missing description
2756,Garkhakot,"RXPP+QV, kaorataraanga 21500, naepaala",28.836967,81.987143,4.5,kaorataraanga, park,,Missing description
2757,jaunaiichaaँdae,"jaunaiichaaँdae, naepaala",28.9019781,81.9367369,,naepaala, tourist_attraction,,Missing description
2758,"Igna temple Junichande-9,Jajarkot","VW5R+QR7, daha 21500, naepaala",28.8594005,81.9420451,0.0,daha, hindu_temple,,Missing description
2759,"Junichande Rural Municipality-7,Jajarkot","WX9F+3M4, daha 21500, naepaala",28.9176334,81.9742091,3.8,daha, trek,,Missing description
2760,Aaru sisna bhanjyang,"RWGF+F3V, majhakaota 21500, naepaala",28.8262387,81.922657,0.0,majhakaota, picnic,,Missing description
2761,Barekot Limsa Buspark,"W7V3+CW6, raamaiidaaँdaa 21500, naepaala",28.9435375,82.2547656,3.0,raamaiidaaँdaa, park,,Missing description
2762,baaraekaota,"baaraekaota, naepaala",29.0260503,82.2934123,,naepaala, tourist_attraction,,Missing description
2763,Barekot Rural municipality,"W6WX+3C5, raokaayaagaauँ 21500, naepaala",28.9451043,82.2486223,3.2,raokaayaagaauँ, mosque,,Missing description
2764,baijaulaii daaँdaa mashataa mahaangakaala manadaira,"W538+4V4, paaimka 21500, naepaala",28.9027684,82.1671992,5.0,paaimka, hindu_temple,,Missing description
2765,dhaotaachaaura upatayakaa,"X8J2+GQ, naayakabaadaa 21500, naepaala",28.9813229,82.301975,5.0,naayakabaadaa, monument,,Missing description
2766,naaganaa,"V7P2+42, raamaiidaaँdaa 21500, naepaala",28.8852844,82.2500618,5.0,raamaiidaaँdaa, trek,,Missing description
2767,Jajarkot kushe timildhara,"R3QH+HW, taalaegaauँ 21500, naepaala",28.8389375,82.0798125,0.0,taalaegaauँ, park,,Missing description
2768,Deuti art,"HJW8+XWV, waiiraenadaranagara 21700, naepaala",28.5975725,81.6173277,0.0,waiiraenadaranagara, art_gallery,,Missing description
2769,baagha khaora,"V649+37, dhaimae 21500, naepaala",28.8551654,82.2181677,5.0,dhaimae, trek,,Missing description
2770,Anaikot Bhanjyang anaaikaota bhanyajayaanga chaautaaraii,"MH8J+77H, paaँchakhaala, naepaala",27.6660365,85.5810221,5.0,paaँchakhaala, park,,Missing description
2771,Siwalaya Jajarkot,"M8J5+CRQ, Jhamsikhel Rd, lalaitapaura 44600, naepaala",27.6810533,85.3095993,0.0,Jhamsikhel Rd, hindu_temple,,Missing description
2772,Mrigasthali,"P962+5MG, kaathamaadaauँ 44600, naepaala",27.7109296,85.3514327,4.6,kaathamaadaauँ, monument,,Missing description
2773,shaiwapauraii naagaarajauna raashataraiya naikaunyaja,"44600, naepaala",27.8129232,85.385934,4.4,naepaala, trek,,Missing description
2774,Telkot-Changu Road,"PC6W+R7C, taelakaota-chaangagau sadaka, chaaँgaunaaraayana 44600, naepaala",27.7120535,85.4456285,4.1,taelakaota-chaangagau sadaka, hike,,Missing description
2775,Triveni green park dalli,"Q7PW+FGH, daaँdaagaauँ, naepaala",28.7861788,82.2963735,0.0,daaँdaagaauँ, park,,Missing description
2776,nalagaada nagarapaalaikaa,"Dalli -7, Nalgaad Municipality, naepaala",28.791601,82.3016928,3.9,Nalgaad Municipality, mosque,,Missing description
2777,kaृshana manadaira,"Dulal gun Mahamanjushree, 44812, naepaala",27.6832175,85.4895387,4.6,44812, hindu_temple,,Missing description
2778,baasabaaraii saimasaara tathaa parayatakaiiya kashaetara,"M3JH+M5V, dhaaijana, naepaala",26.681728,88.077928,3.9,dhaaijana, park,,Missing description
2779,Kripa Free Methodist Church,"M543+HV, maechaiinagara 57200, naepaala",26.6559435,88.1542737,5.0,maechaiinagara, church,,Missing description
2780,patalganga temple,"M47Q+XGG, maechaiinagara 57200, naepaala",26.6649491,88.1388238,4.8,maechaiinagara, hindu_temple,,Missing description
2781,maechaiinagara,"maechaiinagara, naepaala",26.655003,88.1388989,,naepaala, historic_site,,Missing description
2782,BELIEVERS EASTERN CHURCH BIRTAMOD,"Birtamod-4, bairataamaoda 57204, naepaala",26.6363345,87.9854535,4.4,bairataamaoda, church,,Missing description
2783,Jama Mashjid,"JXXR+R2C, bairataamaoda 57204, naepaala",26.6495606,87.9900384,4.2,bairataamaoda, mosque,,Missing description
2784,Birtamode Art Gallery,"JXXV+3HM, Unnamed Road, bairataamaoda 57204, naepaala",26.6477157,87.9939123,5.0,Unnamed Road, art_gallery,,Missing description
2785,Mdms online,"Buspark, bairataamaoda 57204, naepaala",26.6515699,88.003605,0.0,bairataamaoda, art_gallery,,Missing description
2786,Pathibhara Mandir,"JXWQ+V8C, bairataamaoda 57204, naepaala",26.6471874,87.9883565,4.7,bairataamaoda, hindu_temple,,Missing description
2787,Mahadev Statue,"Devi Panchakanya, bairataamaoda 57204, naepaala",26.6426354,87.9720406,4.4,bairataamaoda, monument,,Missing description
2788,East-west Highway Birtamod,"1st&3rd Floor Hanuman ComplexE, mahaenadara raajamaaraga, bairataamaoda 57204, naepaala",26.6422935,87.9888385,0.0,mahaenadara raajamaaraga, historic_site,,Missing description
2789,Damak Fun Park,"damaka 57217, naepaala",26.6998805,87.6988601,4.0,naepaala, park,,Missing description
2790,jayaotai characha damaka,"MM8V+7WH, damaka 57217, naepaala",26.6656808,87.6947693,3.9,damaka, church,,Missing description
2791,phaagaunanada saalaika,"PPF2+98F, Mangsebung Rd, damaka 57200, naepaala",26.7234271,87.7007906,3.7,Mangsebung Rd, museum,,Missing description
2792,pashaupatainaatha manadaira - damaka,"MP72+WRF, damaka 57217, naepaala",26.6648182,87.7020386,4.5,damaka, hindu_temple,,Missing description
2793,"(shaanatai chaoka ,madana paokharaii )","Damak 3, damaka 57217, naepaala",26.6973458,87.6748964,3.8,damaka, historic_site,,Missing description
2794,Adventure Equipment,"Setumari Road, damaka 57217, naepaala",26.6589094,87.6963826,5.0,damaka, trek,,Missing description
2795,daomaukhaa paaraka,"MVMH+8FW, shaiwasataakashaii 57300, naepaala",26.6833619,87.878692,4.2,shaiwasataakashaii, park,,Missing description
2796,Holy New Life Church,"MV3Q+FJC, kanakaaii 57200, naepaala",26.6544713,87.8899181,5.0,kanakaaii, church,,Missing description
2797,Jamun Khadi Simsar Surunga,"MW37+862, kanakaaii 57200, naepaala",26.6532744,87.9130268,4.0,kanakaaii, tourist_attraction,,Missing description
2798,madainaa jaamaa masajaida,"MV2V+XHW, kanakaaii 57200, naepaala",26.6524819,87.8939546,2.5,kanakaaii, mosque,,Missing description
2799,Kankai Mai Temples,"MV5C+22X, mahaenadara raajamaaraga, shaiwasataakashaii 57300, naepaala",26.6576246,87.8700971,4.5,mahaenadara raajamaaraga, hindu_temple,,Missing description
2800,King Prithivi Narayan Shah Statue raajaa paृthawaiinaaraayana shaahakao salaika,"JWR8+CCH, kanakaaii 57200, naepaala",26.6401622,87.9167628,4.3,kanakaaii, monument,,Missing description
2801,ekaanata taola,"JVGX+HC8, kanakaaii 57200, naepaala",26.627064,87.899037,4.0,kanakaaii, hike,,Missing description
2802,Mahendra Park mahaenadara paaraka,"H39C+CHW, bhadarapaura 57200, naepaala",26.5686007,88.0714558,4.4,bhadarapaura, park,,Missing description
2803,"CHRISTIAN REVIAVL CHURCH, BHADRAPUR","H34W+8HM, bhadarapaura 57200, naepaala",26.5558384,88.0963599,5.0,bhadarapaura, church,,Missing description
2804,Chandragadi Simsar,"J32C+7CH, bhadarapaura 57200, naepaala",26.6006988,88.0711202,3.8,bhadarapaura, tourist_attraction,,Missing description
2805,"anyajaumana isalaamaiiyaa jaamaa masajaida, bhadarapaura","G3PJ+G4M, bhadarapaura 57200, naepaala",26.5363305,88.0803051,5.0,bhadarapaura, mosque,,Missing description
2806,RJ help Center,"G2QH+QQM, jalathala 57200, naepaala",26.5394619,88.0294282,5.0,jalathala, museum,,Missing description
2807,ganaesha manadaira,"H34R+JM7, bhadarapaura 57200, naepaala",26.5566156,88.0916717,4.7,bhadarapaura, hindu_temple,,Missing description
2808,raajaa taraibhauwana samaaraka,"H32Q+FMF, bhadarapaura 57200, naepaala",26.5511893,88.0891662,3.8,bhadarapaura, monument,,Missing description
2809,Rangedanda(rangagaedaadaa),"G3J4+J43, bhadarapaura 57200, naepaala",26.5316005,88.0563329,4.8,bhadarapaura, trek,,Missing description
2810,bhaelaagadaii sahaida samaृtai laokataanataraika paaraka,"H2CR+H2H, Chandragadhi- Parakhopi Rd, haladaiibaaraii 57200, naepaala",26.5714251,88.0400985,4.3,Chandragadhi- Parakhopi Rd, picnic,,Missing description
2811,Living Word Church,"M222+QVW, nayaaँ basa paaraka maaraga, bairataamaoda 57204, naepaala",26.6519762,88.0022133,5.0,nayaaँ basa paaraka maaraga, church,,Missing description
2812,arajaunadhaaraa jalaeshawaora dhaama,"MXPQ+35W, shanai arajauna 57205, naepaala",26.6852265,87.9879515,4.5,shanai, tourist_attraction,,Missing description
2813,Krishna-Arjun charriot statue,"arjun dhara 8, shanai arajauna 57205, naepaala",26.6853144,87.9903784,3.0,shanai, monument,,Missing description
2814,phaulaungagaii daobhaana,"RQHH+HM, daanaabaaraii 57300, naepaala",26.8289748,87.7791796,5.0,daanaabaaraii, hike,,Missing description
2815,Presbyterian Church (PCN),"MVJH+CPP, shaiwasataakashaii 57300, naepaala",26.681058,87.8794278,4.0,shaiwasataakashaii, church,,Missing description
2816,sataakashaiidhaama jharanaa,"MRQC+724, shaiwasataakashaii 57300, naepaala",26.6881281,87.8200936,4.2,shaiwasataakashaii, tourist_attraction,,Missing description
2817,Jalalodin Miya Mosque,"Jhapa Gaunpalika 3, sharanaamataii 57200, naepaala",26.5455087,87.8942451,0.0,sharanaamataii, mosque,,Missing description
2818,SangamCity,"MR2W+G8V, mahaenadara raajamaaraga, shaiwasataakashaii, naepaala",26.6513671,87.8457896,5.0,mahaenadara raajamaaraga, museum,,Missing description
2819,Satashidham picnic spot,"MRJ6+795, shaiwasataakashaii 57300, naepaala",26.680636,87.8109969,4.4,shaiwasataakashaii, picnic,,Missing description
2820,Swamichowk,"HP7C+H4P, Gauradaha Schoolchaun Road, gaauraadaha 57200, naepaala",26.5639532,87.720333,0.0,Gauradaha Schoolchaun Road, park,,Missing description
2821,Beer-lahai-roi prayer house,"HP76+5GX, gaauraadaha 57200, naepaala",26.5626241,87.7105703,5.0,gaauraadaha, church,,Missing description
2822,Gauradaha Lake,"HP88+JGX, Gauradaha Lake, gaauraadaha 57200, naepaala",26.566602,87.7163642,5.0,Gauradaha Lake, tourist_attraction,,Missing description
2823,"Bhojpure Toll, Gauradaha-7 , Jhapa","GPGH+P8, gaauraadaha 57200, naepaala",26.526872,87.72829,3.0,gaauraadaha, museum,,Missing description
2824,Shorei. Siddeshwor Shivalaya Temple,"GPXH+82J, Gauradaha Haskhora Road, gaauraadaha 57200, naepaala",26.5483316,87.727508,5.0,Gauradaha Haskhora Road, hindu_temple,,Missing description
2825,kisanko bazar,"dipu chok, gaauraadaha 57200, naepaala",26.5643394,87.7142382,4.3,gaauraadaha, monument,,Missing description
2826,janachaetanaa chaoka,"GPQ2+FG6, baragaachhaii, gaauraadaha 57200, naepaala",26.5386625,87.7012656,0.0,baragaachhaii, trek,,Missing description
2827,samaaiila phana paaraka,"JPQJ+W4R, lakhanapaura 57200, naepaala",26.6398613,87.7302728,3.8,lakhanapaura, picnic,,Missing description
2828,"Nepal EBC, Shantinagar","Buddhashanti-4, shaanatainagara 57200, naepaala",26.724603,88.0645317,5.0,shaanatainagara, church,,Missing description
2829,baudadhashaanatai,"baudadhashaanatai, naepaala",26.7201384,88.0500567,,naepaala, tourist_attraction,,Missing description
2830,budhabare masjid,"P3J2+G79, baudhawaarae 57200, naepaala",26.7312276,88.0507284,5.0,baudhawaarae, mosque,,Missing description
2831,Mongol Research Center,"P4FR+9HG, baahaunadaaँgaii 57200, naepaala",26.7234766,88.1414672,4.5,baahaunadaaँgaii, museum,,Missing description
2832,३ namabara daadaa,"P3G5+2VX, shaanatainagara 57200, naepaala",26.725119,88.059742,4.5,shaanatainagara, trek,,Missing description
2833,waृnadaawana parayatana kashaetara,"baahaunadaaँgaii 57200, naepaala",26.7356637,88.1324137,4.3,naepaala, picnic,,Missing description
2834,saharaedaaँgaii chaauka,"M2FW+GP2 NH 07 saharedagi, dhaaijana 57200, naepaala",26.6737566,88.0467624,4.3,dhaaijana, hike,,Missing description
2835,"Nepal Evangelical Baptist Convention Church, Haldibari","H2CH+V3, haladaiibaaraii 57200, naepaala",26.572256,88.0278425,4.2,haladaiibaaraii, church,,Missing description
2836,"Bhelagudi Wetland, Haldibari (bhaelaagaudaii saimasaara)","garaamanaii 57200, naepaala",26.5719419,88.0396776,4.0,naepaala, tourist_attraction,,Missing description
2837,Milan Art Gallery,"raajagadha 57200, naepaala",26.5059792,87.9383683,5.0,naepaala, art_gallery,,Missing description
2838,panachakanayaa paathaiibharaa temple,"H25V+GV6, gaoladhaapa sadaka, haladaiibaaraii 57200, naepaala",26.5587816,88.0446278,4.5,gaoladhaapa sadaka, hindu_temple,,Missing description
2839,Haldibari Chowk (Bhajan Chowk),"H267+C24, haladaiibaaraii 57200, naepaala",26.5609135,88.0127215,4.5,haladaiibaaraii, monument,,Missing description
2840,NIM Ashish Church Jumla,"75HJ+F64, Unnamed Road, chanadananaatha 21200, naepaala",29.2786343,82.1805853,3.7,Unnamed Road, church,,Missing description
2841,chanadananaatha manadaira,"75FM+MCP, chanadananaatha 21200, naepaala",29.2742033,82.1835789,4.7,chanadananaatha, mosque,,Missing description
2842,Jumla,"75FH+GHV, chanadananaatha 21200, naepaala",29.2738191,82.1789354,0.0,chanadananaatha, art_gallery,,Missing description
2843,chanadananaatha,"chanadananaatha 21200, naepaala",29.3031459,82.1496049,,naepaala, historic_site,,Missing description
2844,Rescue Spot,"F26H+48G, maalaikaabaotaa 21200, naepaala",29.4603134,82.0283367,0.0,maalaikaabaotaa, park,,Missing description
2845,Freedom Church,"9X7X+53R, dhaapaa 21200, naepaala",29.3629879,81.9976525,0.0,dhaapaa, church,,Missing description
2846,"kanakaasaunadaraii manadaira, sainajaa upatayakaa","C25F+PR2, kanakaasaunadaraii 21200, naepaala",29.4092596,82.0245095,4.2,kanakaasaunadaraii, church,,Missing description
2847,kanakaasaunadaraii,"kanakaasaunadaraii, naepaala",29.416848,82.0243657,,naepaala, tourist_attraction,,Missing description
2848,chaerae chaaura,"85GC+859, chanadananaatha 21200, naepaala",29.3257886,82.1704709,4.1,chanadananaatha, hike,,Missing description
2849,J.b apple garden,"8XWR+W7H, naraakaota 21200, naepaala",29.3473193,81.9907482,0.0,naraakaota, park,,Missing description
2850,Sinja Durbar,"C26F+4CR, kanakaasaunadaraii 21200, naepaala",29.4103653,82.0235137,0.0,kanakaasaunadaraii, museum,,Missing description
2851,"Garje,Sinja","93GG+69, shanaiigaauuँ 21200, naepaala",29.3755551,82.0759174,0.0,shanaiigaauuँ, trek,,Missing description
2852,"Siddhartha Apple Garden Hima Rural Municipality-07, Jumla","6WG3+HQW, mahaawaaipaatharakhaolaa 21200, naepaala",29.2264993,81.9044523,5.0,mahaawaaipaatharakhaolaa, park,,Missing description
2853,kaarataika sawaamaii,"kaarataika sawaamaii, 21200, naepaala",29.2521524,82.1659243,,21200, tourist_attraction,,Missing description
2854,jaumalaa waimaanasathala,"75FV+G42, chanadananaatha 21200, naepaala",29.2737672,82.1927725,3.9,chanadananaatha, tourist_attraction,,Missing description
2855,haimaalaya kalaa ra hasatakalaa,"Nil Barahi Rd, madhayapaura thaimai 44600, naepaala",27.7018057,85.3949619,4.3,madhayapaura, art_gallery,,Missing description
2856,Rahadev temple puru jumla Nepal,"6X86+XP, maalaikaathaataa 21200, naepaala",29.2174494,81.9618078,5.0,maalaikaathaataa, hindu_temple,,Missing description
2857,taalakaota,"882M+R3P, Unnamed Road, paataraasaii 21200, naepaala",29.3020935,82.3326923,5.0,Unnamed Road, park,,Missing description
2858,Jumla Taal,"CF84+MC, paataraasaii 21200, naepaala",29.416683,82.4561121,5.0,paataraasaii, tourist_attraction,,Missing description
2859,Rawatbada Tila4 Jumla (raawatabaadaa),"6X8X+QX, kaudaaraii 21200, naepaala",29.2175335,81.9990684,5.0,kaudaaraii, historic_site,,Missing description
2860,"Guthichaur gauthaichaaaira, jaumalaa","5CH6+WG, gauthaiichaaura 21200, naepaala",29.1797871,82.4113692,4.5,gauthaiichaaura, park,,Missing description
2861,gauthaiichaaura,"gauthaiichaaura, naepaala",29.1796068,82.4102628,,naepaala, mosque,,Missing description
2862,Chimara Malika ᤛᤣᤘᤠᤖᤥ,"Guthichaur 04, naepaala",29.2855606,82.2500652,4.7,naepaala, hindu_temple,,Missing description
2863,TATOPANI (KHARPANI),"2H92+7G, khaopalaamga 34000, naepaala",28.018723,84.5517851,0.0,khaopalaamga, park,,Missing description
2864,"taatao paanaii, Tato Pani","32W6+59M, jhaaralaangaga 45100, naepaala",28.0954686,85.0109188,5.0,jhaaralaangaga, tourist_attraction,,Missing description
2865,Ram Janki Temple,"Guthi, Jhouwa, Indo Nepal Border Trail, jhaouwaa gauthaii, 44300, naepaala",27.0193786,84.8075699,4.5,Jhouwa, hindu_temple,,Missing description
2866,5 storey temple,"Taumadhi Square, bhakatapaura 44800, naepaala",27.6710815,85.4293023,4.7,bhakatapaura, monument,,Missing description
2867,"Tatopani Hot Spring , Jumla","63P7+HH3, taataopaanaii 21200, naepaala",29.2361609,82.063767,3.8,taataopaanaii, historic_site,,Missing description
2868,taataopaanaii,"taataopaanaii 21200, naepaala",29.2396249,82.0516102,,naepaala, trek,,Missing description
2869,Topla,"433Q+784, taataopaanaii 21200, naepaala",29.1031499,82.0883397,5.0,taataopaanaii, trek,,Missing description
2870,Tadapani,"CFPM+4C, taipataimga 56000, naepaala",27.4352813,86.4835187,4.4,taipataimga, trek,,Missing description
2871,Tatopani Hot Spring,"FMW3+CMP Hot Spring, taataopaanaii 33200, naepaala",28.4960977,83.6542056,4.2,taataopaanaii, picnic,,Missing description
2872,️NEW HOPE CHURCH ️,"887H+G7, chhaumachaaura 21200, naepaala",29.3137096,82.3281923,0.0,chhaumachaaura, church,,Missing description
2873,Prasansa Church lasi,"874G+6WH, dailalaiichaaura 21200, naepaala",29.3055612,82.2774075,0.0,dailalaiichaaura, church,,Missing description
2874,"གུ་རུའི་གནས། Guru Tirtha, Pema Sambawa statue,","naepaala, paataraasaii, 3 Mahari village邮政编码: 21200",29.37982,82.3649415,5.0,paataraasaii, monument,,Missing description
2875,paataraasaii,"paataraasaii, naepaala",29.3206886,82.4536115,,naepaala, monument,,Missing description
2876,paataaraasaii,"paataaraasaii, naepaala",29.3003385,82.3401512,,naepaala, monument,,Missing description
2877,Large Guru Rinpoche Statue,"H976+2C, paulauu 21100, naepaala",29.5619961,82.3620605,0.0,paulauu, monument,,Missing description
2878,Chumchaur,"8848+Q93, chhaumachaaura 21200, naepaala",29.3068967,82.315936,5.0,chhaumachaaura, hike,,Missing description
2879,Dhangadhi Park,"Dhangadhi Park, dhanagadhaii 10900, naepaala",28.7064179,80.5860244,,dhanagadhaii, park,,Missing description
2880,Netuwa Taal,"PH57+HJC, Road, dhanagadhaii 10900, naepaala",28.710043,80.563591,0.0,Road, amusement_park,,Missing description
2881,kalawaraii characha dhanagadhaii,"MHXM+RQC, dhanagadhaii 10900, naepaala",28.6996143,80.5843893,4.6,dhanagadhaii, church,,Missing description
2882,ISKCON Dhangadi,"dhanagadhaii 10900, naepaala",28.703097,80.5727388,4.7,naepaala, hindu_temple,,Missing description
2883,Buddha chowk,"MJX4+87R, dhanagadhaii 10900, naepaala",28.6982402,80.605684,4.2,dhanagadhaii, monument,,Missing description
2884,Dewariya,"PJ59+93R, Jungle Rd, dhanagadhaii 10900, naepaala",28.708491,80.617635,3.3,Jungle Rd, historic_site,,Missing description
2885,Emmanuel eclesia tikapur kailali,"G495+3W9, taikaapaura 10901, naepaala",28.5176825,81.1098188,4.0,taikaapaura, church,,Missing description
2886,taikaapaura,"taikaapaura 10901, naepaala",28.5099229,81.1085744,,naepaala, tourist_attraction,,Missing description
2887,"Tikapur children park , Kailali","G4M7+CXM, taikaapaura 10901, naepaala",28.5335875,81.1149219,0.0,taikaapaura, tourist_attraction,,Missing description
2888,kaunataikhaeta Park,"J44X+75V, kaunataikhaeta, lamakaii chauhaa 10901, naepaala",28.6057298,81.1479244,5.0,kaunataikhaeta, park,,Missing description
2889,Gutu khola& Bheri confluence,"Q8JG+H2, baidayaapaura 21700, naepaala",28.7814152,81.3250558,0.0,baidayaapaura, amusement_park,,Missing description
2890,lamakaii chauhaa,"lamakaii chauhaa, naepaala",28.6394271,81.1416691,,naepaala, tourist_attraction,,Missing description
2891,Lamki chuha wada partappur,"J4QR+QMF, lamakaii chauhaa 10900, naepaala",28.6394271,81.1416691,3.0,lamakaii, tourist_attraction,,Missing description
2892,GHAUSIA Masjid Lamki Tikapur Road Kailali Sudur Pachchim Nepal,"J5G2+C82, chaauhaa 10901, naepaala",28.6261997,81.1501957,5.0,chaauhaa, mosque,,Missing description
2893,bhaalaubhautae chaoka,"J456+3H, lamakaii chauhaa 10901, naepaala",28.607672,81.1114565,0.0,lamakaii, museum,,Missing description
2894,Lamki Bazar lamakaii bajaara,"lamakaii chauhaa 10901, naepaala",28.6269462,81.1540717,4.0,naepaala, art_gallery,,Missing description
2895,shaiwashakatai chanadaramaaulaeshawara dhaama,"J5F3+Q24, Unnamed Road, lamakaii chauhaa 10901, naepaala",28.6243918,81.1525764,3.7,Unnamed Road, hindu_temple,,Missing description
2896,Hakim Chok Tilakha,"J4W6+JX, lamakaii chauhaa 10900, naepaala",28.6459424,81.1111124,0.0,lamakaii, historic_site,,Missing description
2897,Dhade Khola,"M5W7+6Q, lamakaii chauhaa 10900, naepaala",28.6955307,81.1643884,0.0,lamakaii, picnic,,Missing description
2898,aamapaanaii khaolaa,"M672+CGP, lamakaii chauhaa 10900, naepaala",28.6635914,81.2013256,4.5,lamakaii, hike,,Missing description
2899,kaeraa baaraii,"gaauँpaalaikaa ६ jaokaahaii, 10900, naepaala",28.6236668,80.9980328,5.0,10900, park,,Missing description
2900,Kota Christiya Church,"JWF4+5V, ghaodaaghaodaii 10900, naepaala",28.6228387,80.9071409,5.0,ghaodaaghaodaii, church,,Missing description
2901,ghaodaaghaodaii,"ghaodaaghaodaii 10900, naepaala",28.627729,80.9650023,,naepaala, tourist_attraction,,Missing description
2902,Belal Masjid Muda Bazar BardGoria Ward No 4 Kailali Sudur Pashchim Nepal,"M26F+J92, 10900, naepaala",28.66152,81.0234236,5.0,10900, mosque,,Missing description
2903,Ghoda Ghodi Temple,"MWMW+H58, mahaenadara raajamaaraga, ghaodaaghaodaii 10900, naepaala",28.6839208,80.9454628,4.3,mahaenadara raajamaaraga, museum,,Missing description
2904,ghaodaaghaodaii taala,"ghaodaaghaodaii taala, 10900, naepaala",28.6888793,80.9498015,4.2,10900, monument,,Missing description
2905,Ghodaghodi Lake,"MWPW+9F5, ghaodaaghaodaii 10900, naepaala",28.6858817,80.9462357,4.4,ghaodaaghaodaii, picnic,,Missing description
2906,Chandan Chy Bhajani Nepal,"FXX7+QC, bhajanaii taraishakatai, naepaala",28.4994375,80.9635625,5.0,bhajanaii taraishakatai, park,,Missing description
2907,Jyoti church Bhajani 3 dhushi,"bhajanaii taraishakatai 10901, naepaala",28.4935837,81.0013293,0.0,naepaala, church,,Missing description
2908,Bhajani word 8 Godchaura kailali,"F2R9+23R, thaapaapaura 10901, naepaala",28.4901228,81.0176441,0.0,thaapaapaura, tourist_attraction,,Missing description
2909,bhajanaii nagarapaalaikaa kaarayaalaya,"bhajanaii taraishakatai 10901, naepaala",28.4911753,80.964479,5.0,naepaala, mosque,,Missing description
2910,Kundi chauraha,"GWCV+FW, bhajanaii taraishakatai 10900, naepaala",28.52124,80.944777,0.0,bhajanaii, museum,,Missing description
2911,karamadaewa baabaa manadaira,"FXF8+J2H, Unnamed Road, bhajanaii taraishakatai 10901, naepaala",28.4740517,80.965095,3.0,Unnamed Road, hindu_temple,,Missing description
2912,bhajanaii,"bhajanaii, naepaala",28.4957414,80.9815817,,naepaala, monument,,Missing description
2913,bhajanaii taraishakatai,"bhajanaii taraishakatai, naepaala",28.5228412,80.9539475,,naepaala, trek,,Missing description
2914,Karnali river bank photo spot,"F484+5G, taikaapaura 10901, naepaala",28.4654123,81.1062904,4.0,taikaapaura, picnic,,Missing description
2915,dhaikapauraana ghara 🏠Anshumaan Himal Nabian,"F2RF+922, thaapaapaura 10901, naepaala",28.4908851,81.0225224,0.0,thaapaapaura, hike,,Missing description
2916,godavari Viral Bridge,"VHJQ+P2W, atataraiiyaa 10900, naepaala",28.8827298,80.5876692,4.2,atataraiiyaa, park,,Missing description
2917,Ishalaya Catholic Church,"Satdobato-Godavari Rd, gaodaawaraii 44709, naepaala",27.5971738,85.3710471,4.1,gaodaawaraii, church,,Missing description
2918,gaodaawaraii maarabala daaँdaa,"44709, naepaala",27.5911877,85.3753456,4.3,naepaala, tourist_attraction,,Missing description
2919,Godawari Temple,"VHHH+MFJ, 10900, naepaala",28.8792149,80.5786502,4.6,10900, museum,,Missing description
2920,Godawari Kunda gaodaawaraii kaunada,"H9XP+4PC, gaodaawaraii 44709, naepaala",27.5978052,85.3867722,4.6,gaodaawaraii, hindu_temple,,Missing description
2921,gaodaawaraii jamgala,"HCP2+3HG, gaodaawaraii 44709, naepaala",27.5851938,85.4014387,4.4,gaodaawaraii, historic_site,,Missing description
2922,gaodaawaraii,"gaodaawaraii, naepaala",27.6015625,85.3652959,,naepaala, historic_site,,Missing description
2923,phaulachaokaii bhawaanaii naaudhaaraa manadaira,"H9QH+7RM, Godawari - Phulchoki Rd, gaodaawaraii 44709, naepaala",27.5882251,85.3795179,4.5,Godawari - Phulchoki Rd, historic_site,,Missing description
2924,Phulchowki,"HCC4+8MF, Trail to Phulchowki Mai, gaodaawaraii 44700, naepaala",27.5708024,85.4066658,4.6,Trail to Phulchowki Mai, hike,,Missing description
2925,"The Church of the Living God, Gauriganga-1, Mangalpur, Kailali, Far-West, Nepal","QQ42+4V3, chaaumaalaa 10900, naepaala",28.7553181,80.7521908,5.0,chaaumaalaa, church,,Missing description
2926,Gorkhali’s Sansari Dada,"Nilkantha-4, naepaala",27.8859794,84.914195,3.0,naepaala, tourist_attraction,,Missing description
2927,ebhaieshana mayaujaiyama,"44600, kaathamaadaauँ, naepaala",27.6938316,85.3538524,4.0,kaathamaadaauँ, museum,,Missing description
2928,Gauri Temple,"P87X+6R4, kaathamaadaauँ 44600, naepaala",27.7130546,85.3496475,4.5,kaathamaadaauँ, hindu_temple,,Missing description
2929,Udashipur Kailali,"Gauriganga Municipality 10, udaasaiipaura 10905, naepaala",28.7669539,80.7546952,4.0,udaasaiipaura, historic_site,,Missing description
2930,Ram Janaki Mandir,"PH29+G79, dhanagadhaii 10900, naepaala",28.7012905,80.5682454,4.7,dhanagadhaii, hindu_temple,,Missing description
2931,jaanakaiinagara,"jaanakaiinagara 10901, naepaala",28.5867983,81.0892627,,naepaala, historic_site,,Missing description
2932,jaanakaii gaauँpaalaikaakao kaarayaalaya,"H455+W2H, dauragaaulaii 10901, naepaala",28.5598337,81.1076551,3.1,dauragaaulaii, trek,,Missing description
2933,jaanakaii,"jaanakaii, naepaala",28.5648632,81.1062631,,naepaala, trek,,Missing description
2934,"Galgatha AG Church, Bauniya","M27Q+MMH, daudaodhaaraa 10900, naepaala",28.6641778,81.0392282,5.0,daudaodhaaraa, church,,Missing description
2935,baradagaoraiyaa,"baradagaoraiyaa, 10900, naepaala",28.6590225,81.0481118,,10900, tourist_attraction,,Missing description
2936,bardagoriya suspension bridge,"M3J3+WC, daudaodhaaraa 10900, naepaala",28.682291,81.0535415,5.0,daudaodhaaraa, tourist_attraction,,Missing description
2937,Bardagoriya,"H2WV+GRW, baonaiyaa 10901, naepaala",28.5963719,81.0445584,5.0,baonaiyaa, museum,,Missing description
2938,"baradagaoraiyaa, dhaaramaika sathaana","M3H3+PPW, daudaodhaaraa 10900, naepaala",28.6793581,81.0543411,4.4,daudaodhaaraa, hindu_temple,,Missing description
2939,Bardagoriya Kanyaraja Temple,"M3J3+5J8, daudaodhaaraa 10900, naepaala",28.6804244,81.0540802,3.5,daudaodhaaraa, monument,,Missing description
2940,deurali view point,"P5J3+C9, saugaarakhaala 10900, naepaala",28.7310491,81.1534316,5.0,saugaarakhaala, hike,,Missing description
2941,Shanti AG Church,"VVR7+QRJ, maohanayaala 10900, naepaala",28.8919625,80.8645238,0.0,maohanayaala, church,,Missing description
2942,maohanayaala,"maohanayaala 10900, naepaala",28.88,80.89,,naepaala, tourist_attraction,,Missing description
2943,Patela Tharu Cultural Museum,"MMX8+CF7, dhanagadhaii 10900, naepaala",28.6985208,80.666168,4.7,dhanagadhaii, museum,,Missing description
2944,Gallery Mcube,"M8HF+W33, maitara maaraga, lalaitapaura 44600, naepaala",27.679765,85.3226748,4.5,maitara maaraga, art_gallery,,Missing description
2945,Malika Temple Bhatkuri,"VVHQ+XXX, maohanayaala 10900, naepaala",28.88,80.89,0.0,maohanayaala, hindu_temple,,Missing description
2946,chaurae,"chaurae, naepaala",29.0149454,80.6232738,,naepaala, tourist_attraction,,Missing description
2947,GHAUSIA MASJID Dhangadhi (Chauraha) District Kailali SudurPashchim (Nepal),"PH39+HXR, dhanagadhaii 10900, naepaala",28.7039976,80.5699227,5.0,dhanagadhaii, mosque,,Missing description
2948,P3A's House/paraema kao ghara,"QMWR+RCW, chaaumaalaa 10900, naepaala",28.7971514,80.6910611,5.0,chaaumaalaa, museum,,Missing description
2949,saapakaotaa kaula manadaira,"Chure 01, naepaala",29.0025518,80.6668466,5.0,naepaala, hindu_temple,,Missing description
2950,saelaasa saamaudaayaika wana,"8JGM+7C, amaragadhaii 10300, naepaala",29.3256819,80.6335873,0.0,amaragadhaii, historic_site,,Missing description
2951,Murivabar Picnic Spot,"VMHF+8X, atataraiiyaa 10900, naepaala",28.8783041,80.6749473,5.0,atataraiiyaa, picnic,,Missing description
2952,Phulwari Childeren Park,"JP37+X4P, dhanagadhaii 10900, naepaala",28.6049512,80.7128302,0.0,dhanagadhaii, park,,Missing description
2953,"Ghortal, Himmatpur","HWM5+MHP, bhajanaii taraishakatai 10900, naepaala",28.5842202,80.9089422,5.0,bhajanaii, amusement_park,,Missing description
2954,Mahima AG Church Kailari-2kailai,"Unnamed Road, 10900, naepaala",28.6163542,80.7888106,5.0,10900, church,,Missing description
2955,kaailaaraii,"kaailaaraii, naepaala",28.5716774,80.7866592,,naepaala, tourist_attraction,,Missing description
2956,Kalimai Temple,"K-Gaun, 10900, naepaala",28.5859411,80.7688783,5.0,10900, hindu_temple,,Missing description
2957,Kailari gaun,"JRC6+222 House of Ramesh Chaudhary, basaautaii 10900, naepaala",28.6200001,80.8100001,0.0,basaautaii, historic_site,,Missing description
2958,Karnali Rafting and Adventure pvt.Ltd,"Karnali, chaisaapaanaii 10901, naepaala",28.6382964,81.2783463,4.1,chaisaapaanaii, trek,,Missing description
2959,kaohailaii taala,"MQRC+6W, gadaraiyaa 10900, naepaala",28.690505,80.7722853,3.2,gadaraiyaa, picnic,,Missing description
2960,Joshipur 2 Lovely park,"H2J3+65Q, jaoshaiipaura 10900, naepaala",28.5805807,81.0029835,4.8,jaoshaiipaura, park,,Missing description
2961,FGT Church Joshipur,"H2C9+FMJ, jaoshaiipaura 10901, naepaala",28.5712331,81.0191358,5.0,jaoshaiipaura, church,,Missing description
2962,jaoshaiipaura,"jaoshaiipaura, naepaala",28.5674011,81.01473,,naepaala, tourist_attraction,,Missing description
2963,Joshipur Kailali,"H29C+J76, jaoshaiipaura 10901, naepaala",28.5690366,81.0206294,3.0,jaoshaiipaura, tourist_attraction,,Missing description
2964,DC FARMLAND,"F2QC+QR4, thaapaapaura 10901, naepaala",28.4893858,81.0220869,0.0,thaapaapaura, museum,,Missing description
2965,Shiv Mandir,"H25M+45H, jaoshaiipaura 10901, naepaala",28.5578136,81.0329514,4.3,jaoshaiipaura, hindu_temple,,Missing description
2966,"Uttar Tol, Bhitariya","GXWX+6PJ, jaoshaiipaura 10901, naepaala",28.5455923,80.999277,0.0,jaoshaiipaura, hike,,Missing description
2967,Kalikot raskot,"5J24+JW8, maanamaa 21300, naepaala",29.1515226,81.6073382,3.6,maanamaa, park,,Missing description
2968,Nirmala kumarishahi,"6P5M+GXW, raamanaakaota 21300, naepaala",29.2088617,81.734942,0.0,raamanaakaota, church,,Missing description
2969,khaaँdaachakara,"khaaँdaachakara, 21300, naepaala",29.1485449,81.6142184,,21300, tourist_attraction,,Missing description
2970,Kalikot manma,"4HJX+CC4, karanaalaii raajamaaraga, maanamaa 21300, naepaala",29.1310188,81.5985687,4.0,karanaalaii raajamaaraga, tourist_attraction,,Missing description
2971,Chittka art,"bayarghari 2, darasainga dahathauma 33801, naepaala",28.0336271,83.7835692,5.0,darasainga, art_gallery,,Missing description
2972,Dadamandu kalikot,"6JF5+927 3, rakau 21300, naepaala",29.2234214,81.6075464,0.0,rakau, hindu_temple,,Missing description
2973,khaaँdaachakara nagarapaalaikaa,"4JX7+JCF, maanamaa 21300, naepaala",29.1490352,81.6135444,4.6,maanamaa, monument,,Missing description
2974,Bhattadi Village (bhaatatadaii gaauँ),"5R2M+3XQ, raaँchaulaii 21300, naepaala",29.1502221,81.8349238,0.0,raaँchaulaii, historic_site,,Missing description
2975,Ghodalaas ghaoda़alaasha,"7M86+758, phaukaota 21300, naepaala",29.2653317,81.6609716,0.0,phaukaota, park,,Missing description
2976,Raskot Municipality office,"6JQP+7WR, saiunaa 21300, naepaala",29.2382128,81.6372834,3.6,saiunaa, mosque,,Missing description
2977,Dhalpuro temple dhalapaurao manadaira Mangal,"01, hapkot, naepaala",29.2624364,81.6079413,5.0,hapkot, hindu_temple,,Missing description
2978,Raskot darbar,"7M86+758, phaukaota 21300, naepaala",29.2656719,81.6604425,0.0,phaukaota, monument,,Missing description
2979,saetaikaota,"7J4X+FP2, saiunaa 21300, naepaala",29.2561403,81.6492577,5.0,saiunaa, trek,,Missing description
2980,kaृthaaailaa(bhaatatadaii),"5V46+G4M, raaँchaulaii 21300, naepaala",29.156339,81.8602892,0.0,raaँchaulaii, park,,Missing description
2981,Thamkhet,"4Q2F+69, chailakhaayaa 21300, naepaala",29.1006067,81.77346,0.0,chailakhaayaa, church,,Missing description
2982,tailaagauphaa,"tailaagauphaa, naepaala",29.1655111,81.8698895,,naepaala, tourist_attraction,,Missing description
2983,Jiunibada tool,"4MCV+GR6, daahaaphatagaauँ 21300, naepaala",29.1212967,81.6945399,0.0,daahaaphatagaauँ, museum,,Missing description
2984,Kalikot khalla,"5R8H+648, jaubaithaa 21300, naepaala",29.1655314,81.827843,5.0,jaubaithaa, hindu_temple,,Missing description
2985,Temporary Tilagufa municipality,"jaubaithaa 21300, naepaala",29.1435348,81.8222253,4.5,naepaala, monument,,Missing description
2986,Katikuda,"3PJM+62J, gaelaa 21300, naepaala",29.080578,81.7325132,0.0,gaelaa, trek,,Missing description
2987,pachal jharana,"7PP6+CGH, naanaiikaota 21300, naepaala",29.2860749,81.711366,5.0,naanaiikaota, park,,Missing description
2988,paraewaakaota characha Parewakot Church,"JP47+677, paipalae 44202, naepaala",27.6055787,84.713184,5.0,paipalae, church,,Missing description
2989,"Lapha,Pachal Jharana,Kalikot","7P96+FF, raamanaakaota 21300, naepaala",29.2687105,81.7112493,2.0,raamanaakaota, tourist_attraction,,Missing description
2990,Pachaljharna Waterfall| pachaalajharanaa,"6PGV+VC, raamanaakaota 21300, naepaala",29.2271866,81.7435364,3.5,raamanaakaota, mosque,,Missing description
2991,kaalashailalaa manadaira palaataibaadaa,"6MV4+3W9, phaukaota 21300, naepaala",29.2425628,81.6559403,3.0,phaukaota, hindu_temple,,Missing description
2992,Tribeni patan Kalikot,"8HW3+VP, maumaraakaota 21300, naepaala",29.347125,81.5543478,5.0,maumaraakaota, park,,Missing description
2993,Sanni triveni 1 lusa kalikot,"6JM5+R85 1 lusa, maehala maudaii 21300, naepaala",29.2345006,81.6083643,1.0,maehala, church,,Missing description
2994,Trivini Patan taraiiwainaii paatana,"8GXP+67M, kaailaashamaadaauँ 10600, naepaala",29.348087,81.5356575,5.0,kaailaashamaadaauँ, tourist_attraction,,Missing description
2995,daewai daewataa lae sabaai kaae rakashaa garauna sanadaipa,"5HFF+F28, kaotawaadaa 21300, naepaala",29.1736642,81.5725744,5.0,kaotawaadaa, hindu_temple,,Missing description
2996,saananaii taraiwaenaii,"saananaii taraiwaenaii, 21300, naepaala",29.2345006,81.6083643,,21300, historic_site,,Missing description
2997,Tribeni Trek,"Khusibu Sadak 16, kaathamaadaauँ 44600, naepaala",27.7219955,85.3014756,4.9,kaathamaadaauँ, trek,,Missing description
2998,kaotailaa mahaadaewa manadaira,"RMCP+663, naaraayana nagarapaalaikaa 21600, naepaala",28.8205035,81.685547,3.3,naaraayana, hindu_temple,,Missing description
2999,hanaumaana dhaokaa,"Hanuman Dhoka Sadak, kaathamaadaauँ 44600, naepaala",27.704272,85.307417,4.5,kaathamaadaauँ, monument,,Missing description
3000,naraharainaatha,"naraharainaatha, naepaala",29.170372,81.5683301,,naepaala, historic_site,,Missing description
3001,kaalaikaota,"kaalaikaota, naepaala",29.2088617,81.734942,,naepaala, trek,,Missing description
3002,Kakani Picnic Spot,"R6GW+7GX, kakanaii 44900, naepaala",27.8257471,85.2463723,0.0,kakanaii, picnic,,Missing description
3003,"Kalika Park, Budhanilkantha -8, Bhangal, Kathmandu","baudhaanaiilakanatha 44600, naepaala",27.7594507,85.3593767,4.2,naepaala, park,,Missing description
3004,Kaskikot Kalika Temple,"7WC3+RRX Suikhet Road, kaasakaiikaota 33700, naepaala",28.2720869,83.9046544,4.5,kaasakaiikaota, tourist_attraction,,Missing description
3005,Kaalo.101,"lalaitapaura 44600, naepaala",27.6753133,85.3265957,4.8,naepaala, art_gallery,,Missing description
3006,Shubhakalika RM kalikot,"4J5H+FFG, saukaataiyaa 21300, naepaala",29.1087079,81.6286885,5.0,saukaataiyaa, monument,,Missing description
3007,shaubha kaalaiikaa,"shaubha kaalaiikaa, naepaala",29.09364,81.5825446,,naepaala, picnic,,Missing description
3008,mailana chaoka Milan chook,"4J5M+3QG, saukaataiyaa 21300, naepaala",29.1076852,81.6344449,1.0,saukaataiyaa, park,,Missing description
3009,mahaawaai,"mahaawaai, naepaala",29.0562998,81.7549097,,naepaala, tourist_attraction,,Missing description
3010,K.K AQUARIUM SHOP,"P86V+CP9, Jaya Bageshwori Road, kaathamaadaauँ 44600, naepaala",27.711034,85.34437,3.5,Jaya Bageshwori Road, aquarium,,Missing description
3011,Bihanee Art Gallery & Videography,"bansgadhi-5, baaँsagadhaii 21800, naepaala",28.2829686,81.5486728,0.0,baaँsagadhaii, art_gallery,,Missing description
3012,Tannakatiya,"3J9Q+M8, saukaataiyaa 21300, naepaala",29.0692159,81.6383465,5.0,saukaataiyaa, hike,,Missing description
3013,palaataa,"palaataa, naepaala",29.3597883,81.8390139,,naepaala, tourist_attraction,,Missing description
3014,kaudaiilalaa,"7QC9+FRC, raamanaakaota 21300, naepaala",29.2711964,81.7695219,0.0,raamanaakaota, hike,,Missing description
3015,Siddhanath temple Nepal,"2536+4X7, bhaiimadatata 10400, naepaala",29.0027871,80.162462,4.6,bhaiimadatata, hindu_temple,,Missing description
3016,Punarbas Park,"MF32+QFP, Road, paunarawaasa 10400, naepaala",28.6544565,80.4512105,4.3,Road, park,,Missing description
3017,Sinai Church,"MF94+7VM, paunarawaasa 10400, naepaala",28.668288,80.4572309,5.0,paunarawaasa, church,,Missing description
3018,paunarawaasa,"paunarawaasa, naepaala",28.6512253,80.4660256,,naepaala, tourist_attraction,,Missing description
3019,Barkaati Masjid Krishna Nagar Colony,"JCJF+G64, Basahi Colon, Krishna Nagar Colony, Uttar Pradesh 262904, bhaarata",28.6170266,80.4107745,0.0,Basahi Colon, mosque,,Missing description
3020,raanaa thaarau samgarahaalaya,"PC64+XRF, paunarawaasa 10400, naepaala",28.7124422,80.4070362,2.5,paunarawaasa, museum,,Missing description
3021,"hairaapaura kaalao haraina samrakashana kashaetara, shaukalaaphaaँtaa raashataraiya naikaunyaja","Shuklaphanta Municipality, 10400, naepaala",28.953146,80.3349485,4.8,10400, zoo,,Missing description
3022,Bedkot Park,"X723+R72, 10400, naepaala",28.9520238,80.2531438,5.0,10400, park,,Missing description
3023,Bedkot Lake,"Bedkot Lake, daaijaii 10400, naepaala",29.0234395,80.3202661,4.4,daaijaii, tourist_attraction,,Missing description
3024,baishanau manadaira,"255X+W4X, bhaiimadatata 10400, naepaala",29.0098536,80.1978665,4.8,bhaiimadatata, hindu_temple,,Missing description
3025,"jhailamailaa taala bhaii na paa ९ mataenaa, kanyachanapaura naepaala Jhilmila lake KanchanpurNepal","359Q+23V Jhilmil Taal, bhaiimadatata 10400, naepaala",29.0676027,80.1876809,4.7,bhaiimadatata, trek,,Missing description
3026,Shikri kunda shaikarai kaunadaa,"P7MH+Q8R, Unnamed Road, baelaauraii 10400, naepaala",28.7344806,80.2782667,4.5,Unnamed Road, park,,Missing description
3027,"Hope Community Church, Belauri Kanchanpur","M9Q3+RV5, baelaauraii 10400, naepaala",28.6895215,80.3547286,0.0,baelaauraii, church,,Missing description
3028,Prem Taal,"M86W+6P5, baelaauraii 10400, naepaala",28.6605015,80.3468551,5.0,baelaauraii, tourist_attraction,,Missing description
3029,Jama Masjid Kamalapuri,"J9P4+H7P, Teduha, Kamala Puri Colony, Uttar Pradesh 262904, bhaarata",28.6364635,80.3557018,4.8,Teduha, mosque,,Missing description
3030,baelaauraii bajaara,"baelaauraii bajaara, baelaauraii 10400, naepaala",28.6841446,80.360297,,baelaauraii, monument,,Missing description
3031,"baelaauraii nagarapaalaikaa kaarayaalaya, kanyachanapaura","baelaauraii paaraka, baelaauraii 10400, naepaala",28.681689,80.3620029,3.8,baelaauraii, historic_site,,Missing description
3032,Kanchanpur belauri,"baelaauraii 00997, naepaala",28.6821034,80.362701,3.0,naepaala, historic_site,,Missing description
3033,Nakaiya,"M8GF+5W5, baelaauraii, naepaala",28.6753918,80.3248439,5.0,baelaauraii, trek,,Missing description
3034,Bandhatal,"MC95+PV, baelaauraii 10400, naepaala",28.6693209,80.4096641,0.0,baelaauraii, picnic,,Missing description
3035,"Chamman Chauraha, Kaluwapur","QGQ9+9MM, kaृshanapaura 10400, naepaala",28.7884683,80.5191697,4.6,kaृshanapaura, park,,Missing description
3036,Prashansa Baptist Church,"QGWJ+994, kaृshanapaura 10900, naepaala",28.7958813,80.5309556,0.0,kaृshanapaura, church,,Missing description
3037,saisanae saimasaara tathaa parayatana kashaetara,"VFR4+MJ9, kaृshanapaura 10400, naepaala",28.8916502,80.4566085,5.0,kaृshanapaura, tourist_attraction,,Missing description
3038,Kailali-kanchanpur Suspension bridge shantipur,"QGHX+3J, atataraiiyaa 10900, naepaala",28.7777113,80.5491071,4.0,atataraiiyaa, tourist_attraction,,Missing description
3039,kaृshanapaura nagarapaalaikaa kaarayaalaya,"RFPP+P5H, kaृshanapaura 10400, naepaala",28.8368081,80.4855333,4.0,kaृshanapaura, mosque,,Missing description
3040,Namadev Temple,"PHGH+PWF, dhanagadhaii 10900, naepaala",28.7268213,80.5797869,4.5,dhanagadhaii, museum,,Missing description
3041,sharaii saidadhanaatha manadaira,"VC97+X4R, kaृshanapaura 10400, naepaala",28.869946,80.4127174,0.0,kaृshanapaura, hindu_temple,,Missing description
3042,gadabaijaulaa taala,"kaृshanapaura 10400, naepaala",28.8495555,80.4222926,5.0,naepaala, historic_site,,Missing description
3043,Attariya Chauraha,"RH63+X9X, atataraiiyaa 10900, naepaala",28.8127412,80.5537537,4.1,atataraiiyaa, picnic,,Missing description
3044,Pipraiya Park,"W4C8+3MV, bhaiimadatata 10400, naepaala",28.9202497,80.1166807,2.8,bhaiimadatata, park,,Missing description
3045,Canaan A.G Church,"X5JG+6V3, Bhimdattanagar Aithpur 6, bhaiimadatata 10400, naepaala",28.9783125,80.1766875,3.7,Bhimdattanagar, church,,Missing description
3046,Mahakali Rafing Resort,"W4G8+95, bhaiimadatata 10400, naepaala",28.9258801,80.115482,4.6,bhaiimadatata, tourist_attraction,,Missing description
3047,daodhaaraa chaaँdanaii paula,"W4F7+FJJ, bhaiimadatata 10400, naepaala",28.923716,80.1140076,4.5,bhaiimadatata, mosque,,Missing description
3048,"Harihar Snan Ghat-12, Airy,Mahendranagar","X428+RFR, bhaiimadatata 10400, naepaala",28.9521074,80.1161302,5.0,bhaiimadatata, hindu_temple,,Missing description
3049,"Mahakali Bridge,Dodhara Chadani","W4W4+4WR, Mahakali Road, bhaiimadatata 10400, naepaala",28.9453722,80.1072601,4.6,Mahakali Road, monument,,Missing description
3050,Picnic SporT Dodhara Chandani 5,"V3RX+R78, daodhaaraa chaaँdanaii 10400, naepaala",28.892033,80.0981993,5.0,daodhaaraa, picnic,,Missing description
3051,Mahakali Suspension Bridge,"W4F8+G2G, Mahakali Jholunga Bridge, bhaiimadatata 10400, naepaala",28.9238146,80.1150818,4.2,Mahakali Jholunga Bridge, hike,,Missing description
3052,Anugraha Church ️ ️,"daekhatabhaulaii 10400, naepaala",28.8481822,80.4061098,2.0,saurayawainaayaka, church,,Missing description
3053,Shuklaphanta Wildlife Reserve Museum,"X42X+455, bhaiimadatata 10400, naepaala",28.9502602,80.1479252,4.9,bhaiimadatata, museum,,Missing description
3054,sharaii baaijanaatha manadaira shaukalaaphaamtaa nagarapaalaikaa ०७ saimalaphaamtaa,"Shuklaphanta Municiapality Ward No. 7, Shimaphanta 10400, naepaala",28.9451469,80.3439024,5.0,Shimaphanta, hindu_temple,,Missing description
3055,Prakash church,"R9GW+HW9, 05, naepaala",28.8264008,80.3973622,0.0,5, church,,Missing description
3056,Jame Masjid Jamiatul Islah Alislamia,"Jalpapur Rd 2, raamanagara bhautaahaa 56715, naepaala",26.5346187,87.1185355,4.7,raamanagara, mosque,,Missing description
3057,Durga mandir bichpatti,"R94C+W9R, daekhatabhaulaii 10400, naepaala",28.8073666,80.3708767,4.0,daekhatabhaulaii, museum,,Missing description
3058,Siv Mandir Chandev khairgadaiya,"Laljhadi 6 Chandev Kanchpur, 10400, naepaala",28.7681969,80.3404899,5.0,10400, hindu_temple,,Missing description
3059,laalajhaadaii,"laalajhaadaii, 10400, naepaala",28.7606805,80.3855818,,10400, historic_site,,Missing description
3060,Simal Tree Border Picnic ground,"MG83+7FF, baaisai baichawaa 10400, naepaala",28.6656892,80.5036568,5.0,baaisai, picnic,,Missing description
3061,Little green park,"Q7JG+C3, baeladanadaii 10400, naepaala",28.7811166,80.2751423,4.0,baeladanadaii, park,,Missing description
3062,"Balidan A.G. Church, Simaldandi","Q747+VW, baeladanadaii 10400, naepaala",28.7571644,80.2648533,4.0,baeladanadaii, church,,Missing description
3063,Beldandi,"Q7H9+P3R, baeladanadaii 10400, naepaala",28.7793561,80.2676442,5.0,baeladanadaii, tourist_attraction,,Missing description
3064,baeladanadaii,"baeladanadaii 10400, naepaala",28.7754741,80.2655846,,naepaala, mosque,,Missing description
3065,baihaanaii aarata gayaalaraii,"6GRC+87Q, baaँsagadhaii 21800, naepaala",28.2408465,81.5207365,0.0,baaँsagadhaii, art_gallery,,Missing description
3066,Baijanath Temple,"Q6JQ+985, baeladanadaii 10400, naepaala",28.7808756,80.2383725,5.0,baeladanadaii, monument,,Missing description
3067,The Trek Nepal,"Tarkeshwor - 5, kaathamaadaauँ 44600, naepaala",27.7436247,85.2908403,5.0,kaathamaadaauँ, trek,,Missing description
3068,Kapilvastu Park - Ancient Buddhist Site,"C4XH+63W, National Highway 233, Birdpur No.1, Uttar Pradesh 272202, bhaarata",27.4481002,83.1277057,4.2,National, park,,Missing description
3069,Punaruthan Church Sagarahawa,"J33H+6H, kapailawasatau 32800, naepaala",27.6030616,83.0789173,4.0,kapailawasatau, church,,Missing description
3070,kapailawasatau samgarahaalaya,"H2FX+J7H, kapailawasatau 32800, naepaala",27.5740659,83.0482232,4.2,kapailawasatau, museum,,Missing description
3071,Kapilvastu Museum,"C4QH+MGJ, Piprahawa - Bankatwa Rd, Pachangawa, Uttar Pradesh 272202, bhaarata",27.4391333,83.1287385,4.6,Piprahawa - Bankatwa Rd, museum,,Missing description
3072,Jagdishpur Bird Sanctuary,"J39W+92, waanagamgaa 32800, naepaala",27.6184843,83.0950646,4.2,waanagamgaa, zoo,,Missing description
3073,sharaii taaulaeshawaranaatha manadaira,"G3V3+W83, kapailawasatau 32800, naepaala",27.5447588,83.0532825,4.5,kapailawasatau, hindu_temple,,Missing description
3074,Rajapani Picnic Spot,"J5XM+GWW, waanagamgaa 32800, naepaala",27.6488505,83.1848385,3.8,waanagamgaa, picnic,,Missing description
3075,Basantchok,"F2H6+C2W, 32800, naepaala",27.4786003,83.0100853,0.0,32800, hike,,Missing description
3076,Love Park(madhaaailaiyaa wana udayaana),"Banganga no. 05 madhauli, naepaala",27.6764326,83.1535126,3.8,naepaala, park,,Missing description
3077,Kapilvastu Avinash Church,"Banaganga-5, Kopawa, naepaala",27.6456584,83.1231563,4.8,Kopawa, church,,Missing description
3078,Jama Masjid Abu Bakr Siddique,"H4MC+RV9, kapailawasatau 32800, naepaala",27.5845806,83.1222327,4.3,kapailawasatau, mosque,,Missing description
3079,BIHANI GIFT & ARTS,"Horizon Chowk 4 No, Kapilvastu, naepaala",27.6830627,83.1774288,0.0,Kapilvastu, art_gallery,,Missing description
3080,banagaaii shaiwa manadaira,"J43P+78X, Bangai, kapailawasatau 11, naepaala",27.6032372,83.1358916,5.0,Bangai, hindu_temple,,Missing description
3081,lakashamanaghaata baaँdha,"Laxmanghat 6, waanagamgaa 32800, naepaala",27.666407,83.114623,4.3,waanagamgaa, monument,,Missing description
3082,Niglihawa Ashoka Pillar,"H3WW+279, kapailawasatau 32800, naepaala",27.5950362,83.0957311,4.6,kapailawasatau, historic_site,,Missing description
3083,Nagawa forest,"J4MQ+XF9, waanagamgaa 32800, naepaala",27.635336,83.1377443,5.0,waanagamgaa, trek,,Missing description
3084,"Banganga sub division Forest Office, Dohte","Q3CF+V72, thaadaa 32800, naepaala",27.77215,83.0731251,3.6,thaadaa, hike,,Missing description
3085,chanadaraautaa chaaeka,"JVX7+JQ5 E W, mahaenadara raajamaaraga, shaiwaraaja 32800, naepaala",27.6490227,82.8644788,4.0,mahaenadara raajamaaraga, park,,Missing description
3086,Calvary church,"MRHV+6H3, shaiwaraaja 32800, naepaala",27.6780153,82.8439138,5.0,shaiwaraaja, church,,Missing description
3087,Masjid katuwa,"JVMV+69X, shaiwaraaja 32800, naepaala",27.6331122,82.8934735,5.0,shaiwaraaja, mosque,,Missing description
3088,Shivraj 6 Birpur kapilvastu,"shaiwaraaja 32800, naepaala",27.60992,82.8531783,3.5,naepaala, hindu_temple,,Missing description
3089,anatararaashataraiya kaृshana bhaawanaamaृta samgha naepaala,"Q9M4+GF4, Budhanilkantha School Main Rd, baudhaanaiilakanatha 44600, naepaala",27.7836549,85.3569996,4.6,Budhanilkantha School Main Rd, church,,Missing description
3090,kaृshananagara,"kaृshananagara, naepaala",27.5097292,82.7940297,,naepaala, tourist_attraction,,Missing description
3091,sharaii lakashamaii naaraayana manadaira,"GQ2R+2C8, kaृshananagara, naepaala",27.5000206,82.7910822,4.6,kaृshananagara, hindu_temple,,Missing description
3092,Gotihawa Stupa & Pillar Site,"G2C9+V69, kapailawasatau 32800, naepaala",27.5221583,83.0180941,4.7,kapailawasatau, historic_site,,Missing description
3093,Barkati Masjid Bargada,"GXXJ+45M, mahaaraajagamja 32800, naepaala",27.5485526,82.9802686,4.4,mahaaraajagamja, mosque,,Missing description
3094,Happy Fins,"saidadhaarathanagara 32900, naepaala",27.5083731,83.4546339,4.3,naepaala, aquarium,,Missing description
3095,mahaaraajagamja,"mahaaraajagamja 32800, naepaala",27.56,82.97,,naepaala, trek,,Missing description
3096,Twin Stupa,"H3J4+PPC, Tilaurakot, kapailawasatau 32800, naepaala",27.581806,83.0567643,4.7,Tilaurakot, tourist_attraction,,Missing description
3097,baudadha naepaala kalaa gayaalaraii,"Infront Of Global IME Bank, chaakasaiiwaaraii maaraga, kaathamaadaauँ 44600, naepaala",27.7164864,85.3101423,4.8,chaakasaiiwaaraii maaraga, art_gallery,,Missing description
3098,Buddha Lumbini Treks,"J8G9+6JP, saatadaobaatao taikaabhaairaba maaraga, thaechao 44600, naepaala",27.6253117,85.3202051,5.0,saatadaobaatao taikaabhaairaba maaraga, trek,,Missing description
3099,"Dhap Dam , Shivapuri National Park","Sundarijal-Chisapani Trek, gaokaranaeshawara, naepaala",27.8059842,85.4555618,4.4,gaokaranaeshawara, hike,,Missing description
3100,Nandnagar,"Mayadevi 8, nandnagar, naepaala",27.4679893,83.1632916,5.0,nandnagar, park,,Missing description
3101,Jama masgid,"G472+F4V, kapailawasatau 32800, naepaala",27.5137286,83.1002902,4.0,kapailawasatau, mosque,,Missing description
3102,maayaadaewaii,"maayaadaewaii, 32800, naepaala",27.5255751,83.1432626,,32800, historic_site,,Missing description
3103,Red Sun Fun Park,"GF4F+QMJ, saidadhaarathanagara 32900, naepaala",27.5069722,83.4741462,4.1,saidadhaarathanagara, amusement_park,,Missing description
3104,saudadhaodhana,"saudadhaodhana, naepaala",27.5086049,83.2034382,,naepaala, tourist_attraction,,Missing description
3105,Fulwapur Abdul house,"C6V6+CJ, laumabainaii saaँsakaृtaika 32800, naepaala",27.4435486,83.2115452,4.9,laumabainaii, mosque,,Missing description
3106,Jaynagra Nepal,"F679+3PQ, haulaakaii raajamaaraga, laumabainaii saaँsakaृtaika 32900, naepaala",27.4627129,83.2193556,5.0,haulaakaii raajamaaraga, trek,,Missing description
3107,Senior Citizen Park jaeshatha naagaraika udayaana,"kapailawasatau 32800, naepaala",27.540141,83.0539316,3.0,naepaala, park,,Missing description
3108,ekawaa waatara paaraka laumabainaii,"Lumbini Aqwa Park and Resort, saidadhaarathanagara 32900, naepaala",27.4861831,83.4628829,3.8,saidadhaarathanagara, amusement_park,,Missing description
3109,Noori masjid,"HRJ5+M4P, Vijaynagar Patradaya, Patthardaihiya 32800, naepaala",27.5798723,82.8109239,4.1,Vijaynagar Patradaya, mosque,,Missing description
3110,Gugauli,"H22W+PQ6 Bijaynagar Rural Municipality 1, kapailawasatau 32800, naepaala",27.5517986,83.0468775,0.0,kapailawasatau, hindu_temple,,Missing description
3111,basaunadhaaraa paaraka,"6X37+4W4, paaraka sadaka, paokharaa 33700, naepaala",28.2027712,83.9648348,4.3,paaraka sadaka, park,,Missing description
3112,baataulaechaaura characha,"7X7J+PCQ, paokharaa 33700, naepaala",28.2643286,83.9811204,3.6,paokharaa, church,,Missing description
3113,paokharaa laekasaaida,"6X84+3JQ, Lakeside Rd, paokharaa 33700, naepaala",28.215209,83.9566153,4.6,Lakeside Rd, tourist_attraction,,Missing description
3114,Pumdikot Shiva Statue,"paokharaa 33700, naepaala",28.1993758,83.9293815,4.6,naepaala, monument,,Missing description
3115,sahaida chaoka,"paokharaa 33700, naepaala",28.2015769,83.969797,4.1,naepaala, historic_site,,Missing description
3116,Gaurighat Park Lakeside,"Gaurighat Park Lakeside, naepaala",28.2058335,83.9606631,4.4,naepaala, picnic,,Missing description
3117,Sarangkot View Point,"6WRX+P5P, Thapa Street, paokharaa 33700, naepaala",28.2418404,83.9479378,4.6,Thapa Street, hike,,Missing description
3118,Annapurna Skate Park,"paokharaa 33700, naepaala",28.2026368,83.9877514,4.2,naepaala, park,,Missing description
3119,Annapurna Mata Mandir,"Annapurna municipality-6, laumalae 33400, naepaala",28.3031378,83.7686724,4.7,laumalae, hindu_temple,,Missing description
3120,ananapauurana aadhaara shaiwaira,"ghaanadarauka 33700, naepaala",28.5304141,83.8780691,4.8,naepaala, trek,,Missing description
3121,Annapurna Range view point Lama Gaun,"6XVJ+595, saaraangakaota raoda, paokharaa 33700, naepaala",28.2428761,83.9809832,4.5,saaraangakaota raoda, picnic,,Missing description
3122,wara chaautaaraii,"8W6W+Q6, ghaachaoka 33700, naepaala",28.3119184,83.9455331,0.0,ghaachaoka, park,,Missing description
3123,Machhapuchre Baptist Church,"9XHC+G3W, maachhaapauchachharae 33700, naepaala",28.378876,83.970199,4.5,maachhaapauchachharae, church,,Missing description
3124,Masjid Bilal Ra.,"Firke Marga 8, paokharaa 33700, naepaala",28.2234678,83.9861303,4.3,paokharaa, mosque,,Missing description
3125,Guranse Bhume Aama Samuha Museum gauraaँsae bhaumae aamaa samauuha samgarahaalaya,"8XP4+85Q, ghaachaoka 33700, naepaala",28.3358292,83.9554796,5.0,ghaachaoka, museum,,Missing description
3126,Martha's Macrame,"Baidam Rd, paokharaa 33700, naepaala",28.2174986,83.9588549,5.0,paokharaa, art_gallery,,Missing description
3127,ashataraelaiyaalaii shaiwaira,"8R4H+267 Australian camp, Annapurna-6, dhamapausa 33700, naepaala",28.3044734,83.8280271,4.4,Annapurna-6, historic_site,,Missing description
3128,Machhapuchhre Village Inn,"Khahare-tol, Ghachok, paokharaa, naepaala",28.3337205,83.9534815,4.3,Ghachok, historic_site,,Missing description
3129,maachhaapauchachharae,"maachhaapauchachharae, naepaala",28.4708519,83.9956016,,naepaala, historic_site,,Missing description
3130,Sidhuwa Park Madi,"F833+F92, maadaii 44200, naepaala",27.4536414,84.3033844,4.5,maadaii, park,,Missing description
3131,Madhupuri Baptist Church,"naaraayanaii 44200, naepaala",27.5787197,84.3174507,4.4,naepaala, church,,Missing description
3132,paataalae chhaaँgao,"5XQ5+HP2, H10, paokharaa 33700, naepaala",28.1895642,83.9586637,4.1,H10, tourist_attraction,,Missing description
3133,Pachvaiya Zoo and Animal Conservation Area,"5454+2RV, laekhanaatha 33700, naepaala",28.1576117,84.107044,3.5,laekhanaatha, zoo,,Missing description
3134,"Bhagawati Mandir, Madi Gaupalika","6488+F89, Bhagwatitar, Madi Gaupalika, maajhathaanaa, naepaala",28.2161633,84.1158584,5.0,Bhagwatitar, hindu_temple,,Missing description
3135,Tree Monument Bench,"X798+P2X, bayaasa 33900, naepaala",27.969665,84.2653543,0.0,bayaasa, monument,,Missing description
3136,"khaudai, kaasakaii, ganadakaii, naepaala","43WQ+433, Shishuwa Rd, laekhanaatha 33700, naepaala",28.1452651,84.0876656,4.7,Shishuwa Rd, historic_site,,Missing description
3137,Mardi Himal Treks & Expedition Pvt.Ltd,"Street No. 13, paokharaa 33700, naepaala",28.2083609,83.9591799,5.0,paokharaa, trek,,Missing description
3138,Begnas Kotbari Restaurant and Picnic Spot,"54R7+V3V, laekhanaatha 33700, naepaala",28.1922457,84.1126652,4.9,laekhanaatha, picnic,,Missing description
3139,Rupaitha- Jamma Masjid,"MWMH+VJ5, Unnamed Road, janakapaura 45600, naepaala",26.6842327,85.9256033,4.7,Unnamed Road, mosque,,Missing description
3140,"Rause Odar, Giri gau, kaskikot","7W7F+64R, saaraangakaota raoda, kaasakaiikaota 33700, naepaala",28.2631156,83.9227775,4.9,saaraangakaota raoda, historic_site,,Missing description
3141,Short Hiking,"6X97+6P5, Unnamed Road, paokharaa 33700, naepaala",28.2180191,83.9643721,4.4,Unnamed Road, hike,,Missing description
3142,kaathamaadaaum anatararaashataraiya samgatai,"Agricultural Development Bank LTD, kaathamaadaauँ 44600, naepaala",27.7131972,85.3126076,4.7,kaathamaadaauँ, church,,Missing description
3143,shaanatai parataimauuratai,"P78Q+8QM, kaathamaadaauँ 44600, naepaala",27.7158348,85.2894271,4.6,kaathamaadaauँ, monument,,Missing description
3144,Jagadol Jhanda Park,"Unnamed Road 44600, baudhaanaiilakanatha 44600, naepaala",27.7430493,85.376456,4.3,baudhaanaiilakanatha, park,,Missing description
3145,Ekata Milap Church,"Q9J4+45R, Budhanilkantha School Main Rd, baudhaanaiilakanatha 44600, naepaala",27.780365,85.3554509,5.0,Budhanilkantha School Main Rd, church,,Missing description
3146,bauudhaanaiilakanatha manadaira,"Nepal Vipassana Meditation Center Rd 44600, baudhaanaiilakanatha 44600, naepaala",27.7780545,85.3623215,4.6,baudhaanaiilakanatha, tourist_attraction,,Missing description
3147,مصلى إلياس الكاندهلوي.,"P9H3+MPC Bus Stop, baudhaanaiilakanatha 44600, naepaala",27.7292211,85.3543551,0.0,baudhaanaiilakanatha, mosque,,Missing description
3148,Marine Aquatics Nepal,"kaathamaadaauँ 44600, naepaala",27.7272108,85.3488546,4.2,naepaala, aquarium,,Missing description
3149,sataraudaraeshawara mahaadaewa,"Q9R8+QRH Budhanilkantha Jungle, baudhaanaiilakanatha 44600, naepaala",27.7921089,85.3671662,5.0,baudhaanaiilakanatha, historic_site,,Missing description
3150,baudhaanailakanatha paaraka,"Q84Q+R24, Khatri Colony Rd, baudhaanaiilakanatha 44600, naepaala",27.7570146,85.3375932,4.2,Khatri Colony Rd, picnic,,Missing description
3151,"Shivapuri Nagarjun National Park,HQ","Q9RC+J8P Muhan Pokhari, baudhaanaiilakanatha 44600, naepaala",27.7915768,85.3708321,4.1,baudhaanaiilakanatha, hike,,Missing description
3152,Jalpa Park,"taokhaa 44600, naepaala",27.7492304,85.3191949,4.0,naepaala, park,,Missing description
3153,Navin Church,"P8XP+2G8, taokhaa 44600, naepaala",27.7475267,85.3363366,3.6,taokhaa, church,,Missing description
3154,jhaora jharanaa,"Q8XF+RM3, taokhaa 44600, naepaala",27.8011237,85.32186,4.2,taokhaa, tourist_attraction,,Missing description
3155,sharaii saidadhaibainaayaka sapanatairatha manadaira,"taokhaa sadaka 2, kaathamaadaauँ 44600, naepaala",27.7757525,85.3304096,4.3,kaathamaadaauँ, hindu_temple,,Missing description
3156,Tokha,"Q89J+G3H, Dhapasi Marg, kaathamaadaauँ 44600, naepaala",27.7688108,85.3302423,4.0,Dhapasi Marg, historic_site,,Missing description
3157,Church of Christ,"Q76H+6G4, taarakaeshawara 44600, naepaala",27.7605035,85.2788551,0.0,taarakaeshawara, church,,Missing description
3158,taarakaeshawara mahaadaewa manadaira,"P8Q5+CQW, taarakaeshawara 44600, naepaala",27.7386392,85.3094423,4.4,taarakaeshawara, tourist_attraction,,Missing description
3159,Thamel Masjid,"P887+X22, kaathamaadaauँ 44600, naepaala",27.7173962,85.3125047,4.5,kaathamaadaauँ, mosque,,Missing description
3160,Aquarium Planet,"taarakaeshawara 44600, naepaala",27.7489061,85.3017687,4.4,naepaala, aquarium,,Missing description
3161,sauraya darashana taola,"P8X4+2W4, taarakaeshawara 44600, naepaala",27.7472575,85.3075474,4.0,taarakaeshawara, historic_site,,Missing description
3162,Loktantrik Park laokataanataraika paaraka,"P8V6+C8F, taarakaeshawara 44600, naepaala",27.7435618,85.3108066,4.1,taarakaeshawara, picnic,,Missing description
3163,Tarakeshwor viewpoint,"Q7VP+GGQ, taarakaeshawara 44900, naepaala",27.7938443,85.286365,4.5,taarakaeshawara, hike,,Missing description
3164,Aradhana jyoti church,"J7GQ+9GR, dakashainakaalaii 44600, naepaala",27.6260369,85.2887612,5.0,dakashainakaalaii, church,,Missing description
3165,Khusibu Masjid Nayabazar,"P8C2+RXR, Khusibu Sadak, kaathamaadaauँ 44600, naepaala",27.7220566,85.3023238,4.8,Khusibu Sadak, mosque,,Missing description
3166,Blue Submarine Aquarium And Pet Shop,"Kulekhani - Phakhel - Pharping Rd, dakashainakaalaii 44600, naepaala",27.6126309,85.2631527,5.0,dakashainakaalaii, aquarium,,Missing description
3167,Siddhicharan Memorial Statue,"P825+RF6, kaathamaadaauँ 44600, naepaala",27.7020266,85.3086347,2.0,kaathamaadaauँ, monument,,Missing description
3168,Laudasur gufa,"J7CJ+XCX, dakashainakaalaii 44600, naepaala",27.6230354,85.2804095,4.1,dakashainakaalaii, historic_site,,Missing description
3169,Dakshinkali Park,"J747+63W, pharapainga-kaulaekhaanaii sadaka, dakashainakaalaii 44600, naepaala",27.606339,85.2621393,5.0,pharapainga-kaulaekhaanaii sadaka, picnic,,Missing description
3170,naagaarajauna jamgala,"P7W8+2PV, taraishaulaii raajamaaraga, naagaarajauna 44600, naepaala",27.7442178,85.2567237,4.4,taraishaulaii raajamaaraga, park,,Missing description
3171,parakaasha characha,"Dhunghedhara Yerahiti Nursery Chowk Prakash Church, naagaarajauna 44600, naepaala",27.7254091,85.2906996,4.5,naagaarajauna, church,,Missing description
3172,Sitapaila Jama Masjid Hamd Al Hussain,"P75F+8VJ, naagaarajauna 44600, naepaala",27.7082567,85.274285,4.1,naagaarajauna, mosque,,Missing description
3173,naagaarajauna raka gaaradaena,"P7G9+37W, naagaarajauna 44600, naepaala",27.7252447,85.2682095,4.0,naagaarajauna, picnic,,Missing description
3174,Gothatar Water Fun Park,"Unnamed Road, kaagaeshawaraii manaoharaa 44600, naepaala",27.712572,85.3748474,3.9,kaagaeshawaraii, amusement_park,,Missing description
3175,The Nature Fine Art Gallery And Training Center,"Kageswori Manohara Municipality Ward No 6 sarbeswor Marga house no 75, 00977, naepaala",27.7150436,85.3831765,5.0,977, art_gallery,,Missing description
3176,kaagaeshawaraii mahaadaewa manadaira,"QC7Q+8CG, kaagaeshawaraii manaoharaa 44600, naepaala",27.763307,85.4385629,4.5,kaagaeshawaraii, hindu_temple,,Missing description
3177,baalauwaa khaanaii (pashaupatai kashaetara waikaasa kaosha),"P96H+FX5, kaagaeshawaraii manaoharaa 44600, naepaala",27.7121828,85.3789592,4.0,kaagaeshawaraii, historic_site,,Missing description
3178,jaorapaataii chaoka sahaida paaraka,"P9CF+M2P, gaokaranaeshawara 44600, naepaala",27.7217949,85.3726976,3.7,gaokaranaeshawara, park,,Missing description
3179,gaokaranaeshawara mahaadaewa manadaira,"P9QQ+P38, jaorapaataii saunadaraiijala sadaka, gaokaranaeshawara 44600, naepaala",27.7392795,85.3876969,4.5,jaorapaataii saunadaraiijala sadaka, tourist_attraction,,Missing description
3180,A.S. Aquarium Fish & Pet Shop,"jaorapaataii saunadaraiijala sadaka, gaokaranaeshawara 44602, naepaala",27.728409,85.37833,3.9,gaokaranaeshawara, aquarium,,Missing description
3181,Statue of Ghattaraj Bhattarai,"P9J5+VQV, Unnamed Road, baudhaanaiilakanatha 44600, naepaala",27.732245,85.3594119,4.1,Unnamed Road, monument,,Missing description
3182,Iceland Trekking & Expedition Pvt. Ltd.,"Aarubari Sadak, gaokaranaeshawara 44602, naepaala",27.7282319,85.3740182,4.7,gaokaranaeshawara, trek,,Missing description
3183,Gokarna Hills,"P9MG+5X9, Sahid Park Rd, gaokaranaeshawara 44600, naepaala",27.7329247,85.3774945,4.4,Sahid Park Rd, picnic,,Missing description
3184,Tarebhir view point,"Q9JQ+8H, gaokaranaeshawara 44600, naepaala",27.7807969,85.3889726,4.4,gaokaranaeshawara, hike,,Missing description
3185,chanadaraagairai kaebala kaara maathailalao sataesana,"M683+6V9, Kulekhani-Phakhel-Matatirtha Rd, chanadaraagairaii 44600, naepaala",27.6672261,85.2058437,4.5,Kulekhani-Phakhel-Matatirtha Rd, tourist_attraction,,Missing description
3186,Hamza Masjid,"M7V8+VXW, chanadaraagairaii 44600, naepaala",27.6946947,85.2674718,5.0,chanadaraagairaii, mosque,,Missing description
3187,waishanau daewaii manadaira,"M7M6+288, chanadaraagairaii 44600, naepaala",27.6825424,85.2608263,4.6,chanadaraagairaii, hindu_temple,,Missing description
3188,paushapalaala paaraka,"Champadevi, Kirtipur-4, kaiirataipaura 44618, naepaala",27.6584158,85.2514675,4.1,Kirtipur-4, park,,Missing description
3189,مصلى كلتي بور,"M7FJ+7P8, kaiirataipaura 44618, naepaala",27.6731628,85.2818152,5.0,kaiirataipaura, mosque,,Missing description
3190,Angel Aquarium,"Nagaun Rd., Kirtipur, Kathmandu 44618, naepaala",27.6731127,85.2746924,5.0,Kirtipur, aquarium,,Missing description
3191,dailoart,"kaiirataipaura 44600, naepaala",27.6684327,85.264268,5.0,naepaala, art_gallery,,Missing description
3192,umaa mahaeshawara manadaira,"M7JF+2RF, Kirtipur Ring Rd, kaathamaadaauँ 44618, naepaala",27.679881,85.2746562,4.6,Kirtipur Ring Rd, hindu_temple,,Missing description
3193,saima (Sim),"Kathmandu, Kirtipur ward. 4, Kirtipur Sim, kaiirataipaura 44600, naepaala",27.6585938,85.2929743,0.0,Kirtipur, monument,,Missing description
3194,chailamchawa,"M7GH+Q5F, kaiirataipaura 44618, naepaala",27.67693,85.2779224,4.6,kaiirataipaura, historic_site,,Missing description
3195,Chobar ground,"M77Q+4Q9, kaiirataipaura 44600, naepaala",27.6627832,85.2894958,4.1,kaiirataipaura, picnic,,Missing description
3196,"shankharapur-3, Dhoksan","PGP3+9G, shangakharaapaura 44812, naepaala",27.735968,85.503829,4.7,shangakharaapaura, tourist_attraction,,Missing description
3197,saalaiinadaii mandir,"PFH9+5MR, shangakharaapaura 44600, naepaala",27.7279979,85.4691294,4.5,shangakharaapaura, hindu_temple,,Missing description
3198,Dhulikhel Picnic Park,"Dhulikhel Picnic Park, dhaulaikhaela maaraga, dhaulaikhaela 45200, naepaala",27.6158506,85.5623357,,dhaulaikhaela maaraga, park,,Missing description
3199,"Evangelical Friends Church, Dhulikhel dhaulaikhaela maitara manadalaii","Dhulikhel Road 3, dhaulaikhaela 45200, naepaala",27.626937,85.5476667,5.0,dhaulaikhaela, church,,Missing description
3200,dhaulaikhaela paaraka,"JH86+8WW, dhaulaikhaela 45200, naepaala",27.615857,85.5623327,3.9,dhaulaikhaela, tourist_attraction,,Missing description
3201,Banepa Jame Masjid,"JGGF+GX2, banaepaa 45210, naepaala",27.62626,85.5248717,3.0,banaepaa, mosque,,Missing description
3202,KU Corner,"JG9Q+RC6, dhaulaikhaela 45200, naepaala",27.6195478,85.5384994,4.5,dhaulaikhaela, museum,,Missing description
3203,Ridam krishi pashu panchi fram,"Panauti Rd, panaautaii 45210, naepaala",27.6060689,85.5292944,0.0,panaautaii, zoo,,Missing description
3204,Aqua Hobbyist,"Kathmandu University Department of Computer Science and Engineering, dhaulaikhaela 45200, naepaala",27.6165735,85.5407772,0.0,dhaulaikhaela, aquarium,,Missing description
3205,Makaju Painting showroom,"JH93+694, dhaulaikhaela 45200, naepaala",27.618006,85.5534251,5.0,dhaulaikhaela, art_gallery,,Missing description
3206,kaalaii manadaira,"JH69+57V, Hajar Sidhi, dhaulaikhaela 45200, naepaala",27.610491,85.5681592,4.3,Hajar Sidhi, hindu_temple,,Missing description
3207,shaanatai wana,"JH68+WHH, Hajar Sidhi, dhaulaikhaela 45200, naepaala",27.6123232,85.5664978,4.4,Hajar Sidhi, monument,,Missing description
3208,lagana dabalaii,"JH92+8P6, dhaulaikhaela 45200, naepaala",27.6182889,85.5517646,4.1,dhaulaikhaela, historic_site,,Missing description
3209,saudauura maathaikao baadala (paii) laimaitaeda,"aranaikao raajamaaraga, dhaulaikhaela 45200, naepaala",27.6260709,85.5445469,4.0,dhaulaikhaela, trek,,Missing description
3210,sauchanaa parabaidhaii paaraka,"Panauti Rd Banepa, panaautaii 45210, naepaala",27.6174294,85.5268455,3.8,panaautaii, park,,Missing description
3211,Little Star Fun Park with Family Restro Banepa,"JGH9+433, banaepaa 45210, naepaala",27.6273879,85.5183478,4.1,banaepaa, amusement_park,,Missing description
3212,Rubin Bade's Art Gallery,"JGM9+GWM, banaepaa 45210, naepaala",27.6337844,85.5197828,4.9,banaepaa, art_gallery,,Missing description
3213,chaasah ajaimaa daegah (sharaii chanadaeshawaraii manadaira),"JGPJ+8V3, Banepa-RabiOP Rd, banaepaa 45210, naepaala",27.6357735,85.532171,4.6,Banepa-RabiOP Rd, hindu_temple,,Missing description
3214,dayah paukhauu । 𑐡𑑂𑐫𑑅 𑐥𑐸𑐏𑐹,"JGJF+PJJ, banaepaa 45210, naepaala",27.6318265,85.5240084,4.4,banaepaa, monument,,Missing description
3215,dhawaakhaa: paukhau 𑑋 𑐢𑑂𑐰𑐵𑐏𑐵𑑅 𑐥𑐸𑐏𑐹,"Kobaha Pukhu, 45210, banaepaa, naepaala",27.6313424,85.5220326,4.6,45210, historic_site,,Missing description
3216,Gosaithan picnic spot,"JGMR+FMG, banaepaa, naepaala",27.6336637,85.5417262,3.7,banaepaa, picnic,,Missing description
3217,"sahaida paaraka, panaautaii-8,malapai","HGM3+64H, panaautaii 45209, naepaala",27.5830545,85.5028605,4.3,panaautaii, park,,Missing description
3218,MR Aquatic World,"Panauti 4, panaautaii, naepaala",27.5891107,85.515326,5.0,panaautaii, aquarium,,Missing description
3219,inadaraeshawaora manadaira,"HGP8+3XP, panaautaii ७, naepaala",27.5852042,85.5175314,4.8,panaautaii ७, hindu_temple,,Missing description
3220,"Sorhakhutte Panauti, saoharakhautatae panaautaii","HGM7+RX3, panaautaii 45209, naepaala",27.5845189,85.5149345,4.6,panaautaii, historic_site,,Missing description
3221,Panauti-- Dhulikhel community Hike,"PANAUTI-DALIMCHOK SUNTHAN DEVI THAN DHULIKHEL, panaautaii 45209, naepaala",27.5867342,85.5143969,3.0,panaautaii, trek,,Missing description
3222,Radha Krishna Trail,"panaautaii 45209, naepaala",27.5891051,85.4987751,4.5,naepaala, hike,,Missing description
3223,White Park Resort,"aranaikao raajamaaraga, paaँchakhaala 45212, naepaala",27.6455327,85.6317029,4.2,paaँchakhaala, park,,Missing description
3224,haokasae (paaँchakhaala),"MM23+9W4, palaanachaoka bhagawataii maaraga, paaँchakhaala 45200, naepaala",27.6509013,85.6548435,4.0,palaanachaoka bhagawataii maaraga, church,,Missing description
3225,"Landstar view , Panchkhal, Bhamarkot","JJH4+3X, paaँchakhaala 45212, naepaala",27.6276849,85.6074975,4.3,paaँchakhaala, tourist_attraction,,Missing description
3226,paaँchakhaala nagarapaalaikaa,"Kabhraplanchok, paaँchakhaala 45212, naepaala",27.6497317,85.61839,4.2,paaँchakhaala, mosque,,Missing description
3227,Hokse Church,"MJ47+H36, paaँchakhaala 45212, naepaala",27.6564212,85.612648,5.0,paaँchakhaala, museum,,Missing description
3228,Chiyan danda,"MHRM+XJ Pamya gaira, paaँchakhaala 45200, naepaala",27.6938525,85.5835058,0.0,paaँchakhaala, zoo,,Missing description
3229,palaanyachaoka bhagawataii manadaira,"palaanachaoka bhagawataii maaraga, paaँchakhaala 45212, naepaala",27.6288065,85.6741142,4.6,paaँchakhaala, hindu_temple,,Missing description
3230,paaँchakhaala,"paaँchakhaala, naepaala",27.6564212,85.612648,,naepaala, historic_site,,Missing description
3231,Panchkhal Dream House Resort,"Pachkhal, paaँchakhaala 45212, naepaala",27.6591857,85.6252169,4.6,paaँchakhaala, historic_site,,Missing description
3232,50 kilo,"MM2C+RJW, aranaikao raajamaaraga, paaँchakhaala 45215, naepaala",27.652125,85.6715909,4.0,aranaikao raajamaaraga, historic_site,,Missing description
3233,Palanachowk Bhagwati Tower Picnic Spot,"JMGG+GW7 Bhagwati, paaँchakhaala 45200, naepaala",27.6262969,85.6772994,4.5,paaँchakhaala, picnic,,Missing description
3234,anaikot view ground,"MH22+QPC, rabai opaii 45200, naepaala",27.651932,85.5517625,4.8,rabai, hike,,Missing description
3235,pauraanaagaauँ dhaungagaedhaaraa,"HH4X+HFG, Namobuddha Rd, kaashaiikhanada 45200, naepaala",27.5564378,85.5993172,0.0,Namobuddha Rd, amusement_park,,Missing description
3236,namaobaudadha gaumabaa,"HHCM+F2R, Namobuddha Rd, saimalachaaura shayaamapaataii 45200, naepaala",27.5712337,85.5825272,4.6,Namobuddha Rd, church,,Missing description
3237,namaobaudadha bhayauu pawaainata,"HH9J+Q45, saimalachaaura shayaamapaataii 45200, naepaala",27.5693892,85.5803629,4.7,saimalachaaura, tourist_attraction,,Missing description
3238,namaobaudadha chaaitaya,"HHFM+63M, Namobuddha Rd, saimalachaaura shayaamapaataii 45200, naepaala",27.573089,85.5826733,4.6,Namobuddha Rd, mosque,,Missing description
3239,chill,"JCQ3+HH, ananatalaingagaeshawara, naepaala",27.6388961,85.4039577,0.0,ananatalaingagaeshawara, hike,,Missing description
3240,madakaila daaँdaa sarabhajhaanga jaerao paoinata,"PH4G+QFC, nayaaँgaauँ daeupaura 45200, naepaala",27.7069287,85.5761401,4.8,nayaaँgaauँ, park,,Missing description
3241,manadana daeupaura nagarapaalaikaa,"45200, mahaadaewasathaana manadana, naepaala",27.7108409,85.6151349,4.3,mahaadaewasathaana manadana, mosque,,Missing description
3242,"Ugreshwor Mahadev Temple, mandan Deupur 11","MJHG+QVC, maelamachaii haelamabau sadaka, jaaisaiithaoka, naepaala",27.6794434,85.6271259,5.0,maelamachaii haelamabau sadaka, hindu_temple,,Missing description
3243,Mandan Deupur Municipality Gate (Ward no.1),"Phulping, daaँdaagaauँ 45200, naepaala",27.7318743,85.5153093,5.0,daaँdaagaauँ, monument,,Missing description
3244,Roshi waterfall,"malapaii raoda, waterfall 45200, naepaala",27.5585032,85.4617929,4.4,waterfall, park,,Missing description
3245,Roshi jharana,"panaautaii 45200, naepaala",27.5585112,85.4617935,4.0,naepaala, tourist_attraction,,Missing description
3246,Kavre Roshi,"GMFQ+9J5 bridge, kataunajae baesaii 45200, naepaala",27.5233956,85.6891044,4.0,kataunajae, mosque,,Missing description
3247,dakashaina baaraahaii manadaira / kawaachhae dayao (𑐎𑑂𑐰𑐵𑐕𑐾 𑐡𑑂𑐫𑑅),"M99P+69W, ananatalaingagaeshawara, naepaala",27.6681071,85.3859148,4.4,ananatalaingagaeshawara, hindu_temple,,Missing description
3248,Raktakali Memorial Park,"45200, naepaala",27.5452561,85.7111074,4.5,naepaala, park,,Missing description
3249,Beth-Shalom Birtadeurali Church,"HP7X+PXF, bairataadaeuraalaii 45200, naepaala",27.5643218,85.7499298,0.0,bairataadaeuraalaii, church,,Missing description
3250,"Selfie Danda (saelaphaii ghaanga), Temal, Kavre","GQ8Q+2RJ, thaulao parasaela 45200, naepaala",27.5150896,85.7895223,4.2,thaulao, tourist_attraction,,Missing description
3251,"Yarinag Cave, Temal","GPGC+7R4, 45200, naepaala",27.5256309,85.7220644,4.1,45200, mosque,,Missing description
3252,Nepalthok Pati,"CRV6+C83, daumajaa, naepaala",27.4434712,85.8107946,4.3,daumajaa, museum,,Missing description
3253,naaraayanasathaana manadaira,"paokharaiinaaraayanasathaana 45200, naepaala",27.5163155,85.739435,4.4,naepaala, hindu_temple,,Missing description
3254,Yarinag,"GPHG+936, 45200, naepaala",27.528409,85.7251553,4.8,45200, historic_site,,Missing description
3255,Thapa Daiko Picnic Spot,"JMMC+GJ4 Pachkhal, palaanachaoka bhagawataii maaraga, paaँchakhaala 45212, naepaala",27.6337554,85.6715734,0.0,palaanachaoka bhagawataii maaraga, picnic,,Missing description
3256,gayaama taunapaalaa shailapaa kayauui,"FPV9+H3, mamgalataara 45200, naepaala",27.4938753,85.7177028,0.0,mamgalataara, hike,,Missing description
3257,Thumki Natural Park,"HG5M+R2Q, Khopashi to Balthali, panaautaii 45216, naepaala",27.5595857,85.5326226,4.9,Khopashi to Balthali, park,,Missing description
3258,baethaanachaoka naaraayanasathaana,"FFMM+GFQ, chayaamaraamga baesaii 45200, naepaala",27.4838311,85.4837261,4.6,chayaamaraamga, church,,Missing description
3259,Nange Chaur Picnic Sport,"JGFJ+3CG, baethaanachaoka_BETHANCHOOK 45200, naepaala",27.5048125,85.4649375,0.0,baethaanachaoka_BETHANCHOOK, picnic,,Missing description
3260,Khanikhola chitre,"9FVM+MWV, saaladhaaraa 45200, naepaala",27.3942433,85.4848056,0.0,saaladhaaraa, park,,Missing description
3261,Jorchhaga jharana,"CH5J+VC, gaokaulae 45200, naepaala",27.4096714,85.5811146,5.0,gaokaulae, amusement_park,,Missing description
3262,Khani Khola Bridge,"F7J7+G9, payautaara 44700, naepaala",27.4813373,85.2634207,2.5,payautaara, tourist_attraction,,Missing description
3263,"Khanikhola , kavre","9FVM+PX2, saaladhaaraa 45200, naepaala",27.3942685,85.4848732,5.0,saaladhaaraa, mosque,,Missing description
3264,BhimsenSthan Mandir Khanikhola GaunPalika,"CFFR+795, phalaamaetaara 45200, naepaala",27.4231377,85.4909914,5.0,phalaamaetaara, hindu_temple,,Missing description
3265,khaanaiikhaolaa,"khaanaiikhaolaa, naepaala",27.3942433,85.4848056,,naepaala, historic_site,,Missing description
3266,Kapersthan Mahankal Hike Point,"GG8H+2Q5, chayaasaingakharaka 45200, naepaala",27.515001,85.5294979,5.0,chayaasaingakharaka, hike,,Missing description
3267,"Bhanu Chok, Diktel bhaanauchaoka, daikataela","6Q6V+C7Q, khaanaidaaँdaa sadaka, daikataela 56200, naepaala",27.2110772,86.7932324,0.0,khaanaidaaँdaa sadaka, park,,Missing description
3268,Ratnapark shopping complex and Children Park,"6QCQ+QR8, daikataela 56200, naepaala",27.2218579,86.7900265,4.0,daikataela, amusement_park,,Missing description
3269,Aasha Church,"Majhuwa, Meghe Chautara, Diktel Sadak 56200, Lafyang 56200, naepaala",27.1981679,86.8071476,3.0,Meghe Chautara, church,,Missing description
3270,Diktel Jeevan Baptist Church,"6QFR+H7M, daikataela 56200, naepaala",27.2238689,86.7906008,0.0,daikataela, church,,Missing description
3271,daikataela raupaakaota majhauwaagadhaii,"daikataela raupaakaota majhauwaagadhaii, 56200, naepaala",27.2232013,86.7886391,,56200, mosque,,Missing description
3272,Khotang simpani gairee,"5QMJ+GPH, daikataela 56200, naepaala",27.1838128,86.7818523,5.0,daikataela, hindu_temple,,Missing description
3273,Holesung Park,"5JM2+XWG, daurachhaima 56200, naepaala",27.1849255,86.6023312,4.1,daurachhaima, park,,Missing description
3274,aisaelaukharaka manadalaii,"5JXP+3H, mahaadaewasathaana 56200, naepaala",27.1976748,86.636406,5.0,mahaadaewasathaana, church,,Missing description
3275,halaesaii tauwaachaunga,"halaesaii tauwaachaunga, naepaala",27.1845797,86.5938176,,naepaala, tourist_attraction,,Missing description
3276,tauwaachaunga padamaaraga Tuwachung Hiking Trail,"5JXQ+4H, mahaadaewasathaana 56200, naepaala",27.1978505,86.6387355,2.0,mahaadaewasathaana, trek,,Missing description
3277,Libju Picnic Place,"6GP2+2R, maolaii 56100, naepaala",27.2351155,86.5020625,0.0,maolaii, picnic,,Missing description
3278,Sumnima Paruhang Park ( saumanaimaa paarauhaanga paaraka ),"4R6Q+86R, 56200, naepaala",27.1108682,86.8380251,5.0,56200, park,,Missing description
3279,jaora dharaa,"2RVG+8F, Indranipokhari 56200, naepaala",27.0437869,86.8253957,0.0,Indranipokhari, church,,Missing description
3280,khaotaehaanga,"khaotaehaanga, naepaala",27.0403397,86.8504639,,naepaala, tourist_attraction,,Missing description
3281,"Chhongten Village ""chhaongataena"" gaauँ","5WMX+7M, khaawaa 57000, naepaala",27.183009,86.9489631,5.0,khaawaa, museum,,Missing description
3282,khautataeshawaora mahaadaewa manadaira,"2V78+R7, khaotaamga bajaara 56200, naepaala",27.0145954,86.865706,4.0,khaotaamga, hindu_temple,,Missing description
3283,"Waplukha, khotang","4V7P+RQ, okharae 56200, naepaala",27.1145657,86.8868914,0.0,okharae, hike,,Missing description
3284,Khotang nepal,"4Q5P+64, daaँdaagaauँ 56200, naepaala",27.1080367,86.7852797,3.0,daaँdaagaauँ, church,,Missing description
3285,daiparaunga chauichaumamaa,"daiparaunga chauichaumamaa, 56200, naepaala",27.1037479,86.7488193,,56200, tourist_attraction,,Missing description
3286,Hurlung,"5QMJ+GPH, daikataela 56200, naepaala",27.1838128,86.7818523,5.0,daikataela, tourist_attraction,,Missing description
3287,Dhiraj Art Gallery,"M6G2+482, raamadhaunaii bhaasaii 56709, naepaala",26.6753021,87.2007881,0.0,raamadhaunaii, art_gallery,,Missing description
3288,Biralechour,"3R26+7G2, Indranipokhari 56200, naepaala",27.0506319,86.8112612,5.0,Indranipokhari, trek,,Missing description
3289,Manekharka church,"WMM2+C9H, Dhakharka-Manekharka Way, thaangapaaladhaapa, naepaala",27.9335644,85.6509966,5.0,Dhakharka-Manekharka Way, church,,Missing description
3290,Khotang aiselukharka nepal,"9QG4+RM5, aisaelaukharaka 56200, naepaala",27.3770024,86.7567219,4.4,aisaelaukharaka, tourist_attraction,,Missing description
3291,"Masjid, Laukaha","municipality 4, laokaahaa 44500, naepaala",26.8539214,85.2415401,5.0,laokaahaa, mosque,,Missing description
3292,Karshik Budhathoki House,"J9XP+C9J, ananatalaingagaeshawara, naepaala",27.6487156,85.3862572,1.0,ananatalaingagaeshawara, historic_site,,Missing description
3293,esaelaukharaka,"esaelaukharaka, baadae gaauँ, naepaala",27.7925396,85.6139333,,baadae gaauँ, trek,,Missing description
3294,Sagar Home,"PJC4+48G, mahaadaewasathaana manadana 45200, naepaala",27.7203061,85.6058221,0.0,mahaadaewasathaana, hike,,Missing description
3295,sahaida paaraka,"XXHJ+F3M, 57000, naepaala",26.9787227,86.9801662,4.0,57000, park,,Missing description
3296,Pabitra Church,"XXM6+VCV, 4, naepaala",26.9847454,86.9610481,5.0,4, church,,Missing description
3297,janataedhaumgaa,"janataedhaumgaa, naepaala",26.9826779,86.8865224,,naepaala, tourist_attraction,,Missing description
3298,Jantedhunga Khotang,"2V2G+7G, 56200, naepaala",27.0007166,86.8762872,0.0,56200, mosque,,Missing description
3299,taonatauolaunga bhara,"WXP5+9CR, 56200, naepaala",26.9359826,86.9585007,3.0,56200, hike,,Missing description
3300,Papechung Dada,"8V4V+8F4, phaedaii 56200, naepaala",27.3057641,86.8937049,5.0,phaedaii, park,,Missing description
3301,Balabesi Church,"Kepilasgadhi-2, naepaala",27.3057324,86.8709352,5.0,naepaala, church,,Missing description
3302,kaepailaasagadhaii,"kaepailaasagadhaii, naepaala",27.3240653,86.819283,,naepaala, tourist_attraction,,Missing description
3303,Jalapa Cultural Museum,"8Q5F+FPQ, jaalapaa 56200, naepaala",27.3095079,86.7745672,4.0,jaalapaa, museum,,Missing description
3304,Mani Stone Statue,"CWM7+8P, daobhaanae, naepaala",27.4333569,86.9143526,0.0,daobhaanae, monument,,Missing description
3305,Ghorlpi (gharaolapaii /saisaa khaanaii),"JM7X+8P, taakasainadau 56000, naepaala",27.6133196,86.6992843,5.0,taakasainadau, historic_site,,Missing description
3306,Salpa Silichung Hiking Trail,"CWF5+F3, saungadaela 57000, naepaala",27.4237427,86.9076702,0.0,saungadaela, trek,,Missing description
3307,Bojhe Ghari baojhae ghaaraii,"9P4W+952, maagapaa 56200, naepaala",27.3579686,86.7428192,0.0,maagapaa, picnic,,Missing description
3308,Koyee House,"9VM6+GV, saungadaela 56200, naepaala",27.3837611,86.8621967,5.0,saungadaela, hike,,Missing description
3309,Kanepokhari Park,"PCH3+39H, kaagaeshawaraii manaoharaa 44600, naepaala",27.7276863,85.4034816,3.7,kaagaeshawaraii, park,,Missing description
3310,Bhorleni-Church Kathmandu,"Bagdol Rd, lalaitapaura 44600, naepaala",27.6687277,85.3059765,5.0,lalaitapaura, church,,Missing description
3311,Kamal Pokhari BODE,"M9RP+GF9, madhayapaura thaimai 44600, naepaala",27.6912943,85.3862226,4.5,madhayapaura, tourist_attraction,,Missing description
3312,waraahapaokharaii,"waraahapaokharaii, naepaala",26.9864543,86.8147797,,naepaala, mosque,,Missing description
3313,Pokhariya Tola Mosque,"Q77C+3P4, gaaura 44500, naepaala",26.7626369,85.2718217,3.9,gaaura, mosque,,Missing description
3314,Pokhariya Jama Masjid,"R6RX+JCH, laokaahaa 44500, naepaala",26.8415704,85.2485603,4.7,laokaahaa, mosque,,Missing description
3315,baraaha paokharaii,"baraaha paokharaii, baraahapaokharaii 56200, naepaala",26.9823782,86.8248581,4.3,baraahapaokharaii, mosque,,Missing description
3316,Jama Masjid Pokhar Bhitwa,"F2WQ+3XJ, 32800, naepaala",27.4952182,83.0398762,4.8,32800, mosque,,Missing description
3317,sharaii baraaha bhagawaana manadaira,"MC9J+CF4, bhakatapaura 44800, naepaala",27.6685253,85.4311917,4.0,bhakatapaura, hindu_temple,,Missing description
3318,Barahapokhari Taal,"XRJF+VPF, baraahapaokharaii 56200, naepaala",26.9821958,86.8242944,5.0,baraahapaokharaii, monument,,Missing description
3319,haitaii paokharaii,"P879+CQ5, kaathamaadaauँ 44600, naepaala",27.7135045,85.3194849,4.4,kaathamaadaauँ, historic_site,,Missing description
3320,Bhandarkhal pokhari,"M8FG+35P, lalaitapaura 44600, naepaala",27.6725831,85.3253908,4.8,lalaitapaura, historic_site,,Missing description
3321,naugah lauँhaitaii saunadhaaraa,"M89H+V64, lalaitapaura 44600, naepaala",27.6696429,85.3280908,4.3,lalaitapaura, historic_site,,Missing description
3322,kaala bhaairaba paikanaika sapata,"J982+P82, gaodaawaraii 44700, naepaala",27.616768,85.3507779,4.0,gaodaawaraii, tourist_attraction,,Missing description
3323,PraGya Art,"Ward 1, Satdobato-Godavari Rd, gaodaawaraii 44709, naepaala",27.6101196,85.3562097,0.0,Satdobato-Godavari Rd, art_gallery,,Missing description
3324,Shanti Ban,"H9X7+3W7, gaodaawaraii 44709, naepaala",27.5976517,85.3648328,3.8,gaodaawaraii, monument,,Missing description
3325,Mahalaxmi,"M84R+HR3, mahaalakashamaii 44700, naepaala",27.6563979,85.3420483,4.7,mahaalakashamaii, park,,Missing description
3326,"New Illaya Imadol Church, Bhojepokhari","M88V+5W2, mahaalakashamaii 44600, naepaala",27.6652983,85.3448117,5.0,mahaalakashamaii, church,,Missing description
3327,Imadol Masjid,"M85W+4VR, Lalitpur, Imadol Opposite to New Bhadrakali Oil Store Kharibot, 0444705, naepaala",27.6578611,85.3471321,4.8,Lalitpur, mosque,,Missing description
3328,"mahaalakashamaii manadaira , laubhauu , lalaitapaura।","mahaalakashamaii, naepaala",27.6436635,85.3721943,4.6,naepaala, hindu_temple,,Missing description
3329,"phaongagaa paukhauu shaanatai paukhauu, saidadhaipaura","phaongagaasaii (shaanatai paukhauu), saidadhaipaura, mahaalakashamaii 44700, naepaala",27.6478588,85.3551184,4.4,saidadhaipaura, monument,,Missing description
3330,"Ganesh Tole,103 Rajkulo Marg Imadol Lalitpur","M83W+QGV, mahaalakashamaii 44700, naepaala",27.6544985,85.3463013,4.6,mahaalakashamaii, historic_site,,Missing description
3331,Lankuri Bhanjyang,"JC85+FQV, Lamatar-LankuriBhanjyang Rd, mahaalakashamaii 44709, naepaala",27.6162325,85.4094274,4.3,Lamatar-LankuriBhanjyang Rd, hike,,Missing description
3332,PIA park Lele,"H8G9+QQJ, laelae 44700, naepaala",27.5769552,85.3193753,4.2,laelae, park,,Missing description
3333,kaonajayaosaoma jharanaa,"HC4F+XH, lalaitapaura 45200, naepaala",27.5574375,85.4239375,4.2,lalaitapaura, tourist_attraction,,Missing description
3334,Konjyosom Pratima,"GCX2+67, bharadaewa 45200, naepaala",27.5482222,85.40117,4.4,bharadaewa, tourist_attraction,konjyosom pratima,Description too short (< 10 words)
3335,Windhorse Gallery,"M8G6+WGH, lalaitapaura 44600, naepaala",27.6772135,85.3113303,4.5,lalaitapaura, art_gallery,,Missing description
3336,sharaii pauuranachanadaii manadaira,"lalaitapaura 44700, naepaala",27.6735719,85.3202599,4.3,naepaala, hindu_temple,,Missing description
3337,Karpureshwar Park,"Unnamed Road, waesaiishahara 33600, naepaala",28.2271216,84.3852283,4.6,waesaiishahara, park,,Missing description
3338,Gatti kulo,"693G+94V, waesaiishahara 33600, naepaala",28.203494,84.3752964,5.0,waesaiishahara, amusement_park,,Missing description
3339,Besishahar Community Church,"69GF+39R, waesaiishahara 33600, naepaala",28.2252442,84.3733854,5.0,waesaiishahara, church,,Missing description
3340,"baeshaiisahara, lamajaunga","69PC+PPV, waesaiishahara 33600, naepaala",28.2368755,84.3717821,4.5,waesaiishahara, tourist_attraction,,Missing description
3341,bhaimasaenasathaana manadaira,"daumarae-baesaishahara-chaamae raajamaaraga 08, waesaiishahara 33600, naepaala",28.230466,84.3773659,4.4,waesaiishahara, hindu_temple,,Missing description
3342,Peace Hill Resort Lamjung,"Peace Hill Resort, waesaiishahara 33600, naepaala",28.2759906,84.3815622,4.6,waesaiishahara, picnic,,Missing description
3343,madhayanaepaala nagarapaalaikaa,"madhayanaepaala nagarapaalaikaa 33600, naepaala",28.0888164,84.2378447,,naepaala, tourist_attraction,,Missing description
3344,saekhataara masajaida,"shayaamaghaa, naepaala",28.0707218,84.2344794,0.0,naepaala, mosque,,Missing description
3345,paaekharaa jaulaaejaikala paaraka,"5434+J8M, laekhanaatha 33700, naepaala",28.1540911,84.1057894,4.2,laekhanaatha, zoo,,Missing description
3346,MadhyaNepal-4 Lamjung Shisaghat,"36WH+5HQ, Krishi margha, Shisaghat 33600, naepaala",28.0960087,84.2290315,4.5,Krishi margha, hindu_temple,,Missing description
3347,BP Koirala statue wai pai kaoiraalaa kao shaalaika,"36PQ+QJV, Vyas Sadak, kayaamaina 33600, naepaala",28.0869798,84.2390137,0.0,Vyas Sadak, monument,,Missing description
3348,Sishaghat picnic spot,"36VH+C6C, shayaamaghaa, naepaala",28.0939762,84.2277226,5.0,shayaamaghaa, picnic,,Missing description
3349,"Sauthar, koiralaphant lamjung","583F+24R Koiralaphant, sauthar 33600, naepaala",28.1526222,84.3227807,0.0,sauthar, hike,,Missing description
3350,Thatigaira Park,"3F58+VX4, daumarae-baesaishahara-chaamae raajamaaraga, paurakaota, naepaala",28.0596456,84.4674386,3.0,daumarae-baesaishahara-chaamae raajamaaraga, park,,Missing description
3351,Rainastar Church,"3FJF+696, dhamailaiikauwaa 33600, naepaala",28.0805846,84.4733706,0.0,dhamailaiikauwaa, church,,Missing description
3352,Rainaskot raainaasakaota,"Lamjung Rainas Rainas, 33600, naepaala",28.121811,84.4901607,4.5,33600, tourist_attraction,,Missing description
3353,Lamjung rainas,"3FVW+V8H, 33600, naepaala",28.0946807,84.4958697,4.5,33600, tourist_attraction,,Missing description
3354,Rainas Mosque,"4F92+5H8, Unnamed Road, taarakaughaata 33600, naepaala",28.1179098,84.4514473,4.3,Unnamed Road, mosque,,Missing description
3355,Ram Mandir raama manadaira,"4G3P+9F9, haramaii 33600, naepaala",28.1034163,84.5362296,5.0,haramaii, hindu_temple,,Missing description
3356,Picnic spot Bagayecha marsyangdi.,"4CCM+GW8, saunadarabajaara 33600, naepaala",28.1212789,84.4348141,0.0,saunadarabajaara, picnic,,Missing description
3357,Pigeon Hill,"49QM+FF, saunadarabajaara 33600, naepaala",28.1386809,84.383635,0.0,saunadarabajaara, park,,Missing description
3358,Sundar Bazar Church,"4CH7+M2M, saunadarabajaara 33600, naepaala",28.1292039,84.4125539,0.0,saunadarabajaara, church,,Missing description
3359,Ananta shalom church Sundarbazar,"4CH9+W7C, saunadarabajaara 33600, naepaala",28.129795,84.418085,0.0,saunadarabajaara, church,,Missing description
3360,Fulbari,"4CJM+JC6, saunadarabajaara 33600, naepaala",28.1315721,84.4331352,0.0,saunadarabajaara, tourist_attraction,,Missing description
3361,Nurani Jama Masjid nauuraanaii jaamae masajaida,"4CXQ+HJG, bhaotaeodaara 33600, naepaala",28.1488805,84.4390562,5.0,bhaotaeodaara, mosque,,Missing description
3362,Dhuseni Kalika temple,"584G+JWX, Sundarbazar 10, saunadarabajaara, naepaala",28.1586989,84.3263886,4.3,Sundarbazar, hindu_temple,,Missing description
3363,Shiva Statue,"4C8J+9V4, saunadarabajaara 33600, naepaala",28.1159265,84.4318779,4.0,saunadarabajaara, monument,,Missing description
3364,saunadarabajaara,"saunadarabajaara 33600, naepaala",28.1448417,84.412014,,naepaala, historic_site,,Missing description
3365,"Hattigade, Sundarbazar-3 Lamjung","dauraadaamdaa 33600, naepaala",28.1663682,84.3493188,4.8,naepaala, historic_site,,Missing description
3366,Sirsire Dada,"Unnamed Road, saunadarabajaara 33600, naepaala",28.1417086,84.4342185,4.8,saunadarabajaara, trek,,Missing description
3367,Kherel Dada,"49PM+5FX, saunadarabajaara 33600, naepaala",28.1354923,84.383749,0.0,saunadarabajaara, hike,,Missing description
3368,Gorkha Park,"78H5+6RJ, ghalae gaauँ 33600, naepaala",28.2780951,84.3095051,4.5,ghalae, park,,Missing description
3369,kayaaiikayaumarau pauraii,"7726+CP8, utatarakanayaa 33600, naepaala",28.249787,84.261804,0.0,utatarakanayaa, amusement_park,,Missing description
3370,Ghale Park,"78G6+H4C, ghalae gaauँ 33600, naepaala",28.2761924,84.3102544,4.6,ghalae, tourist_attraction,,Missing description
3371,iishaanaeshawara mahaadaewa manadaira,"565G+HJX, bhaoralaetaara 33600, naepaala",28.1589794,84.2265953,4.5,bhaoralaetaara, hindu_temple,,Missing description
3372,Statue of gautam buddha,"69FJ+H86, waesaiishahara 33600, naepaala",28.2239096,84.3807812,5.0,waesaiishahara, monument,,Missing description
3373,Kwhola Sothar kawahaolaa saothaara,"95HP+F29, namarajaumga 33700, naepaala",28.378666,84.1851082,0.0,namarajaumga, historic_site,,Missing description
3374,GHALEGAUN HOMESTAY HEAD OFFICE,"Tourism office, ghalae gaauँ 33600, naepaala",28.2783125,84.3088374,4.3,ghalae, trek,,Missing description
3375,Puranokot Stupa,"pauraanakaota 33600, naepaala",28.1984605,84.3462015,4.4,naepaala, picnic,,Missing description
3376,Bhujung A gurung village,"9758+PH5, bhaujaunga 33600, naepaala",28.359262,84.2664848,4.6,bhaujaunga, hike,,Missing description
3377,kaृshana bagaaiँchaa,"5C2Q+5QM, daumarae-baesaishahara-chaamae raajamaaraga, bhaotaeodaara 33600, naepaala",28.1504743,84.4394139,4.2,daumarae-baesaishahara-chaamae raajamaaraga, park,,Missing description
3378,daudha paokharaii,"daudha paokharaii 33600, naepaala",28.26,84.62,,naepaala, church,,Missing description
3379,Dhudh Pokhari (dhauda paokharai),"8M79+W9, ghayaachaoka, naepaala",28.312397,84.6695206,4.8,ghayaachaoka, tourist_attraction,,Missing description
3380,Dudhpokhari gaupalika lamjung,"7J6C+226, daudha paokharaii 33600, naepaala",28.2600373,84.6200151,5.0,daudha, mosque,,Missing description
3381,Gopaleshor mandir,"J75C+H4R, dakashainakaalaii 44600, naepaala",27.6089862,85.2702801,4.4,dakashainakaalaii, hindu_temple,,Missing description
3382,Gauthali Danda Park,"69HM+C4F, Unnamed Road, waesaiishahara 33600, naepaala",28.2285688,84.3828032,4.6,Unnamed Road, park,,Missing description
3383,kalawadaii kauwaa,"2FPX+HRJ, paalaungataara, naepaala",28.0364744,84.4995189,5.0,paalaungataara, amusement_park,,Missing description
3384,Majhgaun Lamjung,"6C8F+GF, hailaetakasaara 33600, naepaala",28.2170404,84.4238962,4.0,hailaetakasaara, trek,,Missing description
3385,Ramchey Hills ( raamachaekao chauchaurao),"Dordi -2, Archalbot, naepaala",28.1648199,84.4649827,5.0,Archalbot, hike,,Missing description
3386,Tanglichok Village,"Lamjung Marsayangdi 7, 33607, naepaala",28.3085077,84.4007041,4.5,33607, tourist_attraction,,Missing description
3387,Syange Waterfall,"9CP2+94, Syange 33600, naepaala",28.385977,84.4003475,4.4,Syange, zoo,,Missing description
3388,Sanctuary,"8CV4+4GR, baahaunadaaँdaa 33600, naepaala",28.3436582,84.4060649,5.0,baahaunadaaँdaa, hindu_temple,,Missing description
3389,manaasalau sarakaita taraekainga rauuta,"JF67+3R7, thaochae 33500, naepaala",28.6101584,84.4645622,4.8,thaochae, trek,,Missing description
3390,Save Jaleshwar BhamchariKtti Park,"MQ2X+3JV, jalaeshawara 45700, naepaala",26.6502436,85.7990394,4.8,jalaeshawara, park,,Missing description
3391,Jama Masjid jaleshwar,"JQXW+CPV, jalaeshawara 45700, naepaala",26.6486485,85.7967755,4.5,jalaeshawara, mosque,,Missing description
3392,Raniratwada mandir,"MQHR+MMV, jalaeshawara 45700, naepaala",26.6792462,85.7916711,4.6,jalaeshawara, museum,,Missing description
3393,Sansari Mai,"MQ2X+9JC, Pani tanky, Shankar Chowk, Jaleshwar, Mahottari, Nepal., baradaibaasa-jalaeshawara raajamaaraga, jalaeshawara 45700, naepaala",26.6509364,85.7989945,4.5,Pani tanky, hindu_temple,,Missing description
3394,Buddhijibi Chowk,"JRW3+H24, janakapaura-jalaeshawara raoda, jalaeshawara 45700, naepaala",26.6463943,85.8025789,4.0,janakapaura-jalaeshawara raoda, monument,,Missing description
3395,Raja Rateara,"MQ8W+W7P, jalaeshawara 45700, naepaala",26.6673274,85.7957168,0.0,jalaeshawara, trek,,Missing description
3396,Jitendra singj,"MQ2W+XX3, jalaeshawara 45700, naepaala",26.6523865,85.7974141,0.0,jalaeshawara, hike,,Missing description
3397,Anugrah christain church,"XVCM+WVH, baradaibaasa 45701, naepaala",26.9723193,85.8847445,4.7,baradaibaasa, church,,Missing description
3398,Mosque Alflah Bardibas,"2VV9+2J8, baradaibaasa 45700, naepaala",27.0425425,85.8690933,5.0,baradaibaasa, mosque,,Missing description
3399,Atma Gyan Prachar Sangh Bengadabar,"XW7F+687, Dhumasan Road Bks, maithailaa 45600, naepaala",26.9630351,85.9233373,5.0,Dhumasan Road Bks, museum,,Missing description
3400,MD. Computer & Aquarium,"Aurahi, Road, baradaibaasa, naepaala",26.9888525,85.8907726,4.4,Road, aquarium,,Missing description
3401,Smriti park,"2W54+WH5, baradaibaasa 45701, naepaala",27.0097582,85.906489,4.0,baradaibaasa, trek,,Missing description
3402,Pakhar Tree,"WQ97+7F8, Gaushala, bharatapaura 45700, naepaala",26.9181639,85.7636906,3.0,Gaushala, park,,Missing description
3403,Gopal,"WR9H+VPG, gaaushaalaa 45700, naepaala",26.9197842,85.8292058,0.0,gaaushaalaa, church,,Missing description
3404,Madarsa Imdad-ul Ghorba,"WQFJ+59Q, gaaushaalaa 45700, naepaala",26.9229783,85.7809669,4.6,gaaushaalaa, mosque,,Missing description
3405,Janhavi Yuva Club,"auraahaii 45700, naepaala",26.8804957,85.8000042,4.5,naepaala, museum,,Missing description
3406,Gaushala Bazaar (gaaushaalaa baajaara),"gaaushaalaa 45700, naepaala",26.9182637,85.7808805,4.1,naepaala, zoo,,Missing description
3407,DURGA MANDIR,"WQ9H+3WX, gaaushaalaa 45700, naepaala",26.9177158,85.7799283,4.4,gaaushaalaa, hindu_temple,,Missing description
3408,gaaushaalaa,"gaaushaalaa, naepaala",26.911206,85.7973732,,naepaala, historic_site,,Missing description
3409,Gaushala Mahottari Nepal,"WQ63+8M9 Dharmesh Thakur home, gaaushaalaa 45700, naepaala",26.9107881,85.7542439,0.0,gaaushaalaa, historic_site,,Missing description
3410,Gaushala bazar,"XQJ4+5HM, lakashamaiinaiyaa 45700, naepaala",26.9804545,85.7564107,5.0,lakashamaiinaiyaa, historic_site,,Missing description
3411,Nepal khane pani balawa,"PQRP+V8V, Janakpur Road, balawaa 45700, naepaala",26.7422282,85.785799,3.3,Janakpur Road, amusement_park,,Missing description
3412,nawajaiiwana characha New Life Church lamakaiphaataa,"797R+QM, baelabhaara 21800, naepaala",28.2644114,81.3916671,5.0,baelabhaara, church,,Missing description
3413,Shoreee laxmi narayan temple-balawa,"PQVM+4WP, Janakpur Road, balawaa 45700, naepaala",26.7428384,85.7848106,5.0,Janakpur Road, hindu_temple,,Missing description
3414,Shamsi Monument Main Center,"RP5Q+P8Q, jalaeshawaora raoda, shamasaii 45700, naepaala",26.8093409,85.7383663,5.0,jalaeshawaora raoda, monument,,Missing description
3415,Historical Balthra pond,"PW23+5V9, janakapaura 45600, naepaala",26.700424,85.9047362,5.0,janakapaura, historic_site,,Missing description
3416,balawaa,"balawaa, 45700, naepaala",26.7699367,85.8170733,,45700, historic_site,,Missing description
3417,Balwa municipality mahottari nepal,"PRX4+P5P, balawaa 45700, naepaala",26.7493476,85.8054699,2.0,balawaa, historic_site,,Missing description
3418,Shoreeepur,"VQ9J+RRF, sharaiipaura 45700, naepaala",26.869554,85.7820416,4.0,sharaiipaura, trek,,Missing description
3419,Ekklesia Jaleshwor (Ps.Radhe John),"MQ2V+GM, jalaeshawara 45700, naepaala",26.6514265,85.7940872,5.0,jalaeshawara, church,,Missing description
3420,manaraa shaisawaa,"manaraa shaisawaa, naepaala",26.7268782,85.7477966,,naepaala, tourist_attraction,,Missing description
3421,Noori Jamma Masjid,"PP4J+7X4, saisawaakataaiyaa 45700, naepaala",26.7056379,85.7324576,4.0,saisawaakataaiyaa, mosque,,Missing description
3422,manakaamanaa pashau panachhaii phaarama,"RPJC+X6C gaa.paa.3, raghaunaathapaura 45700, naepaala",26.8324373,85.7205065,0.0,raghaunaathapaura, zoo,,Missing description
3423,Nikesh Kumar Sahany,"PP4M+R49, saisawaakataaiyaa 45700, naepaala",26.7070469,85.732872,5.0,saisawaakataaiyaa, trek,,Missing description
3424,"Judi Mai Park, Judi Bazar","VVP4+HCH, baijalapauraa 45700, naepaala",26.8864393,85.8560997,4.2,baijalapauraa, park,,Missing description
3425,Jivan Daata Church,"VV8Q+5C, bhagaaha 45700, naepaala",26.8653912,85.8885434,0.0,bhagaaha, church,,Missing description
3426,naahaara Naahar,"QX82+67Q, Thumhauna 19, janakapaura 45600, naepaala",26.7655829,85.9507264,2.0,Thumhauna, tourist_attraction,,Missing description
3427,Noori Jama Masjid Birta-4,"VVQP+WR3, bhagaaha 45700, naepaala",26.8891425,85.8867402,0.0,bhagaaha, mosque,,Missing description
3428,bhagaaha,"bhagaaha, naepaala",26.8725617,85.8844404,,naepaala, hindu_temple,,Missing description
3429,Bhangaha sitapur,"Sitapur 45700, naepaala",26.8674541,85.8899854,3.9,naepaala, historic_site,,Missing description
3430,Nepal Hiking Trek Pvt.Ltd.,"Post Box: 23208, Nayabazar-16, kaathamaadaauँ 44600, naepaala",27.7232924,85.3070701,4.8,Nayabazar-16, trek,,Missing description
3431,baahana daaँdaa,"iishawarapaura 45800, naepaala",26.9569939,85.6540804,5.0,naepaala, trek,,Missing description
3432,baisaunathaumakaa daaraegaaaidaa,"HJ49+WHH, kaashaiikhanada 45200, naepaala",27.5575598,85.6190008,5.0,kaashaiikhanada, hike,,Missing description
3433,Ambedkar park,"VRRC+G54, auraahaii 45700, naepaala",26.8912665,85.8204646,0.0,auraahaii, park,,Missing description
3434,"Statue of Ramanand Swami, RamanandChowk","Ramanand Chowk, 45600, naepaala",26.7359508,85.9187779,4.1,45600, tourist_attraction,,Missing description
3435,Sonama Jama Masjid (Sonama-03) saonamaa jaamaa masajaida ( saonamaa ०३ ).,"VP4R+VH2, saonamaa 45700, naepaala",26.8571366,85.7413995,4.3,saonamaa, mosque,,Missing description
3436,Sona Mai Mandir,"PR6J+FX, mahaotataraii 45700, naepaala",26.7112394,85.8324282,4.2,mahaotataraii, historic_site,,Missing description
3437,Namaste Nepal Trekking & Research Hub | Trekking in Nepal | Tour in Nepal | Bhutan Tour | Tibet and Kailash Tour,"amaृta maaraga, kaathamaadaauँ 44600, naepaala",27.7155794,85.3129572,5.0,kaathamaadaauँ, trek,,Missing description
3438,maokashadawaaraii laeka,"CHWP+GWV, maokashadawaaraii, gaowalabaasa 45200, naepaala",27.4463592,85.5873068,5.0,maokashadawaaraii, hike,,Missing description
3439,Noori Lake,"QV6P+Q5Q Club Tol, mahaadaaiyaatapanapaura 45700, naepaala",26.781637,85.8921123,0.0,mahaadaaiyaatapanapaura, tourist_attraction,,Missing description
3440,jarawautataa kalaa kaenadara ( samgarahaalaya),"kamalaamaaii 45900, naepaala",27.2320038,85.8958688,4.5,naepaala, art_gallery,,Missing description
3441,Jhaji house,"Aurahi-1, 45700, naepaala",26.8972441,85.8282256,0.0,45700, hindu_temple,,Missing description
3442,auraahaii,"auraahaii 45700, naepaala",26.8912665,85.8204646,,naepaala, historic_site,,Missing description
3443,aurahaii,"aurahaii, 45700, naepaala",26.8906746,85.821768,,45700, historic_site,,Missing description
3444,Aurahi Bazar(aurahaii baajaara),"auraahaii 45700, naepaala",26.8987409,85.8283687,3.9,naepaala, historic_site,,Missing description
3445,bhabharai kabailaashaa,"Aurahi-04, naepaala",26.7378551,85.90845,0.0,naepaala, historic_site,,Missing description
3446,raajaa paokharaii chakawaa,"MQ78+G7G, halakhaoraii 45700, naepaala",26.6638018,85.7657043,5.0,halakhaoraii, park,,Missing description
3447,khataraii daadaa,"MQPP+M7, thaokarapaa 45314, naepaala",27.6866,85.7854805,0.0,thaokarapaa, tourist_attraction,,Missing description
3448,Masjid-E-Taslim-E-Millat,"PP4P+29Q, Ekdarabela Road, ekadaaraabaelaa 45700, naepaala",26.7050678,85.7360255,3.5,Ekdarabela Road, mosque,,Missing description
3449,Laxmi Narayan temple Raniratawada,"daamahaiimaraaii 45700, naepaala",26.6814149,85.7948762,4.6,naepaala, hindu_temple,,Missing description
3450,chaarapaatae aala,"MQRH+F74, thaokarapaa 45314, naepaala",27.691134,85.7782154,5.0,thaokarapaa, historic_site,,Missing description
3451,Samari Pauwa,"W2XX+28X, samaaraii 44900, naepaala",27.9476932,85.0481798,0.0,samaaraii, tourist_attraction,,Missing description
3452,Jama Masjid (Samsi-06),"RP5J+3PC, shamasaii 45700, naepaala",26.8077164,85.7317706,4.6,shamasaii, mosque,,Missing description
3453,Mayo ko bartan,"P956+QQW, saukhaipaura 56500, naepaala",26.7094919,86.3618904,4.5,saukhaipaura, zoo,,Missing description
3454,shamasaii,"shamasaii 45700, naepaala",26.8122442,85.7333322,,naepaala, historic_site,,Missing description
3455,Samsara Trekking Pvt Ltd,"amaृta maaraga 10, kaathamaadaauँ 44600, naepaala",27.7122516,85.3122105,5.0,kaathamaadaauँ, trek,,Missing description
3456,mahaotataraii,"mahaotataraii 45700, naepaala",26.6943279,85.8230251,,naepaala, historic_site,,Missing description
3457,Sahari Harit Park,"M99P+G7P, ananatalaingagaeshawara, naepaala",27.6688477,85.385712,4.0,ananatalaingagaeshawara, park,,Missing description
3458,nawajaiiwana characha (thaoraii-३ nayaaँ basataii,"7MW5+WV6, nairamala basataii 44300, naepaala",27.2972803,84.659637,5.0,nairamala, church,,Missing description
3459,paiparaa,"paiparaa 45700, naepaala",26.6952249,85.8537418,,naepaala, tourist_attraction,,Missing description
3460,sapataraii maachhaa pasala,"Chautarphi Marg 35, kaathamaadaauँ 44600, naepaala",27.677726,85.347261,4.0,kaathamaadaauँ, aquarium,,Missing description
3461,tasamaaiyaa baabaa paaraka mataihaanaii,"mataihaanaii 45700, naepaala",26.612648,85.8468686,1.5,naepaala, park,,Missing description
3462,mataihaanaii,"mataihaanaii, naepaala",26.6154079,85.8409453,,naepaala, church,,Missing description
3463,"Swagat Dwar-Matihani Nagarpalika(sawaagata dawaara, mataihaanaii nagarapaalaikaa)","Municipality, Jalsagar Pond, jalaeshawara-mataihaanaii raoda, mataihaanaii 45705, naepaala",26.6241988,85.8290738,5.0,Jalsagar Pond, tourist_attraction,,Missing description
3464,Ajmeri Jama Masjid Matihani,"JR9P+WJ9, mataihaanaii 45700, naepaala",26.6197916,85.8366141,0.0,mataihaanaii, mosque,,Missing description
3465,Elephant House,"JR6W+PHG, mataihaanaii 45700, naepaala",26.6119049,85.8464934,5.0,mataihaanaii, zoo,,Missing description
3466,mataihaanaii matha,"JR7W+38P, mataihaanaii 45700, naepaala",26.6127092,85.8458285,4.4,mataihaanaii, hindu_temple,,Missing description
3467,bhuiyababa Mandir musharitoll,"JV66+2HV, taulasaiiyaahaii jabadaii 45600, naepaala",26.6101168,85.8614181,0.0,taulasaiiyaahaii, hike,,Missing description
3468,Aman Playground,"RRM6+32, raamagaopaalapaura 45700, naepaala",26.8327119,85.8100019,5.0,raamagaopaalapaura, park,,Missing description
3469,Anant house [ Anant],"RQFX+96W, raamagaopaalapaura 45700, naepaala",26.8235112,85.7980992,0.0,raamagaopaalapaura, church,,Missing description
3470,Noori Jama Masjid) نوری جاما مسجد Adhyanpur-9,"QRWF+C43, dhamaauraa 45700, naepaala",26.7959617,85.8229525,4.5,dhamaauraa, mosque,,Missing description
3471,Mata Durga Mandir,"RQFW+3MF, raamagaopaalapaura 45700, naepaala",26.8226892,85.7966702,3.9,Tilottama Municipality, hindu_temple,,Missing description
3472,"Nabin Fancy Stores Ramgopalpur, Mahottari","RQCW+78X, baradaibaasa-jalaeshawara raajamaaraga, raamagaopaalapaura 45700, naepaala",26.8207382,85.7958607,0.0,baradaibaasa-jalaeshawara raajamaaraga, art_gallery,,Missing description
3473,Noor Art Gallery,"Bayalwas main road , ward no. 2Ishworpur, 45801, naepaala",27.0036189,85.6430836,0.0,ward no. 2Ishworpur, art_gallery,,Missing description
3474,Bishwambharpur(Kutitol),"RR97+8QH, raamagaopaalapaura 45700, naepaala",26.818968,85.8151814,4.2,raamagaopaalapaura, hindu_temple,,Missing description
3475,Loharpatty kalab,"RR2W+29J, laohaarapatataii 45700, naepaala",26.8000925,85.845906,5.0,laohaarapatataii, park,,Missing description
3476,OLD (choharba ),"RV8C+GMJ Nepal(Narata Christian church, dharamapaura 45700, naepaala",26.8163311,85.8716515,0.0,dharamapaura, church,,Missing description
3477,laohaarapatataii,"laohaarapatataii 45700, naepaala",26.8011076,85.8537418,,naepaala, tourist_attraction,,Missing description
3478,Mahadev Mandir,"Loharpatti-08, kabirgama, naepaala",26.7197792,85.8512623,5.0,kabirgama, hindu_temple,,Missing description
3479,Purani Pokhari the lowest part of Nepal pauranaii paaekharaii naepaalakaae sawaaibhanadaa haaechaae thaau,"HVMC+PW8, Musharniya Road, maukhaiiyaapatataii mausaharanaiyaa 45600, naepaala",26.5842597,85.8727361,0.0,Musharniya Road, historic_site,,Missing description
3480,mahaimaita characha haetaaumdaa,"92XQ+FCC, laalaii gauraaँsha maaraga, haetaaudaa 44107, naepaala",27.3986533,85.0386732,3.8,laalaii gauraaँsha maaraga, church,,Missing description
3481,manamaohana samaृtai bhayau taabara haetaaumdaa,"C2Q9+272, haetaaudaa, naepaala",27.4375109,85.0181404,4.5,haetaaudaa, historic_site,,Missing description
3482,taraikhanadaii wanabhaoja sathala,"G22R+FXH, kaulaekhaanaii - saisanaeraii - pharapainga sadaka, aamabhanyajayaanga 44100, naepaala",27.5011857,85.0424952,4.2,kaulaekhaanaii - saisanaeraii - pharapainga sadaka, park,,Missing description
3483,imamaausa khaृshataiya manadalaii,"H3RP+837, naamataara 44100, naepaala",27.5901041,85.0845881,0.0,naamataara, church,,Missing description
3484,"Tarebhir Viewpoint, Thaha Makwanpur","H3WH+WJX, thaahaa 44100, naepaala",27.5973619,85.0791171,5.0,thaahaa, tourist_attraction,,Missing description
3485,Palung Gadhi,"J3J7+9C, thaahaa 44100, naepaala",27.630952,85.063528,5.0,thaahaa, museum,,Missing description
3486,thaahaa,"thaahaa 44100, naepaala",27.6270943,85.0856761,,naepaala, historic_site,,Missing description
3487,Gautam Buddha Paryantan Park Bakaiya-6,"852W+MV, sharaiipaura chhataiwana 44100, naepaala",27.3015456,85.1976935,0.0,sharaiipaura, park,,Missing description
3488,Harnamadi New Men Church,"949R+Q55, haetaaudaa 44100, naepaala",27.3694343,85.1403424,5.0,haetaaudaa, church,,Missing description
3489,bakaaiyaa,"bakaaiyaa, naepaala",27.3613108,85.2570648,,naepaala, tourist_attraction,,Missing description
3490,"Shiva Temple, Bakaiya-4, Chhatiwan.","86J5+38V, haetaaudaa - phaaparabaaraii raoda, sharaiipaura chhataiwana 44100, naepaala",27.330281,85.2082938,0.0,haetaaudaa - phaaparabaaraii raoda, hindu_temple,,Missing description
3491,Bakaiya Temple (bakaaiyaa thaakaura manadaiira),"C87P+29, shaikharapaura 44100, naepaala",27.412606,85.3359718,5.0,shaikharapaura, monument,,Missing description
3492,Simat khola bakaiya,"86F3+X8, sharaiipaura chhataiwana 44100, naepaala",27.3249775,85.2032569,0.0,sharaiipaura, hike,,Missing description
3493,Manahari peace park,"GRG8+RFH, manaharai 44100, naepaala",27.527064,84.8162472,4.2,manaharai, park,,Missing description
3494,baudadha shaanatai haraita paaka॔,"pauurawa pashachaima raajamaaraga 7, manaharai 44100, naepaala",27.5420411,84.8076132,0.0,manaharai, amusement_park,,Missing description
3495,manahari Presbyterian church,"GRQ4+9C2, manaharai 44100, naepaala",27.5383756,84.8060689,5.0,manaharai, church,,Missing description
3496,Noorie Jamey Masjid,"GRQ5+V8V, manaharai 44100, naepaala",27.5399021,84.8083516,0.0,manaharai, mosque,,Missing description
3497,"Islamiq masjid, Manahari","GRQ5+GFX, manaharai 44100, naepaala",27.5388613,84.808735,0.0,manaharai, mosque,,Missing description
3498,NARAN MANDIR,"Marg, madhayapaura thaimai 44600, naepaala",27.6758257,85.3853144,5.0,madhayapaura, hindu_temple,,Missing description
3499,manaharai,"manaharai, naepaala",27.5575802,84.7837717,,naepaala, historic_site,,Missing description
3500,manahari Bazar,"GRQ5+W5R, mahaenadara raajamaaraga, manaharai 44100, naepaala",27.5399884,84.8080714,4.3,mahaenadara raajamaaraga, historic_site,,Missing description
3501,manaharaii,"manaharaii, naepaala",27.5415387,84.7851515,,naepaala, historic_site,,Missing description
3502,Church | Raksirang,"HR4R+QQ, raakasaiiraanga 44100, naepaala",27.5568637,84.8419428,0.0,raakasaiiraanga, church,,Missing description
3503,raakasaiiraanga,"raakasaiiraanga 44100, naepaala",27.583322,84.8463673,,naepaala, tourist_attraction,,Missing description
3504,Raksirang Rural Municipality,"GRXV+6MW, chaainapaura 44100, naepaala",27.5481039,84.8442028,3.8,chaainapaura, monument,,Missing description
3505,raakasairaangaga,"raakasairaangaga, naepaala",27.5833627,84.8463701,,naepaala, monument,,Missing description
3506,Republican monument,"naaraayanahaitaii patha, kaathamaadaauँ 44600, naepaala",27.7151392,85.3239018,2.5,kaathamaadaauँ, monument,,Missing description
3507,Kulekhani III Picnic Spot,"F2GR+WGM, Tribhuvan Rajpath, bhaaisae 44100, naepaala",27.4773303,85.0412916,4.0,Tribhuvan Rajpath, picnic,,Missing description
3508,Side seen view Pharping,"J776+94V, Kulekhani - Phakhel - Pharping Rd, dakashainakaalaii 44600, naepaala",27.6134895,85.2603107,4.6,Kulekhani - Phakhel - Pharping Rd, hike,,Missing description
3509,paushapalaala samaृtai paisa paaraka,"C2HQ+4HR, haetaaudaa 44107, naepaala",27.427871,85.0388813,4.2,haetaaudaa, park,,Missing description
3510,"maachhaapaalana, haetaaumdaa","haetaaudaa 44107, naepaala",27.4136418,85.0515512,4.3,naepaala, aquarium,,Missing description
3511,Vansagopal Temple,"makawaanapaura gadhaii, Makwanpur Gadhi Rd, makawaanapauragadhaii 44100, naepaala",27.4109937,85.1474792,4.4,Makwanpur Gadhi Rd, hindu_temple,,Missing description
3512,makawaanapauragadhaii,"makawaanapauragadhaii, 44100, naepaala",27.424084,85.1427213,,naepaala, historic_site,,Missing description
3513,saanao gadhaii,"C47V+CRH, makawaanapauragadhaii 44100, naepaala",27.4135653,85.1446237,3.5,makawaanapauragadhaii, historic_site,,Missing description
3514,gauphaathaana,"94VP+8HQ, haetaaudaa 44100, naepaala",27.3933305,85.1364812,4.9,haetaaudaa, historic_site,,Missing description
3515,"Makranchuli, Hetauda","C3J8+HX, makawaanapauragadhaii 44100, naepaala",27.431449,85.067476,0.0,makawaanapauragadhaii, trek,,Missing description
3516,raaja saaikala kaenadara,"basa paaraka maaraga, haetaaudaa 44107, naepaala",27.4304637,85.0304461,5.0,haetaaudaa, trek,,Missing description
3517,Lalitpur-Makawanpur District Border,"Bagmati, ipaa panyachakanayaa, naepaala",27.4787263,85.2471246,3.0,ipaa panyachakanayaa, trek,,Missing description
3518,Kailash Makwanpur,"HXCG+V2, naamataara 44100, naepaala",27.5721771,84.9750197,5.0,naamataara, church,,Missing description
3519,daaँphae maunaala paaraka,"MVGQ+387, daaँdaakharaka, naepaala",27.6751594,84.888289,3.4,daaँdaakharaka, tourist_attraction,,Missing description
3520,kaailaasha,"kaailaasha, naepaala",27.5623657,84.974504,,naepaala, tourist_attraction,,Missing description
3521,wanasakhanadaii daewaii manadaira,"C2PR+HXF, Banaskhandi Rd, haetaaudaa, naepaala",27.4364463,85.0424258,4.4,Banaskhandi Rd, hindu_temple,,Missing description
3522,Kailash Adventure Pvt Ltd,"narasaimha chaoka maaraga, kaathamaadaauँ 44600, naepaala",27.7147975,85.3106511,4.8,kaathamaadaauँ, trek,,Missing description
3523,Hetauda,"H23F+V85, naamataara 44100, naepaala",27.5546357,85.023346,2.0,naamataara, hike,,Missing description
3524,Bachha and Buddha Park,"G4GP+JCQ, bhaimaphaedaii 44100, naepaala",27.5265829,85.1360942,4.7,bhaimaphaedaii, park,,Missing description
3525,"Golping, Bhimphedi, Dhorsing","G3MW+8CF, bhaimaphaedaii 44100, naepaala",27.5333018,85.0960381,0.0,bhaimaphaedaii, tourist_attraction,,Missing description
3526,Bhimphedi Ganesh Temple,"G4WH+8W8, bhaimaphaedaii 44100, naepaala",27.545779,85.1298326,4.4,bhaimaphaedaii, mosque,,Missing description
3527,"Hattishar Museum, Bhimphedi","G4VJ+VG6, bhaimaphaedaii 44100, naepaala",27.5446679,85.1312548,0.0,bhaimaphaedaii, museum,,Missing description
3528,Dhorsing,"G4Q3+X83, bhaimaphaedaii 44100, naepaala",27.5398781,85.1032902,4.0,bhaimaphaedaii, historic_site,,Missing description
3529,bhaimaphaedaii,"bhaimaphaedaii 44100, naepaala",27.5469571,85.1375645,,naepaala, historic_site,,Missing description
3530,"maitaeraii paula, Hetauda Bhimphedi, Miteri pul","F2FG+MH7, haetaaudaa 44100, naepaala",27.4741666,85.0264134,0.0,haetaaudaa, historic_site,,Missing description
3531,bhaiimaphaedaii gaauँpaalaikaa kaarayaalaya,"G4WH+8HM, bhaimaphaedaii 44100, naepaala",27.5458349,85.1289188,4.2,bhaimaphaedaii, historic_site,,Missing description
3532,Chisapani deurali,"Khulikhane, naepaala",27.5706428,85.1463617,4.6,naepaala, hike,,Missing description
3533,Thumki bus park,"C9P6+G3F, gaimadaii 44700, naepaala",27.4363125,85.3601719,0.0,gaimadaii, park,,Missing description
3534,Shakti Mahima Church,"6F9J+969, raaiigaauँ 44100, naepaala",27.2184151,85.4806135,5.0,raaiigaauँ, church,,Missing description
3535,tailaeshawara naatha parayaaparayatana paaraka,"chanadarapaura 44515, naepaala",27.1714314,85.3323806,4.0,naepaala, zoo,,Missing description
3536,Sisneri Emmus Church,"H688+V4M, saisanaeraii 44100, naepaala",27.5672143,85.2153062,4.5,saisanaeraii, church,,Missing description
3537,Indra Sarovar,"J544+V38 Hydropower Reservoir, kaulaekhaanaii 44100, naepaala",27.6071728,85.1552124,4.1,kaulaekhaanaii, tourist_attraction,,Missing description
3538,jamia taju shariya mosalla chekpost,"M6QG+QX6, chanadaraagairaii 44600, naepaala",27.6893461,85.2275074,3.0,chanadaraagairaii, mosque,,Missing description
3539,Indrasarobar Lake,"H5V6+H69, Indrasarobar Rural municipality, kaulaekhaanaii, naepaala",27.5939232,85.1605979,4.5,Indrasarobar Rural municipality, monument,,Missing description
3540,Chame art,"H63R+269, baesaiisahara - chaamae sadaka, chaamae 33500, naepaala",28.5524517,84.2409204,5.0,baesaiisahara - chaamae sadaka, park,,Missing description
3541,Believers Eastern Church Timang ️,"G8H3+CW4, chaamae 33500, naepaala",28.5285059,84.3048307,2.0,chaamae, church,,Missing description
3542,Chame View Point,"H63X+923, baesaiisahara - chaamae sadaka, chaamae 33500, naepaala",28.5533868,84.2475337,4.8,baesaiisahara - chaamae sadaka, tourist_attraction,,Missing description
3543,Sekaha,"94VF+WJR, namarajaumga 33700, naepaala",28.394857,84.124008,0.0,namarajaumga, mosque,,Missing description
3544,Kajin Sara Lake/ singaar lake,"F7W4+PFV, chaamae 33500, naepaala",28.4968726,84.2561785,4.5,chaamae, monument,,Missing description
3545,chaamae,"chaamae, naepaala",28.516253,84.238417,,naepaala, historic_site,,Missing description
3546,chayaamachae jharanaa,"C9MV+MWR, dhaaraapaanaii 33600, naepaala",28.4342366,84.3947736,4.6,dhaaraapaanaii, hike,,Missing description
3547,Namnagra Masjid,"R6QJ+M96, basanatapatataii 44500, naepaala",26.8391542,85.2308814,0.0,basanatapatataii, mosque,,Missing description
3548,God Narshimha Temple,"maodaibaenaii sadaka Vagwan Narshimha Mandir,Shivalaya-5,Kusma, Shiwalaya Gau Bikas Samiti 33300, naepaala",28.2028037,83.6708685,4.6,Shivalaya-5, hindu_temple,,Missing description
3549,Netra Guragain statue,"4GJM+3F5 mayaangalaunga basa baisaaunaii, Limbuwan Highway, mayaangagalaungaga 57500, naepaala",27.1301461,87.5337269,0.0,Limbuwan Highway, monument,,Missing description
3550,Nawa Shanti AG Church,"69HG+9MJ, daumarae-baesaishahara-chaamae raajamaaraga, waesaiishahara 33600, naepaala",28.2284733,84.3766382,5.0,daumarae-baesaishahara-chaamae raajamaaraga, church,,Missing description
3551,Chand Jame Masjid,"69JH+94J, baesaiisahara - chaamae sadaka, waesaiishahara 33600, naepaala",28.2309509,84.377756,4.0,baesaiisahara - chaamae sadaka, mosque,,Missing description
3552,Ngawal museum,"J4X3+6WG, ngaawala 33500, naepaala",28.6481093,84.1048446,0.0,ngaawala, museum,,Missing description
3553,Noah's Ark Mini-Zoo Farm,"65PP+3VC, maijaurae daaँdaa 33700, naepaala",28.2351603,84.1871196,0.0,maijaurae, zoo,,Missing description
3554,NEPA Art & CRAFT Gallery,"J83G+HVP, Bajrabarahi Road, chaapaagaa‌‍‍uँ 44700, naepaala",27.6039926,85.3271731,3.0,Bajrabarahi Road, art_gallery,,Missing description
3555,"Narpa Bhumi Rural Municipality Ward No 1, 2 & 3 Office, Nar, Manang","M5JX+9XX, nara 33500, naepaala",28.6815903,84.2000798,0.0,nara, hindu_temple,,Missing description
3556,Narpa Bhumi Rural Municipality,"P784+5R4, phau 33500, naepaala",28.7153877,84.2570752,0.0,phau, hindu_temple,,Missing description
3557,mara‍yaangapauha (Maryaangpuh),"7R7G+5V9, uiyaa, naepaala",28.2629113,84.8272446,5.0,uiyaa, historic_site,,Missing description
3558,Narpa Bhumi Rural Municipality naarapaa bhauumai gaauँpaalaikaakao kaarayaalaya,"M7X4+F8, nara 33500, naepaala",28.6988876,84.2555532,0.0,nara, historic_site,,Missing description
3559,naarapaa bhauumai,"naarapaa bhauumai, naepaala",28.7728387,84.2729041,,naepaala, historic_site,,Missing description
3560,nara,"nara, naepaala",28.7107829,84.1646163,,naepaala, historic_site,,Missing description
3561,"naarapaa bhauumai gaauँpaalaikaa, gaaँu kaarayapaalaikaakao kaarayaalaya (Narpa Bhumi Rural Municipality)","P567+8R9, nara 33500, naepaala",28.7107829,84.1646163,0.0,nara, historic_site,,Missing description
3562,Ngawal picnic house,"M432+H5, ngaawala 33500, naepaala",28.6542594,84.0998236,0.0,ngaawala, picnic,,Missing description
3563,"naepaala isaaii manadalaii, gaomgabau characha","P8Q6+92M, kaathamaadaauँ 44600, naepaala",27.7384407,85.3100687,4.6,kaathamaadaauँ, church,,Missing description
3564,Nalang Evangelical Friend's Church,"VRG3+8G7, nalaanga 45100, naepaala",27.8757761,84.8038001,5.0,nalaanga, church,,Missing description
3565,Marpha Nissi A.G. Church,"QM3P+GJP, maaraphaa 33100, naepaala",28.753846,83.6865656,5.0,maaraphaa, church,,Missing description
3566,Bangnam Church,"GRR2+4CM, manaharai 44100, naepaala",27.5403276,84.8010338,2.8,manaharai, church,,Missing description
3567,Nepali Isai Mandali Church,"R6JR+XC2, kakanaii 44900, naepaala",27.8323763,85.2410154,2.3,kakanaii, church,,Missing description
3568,Church oF God Sukubhanjyang,"HXGC+G2V, naamataara 44100, naepaala",27.5763266,84.9700162,0.0,naamataara, church,,Missing description
3569,manaanga ngaisayaanga,"manaanga ngaisayaanga, naepaala",28.6634264,84.0271624,,naepaala, church,,Missing description
3570,Immanuel Church Nepal,"MG3M+4RJ, daewadaha nagarapaalaikaa 32900, naepaala",27.6528417,83.5345433,3.8,daewadaha, church,,Missing description
3571,manaanga,"manaanga, naepaala",28.6419484,84.1857115,,naepaala, church,,Missing description
3572,Yangnaam church,"2CVW+7C3, hamaarajaunga 57500, naepaala",27.0431482,87.446036,0.0,hamaarajaunga, church,,Missing description
3573,maathailalao manaamga,"maathailalao manaamga 33500, naepaala",28.6020467,84.0695961,,naepaala, church,,Missing description
3574,Manang Viewpoint,"M28G+JP, tamkaii manaamnga 33500, naepaala",28.6664993,84.0268503,4.9,tamkaii, historic_site,,Missing description
3575,Upper Khangsar - Viewpoint,"MXGC+MX, khaangasaara 33500, naepaala",28.6766687,83.9724661,0.0,khaangasaara, historic_site,,Missing description
3576,YAK HERDERS SHADE MANANG ANNAPURNA 3 BASE,"M239+JG2, 33500, naepaala",28.6540176,84.0187646,5.0,33500, trek,,Missing description
3577,Mring Taal,"J4FR+4C4 Mring Taal, paisaamga 33500, naepaala",28.6227634,84.1410899,5.0,paisaamga, trek,,Missing description
3578,Shoreee kharka,"MXH4+6HG, manaanga gaawaisa 33500, naepaala",28.6780568,83.9564497,4.4,manaanga, trek,,Missing description
3579,Manang Entrance Gate,"F98F+3XC, dhaaraapaanaii 33500, naepaala",28.4651765,84.3749053,4.5,dhaaraapaanaii, trek,,Missing description
3580,gaopaala phana paaraka,"F865+42X, ramgaelaii raoda, kataharaii 56613, naepaala",26.4603683,87.3076172,3.8,ramgaelaii raoda, amusement_park,,Missing description
3581,Singhiya river bridge,"C7PX+RVW, wairaatanagara 56613, naepaala",26.4376489,87.2999124,4.3,wairaatanagara, tourist_attraction,,Missing description
3582,Sansari Maisthan Temple,"F72J+X3M, wairaatanagara 56613, naepaala",26.4523919,87.2801471,4.2,wairaatanagara, hindu_temple,,Missing description
3583,wairaatanagara mahaanagaraiiya gaeta,"H08, wairaatanagara 56613, naepaala",26.5098763,87.2820076,4.0,wairaatanagara, monument,,Missing description
3584,Kali Mandir Uttar Chowk,"F75J+442, hanaumaana daasa maaraga, wairaatanagara 56613, naepaala",26.4577734,87.2802755,4.0,hanaumaana daasa maaraga, historic_site,,Missing description
3585,ghaeraabanaii chaautaarao,"Sundarharaincha-3, Gherabani, naepaala",26.6229924,87.3065737,5.0,Gherabani, park,,Missing description
3586,Sundar Evangelical Church,"Aachhame Chowk, Sundarharainchaa -6, naepaala",26.6774282,87.3143679,5.0,Sundarharainchaa -6, church,,Missing description
3587,saunadaraharaaiँchaa,"saunadaraharaaiँchaa, naepaala",26.6692376,87.3823039,,naepaala, tourist_attraction,,Missing description
3588,Charaigoha,"J7WV+XG6, saunadara daulaaraii 4, naepaala",26.6474138,87.2937584,0.0,saunadara, tourist_attraction,,Missing description
3589,Jame Masjid Syedna Bilal (R.A.),"M9GH+W4, kaoshaii haraaichaa 56600, naepaala",26.6773191,87.377734,5.0,kaoshaii, mosque,,Missing description
3590,hasainaa saimasaara,"M8V9+5H3, Unnamed Road, saunadara daulaaraii, naepaala",26.6928847,87.3189237,4.1,Unnamed Road, monument,,Missing description
3591,inadaranaaraayana phaemaelaii paaraka,"M8R8+CQP, saunadara daulaaraii, naepaala",26.6917308,87.3177721,0.0,saunadara daulaaraii, picnic,,Missing description
3592,Betana Simsar Lake waetanaa saimasaara taala,"MC5J+CPM, mahaenadara raajamaaraga, baelawaaraii 56600, naepaala",26.661012,87.4327669,4.2,mahaenadara raajamaaraga, tourist_attraction,,Missing description
3593,Belal Masjid,"X8V3+X5, gamaharaiiyaa bairataa 44500, naepaala",26.9949539,85.3028784,5.0,gamaharaiiyaa, mosque,,Missing description
3594,Belbari 4 morang kaakauma baudhabaarae chaoka,"JCRG+R7P, Unnamed Road, baelawaaraii 56600, naepaala",26.6420858,87.4256965,3.8,Unnamed Road, monument,,Missing description
3595,ratana paaraka,"MH35+QVP, patharaii shanaishacharae 56600, naepaala",26.6544574,87.5597145,4.1,patharaii, park,,Missing description
3596,PathariSanischare,"Mangalbare - Aitabare Rd, patharaii shanaishacharae 56600, naepaala",26.6562924,87.5897552,3.6,patharaii, amusement_park,,Missing description
3597,Kaseni Church,"JHPX+MPW, patharaii shanaishacharae 56600, naepaala",26.636729,87.5993431,5.0,patharaii, church,,Missing description
3598,saelaphaii raoda patharaii,"MH5Q+H2J, Mangalbare - Aitabare Rd, patharaii shanaishacharae 56600, naepaala",26.6589607,87.5875126,4.0,Mangalbare - Aitabare Rd, tourist_attraction,,Missing description
3599,sharaiijangagaa samaaraka ᤛᤣᤘᤠᤖᤥ,"MH64+492, patharaii shanaishacharae 56600, naepaala",26.6602719,87.5558997,5.0,patharaii, museum,,Missing description
3600,Exotic aquariums and pet shop,"Next to Prabhu bank Near to Gorkha Department, patharaii shanaishacharae 56600, naepaala",26.6604739,87.5610962,4.9,patharaii, aquarium,,Missing description
3601,Pathari Tattoo and Art House,"MH55+WMV, patharaii shanaishacharae 56600, naepaala",26.659879,87.5590869,4.5,patharaii, art_gallery,,Missing description
3602,parakaashaeshawara shaiwaalaya mainadaira,"JHV4+F22, Pathari Road, patharaii shanaishacharae 56600, naepaala",26.6436977,87.555029,3.0,Pathari Road, hindu_temple,,Missing description
3603,Mathilo dumre,"MHQR+C6, uralaabaaraii 56600, naepaala",26.6888794,87.5920348,0.0,uralaabaaraii, park,,Missing description
3604,Everest Fun Park & Resort Pvt. Ltd,"JJMG+JW7, Urlabari-08, Durgapuri, Urlabari Ambari Rd, uralaabaaraii 56604, naepaala",26.6313457,87.6237733,4.1,Urlabari-08, tourist_attraction,,Missing description
3605,Madarasatul Taswid & Noorani Masjid,"MJ6R+8F8, uralaabaaraii 56604, naepaala",26.6607747,87.6412382,4.8,uralaabaaraii, mosque,,Missing description
3606,madana bhanadaaraii samaृtai samgarahaalaya,"MH6X+PHP, mahaenadara raajamaaraga, uralaabaaraii 56600, naepaala",26.6618387,87.59894,4.1,mahaenadara raajamaaraga, museum,,Missing description
3607,Jungle Safari,"MHCG+M8G, uralaabaaraii 56600, naepaala",26.6716759,87.5758319,5.0,uralaabaaraii, zoo,,Missing description
3608,Urlabari Shivalaya Mandir,"uralaabaaraii 6, naepaala",26.6850383,87.6416083,4.3,naepaala, hindu_temple,,Missing description
3609,urlabari morang,"MJ8F+PXC, machindr chowk, uralaabaaraii 56604, naepaala",26.6668103,87.6248953,4.5,machindr chowk, historic_site,,Missing description
3610,hiking and Cycling Route Kailashe,"MHCG+839, uralaabaaraii 56600, naepaala",26.6707882,87.5752318,5.0,uralaabaaraii, trek,,Missing description
3611,baetanaii saamauudaayaika wana kaarayaalaya,"MJH4+Q8W, uralaabaaraii 56600, naepaala",26.6794859,87.6058364,4.2,uralaabaaraii, picnic,,Missing description
3612,BIRAN,"PFJX+RWQ, laetaanga 56600, naepaala",26.7320872,87.4998727,4.7,laetaanga, park,,Missing description
3613,Letang Immanuel Church,"laetaanga 00977, naepaala",26.742009,87.4999044,5.0,naepaala, church,,Missing description
3614,laetaanga bhayauu taawara,"QG43+QJW, Kanepokhari - Letang Road, laetaanga 56600, naepaala",26.75699,87.5040935,3.9,Kanepokhari - Letang Road, tourist_attraction,,Missing description
3615,Nuri jama masjid letang morang,"PGQ3+524, Kanepokhari - Letang Road, laetaanga 56600, naepaala",26.7378625,87.5022897,0.0,Kanepokhari - Letang Road, mosque,,Missing description
3616,Shivalaya mandir letang na.pa.-6,"56600, laetaanga, naepaala",26.7495631,87.5047778,4.4,laetaanga, hindu_temple,,Missing description
3617,Letang Morang,"Main Road, laetaanga 56600, naepaala",26.7353529,87.5024379,4.3,laetaanga, monument,,Missing description
3618,Raja Rani Picnic Spot,"laetaanga 56600, naepaala",26.7471714,87.4809031,4.3,naepaala, picnic,,Missing description
3619,Darjeling Line,"PGP2+WC4, laetaanga 56600, naepaala",26.7372704,87.5010838,4.0,laetaanga, hike,,Missing description
3620,Aamtola aaँmataomlaa,"FF87+6CF, Bhawane - Rangeli Rd, darabaeshaa 56600, naepaala",26.4655545,87.4635547,3.8,Bhawane - Rangeli Rd, park,,Missing description
3621,"Amtola Church, Nepal Mission Mission Nepal","ramgaelaii raoda, rangagaelaii 56600, naepaala",26.4640442,87.4647217,5.0,rangagaelaii, church,,Missing description
3622,Gramthan-Rangeli Suspension Bridge,"GCP3+MP4, maotaipaura 56600, naepaala",26.5366261,87.4043251,5.0,maotaipaura, tourist_attraction,,Missing description
3623,Rangeli,"FF6V+CPR, rangagaelaii 56600, naepaala",26.4611322,87.494264,0.0,rangagaelaii, mosque,,Missing description
3624,"Rajbanshi Museum, Sunbarshi","GH8M+PG6, gaowainadapaura 56600, naepaala",26.5177352,87.5834209,0.0,gaowainadapaura, museum,,Missing description
3625,Durga Mandir Rangeli,"FF6R+X7R, rangagaelaii 56600, naepaala",26.4624994,87.4906485,4.7,rangagaelaii, hindu_temple,,Missing description
3626,RATUWA FUN PARK,"GMW2+PC3, kaohawaaraa 57200, naepaala",26.5467515,87.651038,0.0,kaohawaaraa, amusement_park,,Missing description
3627,"Church, Bishwakarma","CHM8+P5G, daainaiyaa 56600, naepaala",26.4343023,87.5654439,4.5,daainaiyaa, church,,Missing description
3628,saunawarashai,"saunawarashai, 56600, naepaala",26.4555815,87.5484421,,56600, tourist_attraction,,Missing description
3629,Sonapur masjid,"CJ33+672, waradamgaa 56600, naepaala",26.403006,87.6031287,3.7,waradamgaa, mosque,,Missing description
3630,Shiddi home,"C86P+FMP, majhaarae 56600, naepaala",26.4112956,87.3370395,0.0,majhaarae, zoo,,Missing description
3631,"ॐ sharaii harai waishanau manadaira, kaashaiidhaama","GG2R+WC, rangagaelaii 56600, naepaala",26.5022154,87.5410863,5.0,rangagaelaii, hindu_temple,,Missing description
3632,ratauwaamaaii,"ratauwaamaaii, naepaala",26.4459039,87.6115216,,naepaala, tourist_attraction,,Missing description
3633,Morang,"HJ6C+WF5, itaharaa 56600, naepaala",26.562252,87.6212008,0.0,itaharaa, tourist_attraction,,Missing description
3634,Akmal mahira,"CHXG+RRP, gaowainadapaura 56600, naepaala",26.4493839,87.5787804,5.0,gaowainadapaura, museum,,Missing description
3635,"Pathibhara art, amrdaha","ramgaelaii raoda 5600, amaradaha 35500, naepaala",26.5432219,87.5628876,5.0,amaradaha, art_gallery,,Missing description
3636,Kalyanpur baramaelaii taola,"Ratuwamai-1, Kalyanpur 56600, naepaala",26.421599,87.6141125,4.6,Kalyanpur, hindu_temple,,Missing description
3637,Rajghat Devithan Ratuwa Bridge,"HJ8Q+JP, kaohawaaraa, naepaala",26.5665445,87.6392181,5.0,kaohawaaraa, monument,,Missing description
3638,ratauwaamaaii nagarapaalaikaa,"Kadupada - Sijuwa Rd, saijauwaa 56600, naepaala",26.4924153,87.636962,4.0,saijauwaa, historic_site,,Missing description
3639,Indreni Lake,"JM64+PW4, damaka 57200, naepaala",26.6117595,87.6573137,4.3,damaka, picnic,,Missing description
3640,Sijuwa Ghat saijauwaaghaata।,"GJ3R+FP, saijauwaa, naepaala",26.5036339,87.6418025,4.3,saijauwaa, hike,,Missing description
3641,Ramailo Park,"MF2W+8V, wayarawana 56600, naepaala",26.6507678,87.4971523,5.0,wayarawana, park,,Missing description
3642,"JAMA MASJID l,Girdaliya","GGVX+8M5, amaradaha 56600, naepaala",26.543272,87.5492264,5.0,amaradaha, mosque,,Missing description
3643,Kanepokhari (Ear pond),"MF2W+GV9, wayarawana 56600, naepaala",26.6512946,87.4972288,3.9,wayarawana, museum,,Missing description
3644,labha taola,"FFGR+Q62, Kanepokhari -Rangeli Rd, rangagaelaii 56600, naepaala",26.4768782,87.4905276,0.0,Kanepokhari -Rangeli Rd, hindu_temple,,Missing description
3645,Kanepokhari morang,"GGQ9+GF, wayarawana 56600, naepaala",26.538684,87.5186164,4.5,wayarawana, monument,,Missing description
3646,baasaechaauraii banabhaoja kashaetara,"MHGC+43Q, jaaँtae 56600, naepaala",26.6753471,87.5702234,5.0,jaaँtae, picnic,,Missing description
3647,Ramjanaki Chok,"HFHW+HXX, Kalisthan Road, kaeraauna 56600, naepaala",26.5789797,87.4974739,5.0,Kalisthan Road, hike,,Missing description
3648,chhaayaaँnaatha raaraa,"chhaayaaँnaatha raaraa, naepaala",29.5478793,82.1571427,,naepaala, tourist_attraction,,Missing description
3649,Walnut tree in Chhapru Village,"G3PF+3CH, raaraa 21100, naepaala",29.5351778,82.073617,4.3,raaraa, trek,,Missing description
3650,raaraa,"raaraa 21100, naepaala",29.5286426,82.0625052,,naepaala, trek,,Missing description
3651,World Mission Church Mugling Nepal,"VH47+V3Q, H04, daaraechaoka 44200, naepaala",27.8572036,84.5627214,0.0,H04, church,,Missing description
3652,maugauma kaaramaaraomga,"maugauma kaaramaaraomga, naepaala",29.6525012,82.5203216,,naepaala, tourist_attraction,,Missing description
3653,Old gurung museum,"9RG5+RG8, ghaanadarauka 33700, naepaala",28.3770562,83.8088398,0.0,ghaanadarauka, museum,,Missing description
3654,Large Buddha Statue & Hand Prayer Wheels,"H8X6+92R, maangagaii 21100, naepaala",29.5985392,82.3101426,5.0,maangagaii, monument,,Missing description
3655,Mugum karmarong Rural Municipality,"H9HW+22W, paulauu 21100, naepaala",29.5775806,82.3950857,5.0,paulauu, trek,,Missing description
3656,raamarao karama taraekainga,"Ropeway Sadak, kaathamaadaauँ 44600, naepaala",27.7204996,85.2932068,5.0,kaathamaadaauँ, trek,,Missing description
3657,"Karnali U-Turn,Bijaura","V673+23, saugaarakhaala 21700, naepaala",28.8625531,81.2026941,0.0,saugaarakhaala, tourist_attraction,,Missing description
3658,Ghimire Kul pooja Mandir Namdu Batlechaur,"J4J4+3V, naamadau 45500, naepaala",27.630138,86.107213,0.0,naamadau, hindu_temple,,Missing description
3659,sharaii sharaii 108 pamchamaukhaii hanaumaana manadaira,"CFQH+H7W, Indo Nepal Border Trail, rangagaelaii 56600, naepaala",26.438414,87.4784271,4.3,Indo Nepal Border Trail, hindu_temple,,Missing description
3660,Soru Rural Municipality,"JWPV+6R8, jaimaa 21100, naepaala",29.635246,81.9441222,4.0,jaimaa, historic_site,,Missing description
3661,Soru,"MW2X+2X5, naadharapauu 21100, naepaala",29.65,81.95,0.0,naadharapauu, trek,,Missing description
3662,Sorukot Viewpoint,"JXM2+44, jaimaa 21100, naepaala",29.6328083,81.9502881,4.0,jaimaa, hike,,Missing description
3663,Living God Church,"GV5W+X3Q, gamathaa 21100, naepaala",29.5099622,81.8952431,0.0,gamathaa, church,,Missing description
3664,khatayaada,"khatayaada, naepaala",29.5087156,81.8936526,,naepaala, tourist_attraction,,Missing description
3665,raigaa gaaँu,"GQGV+XP, saukhaadhaika 21100, naepaala",29.5274433,81.7943113,5.0,saukhaadhaika, hindu_temple,,Missing description
3666,Krishna Bahadur Malla Chwok,"G5X4+3R4, gamagadaii sadaka, sharaiinagara 21100, naepaala",29.547628,82.157066,4.8,gamagadaii sadaka, monument,,Missing description
3667,talalao saerai,"CW9X+PPM, paanadawagauphaa 21200, naepaala",29.4193439,81.9492977,0.0,paanadawagauphaa, trek,,Missing description
3668,Mini mustang,"J8C3+F48, 45500, naepaala",27.6211613,86.3028373,5.0,45500, tourist_attraction,,Missing description
3669,Masjid ☪️,"94VF+WJR, namarajaumga 33700, naepaala",28.394857,84.124008,1.0,namarajaumga, mosque,,Missing description
3670,Lowa Art Gallery & Book Shop,"5XM4+4G5, laomaamgathaamga 33100, naepaala",29.1827701,83.956368,5.0,laomaamgathaamga, art_gallery,,Missing description
3671,GHARAP ZHONG VIEW POINT,"QP8F+G2M, jaomasaoma 33100, naepaala",28.7663374,83.7223099,5.0,jaomasaoma, monument,,Missing description
3672,utatara charama haimaalaya,"Baluwakhani chowk, kaathamaadaauँ 44600, naepaala",27.7441997,85.3557639,4.6,kaathamaadaauँ, trek,,Missing description
3673,Jomsom & Upper Mustang View tower,"QQF2+49, jaomasaoma 33100, naepaala",28.7728574,83.7509459,4.9,jaomasaoma, hike,,Missing description
3674,"Thasang park,kobang","MJP3+H4, kaowaamga 33100, naepaala",28.6863888,83.6027766,5.0,kaowaamga, park,,Missing description
3675,saekaonga taala,"MHMR+3HP, kaowaamga 33100, naepaala",28.6827081,83.5914597,4.4,kaowaamga, tourist_attraction,,Missing description
3676,taitaii taala,"MJ39+4J2, kauँjao 33100, naepaala",28.652765,83.6190033,4.7,kauँjao, tourist_attraction,,Missing description
3677,thaasaanga gaaँupaalaikaakao kaarayaalaya,"MJR9+V7W, kaowaamga 33100, naepaala",28.6922312,83.6182068,3.0,kaowaamga, mosque,,Missing description
3678,TUKUCHE MUSEUM,"PJ6W+H47, taukauchae 33100, naepaala",28.7113583,83.6453078,4.3,taukauchae, museum,,Missing description
3679,thaasaanga,"thaasaanga, 33100, naepaala",28.7111961,83.6456484,,33100, historic_site,,Missing description
3680,Marche Mustang,"MHC6+P47, kaowaamga 33100, naepaala",28.6717982,83.5603112,0.0,kaowaamga, hike,,Missing description
3681,Resting Place,"RV89+J85, maukatainaatha 33100, naepaala",28.8165214,83.8683539,0.0,maukatainaatha, park,,Missing description
3682,nayaaँ aashaa characha,"QPGC+6PV, jaomasaoma 33100, naepaala",28.7756122,83.7217904,3.4,jaomasaoma, church,,Missing description
3683,"Upper Mustang, Nepal","laomaamgathaamga 33100, naepaala",29.234739,83.9257357,4.8,naepaala, tourist_attraction,,Missing description
3684,maukatainaatha manadaira‌,"J9F7+394, gaodaawaraii 44700, naepaala",27.6226349,85.363453,4.3,gaodaawaraii, monument,,Missing description
3685,jhaaemga gauphaa,"638H+QW7, chhaosaera 33100, naepaala",29.2169099,84.0797931,4.6,chhaosaera, historic_site,,Missing description
3686,Ganeshman Singh Smriti Memorial Park,"PFXX+93R, shangakharaapaura, naepaala",27.748488,85.4976292,5.0,shangakharaapaura, picnic,,Missing description
3687,Salla Ghari Park,"M98P+8GH, ananatalaingagaeshawara, naepaala",27.6658061,85.3863702,3.6,ananatalaingagaeshawara, park,,Missing description
3688,daamaodara kaunada,"X5GC+522, saurakhaamga, naepaala",28.9753994,84.170004,4.4,saurakhaamga, tourist_attraction,,Missing description
3689,Old Royal Palace,"3WVM+4H2, charamga 33100, naepaala",29.0927712,83.9338879,5.0,charamga, museum,,Missing description
3690,Lo Manthang Village,"laomaamgathaamga 33100, naepaala",29.1824898,83.956342,4.7,naepaala, park,,Missing description
3691,Lomanthang hot spring,"5XCM+G4M, laomaamgathaamga 33100, naepaala",29.1713371,83.9827913,0.0,laomaamgathaamga, hindu_temple,,Missing description
3692,Myagdi,"New Road, baenaii 33200, naepaala",28.3462659,83.566886,4.9,baenaii, park,,Missing description
3693,Hope church,"tokha 9 myagdi chock, phaakhaela 44100, naepaala",27.5944857,85.2264729,5.0,phaakhaela, church,,Missing description
3694,khaaraakao daila,"8HQ7+JV7, baenaii 33200, naepaala",28.3390281,83.5646671,4.4,baenaii, tourist_attraction,,Missing description
3695,baenaii bajaara,"maaladhaungagaa-baenaii sadaka, baenaii 33200, naepaala",28.3486699,83.5677989,4.1,baenaii, zoo,,Missing description
3696,Galeshwor Temple,"9HF9+29R, F042, baenaii 33200, naepaala",28.3727265,83.5684202,4.6,F042, hindu_temple,,Missing description
3697,Myagdi Parveash Dwar,"8HW9+V55, maaladhaungagaa-baenaii sadaka, baenaii 33200, naepaala",28.3471323,83.56799,5.0,maaladhaungagaa-baenaii sadaka, monument,,Missing description
3698,ananapauurana paraakaृtaika itaihaasa samgarahaalaya,"6XQR+H6M, Road, paokharaa 33700, naepaala",28.2388787,83.9905641,4.2,Road, museum,,Missing description
3699,asaँbhaulauu (ananapaurana) ajaimaa,"P846+WW7, kaathamaadaauँ 44600, naepaala",27.7072509,85.3122569,4.6,kaathamaadaauँ, hindu_temple,,Missing description
3700,Singa tatopani,"FJV9+QHC, taataopaanaii 33200, naepaala",28.4944327,83.6188793,1.0,taataopaanaii, monument,,Missing description
3701,ananapauurana,"HRWC+C4R, narachayaamga, naepaala",28.596111,83.820278,4.6,narachayaamga, hike,,Missing description
3702,saaँghau paakhaa,"J8CV+468, jharauwaaraashaii 44700, naepaala",27.620264,85.343377,4.0,jharauwaaraashaii, park,,Missing description
3703,Nepal Christian Unity Church Darbang,"C96M+X9C Riverside, maagadaii darabaamga 33208, naepaala",28.4124384,83.383391,5.0,maagadaii, church,,Missing description
3704,dhaaulaagairaii,"dhaaulaagairaii, maudaii 33200, naepaala",28.6984652,83.4873496,4.5,maudaii, tourist_attraction,,Missing description
3705,Dhaulagiri Icefall,"MGCC+638, maudaii 33200, naepaala",28.6705446,83.5202038,5.0,maudaii, mosque,,Missing description
3706,"Sworgadwari Temple, Todkey (Guthi), Kuhun-2, Myagdi","CG54+525, Purnagaun To, kauhauँkaota 33200, naepaala",28.4078406,83.5050361,4.2,Purnagaun To, hindu_temple,,Missing description
3707,Dhaulagiri Base Camp Trek,"MFXQ+92Q, maudaii 33200, naepaala",28.6984547,83.4876091,5.0,maudaii, monument,,Missing description
3708,Dhaulagiri I,"Dhaulagiri I, maudaii 33200, naepaala",28.6966666,83.4941666,4.1,maudaii, historic_site,,Missing description
3709,Dhaulagiri Sanctuary Trek,"JGRH+3F6, Jomsom Sadak, kaowaamga 33100, naepaala",28.6401669,83.528645,5.0,Jomsom Sadak, trek,,Missing description
3710,Gaurati Picnic Spot,"QPV4+F3C, chaautaaraa 45306, naepaala",27.7936971,85.7051552,5.0,chaautaaraa, picnic,,Missing description
3711,Mangala Indrani Park,"Unnamed Road, 33200, naepaala",28.3872112,83.452836,5.0,33200, park,,Missing description
3712,MASJID SIDDIQUE. Jamia Moinia Nurul Quraan,"58FM+RR7, Road, Ramnagar, Bihar 845106, bhaarata",27.1746184,84.3345707,5.0,Road, mosque,,Missing description
3713,Masjid Bargajwa Deoraj,"483M+FCG, Bargajwa, Bihar 845103, bhaarata",27.1036916,84.3336014,3.4,Bargajwa, mosque,,Missing description
3714,Mangala museum,"9FQ3+F95, baabaiyaa chaaura 33200, naepaala",28.3874306,83.4528049,0.0,baabaiyaa, museum,,Missing description
3715,Mangala ghat suspended bridge,"8HR5+MQW, baenaii 33200, naepaala",28.3409913,83.559365,5.0,baenaii, monument,,Missing description
3716,maaiitaighara manadalaa,"M8VC+R5R, kaathamaadaauँ 44600, naepaala",27.6944693,85.3203174,4.2,kaathamaadaauँ, monument,,Missing description
3717,Ghara Myagdi Nepal,"FM44+H58, shaikhaa 33200, naepaala",28.4564179,83.6554472,3.0,shaikhaa, historic_site,,Missing description
3718,Devisthan yekasalla,"Malika 5, naepaala",28.4378473,83.3632972,0.0,naepaala, trek,,Missing description
3719,raghaugamgaa,"raghaugamgaa, naepaala",28.4011009,83.5715093,,naepaala, tourist_attraction,,Missing description
3720,Pun Community Museum,"Annapurna Gaun Palika 8, naepaala",28.3945013,83.6162282,5.0,naepaala, museum,,Missing description
3721,saigaanaa balaama kaotaa paikanaika esapaorata,"6HV2+8PP, saigaanaa 33300, naepaala",28.2433475,83.5518433,3.0,saigaanaa, picnic,,Missing description
3722,Shiva Valley,"CH8G+PPX, 33200, naepaala",28.416855,83.576861,4.7,33200, hike,,Missing description
3723,Pokhari Taal Park,"M4VP+FPQ, kaawaasaotaii 33000, naepaala",27.6937057,84.1368564,4.0,kaawaasaotaii, park,,Missing description
3724,Kawasoti Skate Park,"J4VC+XPH, kaawaasaotaii 33000, naepaala",27.64495,84.1218653,3.9,kaawaasaotaii, amusement_park,,Missing description
3725,Grace community church,"Kawasoti 5, naepaala",27.6661355,84.1186247,5.0,naepaala, church,,Missing description
3726,Chwadi park,"J46H+WVR, kaawaasaotaii 33000, naepaala",27.6123511,84.1296342,5.0,kaawaasaotaii, tourist_attraction,,Missing description
3727,Kawasoti,"M4QJ+QXG, kaawaasaotaii 33000, naepaala",27.689853,84.1324785,0.0,kaawaasaotaii, mosque,,Missing description
3728,Tiger Tops Tharu Lodge,"Amaltari, kaawaasaotaii 44600, naepaala",27.5690393,84.1039763,4.5,kaawaasaotaii, zoo,,Missing description
3729,South&S arts gallery,"Kumarwarti, road, kaawaasaotaii, naepaala",27.6442439,84.1243398,0.0,road, art_gallery,,Missing description
3730,Shiva Mandir,"M57C+22J, mahaenadara raajamaaraga, kaawaasaotaii 33000, naepaala",27.6625817,84.1700413,4.5,mahaenadara raajamaaraga, hindu_temple,,Missing description
3731,kaawaasaotaii,"kaawaasaotaii, naepaala",27.648641,84.1329595,,naepaala, historic_site,,Missing description
3732,Shoreee Singhaniwas Developed Forest,"M453+84M, kaawaasaotaii 33000, naepaala",27.658346,84.102798,4.5,kaawaasaotaii, trek,,Missing description
3733,Rajratna picnic spot,"M536+8M3, kaawaasaotaii 33000, naepaala",27.6532622,84.1616792,4.2,kaawaasaotaii, picnic,,Missing description
3734,mahata waisaaunaii,"PCF8+Q7V, gaaimdaakaota 33000, naepaala",27.7244912,84.4156653,4.0,gaaimdaakaota, park,,Missing description
3735,"GAINDAKOT-6, PLAYGROUND","M9RV+G9M, gaaimdaakaota, naepaala",27.691321,84.3934774,4.4,gaaimdaakaota, tourist_attraction,,Missing description
3736,Barkati Nepali Masjid,"MCXG+MXF, bharatapaura 44200, naepaala",27.6992119,84.4274221,4.2,bharatapaura, mosque,,Missing description
3737,CG Unnati Cultural Village,"Gaidakot Harkapur-12, 33003, naepaala",27.6896605,84.2875913,4.3,33003, museum,,Missing description
3738,Church Chowk,"M8W4+WP3, gaaimdaakaota 33000, naepaala",27.6970616,84.307403,5.0,gaaimdaakaota, historic_site,,Missing description
3739,Ghumauri community park and picnic spot,"M5X4+9W5, Unnamed Road, daewachaulaii 33000, naepaala",27.6983968,84.1573545,4.0,Unnamed Road, park,,Missing description
3740,Chuwadi,"P825+GFF, gaaimdaakaota 33000, naepaala",27.7013199,84.3086643,5.0,gaaimdaakaota, amusement_park,,Missing description
3741,Shanti Church,"M5M6+HCW, daewachaulaii 33000, naepaala",27.683984,84.1610807,5.0,daewachaulaii, church,,Missing description
3742,Devchuli dada,"Q59H+3V9, upalalao arakhalae 33000, naepaala",27.7676577,84.1797298,5.0,upalalao, tourist_attraction,,Missing description
3743,"Nepali jamey masjid, Rajahar","M6JG+68P, Unnamed Road, rajahara 33000, naepaala",27.680583,84.2258267,4.4,Unnamed Road, mosque,,Missing description
3744,CG History Museum,"M6J6+CMH, daewachaulaii 33000, naepaala",27.6810559,84.2117318,5.0,daewachaulaii, museum,,Missing description
3745,taulasaii -pawaitaraa baृdadhaa aasharama,"Pragatinagar, Devachuli 33000 https://maps.app.goo.gl/JQaYF5tVN9yBzqs87, nawalapaura 33000, naepaala",27.6701313,84.1917869,4.9,Devachuli, hindu_temple,,Missing description
3746,daewachaulaii,"daewachaulaii 33000, naepaala",27.7214408,84.1962563,,naepaala, historic_site,,Missing description
3747,Devchuli Hill (1938 Meter),"Q59H+2VQ, upalalao arakhalae 33000, naepaala",27.767585,84.1797233,4.5,upalalao, historic_site,,Missing description
3748,MadhyaBindu Hospital Park,"J3HV+F3W Kolhuwa, Road, kaawaasaotaii 33000, naepaala",27.6289577,84.0926583,4.0,Road, park,,Missing description
3749,mainaghat church,"madhyabindu 13, maainaaghaata 33000, naepaala",27.6568777,83.9947639,3.0,maainaaghaata, church,,Missing description
3750,Nawalparasi Dumkauli,"M345+VJC, daeuraalaii 33000, naepaala",27.6571887,84.059029,0.0,daeuraalaii, mosque,,Missing description
3751,Amar fish shop,"JHRV+G4P, Khaireni - Suryapura Road, daewadaha nagarapaalaikaa 32900, naepaala",27.6414091,83.5928504,5.0,Khaireni - Suryapura Road, aquarium,,Missing description
3752,nawadauragaa manadaira,"HWFW+7MW, nayaaँ baelahaanaii 33007, naepaala",27.573242,83.9467167,5.0,nayaaँ, hindu_temple,,Missing description
3753,madhayawainadau,"madhayawainadau, naepaala",27.6146167,83.9530993,,naepaala, historic_site,,Missing description
3754,Bhedabari,"MXQF+4X, maainaaghaata 33000, naepaala",27.6878294,83.9749908,4.0,maainaaghaata, trek,,Missing description
3755,Shandh Picnic Spot,"J46P+QJP, Kawaswati 33000, naepaala",27.6112685,84.1362588,5.0,Kawaswati, picnic,,Missing description
3756,Hupsekot,"PXPW+JJ, haupasaekaota 33000, naepaala",27.736575,83.996532,5.0,haupasaekaota, park,,Missing description
3757,Hupsekot Vision Church (Jabbar Sing Saru),"PXPM+CG2 Vision vision church, haupasaekaota 33000, naepaala",27.7359703,83.9838107,5.0,haupasaekaota, church,,Missing description
3758,haupasaekaota,"haupasaekaota, naepaala",27.7367241,84.0061661,,naepaala, tourist_attraction,,Missing description
3759,Aapchour Picnic Spot,"M6RM+7VP, rajahara 33000, naepaala",27.6907095,84.2347148,4.3,rajahara, picnic,,Missing description
3760,Bulingtar Agro Park,"R5XX+7C5, baulaingataara 33000, naepaala",27.8481267,84.1986196,0.0,baulaingataara, park,,Missing description
3761,baulaingataara,"baulaingataara 33000, naepaala",27.8205404,84.1909841,,naepaala, tourist_attraction,,Missing description
3762,Balighat Garden and Park,"V36C+773, Dedgaun Rd, daedagaauँ, naepaala",27.8606465,84.070687,3.7,Dedgaun Rd, park,,Missing description
3763,Akala Devi temple,"V35C+Q73, D2, daedagaauँ, naepaala",27.8593972,84.0706761,0.0,D2, church,,Missing description
3764,Narayani side,"PC26+7X6, gaaimdaakaota, naepaala",27.6996956,84.4122123,5.0,gaaimdaakaota, tourist_attraction,,Missing description
3765,Akala Devi,"V34Q+VP4, Machedi Rd, daedagaauँ, naepaala",27.8571074,84.0893013,4.4,Machedi Rd, hindu_temple,,Missing description
3766,"dhaunaibaemshai na.paa.-९, kaanaakaota,paanadae gaauँ","naaubaisae 45100, naepaala",27.7121519,85.1860822,3.8,naepaala, historic_site,,Missing description
3767,daedagaauँ nawalapaura,"V32H+X4W, daedagaauँ, naepaala",27.8524764,84.077826,4.0,daedagaauँ, trek,,Missing description
3768,Bardaghat bus park,"HQ2X+W86 Bardaghat Bus Park, taraibaenaii raoda, baradaghaata 33007, naepaala",27.5522914,83.7982526,3.8,taraibaenaii raoda, park,,Missing description
3769,Tilakpur fun park,"HP6M+4CM, saraawala 33007, naepaala",27.5603389,83.7335544,5.0,saraawala, amusement_park,,Missing description
3770,pawaitara kalayaana manadalaii (church),"FW23+H92, taraibaenaii 33007, naepaala",27.4513725,83.9032463,4.4,taraibaenaii, church,,Missing description
3771,taraiwaenaii dhaama,"FW3M+FC8, taraibaenaii raoda, taraibaenaii 33007, naepaala",27.4536652,83.9335776,4.4,taraibaenaii raoda, tourist_attraction,,Missing description
3772,Madar Baba Masjid,"madarasathaana jaanae baatao, 33007, naepaala",27.5011333,83.8988635,4.1,33007, mosque,,Missing description
3773,saunawala nagarapaalaikaa ३ nam kairataipaura १,"JM37+2FJ, saunawala 33000, naepaala",27.6025975,83.6636262,2.0,saunawala, zoo,,Missing description
3774,Aqua Hubs,"jaamaunaiyaa 33007, naepaala",27.4669487,83.7862942,0.0,naepaala, aquarium,,Missing description
3775,bhaulakaepaanaii,"HW88+5R, nayaaँ baelahaanaii 33007, naepaala",27.5654776,83.9171241,0.0,nayaaँ, picnic,,Missing description
3776,wainayaii taraiwaenaii,"wainayaii taraiwaenaii, naepaala",27.5842999,83.8718007,,naepaala, hike,,Missing description
3777,binayi tribeni rural municipality,"HVJ8+P9H, jayaamairae 33000, naepaala",27.581798,83.8659791,4.4,jayaamairae, hike,,Missing description
3778,taraiwaenaii sasapaemshana paula taraiwaenaii,"FW4Q+RHP, taraibaenaii 33007, naepaala",27.4570772,83.9389436,4.5,taraibaenaii, hike,,Missing description
3779,taraibaenaii,"taraibaenaii, naepaala",27.4575894,83.9055997,,naepaala, hike,,Missing description
3780,Kunwar Mini Jungle,"Bandevi, Ramgram -11, raamagaraama 33007, naepaala",27.5545084,83.6804308,5.0,Ramgram -11, park,,Missing description
3781,"Shakshi Church, Parasi Road","GMH2+JVF, raamagaraama 33007, naepaala",27.5290868,83.6521792,0.0,raamagaraama, church,,Missing description
3782,Ramgram Stupa(Krish Photography ),"Parasi To Maheshpur Road, Nawalparasi, Nepal, raamagaraama 33007, naepaala",27.4990002,83.6723417,4.1,Nawalparasi, tourist_attraction,,Missing description
3783,Bilal jama masjid,"Ramgram - Harpur Rd, kausamaa 33007, naepaala",27.4799241,83.6791418,5.0,kausamaa, mosque,,Missing description
3784,Sabuni,"GJ4R+5X2, raamagaraama 33007, naepaala",27.5055856,83.6424226,5.0,raamagaraama, hindu_temple,,Missing description
3785,Parasi Clock Tower,"GMJ7+FC2, Ramgram - Harpur Rd, raamagaraama 33007, naepaala",27.5312719,83.663427,4.3,Ramgram - Harpur Rd, monument,,Missing description
3786,raamagaraama,"raamagaraama 33007, naepaala",27.5290526,83.6720756,,naepaala, historic_site,,Missing description
3787,Ramgram picnic spot (ujaainaii),"GM2J+577, raamagaraama 33007, naepaala",27.5004211,83.6806589,0.0,raamagaraama, picnic,,Missing description
3788,Sunwal Hill Park saunawala haila paaraka,"JJMV+6R3, saunawala 33000, naepaala",27.6330245,83.6445359,4.3,saunawala, park,,Missing description
3789,SUKRAULI SMALL DAM,"GJQF+X4F, saukaraaulaii 33007, naepaala",27.5399289,83.6227859,4.5,saukaraaulaii, amusement_park,,Missing description
3790,Sunwal Church,"JJ8X+8FG, saunawala 33000, naepaala",27.6158467,83.6487181,2.2,saunawala, church,,Missing description
3791,saunawala,"saunawala, naepaala",27.6271937,83.6454831,,naepaala, tourist_attraction,,Missing description
3792,masjid bankatti.,"HMH7+GQ4 Bankatti, saunawala 33007, naepaala",27.5787317,83.6644337,4.5,saunawala, mosque,,Missing description
3793,Asnahiya,"sunwal 13, asnahiya 33007, naepaala",27.5765336,83.6789778,3.0,asnahiya, museum,,Missing description
3794,Art Media,"sunwal-5, saunawala 33000, naepaala",27.6271937,83.6454831,0.0,saunawala, art_gallery,,Missing description
3795,"GANESH TEMPLE, NAWADURGA TOLE, SUNWAL-2","HJPX+4P3, NawaDurga Tole, saunawala, naepaala",27.5852626,83.6492742,4.9,NawaDurga Tole, hindu_temple,,Missing description
3796,dhakaala upamanayau kaula manadaira,"JJ8F+488, saunawala 33000, naepaala",27.6153028,83.6233435,3.5,saunawala, monument,,Missing description
3797,"Bethel Church, Hatbazar, Bardaghat 04, Nawalparsi (West)","HQ2W+W36, baradaghaata 33007, naepaala",27.5516273,83.7948759,5.0,baradaghaata, church,,Missing description
3798,nawalaparaasaii (baradaghaata sausataa pashachaima),"nawalaparaasaii (baradaghaata sausataa pashachaima), naepaala",27.5487566,83.7199136,,naepaala, tourist_attraction,,Missing description
3799,baradaghaata,"baradaghaata, naepaala",27.5403988,83.7942551,,naepaala, tourist_attraction,,Missing description
3801,Jama masjid bardaghat,"HQ3Q+8JR, janyaanaenadara maaraga, baradaghaata, naepaala",27.5533736,83.789017,5.0,janyaanaenadara maaraga, mosque,,Missing description
3802,nayaam basatai patha,"GR6G+R9, baradaghaata 33007, naepaala",27.5120548,83.8259488,5.0,baradaghaata, museum,,Missing description
3803,jauma phaotao sataudaiyao ra bhaidaiyaogaraaphaii,"Bardaghat -4, Bardaghat, Nawalparasi,Nepal, E-W Hwy, Beside Deepa Furniture Udhyog, baradaghaata 33011, naepaala",27.556676,83.789107,4.6,Bardaghat, art_gallery,,Missing description
3804,Daunne Devi Temple,"HR2Q+52Q, mahaenadara raajamaaraga, daumakaiibaasa 33003, naepaala",27.5504474,83.8376638,4.5,mahaenadara raajamaaraga, hindu_temple,,Missing description
3805,Bardghat nawalparasi,"GQ9P+62R, baradaghaata 33007, naepaala",27.5181078,83.7850055,3.0,baradaghaata, picnic,,Missing description
3806,THARU SANSKRITIK PARK,"GPJ4+344 Sarawal-2, Manari, saraawala 33007, naepaala",27.5301875,83.7053125,5.0,Manari, park,,Missing description
3807,"Sarawal, Nawalparasi","GP2J+MF5, saraawala 33007, naepaala",27.5016288,83.7312393,4.0,saraawala, tourist_attraction,,Missing description
3808,RAZA JAMA MASJID (CHAMAN TOLA) PALHI NANDAN GAONPALIKA (5) DICT. NAWALPARASI WEST LUMBINI PROVINCE (5) NEPAL,"FJ5X+72Q, gaairaamaii, naepaala",27.4582695,83.6476173,5.0,gaairaamaii, mosque,,Missing description
3809,Padampur Park (Bhimwali Park),"MFRM+72R, jautapaanaii 44204, naepaala",27.6907317,84.4825261,4.3,jautapaanaii, park,,Missing description
3810,"Palhinandan-6, Padari, Nawalparasi(B.S.W.)","FJPF+29, sanaai 33000, naepaala",27.4850785,83.623377,0.0,sanaai, tourist_attraction,,Missing description
3811,Aquadesire,"lalaitapaura 44700, naepaala",27.670453,85.3255713,5.0,naepaala, aquarium,,Missing description
3812,pauraatatatawa waibhaaga,"M8WC+CH2, kaathamaadaauँ 44600, naepaala",27.6960164,85.3213044,4.1,kaathamaadaauँ, historic_site,,Missing description
3813,TRP PATH,"FRGW+VM4, raupaaulaiyaa 33007, naepaala",27.4771281,83.8466944,5.0,raupaaulaiyaa, park,,Missing description
3814,Aradhana church,"pratappur 4, thauulaokhaairatawaa, naepaala",27.4358896,83.7630903,0.0,thauulaokhaairatawaa, church,,Missing description
3815,Mosque Of Fenhara,"FR3M+V2J, 33007, naepaala",27.4547297,83.832501,5.0,33007, mosque,,Missing description
3816,baaudadha sataupaa,"CRJW+8C9, Tharhi, Bihar",27.4307864,83.846118,4.0,Tharhi, monument,,Missing description
3817,Nawalparasi Christian Church,"M3W7+4V7, Dihi, Nawalparasi Bardaghat susta purba, haupasaekaota 4, naepaala",27.6952877,84.0646903,3.0,Dihi, church,,Missing description
3818,New trishuli aquarium house,"Bus Stop, taraishaulaii raajamaaraga, baidaura 44900, naepaala",27.9210192,85.1487474,3.8,taraishaulaii raajamaaraga, aquarium,,Missing description
3819,Nawa Jyoti Baptist Church Bidur-5 Nuwakot,"V4PV+79, baidaura 44900, naepaala",27.8846995,85.1428251,0.0,baidaura, church,,Missing description
3820,Kakani Memorial Park,"Kakani Memorial Park, kakanaii 44900, naepaala",27.8145279,85.2682859,,kakanaii, park,,Missing description
3821,Bhulbhule Waterfall,"R7V6+3PR, kakanaii 44900, naepaala",27.8427336,85.2617534,4.8,kakanaii, amusement_park,,Missing description
3822,Believers eastern church Ningale,"R69G+7HG, taraishaulaii raajamaaraga, kakanaii 44900, naepaala",27.8181934,85.226426,5.0,taraishaulaii raajamaaraga, church,,Missing description
3823,kakanaii saahasaika shaiwaira,"Kakani - 5, kakanaii 44903, naepaala",27.8183477,85.2637405,4.7,kakanaii, mosque,,Missing description
3824,Jalpa Devi,"Nuwakot, 44900, naepaala",27.8257471,85.2463723,4.3,44900, hindu_temple,,Missing description
3825,Kakani Thai Memorial Park,"R779+P9V, kakanaii 44900, naepaala",27.8143602,85.2684361,3.9,kakanaii, monument,,Missing description
3826,Kakani greenary Picnic Spot,"R768+FV, kakanaii 44900, naepaala",27.8112314,85.2671537,4.5,kakanaii, picnic,,Missing description
3827,ghayaangasawaaraa sahaida samaaraka paaraka,"V9R2+R3, thaparaeka 44900, naepaala",27.8920625,85.3501875,4.6,thaparaeka, park,,Missing description
3829,daupachaeshawara,"daupachaeshawara, naepaala",27.9224572,85.3818486,,naepaala, historic_site,,Missing description
3830,Nuwakot satbise,"W8FW+G29, Satbise Bus Stop, Sundaradevi VDC 44900, naepaala",27.9237769,85.3451135,4.0,Satbise Bus Stop, historic_site,,Missing description
3831,shaiwapauraii gaauँ parayaa parayatana tathaa samrakashana phaarama,"samaunadaradaewaii 44900, naepaala",27.8183678,85.3350003,4.2,naepaala, mosque,,Missing description
3832,paasaiikaota shaiwa manadaira,"Kathmandu 44600, naepaala",27.7713454,85.3484875,4.3,naepaala, hindu_temple,,Missing description
3833,Shivapuri peak,"R96R+PCG, gaokaranaeshawara 44900, naepaala",27.812089,85.3845362,4.6,gaokaranaeshawara, monument,,Missing description
3834,Apex of Shivapuri Hill,"R96M+VRF, kaathamaadaauँ 44900, naepaala",27.8121893,85.3845524,4.4,kaathamaadaauँ, trek,,Missing description
3835,Shivapuri Lovely Dada,"taokhaa 44600, naepaala",27.7784105,85.34229,4.7,naepaala, picnic,,Missing description
3836,kaagaunae kharapaakhaa,"W9CJ+XPQ, samaunadarataara 44900, naepaala",27.9224572,85.3818486,5.0,samaunadarataara, park,,Missing description
3837,Bagmara Tadi-4,"Sundara Devi Tadi-4, 44900, naepaala",27.9318168,85.3545378,4.0,44900, tourist_attraction,,Missing description
3838,thaamabhanajayaanga,"Ikudol Road, daalachaokaii 44700, naepaala",27.538759,85.3121491,3.8,daalachaokaii, zoo,,Missing description
3839,RAJDHANI AQUARIUM,"thairabama maaraga, kaathamaadaauँ 44600, naepaala",27.711326,85.3284039,3.5,kaathamaadaauँ, aquarium,,Missing description
3840,"Majuwa, Nuwakot","V9CW+F2, laikhau 44900, naepaala",27.8711407,85.3950776,0.0,laikhau, park,,Missing description
3841,Thansing New Vision Church,"likhu-6, 44900, naepaala",27.8658799,85.4015245,0.0,44900, church,,Missing description
3842,laikhau,"laikhau 44900, naepaala",27.8660696,85.4014387,,naepaala, tourist_attraction,,Missing description
3843,Baluwa,"Q9CR+VFC, gaokaranaeshawara 44600, naepaala",27.7721218,85.3912182,5.0,gaokaranaeshawara, mosque,,Missing description
3844,sailaamae,"V988+WC2, mahaakaalaii 44900, naepaala",27.867267,85.3660127,4.6,mahaakaalaii, museum,,Missing description
3845,panyachakanayaa,"panyachakanayaa 44900, naepaala",27.8983753,85.3187914,,naepaala, tourist_attraction,,Missing description
3846,Seraj Fish House,"basa sataeshana, Golfutar Main Rd, baudhaanaiilakanatha 44600, naepaala",27.778263,85.3606538,0.0,Golfutar Main Rd, aquarium,,Missing description
3847,panyachakanayaa gaauँpaalaikaa nauwaakaota,"Panchakanya 02, 44900, naepaala",27.8843818,85.333821,3.7,44900, trek,,Missing description
3848,chaughada bagaicha,"W62Q+M32, chaaughadaa sathaanaiya maaraga, chaaughadaa 44900, naepaala",27.9016277,85.2376548,4.1,chaaughadaa sathaanaiya maaraga, park,,Missing description
3849,narjamadap church,"W7PP+CJP, naarajaamamda़pa 44900, naepaala",27.9360911,85.2865988,5.0,naarajaamamda़pa, church,,Missing description
3850,suryagadhi hill,"X65H+P3, gaerakhau 44900, naepaala",27.959369,85.2276266,4.9,gaerakhau, tourist_attraction,,Missing description
3851,Suryagadhi Rural Municipality Office,"W6XH+4R4, baagaeshawaraii chaokadae 44900, naepaala",27.9477388,85.2295672,4.4,baagaeshawaraii, mosque,,Missing description
3852,Naranthan temple (naaranathaana manadaira),"W6XJ+MPG, baagaeshawaraii chaokadae 44900, naepaala",27.9492021,85.2318593,5.0,baagaeshawaraii, hindu_temple,,Missing description
3853,SuryaGadhi Fort,"X65G+PX9, nauwaakaota laachayaamga sadaka, baagaeshawaraii chaokadae 44900, naepaala",27.9592933,85.2274867,4.5,nauwaakaota laachayaamga sadaka, monument,,Missing description
3854,Suryachaur Nuwakot,"R8F6+867, gaurajae bhanyajayaanga sathaanaiya maaraga, saunakhaanaii 44900, naepaala",27.8232777,85.3105361,4.3,gaurajae bhanyajayaanga sathaanaiya maaraga, hike,,Missing description
3855,Balidan Church Manebhanjyang 3 Darbu,"balidan mandali, 56100, naepaala",27.2035697,86.4875997,0.0,56100, church,,Missing description
3856,maanaebhanyayaanga,"maanaebhanyayaanga, naepaala",27.1698694,86.4300353,,naepaala, tourist_attraction,,Missing description
3857,mahaadaewa manadaira,"6F89+8W6, 56100, naepaala",27.2157894,86.4697704,0.0,56100, hindu_temple,,Missing description
3858,maanaebhamjayaamga bajaara,"maanaebhamjayaamga bajaara, 56100, naepaala",27.2212343,86.4452983,,56100, historic_site,,Missing description
3859,bhorle dada,"Harkapur-Okhaldhunga Road, 56100, naepaala",27.2031734,86.4500223,5.0,56100, hike,,Missing description
3860,chamapaadaewaii manadaira,"Okhaldhunga Okhreni, 56100, naepaala",27.3314901,86.347464,4.5,saidadhaicharana, hindu_temple,,Missing description
3861,Akase padhera,"967Q+9M, naramadaeshawaora 56100, naepaala",27.36346,86.239225,0.0,naramadaeshawaora, amusement_park,,Missing description
3862,Ambakdanda,"Phikkal 2, naepaala",27.2447824,86.2842107,0.0,naepaala, museum,,Missing description
3863,Uddav Smriti Park udadhawa samaृtai paaraka,"saolapaa bhanyajayaangaga, 45901, naepaala",27.2219758,86.3128752,5.0,45901, park,,Missing description
3864,Katunje tole,"Sunkoshi ,10, naepaala",27.3142583,86.4209753,0.0,10, amusement_park,,Missing description
3865,Anughra Church,"695W+J3Q, taokasaela 56100, naepaala",27.2090973,86.3952422,0.0,taokasaela, church,,Missing description
3866,tainachhaagae jharanaa sunkoshi Rural municipality 9 kakani Okhaldhunga,"89MQ+G2H, kataunyajae 56100, naepaala",27.3338011,86.3875982,5.0,kataunyajae, tourist_attraction,,Missing description
3867,Sunkoshi Rural Municipality Okhaldhunga,"79PC+4RC, 56100, naepaala",27.2852119,86.3720717,3.4,56100, mosque,,Missing description
3868,Kali cave Mahadev temple,"Khurkot-Ghurmi Madhya Pahadi Hwy, balakhau 45900, naepaala",27.2374859,86.3311842,5.0,balakhau, hindu_temple,,Missing description
3869,saolapaa bhanyajayaangaga,"68C7+V44, 45900, naepaala",27.2221313,86.3128383,4.0,45900, monument,,Missing description
3870,jaunaelaa baaraii,"68FH+H4, saolapaathaanaa 45900, naepaala",27.2239643,86.3284961,5.0,saolapaathaanaa, hike,,Missing description
3871,Taluwa Gadi,"7G5V+23, maolaii 56100, naepaala",27.257581,86.542634,0.0,maolaii, tourist_attraction,,Missing description
3872,Okhaldhunga moli jilitar,"996H+P7X, khaijaii phalaamtae 56100, naepaala",27.3618654,86.3782198,0.0,khaijaii, mosque,,Missing description
3873,Jaljaleswor Mahadev Sthan,"Jaljaleswor Tribeni Dham and Mahadev Mandir, Molung Palika-4, Okhaldhunga Molung Rural Municipality, Okhaldhunga, Nepal, naepaala",27.3225381,86.4344615,0.0,Molung Palika-4, hindu_temple,,Missing description
3874,ghayaamapaadaamdaa,"molung 5, naepaala",27.3674714,86.4177452,0.0,naepaala, trek,,Missing description
3875,gaurau paaraka raamapaura okhaladhaugaam,"9C4Q+GJ, Prapchan 56100, naepaala",27.356341,86.43906,3.8,Prapchan, picnic,,Missing description
3876,KAMERE,"8HVF+MM, saidadhaicharana 56100, naepaala",27.3442018,86.5741452,0.0,saidadhaicharana, church,,Missing description
3877,chaishamkhaugadhaii,"chaishamkhaugadhaii, naepaala",27.2864975,86.6471365,,naepaala, tourist_attraction,,Missing description
3878,Changesthan Mandir,"9GQQ+H87, 56000, naepaala",27.3889224,86.5382863,4.6,56000, hindu_temple,,Missing description
3879,Dhap Bazaar,"9GPP+X2J, janatarakhaanaii 56000, naepaala",27.3874648,86.535002,4.2,janatarakhaanaii, trek,,Missing description
3880,Homestay koich,"khaijaii phalaamtae 56100, naepaala",27.4369527,86.332389,5.0,naepaala, park,,Missing description
3881,Bethlehem kokarshi Mandali,"F7FJ+CMF, bhaujaii 45400, naepaala",27.4735554,86.2816685,3.0,bhaujaii, church,,Missing description
3882,khaijaii thaolaedaemabaa,"khaijaii thaolaedaemabaa, khaijaii phalaamtae 56100, naepaala",27.4651907,86.3642585,4.0,khaijaii, tourist_attraction,,Missing description
3883,"khiji Chandeshwori, Okhaldhunga, Nepal","F892+659, khaijaii chanadaeshawaraii 56100, naepaala",27.4680335,86.3004749,5.0,khaijaii, mosque,,Missing description
3884,Chandi Than Mandir,"G844+F7C, paraitaii 45400, naepaala",27.5061776,86.305647,4.7,paraitaii, museum,,Missing description
3885,khaijaidaemabaa,"khaijaidaemabaa, naepaala",27.458782,86.3600982,,naepaala, historic_site,,Missing description
3886,kalaladaaँdaa (Simaldanda),"F8XM+CXQ, khaijaiikaataii 56100, naepaala",27.4985919,86.3349733,0.0,khaijaiikaataii, trek,,Missing description
3887,naesapau khaolasaa - khaijaikaatai,"F8CF+VPX, khaijaiikaataii 56100, naepaala",27.4722265,86.3243447,5.0,khaijaiikaataii, hike,,Missing description
3888,Mudke(maudakae),"864P+5H, haimagamgaa 56100, naepaala",27.3054993,86.2364691,4.0,haimagamgaa, park,,Missing description
3889,Shalom A.G. Church,"F75P+9Q5, raagaanaii 56100, naepaala",27.4583709,86.2869797,0.0,raagaanaii, church,,Missing description
3890,Ahl-E Hadith New Masjid Madhukarpur,"Madhukar Pur (Bulakdihwa), Indo Nepal Border Trail, madhaurakarapaura 32800, naepaala",27.4547503,83.1071627,4.0,Indo Nepal Border Trail, mosque,,Missing description
3891,Narmadeshawor Madhev Temple,"9639+GFW, naramadaeshawaora 56100, naepaala",27.3538656,86.2187316,5.0,naramadaeshawaora, museum,,Missing description
3892,naiilakanathaeshawara mahaadaeba manadaira (halaesaii),"C7R7+HVW, raagaanaii 56100, naepaala",27.4414929,86.2647094,5.0,raagaanaii, hindu_temple,,Missing description
3893,daudae ख़olaa,"C742+7V, gaamanaangataara 56100, naepaala",27.405652,86.252128,0.0,gaamanaangataara, trek,,Missing description
3894,Bhotepani,"98R2+MX, paokalaii 56100, naepaala",27.391665,86.3024917,5.0,paokalaii, hike,,Missing description
3895,Tansen Vehicle service car jeep etc 🚗 🚗,"VG8W+M9W, baaimka maaraga, taanasaena 32500, naepaala",27.8700423,83.5455233,4.3,baaimka maaraga, park,,Missing description
3896,taanasaena bhayauu taawara,"VGCX+WGX, taanasaena 32500, naepaala",27.8723675,83.5488451,4.3,taanasaena, tourist_attraction,,Missing description
3897,taanasaena jaamaa masajaida,"Tansen 3, taanasaena 00977, naepaala",27.8696984,83.5455662,5.0,taanasaena, mosque,,Missing description
3898,CLASSIC AQUARIUM,"VG8X+J3F, tauँdaikhaela maaraga, taanasaena 32500, naepaala",27.8665713,83.5476718,5.0,tauँdaikhaela maaraga, aquarium,,Missing description
3899,sharaii amaranaaraayana manadaira,"VG9X+46J, taanasaena 32500, naepaala",27.8678362,83.5480168,4.7,taanasaena, hindu_temple,,Missing description
3900,CHILLDREN FUN PARK,"VV5Q+QFV, raamapaura 32500, naepaala",27.8595423,83.8879796,4.3,raamapaura, park,,Missing description
3901,Rampur fun park,"VV8X+PJJ, Hospital Rd, raamapaura 32500, naepaala",27.8675218,83.8996073,0.0,Hospital Rd, amusement_park,,Missing description
3902,Rampur Church (raamapaura characha),"VW42+932, raamapaura 32500, naepaala",27.8558218,83.90019,3.0,raamapaura, church,,Missing description
3903,Rampur View Point,"VPP7+P3, hauँgaii 32500, naepaala",27.8868,83.7127,3.0,hauँgaii, tourist_attraction,,Missing description
3904,"Sunni Masjid, Islampur مسجد","VW73+9GG, paragatainagara raamapaura raajamaaraga, raamapaura 32500, naepaala",27.8634314,83.903824,4.4,paragatainagara raamapaura raajamaaraga, mosque,,Missing description
3905,"Shyaule Bajar, Rampur, Palpa","raamapaura 32500, naepaala",27.8597303,83.9958264,0.0,naepaala, monument,,Missing description
3906,Ramit'S PLACE,"VRG7+VVJ, Majhigaun, Chapakot 9, naepaala",27.8772125,83.8146406,5.0,Majhigaun, trek,,Missing description
3907,Palpa Rampur,"VVFW+F8M, raamapaura 33800, naepaala",27.8737225,83.8958006,4.3,raamapaura, picnic,,Missing description
3908,RAINA DEVI CHHAHARA PALPA,"V9G8+4CP, chhaharaa 32500, naepaala",27.8753755,83.3660571,3.9,chhaharaa, park,,Missing description
3909,Bhuvanpokhari Rainadevi Chhahara Palpa,"V8JC+P5, bhauwanapaokharaii 32500, naepaala",27.881819,83.320466,5.0,bhauwanapaokharaii, tourist_attraction,,Missing description
3910,Rainadevi Temple raainaadaewaii manadaira,"W922+V8W, bhauwanapaokharaii 32500, naepaala",27.9022356,83.3508407,5.0,bhauwanapaokharaii, mosque,,Missing description
3911,Selfiedada,"WCFJ+4X7, khayaahaa 32500, naepaala",27.9227992,83.4324345,3.5,khayaahaa, trek,,Missing description
3912,Beersheba Prayer House,"PF79+Q52, bautawala 32907, naepaala",27.714378,83.4679013,5.0,bautawala, church,,Missing description
3913,Patal,"Tinau rural municipality ward no. 5, naepaala",27.7741444,83.5328464,4.5,naepaala, tourist_attraction,,Missing description
3914,"sharaii saidadhabaabaa manadaira, paalapaa","PFH9+PPW, H10, daobhaana 32907, naepaala",27.7293606,83.4693134,4.5,H10, hindu_temple,,Missing description
3915,Prithivi Narayan Shah Statue,"MFM7+2XX, bautawala 32907, naepaala",27.6826062,83.4650586,5.0,bautawala, monument,,Missing description
3916,Nuwakot View Point,"daobhaana 32907, naepaala",27.7274996,83.4491852,4.6,naepaala, hike,,Missing description
3917,Fulbari phauulabaaraii,"RH7R+QF4, kasaenaii 32500, naepaala",27.8143901,83.5912088,5.0,kasaenaii, park,,Missing description
3918,"Puktung Agaman Church, Mathagadhi-5, Palpa","PJWQ+9X, kasaenaii 32500, naepaala",27.7460376,83.6399953,0.0,kasaenaii, church,,Missing description
3919,afardad palpa,"VJM3+RHM, Hospital Rd, taanasaena 32500, naepaala",27.8845833,83.6039318,5.0,Hospital Rd, tourist_attraction,,Missing description
3920,Shoreee Rambha Devi Mandir,"RPQ4+GJF, taahau 32500, naepaala",27.8388102,83.7065328,4.5,taahau, hindu_temple,,Missing description
3921,Pokharathok paokharaathaoka maadaii paalapaa,"VJ22+G4G, Unnamed Road, baudhaa paokharaathaoka 32500, naepaala",27.8513217,83.6003344,4.2,Unnamed Road, historic_site,,Missing description
3922,Madi View Point,"RHG7+2PX, taanasaena 32500, naepaala",27.825122,83.5643637,3.7,taanasaena, picnic,,Missing description
3923,Kaude Lek kaaudae laeka,"QJ73+WRQ, Unnamed Road, kasaenaii 32500, naepaala",27.7648268,83.6046136,4.4,Unnamed Road, hike,,Missing description
3924,jaogaipaanaii baolanaii paanaii kauwaa,"taanasaena-tamaghaasa sadaka, banadaiipaokharaa 32500, naepaala",27.8620283,83.4992923,4.4,banadaiipaokharaa, park,,Missing description
3925,Dhangri,"VGX3+5PH, Padani 2, paokharaathaoka 32500, naepaala",27.8979456,83.5043545,0.0,Padani, church,,Missing description
3926,Ridi,"WCMQ+VVX, naepaala",27.9347371,83.4397369,3.5,naepaala, tourist_attraction,,Missing description
3927,raanaiimahala,"WGGH+M4P, baaughaa gaumahaa 32500, naepaala",27.9267072,83.5278236,4.4,baaughaa, historic_site,,Missing description
3928,Bakum gadhi,"RPWQ+8GX, hakalaanga 32500, naepaala",27.8458622,83.7388453,2.5,hakalaanga, museum,,Missing description
3929,sahani arts,"Ramgram - Harpur Rd 3, raamagaraama 33000, naepaala",27.5307708,83.6637868,4.8,raamagaraama, art_gallery,,Missing description
3930,Rambha Top,"RPP5+QQ, taahau 32500, naepaala",27.8369221,83.7094135,4.0,taahau, picnic,,Missing description
3931,Hattilek,"QQWW+3PP, Purbakhola Rural Municipality, sailauwaa, naepaala",27.7952074,83.7968244,4.5,Purbakhola Rural Municipality, park,,Missing description
3932,Siluwa palpa,"RVF5+F56, sailauwaa 32500, naepaala",27.8236678,83.8579053,5.0,sailauwaa, tourist_attraction,,Missing description
3933,Mani memorial rest place,"VQRW+HM4, chaapaakaota 33800, naepaala",27.8913849,83.7967144,5.0,chaapaakaota, monument,,Missing description
3934,pauurawakhaolaa,"pauurawakhaolaa, 32500, naepaala",27.8401901,83.7720319,,32500, historic_site,,Missing description
3935,Chuli Danda ( chaulai daadaaँ ),"QPPQ+HJ, jalapaa 32500, naepaala",27.7863989,83.739117,4.4,jalapaa, picnic,,Missing description
3936,Thumki danda,"RX6P+VWP, raamapaura 32500, naepaala",27.8122136,83.9873289,5.0,raamapaura, park,,Missing description
3937,Sahalkot Church,"RX36+37, sahaalakaota 32500, naepaala",27.8026326,83.9606732,5.0,sahaalakaota, church,,Missing description
3938,"Lekdanda Nisdi-7,Jyamire,Hubas,Palpa","QRJJ+8F, arachalae 32500, naepaala",27.7807799,83.8312183,0.0,arachalae, tourist_attraction,,Missing description
3939,Nisdi Rural Municipality,"QW9C+WCQ, Unnamed Road, maitayaala 32500, naepaala",27.7698377,83.9211138,4.3,Unnamed Road, monument,,Missing description
3940,naisadaii,"naisadaii, naepaala",27.8003883,83.9119274,,naepaala, historic_site,,Missing description
3941,jhaolaungagae paula,"RV6V+76P, galadhaa 32500, naepaala",27.8107145,83.8930674,0.0,galadhaa, hike,,Missing description
3942,Dhurbaghat Park,"taanasaena 32500, naepaala",27.8700008,83.5656884,4.8,naepaala, park,,Missing description
3943,taanasaena characha,"VG9X+GRP, taanasaena 32500, naepaala",27.8688283,83.5495877,4.3,taanasaena, church,,Missing description
3944,baganaasakaalaii,"baganaasakaalaii, naepaala",27.8987049,83.596186,,naepaala, historic_site,,Missing description
3945,Love Dadha,"VH86+R5V, taanasaena 32500, naepaala",27.8671229,83.5604239,5.0,taanasaena, picnic,,Missing description
3946,jagagaa waikaraii १,"4QC8+6HH, phaidaima 57400, naepaala",27.1205687,87.7664934,0.0,phaidaima, park,,Missing description
3947,Phidim Baptist Church,"4QW7+6V6, phaidaima 57400, naepaala",27.1455409,87.7646378,5.0,phaidaima, church,,Missing description
3948,Phidim Bazar,"4QR8+CCJ, H07, phaidaima 57400, naepaala",27.1455305,87.7657363,4.2,H07, mosque,,Missing description
3949,Shivalaya Tample shaiwaalaya manadaira,"4QR9+R3M, phaidaima 57400, naepaala",27.1420825,87.7676689,4.4,phaidaima, hindu_temple,,Missing description
3950,Phidim pallotar,"phaidaima 57400, naepaala",27.1455007,87.7505892,3.3,naepaala, historic_site,,Missing description
3951,phaidaima,"phaidaima 57400, naepaala",27.1205687,87.7664934,,naepaala, historic_site,,Missing description
3952,paaँchathara,"paaँchathara, naepaala",27.1095783,87.8156715,,naepaala, historic_site,,Missing description
3953,𝑃𝑎𝑛𝑐ℎ𝑡ℎ𝑎𝑟,"𝑝ℎ𝑖𝑑𝑖𝑚 14, naepaala",27.1205687,87.7664934,5.0,naepaala, historic_site,,Missing description
3954,Labrekuti Viewpoint,"4Q4F+8PJ, phaidaima 57400, naepaala",27.1058404,87.7742643,5.0,phaidaima, hike,,Missing description
3955,Grace jousha nissi church Panchkhal anaugaraha yahaosa naisasaii characha paaँchakhaala,"JJVF+274, paaँchakhaala 45212, naepaala",27.6425164,85.6231956,3.5,paaँchakhaala, church,,Missing description
3956,Tinghare,"JJ9R+M9V, paaँchakhaala, naepaala",27.6192484,85.6409178,4.7,paaँchakhaala, tourist_attraction,,Missing description
3957,Panchakanya Mai temple,"JGR3+5PH, ugarataaraa janaagaala 45210, naepaala",27.640418,85.5041117,5.0,ugarataaraa, hindu_temple,,Missing description
3958,Manda Phalcha,"M8GC+964, Pimbahal Marg, lalaitapaura 44600, naepaala",27.6758661,85.3206537,4.2,Pimbahal Marg, monument,,Missing description
3959,ᤛᤣᤘᤠᤖᤥ Phalelung (Phalut),"6277+2FW, naepaala",27.2126075,88.0137012,5.0,naepaala, historic_site,,Missing description
3960,Phalcha (Paati),"MCM2+CJC, hainadaunagara raoda, madhayapaura thaimaii, naepaala",27.6839248,85.4012977,0.0,hainadaunagara raoda, historic_site,,Missing description
3961,Bipanchaulgain land,"QFPV+Q7G Way to Patal gufa, bhaotaechaaura, naepaala",27.7872917,85.4933507,0.0,bhaotaechaaura, hike,,Missing description
3962,sahaida park,"6R79+H4H, shaubhaanga 57400, naepaala",27.2139485,87.8178721,4.5,shaubhaanga, park,,Missing description
3963,mailaunga jharanaa,"PSR1, 57400, naepaala",27.222181,87.770728,4.0,57400, amusement_park,,Missing description
3964,Estern Believers Church Hilihang,"7Q83+GQ8, amarapaura 57400, naepaala",27.2662906,87.7544516,4.0,amarapaura, church,,Missing description
3965,Hilihang chook,"H07, 57400, naepaala",27.2534952,87.7897193,2.8,57400, tourist_attraction,,Missing description
3966,hailaihaanga,"hailaihaanga, naepaala",27.2148062,87.7691576,,naepaala, tourist_attraction,,Missing description
3967,Hill top,"H724+JGJ, thaosae 45400, naepaala",27.5515911,86.2562793,5.0,thaosae, tourist_attraction,,Missing description
3968,Hilihang durbar square limbuwan,"6QX8+XRX, 57400, naepaala",27.2500173,87.7671124,4.8,57400, tourist_attraction,,Missing description
3969,Tappu(tapapau)zoo,"sandakpur 2, naepaala",27.0448759,87.9217051,0.0,naepaala, zoo,,Missing description
3970,saanao paathaiibharaa manadaira (chataurae daaँdaa ) 79600966,"6R22+PF, bhaarapaa 57400, naepaala",27.2017526,87.8012421,5.0,bhaarapaa, hindu_temple,,Missing description
3971,Hilihang Palace ᤛᤣᤘᤠᤖᤥ,"6QX9+WC, panyachamaii 57400, naepaala",27.2498657,87.7686016,0.0,panyachamaii, historic_site,,Missing description
3972,Pachayanpur Mosque,"raghaunaathapaura 44400, naepaala",27.0156389,84.9732744,4.4,naepaala, mosque,,Missing description
3973,Paws and Fins (Aquarium and Pets shop),"Kageshwori Manohara-5, kaathamaadaauँ 44600, naepaala",27.7270708,85.4058903,0.0,kaathamaadaauँ, aquarium,,Missing description
3974,mahaagaurau phaalagaunanada chaoka,"4QR9+M73, phaidaima 57400, naepaala",27.141966,87.767451,4.0,phaidaima, monument,,Missing description
3975,Petare Daha,"VMFG+X7, baajhao 57400, naepaala",26.8749056,87.6756443,5.0,baajhao, hike,,Missing description
3976,Hangthuwa Siran Gaun,"4MHG+QCC, raanaii gaauँ 57400, naepaala",27.1294411,87.6760201,5.0,raanaii, park,,Missing description
3977,Kummayak,"3JCQ+FWV, saidadhathaana baatao, yaasaoka 57400, naepaala",27.0712272,87.639793,5.0,saidadhathaana baatao, church,,Missing description
3978,kaumamaayaka,"kaumamaayaka, naepaala",27.0684574,87.6479223,,naepaala, tourist_attraction,,Missing description
3979,mahaananada naingalaekaukao aitaihaasaika ghara,"4JM2+99M, saimalae 57500, naepaala",27.1334555,87.6008448,4.0,saimalae, museum,,Missing description
3980,"Bohora Bandhu Kul Mandir, Kummayak","3JPH+88, raanaii gaauँ 57400, naepaala",27.0858326,87.6282616,0.0,raanaii, hindu_temple,,Missing description
3981,yaomauii chamakhaasainga yaka(panyachakanayaa),"XFXC+54M, panyachakanayaa paokharaii 57500, naepaala",26.997957,87.4703029,0.0,panyachakanayaa, historic_site,,Missing description
3982,Roshan Bhattarai House,"2GH6+Q97, phaakachaamaaraa 57500, naepaala",27.0294195,87.5109338,0.0,phaakachaamaaraa, hike,,Missing description
3983,maikalaajaunga,"maikalaajaunga, naepaala",26.9335795,87.6898107,,naepaala, tourist_attraction,,Missing description
3984,Miklajung ward No.2,"XMFQ+MWJ, 57400, naepaala",26.9742094,87.6897664,4.0,57400, tourist_attraction,,Missing description
3985,Magar Museum magara samgarahaalaya,"VGH3+G7, maudhaebaasa 56800, naepaala",26.8788417,87.5031859,0.0,maudhaebaasa, museum,,Missing description
3986,jauraiithaumakaii manadaira,"WPW7+825, 57300, naepaala",26.9457685,87.7126006,4.7,57300, hindu_temple,,Missing description
3987,"Chituwakharka, Panchthar","XJJM+W9J, olaenae 57400, naepaala",26.9823348,87.6333757,0.0,olaenae, historic_site,,Missing description
3988,Miklajung,"WMMQ+CWM, rawai 57300, naepaala",26.9335795,87.6898107,0.0,rawai, trek,,Missing description
3989,JYOTI CHURCH & PRAYER TOWER,"XHWR+W4G, Unnamed Road, aanganaa 57400, naepaala",26.9973097,87.5902953,5.0,Unnamed Road, church,,Missing description
3990,Tumbewa Peak,"XJ77+WM3, 57400, naepaala",26.9647535,87.6141597,0.0,57400, tourist_attraction,,Missing description
3991,taumabaewaa gaauँpaalaikaa,"XHRM+3V7, maauwaa 57400, naepaala",26.9901933,87.5846719,2.8,maauwaa, mosque,,Missing description
3992,Aquarium fishkeeper,"lalaitapaura 44700, naepaala",27.6586853,85.3134787,4.9,naepaala, aquarium,,Missing description
3993,daebaithaana,"XH4J+624, daebaithaana, taiinagharae, haangagauma, taumabaewaa gaaupaalaikaa, Pathchnar, maauwaa, naepaala",26.9555152,87.5800658,5.0,daebaithaana, hindu_temple,,Missing description
3994,Cat Statue,"mayaangagalaungaga 57500, naepaala",27.1308178,87.5331479,4.3,naepaala, monument,,Missing description
3995,taumabaewaa,"taumabaewaa, naepaala",27.0056522,87.5890791,,naepaala, historic_site,,Missing description
3996,Palum tar/paalauma taara,"XFPQ+CH, panyachakanayaa paokharaii 57500, naepaala",26.9860184,87.4889934,3.0,panyachakanayaa, hike,,Missing description
3997,Guru Neupane Garden,"Yangwarak-5, naepaala",27.2335644,87.840918,0.0,naepaala, park,,Missing description
3998,YAKTHUNG NAMUNA GHAR Yangwarak -5 yangsingbung Panchthar nepal,"Yangwarak, 5, Yangsingbung, naepaala",27.2666018,87.8299943,0.0,5, tourist_attraction,,Missing description
3999,Bishnulaxmi Temple,"Pathivara Yangwarak 6, thaumabaedaina 57500, naepaala",27.2886198,87.8154303,3.3,thaumabaedaina, hindu_temple,,Missing description
4000,yaangawaraka,"yaangawaraka, naepaala",27.2458006,87.8545971,,naepaala, historic_site,,Missing description
4001,Phoktey Dara Top,"722J+36H, 737121, naepaala",27.2501885,88.0306004,4.7,737121, hike,,Missing description
4002,Mahavir mahabhaira,"raamajaa sadaka, 33400, naepaala",28.2281975,83.7716766,5.0,33400, amusement_park,,Missing description
4003,Saint Timothy Believers Eastern Church,"6MGH+MCM, paokharaa - baagalaunga laokamaaraga, kaushamaa 33400, naepaala",28.2272688,83.6787499,0.0,paokharaa - baagalaunga laokamaaraga, church,,Missing description
4004,Kusma Hill View Point,"6MFM+QJ6, dauralaunga sadaka, kaushamaa 33400, naepaala",28.2244201,83.6840304,4.4,dauralaunga sadaka, tourist_attraction,,Missing description
4005,Shatabdi Ghar,"6M9H+HX, kaushamaa 33400, naepaala",28.2189509,83.6799625,4.8,kaushamaa, museum,,Missing description
4006,Kushma Bazar,"6M9H+HJ9, kaushamaa 33400, naepaala",28.2192786,83.6788353,4.8,kaushamaa, monument,,Missing description
4007,kaushamaa jhaolaungagae paula,"6M5J+G3M, kaushamaa janyaadaii paula, kaushamaa 33400, naepaala",28.2088344,83.6801637,4.5,kaushamaa janyaadaii paula, historic_site,,Missing description
4008,Mahabhir Waterfall Trekking Trail,"7M7X+5M, kaushamaa 33400, naepaala",28.2629302,83.6991413,0.0,kaushamaa, hike,,Missing description
4009,mahaepaii gairajaaghara,"kaathamaadaauँ 44600, naepaala",27.7276665,85.3106556,3.8,naepaala, church,,Missing description
4010,Modibeni maodaiiwaenaii,"6M3C+3C5, Unnamed Road, kaushamaa, naepaala",28.2026529,83.671135,4.3,Unnamed Road, hindu_temple,,Missing description
4011,maodaii,"maodaii, naepaala",28.27825,83.7173781,,naepaala, historic_site,,Missing description
4012,Gadtara,"Modi 6, tailaahaara, naepaala",28.2378425,83.7123453,0.0,tailaahaara, picnic,,Missing description
4013,Mukhiya park and place,"7J3M+42P, Unnamed Road, kaushamaa 33300, naepaala",28.252835,83.632569,5.0,Unnamed Road, park,,Missing description
4014,(saidaiimaula) paanaikao maula,"7J2V+F3, kaushamaa 33400, naepaala",28.2500473,83.6422574,5.0,kaushamaa, amusement_park,,Missing description
4015,Bagarphant Mandali Church(House of Prayers),"Jaljala,2, Bagarphant, naepaala",28.3578456,83.5664215,0.0,2, church,,Missing description
4016,Hampal Jaljala,"Jaljala V D C 33200, naepaala",28.3468841,83.6589354,4.7,naepaala, tourist_attraction,,Missing description
4017,paanga kaota (paanga tatarakaota bhaumae manadaira ),"7M92+RHF, kaushamaa 33400, naepaala",28.2695633,83.6514532,5.0,kaushamaa, hindu_temple,,Missing description
4018,"Paiyun Rural Municipality, Office of the Rural Municipal Executive","2MR6+342, Unnamed Road, Parbat Huwas Mardikhola 33400, naepaala",28.0400696,83.6603028,4.8,Unnamed Road, park,,Missing description
4019,gahairao padhaerao,"XMH4+W7, paelaakaota 33800, naepaala",27.9798337,83.6557003,5.0,paelaakaota, amusement_park,,Missing description
4020,Kikrik,"3M39+2M, Parbat Huwas Mardikhola 33400, naepaala",28.052621,83.6692012,0.0,Parbat, church,,Missing description
4021,Upallo Pekhu View Point,"14, waalainga, naepaala",27.9984515,83.7324748,5.0,waalainga, tourist_attraction,,Missing description
4022,Paiyun Engineering (P.) Ltd. [Parbat Branch],"Paiyun R.M, hauwaasa 33400, naepaala",28.0434897,83.665915,0.0,hauwaasa, tourist_attraction,,Missing description
4023,Kanxo,"3QJ4+MR9, arajauna chaaupaaraii 33800, naepaala",28.0816555,83.7570955,0.0,arajauna, mosque,,Missing description
4024,Harichandi Kalika Temple,"2MPJ+P96, Parbat Huwas Mardikhola 33400, naepaala",28.0367894,83.680898,5.0,Parbat, hindu_temple,,Missing description
4025,Payun Kot,"33400, naepaala",28.0580978,83.6432374,4.8,naepaala, monument,,Missing description
4026,Juction,"2MX4+75, Parbat Huwas Mardikhola 33400, naepaala",28.0482033,83.6553834,0.0,Parbat, hike,,Missing description
4027,Narayansthan park,"6M58+R64, naaraayanasathaana 33300, naepaala",28.2095155,83.6655648,0.0,naaraayanasathaana, park,,Missing description
4028,daewaiisathaana phalaewaasa,"daewaiisathaana phalaewaasa, naepaala",28.1821584,83.66144,,naepaala, tourist_attraction,,Missing description
4029,Nayan Flex Print,"parbat phalewas khanigaun ,5 Khanigaun 5, Phalewas 33400, naepaala",28.17,83.67,0.0,5, art_gallery,,Missing description
4030,Nepal High Trek & Expedition,"Khusibu, Nayabazar, kaathamaadaauँ 44600, naepaala",27.7197338,85.3011375,4.9,Nayabazar, trek,,Missing description
4031,Mahankal Dada Gajaram Parbat Hikking Trail Start point,"Bethanchowk-3, dhaunakharaka 45200, naepaala",27.5091436,85.4857504,5.0,dhaunakharaka, hike,,Missing description
4032,Sittal Dada,"3M27+2V, Parbat Huwas Mardikhola 33400, naepaala",28.0501145,83.6647095,0.0,Parbat, park,,Missing description
4033,mahaashailaa,"mahaashailaa, naepaala",28.1155846,83.6768983,,naepaala, tourist_attraction,,Missing description
4034,"mahaashailaa shailaa kashaetara, mahaashailaa parawata ।","4M3R+MGH, laungakhaudaeuraalaii 33400, naepaala",28.1041812,83.6913523,4.3,laungakhaudaeuraalaii, monument,,Missing description
4035,phalaamakhaanaii paaraka tathaa paikanaika sapata,"4MHQ+CG2, Limithana VDC 33400, naepaala",28.1285096,83.6887642,4.7,Limithana, picnic,,Missing description
4036,Bhattarai Chaupari,"2JJ7+X28, 33400, naepaala",28.0324044,83.6125714,5.0,33400, park,,Missing description
4037,Ngadi (ngayaadaii),"895X+JRQ, 33600, naepaala",28.3090895,84.3996153,4.3,33600, tourist_attraction,,Missing description
4038,bachachhaeshawara manadaira,"Bihadi 1, Bachachha, naepaala",28.090318,83.6106797,5.0,Bachachha, mosque,,Missing description
4039,baaँdara paaraka,"4H7G+X4, chhaisataii 33300, naepaala",28.1149888,83.5753282,5.0,chhaisataii, museum,,Missing description
4040,shaitala gauphaa shaiwa paarabataii manadaira,"3H7P+72V, baihaadaii bararaachaaura 33400, naepaala",28.0632449,83.5850388,5.0,baihaadaii, hindu_temple,,Missing description
4041,saetaibaenaii shailaa,"2J64+J24, saetaiibaenaii 33400, naepaala",28.0115187,83.6050665,4.6,saetaiibaenaii, monument,,Missing description
4042,waihaadaii,"waihaadaii, naepaala",28.0599826,83.5798856,,naepaala, historic_site,,Missing description
4043,daangadaungae daaँdaa chaaaipaaraii,"3H35+3R, paurataighaata 32600, naepaala",28.0527047,83.5595984,0.0,paurataighaata, trek,,Missing description
4044,Aauridada picnic spot,"5J7H+5W, bainaamaarae 33300, naepaala",28.1629646,83.6297754,5.0,bainaamaarae, picnic,,Missing description
4045,Duda,"2JMJ+MQC, takalaaka 33400, naepaala",28.0341783,83.6318984,5.0,takalaaka, hike,,Missing description
4046,"Children Fun Park, Birgunj","2V5F+CFW, waiiraganyaja 44300, naepaala",27.0086007,84.8736988,3.5,waiiraganyaja, park,,Missing description
4047,"ghadaiiarawaa paokharai, waiiraganyaja","2V7F+GWH, Ghadiarwa, waiiraganyaja, naepaala",27.013816,84.874871,4.2,Ghadiarwa, tourist_attraction,,Missing description
4048,Birgunj Aquarium House,"2V5G+WM9, Loharpatti Rd, waiiraganyaja 34441, naepaala",27.0097994,84.8767321,5.0,Loharpatti Rd, aquarium,,Missing description
4049,ISKCON Birgunj,"Street Number 3, waiiraganyaja 44300, naepaala",27.0126026,84.879475,4.7,waiiraganyaja, hindu_temple,,Missing description
4050,Rajat Jayanti Park,"XVW7+CVH Raja Jayanti Chauk, Bypass, waiiraganyaja 44300, naepaala",26.99632,84.864611,4.1,Bypass, trek,,Missing description
4051,"Chaube Mango Garden, Madhopur","4QFF+C28, auraahaa 44300, naepaala",27.1224532,84.7725942,5.0,auraahaa, park,,Missing description
4052,Basantpur Pokhari,"3PWV+CRX, paokharaiiyaa 44300, naepaala",27.0961249,84.7446146,3.0,paokharaiiyaa, tourist_attraction,,Missing description
4053,Jamia masjid Pokhariya,"3QG7+HGM, paokharaiiyaa 44300, naepaala",27.0764707,84.763808,4.0,paokharaiiyaa, mosque,,Missing description
4054,Ranigunj Royal Palace,"3Q79+29J, paokharaiiyaa 44300, naepaala",27.0625889,84.7684021,3.6,paokharaiiyaa, museum,,Missing description
4055,Aquarium Castle,"2V7G+522, GP Road, waiiraganyaja 44300, naepaala",27.0128894,84.8750201,2.8,GP Road, aquarium,,Missing description
4056,paokharaeshawara mahaadaewa manadaira,"3QH6+J2P, paokharaiiyaa 44300, naepaala",27.0791443,84.7600229,5.0,paokharaiiyaa, hindu_temple,,Missing description
4057,paokharaiiyaa,"paokharaiiyaa 44300, naepaala",27.0819447,84.75767,,naepaala, monument,,Missing description
4058,Pokhariya 03,"3PMQ+HP, paokharaiiyaa 44300, naepaala",27.0839046,84.7392963,0.0,paokharaiiyaa, historic_site,,Missing description
4059,Garden (fulwari),"4RW2+P5, kaauwaa banakataaiyaa 44300, naepaala",27.1458199,84.800281,3.0,kaauwaa, picnic,,Missing description
4060,Bahuari,"4V32+XW, waiiraganyaja 44300, naepaala",27.1048767,84.8522517,3.5,waiiraganyaja, park,,Missing description
4061,Church JHABARAHA,"5WFG+WWG, Unnamed Road, bairawaagauthaii 44300, naepaala",27.1748481,84.9272625,0.0,Unnamed Road, church,,Missing description
4062,Bairiya Masjid -North,"3QGQ+R2, baairaiyaa bairataa daa.pauu. 44300, naepaala",27.077084,84.7875729,0.0,baairaiyaa, mosque,,Missing description
4063,"Satomai Temple SreeSiya,25 Parsa Nepal","2V94+3VQ, waiiraganyaja 44300, naepaala",27.017694,84.8572289,5.0,waiiraganyaja, hindu_temple,,Missing description
4064,Bahudarmai,"3RQF+QR2, Birgunj, bhaauraataara 44300, naepaala",27.0893853,84.8245192,0.0,Birgunj, monument,,Missing description
4065,"baahaudaramaaii nagarapaalaikaa, nagara kaarayapaalaikaakao kaarayaalaya","4R2V+P7F, bahauaraii paidaaraii 44300, naepaala",27.101742,84.8431339,3.5,bahauaraii, historic_site,,Missing description
4066,Rekhati,"2RRR+FC, waiiraganyaja 44300, naepaala",27.0411332,84.8410652,0.0,waiiraganyaja, trek,,Missing description
4067,picnic spots Jhabaraha,"Unnamed Road, 44300, naepaala",27.1665846,84.9289147,3.7,44300, picnic,,Missing description
4068,New Apostolic Church Sabaiyatadhi,"4WX9+GFP, bairawaagauthaii 44300, naepaala",27.1488391,84.9187032,3.8,bairawaagauthaii, church,,Missing description
4069,parasaagadhaii,"parasaagadhaii, 44300, naepaala",27.1619605,84.8946842,,44300, tourist_attraction,,Missing description
4070,JAME MASJID PASRAMPUR,"4WRC+5PF, bairawaagauthaii 44300, naepaala",27.1404504,84.9218039,5.0,bairawaagauthaii, mosque,,Missing description
4071,Maisthan Park,"2V6H+X55, waiiraganyaja 44300, naepaala",27.0123817,84.8779819,4.3,waiiraganyaja, park,,Missing description
4072,Bindabasini Temple bainadabaasainaii manadaira,"2RR9+X79, waiiraganyaja 44300, naepaala",27.0424171,84.818194,4.3,waiiraganyaja, church,,Missing description
4073,Bindawasini MAI Arts,"naagaeshawara paetaraola pampa, Padam road, haulaakaii raajamaaraga 19, waiiraganyaja, naepaala",27.0426351,84.8220776,1.0,Padam road, art_gallery,,Missing description
4074,bainadabaasainaii,"bainadabaasainaii, waiiraganyaja 44300, naepaala",27.0342874,84.8176862,,waiiraganyaja, historic_site,,Missing description
4075,Bhatedhada,"F762+4H, ipaa panyachakanayaa 44100, naepaala",27.460351,85.251472,0.0,ipaa, hike,,Missing description
4076,MIRJAPUR MELA,"3MJ5+3M, mairajaapaura 44300, naepaala",27.080223,84.6591589,3.0,mairajaapaura, park,,Missing description
4077,IMS Zion church sikta,"2M9P+62H, Pokharia - Sikta Canal Rd, Sikta, Haripur, Bihar 845307, bhaarata",27.0180868,84.6851172,4.2,Pokharia - Sikta Canal Rd, church,,Missing description
4078,chhaipaharamaaii gaaumpaalaikaa,"2MPH+VVM, bhaisawaa 44300, naepaala",27.0372067,84.679671,3.9,bhaisawaa, tourist_attraction,,Missing description
4079,"Dhobini-05, Mosque","3MMP+44J, dhaaubainaii 44300, naepaala",27.0824977,84.6851358,0.0,dhaaubainaii, mosque,,Missing description
4080,umesh patel,"3QJ5+Q3F, paokharaiiyaa 44300, naepaala",27.0819447,84.75767,0.0,paokharaiiyaa, museum,,Missing description
4081,Chhipaharmai Temple chhaipaharamaaii manadaira,"3M3R+VFV, taulasaii barawaa 44300, naepaala",27.0547444,84.6911799,5.0,taulasaii, hindu_temple,,Missing description
4082,Chisapani Picnic Spot,"C375+2QM, manathalaii 45400, naepaala",27.4125938,86.0594102,5.0,manathalaii, picnic,,Missing description
4083,Aaryan House,"2PVG+P3W, bhaedaihaaraii 44400, naepaala",27.0443725,84.7252046,5.0,bhaedaihaaraii, hike,,Missing description
4084,wadaa.nam 2 lakashamaiipaura,"4PH5+52V, ghaaudadaaura paiparaa 44300, naepaala",27.1279998,84.7075503,0.0,ghaaudadaaura, park,,Missing description
4085,Masjid - East - Fatima Jagarnathpur,"4PQG+QGG Ward No. 4, jaagaranaathapaura 44300, naepaala",27.1394339,84.7263321,0.0,jaagaranaathapaura, mosque,,Missing description
4086,Unification Memorial Park,"jaiitapaura 44300, naepaala",27.177518,84.7237072,0.0,naepaala, museum,,Missing description
4087,Ajay house jagarnathpur birgunj_22 paras nepal,"Jagarnathpur,birgunj_22, naepaala",27.1392746,84.7250072,0.0,birgunj_22, hindu_temple,,Missing description
4088,jagaranaathapaura,"jagaranaathapaura 44300, naepaala",27.166667,84.75,,naepaala, monument,,Missing description
4089,jaagaranaathapaura,"jaagaranaathapaura 44300, naepaala",27.1394339,84.7263321,,naepaala, monument,,Missing description
4090,sharaii paarashanaatha parawaesha dawaara,"4R63+58F, mahauwana 44300, naepaala",27.1104894,84.8034534,0.0,mahauwana, monument,,Missing description
4091,Jagatpur Parsa Nepal,"paokharaiiyaa 44309, naepaala",27.050565,84.7822959,4.0,naepaala, historic_site,,Missing description
4092,Hapzu,"5PGF+XFQ, jaiitapaura 44300, naepaala",27.1774547,84.7237198,0.0,jaiitapaura, trek,,Missing description
4093,Aankaawa dame,"5Q2F+3Q, saugaaulaii pataerawaa 44300, naepaala",27.1501747,84.7744728,0.0,saugaaulaii, trek,,Missing description
4094,Saud Khan,"5PGF+XFQ, jaiitapaura 0000, naepaala",27.1774547,84.7237198,0.0,jaiitapaura, trek,,Missing description
4095,sunny homes,"5QF8+V5M, saugaaulaii pataerawaa 44300, naepaala",27.1747241,84.7654081,0.0,saugaaulaii, trek,,Missing description
4096,Kalikamai Rural Municipality,"3PJ8+6R6, maudalaii 44300, naepaala",27.0805265,84.7170058,3.5,maudalaii, park,,Missing description
4097,kaalaikaamaaii,"kaalaikaamaaii, 44300, naepaala",27.0813906,84.7165784,,44300, tourist_attraction,,Missing description
4098,Abdul Hamidiya Mosque,"2PX9+79Q, bhaedaihaaraii 44300, naepaala",27.0482135,84.7184949,0.0,bhaedaihaaraii, mosque,,Missing description
4099,Kalikamai Temple,"3P5J+6RW, haraiharapaura bairataa 44300, naepaala",27.0581163,84.732063,3.8,haraiharapaura, hindu_temple,,Missing description
4100,Pakaha,"2PGW+8M7, maainapaura pakaahaa 44300, naepaala",27.0257848,84.7466716,4.0,maainapaura, church,,Missing description
4101,Manikpur Temple,"2QW5+JP4, parasaaunaii bhaathaa 44300, naepaala",27.0465241,84.7593233,4.5,parasaaunaii, hindu_temple,,Missing description
4102,Pakaha Mainpur Gaupalika,"2PFW+W9W, maainapaura pakaahaa 44300, naepaala",27.0248316,84.7459419,3.5,maainapaura, monument,,Missing description
4103,maainapaura pakaahaa,"maainapaura pakaahaa 44300, naepaala",27.0315854,84.7446146,,naepaala, monument,,Missing description
4104,Pakaha mainpur Nepal,"2PGV+6QV, maainapaura pakaahaa 44300, naepaala",27.0256056,84.7444159,0.0,maainapaura, monument,,Missing description
4105,Maulapur Picnic Park,"Unnamed Road, 44500, naepaala",26.9262909,85.1982115,4.1,44500, picnic,,Missing description
4106,payauuthaana asapataala,"4V33+GHW, Hospital Road, payauuthaana 22300, naepaala",28.1038731,82.8539551,4.1,Hospital Road, mosque,,Missing description
4107,Jhuleni Natural View Tower (jhaulaenaii paraakaृtaika bhayauu taawara),"5V73+28C, jaumaृkaaँdaa 22300, naepaala",28.1625517,82.8532729,4.7,jaumaृkaaँdaa, museum,,Missing description
4108,Bagdula baagadaulaa,"payauuthaana 22300, naepaala",28.1228804,82.8835755,3.9,naepaala, zoo,,Missing description
4109,Saunapani pyuthan,"4V23+M87, Saunapani, payauuthaana 22300, naepaala",28.1016595,82.8532928,0.0,Saunapani, aquarium,,Missing description
4110,Tanka bahadur bista memorial Trust,"payauuthaana 22300, naepaala",28.0961902,82.8390742,0.0,naepaala, monument,,Missing description
4111,thaulaachaaura,"4X2Q+3CH, chaujaa 22300, naepaala",28.1001875,82.9886094,5.0,chaujaa, historic_site,,Missing description
4112,Pyuthan,"2PQH+27, marakaawaanga 22300, naepaala",28.037551,82.728177,3.7,marakaawaanga, trek,,Missing description
4113,sawaragadawaaraiikhaala,"sawaragadawaaraiikhaala, naepaala",28.1213962,82.6743889,,naepaala, tourist_attraction,,Missing description
4114,sawaragadawaaraii,"sawaragadawaaraii, naepaala",28.1214212,82.674376,,naepaala, tourist_attraction,,Missing description
4115,daaraemashatha raegamaii kauladaewataa manadaira,"4MHW+JW7, bhaingaraii 22300, naepaala",28.1290485,82.6973058,4.3,bhaingaraii, tourist_attraction,,Missing description
4116,"dadae khaolaa, sawaragadawaaraii nagarapaalaikaa, saaraii, payauthaana","5PH2+WHX, sarai 22300, naepaala",28.1798596,82.7014709,4.3,sarai, tourist_attraction,,Missing description
4117,saurabhai gaaushaalaa sawaragadawaaraii,"4MCF+7RR, sawaragadawaaraiikhaala 22300, naepaala",28.1207647,82.6743906,5.0,sawaragadawaaraiikhaala, zoo,,Missing description
4118,gaumukhi,"4V23+M87, payauuthaana 22300, naepaala",28.1016595,82.8532928,5.0,payauuthaana, church,,Missing description
4119,gaaumaukhaii,"gaaumaukhaii, naepaala",28.2535999,83.0119021,,naepaala, historic_site,,Missing description
4120,Markwang (pun magar village) Pyuthan,"4WGR+GMQ, taorawaanga 22300, naepaala",28.1263404,82.9417378,4.0,taorawaanga, tourist_attraction,,Missing description
4121,mahaamkaala bhaairawa manadaira,"P94V+QXH, Nil Barahi Rd, kaagaeshawaraii manaoharaa 44600, naepaala",27.706972,85.3949867,4.9,Nil Barahi Rd, monument,,Missing description
4122,PANAUTI HERITAGE SITE,"HGP8+3X3, panaautaii 45209, naepaala",27.5851064,85.5174287,5.0,panaautaii, historic_site,,Missing description
4123,Rani Pauwa,"XR4M+MFC, dhaumgaegadaii 22300, naepaala",27.9566758,82.8336498,5.0,dhaumgaegadaii, park,,Missing description
4124,D.G pyuthan house 🏠,"Pyuthan arjham, payauuthaana, naepaala",27.9932014,82.9087306,0.0,payauuthaana, church,,Missing description
4125,Saurakot ( saauraakaota),"XQ6P+35P, dhaumgaegadaii 22300, naepaala",27.9602032,82.7854411,2.5,dhaumgaegadaii, hindu_temple,,Missing description
4126,saraumaaraanaii,"saraumaaraanaii, naepaala",27.9110643,82.8325014,,naepaala, historic_site,,Missing description
4127,saraumaaraanaii gaauँpaalaikaa,"XR4F+MPW, dhaumgaegadaii 22300, naepaala",27.9566266,82.8242701,4.7,dhaumgaegadaii, trek,,Missing description
4128,Mallarani zipline,"3VPR+6VF, payauuthaana 22300, naepaala",28.0854073,82.8922309,0.0,payauuthaana, tourist_attraction,,Missing description
4129,Thama,"Mallarani 1, Thama, naepaala",28.0769679,82.8898126,0.0,Thama, art_gallery,,Missing description
4130,Supa deurali mandir barbot Pyuthan,"3W2Q+WM7, payauuthaana 22300, naepaala",28.0522908,82.9391709,5.0,payauuthaana, hindu_temple,,Missing description
4131,dahabasae,"6RR8+W23, sairapaa 22100, naepaala",28.2422609,82.815041,4.0,sairapaa, amusement_park,,Missing description
4132,New life church Timile,"5Q4F+F8, waelabaasa 22300, naepaala",28.1561707,82.7733558,0.0,waelabaasa, church,,Missing description
4133,"Nepal, pyuthan, naubaini gaun palika ,Dawar khola","5VCQ+W8J, payauuthaana 22300, naepaala",28.1723439,82.8882717,4.3,payauuthaana, tourist_attraction,,Missing description
4134,naauwahainaii,"naauwahainaii, naepaala",28.1848533,82.8747609,,naepaala, tourist_attraction,,Missing description
4135,Sirjana budha magar,"4WQJ+2XM, taorawaanga 22300, naepaala",28.1375893,82.9324324,0.0,taorawaanga, park,,Missing description
4136,Markwang Gospel church,"4WGR+H8X, taorawaanga 22300, naepaala",28.1264767,82.9408701,1.0,taorawaanga, church,,Missing description
4137,"Jhimruk rural municipality-5, okharkot pyuthan nepal","4XPG+VR7, okharakaota 22300, naepaala",28.1371574,82.9770371,0.0,okharakaota, tourist_attraction,,Missing description
4138,Jhimruk Rural Municipality,"4XJ9+C3G, Pyuthan, Jhimruk -4, payauuthaana, naepaala",28.1343889,82.9688954,4.6,Pyuthan, mosque,,Missing description
4139,Jyoti Krishna Panthi Museum,"Jyoti Krishna Chaura, KAFALNETI 22300, naepaala",28.1068888,83.0155244,1.0,KAFALNETI, museum,,Missing description
4140,Kot Mandir,"Jhimruk 2, baaँdaiikaota, naepaala",28.1423006,82.999161,5.0,baaँdaiikaota, hindu_temple,,Missing description
4141,Airawati Rural Municipality,"2W8J+228, baraaulaa 22300, naepaala",28.0150075,82.9300265,3.8,baraaulaa, mosque,,Missing description
4142,airaawataii manadaira,"WWJV+QFG Airawati 1, daangawaanga 22300, naepaala",27.9319323,82.9436882,5.0,daangawaanga, hindu_temple,,Missing description
4143,Alita place,"3MHJ+6H8, payauuthaana 22300, naepaala",28.0780421,82.6814391,0.0,payauuthaana, historic_site,,Missing description
4144,manathalaii basa paaraka,"93Q6+FVX, manathalaii 45400, naepaala",27.3887452,86.0622422,3.5,manathalaii, park,,Missing description
4145,Manthali Playground,"93M5+4Q5, manathalaii 45400, naepaala",27.3827623,86.0594712,5.0,manathalaii, amusement_park,,Missing description
4146,Susamachariya Mitra Mandali Ramechhap,"93H6+PGC, manathalaii 45400, naepaala",27.3792108,86.0617018,5.0,manathalaii, church,,Missing description
4147,"chaisaapaanaii gadhaii, raamaechhaapa","manathalaii 45400, naepaala",27.4073066,86.0355392,5.0,naepaala, tourist_attraction,,Missing description
4148,khaaँdaadaewaii manadaira (mauukhaya manadaira),"FW6H+Q59, majauwaa 45400, naepaala",27.4619083,85.9279769,4.7,majauwaa, mosque,,Missing description
4149,kayaaraamabaota bajaara,"kayaaraamabaota bajaara, manathalaii 45400, naepaala",27.4071277,86.0714387,,manathalaii, mosque,,Missing description
4150,manathalaii,"manathalaii, naepaala",27.3885665,86.0631561,,naepaala, mosque,,Missing description
4151,manathalaii maadhayamaika waidayaalaya,"sharaii mahaenadaraodaya uchacha maa bai, laamaosaaँghau-raamaechhaapa raajamaaraga, manathalaii 45400, naepaala",27.3796936,86.0647396,4.0,laamaosaaँghau-raamaechhaapa raajamaaraga, mosque,,Missing description
4152,Santi Agriculture and Animal Husbandry Farm,"849F+5FG, raamaechhaapa 45400, naepaala",27.3179345,86.1237096,5.0,raamaechhaapa, zoo,,Missing description
4153,Ghadi Chhap Picnic Spot,"C25R+7C, manathalaii 45400, naepaala",27.4081516,86.0411128,5.0,manathalaii, picnic,,Missing description
4154,saelaeghaata,"8XVP+F5H, manathalaii ६, naepaala",27.3436954,85.9854969,5.0,manathalaii ६, hike,,Missing description
4155,raamaechhaapa bajaara,"raamaechhaapa bajaara, raamaechhaapa 45400, naepaala",27.3231047,86.0822677,,raamaechhaapa, mosque,,Missing description
4156,Ramechhap,"83H5+523, raamaechhaapa 45400, naepaala",27.327896,86.0575423,4.8,raamaechhaapa, mosque,,Missing description
4157,raamaechhaapa nagarapaalaikaa kaarayaalaya,"83FJ+6WP, raamaechhaapa maaraga, raamaechhaapa 45400, naepaala",27.3230888,86.0823204,3.9,raamaechhaapa maaraga, mosque,,Missing description
4158,raamaechhaapa,"raamaechhaapa, naepaala",27.319307,86.1039189,,naepaala, mosque,,Missing description
4159,Eramechhap,"83FM+FC4, raamaechhaapa maaraga, raamaechhaapa 45400, naepaala",27.3235593,86.0835679,5.0,raamaechhaapa maaraga, mosque,,Missing description
4160,"sahid park , doramba","GX74+P35, daoramabaa 45400, naepaala",27.5142674,85.955229,3.7,daoramabaa, park,,Missing description
4161,Doramba Bazar (Tourist destination),"GW8M+6F2, daoramabaa 45400, naepaala",27.5155156,85.9336283,4.2,daoramabaa, tourist_attraction,,Missing description
4162,AGLESWER MAHDEV,"GW39+CMC, Unnamed Road, daoramabaa 45400, naepaala",27.5035517,85.9191561,5.0,Unnamed Road, hindu_temple,,Missing description
4163,Doramba sailung gaupalika,"GW9P+W64, daoramabaa 45400, naepaala",27.5197676,85.9355648,3.5,daoramabaa, monument,,Missing description
4164,daoramabaa,"daoramabaa 45400, naepaala",27.5143188,85.9335407,,naepaala, historic_site,,Missing description
4165,uparaetaikao daaँdao (ramaailao chaaaitaaraii),"H2PW+4HF, pawataii 45500, naepaala",27.5853086,86.0464186,0.0,pawataii, historic_site,,Missing description
4166,Bodal dada,"GWCG+R55, daoramabaa 45400, naepaala",27.5220059,85.925471,5.0,daoramabaa, hike,,Missing description
4167,Rakathum site,"CVR3+PH6, raakaathauma 45400, naepaala",27.4417932,85.8538849,0.0,raakaathauma, park,,Missing description
4168,Santi AG Church Ramechhap ️,"83GH+VQ, raamaechhaapa 45400, naepaala",27.327115,86.0794958,5.0,raamaechhaapa, church,,Missing description
4169,saunaapataii,"saunaapataii, naepaala",27.4973663,85.8392943,,naepaala, mosque,,Missing description
4170,Sunapati Mahadev Temple,"FVM5+9M9, baethaana 45400, naepaala",27.4834203,85.8592292,5.0,baethaana, hindu_temple,,Missing description
4171,jabadae chaisaapaanaii,"Ramechhap 8, Jawade, manathalaii 45400, naepaala",27.4163136,86.0705004,0.0,Jawade, historic_site,,Missing description
4172,Sunapati Dada saunaapataii daadaa,"FVM5+Q2J, baethaana 45400, naepaala",27.4844664,85.8575307,5.0,baethaana, trek,,Missing description
4173,"Sheraphat, Dhunge Dhara","chaapaagaauँ - chhamapaii sadaka, chaapaagaa‌‍‍uँ 44700, naepaala",27.5970743,85.3191678,4.0,chaapaagaa‌‍‍uँ, park,,Missing description
4174,Aahana Aquarium Shop,"mahaalakashamaii, naepaala",27.6513744,85.3547263,4.1,naepaala, aquarium,,Missing description
4175,Nepal Wonders Treks & Expedition P. Ltd,"taraidaewaii sadaka 26, kaathamaadaauँ 44600, naepaala",27.7142943,85.3124258,4.9,kaathamaadaauँ, trek,,Missing description
4176,Champadevi Hiking Trail,"J7W3+FH7, kaiirataipaura 44600, naepaala",27.6461624,85.2539073,5.0,kaiirataipaura, hike,,Missing description
4177,Ramding waterfall,"HCXC+M2, kayaamaa 45400, naepaala",27.5992692,86.4200704,0.0,kayaamaa, amusement_park,,Missing description
4178,"Nepal Christian Ropheka Church (Darkha Church, NCRC)","Hospital, Gokulganga ,ward no 3 Rasnalu (near Of, rasanaalau, naepaala",27.5496812,86.1898729,0.0,Gokulganga, church,,Missing description
4179,gaokaulagangagaa,"gaokaulagangagaa, naepaala",27.5338274,86.1681562,,naepaala, tourist_attraction,,Missing description
4180,gaokaulagamgaa gaauँpaalaikaa,"G5M8+JWV, baetaalaii 45400, naepaala",27.5341112,86.1673978,4.0,baetaalaii, mosque,,Missing description
4181,Chandra Bahadur Sunuwar Chock chanadara bahaadaura saunauwaara shaalaika chaaeka,"F65G+78, dauraagaauँ 45400, naepaala",27.4581759,86.2257695,5.0,dauraagaauँ, museum,,Missing description
4182,Jata Pokhari Dolakha,"PCG9+GQV, 45500, naepaala",27.7263603,86.4194126,4.6,45500, trek,,Missing description
4183,Umakunda Waterfall,"Gupteshvar 9, paraitaii 1, naepaala",27.5356853,86.2695988,5.0,paraitaii, hike,,Missing description
4184,laharaiinaii paaraka,"95G3+QCJ, manathalaii 45400, naepaala",27.3769647,86.1535305,5.0,manathalaii, park,,Missing description
4185,Chinne khola uttisghari,"C5GH+G5V, dhaobaii 6, naepaala",27.4263566,86.1779246,0.0,dhaobaii, amusement_park,,Missing description
4186,Koinonia Kholmagaun Church,"95WQ+PF8, 45400, naepaala",27.3968042,86.1887052,5.0,45400, church,,Missing description
4187,laikhau taamaakaoshaii,"laikhau taamaakaoshaii, 45400, naepaala",27.4263566,86.1779246,,45400, tourist_attraction,,Missing description
4188,CHISAPANI MUSEUM,"C374+JX9, manathalaii 45400, naepaala",27.4140348,86.0574694,5.0,manathalaii, museum,,Missing description
4189,"taraipaimgaeshawaora mahadaeba manadaira , tailapau khaolaa","J9PG+RX6, Lubhu - Dharachour - Arubot Rd, mahaalakashamaii, naepaala",27.6370451,85.3774388,4.4,Lubhu - Dharachour - Arubot Rd, hindu_temple,,Missing description
4190,laikhau taamaakaoshaii gaauँpaalaikaakao kaarayaalaya,"C5GG+8XX, dhaobaii 45400, naepaala",27.4258771,86.1774696,4.4,dhaobaii, trek,,Missing description
4191,kholmagaun Dada,"95WQ+MHG, gaothagaauँ 45400, naepaala",27.3966859,86.1889498,5.0,gaothagaauँ, hike,,Missing description
4192,Bethlehem priti Church,"F7WR+MP8, paraitaii 45400, naepaala",27.4972578,86.2931718,5.0,paraitaii, church,,Missing description
4193,umaakaunada,"umaakaunada, naepaala",27.5704417,86.3397226,,naepaala, tourist_attraction,,Missing description
4194,Umakunda Rural Municipality,"G75V+JCG, paraitaii 45400, naepaala",27.5090655,86.2935859,4.6,paraitaii, mosque,,Missing description
4195,laikhaukhaolae raosaii khabatadaii basanaeta kaula pauujaa manadaira,"Umakunda 2, naepaala",27.5502923,86.3645219,5.0,naepaala, hindu_temple,,Missing description
4196,Jivan marga church,"R4XW+RM8, 10 ward office, naepaala",27.8426813,85.1407455,5.0,10 ward office, church,,Missing description
4197,gaosaaiikaunada taala daृshaya kaenadara,"Suryakunda Path, 45000, naepaala",28.0833196,85.4104745,4.8,45000, tourist_attraction,,Missing description
4198,gaosaaiikaunada daृshaya kaenadara,"gaosaaikaunada patha, 45000, naepaala",28.0865898,85.409668,5.0,45000, tourist_attraction,,Missing description
4199,Mini Gosainkunda,"38X9+5VX, dhaunachae 45000, naepaala",28.0979441,85.3197229,4.3,dhaunachae, mosque,,Missing description
4200,gaosaaiँkaunada,"gaosaaiँkaunada, 45000, naepaala",28.0820059,85.414986,4.8,45000, picnic,,Missing description
4201,NIM Karmidanda,"257X+XFP, laharaepaauwaa 45000, naepaala",28.0149635,85.1987034,5.0,laharaepaauwaa, church,,Missing description
4202,Mailung,"36C4+MRM Mailung Bazzar Bus Stop, daaँdaagaauँ 45000, naepaala",28.0717226,85.2070534,4.6,daaँdaagaauँ, tourist_attraction,,Missing description
4203,kaalaikaa gaauँpaalaikaa kaarayaalaya,"X6V3+J9G, laharaepaauwaa 45000, naepaala",27.994082,85.2034572,5.0,laharaepaauwaa, mosque,,Missing description
4204,bhaaँngagae jharanaa [Bhange Jharna],"Unnamed Road, daaँdaagaauँ 45000, naepaala",28.038119,85.193037,4.5,daaँdaagaauँ, museum,,Missing description
4205,sharaii kaalaikaa daewaii manadaira,"X6X4+9V8, Kalikasthan, Dhaibung, paasaanga lahaamau raajamaaraga, laharaepaauwaa 45000, naepaala",27.9987385,85.2062509,4.4,Kalikasthan, hindu_temple,,Missing description
4206,kaalaikaasathaana rasauwaa,"kaalaikaasathaana rasauwaa, laharaepaauwaa 45000, naepaala",28.0005871,85.2107743,,laharaepaauwaa, historic_site,,Missing description
4207,"Naukunda-6,","bhaoralae 45000, naepaala",28.0031875,85.2430625,3.0,naepaala, park,,Missing description
4208,Jame Masjid Ratanpur,"4V8R+GG4, basadailawaa 44300, naepaala",27.1162546,84.8913495,3.7,basadailawaa, mosque,,Missing description
4209,raama manadaira,"2728+PVR, saramathalaii 45000, naepaala",28.001855,85.2671326,5.0,saramathalaii, hindu_temple,,Missing description
4210,Rauchuli,"29FC+3Q6, 44900, naepaala",28.0226533,85.3718916,5.0,44900, trek,,Missing description
4211,Syaubari Picnic Spot,"2687+89F, laharaepaauwaa 45000, naepaala",28.0157289,85.2135206,0.0,laharaepaauwaa, picnic,,Missing description
4212,Majhuwaa Park,"X5FM+HHG, baetaraawataii bajaara 44900, naepaala",27.9739431,85.183941,0.0,baetaraawataii, park,,Missing description
4213,baetaraawataii characha,"X5HM+77F, taraishaulaii raajamaaraga, baetaraawataii bajaara 44900, naepaala",27.9781957,85.1831838,3.0,taraishaulaii raajamaaraga, church,,Missing description
4214,Sapkota Gaun (Dandagaun Rasuwa ),"25MQ+H9, daaँdaagaauँ 45000, naepaala",28.0343741,85.1885116,4.4,daaँdaagaauँ, tourist_attraction,,Missing description
4215,"utataragayaa gaauँpaalaikaa, gaauँ kaarayapaalaikaakao kaarayaalaya","X5RM+Q4W, laharaepaauwaa 45000, naepaala",27.9920169,85.1828779,3.4,laharaepaauwaa, mosque,,Missing description
4216,utataragayaa baetaraawataii,"X5FM+3WJ, paasaanga lahaamau raajamaaraga, baetaraawataii bajaara 44900, naepaala",27.9727191,85.1847589,4.6,paasaanga lahaamau raajamaaraga, hindu_temple,,Missing description
4217,amarasaa manadalaii - AMRASA CHURCH,"J2M5+JC8, amarasaa pauraanao baatao, amarasaa 33000, naepaala",27.6340722,84.0084754,5.0,amarasaa pauraanao baatao, church,,Missing description
4218,"Ronga, Rasuwa, Amachodingmo Remote Municipality of Bagmati Province (Tamsaling)Nepal.","58JQ+VRP, sayaaparau baesaii 45000, naepaala",28.1822005,85.3395763,0.0,sayaaparau, tourist_attraction,,Missing description
4219,Sasambhu temple,"J9RM+8JG, mahaalakashamaii, naepaala",27.6408123,85.3840722,4.6,mahaalakashamaii, hindu_temple,,Missing description
4220,Tamang Heritage Trails,"49CX+2X5, sayaapharauu 45000, naepaala",28.12,85.4,4.7,sayaapharauu, trek,,Missing description
4221,Asanwa Tempo Park,"Judibela, Rautahat, 44515, naepaala",27.1407172,85.3981689,4.3,Rautahat, park,,Missing description
4222,Gujara Fun Park(Rautaha),"37M6+Q76, ramgapaura 44500, naepaala",27.0844219,85.2606406,3.7,ramgapaura, amusement_park,,Missing description
4223,Mukti A. G,"4FJ9+G64, chanadarapaura 1, naepaala",27.1312897,85.4680623,5.0,chanadarapaura, church,,Missing description
4224,Nunthar_swing Rautahat,"naunathara paiikanaika sathala baatao, chanadarapaura 44100, naepaala",27.1520104,85.4888832,5.0,chanadarapaura, tourist_attraction,,Missing description
4225,Jamia Masjid,"588M+PP3, chanadarapaura 44515, naepaala",27.166768,85.3342973,0.0,chanadarapaura, mosque,,Missing description
4226,Chandrapur Bazar,"chanadarapaura 44515, naepaala",27.1108389,85.3526514,4.2,naepaala, museum,,Missing description
4227,Chandrapur aquarium house,"Chandrapur-4, naepaala",27.1190138,85.3581427,0.0,naepaala, aquarium,,Missing description
4228,naunathara shaiwa manadaira,"chanadarapaura, naepaala",27.1462855,85.4889711,4.3,naepaala, hindu_temple,,Missing description
4229,Nunthar Picnic Spot,"chanadarapaura 44100, naepaala",27.1491049,85.4885982,4.1,naepaala, picnic,,Missing description
4230,Chapur Illaka Forest,"487V+23R, chanadarapaura 44515, naepaala",27.1126181,85.3426532,4.0,chanadarapaura, hike,,Missing description
4231,Methur Chaudhary Park,"X828+FQ4, Samanpur Road, garaudaa 44500, naepaala",26.9511355,85.3169409,4.0,Samanpur Road, park,,Missing description
4232,Church (Pastor Dinkar Ray Ministry),"Church Road, garaudaa 44500, naepaala",26.9534892,85.3144601,5.0,garaudaa, church,,Missing description
4233,Kranti Dwar,"Q73G+X7Q, gaaura 44500, naepaala",26.7550212,85.2757911,4.5,gaaura, tourist_attraction,,Missing description
4234,Masjid aayesa hanifa,"X899+2WQ, chanadaranaigaahapaura-gaaura raoda, garaudaa 44500, naepaala",26.9674528,85.3199004,3.6,chanadaranaigaahapaura-gaaura raoda, mosque,,Missing description
4235,NEW SONU FILM & Chaurasiya House (Ramjanm),"W8XG+X5Q, Gaurad, baairaiyaa 44500, naepaala",26.9499377,85.3255593,3.0,Gaurad, museum,,Missing description
4236,Gaighata Shoreeepur,"XG22+392, sharaiipaura 45800, naepaala",26.9501444,85.5009022,5.0,sharaiipaura, zoo,,Missing description
4237,Garuda laxmipur nepal,"Laxmipur yadav niwas, garaudaa 44500, naepaala",26.9447814,85.3030849,5.0,garaudaa, hindu_temple,,Missing description
4238,Gajendra Memorial Hospital,"NH36, sakhauuawaa 44500, naepaala",26.906872,85.3030051,5.0,sakhauuawaa, monument,,Missing description
4239,garaudaa,"garaudaa, 44500, naepaala",26.9487337,85.3084706,,44500, historic_site,,Missing description
4240,olaara chaauka,"W8VV+9C4, Gamhariya-Garuda Road, baraiyaarapaura 44513, naepaala",26.9433816,85.3435703,0.0,Gamhariya-Garuda Road, hike,,Missing description
4241,Gaur Shivalaya Pokhari Park,"Q76H+W94, gaaura 44500, naepaala",26.7622699,85.2784585,4.5,gaaura, park,,Missing description
4242,Rautahat District Water supplier,"Q77H+458, gaaura 44500, naepaala",26.7627896,85.2779526,4.0,gaaura, amusement_park,,Missing description
4243,Baram Baba temple,"Q7MG+6XV, gaaura 44500, naepaala",26.7831243,85.2774207,2.0,gaaura, church,,Missing description
4244,Masjid 1 Gaur,"Q75H+H2X, gaaura 44500, naepaala",26.7590041,85.2776244,3.0,gaaura, mosque,,Missing description
4245,Dr.Subhash Animal Hospital & Research Center Pvt.Ltd,"Nepal bank ltd, Opposite to Rangoli studio, Gaur Rd Number 2, gaaura 44500, naepaala",26.7644968,85.2796597,5.0,Opposite to Rangoli studio, zoo,,Missing description
4246,Fish Market,"Q77H+68W, gaaura 44500, naepaala",26.7631397,85.2783446,4.0,gaaura, aquarium,,Missing description
4247,Shivalaya Mandir,"Q77H+3JW, gaaura 44500, naepaala",26.762748,85.2790894,4.9,gaaura, hindu_temple,,Missing description
4248,Barhawa Picnic Spot,"Q7CJ+4P7, gaaura 44500, naepaala",26.7702761,85.2818019,3.8,gaaura, picnic,,Missing description
4249,Tauqeer Shaikh,"Q7MG+6XV, gaaura 44500, naepaala",26.7831243,85.2774207,0.0,gaaura, hike,,Missing description
4250,Pawan my house,"R6X2+P8R, RoadNarkatiya Guthi 44500, naepaala",26.8493789,85.2007396,0.0,RoadNarkatiya, church,,Missing description
4251,baaudhaiimaaii,"baaudhaiimaaii, 44500, naepaala",26.8868236,85.2153062,,44500, tourist_attraction,,Missing description
4252,Ward 4,"V5V5+3X6, kachaorawaa 44400, naepaala",26.8926551,85.1598751,0.0,kachaorawaa, museum,,Missing description
4253,Shiva Temple (Baudhaimai City),"V6XM+V2C, Ajay Kushwaha Road, Baudhimai Municipality, inarauwaa, naepaala",26.8996454,85.2325794,2.0,Ajay Kushwaha Road, hindu_temple,,Missing description
4254,Dhanmatiya devi memorial,"W65Q+6W, inarauwaa 44500, naepaala",26.9080233,85.2397783,5.0,inarauwaa, monument,,Missing description
4255,Sundarpur Masjid,"X99C+M2X, Unnamed Road, samgaraamapaura 44500, naepaala",26.9692426,85.3700877,4.4,Unnamed Road, mosque,,Missing description
4256,Sundarpur nisha family,"X8QM+P9Q, Sundarpur, samgaraamapaura, naepaala",26.9893305,85.3334861,0.0,Sundarpur, hindu_temple,,Missing description
4257,White house,"X9MG+M68, haradaiyaa palatauwaa 44500, naepaala",26.9841687,85.3755895,0.0,haradaiyaa, trek,,Missing description
4258,daewaahaii gaonaahaii,"daewaahaii gaonaahaii, 44500, naepaala",26.9300507,85.2617865,,44500, tourist_attraction,,Missing description
4259,Aliganj Masjid,"X6FR+28W, kataharaiyaa 44500, naepaala",26.9721811,85.2406279,1.0,kataharaiyaa, mosque,,Missing description
4260,Santosh barai,"V78G+5X7, jaimgadawaa baelawaichawaa 1, naepaala",26.8654042,85.2774207,0.0,jaimgadawaa, museum,,Missing description
4261,Pithawa Maai Mandir,"W7H2+V69, karakacha karamaaiyaa 44500, naepaala",26.9296645,85.2505961,5.0,karakacha, hindu_temple,,Missing description
4262,Dewahi Gonahi Municipality,"W7J7+WF4, paraemamapaura gaunaahaii 44500, naepaala",26.9322699,85.2637182,3.2,paraemamapaura, trek,,Missing description
4263,Bhelhi River side,"V7JM+HPX, sakhauuawaa 44500, naepaala",26.8814792,85.2843683,0.0,sakhauuawaa, hike,,Missing description
4264,dharamapaura pauula baagamataii nadaii,"V9X7+P8, dharamapaura 44500, naepaala",26.8992872,85.3633256,4.3,dharamapaura, park,,Missing description
4265,Gangata park,"XFXC+VG3, Unnamed Road, barahathawaa 45800, naepaala",26.9996298,85.4712959,4.2,Unnamed Road, amusement_park,,Missing description
4266,gadhaiimaaii,"gadhaiimaaii, naepaala",26.9455292,85.3639417,,naepaala, tourist_attraction,,Missing description
4267,Gadhi,"Gadhi 45800, naepaala",26.9,85.383333,,naepaala, tourist_attraction,,Missing description
4268,maulapaanaii jharanaa,"chanadarapaura 44100, naepaala",27.2133948,85.3461628,4.1,naepaala, tourist_attraction,,Missing description
4269,Jamya masjid jingadiya,"X88C+XXF, garaudaa 44500, naepaala",26.9674219,85.3224154,3.3,garaudaa, mosque,,Missing description
4270,dabamgao kaa shahara garauड़a,"X829+R8G, garaudaa 44500, naepaala",26.9520389,85.3183405,0.0,garaudaa, museum,,Missing description
4271,Gadhimai Temple,"X978+967, Garuda-Samanpur Road, samanapauura 44500, naepaala",26.9633895,85.3656087,4.5,Garuda-Samanpur Road, hindu_temple,,Missing description
4272,Gah Hiti,"M9MM+G6C, Unnamed Road, madhayapaura thaimaii 44600, naepaala",27.6838072,85.3830214,0.0,Unnamed Road, historic_site,,Missing description
4273,khaairaa characha(Khaira church),"358V+CHW, kaolahawaii 44400, naepaala",27.0660852,85.1940082,5.0,kaolahawaii, church,,Missing description
4274,Aurahidi temple (Gujara'7' Rautahat)P,"Aurahidi temple (Gujara'7'Rauthat, naepaala",27.0418136,85.2815144,2.3,naepaala, hindu_temple,,Missing description
4275,mahaulaiyaa paokharaa,"Q6F2+PXX, Unnamed Road, mathaiyaa 44500, naepaala",26.7743723,85.2024816,2.5,Unnamed Road, church,,Missing description
4276,Akolawa,"R65X+FH4, akaolawaa 44500, naepaala",26.8086254,85.2489603,5.0,akaolawaa, museum,,Missing description
4277,iishanaatha,"iishanaatha, naepaala",26.7936875,85.2107511,,naepaala, monument,,Missing description
4278,Churiamai Picnic spot,"Q749+MX9, Unnamed Road, gaaura 44500, naepaala",26.7566678,85.2699844,3.2,Unnamed Road, picnic,,Missing description
4279,mailana taraedasa,"599G+765, chanadarapaura 44515, naepaala",27.168132,85.3756249,0.0,chanadarapaura, museum,,Missing description
4280,Haatti Mahaakaal Temple,"M9JP+2HQ, madhayapaura thaimai 44600, naepaala",27.6800846,85.3864868,4.7,madhayapaura, hindu_temple,,Missing description
4281,kataharaiyaa,"kataharaiyaa 44500, naepaala",26.969409,85.2256635,,naepaala, historic_site,,Missing description
4282,Ratan Khola Waterfall,"FCCW+PG, chayaamaraamga baesaii 45200, naepaala",27.4718597,85.4463316,5.0,chayaamaraamga, hike,,Missing description
4283,maadhawa naaraayana manadaira,"PFH9+6PX, shangakharaapaura 44600, naepaala",27.7280999,85.4693435,4.6,shangakharaapaura, hindu_temple,,Missing description
4284,Madhav Narayan Municipality,"Madhopur, Rautahat (Province-2, naepaala",26.8904194,85.3420982,3.5,Rautahat (Province-2, historic_site,,Missing description
4285,"Bhelahi Bazar, Madhav Narayan-3, Bhelahi, Rautahat Nepal","Bhelahi Market, Madhav Narayan-3, naepaala",26.8869932,85.2879218,4.0,Madhav Narayan-3, historic_site,,Missing description
4286,mausalaima eraiyaa,"W58G+JRF, Pathara Budharampur 44500, naepaala",26.9165534,85.1770568,0.0,Pathara, mosque,,Missing description
4287,Mahadev Mandir Pataura,"W692+M68, Maulapur, pataauraa, naepaala",26.9191579,85.2006015,4.6,Maulapur, hindu_temple,,Missing description
4288,Abdul rahman,"R57R+JHG, jaowahaa 44500, naepaala",26.813043,85.190241,5.0,jaowahaa, park,,Missing description
4289,"Noori Masjid, Paroha 5","nauraii masajaida, paraohaa nagarapaalaikaa 5 paokharaiiyaa Side, haulaakaii raajamaaraga, basanatapatataii 44500, naepaala",26.8417577,85.2466837,3.5,paraohaa nagarapaalaikaa 5 paokharaiiyaa Side, mosque,,Missing description
4290,Bramsthan Temple,"R6JJ+87P, raajapaura pharahadawaa 44500, naepaala",26.8308439,85.2307336,5.0,raajapaura, hindu_temple,,Missing description
4291,paraohaa,"paraohaa, 44500, naepaala",26.8593377,85.2306792,,44500, monument,,Missing description
4292,Paroha Lakeview Picnic Spot,"R7X8+C2, taejaapaakara 44500, naepaala",26.8485893,85.2650116,5.0,taejaapaakara, picnic,,Missing description
4293,Jame Masjid Badharwa,"25JW+GQM, lakashamaiinaiyaa 44500, naepaala",27.031304,85.1969067,5.0,lakashamaiinaiyaa, mosque,,Missing description
4294,Muslim.Kabristan,"25JW+PFQ, Badharwa 44500, naepaala",27.0318395,85.1962451,5.0,Badharwa, museum,,Missing description
4295,PETBHARWA MATH RAUTAHAT NEPAL,"X5WQ+W6, sanatapaura daosataiyaa, naepaala",26.9973125,85.1880625,5.0,sanatapaura daosataiyaa, hindu_temple,,Missing description
4296,Phatuwa,"2654+MHR, phatauwaa harashaahaa 44500, naepaala",27.0092338,85.2064065,5.0,phatauwaa, monument,,Missing description
4297,Bairganiya Bazar ( baairaganaiyaaँ chaauka raautahata naepaala ),"Bairganiya Rautahat, Bairganiya 44500, naepaala",26.9763494,85.2006203,2.7,Bairganiya, trek,,Missing description
4298,Ancient Purenwa (Bilash kunj Durbar),"Purenwa Durbar, gaur-10, Samanpur-Gaur Road Purenwa, gaaura 44500, naepaala",26.77626,85.2823994,4.2,gaur-10, amusement_park,,Missing description
4299,Rajdevi Mandir,"Q898+88P, Mudwalwa-Bagmati-Road, gaaura 44500, naepaala",26.7683399,85.3158373,3.9,Mudwalwa-Bagmati-Road, church,,Missing description
4300,raajadaewaii,"raajadaewaii, naepaala",26.7700516,85.3265449,,naepaala, tourist_attraction,,Missing description
4301,Karbana jama masjid,"Q888+HPX, raajadaewaii 44500, naepaala",26.7664959,85.31686,4.6,raajadaewaii, mosque,,Missing description
4302,Nepal Yetiraj Treks Pvt. Ltd.,"thamaela maaraga, kaathamaadaauँ 44600, naepaala",27.7156426,85.3114206,5.0,kaathamaadaauँ, trek,,Missing description
4303,Masjid-e- Umar ( Damar ),"R6MX+XWW, raajapaura pharahadawaa 44500, naepaala",26.8349794,85.2497878,3.5,raajapaura, mosque,,Missing description
4304,"Chapur Chowk / Chandrapur Chowk, Rautahat, Nepal","4995+6VM, mahaenadara raajamaaraga, chanadarapaura 44515, naepaala",27.1195995,85.3575133,3.7,mahaenadara raajamaaraga, historic_site,,Missing description
4305,"Zirayat Church, Nepal jairaayata manadalaii","3F8R+PQ8, dhaumgaraekhaolaa 45804, naepaala",27.0668029,85.49191,5.0,dhaumgaraekhaolaa, church,,Missing description
4306,"Shivalay Pokhari ""Fun, Gym & Boating Park""","Q76H+JM3, Barahwa Pool Rd, gaaura 44500, naepaala",26.7624651,85.2789507,1.0,Barahwa Pool Rd, tourist_attraction,,Missing description
4307,yamaunaamaaii,"yamaunaamaaii, 44500, naepaala",26.8243192,85.3058216,,44500, tourist_attraction,,Missing description
4308,Jame masjid saruatha 9,"sarauathaa 44500, naepaala",26.8363596,85.2883187,4.7,naepaala, mosque,,Missing description
4309,Yamuna Mai Mandir Jhunkhunwa-5,"R78R+54P, jhaunakhaunawaa 44500, naepaala",26.8154977,85.2903278,4.5,jhaunakhaunawaa, hindu_temple,,Missing description
4310,Anutha Mahato Memorial Trust,"R8Q9+8R6, pacharaukhaii 44500, naepaala",26.8382509,85.3195175,5.0,pacharaukhaii, monument,,Missing description
4311,ganatawaya asaiimaita taraekainga naepaala,"Thamel Rd, kaathamaadaauँ 44600, naepaala",27.7169482,85.3117758,5.0,kaathamaadaauँ, trek,,Missing description
4312,Ramdev takur,"R7V7+97, phatauwaa mahaeshapaura 44500, naepaala",26.8434734,85.2631307,0.0,phatauwaa, hike,,Missing description
4313,raolapaa,"raolapaa, naepaala",28.3815621,82.6483442,,naepaala, tourist_attraction,,Missing description
4314,Rakhuli chawor Rolpa,"Gopal Rana magar, bhaawaanga 22100, naepaala",28.3815621,82.6483442,0.0,bhaawaanga, hindu_temple,,Missing description
4315,"Triveni Temple,Muglin","VH55+HWX, daaraechaoka 44200, naepaala",27.8589916,84.5598592,5.0,daaraechaoka, hindu_temple,,Missing description
4316,taraiwaenaii,"taraiwaenaii, 22100, naepaala",28.3239861,82.5039294,,22100, historic_site,,Missing description
4317,Love Park taraiwaenaii gaauँpaalaikaa raaelapaa,"8CCH+4Q2, Unnamed Road, jauँgaara 22100, naepaala",28.3202725,82.4294031,1.5,Unnamed Road, picnic,,Missing description
4318,Bhumethala public temple sunchhahari-5 kasala rolpa,"9Q5H+PX4, jaaimaakasalaa 22100, naepaala",28.3592614,82.7799677,0.0,jaaimaakasalaa, hindu_temple,,Missing description
4319,"Rolpa Sunchhahari, Jharana","CG94+HR8, taalaabaanga 22100, naepaala",28.4189129,82.5070878,0.0,taalaabaanga, trek,,Missing description
4320,Madi 6 sariga church house nepla,"9GFC+3VH, kaorachaawaanga 22100, naepaala",28.3726733,82.5222324,0.0,kaorachaawaanga, church,,Missing description
4321,Madi nadi Pul,"2783+6WG Parewa Danda, 6 km toward to Vorletar from, Vyas-10, bayaasa, naepaala",28.0155551,84.254835,0.0,6 km toward to Vorletar from, tourist_attraction,,Missing description
4322,"Madi Bridge,Rolpa Road","8HMX+7F, laiwaanga 22100, naepaala",28.333247,82.5987148,4.0,laiwaanga, monument,,Missing description
4323,thaamadaaँdaa,"XQMJ+X8W, waalainga 33801, naepaala",27.9849897,83.7808317,5.0,waalainga, picnic,,Missing description
4324,Madi river bank Obang,"6J2V+C5G, ghaodaagaauँ 22100, naepaala",28.2010746,82.6429424,0.0,ghaodaagaauँ, hike,,Missing description
4325,Rock Garden,"7M88+X7H, laiwaangaga 22100, naepaala",28.2674462,82.6657419,4.0,laiwaangaga, park,,Missing description
4326,Lapal church,"5HWC+JP, jaaulaiipaokharaii 22100, naepaala",28.1965584,82.5718136,5.0,jaaulaiipaokharaii, church,,Missing description
4327,Rolpa View,"5HCG+8RH, Sworgadwari Road, masainaa 22100, naepaala",28.1708147,82.5770992,0.0,Sworgadwari Road, tourist_attraction,,Missing description
4328,"Uma, Dhoreni Rolpa","5JF7+WPW, jaaulaiipaokharaii 22100, naepaala",28.1748629,82.6143373,5.0,jaaulaiipaokharaii, tourist_attraction,,Missing description
4329,Rijal home,"4MJ5+GV, sawaragadawaaraiikhaala 22300, naepaala",28.131296,82.6595899,5.0,sawaragadawaaraiikhaala, museum,,Missing description
4330,Runtigadhi Rural Municipality,"5GR4+72G, jhaenaama 22100, naepaala",28.1906915,82.5050644,4.5,jhaenaama, monument,,Missing description
4331,Runti Gadhi raunataiigadhaii,"5GC4+G4, daubaiidaamdaa 22100, naepaala",28.1712577,82.5053156,0.0,daubaiidaamdaa, historic_site,,Missing description
4332,top,"5C2M+MPF, 22100, naepaala",28.1516947,82.4342859,0.0,22100, trek,,Missing description
4333,Rapti Peace Park Picnic Ground,"48W9+WQ, taulasaiipaura 22412, naepaala",28.1472976,82.3194113,5.0,taulasaiipaura, picnic,,Missing description
4334,saraikaota,"6RQ3+6G, sairapaa 22100, naepaala",28.2380578,82.8038686,3.0,sairapaa, park,,Missing description
4335,G.Creek CHURCH KASALA ROLPA,"8Q86+7CX, jaaimaakasalaa 22100, naepaala",28.3157431,82.7611274,4.0,jaaimaakasalaa, church,,Missing description
4336,Fulwari Masjid فُلواری مسجد,"3J5G+GMR, Eklaini, naepaalaganyaja, naepaala",28.0588608,81.6265427,4.8,Eklaini, mosque,,Missing description
4337,laungagaraii ०३ gaothaechaaura raolapaa,"6RG9+RRH, sairapaa 22100, naepaala",28.2270743,82.8196152,3.8,sairapaa, monument,,Missing description
4338,Lungri Rural Municipality,"wadaachaaura 22100, naepaala",28.2632611,82.7709261,4.2,naepaala, trek,,Missing description
4339,naaudhaaraiikhaorayaa Naudhari Khorya,"GFH4+QF6, khaaraa 22000, naepaala",28.5294105,82.456144,1.0,khaaraa, park,,Missing description
4340,Kharsubot Rolpa,"FFXR+CW, iraiwaanga 22100, naepaala",28.4986311,82.4912913,0.0,iraiwaanga, amusement_park,,Missing description
4341,ekataa parashamsaa manadalaii,"Gangadev 2, naepaala",28.4394078,82.4232718,0.0,naepaala, church,,Missing description
4342,SHIVA CAVE shaiwa gauphaa,"daamaachaaura 22100, naepaala",28.3825804,82.3563866,5.0,naepaala, museum,,Missing description
4343,pairataa thaana,"F9PP+G62, baaphaukhaolaa, naepaala",28.4862645,82.3855301,5.0,baaphaukhaolaa, hindu_temple,,Missing description
4344,shahaiida maemaoraiyala yauwaa kalaba(Shahid Memorial Youth club),"GF9M+PM3, paachhaawaanga 22100, naepaala",28.5192779,82.4841696,5.0,paachhaawaanga, monument,,Missing description
4345,gamgaadaewa gaauँpaalaikaa raolapaa,"CCMF+7QC, jainaabaanga 22100, naepaala",28.4331556,82.4243624,4.0,jainaabaanga, historic_site,,Missing description
4346,daalaii khaoraiyaa kashaetara,"G92V+FJ2, baaphaukhaolaa, naepaala",28.5011292,82.394,5.0,baaphaukhaolaa, hike,,Missing description
4347,Sunchhahari Rural Municipality,"Pobang-5, naepaala",28.3612134,82.7948258,4.2,naepaala, park,,Missing description
4348,Sunchhahari Natural Waterfall,"8QWX+XR7, saiuraii 22100, naepaala",28.3474155,82.7995495,4.8,saiuraii, tourist_attraction,,Missing description
4349,Thabang Ground,"GP24+QPH, Unnamed Road, thawaanga 22100, naepaala",28.5019465,82.7068527,3.5,Unnamed Road, park,,Missing description
4350,thawaanga,"thawaanga, naepaala",28.4901718,82.723924,,naepaala, tourist_attraction,,Missing description
4351,Gothmare. khumel rolpa,"7MJJ+HP2, laiwaangaga 22100, naepaala",28.2813664,82.6817565,5.0,laiwaangaga, tourist_attraction,,Missing description
4352,Thabang rolpa,"FPRF+3H7, thawaanga 22100, naepaala",28.4901718,82.723924,5.0,thawaanga, mosque,,Missing description
4353,Election Agrovet Thabang Rolpa,"R.M 2, thawaanga 22106, naepaala",28.4987987,82.7104765,5.0,thawaanga, aquarium,,Missing description
4354,Devi Than,"GM8J+WP, thawaanga 22000, naepaala",28.5172855,82.6817811,1.0,thawaanga, hindu_temple,,Missing description
4355,Purna Roka Memorial Statue,"FPX5+W8W, thawaanga 22100, naepaala",28.5000309,82.708226,0.0,thawaanga, monument,,Missing description
4356,"Goalchar, gaolachara","GM2Q+X8X, thawaanga 22100, naepaala",28.5024783,82.68837,0.0,thawaanga, trek,,Missing description
4357,saunaila samaृtai gaauँpaalaikaa,"6PWH+JXR, maijhaiinga 22100, naepaala",28.2466281,82.729893,3.8,maijhaiinga, park,,Missing description
4358,R. South Aquarium House,"J9VF+4Q7, F072, mahaalakashamaii 44700, naepaala",27.6427866,85.3744124,3.3,F072, aquarium,,Missing description
4359,Sunil kumar,"Hulaki Rd, 32800, naepaala",27.5296709,83.1318334,5.0,32800, hindu_temple,,Missing description
4360,"Kamal Pokhari, Rukum East","JJ6F+XGR, raukaumakaota 22000, naepaala",28.6124842,82.623778,4.5,raukaumakaota, park,,Missing description
4361,Masjid-e-Umar (Shamsi-01),"RP4M+5VR, Bela - Samsi Rd, shamasaii 45700, naepaala",26.805489,85.7346486,4.4,Bela - Samsi Rd, mosque,,Missing description
4362,"baraaha manadaira , Barah Temple","QHF5+279, sayaalaakhadaii 22000, naepaala",28.7730055,82.5591375,5.0,sayaalaakhadaii, hindu_temple,,Missing description
4363,"Sisne Word no.7,Rukum East Umesh Budha","JHQ3+7QR, raukaumakaota 22000, naepaala",28.638232,82.5544024,0.0,raukaumakaota, historic_site,,Missing description
4364,Sisne Himal,"Sisne Himal, sayaalaakhadaii 22000, naepaala",28.8276006,82.6166868,3.9,sayaalaakhadaii, hike,,Missing description
4365,Hydro Waterfall,"HP49+23, kaaँkaraii 22000, naepaala",28.555098,82.717645,5.0,kaaँkaraii, amusement_park,,Missing description
4366,Ananta A.G.F.N bhume 3 sima rukum East,"HMC8+48, mahata 22000, naepaala",28.5704856,82.66583,5.0,mahata, church,,Missing description
4367,"Maring hill, Bhume, Rukum East","GPJH+GR2, mahata 22000, naepaala",28.5310925,82.7294577,0.0,mahata, tourist_attraction,,Missing description
4368,kaakaraii gaauँ,"HP5P+8MQ, kaaँkaraii 22000, naepaala",28.5583468,82.7367372,5.0,kaaँkaraii, museum,,Missing description
4369,"Mahat Gau Rukum East, pokhardanda","HM59+J27, mahata 22000, naepaala",28.5590126,82.6675383,4.2,mahata, monument,,Missing description
4370,ANUGRAH A.G.F.N. CHURCH MARIPAKHA RUKUMKOT RUKUM EAST,"JJ9F+4C3, raukaumakaota 22000, naepaala",28.617622,82.622573,5.0,raukaumakaota, church,,Missing description
4371,"pauthaa utataragamgaa gaaupaalaikaa takasaeraa,paurabaii raukauma","HRM9+FWJ, takasaeraa 22000, naepaala",28.5837053,82.8197768,5.0,takasaeraa, mosque,,Missing description
4372,Ziyaulkingnp,"VVFR+PP3, naraainaapaura 21900, naepaala",27.8751906,81.891732,5.0,naraainaapaura, mosque,,Missing description
4373,saidadha masataa (siddha masta),"MVGH+92X, ranamaamaaikaota 22000, naepaala",28.675983,82.8776114,5.0,ranamaamaaikaota, hindu_temple,,Missing description
4374,pauthaa utataragamgaa,"pauthaa utataragamgaa, naepaala",28.5843557,82.822319,,naepaala, picnic,,Missing description
4375,Rup patan,"RR76+2VJ, ranamaamaaikaota 22000, naepaala",28.8125893,82.8121502,4.5,ranamaamaaikaota, hike,,Missing description
4376,"Dahabang, Musikot Rukum west","HFV3+7R, bhalaakachaa 22000, naepaala",28.593133,82.454557,5.0,bhalaakachaa, tourist_attraction,,Missing description
4377,"Bajagaun,Musikot Rukum West","HFV3+F4, bhalaakachaa 22000, naepaala",28.5936342,82.4528261,4.0,bhalaakachaa, tourist_attraction,,Missing description
4378,mausaiikaota,"mausaiikaota 22000, naepaala",28.5968757,82.5510469,,naepaala, mosque,,Missing description
4379,Musikot Khalanga Bazar,"JFH4+G4J, Munisipality, Musikot Khalanga, naepaala",28.6288214,82.4553098,4.1,Munisipality, mosque,,Missing description
4380,"Musikot Khalanga Multiple Campus, West Rukum","JFH3+96X, District Police Office Rd, mausaiikaota 22000, naepaala",28.6284245,82.4530623,4.5,District Police Office Rd, art_gallery,,Missing description
4381,Musikot Municipality 08 Kwamma Rukum West,"HGHR+54, mausaiikaota 22000, naepaala",28.5779644,82.5402916,3.0,mausaiikaota, trek,,Missing description
4382,Rukum,"HHW2+M9X, mausaiikaota 22000, naepaala",28.5967294,82.5509966,3.8,mausaiikaota, trek,,Missing description
4383,Musikot Khalanga,"Musikot Khalanga 22000, naepaala",28.63,82.49,,naepaala, trek,,Missing description
4384,Chaurjahari Church,"J5PR+R9G, baijayashawaraii 22000, naepaala",28.6370969,82.1909756,4.3,baijayashawaraii, church,,Missing description
4385,chaaurajahaaraii,"chaaurajahaaraii, naepaala",28.6394542,82.2015034,,naepaala, tourist_attraction,,Missing description
4386,"chaaurajahaaraii waimaanasathala, raukauma pashachaima","J5GV+MCW, baijayashawaraii 22000, naepaala",28.6267467,82.1935638,4.0,baijayashawaraii, mosque,,Missing description
4387,Timile,"J8CC+CCV, aramaa 22000, naepaala",28.6210626,82.3210642,0.0,aramaa, trek,,Missing description
4388,Chaurjahari Municipality Office,"M635+CXX, kaotajahaaraii 22000, naepaala",28.6536247,82.2100206,3.4,kaotajahaaraii, picnic,,Missing description
4389,Chaurjahari Hospital,"J5PR+P2R, baijayashawaraii 22000, naepaala",28.6368739,82.1900031,4.2,baijayashawaraii, picnic,,Missing description
4390,naetara olai samaृtai chaoka,"Q9Q2+4RX, aathabaisakaota 22000, naepaala",28.7878739,82.3521028,4.0,aathabaisakaota, park,,Missing description
4391,aathabaisakaota,"aathabaisakaota 22000, naepaala",28.7959111,82.3777335,,naepaala, tourist_attraction,,Missing description
4392,Aathbiskot Municipality Rukum,"Q9P2+JPM, aathabaisakaota 22000, naepaala",28.7865718,82.3518813,3.9,aathabaisakaota, mosque,,Missing description
4393,Aathbiskot Municipality Rukum West,"Q9WG+CR8, aathabaisakaota 22000, naepaala",28.7960256,82.3770862,3.2,aathabaisakaota, art_gallery,,Missing description
4394,aathawaisakaota nagarapaalaikaa raukauma pashachaima,"Q9Q2+5RQ Municipality, aathabaisakaota 22000, naepaala",28.7879695,82.3521217,4.8,aathabaisakaota, monument,,Missing description
4395,baanaphaiikaota,"baanaphaiikaota 22000, naepaala",28.7092683,82.4861053,,naepaala, park,,Missing description
4396,pani khola muhan,"P97G+6F, daulaii 22000, naepaala",28.7130305,82.3762044,0.0,daulaii, amusement_park,,Missing description
4397,sayaarapau taala,"MFVP+7F, baanaphaiikaota 22000, naepaala",28.6931875,82.4861875,4.2,baanaphaiikaota, museum,,Missing description
4398,Nirbanshi Baraha Kul Deuta,"MFWF+585, baanaphaiikaota 22000, naepaala",28.6953883,82.473349,0.0,baanaphaiikaota, hindu_temple,,Missing description
4399,baaँphaikaota,"baaँphaikaota, 22000, naepaala",28.6899533,82.4812402,,22000, historic_site,,Missing description
4400,Syarpu Taal View Tower,"MFRQ+P25, baanaphaiikaota 22000, naepaala",28.6917685,82.4875996,0.0,baanaphaiikaota, trek,,Missing description
4401,Kumal Gau,"JCR4+F4H, chhaiwaada 22000, naepaala",28.6411968,82.4053644,0.0,chhaiwaada, museum,,Missing description
4402,Tirtha memorial park (tairatha samaृtai paaraka),"JG6P+JWR, mausaiikaota 22000, naepaala",28.611616,82.5372764,0.0,mausaiikaota, monument,,Missing description
4403,Takura Triveni 3 Rukum west karnali Nepali,"HC45+VH, khaaraa 22000, naepaala",28.557205,82.408973,0.0,khaaraa, historic_site,,Missing description
4404,daaँgaii maaeda,"J9WP+9M8, saimalaii 22000, naepaala",28.6463723,82.3864501,4.0,saimalaii, park,,Missing description
4405,Rukum sanibheri3 pedi,"3 pedi, garayalaa 22000, naepaala",28.6608486,82.3526288,1.0,garayalaa, tourist_attraction,,Missing description
4406,Sani Bheri,"Sani Bheri, khalangagaa 22000, naepaala",28.6921687,82.2783222,4.3,khalangagaa, aquarium,,Missing description
4407,Santu Art Gallery,"P8FM+C3G, Namuna Galli, kaathamaadaauँ 44600, naepaala",27.7235646,85.3327015,0.0,Namuna Galli, art_gallery,,Missing description
4408,saanaii bhaeraii,"saanaii bhaeraii, 22000, naepaala",28.6702807,82.3253124,,22000, historic_site,,Missing description
4409,Sanibheri 6 Furkya Dada phaurakayaa daadaa,"P926+6JP Furkya Dada, daulaii 22000, naepaala",28.7005926,82.3615877,1.0,daulaii, trek,,Missing description
4410,Butwal Revival Church (bautawala jaagaृtai manadalaii),"bautawala 32902, naepaala",27.6993971,83.4599887,5.0,naepaala, church,,Missing description
4411,Buddha Gumba,"MCVF+MRG, bautawala 32907, naepaala",27.6941886,83.4245809,3.4,bautawala, museum,,Missing description
4412,Latihs Art & Decoration Gallery,"MFH6+228, bautawala 32907, naepaala",27.6775543,83.4600681,5.0,bautawala, art_gallery,,Missing description
4413,"sharaii saidadhabaabaa dhaama, bautawala","PF98+PJM, H10, bautawala 32907, naepaala",27.7211286,83.4692947,4.5,H10, hindu_temple,,Missing description
4414,Jitgadi Fort - National Heritage,"jaita gadhaii, bautawala 32907, naepaala",27.7032951,83.4594055,4.1,bautawala, monument,,Missing description
4415,tailaotatamaa paaraka,"JCVX+6WR, tailaotatamaa 32907, naepaala",27.643105,83.4497653,4.3,tailaotatamaa, park,,Missing description
4416,Masiha Calvary church,"HFPW+854, tailaotatamaa 32900, naepaala",27.5857716,83.4954409,0.0,tailaotatamaa, church,,Missing description
4417,Kotihawa Mosque,"HF7C+R9G, tailaotatamaa 32900, naepaala",27.564563,83.4709534,5.0,tailaotatamaa, mosque,,Missing description
4418,Youtube,"MCPJ+JWJ, bautawala 32907, naepaala",27.6865838,83.4322634,5.0,bautawala, museum,,Missing description
4419,Shoreee Shanti Durga Mandir,"no. tilottama 7, naepaala",27.6409763,83.4584102,4.5,naepaala, hindu_temple,,Missing description
4420,saubaedaikao sapalaayarasa,"JG2W+7R3, tailaotatamaa 32900, naepaala",27.6006419,83.5470343,4.5,tailaotatamaa, monument,,Missing description
4421,Tilottama Municipality Ward No. 16 Office,"Madhawaliya, Tilottama 32900https://www.google.com/local/place/rap/edit/category?sa=X&ved=2ahUKEwjGu4Wpoun4AhXFjXAKHb0bAfoQ-M8EegQIABAA, naepaala",27.5697021,83.4857721,2.0,Tilottama 32900https://www.google.com/local/place/rap/edit/category?sa=X&ved=2ahUKEwjGu4Wpoun4AhXFjXAKHb0bAfoQ-M8EegQIABAA, historic_site,,Missing description
4422,tailaotatamaa,"tailaotatamaa, naepaala",27.6192717,83.4750488,,naepaala, historic_site,,Missing description
4423,Tilottama Agro Industries,"JF5P+GMJ, Unnamed Road, tailaotatamaa 32903, naepaala",27.608826,83.486653,3.3,Unnamed Road, historic_site,,Missing description
4424,Sushpura Tilottama 13,"tailaotatamaa 32900, naepaala",27.5951346,83.4258956,5.0,naepaala, historic_site,,Missing description
4425,Fishing spot,"JCRW+J5, tailaotatamaa 32907, naepaala",27.641588,83.44539,0.0,tailaotatamaa, hike,,Missing description
4426,Darkhaswa Park,"Darkhaswa, Siddharthanagar-3, saidadhaarathanagara, naepaala",27.4928789,83.4642191,3.6,Siddharthanagar-3, park,,Missing description
4427,Victory AG Church,"FFR5+WXG, saidadhaarathanagara 32900, naepaala",27.4923176,83.4599524,4.8,saidadhaarathanagara, church,,Missing description
4428,Lumbini gate siddharthanagar bhairahawa rupandehi,"GF92+89W, GF92+48R, Lumbini Road, saidadhaarathanagara 32900, naepaala",27.5181282,83.450857,4.8,GF92+48R, tourist_attraction,,Missing description
4429,saidadhaarathanagara parayatakaiiya gaeta Siddharthanagar Tourism Gate,"FFP6+8CR, saidadhaaratha raajamaaraga, saidadhaarathanagara 32900, naepaala",27.4858628,83.4610306,4.3,saidadhaaratha raajamaaraga, tourist_attraction,,Missing description
4430,Siddharthanagar,"GC4Q+J33, saidadhaarathanagara 32900, naepaala",27.5065119,83.4376749,4.9,saidadhaarathanagara, trek,,Missing description
4431,World Friends park,"F7MG+79, laumabainaii saaँsakaृtaika 32900, naepaala",27.4831954,83.2759126,5.0,laumabainaii, park,,Missing description
4432,Ark Church,"F8G6+HH4, laumabainaii saaँsakaृtaika 32900, naepaala",27.4763908,83.3114995,5.0,laumabainaii, church,,Missing description
4433,Birthplace of Gautama Buddha,"F79G+MP5, laumabainaii saaँsakaृtaika 32900, naepaala",27.4693726,83.2757839,4.7,laumabainaii, tourist_attraction,,Missing description
4434,Lumbini Sanskritik Ahle Hadis Mosque,"F7R2+G83, laumabainaii saaँsakaृtaika 32900, naepaala",27.4912713,83.2507916,5.0,laumabainaii, mosque,,Missing description
4435,Buddha art studio,"kanchan-1, bautawala 32912, naepaala",27.6521556,83.2986086,0.0,bautawala, art_gallery,,Missing description
4436,Lumbini sanskrit,"F7RM+6P, laumabainaii saaँsakaृtaika 32900, naepaala",27.4905941,83.2843609,4.5,laumabainaii, historic_site,,Missing description
4437,"Khungai,Nepal","F724+2XG, laumabainaii saaँsakaृtaika 32900, naepaala",27.4503454,83.2569954,3.9,laumabainaii, historic_site,,Missing description
4438,laumabainaii saaँsakaृtaika,"laumabainaii saaँsakaृtaika 32900, naepaala",27.5044499,83.2720082,,naepaala, historic_site,,Missing description
4439,Lumbini Selfie Point,"F7FG+QJQ, laumabainaii saaँsakaृtaika 32900, naepaala",27.4734663,83.2755954,4.5,laumabainaii, historic_site,,Missing description
4440,laumabainaii baikaasha kaosha,"laumabainaii baikaasha kaosha, laumabainaii saaँsakaृtaika 32900, naepaala",27.4871771,83.277359,,laumabainaii, historic_site,,Missing description
4441,laumabainaii saamsakaृtaika,"laumabainaii saamsakaृtaika, 32900, naepaala",27.450345,83.2570122,,32900, historic_site,,Missing description
4442,Lumbini Sanskritik Development Area,"Lumbini Sanskritik Development Area, laumabainaii saaँsakaृtaika 32900, naepaala",27.4833085,83.2756753,,laumabainaii, historic_site,,Missing description
4443,Lumbini sanskritik,"G73C+QRC, laumabainaii saaँsakaृtaika 32900, naepaala",27.5044499,83.2720082,5.0,laumabainaii, historic_site,,Missing description
4444,Lumbini Crane Sanctuary,"Lumbini Sacred Garden, laumabainaii saaँsakaृtaika 32900, naepaala",27.4996695,83.2787742,4.4,laumabainaii, hike,,Missing description
4445,Bethany baptis church,"M853+CQ9, saainaamaainaa 32900, naepaala",27.6585482,83.3044975,5.0,saainaamaainaa, church,,Missing description
4446,Barambaba Tempal Sainamaina Sanoj Chaudhary,"Sainamaina - 5, Rupandehi 5 number state, saainaamaainaa 32908, naepaala",27.6934196,83.3148018,0.0,Rupandehi 5 number state, mosque,,Missing description
4447,chhaotakaa shaira Chhottkaa Sheer,"Chethari Sainamaina-1, saainaamaainaa, naepaala",27.6848615,83.3628616,4.5,saainaamaainaa, museum,,Missing description
4448,Malmala Devi Temple,"P867+39F, pauurawa pashachaima raajamaaraga, saainaamaainaa 32900, naepaala",27.7101885,83.3134139,4.3,pauurawa pashachaima raajamaaraga, hindu_temple,,Missing description
4449,Shoreee Sainamaina Memorial School,"saainaamaainaa 32900, naepaala",27.6842317,83.373847,4.6,naepaala, monument,,Missing description
4450,Sainamaina,"M8PR+XH9, saainaamaainaa 32900, naepaala",27.6874093,83.3414738,4.8,saainaamaainaa, historic_site,,Missing description
4451,Sainamaina Hill Park,"M9X4+GF, saainaamaainaa 32900, naepaala",27.6988642,83.3561615,3.6,saainaamaainaa, trek,,Missing description
4452,Devdaha Farmers Park,"JHVR+VV5, daewadaha nagarapaalaikaa 32900, naepaala",27.6446275,83.5922369,4.0,daewadaha, park,,Missing description
4453,Eternal life church (ananata jaiiwana manadalaii),"Devdaha-1, naepaala",27.5854654,83.5723381,5.0,daaraechaoka, church,,Missing description
4454,"karaanataipatha-१, shaanataitaola","Devdaha 11, 32900, naepaala",27.561877,83.5755941,5.0,32900, tourist_attraction,,Missing description
4455,Rajaye mustafa mosque,"PF35+QXM, bautawala 32907, naepaala",27.7044507,83.459942,5.0,bautawala, mosque,,Missing description
4456,DEVKOTA RESORT,"JHR9+6V5, daewadaha nagarapaalaikaa 32900, naepaala",27.6405101,83.5697312,1.0,daewadaha, museum,,Missing description
4457,Lucknow Mutiny Memorial Park,"MF7W+8CC, mahaenadara raajamaaraga, bautawala 32907, naepaala",27.663307,83.496003,4.7,mahaenadara raajamaaraga, monument,,Missing description
4458,charangagae chaauka parataikashaalaya,"Charange, Devdaha-10, 32900, naepaala",27.6726427,83.4926336,3.2,Devdaha-10, historic_site,,Missing description
4459,Keuli Picnic Spot,"MHG5+XRP, Unnamed Road, daewadaha nagarapaalaikaa 32900, naepaala",27.6774677,83.5595783,4.0,Unnamed Road, picnic,,Missing description
4460,Rupandehi View Area,"PGGM+F7, daobhaana 32500, naepaala",27.7262386,83.5332068,0.0,daobhaana, hike,,Missing description
4461,Mayadevi Park,"32900, naepaala",27.5003273,83.3816873,4.0,naepaala, park,,Missing description
4462,Seyon Church Chhapiya,"H965+7V7, chhapaiyaa raoda, kamaharaiyaa 32900, naepaala",27.5606588,83.3596663,4.0,chhapaiyaa raoda, church,,Missing description
4463,MASJID SHUKRAULI MayaDevi (3) (Islam nagar) Dict. Rupendehi Lumbini Province (5) NEPAL,"G9JJ+V9C, kamaharaiyaa 32900, naepaala",27.5322053,83.3808456,5.0,kamaharaiyaa, mosque,,Missing description
4464,Rohini River site Park,"JG4X+WRW, daewadaha nagarapaalaikaa 32900, naepaala",27.6073691,83.5495713,4.0,daewadaha, park,,Missing description
4465,Nepal Remnants Church,"JHVW+M2C, Khaireni-Gothadi Road, daewadaha nagarapaalaikaa 32900, naepaala",27.6440153,83.5955759,5.0,Khaireni-Gothadi Road, church,,Missing description
4466,raohainaii,"raohainaii, naepaala",27.5120138,83.5389595,,naepaala, church,,Missing description
4467,"Rohini River site Dam, Tilottama","HGPW+HG, tailaotatamaa 32900, naepaala",27.5864501,83.5462749,4.5,tailaotatamaa, tourist_attraction,,Missing description
4468,rajaa jaamaa masajaida RAJJA JAMA MASJID,"Rohini rural municipality -3 dhakdhai bajar raohainaii gaauँpaalaikaa-3 dhakadhaii bajaara, saidadhaarathanagara 32902, naepaala",27.5094857,83.5372973,5.0,saidadhaarathanagara, mosque,,Missing description
4469,Maharaja Mani Mukund Sen Palace Ruins,"Mayarani Palace, mahaenadara raajamaaraga, bautawala 32907, naepaala",27.7063586,83.4562209,4.8,mahaenadara raajamaaraga, museum,,Missing description
4470,"samaudaaeka bana upabhaokataa samaitai Community Forest, Rohini Gaupalika, basantapur nepal","GG43+JM8, basanatapaura 32900, naepaala",27.5065326,83.5042126,4.7,basanatapaura, zoo,,Missing description
4471,Art & Arts,"JF4V+872, tailaotatamaa 32903, naepaala",27.6057727,83.4931212,0.0,tailaotatamaa, art_gallery,,Missing description
4472,"Community Forest, Rohini Gaupalika- 2 samaudaaeka bana upabhaokataa samaitai","GG24+GM2, Bagaha 32900, naepaala",27.5012739,83.5066349,5.0,Bagaha, hike,,Missing description
4473,Christ the King church,"siddharatha nagar word number 12 Nautanwa, Araji Sarkar Urf Bairiha, Uttar Pradesh 273164, bhaarata",27.4158818,83.4117662,5.0,Araji Sarkar Urf Bairiha, church,,Missing description
4474,Mahuwari Pokhari,"tailaotatamaa 32903, naepaala",27.6166838,83.5008201,4.2,naepaala, tourist_attraction,,Missing description
4475,Aale hadish masjid banrahwa,"98M8+GCG, 32900, naepaala",27.3837596,83.3160761,0.0,32900, mosque,,Missing description
4476,BUDDHA PASU PALAN FROM,"C8G9+P4, waetakauiyaa 32900, naepaala",27.4268599,83.3177903,2.0,waetakauiyaa, zoo,,Missing description
4477,Marchawari Mai Mandir,"C999+F59, baogaadaii 32900, naepaala",27.4186507,83.36798,4.2,baogaadaii, hindu_temple,,Missing description
4478,baradahawaa,"C8JQ+6F4, 32900, naepaala",27.4305197,83.3386995,3.0,32900, trek,,Missing description
4479,Pancha Batika,"FCQH+XWQ, saidadhaarathanagara 32900, naepaala",27.4899637,83.4298726,4.4,saidadhaarathanagara, picnic,,Missing description
4480,Tinkune ( taraikaoda maaraga),"C8JQ+5XH, 32900, naepaala",27.4304326,83.3399998,2.0,32900, amusement_park,,Missing description
4481,kaotahaiimaaii,"kaotahaiimaaii, naepaala",27.4305197,83.3386995,,naepaala, tourist_attraction,,Missing description
4482,Sahani Arts Bhairahawa,"paraasaii raoda, saidadhaarathanagara 32900, naepaala",27.5056676,83.4593622,3.5,saidadhaarathanagara, art_gallery,,Missing description
4483,Mahadev Temple(mahaadaewa manadaira),"Kotahimai Rural Municipality-2, Bhuwari, 32900, naepaala",27.4599371,83.3316626,5.0,Bhuwari, hindu_temple,,Missing description
4484,raani park raanaii paaraka,"947W+9PM, Unnamed Road, shaaradaa 22200, naepaala",28.3634749,82.1467969,4.5,Unnamed Road, park,,Missing description
4485,Sharada 9 Marke Salyan,"93FR+7PW, shaaradaa 22200, naepaala",28.3732422,82.0918303,1.0,shaaradaa, hindu_temple,,Missing description
4486,Sharada Bridge,"86MH+9R8, chhaayaaँkashaetara 22200, naepaala",28.3334144,82.2295707,4.0,chhaayaaँkashaetara, monument,,Missing description
4487,Naya Jivan Mandali,"G2H7+X9W, jaajarakaota sadaka, rakaama 21700, naepaala",28.5299851,82.0134445,4.0,jaajarakaota sadaka, church,,Missing description
4488,Salli Bazar (salalaiibajaara),"daewasathala 22200, naepaala",28.5096489,82.0292291,3.7,naepaala, zoo,,Missing description
4489,banagaada kaupainadae,"banagaada kaupainadae, naepaala",28.510776,82.0478354,,naepaala, historic_site,,Missing description
4490,Bangad Kupindae 10 Salyan,"G26X+848, ghaajaraii paipala 22200, naepaala",28.510776,82.0478354,0.0,ghaajaraii, hike,,Missing description
4491,Shalom Church,"CRF2+9M6, bhaeraiigamgaa 21700, naepaala",28.4234127,81.8016661,5.0,bhaeraiigamgaa, church,,Missing description
4492,Kalimati Gangamala temple,"73P2+6RP, kaalaiimaataii raamapaura 22200, naepaala",28.2855654,82.0521293,4.4,kaalaiimaataii, tourist_attraction,,Missing description
4493,Tribeni Temple,"JCP3+RJR, F099, ananatalaingagaeshawara, naepaala",27.6371216,85.4040026,3.7,F099, hindu_temple,,Missing description
4494,Tribeni tal,"PQGF+G3J, chaaumaalaa 10900, naepaala",28.7263383,80.7726505,0.0,chaaumaalaa, monument,,Missing description
4495,taraiwaenaii chaoka Hanuman chok,"M2J9+PPH, shanai arajauna 57204, naepaala",26.6805922,88.0190944,5.0,shanai, historic_site,,Missing description
4496,SALLENI BAN,"RP8V+64J, jalapaa 32500, naepaala",27.8155959,83.7427567,0.0,jalapaa, picnic,,Missing description
4497,Lamidanda,"Kapurkot 3, Lamidanda, naepaala",28.2316365,82.3236258,5.0,Lamidanda, park,,Missing description
4498,Aijalon Jyoti Church,"8865+HX4, Simk 22200, naepaala",28.3113865,82.3099582,0.0,Simk, church,,Missing description
4499,kapauurakaota,"kapauurakaota, dhanawaanga 22200, naepaala",28.2301682,82.3519704,,dhanawaanga, tourist_attraction,,Missing description
4500,Chhillikot Temple,"593W+FP2, baijaauraii, naepaala",28.1535969,82.3968224,4.6,baijaauraii, hindu_temple,,Missing description
4501,Sat Tale Waterfall (lower end),"H 11, taulasaiipaura 22412, naepaala",28.2023623,82.3155724,4.4,taulasaiipaura, picnic,,Missing description
4502,chhataraeshawaraii,"chhataraeshawaraii, naepaala",28.3241363,82.2313213,,naepaala, tourist_attraction,,Missing description
4503,panikhola salyan,"chhatreshwori -7, naepaala",28.3241363,82.2313213,0.0,naepaala, historic_site,,Missing description
4504,Kumakh Hill,"F6P3+3HW, maramaparaikaadaa 22200, naepaala",28.4852421,82.2039677,2.3,maramaparaikaadaa, park,,Missing description
4505,"Aasish Church,Kumakh RM-5,Salyan","H5G3+HQV Kumakh RM-5, Tmilkada 22200, naepaala",28.5764805,82.1544209,0.0,Tmilkada, church,,Missing description
4506,Siddha Kumakh Rural Municipality,"C5PM+9PP, saidadhaeshawaraii 22200, naepaala",28.4359493,82.184233,5.0,saidadhaeshawaraii, mosque,,Missing description
4507,Saraswati Temple,"95GG+3F9, shaaradaa 22200, naepaala",28.3751601,82.1762209,5.0,shaaradaa, hindu_temple,,Missing description
4508,Kumakh Rural Municipality (kaumaakha gaaupaalaikaa ),"H694+FFP, maramaparaikaadaa 22200, naepaala",28.5687203,82.2062169,5.0,maramaparaikaadaa, mosque,,Missing description
4509,kaala bhaairaba( manadaira),"Kumakh rural municipality 5, timile 2, kaalaagaauँ 22200, naepaala",28.5736741,82.2322798,0.0,timile, hindu_temple,,Missing description
4510,kumakh gaupalika ragechour salyan,"H693+JM3, maramaparaikaadaa 22200, naepaala",28.5690136,82.2041859,4.0,maramaparaikaadaa, historic_site,,Missing description
4511,"Salyan, salayaana","9FR6+VQ2, 33200, naepaala",28.392149,83.4618758,4.5,33200, tourist_attraction,,Missing description
4512,khaasatai chaaitaya,"kaathamaadaauँ 44600, naepaala",27.7214694,85.362035,4.7,naepaala, monument,,Missing description
4513,daaramaakaota,"daaramaakaota, naepaala",28.5780733,82.318057,,naepaala, trek,,Missing description
4514,Galgatha Church,"CV9R+9V6, saharae 21700, naepaala",28.4184557,81.8921718,5.0,saharae, church,,Missing description
4515,Dalachaur Chautari,"HHXR+7FF, paatalaekhaeta 45200, naepaala",27.5981875,85.5911719,4.0,paatalaekhaeta, tourist_attraction,,Missing description
4516,Kaleshor temple,"H8QV+F7V, Neupanegaun-Salyan Rd, chaapaagaa‌‍‍uँ 44700, naepaala",27.5887276,85.3431735,4.0,Neupanegaun-Salyan Rd, hindu_temple,,Missing description
4517,"raama manadaira, batataisapautalaii","Rudranagar Marg, kaathamaadaauँ 44600, naepaala",27.7068228,85.3407593,4.5,kaathamaadaauँ, monument,,Missing description
4518,baagachaaura,"baagachaaura, naepaala",28.4511244,82.2851075,,naepaala, historic_site,,Missing description
4519,Chainpur Karuwa Park ( Zero point ),"Basantapur - Chainpur - Khandbari, chaainapaura 56900, naepaala",27.2893217,87.3106583,4.0,chaainapaura, park,,Missing description
4520,New life mission church,"Chainpur, 4, batase, naepaala",27.264074,87.2419299,0.0,4, church,,Missing description
4521,saidadhakaalaii manadaira,"883W+R7R, chaainapaura 56900, naepaala",27.3045321,87.3456492,4.5,chaainapaura, mosque,,Missing description
4522,Chainpur Bazar Sankhuwasabha,"78R7+6P7, chaainapaura 56900, naepaala",27.2905491,87.3143028,4.1,chaainapaura, monument,,Missing description
4523,Baneshwor Danda Chainpur,"77HM+5C, chaainapaura 56900, naepaala",27.2778777,87.2835459,3.9,chaainapaura, trek,,Missing description
4524,Pokhari,"Pokhari, khaaँdabaaraii 56900, naepaala",27.3770312,87.2075077,,khaaँdabaaraii, park,,Missing description
4525,"Punarutthan mission church, khandbari","96M6+6PM, khaaँdabaaraii 56900, naepaala",27.3830835,87.2118075,5.0,khaaँdabaaraii, church,,Missing description
4526,Pathakdhara Zero Point Khandbari Zero Point,"96G5+GM5, Unnamed Road, khaaँdabaaraii 56900, naepaala",27.3762646,87.2092269,4.4,Unnamed Road, tourist_attraction,,Missing description
4527,chauchachae dhaungagaa View tower,"Chichila 2, khaaँdabaaraii 56900, naepaala",27.392669,87.2120599,0.0,khaaँdabaaraii, museum,,Missing description
4528,"Khadbari,pokhari Bazzar","96G4+WRH, Jilla Prshasan Pokhari Bazar Rd, khaaँdabaaraii 56900, naepaala",27.3773182,87.2070813,3.9,Jilla Prshasan Pokhari Bazar Rd, art_gallery,,Missing description
4529,saimghaeshawaora shaiwaalaya manadaira(maana bahaadaura ghaimairaedawaaraa sathaapaita) Singhewshwor Shivalaya Mandir,"96WR+M28, Khandbari Pangtha Rd, khaaँdabaaraii 56900, naepaala",27.3966501,87.2400778,5.0,Khandbari Pangtha Rd, hindu_temple,,Missing description
4530,"Chuli Danda, Sankhuwasabha","Khandbari-3, naepaala",27.4141025,87.1825419,4.0,naepaala, historic_site,,Missing description
4531,Sankhuwasabha khandbari,"96V6+3R7, khaaँdabaaraii 56900, naepaala",27.392669,87.2120599,2.7,khaaँdabaaraii, historic_site,,Missing description
4532,Dholbaje,"9684+36C, Dholbaje Rd, khaaँdabaaraii 56900, naepaala",27.3651835,87.205503,3.4,Dholbaje Rd, historic_site,,Missing description
4533,khaaँdawaaraii,"khaaँdawaaraii, naepaala",27.3926574,87.21203,,naepaala, historic_site,,Missing description
4534,khaaँdabaaraii,"khaaँdabaaraii, naepaala",27.392669,87.2120599,,naepaala, historic_site,,Missing description
4535,khaaँdabaaraii nagarapaalaikaa kaarayaalaya,"96H5+H9C, Khandbari Bahrabise Rd, khaaँdabaaraii 56900, naepaala",27.3789294,87.2084026,4.0,Khandbari Bahrabise Rd, historic_site,,Missing description
4536,Makalu Arun Social Trek (MAST),"khaaँdabaaraii 56900, naepaala",27.392669,87.21206,5.0,naepaala, trek,,Missing description
4537,"Victory Church, Nundhaki","7CXV+W2X, chaainapaura 56900, naepaala",27.3002834,87.4415687,5.0,chaainapaura, church,,Missing description
4538,Sweet Home,"7954+X4F, Mawadin Marga, Madi 56900, naepaala",27.2602777,87.3549485,5.0,Mawadin Marga, tourist_attraction,,Missing description
4539,"Madi Municipality Office, Sankhuwasabha","7963+4P4, maadaii 56900, naepaala",27.2596147,87.3532691,5.0,maadaii, mosque,,Missing description
4540,shaiwa manadaira aahaladaaँdaa,"6C6X+WW4, Mulkharka Gramin Sadak, maadaii 56900, naepaala",27.212264,87.4497992,5.0,Mulkharka Gramin Sadak, hindu_temple,,Missing description
4541,ᤛᤣᤘᤠᤖᤥ Gufa Pokhari view point,"7GM4+WP7, gauphaa paokharaii maaraga, Sherjong 56900, naepaala",27.2848207,87.5068005,4.3,gauphaa paokharaii maaraga, trek,,Missing description
4542,paaँchakhapana,"paaँchakhapana, 56900, naepaala",27.3639795,87.3136851,,56900, tourist_attraction,,Missing description
4543,Nagi dada,"985G+3V8, 56900, naepaala",27.3576542,87.3271888,4.5,56900, museum,,Missing description
4544,Sankhuwasabha(ishan rai,"96V6+3R7, khaaँdabaaraii 56900, naepaala",27.3926672,87.2120573,0.0,khaaँdabaaraii, hike,,Missing description
4545,Kholakharka,"R77W+PGG, 56900, naepaala",27.8143167,87.2963326,4.0,56900, park,,Missing description
4546,Tatopani Hatiya,"P8RP+FFQ, 56900, naepaala",27.7412199,87.3362406,4.0,56900, amusement_park,,Missing description
4547,"Punarutthan Mission Church, Obak","J9C7+63X, 56900, naepaala",27.6206224,87.3627248,5.0,56900, church,,Missing description
4548,Bhoti khola,"C8G5+CC6, sabhaapaokharaii 56900, naepaala",27.4260438,87.3085032,5.0,sabhaapaokharaii, tourist_attraction,,Missing description
4549,Shiva Dhara Barun Valley,"56900, naepaala",27.7858284,87.1450588,4.9,naepaala, mosque,,Missing description
4550,Barun Place of Worship,"M9W7+66Q, Sibrung 56900, naepaala",27.6955909,87.3631196,4.0,Sibrung, hindu_temple,,Missing description
4551,Bhushyong khola thulo kheth,"2479+QGH, kaaulae 44900, naepaala",28.0151129,85.1189489,4.0,kaaulae, monument,,Missing description
4552,bhaotakhaolaa,"bhaotakhaolaa, naepaala",27.7701848,87.3619934,,naepaala, historic_site,,Missing description
4553,Simbokpa Peak,"J882+WJX, Thangmuchhi 56900, naepaala",27.617367,87.3016132,5.0,Thangmuchhi, trek,,Missing description
4554,"Rai dada (Historical Place of Kirat) Park, Khandbari-5, Malta, Sankhuwasabha, Nepal","Khadbari 5, Malta 56900, naepaala",27.4230108,87.2033553,4.8,Malta, park,,Missing description
4555,Believer Eastern church,"F67J+52G, Chichila Bazar 56900, naepaala",27.4629482,87.2301584,0.0,Chichila, church,,Missing description
4556,chichila chuchhe dhunga,"F6GX+77V, matasayapaokharaii 56900, naepaala",27.4757381,87.2481621,0.0,matasayapaokharaii, tourist_attraction,,Missing description
4557,chaichailaa,"chaichailaa, 56900, naepaala",27.4757381,87.2481621,,56900, tourist_attraction,,Missing description
4558,Jilaniya Jame masjid,"VH44+42Q, malamgawaa 45800, naepaala",26.855418,85.5551391,4.5,malamgawaa, mosque,,Missing description
4559,shaiwalaya manadaira ᤛᤣᤘᤠᤖᤥ,"F69M+279, matasayapaokharaii 56900, naepaala",27.4675196,87.2332761,3.0,matasayapaokharaii, hindu_temple,,Missing description
4560,Chichila Bazar,"Chichila Bazar 56900, naepaala",27.4641648,87.2288641,,naepaala, monument,,Missing description
4561,sharaii raadhaakaृshana manadaira,"96H5+242, khaaँdabaaraii 56900, naepaala",27.37752,87.2077743,5.0,khaaँdabaaraii, monument,,Missing description
4562,Mohan Bindu Memorial Foundation,"H7G6+7CX, Seduwa 56900, naepaala",27.5757331,87.2611243,5.0,Seduwa, monument,,Missing description
4563,jaiipaii maemaoraiyala asapataala,"96H4+8QJ, Khorande Rd, khaaँdabaaraii 56900, naepaala",27.3783415,87.2068916,4.3,Khorande Rd, monument,,Missing description
4564,kuisang-sherpa-memorial-trust,"Mahadev Gufa Marga, 56900, naepaala",27.3685324,87.3569609,0.0,56900, monument,,Missing description
4565,Chichila ward1,"F6GX+77V, matasayapaokharaii 56900, naepaala",27.4757381,87.2481621,0.0,matasayapaokharaii, trek,,Missing description
4566,shamkhamaula paaraka,"kaathamaadaauँ 44600, naepaala",27.6788847,85.3312506,4.1,naepaala, park,,Missing description
4567,Sankhu Church,"G8CX+2HH, samkhau 44700, naepaala",27.520065,85.3490002,0.0,samkhau, church,,Missing description
4568,makaalau barauna raashataraiya naikaunyaja,"56900, naepaala",27.6603072,87.1023677,4.3,naepaala, tourist_attraction,,Missing description
4569,Nakali Suwal House,"Duwakot taloo, chaaँgaunaaraayana 44800, naepaala",27.6738731,85.4272014,0.0,chaaँgaunaaraayana, art_gallery,,Missing description
4570,"Makalu Barun National Park, HO","H8C5+6GP, paathaibharaa 56900, naepaala",27.5705964,87.3088339,4.7,paathaibharaa, historic_site,,Missing description
4571,Makalu base camp trek,"pakanaajaola maaraga, kaathamaadaauँ 44600, naepaala",27.7127354,85.3086247,3.0,kaathamaadaauँ, trek,,Missing description
4572,sabhaa paokharaii,"sabhaa paokharaii, sabhaapaokharaii 56900, naepaala",27.5040614,87.456372,4.5,sabhaapaokharaii, park,,Missing description
4573,Aane kuwa aanae kauwaa,"C76H+734, Khandbari Bahrabise Rd, dhaupau 56900, naepaala",27.4106381,87.2777064,5.0,Khandbari Bahrabise Rd, amusement_park,,Missing description
4574,Sabha Pokhari,"GF34+MR, sabhaapaokharaii 56900, naepaala",27.5045616,87.4566798,5.0,sabhaapaokharaii, tourist_attraction,,Missing description
4575,sabhaapaokharaii,"sabhaapaokharaii, naepaala",27.4434417,87.4108352,,naepaala, mosque,,Missing description
4576,Sabha Pokhari Temple,"493V+P9, phaulaeka 56800, naepaala",27.1043785,87.3933704,2.0,phaulaeka, hindu_temple,,Missing description
4577,Believers Eastern Church Imchong,"F5GR+GH9, yaaphau 56900, naepaala",27.4763085,87.1914614,5.0,yaaphau, church,,Missing description
4578,sailaiichaonga,"sailaiichaonga, naepaala",27.475794,87.1190664,,naepaala, tourist_attraction,,Missing description
4579,Kuwa Khola Temple,"F57C+WJ4, saitalapaataii 56900, naepaala",27.4647669,87.1715861,5.0,saitalapaataii, hindu_temple,,Missing description
4580,Silichong Rural Municipality,"H2QR+FXH, taamakau 56900, naepaala",27.5886912,87.0424819,4.3,taamakau, historic_site,,Missing description
4581,Silichong peak,"FW6R+8H, daobhaanae 56900, naepaala",27.460833,86.941389,4.9,daobhaanae, trek,,Missing description
4582,Prasamsa Church,"F40, 57500, naepaala",27.1334443,87.4076086,4.0,57500, church,,Missing description
4583,dharamadaewaii,"dharamadaewaii, naepaala",27.19659,87.3506142,,naepaala, tourist_attraction,,Missing description
4584,Urban green park(sahari harit park),"GPHX+H9Q, F04, raajawairaaja 56400, naepaala",26.5289527,86.7484911,3.9,F04, park,,Missing description
4585,Rajbiraj Church,"Church Road, raajawairaaja 56400, naepaala",26.5466736,86.7393669,4.1,raajawairaaja, church,,Missing description
4586,raajawairaaja,"raajawairaaja 56400, naepaala",26.5419464,86.7567219,,naepaala, tourist_attraction,,Missing description
4587,"Jama Masjid, Chanaura","GQW8+WH9, raajawairaaja 56400, naepaala",26.5472874,86.7664318,4.9,raajawairaaja, mosque,,Missing description
4588,Neta Chowk,"sairahaa raoda 6, raajawairaaja 56400, naepaala",26.5375847,86.7483895,4.0,raajawairaaja, museum,,Missing description
4589,Fish Shop,"GPPX+8MQ, F04, raajawairaaja 56400, naepaala",26.5358438,86.7492228,5.0,F04, aquarium,,Missing description
4590,chanadaii bhagawataii manadaira,"GPRW+9RH, nagarapaalaikaa raoda, raajawairaaja 56400, naepaala",26.5409586,86.7470991,4.5,nagarapaalaikaa raoda, hindu_temple,,Missing description
4591,hanaumaana manadaira,"GPVX+8JV, raajabairaaja raoda, raajawairaaja 56400, naepaala",26.5433632,86.7490547,4.2,raajabairaaja raoda, monument,,Missing description
4592,Purni pokhari,"raajawairaaja 56400, naepaala",26.5361339,86.7407764,4.0,naepaala, trek,,Missing description
4593,Pulchowk,"GPVR+RQ7, raajawairaaja 56400, naepaala",26.5445339,86.7419225,4.0,raajawairaaja, picnic,,Missing description
4594,Children Park kanchanrup 5,"JWRQ+5FV, kanyachanaraupa 56400, naepaala",26.6404988,86.9386866,0.0,kanyachanaraupa, park,,Missing description
4595,"Kalyanpur Church,Saptari ( kalayaanapaura characha, sapataraii )","JJVF+V4F, kalayaanapaura 56400, naepaala",26.644718,86.6228075,4.0,kalayaanapaura, church,,Missing description
4596,Kanchanpur Saptary Arch,"JWJ6+RF4, kanyachanaraupa 56400, naepaala",26.6320157,86.9112113,3.5,kanyachanaraupa, tourist_attraction,,Missing description
4597,Bhagbati Mandir kanchanrup,"JWW4+F2Q, kanyachanaraupa 56400, naepaala",26.6462157,86.9050987,5.0,kanyachanaraupa, museum,,Missing description
4598,"Rajaji Maharaj Temple,Kanchanrup,Saptari","MV5X+CM, kanyachanaraupa 56400, naepaala",26.6585508,86.8992152,5.0,kanyachanaraupa, hindu_temple,,Missing description
4599,kanyachanaraupa,"kanyachanaraupa, naepaala",26.6448831,86.8822445,,naepaala, historic_site,,Missing description
4600,Malakar Garden,"kanyachanaraupa 56400, naepaala",26.6077451,86.8990613,5.0,naepaala, picnic,,Missing description
4601,Koshi Joginiya Tappu,"JW77+7WG, kanyachanaraupa 56400, naepaala",26.6131941,86.9148272,3.0,kanyachanaraupa, hike,,Missing description
4602,Swarnpatti,"GH28+PCP, daeuraii, naepaala",26.5014468,86.5662887,5.0,daeuraii, park,,Missing description
4603,daakanaeshawaraii manadaira,"paatao 56400, naepaala",26.5116744,86.6231174,4.2,naepaala, church,,Missing description
4604,daakanaeshawaraii,"daakanaeshawaraii, 56400, naepaala",26.5455396,86.6160316,,56400, tourist_attraction,,Missing description
4605,Janjar Masjid,"HHFW+JHH, baodaewarasaaiiँ 56400, naepaala",26.5740528,86.5963993,3.3,baodaewarasaaiiँ, mosque,,Missing description
4606,daakanaeshawaraii nagarapaalaikaa,"Nagarpalika Road, paatao 56400, naepaala",26.5174731,86.6245674,4.6,paatao, picnic,,Missing description
4607,Vidhyapati Chowk,"Khadak-11, banaaulaii 56400, naepaala",26.5762299,86.6212755,4.0,banaaulaii, park,,Missing description
4608,"Bode-Barsain, Saptari Amraiyan","HHGQ+23J, baodaewarasaaiiँ 56400, naepaala",26.575055,86.5876412,4.1,baodaewarasaaiiँ, church,,Missing description
4609,Silhat-4 saptari,"Bode Barsain municipality-4, silhat, naepaala",26.5703049,86.5829699,5.0,silhat, tourist_attraction,,Missing description
4610,baodaewarasaaiiँ,"baodaewarasaaiiँ 56400, naepaala",26.5703049,86.5829699,,naepaala, historic_site,,Missing description
4611,Satrudhan Chowk Bodebarsain Nagarpalika,"HHGP+5XW, baodaewarasaaiiँ 57400, naepaala",26.5754756,86.5874644,3.9,baodaewarasaaiiँ, historic_site,,Missing description
4612,baodaebarasaaiina,"baodaebarasaaiina, 56400, naepaala",26.575469,86.5874859,,56400, historic_site,,Missing description
4613,Bodebarsain Municipality,"Barsain, baodaewarasaaiiँ 56400, naepaala",26.5738659,86.5808924,3.8,baodaewarasaaiiँ, historic_site,,Missing description
4614,H.N.k.-N.PA-8 Joginiya1 park,"GVHC+6HQ, hanaumaananagara jaogainaiimaaii 56400, naepaala",26.5280831,86.8714815,5.0,hanaumaananagara, park,,Missing description
4615,Jogini mai pokhari,"56400, hanaumaananagara jaogainaiimaaii 56400, naepaala",26.527377,86.871735,5.0,hanaumaananagara, amusement_park,,Missing description
4616,baethaanaii isaaii samgataii raajawairaaja,"GPQQ+JH6, raajawairaaja 56400, naepaala",26.5390389,86.7388842,5.0,raajawairaaja, church,,Missing description
4617,hanaumaananagara,"hanaumaananagara, hanaumaananagara jaogainaiimaaii 56400, naepaala",26.5059385,86.8596744,,hanaumaananagara, tourist_attraction,,Missing description
4618,"Baba Dharmaraj niwas,Hanumannagar Kankalini municipality, Saptari","HV2J+7X, bhaaradaha 56418, naepaala",26.5506875,86.8824375,0.0,bhaaradaha, tourist_attraction,,Missing description
4619,"Kamaldaha(kamala daha )(Saptakoshi-11,Bhagani,Saptari)","MWQP+FHJ, Kamaldaha 854331, naepaala",26.6887094,86.9364,4.1,Kamaldaha, tourist_attraction,,Missing description
4620,Jame Mosque,"GV45+R6F, hanaumaananagara raoda, hanaumaananagara jaogainaiimaaii 56400, naepaala",26.5069865,86.8580552,4.1,hanaumaananagara raoda, mosque,,Missing description
4621,kamkaalainaii manadaira,"HV2R+577, Gafoor Rd, bhaaradaha 56400, naepaala",26.5509707,86.8927504,4.5,Gafoor Rd, hindu_temple,,Missing description
4622,hanaumaananagara kamkaalainaii nagarapaalaikaa kaarayaalaya,"GV35+66G, 56401,, hanaumaananagara jaogainaiimaaii 56401, naepaala",26.5031909,86.8594113,3.3,56401, historic_site,,Missing description
4623,hanaumaananagara jaogainaiimaaii,"hanaumaananagara jaogainaiimaaii 56400, naepaala",26.5157295,86.8660897,,naepaala, historic_site,,Missing description
4624,KHADKA FAMILY,"2RRX+WHG, baradaibaasa 45700, naepaala",27.042848,85.8504007,0.0,baradaibaasa, tourist_attraction,,Missing description
4625,4 Brothers Khet,"MH6M+33, panasaeraa 56400, naepaala",26.6602333,86.5826297,0.0,panasaeraa, museum,,Missing description
4626,raajaajaii baabaa manadaira,"Khadak-11, banaaulaii 56400, naepaala",26.5753933,86.6098364,0.0,banaaulaii, hindu_temple,,Missing description
4627,"Dinesh Memorial School Khadak Municipality-5,Kharchuhiya,Saptari","JHXR+96X, khaojapaura 56400, naepaala",26.6484823,86.5906298,4.3,khaojapaura, monument,,Missing description
4628,Khadak bridge,"JJV8+7V9 E W, mahaenadara raajamaaraga, kalayaanapaura 56400, naepaala",26.6431569,86.6172281,3.8,mahaenadara raajamaaraga, historic_site,,Missing description
4629,Bisanpur Chowk,"JJW6+422, khaojapaura 56400, naepaala",26.6452608,86.6100231,4.0,khaojapaura, trek,,Missing description
4630,KHADAK JHULUNGA PUL,"MJ2G+72, kalayaanapaura 56400, naepaala",26.6507409,86.62508,5.0,kalayaanapaura, picnic,,Missing description
4631,Birdhana gairchachra,"MHXG+8X, kaushaahaa 56400, naepaala",26.6983519,86.5773893,5.0,kaushaahaa, hike,,Missing description
4632,Rupani park,"raayapaura 56400, naepaala",26.6277682,86.7194978,3.8,naepaala, park,,Missing description
4633,Shambhunath Sirakjari saptari nepal,"JM2J+5WP, shamabhaunaatha 56400, naepaala",26.6004669,86.6823837,2.0,shamabhaunaatha, tourist_attraction,,Missing description
4634,shamabhaunaatha manadaira,"JMHP+G8W, shamabhaunaatha 56400, naepaala",26.6288845,86.6857076,4.3,shamabhaunaatha, tourist_attraction,,Missing description
4635,Bairyahi Jama Masjid,"JJVV+879, Unnamed Road, shamabhaunaatha 56400, naepaala",26.6432865,86.6432354,5.0,Unnamed Road, mosque,,Missing description
4636,magara samghagaraalaya tarai.na.paa.४ phaarasaeta,"QMG8+4M, taraiyaugaa 56300, naepaala",26.7752836,86.6667749,0.0,taraiyaugaa, museum,,Missing description
4637,"shaiwa manadaira, tarahai chaauka","HMQ6+HH9, shamabhaunaatha 56400, naepaala",26.58891,86.6614757,5.0,shamabhaunaatha, hindu_temple,,Missing description
4638,Sambhunath Baba Mandir Gate,"JMJP+XQQ, shamabhaunaatha 56400, naepaala",26.6324651,86.6869787,4.7,shamabhaunaatha, monument,,Missing description
4639,bagaha picnic Spot bagaahaa paikanaika sapaaeta,"QMG7+62, taraiyaugaa 56300, naepaala",26.7755414,86.6625702,4.0,taraiyaugaa, picnic,,Missing description
4640,Shambhunatha 1,"MM2R+WGW, shamabhaunaatha 56400, naepaala",26.652365,86.6913222,0.0,shamabhaunaatha, hike,,Missing description
4641,Saharwa,"JH33+77, dhanagadaii 56400, naepaala",26.6032206,86.553173,4.0,dhanagadaii, park,,Missing description
4642,Nawajeevan A.G.Church,"PFHF+3VM, Unnamed Road, lahaana 56500, naepaala",26.7277076,86.4747146,5.0,Unnamed Road, church,,Missing description
4643,"Surunga Municipality-2, Saptari","sagaramaathaa raajamaaraga, haradaiyaa 56400, naepaala",26.7422597,86.5354506,0.0,haradaiyaa, tourist_attraction,,Missing description
4644,Surunga Municipality Hardiya Saptari,"sagaramaathaa raajamaaraga, haradaiyaa 56400, naepaala",26.7386897,86.5354865,0.0,haradaiyaa, tourist_attraction,,Missing description
4645,Jame masjid simraha,"MF3R+CW6, sakhauwaananakarakatataii 56500, naepaala",26.6535449,86.492268,5.0,sakhauwaananakarakatataii, mosque,,Missing description
4646,maa raajadaewai manadaira,"MF2P+98X, sakhauwaananakarakatataii 56500, naepaala",26.6509974,86.4858576,5.0,sakhauwaananakarakatataii, hindu_temple,,Missing description
4647,B.P. Smarak Kadmaha Chowk,"MGWG+35G, madhaupaataii 56400, naepaala",26.6951877,86.5254476,3.9,madhaupaataii, picnic,,Missing description
4648,Nuri jama masjid,"GPQX+9VF, raajawairaaja 56400, naepaala",26.5384257,86.7496813,4.0,raajawairaaja, mosque,,Missing description
4649,Jay Maa Bhagwati Devi Asthan,"GPFP+J6R, baoraiiyaa 56400, naepaala",26.5241147,86.7355209,4.0,baoraiiyaa, monument,,Missing description
4650,baishanaupaura,"baishanaupaura, 56400, naepaala",26.5031628,86.7260334,,56400, historic_site,,Missing description
4651,Basantapur Picnick Place,"F3WX+C2, basanatapaura, naepaala",26.4960129,87.0975213,5.0,basanatapaura, picnic,,Missing description
4652,New Small Jama Masjid,"JPJ7+MFH, Road, shamabhaunaatha 56400, naepaala",26.6316878,86.7137732,4.0,Road, mosque,,Missing description
4653,Saptarishi Temple (shapatarishai manadaira),"J84R+WM6, Unnamed Road, jharauwaaraashaii 44700, naepaala",27.6072927,85.3416768,4.5,Unnamed Road, hindu_temple,,Missing description
4654,Rupani Bazar,"Rupani Bazar, raayapaura 56400, naepaala",26.6286385,86.7158573,,raayapaura, monument,,Missing description
4655,raupanaii chaoka,"raupanaii chaoka, 56400, naepaala",26.6262707,86.7089384,,56400, monument,,Missing description
4656,Sani Mandir,"Shani mandir, 7, raajawairaaja 56400, naepaala",26.5400388,86.7478465,3.5,7, monument,,Missing description
4657,Saptari Nepal Rupani 5 Basbitti M........ya,"HPJP+8RC, Basbitti 5, naepaala",26.5807935,86.7370049,3.0,Basbitti, historic_site,,Missing description
4658,Old kadam ka per,"Phulparas, Bihar 847227, bhaarata",26.4474979,86.4752736,0.0,Bihar, trek,,Missing description
4659,Yadav's mango's garden,"HP3X+VHM, raajawairaaja 56400, naepaala",26.5547137,86.7489183,5.0,raajawairaaja, park,,Missing description
4660,Sadhuholi Simsar Tourism Area,"MPMF+Q6W, Unnamed Road, lakhanapaura, naepaala",26.6844968,87.7230629,4.4,Unnamed Road, tourist_attraction,,Missing description
4661,Rajgadh Saptari,"MWX4+9WF, sapatakaoshaii 56400, naepaala",26.6984307,86.9073101,0.0,sapatakaoshaii, tourist_attraction,,Missing description
4662,bhagawataii manadaira 🇳🇵Bhagwati Temple,"GM59+HG6 Rajgadh, (Andhari, naraghao 3, naepaala",26.5089241,86.6687373,5.0,(Andhari, hindu_temple,,Missing description
4663,Rajgad Fort,"Balekilla Rd, Pune, Maharashtra 412213, bhaarata",18.2466334,73.6822128,4.8,Pune, hike,,Missing description
4664,Duhabi (dauhawaii) Saptari,"DUHABI 56400, naepaala",26.6237841,86.5531257,3.6,naepaala, park,,Missing description
4665,Mahara-Paswan Tole Pokhari,"MV68+PJ, ekarahaiyaa 45700, naepaala",26.6618363,85.8665429,4.0,ekarahaiyaa, tourist_attraction,,Missing description
4666,Dhara Pani Picnic Spot,"MV5C+JC4, kanyachanaraupa 56400, naepaala",26.6596196,86.8704706,5.0,kanyachanaraupa, picnic,,Missing description
4667,Kushyait family,"HVHG+FF7, taraikaaula 56400, naepaala",26.5786537,86.8761683,2.0,taraikaaula, park,,Missing description
4668,Pani tanki,"HWV5+CVC, waairawaa 56400, naepaala",26.5935697,86.909649,0.0,waairawaa, amusement_park,,Missing description
4669,tairahauta,"tairahauta, 56400, naepaala",26.5898592,86.8463531,,56400, tourist_attraction,,Missing description
4670,Dalwa Park,"FRC8+XX4, raamapauraamalahanaiyaa 56400, naepaala",26.4723867,86.817445,3.0,raamapauraamalahanaiyaa, park,,Missing description
4671,tailaathaii kaoiilaadaii,"tailaathaii kaoiilaadaii, 56400, naepaala",26.5141849,86.8170592,,56400, tourist_attraction,,Missing description
4672,Jamma masjid belhi,"FQ5M+PR6, tailaathaii 56400, naepaala",26.4592862,86.7845222,0.0,tailaathaii, mosque,,Missing description
4673,Aquarium & pets home,"GQR4+QMH, Thangachi, raajawairaaja 56400, naepaala",26.5419464,86.7567219,0.0,Thangachi, aquarium,,Missing description
4674,Maa Saroswti Mandir Pathsala Tilathi,"FQC9+M29, tailaathaii 56400, naepaala",26.4716494,86.7675778,4.8,tailaathaii, hindu_temple,,Missing description
4675,Chitransh Tole Tilathi,"FQ88+CMG, tailaathaii 56400, naepaala",26.4660552,86.7667,0.0,tailaathaii, historic_site,,Missing description
4676,tailaathaii,"tailaathaii 56400, naepaala",26.4627883,86.7743145,,naepaala, picnic,,Missing description
4677,kaoilaadaii,"kaoilaadaii 56400, naepaala",26.4841473,86.8069698,,naepaala, picnic,,Missing description
4678,Saptakoshi picnic spot,"P3C4+QMQ, parakaashapaura 56300, naepaala",26.7219725,87.0567276,0.0,parakaashapaura, picnic,,Missing description
4679,"chandani chowk,sitapur, saptary","JQG5+6GF, saitaapaura 56400, naepaala",26.6255604,86.7588102,3.7,saitaapaura, picnic,,Missing description
4680,Malangwa Bus Park,"VH47+H4J, malamgawaa 45800, naepaala",26.8490518,85.552654,3.3,malamgawaa, park,,Missing description
4681,Friends Church Malangwa,"Malangwa 4, naepaala",26.8626548,85.5560635,0.0,naepaala, church,,Missing description
4682,malamgawaa,"malamgawaa, naepaala",26.8626548,85.5560635,,naepaala, tourist_attraction,,Missing description
4683,Musaili Masjidf,"VG4Q+M5R, malamgawaa 45800, naepaala",26.8567321,85.5378823,5.0,malamgawaa, mosque,,Missing description
4684,Raj Narayan sah,"VM36+PHG, sagaraamapaura 45800, naepaala",26.8543243,85.6614569,5.0,sagaraamapaura, museum,,Missing description
4685,Shoreestha.raju.,"RHX5+JCX, malamgawaa 45800, naepaala",26.8493786,85.5593259,0.0,malamgawaa, zoo,,Missing description
4686,Rajdevi Mandir Malangwa,"VH7G+G9F, malamgawaa 45800, naepaala",26.8638043,85.5759135,4.9,malamgawaa, hindu_temple,,Missing description
4687,Malangwa sarlahi,"tabar choka, malamgawaa 45800, naepaala",26.8626548,85.5560635,3.4,malamgawaa, monument,,Missing description
4688,"Peace Park, Lalbandi","2JWR+98C, Unnamed Road, laalabanadaii 45801, naepaala",27.0459327,85.6407579,4.1,Unnamed Road, park,,Missing description
4689,Siswa Church,"2JG6+74J, laalabanadaii 45801, naepaala",27.0257094,85.6102691,4.3,laalabanadaii, church,,Missing description
4690,"Lalbandi,rooom","3J3J+CR6, laalabanadaii 45801, naepaala",27.0535408,85.6320248,2.5,laalabanadaii, tourist_attraction,,Missing description
4691,sakhadaa,"2H9C+9M6, malamgawaa raoda, haraipaura 45800, naepaala",27.0173123,85.5725209,5.0,malamgawaa raoda, mosque,,Missing description
4692,Gairikhola Bridge,"4CCV+GFG, Road, chanadarapaura 44500, naepaala",27.1213042,85.4437061,0.0,Road, museum,,Missing description
4693,Frns Aquarium Lalbandi,"3J3J+M83, laalabanadaii 45801, naepaala",27.0541398,85.6308099,5.0,laalabanadaii, aquarium,,Missing description
4694,Ocean fish Aqua shop,"3J3J+M5X, laalabanadaii 45801, naepaala",27.0542744,85.6304797,0.0,laalabanadaii, aquarium,,Missing description
4695,"Durga mandir (Temple), Lalbandi ,Sarlahi","3J3J+69M Durga mandir, laalabanadaii 45801, naepaala",27.0530257,85.6307145,4.8,laalabanadaii, hindu_temple,,Missing description
4696,Lalbandi sarlahi,"2JMX+9QP, raanaiiganyaja 45801, naepaala",27.0335014,85.6494647,1.0,raanaiiganyaja, monument,,Missing description
4697,laalabanadaii,"laalabanadaii, naepaala",27.0535408,85.6320248,,naepaala, historic_site,,Missing description
4698,Kailashpuri Forest Garden,"Unnamed Road, haraiwana 45804, naepaala",27.1179901,85.5576074,4.5,haraiwana, park,,Missing description
4699,"Eterna Life Church, Hariwan Sarlahi","3HW8+V52, haraiwana 45804, naepaala",27.0970629,85.5654288,4.0,haraiwana, church,,Missing description
4700,haraiwana,"haraiwana, naepaala",27.092248,85.5715015,,naepaala, tourist_attraction,,Missing description
4701,Sarlahi,"3F3G+3W5, shamkarapaura 45800, naepaala",27.0525824,85.4773448,5.0,shamkarapaura, tourist_attraction,,Missing description
4702,"Noori jame Masjid, Hariyon-11","3GMW+V5H, Ghurkauli Rd, haraiwana 45804, naepaala",27.0846521,85.5454602,3.7,Ghurkauli Rd, mosque,,Missing description
4703,Milan Children Club,"3GMC+P5R, dhaumgaraekhaolaa 45804, naepaala",27.0843324,85.520381,4.8,dhaumgaraekhaolaa, museum,,Missing description
4704,HOLY ART,"3H8R+J2P Near Nawalpur Chawk, mahaenadara raajamaaraga, naetaraganyaja 45801, naepaala",27.0665893,85.5900734,0.0,mahaenadara raajamaaraga, art_gallery,,Missing description
4705,"kaailaashapauraii mahaadaewa manadaira, haraiwana -१, saralaahaii","4HJ5+3PQ, haraiwana 45804, naepaala",27.1302127,85.5593472,4.6,haraiwana, monument,,Missing description
4706,Sasapur,"3HPW+VVH, haraiwana 45804, naepaala",27.0871816,85.5972218,5.0,haraiwana, trek,,Missing description
4707,Shoreeenagar pound 🌅,"XPMC+WVP, gaauraiishamkara 45800, naepaala",26.9848401,85.7221901,5.0,gaauraiishamkara, amusement_park,,Missing description
4708,"Mitra Mandali, Bayalwash","2J4R+J9P, iishawarapaura 45801, naepaala",27.0066749,85.6409552,5.0,iishawarapaura, church,,Missing description
4709,Nayatol Sarlahi,"Naya Tole, iishawarapaura 45800, naepaala",26.9535757,85.6558564,3.7,iishawarapaura, tourist_attraction,,Missing description
4710,Ishworpur Municipality Office,"Ward 7, Ishworpur 45801, iishawarapaura, naepaala",26.9997263,85.6397178,3.0,Ishworpur, monument,,Missing description
4711,Shoreeepur sarlahi,"WGR3+CMV, sharaiipaura 45800, naepaala",26.9413143,85.5039106,4.0,sharaiipaura, historic_site,,Missing description
4712,pauraainaiyaa chaauka,"XF67+HJ, barahathawaa 45800, naepaala",26.9613973,85.4641012,4.8,barahathawaa, park,,Missing description
4713,"Nepal Evangelical Friends Church, Barahathawa","2F4C+62H, barahathawaa 45800, naepaala",27.0054702,85.4700776,5.0,barahathawaa, church,,Missing description
4714,Barahathwa GhantaGhar,"barahathawaa 45800, naepaala",27.0007288,85.4647182,5.0,naepaala, tourist_attraction,,Missing description
4715,Barahathawa bazar,"XFX8+R99, barahathawaa 45800, naepaala",26.9995696,85.466003,5.0,barahathawaa, museum,,Missing description
4716,Barahathawa shiv temple,"XFX8+HG9, barahathawaa 45800, naepaala",26.9989107,85.4663531,5.0,barahathawaa, hindu_temple,,Missing description
4717,barahathawaa,"barahathawaa 45800, naepaala",27.0124742,85.4633418,,naepaala, historic_site,,Missing description
4718,"RamBabu Cycle Store Barahathawa, Sarlahi","XFX7+8J7, barahathawaa 45800, naepaala",26.9982951,85.4640523,5.0,barahathawaa, trek,,Missing description
4719,paraoraiyaataola nahara chaauka,"XF6M+6PW, sharaiipaura 45800, naepaala",26.9612828,85.4834973,1.0,sharaiipaura, picnic,,Missing description
4720,Basathi balara,"Q9H5+H92, balaaraa 45800, naepaala",26.7796133,85.3574627,5.0,balaaraa, park,,Missing description
4721,Arnaha masjid,"Q9JJ+2RC, aranaahaa 45800, naepaala",26.7800508,85.3820446,5.0,aranaahaa, mosque,,Missing description
4722,balaraa nagarapaalaikaa,"Q9CF+QR9, balaaraa 45800, naepaala",26.7719162,85.3746046,4.6,balaaraa, museum,,Missing description
4723,shaiwa tathaa sarasawataii manadaira,"M97M+5WV, ananatalaingagaeshawara, naepaala",27.6629779,85.3847767,4.2,ananatalaingagaeshawara, hindu_temple,,Missing description
4724,balaaraa,"balaaraa, naepaala",26.7679488,85.374289,,naepaala, trek,,Missing description
4725,kauramaii taola ( baairaganaiyaaँ gaauँ ),"X692+6GJ, shaitalapaura baairaganaiyaa 44500, naepaala",26.968627,85.202414,1.0,shaitalapaura, hike,,Missing description
4726,pataela chaauka,"VFGC+MJ7, saisaotaiyaa 45800, naepaala",26.8766566,85.4715397,0.0,saisaotaiyaa, park,,Missing description
4727,Godaita sarlahi.godaita.8,"VF78+39V, gaodaetaa 45800, naepaala",26.8627407,85.4659195,0.0,gaodaetaa, church,,Missing description
4728,gaodaetaa,"gaodaetaa 45800, naepaala",26.8627407,85.4659195,,naepaala, tourist_attraction,,Missing description
4729,Shahre madina jama masjid,"VF66+FPM, gaodaetaa 45800, naepaala",26.8612389,85.4618069,5.0,gaodaetaa, mosque,,Missing description
4730,Godaita Municipality Office,"VF79+93M, gaodaetaa 45800, naepaala",26.8634598,85.4676864,0.0,gaodaetaa, monument,,Missing description
4731,Gimdibesi chautari(gaimadaiibaesai chaautaaraii ),"C9FF+QPG, gaimadaii 44700, naepaala",27.4244269,85.3743136,3.0,gaimadaii, hike,,Missing description
4732,Hariyon Park,"Unnamed Road, haraiwana 45804, naepaala",27.095999,85.5389359,4.0,haraiwana, park,,Missing description
4733,"Nayaroad Presbiterian Church, Sarlahi","4G28+22H, haraiwana 45804, naepaala",27.1000512,85.5150955,3.0,haraiwana, church,,Missing description
4734,baagamataii nadaii baaँdha,"4FPM+HHQ, Road, chanadarapaura 44500, naepaala",27.1364634,85.4839955,4.1,Road, tourist_attraction,,Missing description
4735,Narayan Bhajan Mandal,"M9HP+48F, Unnamed Road, madhayapaura thaimai 44600, naepaala",27.6778036,85.3858026,4.0,Unnamed Road, hindu_temple,,Missing description
4736,Bagmati New Bridge Samanpur Bazar Rautahat,"X9GV+P25, samanapauura, naepaala",26.9767749,85.3926143,4.0,samanapauura, monument,,Missing description
4737,Kabilasi chandu,"WHM4+88H, kawailaasaii 45800, naepaala",26.933836,85.555769,0.0,kawailaasaii, park,,Missing description
4738,Koinonia Sarlahi christain church,"2M49+3GJ, Sankhar 33800, naepaala",27.005212,85.6687491,5.0,Sankhar, church,,Missing description
4739,kawailaasaii,"kawailaasaii 45800, naepaala",26.9328522,85.5457689,,naepaala, tourist_attraction,,Missing description
4740,"Harpur,Sarlahi","XH76+3FP, kawailaasaii 45800, naepaala",26.9627141,85.56121,0.0,kawailaasaii, mosque,,Missing description
4741,Bhuili Dai Temple,"WHW7+326, Unnamed Road, kaisanapaura 45800, naepaala",26.945156,85.5625058,5.0,Unnamed Road, hindu_temple,,Missing description
4742,Kabilasi Municipality Office,"kawailaasaii 45800, naepaala",26.9290486,85.555961,3.9,naepaala, monument,,Missing description
4743,srlahi sundarpur,"XH76+3FP, kawailaasaii 45800, naepaala",26.9627141,85.56121,0.0,kawailaasaii, hike,,Missing description
4744,sharaiipaura jaanae baatao,"WGP5+4FG, Birnagara Road, jaamaunaiyaa 45800, naepaala",26.9353247,85.5087064,4.3,Birnagara Road, park,,Missing description
4745,chakaraghatataa,"chakaraghatataa, 45800, naepaala",26.9104528,85.503389,,45800, tourist_attraction,,Missing description
4746,Shoreee Prakatnath Mahadev Dham Shivnagar,"Shivnagar, Chakraghata Ward no 01, 45800, naepaala",26.9286551,85.5051963,2.0,Chakraghata, hindu_temple,,Missing description
4747,Konaniya Virlot church,"Bakaiya-7, naepaala",27.361403,85.2570936,0.0,naepaala, church,,Missing description
4748,BHUMAHI CHURCH bhaumahai characha,"HMHX+J9C, raamanagara, naepaala",27.5790681,83.6984038,4.0,raamanagara, church,,Missing description
4749,Masjid Ramnagar bhutha,"G494+MM2, raamanagara bhautaahaa 56713, naepaala",26.5203733,87.1065163,5.0,raamanagara, mosque,,Missing description
4750,Ramnagar Bahaur,"Ramnagar Bahaur 45800, naepaala",26.841667,85.383333,,naepaala, monument,,Missing description
4751,Bagh-E-Madna pokhariya Bazar Chandranagar sarlahi,"WHHX+QM, maohanapaura 45800, naepaala",26.9294148,85.5991082,0.0,maohanapaura, mosque,,Missing description
4752,hairanayawarana mahaawaihaara,"M8GF+3QG, kawaalakhau maaraga, lalaitapaura 44700, naepaala",27.675192,85.324442,4.7,kawaalakhau maaraga, monument,,Missing description
4753,chanadara nagara,"chanadara nagara 45800, naepaala",26.9233469,85.6177891,,naepaala, historic_site,,Missing description
4754,Rajan niwas( dhunpure home stay),"FM63+XP, saipaalaii chailaaunae 45200, naepaala",27.4624358,85.6542615,5.0,saipaalaii, trek,,Missing description
4755,maelaunga,"CJGX+RJV, baudhaakhaanaii 45200, naepaala",27.4271059,85.6490379,0.0,baudhaakhaanaii, hike,,Missing description
4756,Harkathwa tola,"WC2J+C2W, dhanakaaula pauurawa 45800, naepaala",26.9011165,85.4300655,3.0,dhanakaaula, park,,Missing description
4757,Sisautiya friends church,"VFP6+GV7, saisaotaiyaa 45800, naepaala",26.8863026,85.4621047,0.0,saisaotaiyaa, church,,Missing description
4758,dhanakaaula,"dhanakaaula, naepaala",26.9011165,85.4300655,,naepaala, tourist_attraction,,Missing description
4759,"masajaida,mosque","VC5M+MMF, Ramban Rd, raamawana 45800, naepaala",26.859208,85.4341611,3.0,Ramban Rd, mosque,,Missing description
4760,Dr. Manjarul,"W9G8+467, dharamapaura 44500, naepaala",26.9253456,85.3655814,0.0,dharamapaura, museum,,Missing description
4761,Shoreee Ram Janaki Mandir(raama jaanakaii manadaira),"WC28+R9F, dhanakaaula pauurawa 45800, naepaala",26.9020789,85.4159336,5.0,dhanakaaula, hindu_temple,,Missing description
4762,Dhankaul Rural Municipality,"WC54+MJG, harakathawaa 45800, naepaala",26.9091935,85.4065702,3.7,harakathawaa, historic_site,,Missing description
4763,Panpiyahh park,"VHRR+55J, baabaragamja raoda, barahamapauraii 45800, naepaala",26.8904617,85.5903764,4.5,baabaragamja raoda, park,,Missing description
4764,Brahampuri,"VHXP+HQ3, barahamapauraii 45800, naepaala",26.8988827,85.5869352,5.0,barahamapauraii, church,,Missing description
4765,Brahmapuri 1 Garhi Tol Nuri Jama Masjid,"VHMP+PJ4, baabaragamja raoda, barahamapauraii 45800, naepaala",26.8842354,85.586679,4.5,baabaragamja raoda, mosque,,Missing description
4766,Chaudhary Art,"haetaaudaa 44107, naepaala",27.431361,85.0355634,5.0,naepaala, art_gallery,,Missing description
4767,Rajendra mukheya Ramjanki Temple,"VHRV+7J4, barahamapauraii 45800, naepaala",26.8905925,85.5940578,4.9,barahamapauraii, hindu_temple,,Missing description
4768,Dharmanath Mahadev Temple,"WM56+5QW, dhanakaaula pachhawaaraii 45800, naepaala",26.9079987,85.661968,4.7,dhanakaaula, monument,,Missing description
4769,barahamapauraii,"barahamapauraii 45800, naepaala",26.8988827,85.5869352,,naepaala, historic_site,,Missing description
4770,Parwanipur park,"3PRG+5GQ, parawaanaiipaura 45800, naepaala",27.0904605,85.7263536,4.8,parawaanaiipaura, picnic,,Missing description
4771,Ahmadiyya Muslim Jamaat Nepal,"Babu ram acharya road, sainaamamgala raaeda 9, kaathamaadaauँ 44600, naepaala",27.6950889,85.3541801,4.4,sainaamamgala, mosque,,Missing description
4772,NorthK. Motor,"VFQW+QH4, Sundarpur Chowharba, barahathawaa 45800, naepaala",26.8893808,85.4964757,0.0,Sundarpur Chowharba, monument,,Missing description
4773,"Murtiya, Sarlahi, Nepal","2F2M+HH4, maurataiyaa 45800, naepaala",27.0013541,85.4840816,0.0,maurataiyaa, historic_site,,Missing description
4774,baishanau dawaara,"Q9X4+585, Shivapuri Nagarjun National Park Hiking Trail, baudhaanaiilakanatha 44600, naepaala",27.7978988,85.3558661,4.5,Shivapuri Nagarjun National Park Hiking Trail, trek,,Missing description
4775,waishanaudawaara jharanaa,"Unnamed Road, 44600, naepaala",27.79439,85.3555241,4.5,44600, trek,,Missing description
4776,Devdhari stadium SUNDARPUR chakarghatta 4,"VFHR+VQP, saunadarapaura 45800, naepaala",26.8797126,85.4919553,5.0,saunadarapaura, park,,Missing description
4777,kaaudaenaa,"kaaudaenaa 45800, naepaala",26.8623199,85.5106701,,naepaala, tourist_attraction,,Missing description
4778,Quadri Jame masjid,"VG27+C7J, kaaudaenaa 45800, naepaala",26.8510887,85.5131704,5.0,kaaudaenaa, mosque,,Missing description
4779,Kaudena Maharani Mandir,"VG67+V33, kaaudaenaa 45800, naepaala",26.8621434,85.512696,0.0,kaaudaenaa, hindu_temple,,Missing description
4780,Parsa Christian Church,"Khairahani-8, naepaala",27.6147808,84.5709231,0.0,naepaala, church,,Missing description
4781,parasaa,"parasaa, naepaala",26.8857019,85.6357789,,naepaala, monument,,Missing description
4782,murtiya mandir,"2F2M+HH4, maurataiyaa 45800, naepaala",27.0013532,85.4840812,5.0,maurataiyaa, monument,,Missing description
4783,basabaraiiyaa,"basabaraiiyaa, 45800, naepaala",26.9207283,85.4141508,,45800, tourist_attraction,,Missing description
4784,Kuldeep kumar sahu,"XF2R+MMP kuldeep kumar t, sharaiipaura 45800, naepaala",26.9517039,85.4916903,0.0,sharaiipaura, museum,,Missing description
4785,Mai sthan (brahram Baba )parariya sarlahi nepal.,"WG62+2PG, paidaraiiyaa 45800, naepaala",26.9100872,85.5018364,0.0,paidaraiiyaa, hindu_temple,,Missing description
4786,Sahpur chauk,"WMJ8+PF, dhanakaaula pachhawaaraii 45800, naepaala",26.9317922,85.666201,1.5,dhanakaaula, park,,Missing description
4787,sautakaeraii daha,"3QPM+MFG, kaalainajaora, naepaala",27.0866956,85.7837093,4.0,kaalainajaora, amusement_park,,Missing description
4788,Haripur Prasansa Church,"2H99+MHX, malamgawaa raoda, haraipaura 45800, naepaala",27.0192315,85.5690067,3.0,malamgawaa raoda, church,,Missing description
4789,salaesa paokharaii,"VMVM+VP9, haraipaurawaa 45800, naepaala",26.8952243,85.6848279,3.8,haraipaurawaa, tourist_attraction,,Missing description
4790,haraipaurawaa,"haraipaurawaa, naepaala",26.8899781,85.6794434,,naepaala, historic_site,,Missing description
4791,View point,"F78M+XC, payautaara 44700, naepaala",27.4674598,85.2836097,0.0,payautaara, trek,,Missing description
4792,maokashadawaaraii ukaalao,"FH5W+7XW, maokashadawaaraii, gaowalabaasa 45200, naepaala",27.4582279,85.5974389,4.0,maokashadawaaraii, hike,,Missing description
4793,Sindhuli Bus Park,"kamalaamaaii 45900, naepaala",27.2106053,85.9113686,4.4,naepaala, park,,Missing description
4794,kamalaamaaii manadaira,"Maisthan, Ward No.05, Kamalamai Municipality, Sindhuli District, bai.paii.raajamaaraga, kamalaamaaii 45900, naepaala",27.1661482,85.9002754,4.5,Ward No.05, tourist_attraction,,Missing description
4795,Bhiman's Park,"4X57+93M, kamalaamaaii 45900, naepaala",27.1084648,85.9626739,3.8,kamalaamaaii, picnic,,Missing description
4796,"One Tree Hill, Valley view point, Sindhuli","6WHP+45R, kamalaamaaii 45900, naepaala",27.2278725,85.9353982,5.0,kamalaamaaii, hike,,Missing description
4797,Dudhauli park,"X7FR+G54, daudhaaulaii 45900, naepaala",26.9737621,86.2904627,3.6,daudhaaulaii, park,,Missing description
4798,Church of prayer warriors,"X8W7+3H8, daudhaaulaii 45900, naepaala",26.9952108,86.3139626,5.0,daudhaaulaii, church,,Missing description
4799,Noori jamia masjid phulbariya shariff,"R7V8+XHX, mairachaaiyaa 56500, naepaala",26.8449864,86.2664773,5.0,mairachaaiyaa, mosque,,Missing description
4800,Paryagpur masjid,"R5WW+J55, karajanahaa 10, naepaala",26.8465021,86.1955038,0.0,karajanahaa, mosque,,Missing description
4801,daughadhaeshawara manadaira Dughdheshwor Temple,"X7FR+G68, daudhaaulaii 45900, naepaala",26.973786,86.2905747,5.0,daudhaaulaii, hindu_temple,,Missing description
4802,Koinoniya Baleni Christian Church,"72QW+WV, baasaeshawara 45900, naepaala",27.2898254,86.0471731,0.0,baasaeshawara, church,,Missing description
4803,gaolanajaora gaauँ paalaikaa,"73HC+X7Q, 45900, naepaala",27.2799668,86.0707001,4.3,45900, mosque,,Missing description
4804,sharaii ३ waishanauwaira manadaira (𑐳𑐸𑑄𑐐𑐵𑑅 𑐡𑑂𑐫𑑅),"M9GM+GJ3, madhayapaura thaimai 44600, naepaala",27.6762686,85.3840192,4.8,madhayapaura, hindu_temple,,Missing description
4805,SINDHULI GADHI MAIN GATEWAY,"7XH5+FV3, B.P. Highway, ratanachauraa 45900, naepaala",27.2786354,85.9596608,4.4,B.P. Highway, historic_site,,Missing description
4806,Khurkot Picnic Spot & Children's Park,"8XFX+MQ6, bhaimaeshawara 45900, naepaala",27.3241518,85.9993951,4.3,bhaimaeshawara, picnic,,Missing description
4807,barabaota kaarakaii taola,"9WH2+955, pauraanao jhaaँgaajhaolaii 45900, naepaala",27.3783826,85.9004889,5.0,pauraanao, park,,Missing description
4808,ghayaangalaekha,"ghayaangalaekha, naepaala",27.3809238,85.7711622,,naepaala, hindu_temple,,Missing description
4809,Ambote-Church,"36W7+J8F, 45900, naepaala",27.0965645,86.2132959,5.0,45900, church,,Missing description
4810,taiinapaatana,"taiinapaatana, 45900, naepaala",27.1426612,86.1120947,,45900, tourist_attraction,,Missing description
4811,"Marin Deurali, Sindhuli","7PH4+43V, Marin, Deurali, Sindhuli Marin Deurali, kalapawaृkasha, naepaala",27.2778451,85.7051837,2.8,Marin, tourist_attraction,,Missing description
4812,Adventure Trek and Tour,"M99M+JJX, ananatalaingagaeshawara, naepaala",27.6691141,85.3840868,5.0,ananatalaingagaeshawara, trek,,Missing description
4813,Sunkoshi,"8XQV+7MJ Khurkot suspension bridge, khaurakaota jhaolaungagae paula, bhalauwaajaora 45900, naepaala",27.3380509,85.9950864,3.0,khaurakaota jhaolaungagae paula, tourist_attraction,,Missing description
4814,Sunkoshi Rural Municipality,"CV4X+6XR, pauraanao jhaaँgaajhaolaii 45900, naepaala",27.4056559,85.8997192,4.5,pauraanao, mosque,,Missing description
4815,Sunakothi Aquarium Shop,"Near, lalaitapaura 44700, naepaala",27.6334967,85.3187553,4.4,lalaitapaura, aquarium,,Missing description
4816,Sunkoshi 6 Khalte saunakaoshaii 6 khaalatae,"9X5G+C5C, bai pai raajamaaraga, saitalapaataii 45900, naepaala",27.3585074,85.9754411,4.1,bai pai raajamaaraga, historic_site,,Missing description
4817,Sunkoshi Tamakoshi Confluence,"9X2J+CP2, bai pai raajamaaraga, saitalapaataii 45900, naepaala",27.3510085,85.9817693,4.5,bai pai raajamaaraga, trek,,Missing description
4818,Pabitra Church Jakhauli haraiharapauragadhaii 2sainadhaulaii,"6G87+QFV, haraiharapauragadhaii 45900, naepaala",27.2169714,85.5136696,3.0,haraiharapauragadhaii, church,,Missing description
4819,haraiharapauragadhaii,"haraiharapauragadhaii 45900, naepaala",27.316667,85.4833331,,naepaala, tourist_attraction,,Missing description
4820,Hariharpurgadhi Darbar,"8F7P+GR3, haraiharapauragadhaii 45900, naepaala",27.3137662,85.4870318,4.1,haraiharapauragadhaii, mosque,,Missing description
4821,Hariharpurgadhi Rural Municipality,"raaiigaauँ 45900, naepaala",27.2338319,85.4949812,4.0,naepaala, historic_site,,Missing description
4822,khausaii harai taraeka ra abhaiyaana,"jaorapaataii saunadaraiijala sadaka, kaathamaadaauँ 44600, naepaala",27.7411214,85.3952625,3.4,kaathamaadaauँ, trek,,Missing description
4823,Shoreee bengkate shwor temple,"559V+68G, 45900, naepaala",27.1680031,86.1933617,3.2,45900, hindu_temple,,Missing description
4824,phaikakala taakauraa,"57MG+3PW, khaolaagaauँ 45900, naepaala",27.1827298,86.2768434,4.3,khaolaagaauँ, picnic,,Missing description
4825,thauladhaungagaa,"madhaya pahaadaii raajamaaraga, 56300, naepaala",27.1884327,86.3752118,0.0,56300, hike,,Missing description
4826,bhauuta chhaaँgaa,"QM9J+3HW, Maguwa-Khanigaun-Vutchhanga Road, chaautaaraa 45306, naepaala",27.7677336,85.6814386,4.5,Maguwa-Khanigaun-Vutchhanga Road, amusement_park,,Missing description
4827,Sidha Santi Church,"QMRP+X9V, chaautaaraa 45306, naepaala",27.7924848,85.6859104,0.0,chaautaaraa, church,,Missing description
4828,Sangachok Gadhi saaँgaachaoka gadhaii,"saaँgaachaoka 45306, naepaala",27.6900685,85.710898,4.7,naepaala, tourist_attraction,,Missing description
4829,chaautaaraa,"chaautaaraa, naepaala",27.7760591,85.6948458,,naepaala, tourist_attraction,,Missing description
4830,chaautaaraa saaँgaachaokagadhaii,"chaautaaraa saaँgaachaokagadhaii, naepaala",27.7760873,85.6948371,,naepaala, tourist_attraction,,Missing description
4831,Chautara view point,"QPM7+P6, chaautaaraa 45306, naepaala",27.7838824,85.7129083,5.0,chaautaaraa, tourist_attraction,,Missing description
4832,"Gairigaun, Chautara Sangachokgadhi","QMGV+CWH, chaautaaraa 45306, naepaala",27.7760591,85.6948458,0.0,chaautaaraa, tourist_attraction,,Missing description
4833,chaautaaraa nagarapaalaikaa samyaukata wadaa kaarayaalaya,"QPJ6+3GW, chaautaaraa 45306, naepaala",27.7802375,85.7113687,4.5,chaautaaraa, mosque,,Missing description
4834,thauulao padhaeraa,"QMV7+JPG, kaunachaoka 45306, naepaala",27.7934454,85.6644287,4.0,kaunachaoka, museum,,Missing description
4835,Ghalegaun Bhagwati Temple,"QPF8+X5G, daolaalaghaata-chaautaaraa raajamaaraga, chaautaaraa 45306, naepaala",27.7749352,85.7154395,4.0,daolaalaghaata-chaautaaraa raajamaaraga, hindu_temple,,Missing description
4836,"Chautara sangachokgadhi municipality-5, sindhupalchok","QMGV+CWG, chaautaaraa 45306, naepaala",27.7760625,85.6948125,5.0,chaautaaraa, historic_site,,Missing description
4837,Om Park,"RR5M+5MP, baara‍habaisae 45308, naepaala",27.8079581,85.8342102,5.0,baara‍habaisae, park,,Missing description
4838,Jyoti niwash church,"aranaikao raajamaaraga 45314, phaulapaimga daamdaagaauँ 45314, naepaala",27.74574,85.8025372,5.0,phaulapaimga, church,,Missing description
4839,balaephaii,"balaephaii, naepaala",27.7558763,85.8302087,,naepaala, mosque,,Missing description
4840,balaephaii gaauँpaalaikaa,"aranaikao raajamaaraga, 45314, naepaala",27.7318785,85.7800695,3.6,45314, mosque,,Missing description
4841,Risal HOME STAY with Trek and Travel,"saurayawainaayaka 44800, naepaala",27.65785,85.4311829,5.0,naepaala, trek,,Missing description
4842,Jure Chhango,"QV8G+986, raamachae 45302, naepaala",27.76591,85.8757721,5.0,raamachae, hike,,Missing description
4843,Melamchi bus park(Krishna Bhawan),"RHHF+7H8, maelamachaii, naepaala",27.8280876,85.5740208,3.7,maelamachaii, park,,Missing description
4844,Swarnimpur khanepani,"QGMC+CM, shangakharaapaura, naepaala",27.7835786,85.521752,0.0,shangakharaapaura, amusement_park,,Missing description
4845,shaikharapaura manadalaii,"RH5V+FQG, maelamachaii, naepaala",27.8087098,85.5944076,5.0,maelamachaii, church,,Missing description
4846,"Tipeni, Melamchi","VH7V+MW4, maelamachaii, naepaala",27.864884,85.595244,3.8,maelamachaii, tourist_attraction,,Missing description
4847,Gufadada,"Melamchi municipality 09, Gufadada 45300, naepaala",27.8393104,85.62647,4.7,Gufadada, tourist_attraction,,Missing description
4848,maelamachaii,"maelamachaii, naepaala",27.8297283,85.5762108,,naepaala, mosque,,Missing description
4849,Lamichhane kul mandir & cultural museum,"QGMF+5C4, shangakharaapaura, naepaala",27.7837305,85.5251129,4.7,shangakharaapaura, museum,,Missing description
4850,Sindhupalchok,"RJX5+P2R, maelamachaii, naepaala",27.849371,85.6075064,5.0,maelamachaii, hindu_temple,,Missing description
4851,chaerainajaiga mauuratai (awalaokaitaesawara/karauunaamaayaa),"maelamachaii, naepaala",27.8445884,85.6413727,4.3,naepaala, monument,,Missing description
4852,Indrawati-10 (forest),"PMV4+WF6, bhaotasaipaa 45306, naepaala",27.7447911,85.6561387,2.3,bhaotasaipaa, park,,Missing description
4853,Moti Masjid Anjuman,"WMH6+34V, Pandit tole Way, thaamapaalakaota, naepaala",27.9277284,85.6602826,2.0,Pandit tole Way, mosque,,Missing description
4854,Statue of Guru Padmasambhava,"WGHQ+67, ichaoka, naepaala",27.9281531,85.5381493,4.5,ichaoka, monument,,Missing description
4855,Indrawati suspension bridge,"PJ9X+RHM, chaaँdanaii manadana, naepaala",27.7195903,85.6489182,5.0,chaaँdanaii manadana, historic_site,,Missing description
4856,iinadaraawataii nadaii,"iinadaraawataii nadaii, maelamachaii, naepaala",27.8096241,85.5749989,4.3,maelamachaii, trek,,Missing description
4857,Muhan Pokhari Water park,"PF3J+WWX, mahaamanyajausharaii nagarakaota 44600, naepaala",27.7048621,85.482351,4.0,mahaamanyajausharaii, amusement_park,,Missing description
4858,Jeevan Jyoti Baptist Church,"Bhakunde 45200, naepaala",27.5625358,85.6396636,4.2,naepaala, church,,Missing description
4859,"Jugal Rural Municipality, Office of the Municipal Executive","RQQF+VJV, Unnamed Road, jalabairae 45308, naepaala",27.8397424,85.7739956,4.9,Unnamed Road, mosque,,Missing description
4860,"Jugal View Point, Sindurche","VPGH+59, gaolachae, naepaala",27.8754646,85.7283756,3.0,gaolachae, historic_site,,Missing description
4861,Jugal Himal Trekking,"Thamel-26, kaathamaadaauँ 44600, naepaala",27.7177015,85.3118397,4.8,kaathamaadaauँ, trek,,Missing description
4862,Khasre Picnic Spot,"RPJM+WJG, 45308, naepaala",27.832313,85.7340736,5.0,45308, picnic,,Missing description
4863,Panchpokhari Stupa (MANI Stupa),"2PQ7+JXR, naepaala",28.039115,85.7148831,3.0,naepaala, park,,Missing description
4864,Panchpokhari sindhupalchok,"Panch Pokhari, naepaala",28.0419964,85.7177061,4.3,naepaala, tourist_attraction,,Missing description
4865,Panch Pokhari Shiva Temple,"2PV7+F2C, naepaala",28.0436869,85.7125093,4.7,naepaala, hindu_temple,,Missing description
4866,thokarpa sunkoshi,"MQPP+M7, thaokarapaa 45314, naepaala",27.6866875,85.7856875,5.0,thaokarapaa, park,,Missing description
4867,Sindhu sunkoshi namuna oraganic farm,"MQJ3+G6, thaokarapaa, naepaala",27.6813314,85.7530071,0.0,thaokarapaa, tourist_attraction,,Missing description
4868,saunakaoshaii gaauँpaalaikaa kaarayaalaya,"QR3J+GV8, paangaraetaara 45314, naepaala",27.7538071,85.832139,4.0,paangaraetaara, mosque,,Missing description
4869,"ratanakaota gaurau padama samabhawa maurataii(Ratankot,Sunkhani,Sunkoshi,Sindhupalchok","PR5P+98W, saunakhaanaii 45314, naepaala",27.7084823,85.8358204,0.0,saunakhaanaii, hindu_temple,,Missing description
4870,"Sunkoshi-1,Thokarpa","MQJP+C95, thaokarapaa 45314, naepaala",27.6810211,85.7859836,5.0,thaokarapaa, trek,,Missing description
4871,saunakaoshaii edabhaenachara raitaraiita,"Palanchowk Bhagwati, paaँchakhaala 45200, naepaala",27.631382,85.6737369,4.4,paaँchakhaala, picnic,,Missing description
4872,Bhotekoshi Park bhaotaekaoshaii paaraka,"2W8W+FXR, shaigaatasae waibhaaga, naepaala",28.0162391,85.9474058,5.0,shaigaatasae waibhaaga, park,,Missing description
4873,Bhotekoshi Heli Resort,"Opposite of Last Resort, BungeeJump, aranaikao raajamaaraga, 45304, naepaala",27.874818,85.8911493,4.5,BungeeJump, amusement_park,,Missing description
4874,Immanuel Bible Missionary Church Thulopalati,"RV3X+FP, baara‍habaisae 45302, naepaala",27.8037574,85.899341,5.0,baara‍habaisae, church,,Missing description
4875,bhaotaekaosaii banajaii jamapa,"VVGR+9WV, aranaikao raajamaaraga, laisataiikaota 45301, naepaala",27.8759765,85.8923018,4.6,aranaikao raajamaaraga, tourist_attraction,,Missing description
4876,phaotaenga,"RX5C+8Q9, karathalaii 45302, naepaala",27.8088905,85.97195,5.0,karathalaii, museum,,Missing description
4877,Shoreee Kailashnath Jyoti Lingeshor Mahadev Temple,"WWCM+P69, aranaikao raajamaaraga, phaulapaingakatataii 45301, naepaala",27.921777,85.9331502,0.0,aranaikao raajamaaraga, hindu_temple,,Missing description
4878,Halhale Picnic park,"PX95+F8, laaँkauraiidaaँdaa, naepaala",27.7187028,85.9583261,5.0,laaँkauraiidaaँdaa, park,,Missing description
4879,Sristikarta church jaljale,"PWJM+QCJ, paisakara 45302, naepaala",27.7319997,85.9334494,5.0,paisakara, church,,Missing description
4880,laisamkhau,"laisamkhau, naepaala",27.6633586,85.8383857,,naepaala, tourist_attraction,,Missing description
4881,"Lisankhu Pakhar Rural Municipality, Office of the Municipal Executive","MVFM+9X2, saramathalaii thaokarapaa sadaka, atatarapaura, naepaala",27.6733985,85.8848948,1.3,saramathalaii thaokarapaa sadaka, tourist_attraction,,Missing description
4882,laisangakhau paakhara,"laisangakhau paakhara, naepaala",27.6382199,85.867862,,naepaala, tourist_attraction,,Missing description
4883,Lisankhu Pakhar R.M and Sunkoshi R.M Border,"PVC2+3V9, thaulaopaakhara 45314, naepaala",27.7201678,85.8522461,0.0,thaulaopaakhara, tourist_attraction,,Missing description
4884,Dhobhan,"MV49+V9J, naepaala",27.6572065,85.8683874,0.0,naepaala, hindu_temple,,Missing description
4885,"Shiva Statue, Biraute, Shailung","JXM6+2PM, bhausaaphaedaa 45500, naepaala",27.6326016,85.9618051,3.0,bhausaaphaedaa, monument,,Missing description
4886,Guru Padmasambhava Statue,"JRP7+8R9, saanao baamgathalaii 45200, naepaala",27.6357832,85.8146022,0.0,saanao, monument,,Missing description
4887,baara‍habaisae,"baara‍habaisae 45302, naepaala",27.8002782,85.9151211,,naepaala, tourist_attraction,,Missing description
4888,waishanau manadaira,"QWM4+W2X, baara‍habaisae 45302, naepaala",27.7848541,85.9051041,4.5,baara‍habaisae, hindu_temple,,Missing description
4889,"Om park , sindhupalchok","RW28+429, baara‍habaisae 45302, naepaala",27.8002782,85.9151211,0.0,baara‍habaisae, hike,,Missing description
4890,Kiul Dunamis Church,"WHH4+VP, kaiula, naepaala",27.9297015,85.5567631,5.0,kaiula, church,,Missing description
4891,pipal dada,"ghausakauna 45302, naepaala",27.771316,85.9084982,0.0,naepaala, park,,Missing description
4892,sharaii taraipauraa saunadaraii maaii manadaira,"PWH4+45M, taauthalaii 45302, naepaala",27.7278268,85.9054085,4.3,taauthalaii, church,,Missing description
4893,"Tripura Sundari Rural Municipality, Office of the Municipal Executive","PWW7+Q4F, Unnamed Road, paisakara 45302, naepaala",27.7469344,85.9127925,3.5,Unnamed Road, aquarium,,Missing description
4894,saunadaraii chaoka,"M8FG+32G, lalaitapaura 44700, naepaala",27.672681,85.3250881,4.3,lalaitapaura, monument,,Missing description
4895,Lahan Flag Park ( lahaana jhanadaa paaraka),"lahaana raoda 05, lahaana 56500, naepaala",26.7229681,86.4845498,3.9,lahaana, park,,Missing description
4896,Tabernacle Church Lahan,"PFH8+448, Church Road, lahaana 56500, naepaala",26.727777,86.4653431,5.0,Church Road, church,,Missing description
4897,Jama Masjid lahan-19 Charapatti,"MFHM+PQ3, lahaana 56500, naepaala",26.6792674,86.4844351,4.0,lahaana, mosque,,Missing description
4898,MAS ISLAMIC VIDEO,"PFHH+WQ9, Kharukiyanhi, lahaana 65500, naepaala",26.7297844,86.4794698,5.0,Kharukiyanhi, museum,,Missing description
4899,Fine Art,"lahaana raoda 10, lahaana 56500, naepaala",26.7171799,86.4831464,0.0,lahaana, art_gallery,,Missing description
4900,dauragaa manadaira,"PFCJ+5R3, lahaana raoda, lahaana 56500, naepaala",26.7203688,86.4820611,4.1,lahaana raoda, hindu_temple,,Missing description
4901,dhanagadhaiimaaii,"dhanagadhaiimaaii, naepaala",26.7781446,86.365505,,naepaala, tourist_attraction,,Missing description
4902,waimaana samgarahaalaya,"PH4Q+W9V, dhanagadhaii 10900, naepaala",28.7073548,80.5884285,4.1,dhanagadhaii, tourist_attraction,,Missing description
4903,khaaeraiyaa jaamaa masajaida,"Q7XR+PW4, Choharwa Siraha Madar Rd, chanadara ayaodhayaapaura 56500, naepaala",26.7991714,86.2923079,4.8,Choharwa Siraha Madar Rd, mosque,,Missing description
4904,Shiv mandir Medhanipur dhangadhimai 1 siraha,"dhanagadaii 56500, naepaala",26.7306622,86.43169,5.0,naepaala, hindu_temple,,Missing description
4905,Mirchaiya Hill Park,"V62W+3QG, mairachaaiyaa 56500, naepaala",26.8500045,86.2470424,4.0,mairachaaiyaa, trek,,Missing description
4906,Asianpaints Siraha,"Mahabir chowk, sairaahaa 56500, naepaala",26.6529355,86.2069919,5.0,sairaahaa, art_gallery,,Missing description
4907,Sirha,"M6P4+9QM, sairaahaa 56500, naepaala",26.6859693,86.2069147,4.4,sairaahaa, trek,,Missing description
4908,Golbazar Main Chowk,"GolBazar Rd 6, gaolabajaara 56500, naepaala",26.7927541,86.330724,4.0,gaolabajaara, park,,Missing description
4909,"Evangelical Friends Church ,Golbazar","Q8WM+69G, gaolabajaara 56500, naepaala",26.79583,86.3341988,0.0,gaolabajaara, church,,Missing description
4910,Kumbhikhadi Taal,"(golbazar 2), taetaraiyaa, naepaala",26.8229955,86.3355999,4.6,taetaraiyaa, tourist_attraction,,Missing description
4911,"Golbazar,Jama masjid","Q8RH+MGP, gaolabajaara 56500, naepaala",26.7917381,86.3287404,5.0,gaolabajaara, mosque,,Missing description
4912,Lalbabu majhi,"R7QH+V89, mairachaaiyaa 56500, naepaala",26.8396743,86.2783474,1.0,mairachaaiyaa, museum,,Missing description
4913,Dhamini Temple,"Q8VH+JQ3, gaolabajaara 56500, naepaala",26.7940209,86.3294362,4.6,gaolabajaara, hindu_temple,,Missing description
4914,gaolabajaara,"gaolabajaara 56500, naepaala",26.8323115,86.3478151,,naepaala, historic_site,,Missing description
4915,chaurae chaauphaala,"R8QP+PV, gaolabajaara 56500, naepaala",26.839322,86.3371962,0.0,gaolabajaara, hike,,Missing description
4916,Believers Eastern Church Mirchaiya,"R6MW+JVP, mairachaaiyaa 56500, naepaala",26.8340915,86.2471807,2.7,mairachaaiyaa, church,,Missing description
4917,Suresh Maxa Mashu Pasal,"R7J2+GV6, Katari Chowk, mairachaaiyaa, naepaala",26.8312895,86.2521331,4.3,Katari Chowk, aquarium,,Missing description
4918,ArtRiya Institute of Fine Arts,"Shreebachchha Mahavihar, Shreebaha Marg, lalaitapaura 44600, naepaala",27.6753449,85.3196453,5.0,Shreebaha Marg, art_gallery,,Missing description
4919,"Mirchaiya Bazar ,Siraha","R6FV+F5W, mairachaaiyaa 56500, naepaala",26.8237322,86.2429577,3.5,mairachaaiyaa, hindu_temple,,Missing description
4920,"Green Park Karunyahi, kalyanpur siraha","Q657+4FQ, kalayaanapaura jawadaii 56500, naepaala",26.7579976,86.2137723,3.5,kalayaanapaura, park,,Missing description
4921,Pokhri,"M6P5+7G9 Gamhariya, sairaahaa 56500, naepaala",26.6856497,86.2088658,5.0,sairaahaa, amusement_park,,Missing description
4922,kalayaanapaura jawadaii,"kalayaanapaura jawadaii 56500, naepaala",26.7645503,86.231094,,naepaala, tourist_attraction,,Missing description
4923,Masjid Darul Uloom,"M6G4+JR7, Siraha Mirchiya Rd, sairaahaa 56500, naepaala",26.6765087,86.2070538,2.7,Siraha Mirchiya Rd, mosque,,Missing description
4924,"Deep aquarium and interior,janakpurdham","Bisharachowk, janakpurdham-04, janakapaura, naepaala",26.7215688,85.9321964,3.0,janakpurdham-04, aquarium,,Missing description
4925,Durga Mandir Kalyanpur,"Q665+M6V, Kalyanpur 56500, naepaala",26.7617498,86.208052,3.6,Kalyanpur, hindu_temple,,Missing description
4926,Gumba park,"W723+763, kataaraii 45600, naepaala",26.9006473,86.2530472,4.0,kataaraii, park,,Missing description
4927,chhathi mai mandir,"R5RV+6W5, sairaahaa 56500, naepaala",26.8405185,86.1948459,4.8,sairaahaa, hindu_temple,,Missing description
4928,phauulakaumaaraii mahatao maemaoraiyala asapataala,"karajanahaa 56500, naepaala",26.8520185,86.1767347,3.6,naepaala, monument,,Missing description
4929,Karjanha Municipality Office,"V52H+73M, karajanahaa 56500, naepaala",26.8507207,86.1776841,3.0,karajanahaa, historic_site,,Missing description
4930,karajanahaa,"karajanahaa 56500, naepaala",26.85813,86.2107672,,naepaala, trek,,Missing description
4931,Chautara (chaautaaraa),"P8FQ+FC6, baelahaii 56500, naepaala",26.7236528,86.3385121,3.0,baelahaii, park,,Missing description
4932,saukhaipaura,"saukhaipaura 56500, naepaala",26.7086135,86.3427458,,naepaala, tourist_attraction,,Missing description
4933,Sukhipur,"P87X+8JF, saukhaipaura 56500, naepaala",26.7133083,86.3490371,5.0,saukhaipaura, hindu_temple,,Missing description
4934,Sukhipur VDC,"P947+C24, saukhaipaura 56500, naepaala",26.7060148,86.3625813,4.1,saukhaipaura, monument,,Missing description
4935,Shorei Bagwan Sharda Memorial Garden,"HF4H+593, inarawaa 56500, naepaala",26.5553813,86.4784366,3.5,inarawaa, park,,Missing description
4936,khaokasaii characha Khoksi Church,"Baniya Tole Khoksi, District Siraha, Province 2, 56500, naepaala",26.6225205,86.3583891,5.0,District Siraha, church,,Missing description
4937,bhagawaanapaura,"bhagawaanapaura, naepaala",26.59154,86.4870189,,naepaala, tourist_attraction,,Missing description
4938,Mosque gamhariya,"JF46+2GV, bhagawaanapaura 56500, naepaala",26.6050977,86.4613185,5.0,bhagawaanapaura, mosque,,Missing description
4939,SALHES MANDIR(SALHES TEMPLE),"Salhes temple,bhagwanpur 2, Laraha, naepaala",26.6101748,86.4717001,0.0,bhagwanpur, hindu_temple,,Missing description
4940,My Beautiful Garden House,"HF5J+GJM, inarawaa 56500, naepaala",26.5588389,86.4815402,4.0,inarawaa, picnic,,Missing description
4941,baala udayaana,"M633+RQF, sairaahaa 56500, naepaala",26.6545699,86.2044216,3.8,sairaahaa, park,,Missing description
4942,Motnaje masjid,"J874+3H5, mahaathaa, baihaara 847232, bhaarata",26.6126117,86.3064835,5.0,mahaathaa, mosque,,Missing description
4943,Sarah's art,"Changathali Rd, lalaitapaura 44700, naepaala",27.6578571,85.3670163,5.0,lalaitapaura, art_gallery,,Missing description
4944,Aurahi Hanuman Mandir,"J8H2+378, haulaakaii sadaka, aurahaii 56500, naepaala",26.6276238,86.3006794,4.2,haulaakaii sadaka, hindu_temple,,Missing description
4945,Shiv Temple,"M637+3X6, pauurawaii raingaga raoda, sairaahaa 56500, naepaala",26.652659,86.2148801,4.2,pauurawaii raingaga raoda, monument,,Missing description
4946,solukhambu chamber o,"GH4F+89, daudhakaunada 56000, naepaala",27.505785,86.57344,0.0,daudhakaunada, park,,Missing description
4947,Nepane water fall khoriya,"FHG7+HR, daudhakaunada 56000, naepaala",27.4763824,86.5646066,4.7,daudhakaunada, amusement_park,,Missing description
4948,saolaudaudhakaunada nagarapaalaikaa,"daudhakaunada 56000, naepaala",27.5021057,86.5861215,4.1,naepaala, mosque,,Missing description
4949,"Bhimsen Temple, saolau bhaimasaena thaana manadaira","FHPH+MGM, daudhakaunada 56000, naepaala",27.4867282,86.5787948,4.9,daudhakaunada, hindu_temple,,Missing description
4950,Ganeshsthan,"FHVJ+6MF, daudhakaunada 56000, naepaala",27.4930546,86.5816686,5.0,daudhakaunada, monument,,Missing description
4951,bara daaँdaa laisapau (SAKELA PARK),"Aiselukharka Gaunpalika - 05, Maheswori, Lispu, naepaala",27.3640624,86.714304,5.0,Maheswori, park,,Missing description
4952,thaulaunga daudhakaoshaii,"thaulaunga daudhakaoshaii, naepaala",27.433164,86.6675482,,naepaala, tourist_attraction,,Missing description
4953,"sharaii kaushaeshawaora mahaadaewa manadaira, daumajaa mahaadaewa","CRVF+CVR, Dhulikhel-Sindhuli-Bardibas Highway, daumajaa, naepaala",27.4473529,85.8235216,4.5,Dhulikhel-Sindhuli-Bardibas Highway, mosque,,Missing description
4954,Jasmani Sadhu Kuti jasamanaii saadhau manataraiikao ghara,"CP29+26W, 56000, naepaala",27.4001239,86.7180698,5.0,56000, hindu_temple,,Missing description
4955,Chiwang Monastery Solukhumbu,"GJQ2+RG3, dauudhakaunada maaraga, daudhakaunada 56000, naepaala",27.5393668,86.6013008,4.5,dauudhakaunada maaraga, monument,,Missing description
4956,Bhitte Solukhumbu,"FJ28+HX4 bhitte, 56000, naepaala",27.4513934,86.6174394,5.0,56000, hike,,Missing description
4957,Prashansa Church,"JM44+F72, Karekhola Rd, bairaenadaranagara 21700, naepaala",28.60613,81.6556282,0.0,Karekhola Rd, church,,Missing description
4958,Necha Salyan Ward No 5,"9J2G+58G, naechaa bataasae 56000, naepaala",27.3504377,86.6258353,4.5,naechaa, tourist_attraction,,Missing description
4959,shiva mandir nechasalyan solukhumbu,"9J3R+HV7, naechaa baetaghaaraii baidaesaii 56000, naepaala",27.3539042,86.6421623,4.0,naechaa, mosque,,Missing description
4960,daataaraama chaoka naechaa salayaana ३ saolaukhaumabau,"9J2M+CGH, naechaa bataasae 56000, naepaala",27.3510694,86.6338478,5.0,naechaa, monument,,Missing description
4961,naechaasalayaana gaauँpaalaikaa kaarayaalaya,"9J3R+J94, naechaabaetaghaaraii 56000, naepaala",27.3540184,86.6409538,4.2,naechaabaetaghaaraii, historic_site,,Missing description
4962,Solukhumbu Treks and Expedition,"Chabahil -7, Museganesh Post Box No 20179, kaathamaadaauँ 44600, naepaala",27.7167299,85.3460592,0.0,Museganesh, trek,,Missing description
4963,Loksu chowk (laokasau chaoka),"HMWM+MPP, 56000, naepaala",27.5967064,86.6843273,5.0,56000, park,,Missing description
4964,"Zion Isai Church,Kophu","FJWV+CMX, 56000, naepaala",27.4960836,86.6442474,5.0,56000, church,,Missing description
4965,Dudhkoshi Chhirdi Motorable Bridge,"HMVG+PM, taakasainadau 56000, naepaala",27.5943605,86.6779085,5.0,taakasainadau, tourist_attraction,,Missing description
4966,Jagabaijyeshwor Mahadev Temple jagawaaijayashawara mahaadaewa manadaira,"HJ4W+2R8, bai.pai.raajamaaraga, kaashaiikhanada 45200, naepaala",27.5550347,85.6470771,4.7,bai.pai.raajamaaraga, hindu_temple,,Missing description
4967,Kolam Fun Park,"GR4G+HHG, 56000, naepaala",27.5064387,86.8264468,4.0,56000, park,,Missing description
4968,Mahakulung Bung Church mahaakaulaunga iisaaii paraiwaara,"GR7H+6XV, 56000, naepaala",27.5131279,86.8299467,4.4,56000, church,,Missing description
4969,Kulung Village,"GRHQ+V3H, 56000, naepaala",27.5296997,86.8377369,0.0,56000, tourist_attraction,,Missing description
4970,Sir Edmund Hillary Memorial Museum & Elder Care Center,"GR6J+GR8, gaudaela 56000, naepaala",27.5112909,86.8320771,5.0,gaudaela, museum,,Missing description
4971,maahaakaulaunga,"maahaakaulaunga, naepaala",27.511601,86.831521,,naepaala, historic_site,,Missing description
4972,Thumlu kholsa,"9RC4+93, raakhaa baangadaela 56200, naepaala",27.3709039,86.80524,5.0,raakhaa, historic_site,,Missing description
4973,Top of Gudel,"FVX2+V7M, gaudaela 56000, naepaala",27.4997211,86.8506568,5.0,gaudaela, trek,,Missing description
4974,Khiraule khairaaulae,"Mahakulung wada no.one, 56000, naepaala",27.5367256,86.8157643,0.0,56000, hike,,Missing description
4975,Data chalaune pomdok,"FQ9R+Q47, Sautang 56000, naepaala",27.4694,86.7903,0.0,Sautang, park,,Missing description
4976,Sotang Church,"GQ2G+5PV, Sautang 56000, naepaala",27.5004837,86.7768082,0.0,Sautang, church,,Missing description
4977,Sotang,"FQQ8+GR2, Sautang 56000, naepaala",27.488755,86.7670056,3.5,Sautang, tourist_attraction,,Missing description
4978,Sotang 4,"FQ9R+Q47, Sautang 56000, naepaala",27.4694,86.7903,0.0,Sautang, tourist_attraction,,Missing description
4979,Khumbu Excursion Pvt. Ltd.,"Pandol Marga, kaathamaadaauँ 44600, naepaala",27.7270345,85.3265021,5.0,kaathamaadaauँ, tourist_attraction,,Missing description
4980,Khumbu Pasanglhamu Rural Municipality ( khaumabau-paasaangalahaamau-gaauँpaalaikaa ),"MPX9+8X9, chaauraiikharaka 56000, naepaala",27.6982962,86.7199994,5.0,chaauraiikharaka, mosque,,Missing description
4981,Khumbu Shangrila Nepal Trek and Expedition Pvt. Ltd,"P9W7+73, baudhaanaiilakanatha 44600, naepaala",27.7457267,85.3626664,4.5,baudhaanaiilakanatha, trek,,Missing description
4982,Pikey base camp,"GFG7+RRR, gaolai 56000, naepaala",27.5266189,86.4645159,4.6,gaolai, picnic,,Missing description
4983,Tingla busting,"CH6V+J3, saolausalayaana 56000, naepaala",27.4115655,86.5927349,0.0,saolausalayaana, park,,Missing description
4984,Kusum Foundation,"9M57+MPG, naechaa baetaghaaraii baidaesaii 56000, naepaala",27.3591808,86.6643425,5.0,naechaa, museum,,Missing description
4985,Thulung Sakle Toshikhom,"CMG7+HHX, kaamgaela 56000, naepaala",27.426507,86.6639482,5.0,kaamgaela, hindu_temple,,Missing description
4986,Thulo khola,"FMC5+C2, daudhakaunada 56000, naepaala",27.4711128,86.6575723,0.0,daudhakaunada, historic_site,,Missing description
4987,laikhau paikae gaauँpaalaikaa gaauँkaarayapaalaikaakao kaarayaalaya,"H94H+PHQ, chaaulaakharaka 45400, naepaala",27.5569276,86.3789454,4.3,chaaulaakharaka, church,,Missing description
4988,laikhau paikae,"laikhau paikae, naepaala",27.5558666,86.3781039,,naepaala, tourist_attraction,,Missing description
4989,"Likhupike-2 Goli, solukhumbu","G9M7+6QH, gaolai, naepaala",27.5330667,86.3644803,0.0,gaolai, mosque,,Missing description
4990,Nepal Flora and Fauna,"Patan Sundhara, lalitpur-7, lalaitapaura 44700, naepaala",27.669418,85.3286954,4.8,lalitpur-7, aquarium,,Missing description
4991,Lord Shiva temple,"JC2M+9XH, bhaakaanyajae 45400, naepaala",27.6009366,86.4349962,5.0,bhaakaanyajae, hindu_temple,,Missing description
4992,World mission society church of god Itahari,"M74H+932, itaharaii 56705, naepaala",26.6555128,87.2777081,5.0,itaharaii, church,,Missing description
4993,Shiva Pokhari,"J7X7+XFP, chaaँdabaelaa itaharaii garaamaiina sadaka, itaharaii 56705, naepaala",26.6505934,87.2642655,0.0,chaaँdabaelaa itaharaii garaamaiina sadaka, museum,,Missing description
4994,pauurawaanyachala bhaetaerainaraii pharamaa,"purva line, itaharaii, naepaala",26.6617007,87.2800542,4.0,itaharaii, zoo,,Missing description
4995,sharaii pashaupatainaatha manadaira,"M75C+23Q, pashaupatai maaraga, itaharaii 56705, naepaala",26.6573921,87.2701278,4.5,pashaupatai maaraga, hindu_temple,,Missing description
4996,"daewaiithaana chaauka, itaharaii-२, shaanatainagara","itaharaii 56705, naepaala",26.7069192,87.2899238,4.3,naepaala, monument,,Missing description
4997,Mahendra Raj Marg,"M786+9VW, AH2, itaharaii 56705, naepaala",26.6659796,87.2621974,4.2,AH2, historic_site,,Missing description
4998,Manish,"M7FX+Q6F, itaharaii 56705, naepaala",26.6744283,87.2980352,0.0,itaharaii, hike,,Missing description
4999,Dharan Mosque,"R77Q+853, dharaana 56700, naepaala",26.8132525,87.2879541,4.7,dharaana, mosque,,Missing description
5000,Yuma Fine Art Academy,"R77H+J6M, dharaana 56700, naepaala",26.8140623,87.2780198,5.0,dharaana, art_gallery,,Missing description
5001,dharaana payaaraagalaaidainga sataeshana,"Bishnupaduka, dharaana 56700, naepaala",26.8385176,87.2738349,4.3,dharaana, trek,,Missing description
5002,Inaruwa New Bus Park,"inarauwaa 56710, naepaala",26.6007252,87.1377199,4.3,naepaala, park,,Missing description
5003,"Elohim Church, Inaruwa","J543+C85, inarauwaa 56710, naepaala",26.6059805,87.153358,4.0,inarauwaa, church,,Missing description
5004,masajaida haamaii sabaaikao rajaaka bhaaii,"J5H9+H97, Inaruwa 56710, naepaala",26.628911,87.1670093,0.0,Inaruwa, museum,,Missing description
5005,sharaii satayanaaraayana manadaira,"sharaii sataya naaraayana manadaira, dauhabaii raoda, inarauwaa 56710, naepaala",26.6027369,87.1490053,4.7,dauhabaii raoda, hindu_temple,,Missing description
5006,Shiv Narayan pandit niwas,"H4VX+XQJ, inarauwaa 56710, naepaala",26.5949713,87.1493916,5.0,inarauwaa, monument,,Missing description
5007,sawaragaiiya mahaananada saapakaotaakao parataimaa,"J43V+H9V, inarauwaa 56710, naepaala",26.604057,87.1436908,4.5,inarauwaa, historic_site,,Missing description
5008,Everest store inaruwa Sunsari,"inarauwaa 56710, naepaala",26.600951,87.1487746,4.0,naepaala, trek,,Missing description
5009,Zirait ( jairaaita),"J4GP+RHJ, inarauwaa 56710, naepaala",26.6270971,87.1363918,4.2,inarauwaa, picnic,,Missing description
5010,Inaruwa park mahaananada paaraka,"J43V+H9V, inarauwaa 56710, naepaala",26.6039854,87.1438665,4.0,inarauwaa, hike,,Missing description
5011,"Ball statue, Duhabi, Sunsari, Nepal","H77J+P4H, H08, dauhawaii 56707, naepaala",26.5643127,87.2803657,5.0,H08, park,,Missing description
5012,Union Church Duhabi 3 Sunsari Nepal,"H7CG+CJW, bhalauwaa 56707, naepaala",26.5710591,87.2765927,0.0,bhalauwaa, church,,Missing description
5013,Duhabi suspension bridge,"H7PQ+JMC, saisawanaiwadaharaa 56707, naepaala",26.5865633,87.2891397,4.2,saisawanaiwadaharaa, tourist_attraction,,Missing description
5014,Markazi Jame Masjid Duhabi4,"H7CJ+7C4, dauhabaii raoda, dauhawaii 56707, naepaala",26.5706357,87.2810995,5.0,dauhabaii raoda, mosque,,Missing description
5015,Shoreee Aaprupi shiv mandir Charaiya,"Duhabi-10, naepaala",26.5681335,87.237858,4.3,naepaala, hindu_temple,,Missing description
5016,Dumraha Duhabi 10,"H7C2+8PM, saimaraiyaa 56707, naepaala",26.5708344,87.251806,0.0,saimaraiyaa, historic_site,,Missing description
5017,Gautam Buddha Fun Park,"M6F2+RX2 Ward no-5, raamadhaunaii bhaasaii 56709, naepaala",26.6745173,87.2023842,5.0,raamadhaunaii, park,,Missing description
5018,paunarautathaana waijayaii manadalaii,"R7F3+CCC, dharaana 56700, naepaala",26.825825,87.2536101,5.0,dharaana, church,,Missing description
5019,Ra.sa Taal,"P6QF+7WH, bakalaauraii, naepaala",26.7381942,87.2248474,4.0,bakalaauraii, tourist_attraction,,Missing description
5020,raamadhaunaii manadaira,"M4RJ+CM9, raamadhaunaii bhaasaii 56703, naepaala",26.6910479,87.1317305,4.5,raamadhaunaii, hindu_temple,,Missing description
5021,raamadhaunaii bhaasaii,"raamadhaunaii bhaasaii, naepaala",26.6862608,87.1722037,,naepaala, historic_site,,Missing description
5022,ZooZoo (jauujauu) eco-tourism park,"P6P7+RH2, Unnamed Road, bakalaauraii, naepaala",26.7370054,87.2138835,4.2,Unnamed Road, park,,Missing description
5023,Chisapani,"Q645+5W, dharaana 56700, naepaala",26.7554422,87.2098643,4.5,dharaana, amusement_park,,Missing description
5024,JAMMA MASJID (ANSARI VILLAGE),"M32C+549, madhauwana 56713, naepaala",26.6504108,87.0703837,5.0,madhauwana, mosque,,Missing description
5025,pamkhawatai,"R5MX+7J, baraahakashaetara, naepaala",26.8332169,87.1990006,5.0,baraahakashaetara, hike,,Missing description
5026,Dewangunj Biratnagar tempo station,"C4XQ+Q95, daewaanaganyaja, naepaala",26.4493905,87.1384843,0.0,daewaanaganyaja, park,,Missing description
5027,daewaanaganyaja,"daewaanaganyaja, naepaala",26.4528534,87.1397958,,naepaala, tourist_attraction,,Missing description
5028,Kabristaan Dewanganj Sunsari,"F43M+XMX, daewaanaganyaja, naepaala",26.454981,87.1342293,5.0,daewaanaganyaja, mosque,,Missing description
5029,dauragaa manadaira saahaewaganyaja,"C55P+C56, saahaewaganyaja, naepaala",26.4085355,87.1852948,4.8,saahaewaganyaja, hindu_temple,,Missing description
5030,Salman Ansari,"G449+6W4, harainagaraa, naepaala",26.5055088,87.1198415,0.0,harainagaraa, hike,,Missing description
5031,Jame Masjid-Kosi R.M-02,"pashachaima kaushaahaa 56713, naepaala",26.6205916,87.0679435,5.0,naepaala, mosque,,Missing description
5032,Koshi Rural Municipality - Sunsari,"Koshi Gaupalika, laaukahaii 56713, naepaala",26.5983134,87.0635897,3.0,laaukahaii, historic_site,,Missing description
5033,Shoreee Laxmi Narayan park,"H4RP+XJV, inarauwaa 56710, naepaala",26.5924946,87.1365598,4.5,inarauwaa, park,,Missing description
5034,B.I.Creek Church Majho sunsari,"Gadhi 6 Aurabani, inarauwaa 56710, naepaala",26.5638464,87.2014767,0.0,inarauwaa, church,,Missing description
5035,Gaishar Masjid,"J7P6+WG, itaharaii 56709, naepaala",26.6373624,87.2612049,3.0,itaharaii, mosque,,Missing description
5036,DG ARTS gaopaala sharaeshatha,"M7FC+FVP, itaharaii 56705, naepaala",26.6734926,87.2698356,5.0,itaharaii, art_gallery,,Missing description
5037,"Ubdhi Gramthan ithari,Nepal","M62H+38, itaharaii 56709, naepaala",26.6502231,87.22824,5.0,itaharaii, hindu_temple,,Missing description
5038,kaarakaiichhaapa,"R7QF+JH2, dharaana 56700, naepaala",26.8390184,87.273898,4.2,dharaana, trek,,Missing description
5039,HASINA park,"M76C+8QH, itaharaii 56705, naepaala",26.6608247,87.2719772,2.9,itaharaii, picnic,,Missing description
5040,Malti chowk maalataii chaauka,"F5RF+WVQ, chaimadaii, naepaala",26.492335,87.1747478,5.0,chaimadaii, hike,,Missing description
5041,barajau taala,"F5PG+F44, chaimadaii, naepaala",26.4861424,87.1753294,4.0,chaimadaii, park,,Missing description
5042,Dinanath Bhadari Temple,"C7R3+HGC, rishai daewa taola, wairaatanagara 56613, naepaala",26.4414492,87.2537532,4.5,rishai daewa taola, hindu_temple,,Missing description
5043,Barju Tal,"F5PJ+M47, chaimadaii, naepaala",26.4866671,87.180304,4.8,chaimadaii, trek,,Missing description
5044,Bhokraha 3,"J39H+VMH, bhaokaraahaa 56713, naepaala",26.6196786,87.0792357,4.5,bhaokaraahaa, church,,Missing description
5045,bhaokaraahaa,"bhaokaraahaa, naepaala",26.6139711,87.0923906,,naepaala, tourist_attraction,,Missing description
5046,Bhokraha 04 Al_Sifa Masjid,"J462+72, bhaokaraahaa 56713, naepaala",26.6110092,87.1000811,5.0,bhaokaraahaa, mosque,,Missing description
5047,Rastriya Majhi Sangrahalaya,"M38C+928, madhauwana 56713, naepaala",26.6654584,87.0703713,4.0,madhauwana, museum,,Missing description
5048,Bhokraha Narsingh gaupalika wada nm: 1 ( dhok),"M33V+3X7, bhaokaraahaa 56713, naepaala",26.6526578,87.0949122,0.0,bhaokaraahaa, monument,,Missing description
5049,Shivganj tol bhokraha narsingh -3,"bhokraha - 3, naepaala",26.6196844,87.0791355,0.0,naepaala, trek,,Missing description
5050,saimasalaii paipala chaautaaraa,"37VG+VQV, mangagalasaena 10700, naepaala",29.094718,81.276927,0.0,mangagalasaena, park,,Missing description
5051,Trek With Sanjog,"Kathmandu 44600, naepaala",27.6825295,85.2538691,5.0,naepaala, trek,,Missing description
5052,bhaatakhaanae chaaura,"5HP8+MM4, kaaँchhaabaada़a 21300, naepaala",29.1866311,81.5667158,0.0,kaaँchhaabaada़a, park,,Missing description
5053,Debidanda,"R87Q+2GJ, baidayaapaura 21700, naepaala",28.8125817,81.3387501,0.0,baidayaapaura, picnic,,Missing description
5054,basanatae chaoka,"R84J+XQP, baidayaapaura 21700, naepaala",28.807651,81.3322029,0.0,baidayaapaura, picnic,,Missing description
5055,nadaaii manadaira (nanadaa maataa maai ),"7C54+WG3, 10700, naepaala",29.2597622,81.4063061,3.5,10700, hindu_temple,,Missing description
5056,dhakaaraii gaauँpaalaikaakao kaarayaalaya,"dhakaaraii 10700, naepaala",28.9993125,81.2628125,3.5,naepaala, mosque,,Missing description
5057,"Aarati Pustak Pasal , Dhakari Achham","X7X7+9J5, dhakaaraii 10700, naepaala",28.9983953,81.2641031,5.0,dhakaaraii, art_gallery,,Missing description
5058,gaopaala thaumakaii( Gopal Thumki),"G752+43, maalataa 44700, naepaala",27.5078108,85.250239,0.0,maalataa, picnic,,Missing description
5059,Banagaun Masjid,"3GPJ+77V, haramaii, naepaala",28.0857372,84.5306729,3.0,haramaii, mosque,,Missing description
5060,Chandika Devi Mandir Motena Achham,"56PH+H36, saaँphaewagara 10700, naepaala",29.1864097,81.2276323,0.0,saaँphaewagara, hindu_temple,,Missing description
5061,"shaanataii samaaraka , mamgalasaena achhaama","Madhya Pahadi Rajmarg, mangagalasaena 10700, naepaala",29.1359262,81.255885,2.0,mangagalasaena, monument,,Missing description
5062,Rajan Shah,"5C8P+VQP, baataulaasaaina 10700, naepaala",29.1672065,81.4369378,5.0,baataulaasaaina, tourist_attraction,,Missing description
5063,Kaji_House,"6CC2+VM8, Malma - Pandavkhani Rd, haraichaaura 33300, naepaala",28.2221358,83.401686,5.0,Malma - Pandavkhani Rd, zoo,,Missing description
5064,Galkot Baglung,"6CR8+6G6, haraichaaura 33300, naepaala",28.2405453,83.4162518,4.0,haraichaaura, art_gallery,,Missing description
5065,haaँdaikaaeta,"4HQH+WVG jaimini Municipality -9, raangakhaanaii 33300, naepaala",28.1398121,83.5796985,0.0,raangakhaanaii, hike,,Missing description
5066,Guppy Nepal,"Patan, Gujibahal 44700, naepaala",27.6701125,85.3275,4.8,Gujibahal, aquarium,,Missing description
5067,home of Santosh Mahara,"HJ9Q+P8, baijayapaura 10200, naepaala",29.5693652,80.6383047,1.0,baijayapaura, church,,Missing description
5068,Rajendra budha,"HPF3+3WM, kaotailaa 10200, naepaala",29.5727097,80.7048084,0.0,kaotailaa, museum,,Missing description
5069,haata,"haata 10200, naepaala",29.6152118,80.6964905,,naepaala, historic_site,,Missing description
5070,panyachaeshawara,"panyachaeshawara, naepaala",29.4204882,80.2655648,,naepaala, trek,,Missing description
5071,Kage dada,"M9FM+PJ3, madhayapaura thaimaii 44600, naepaala",27.6741123,85.384248,5.0,madhayapaura, park,,Missing description
5072,J.P Arts,"sau. pharsatikar-1, naepaala",27.6291277,83.4039931,3.7,naepaala, art_gallery,,Missing description
5073,Bungal 2 Bamour,"JWVV+X4P, Bamour, 2, naepaala",29.6449612,80.9428407,0.0,Bamour, tourist_attraction,,Missing description
5074,baangasalalaa,"GW44+HRJ, baaँjha 10500, naepaala",29.5064738,80.9070243,0.0,baaँjha, trek,,Missing description
5075,"Bajhakot(than dada,lekh)jhaaँkaraii thaanadaamdaa","XP3P+JQ8, bajhakot, Rewati Rd, waalainga 10, naepaala",27.9540365,83.7369494,4.8,bajhakot, tourist_attraction,,Missing description
5076,gadaii bhagawatai maaiikaae manadaira,"F49J+23F, jayapaृthawaii 10500, naepaala",29.467559,81.1302346,5.0,jayapaृthawaii, mosque,,Missing description
5077,paraii bana Angel Ban,"F46V+PR4, 10500, naepaala",29.4617514,81.144579,5.0,10500, park,,Missing description
5078,Bajhang Laka,"Q7G2+MQ6, Golai 10500, naepaala",29.776669,81.2518833,0.0,Golai, tourist_attraction,,Missing description
5079,Padala,"FXG7+744, raayaala 10500, naepaala",29.4756316,80.9628268,0.0,raayaala, hike,,Missing description
5080,Chirashaini mandir(temple),"GRCJ+PR5, saunakaudaa 10500, naepaala",29.521752,80.832105,5.0,saunakaudaa, hindu_temple,,Missing description
5081,"Melai Chaur, Daulichar ,Surma","J4WF+23, jayapaृthawaii 10500, naepaala",29.6450625,81.1226875,0.0,jayapaृthawaii, trek,,Missing description
5082,tairauwaa waada ( daadaa),"G25W+45, chaaudhaaraii 10500, naepaala",29.5077965,81.0454341,0.0,chaaudhaaraii, trek,,Missing description
5083,J.P Vetwal Smriti Park,"HJWV+G82, bhanadaaraa 44200, naepaala",27.5962702,84.6432802,4.0,bhanadaaraa, park,,Missing description
5084,THAPA GAUN BYAGUTE,"X42R+3PX, baidaura 44900, naepaala",27.9502349,85.1418516,5.0,baidaura, historic_site,,Missing description
5085,Nepal Environmental Treks and Expedition Pvt. Ltd.,"P877+J2R, taraidaewaii sadaka, kaathamaadaauँ 44600, naepaala",27.714135,85.3125082,4.1,taraidaewaii sadaka, trek,,Missing description
5086,Jame Masjid (Parsagadi Nagarpalika-5 Bahuarwa),"4V68+GV, panyacharaukhaii 44300, naepaala",27.1110879,84.8671904,5.0,panyacharaukhaii, mosque,,Missing description
5087,khaapara daewa masatao (thapaalao daeutaa),"CPJJ+JMH, 10600, naepaala",29.4315648,81.7317418,0.0,10600, hindu_temple,,Missing description
5088,bhaiidamaathaa laekha,"7MV8+4JG, phaukaota 21300, naepaala",29.2928028,81.6665654,0.0,phaukaota, hike,,Missing description
5089,Siva Temple,"CP49+94F, gaotaraii 10600, naepaala",29.4059499,81.7177905,0.0,gaotaraii, hindu_temple,,Missing description
5090,Unique Path Trekking and Expedition (P.) Ltd,"Chaksibari Marg Thamel, kaathamaadaauँ 44601, naepaala",27.7165374,85.3097478,4.9,kaathamaadaauँ, trek,,Missing description
5091,Ikdi bridge,"9845+9V9, Bajura 10600, naepaala",29.355909,81.3097231,0.0,Bajura, tourist_attraction,,Missing description
5092,yaadabataola haawaa ghara,"H4FR+RCF, babaiyaa 56710, naepaala",26.574561,87.1410462,4.2,babaiyaa, historic_site,,Missing description
5093,Wonders of Nepal,"6MCJ+VJ4, Kohalpur 21904, naepaala",28.2213029,81.6802834,5.0,Kohalpur, trek,,Missing description
5094,Qadri jama masjid,"WVJ6+222 ward no 2 Beunchahawa, naraainaapaura 21900, naepaala",27.93,81.86,0.0,naraainaapaura, mosque,,Missing description
5095,jharanaa,"2QRG+9H, phatataepaura 21900, naepaala",28.0408861,81.7764601,0.0,phatataepaura, hike,,Missing description
5096,"Deurali Bhanjyang,Ratna Rajmarg","8MQF+7C, baaँsagadhaii, naepaala",28.3381313,81.6735612,2.5,baaँsagadhaii, tourist_attraction,,Missing description
5097,Baijanath Banke,"6H8P+H7H, taitaihairaiyaa 21904, naepaala",28.216442,81.585742,5.0,taitaihairaiyaa, historic_site,,Missing description
5098,Madina Jama Masjid,"Khajura -5, naepaala",28.1260321,81.5748057,1.0,naepaala, mosque,,Missing description
5099,NGG,"3M6C+222, pauraainaii 21900, naepaala",28.0600001,81.67,0.0,pauraainaii, church,,Missing description
5100,Dudhkunda Adventure Treks,"P9P6+66F, kaathamaadaauँ 44600, naepaala",27.735564,85.3605374,5.0,kaathamaadaauँ, trek,,Missing description
5101,Hiking Trail to Mudkhu Bhanjyang View Tower,"Q7JG+3MR, taarakaeshawara 44600, naepaala",27.7802499,85.2766268,5.0,taarakaeshawara, hike,,Missing description
5102,Kalaiya 3 Gangapur Bara,"Unnamed Road, 44400, naepaala",27.0407717,84.9874874,4.1,44400, art_gallery,,Missing description
5103,Simara Evangelical Church,"5X9C+Q2F, gadhaiimaaii 44400, naepaala",27.1694332,84.9700344,3.0,gadhaiimaaii, church,,Missing description
5104,kaolahawaii,"kaolahawaii, naepaala",27.1142372,85.1686743,,naepaala, historic_site,,Missing description
5105,Kolhabi Bara,"35GG+G53, kaolahawaii 44400, naepaala",27.076217,85.1754035,0.0,kaolahawaii, historic_site,,Missing description
5106,RAMPURWA pokhari,"X295+CWM, paparapaataii jabadaii 44400, naepaala",26.9685888,85.0097833,0.0,paparapaataii, park,,Missing description
5107,Simraungadh Fish Hatchery Firm,"W43J+98X, saimaraaunagadha 44400, naepaala",26.9034778,85.13085,4.5,saimaraaunagadha, aquarium,,Missing description
5108,RashiD home,"2X36+98H, pauraainaiyaa 44400, naepaala",27.0034314,84.9608531,0.0,pauraainaiyaa, hike,,Missing description
5109,bakaaiyaa-३ paipalae,"97C3+G8, sharaiipaura chhataiwana 44100, naepaala",27.3712987,85.2532642,0.0,sharaiipaura, tourist_attraction,,Missing description
5110,Picnik Spot,"8893+HFP, saanaosharaii taaraataala 21800, naepaala",28.3189506,81.3036947,0.0,saanaosharaii, picnic,,Missing description
5111,Gerua,"96Q9+H35, 21800, naepaala",28.3888945,81.2177295,0.0,21800, hike,,Missing description
5112,Nava Jivan Aradhna Church,"C4VR+2XW, Rajapur Road, raajaapaura 21800, naepaala",28.4426431,81.1424264,5.0,Rajapur Road, church,,Missing description
5113,Tharu Museum and Research Center,"F46X+94, raajaapaura 21800, naepaala",28.4609251,81.1478405,2.0,raajaapaura, museum,,Missing description
5114,Tihuni,"F5V6+5XQ, 21800, naepaala",28.4929666,81.162479,4.0,21800, hike,,Missing description
5115,Wildlife Tour Bardiya,"Elephant Stable, Thakurdwara, naeulaapaura 21800, naepaala",28.432277,81.2284788,5.0,Thakurdwara, tourist_attraction,,Missing description
5116,Bariya Mosque,"Mosque, waiiraganyaja 44300, naepaala",27.0336873,84.8792034,0.0,waiiraganyaja, mosque,,Missing description
5117,Barabishe,"W9F7+77J, daupachaeshawaora maaraga, Sundaradevi VDC 44900, naepaala",27.9232104,85.3631546,0.0,daupachaeshawaora maaraga, hike,,Missing description
5118,Manjhundi community forest Office,"bholagaudi, gulariya 21800, naepaala",28.1662652,81.5013591,5.0,gulariya, park,,Missing description
5119,"FGT Church, Tesanpur, Bardiya","6C64+W6C, mahamamadapaura 21800, naepaala",28.2123031,81.4055013,0.0,mahamamadapaura, church,,Missing description
5120,laamadaadaa,"6JC6+X2, baaँsagadhaii 21904, naepaala",28.2223968,81.6101206,0.0,baaँsagadhaii, picnic,,Missing description
5121,Shankhadhar Park,"M9FP+69F Shankadhar Chowk, aranaikao raajamaaraga, madhayapaura thaimai, naepaala",27.6738091,85.3850039,4.1,aranaikao raajamaaraga, park,,Missing description
5122,Royal Entertainment Playing Space,"M9FW+XHQ Radhe Radhe, madhayapaura thaimai, naepaala",27.674891,85.3964619,4.8,madhayapaura thaimai, amusement_park,,Missing description
5123,EnCompass Church Nepal,"New Thimi chok, taxi stand, madhayapaura thaimaii -१३ thaimaii, 44800, naepaala",27.6725729,85.3848263,5.0,taxi stand, church,,Missing description
5124,Hiking Annapurna tours and travels,"M9CH+VHQ, Chardobato, madhayapaura thaimai 44600, naepaala",27.6721686,85.3788708,4.6,Chardobato, trek,,Missing description
5125,Jamey Masjid,"H4W4+JF7, narasaimhatapapau 56713, naepaala",26.5965359,87.1061794,4.6,narasaimhatapapau, mosque,,Missing description
5126,shadaananada,"shadaananada, naepaala",27.3379288,87.0975022,,naepaala, historic_site,,Missing description
5127,saainaya samgarahaalaya,"kaathamaadaauँ 44600, naepaala",27.7065591,85.289711,4.4,naepaala, museum,,Missing description
5128,"hatauwaagadhaii saarawajanaika pausatakaalaya tathaa iishawaramaana raaii adhayayana parataishathaana, hatauwaagadhaii","Samriddi Toll, Bhojpur, Hatuwagadhi-1, 57012, naepaala",27.0218448,87.120818,0.0,Bhojpur, art_gallery,,Missing description
5129,Pakchikhog blessed valley,"54J9+R3, Tiwari Bhanjyang 57000, naepaala",27.1820803,87.1177729,0.0,Tiwari, church,,Missing description
5130,Hans Pokhari,"8X2M+5RF, 57000, naepaala",27.3004435,86.98455,4.7,57000, monument,,Missing description
5131,Tindhare,"Arun River Side Rd, 57000, naepaala",27.292669,87.1569979,0.0,57000, amusement_park,,Missing description
5132,Jorkusum Park,"naaraayanaghaata-maugalainga raajamaaraga, bharatapaura 44200, naepaala",27.7078358,84.4331292,4.2,bharatapaura, park,,Missing description
5133,Jay Nepal Chok ( jaya naepaala chaoka),"J9GG+J7F, bharatapaura 44200, naepaala",27.6260208,84.3785201,5.0,bharatapaura, hike,,Missing description
5134,Rahmania Jame Masjid,"JG98+M9J, rata‍nanagara 44200, naepaala",27.6192091,84.5158894,5.0,rata‍nanagara, mosque,,Missing description
5135,Goru Chok,"HGJ3+PV2, rata‍nanagara 44200, naepaala",27.5816863,84.5048243,0.0,rata‍nanagara, historic_site,,Missing description
5136,sec 1 DOP,"MHJ4+797, jautapaanaii 44200, naepaala",27.6806626,84.5559068,0.0,jautapaanaii, museum,,Missing description
5137,Kalika -4 chitwan,"MGJ8+RP2, padamapaura 44200, naepaala",27.682007,84.516776,0.0,padamapaura, historic_site,,Missing description
5138,"raapataii nagarapaalaikaa, nagara kaarayapaalaikaakao kaarayaalaya","JJ3W+Q4R, bhanadaaraa 44200, naepaala",27.6044925,84.6452594,4.1,bhanadaaraa, historic_site,,Missing description
5139,Baheri Evergreen Fun Park,"JGJV+QH5, Khairahani Rd, khaairahaanaii 44200, naepaala",27.6318987,84.5439862,4.4,Khairahani Rd, park,,Missing description
5140,Tharu Cultural Museum,"JH43+4C8, Unnamed Road, khaairahaanaii 44204, naepaala",27.6053936,84.5535746,0.0,Unnamed Road, museum,,Missing description
5141,Art Cafe,"saauraahaa raoda, rata‍nanagara 44200, naepaala",27.5812515,84.4942286,4.7,rata‍nanagara, art_gallery,,Missing description
5142,Artspace,"MCCJ+66W Rijal chowk, bharatapaura 44200, naepaala",27.6705919,84.4305876,5.0,bharatapaura, art_gallery,,Missing description
5143,"hanaumaana manadaira,sharaiikaृshana manadaira","JH83+8XV, khaairahaanaii 44204, naepaala",27.6158647,84.5549068,4.5,khaairahaanaii, hindu_temple,,Missing description
5144,Kankali View tower 2,"Khairahani Road 4, khaairahaanaii 44200, naepaala",27.6663068,84.5755716,4.5,khaairahaanaii, hike,,Missing description
5145,Someshwar Gadhi saomaeshawara gadhaii maadaii,"98R5+7F, maadaii, naepaala",27.3906882,84.3086871,4.7,maadaii, monument,,Missing description
5146,"NAMUNA HOME STAY, PANDAVNAGAR - MADI, CHITWAN-NEPAL","G736+G2, maadaii 44200, naepaala",27.5038033,84.2601123,4.9,maadaii, trek,,Missing description
5147,"ichachhaakamaana - ५ saathaiimaurae, chaitawana","RHVC+G6R, chanadaii bhanyajayaanga 44200, naepaala",27.8438572,84.5705196,0.0,chanadaii, hike,,Missing description
5148,Ashigram Temple,"no.3, Daleldhura , Amargadhi Municipality ward, amaragadhaii, naepaala",29.2768479,80.5570142,5.0,Daleldhura, mosque,,Missing description
5149,malaasha kashaetara Malash Area,"363G+C3, parashauraama 10400, naepaala",29.0535894,80.2251459,4.0,parashauraama, hike,,Missing description
5150,Trekking in Nepal,"Kaldhara Marg, kaathamaadaauँ 44600, naepaala",27.7163912,85.3067473,5.0,kaathamaadaauँ, trek,,Missing description
5151,baagha dhaarao,"94V5+XG7, kathajaora 45400, naepaala",27.3949036,86.1088039,0.0,kathajaora, historic_site,,Missing description
5152,daehaimaadaaum(bhagawataii manadaira) gaunapaala,"9G27+6MM, ajayameru, bhadarapaura, naepaala",29.3505764,80.5141838,5.0,ajayameru, hindu_temple,,Missing description
5153,DUNGGA FREEDOM CHURCH,"M6PW+95M, chanadaraagairaii 44600, naepaala",27.6859395,85.2454148,5.0,chanadaraagairaii, church,,Missing description
5154,ganayaapadhauraa,"ganayaapadhauraa, naepaala",29.2510667,80.6370226,,naepaala, tourist_attraction,,Missing description
5155,"Kailpaltemple , kailpalmandau dadeldhura","7P97+775, kaaipaalamanadauu 10300, naepaala",29.2681291,80.7132244,5.0,kaaipaalamanadauu, mosque,,Missing description
5156,kaadaraii masajaida,"WJGW+FWH, daulalau 21600, naepaala",28.9261915,81.6473835,0.0,daulalau, mosque,,Missing description
5157,Mahabuddha Art Gallery,"Sundhara Mahaboudha Rd, lalaitapaura 44600, naepaala",27.6688451,85.3275139,5.0,lalaitapaura, art_gallery,,Missing description
5158,Upasana Church,"waiiraenadaranagara 21700, naepaala",28.6022555,81.6067987,5.0,naepaala, church,,Missing description
5159,khaaparamasataa bana kashaetara kaadaagaauu,"4MMV+7Q, daahaaphatagaauँ 21300, naepaala",29.1331549,81.694411,0.0,daahaaphatagaauँ, park,,Missing description
5160,"Naumule Rural Municipality Office, Dailekh","WR56+QR9 RM-1, naaumaulae 21600, naepaala",28.909461,81.8120705,4.8,naaumaulae, historic_site,,Missing description
5162,"Ghorahi Baptist Church, Dang","3F2R+32H, ghaoraahaii 22400, naepaala",28.0502967,82.4910995,0.0,ghaoraahaii, church,,Missing description
5163,Mahak fish aquarium shop,"highway lumbani road, Fire service, naepaala",27.9207402,82.7347142,5.0,Fire service, aquarium,,Missing description
5164,Dangi Mandir,"39Q9+9W4, baijaauraii 22412, naepaala",28.0883948,82.3698341,4.0,baijaauraii, hindu_temple,,Missing description
5165,Bhakti Thapa Park (bhakatai thaapaa paaraka ),"VGG7+FH5, lamahaii 22414, naepaala",27.8761251,82.5139972,5.0,lamahaii, park,,Missing description
5166,Art writes,"ghaoraahaii 22400, naepaala",28.0451294,82.4836972,1.0,naepaala, art_gallery,,Missing description
5167,The art of living dang,"2FWQ+9Q9, ghaoraahaii 22400, naepaala",28.0459173,82.4894993,0.0,ghaoraahaii, art_gallery,,Missing description
5168,Subedi Mandir,"RPPV+6MM, laalamataiyaa 22404, naepaala",27.8356097,82.74417,3.7,laalamataiyaa, hindu_temple,,Missing description
5169,Trek Me Nepal Pvt. Ltd.,"Baneshwor Chowk, kaathamaadaauँ 44600, naepaala",27.6914258,85.3371961,4.9,kaathamaadaauँ, trek,,Missing description
5170,Bijay sakriya A.G church purbahapure,"54JV+Q2, pauranadhaaraa 22400, naepaala",28.1819269,82.1425129,5.0,pauranadhaaraa, church,,Missing description
5171,Refreshing zone baulakhola,"44VM+C6M, Charakmatiya Chhaupaari Belvaar Baato, panyachakaulae 22412, naepaala",28.1435859,82.1330541,0.0,Charakmatiya Chhaupaari Belvaar Baato, trek,,Missing description
5172,Dharchula camping and trekking store,"near, imdaiyaa - naepaala maaraga, dhaarachauulaa, utataraakhamda 262545, bhaarata",29.8480611,80.5420227,5.0,imdaiyaa - naepaala maaraga, trek,,Missing description
5173,Aquarium paradize,"P854+GJ7, kaathamaadaauँ 44600, naepaala",27.7087893,85.3065349,4.6,kaathamaadaauँ, aquarium,,Missing description
5174,saidadha taopaii haikailaa,"VJVR+FJ2, haikaiilaa 10100, naepaala",29.8936276,80.6415246,4.5,haikaiilaa, monument,,Missing description
5175,DDLG,"PFF8+2V, shangakharaapaura 44600, naepaala",27.722506,85.467182,0.0,shangakharaapaura, hike,,Missing description
5176,Jayapur darchula jayapaura latainaatha manadaira,"MFR8+4FC, takanaa 10100, naepaala",29.6903045,80.4661286,5.0,takanaa, hindu_temple,,Missing description
5177,Changathali Sachittananda Aasramchaangagagaathalaii sachaitatanaanada aasharama,"Changathali Rd 7, mahaalakashamaii, naepaala",27.6567128,85.36965,0.0,mahaalakashamaii, hindu_temple,,Missing description
5178,The Himalayan Rabbit Farm,"Dhunibeshi, 09, naepaala",27.7217803,85.1891939,4.6,9, zoo,,Missing description
5179,B&D Aquarium store and aquatic center,"P62H+6WJ, kaathamaadaauँ 44600, naepaala",27.7005855,85.229762,0.0,kaathamaadaauँ, aquarium,,Missing description
5180,Seti-Devistan Temple,"Pasangkhel, Naubise-8, naaubaisae, naepaala",27.7009328,85.1611729,4.7,Naubise-8, hindu_temple,,Missing description
5181,Rebecca Aiden Picnic Spot,"Ramkot, Nagarjun 7, Kathmandu 44600, naepaala",27.7202472,85.2337585,0.0,Nagarjun, picnic,,Missing description
5182,santy animal farm,"Galchhi-3,chhatintar,dhading, 45100, naepaala",27.8206555,84.9287464,5.0,chhatintar, zoo,,Missing description
5183,Chandra Arts & Shilalekh,"Nilkantha-8 Bagaicha, nailakanatha 45100, naepaala",27.9110582,84.8787354,5.0,nailakanatha, art_gallery,,Missing description
5184,bhanyajayaanga,"VW3F+QW, nailakanatha 45100, naepaala",27.8544524,84.9248404,0.0,nailakanatha, trek,,Missing description
5185,Jara Gallery Dhading (gift house),"nailakanatha 45100, naepaala",27.9113097,84.8897018,0.0,naepaala, art_gallery,,Missing description
5186,Kantrang,"33V9+7J6, jhaaralaangaga 45100, naepaala",28.0931701,85.0690292,5.0,jhaaralaangaga, trek,,Missing description
5187,Gumdi Besi,"2XV8+HVC suspension bridge, darakha 45100, naepaala",28.0439494,84.9671399,0.0,darakha, park,,Missing description
5188,Dikchaur,"R3P2+32, dauipaipala 44900, naepaala",27.8351825,85.0500148,3.5,dauipaipala, picnic,,Missing description
5189,chhai bhanajayaanga Chhi Bhanjyang,"Q24C+WXX, thaakarae 45100, naepaala",27.7573608,85.0224926,5.0,thaakarae, hike,,Missing description
5190,Emmanuel Kripa Church,"Q329+RPJ, paृthawaii raajamaaraga, thaakarae 45100, naepaala",27.7534434,85.0692758,3.0,paृthawaii raajamaaraga, church,,Missing description
5191,Narayan Mandir manadaira,"WV8V+7H2, Unnamed Road, nailakanatha 45100, naepaala",27.915657,84.8938728,0.0,Unnamed Road, hindu_temple,,Missing description
5192,Raatmaate Chautari,"RQ76+3P, baenaighaata, naepaala",27.8127393,84.7618543,5.0,baenaighaata, park,,Missing description
5193,phaaiwa garaupa daila chaoka,"JJ7M+5HJ, 4-Group Rd, bhanadaaraa 44202, naepaala",27.6129782,84.6338906,5.0,4-Group Rd, museum,,Missing description
5194,"Shoreee Kalika Temple, Gajuri-07, Dadagaun","QW7F+VW, kairaanachaoka 45100, naepaala",27.7647105,84.9248542,5.0,kairaanachaoka, hindu_temple,,Missing description
5195,saichaeta paokharaii,"428X+WHQ, jhaaralaangaga 45100, naepaala",28.1169594,85.0504506,0.0,jhaaralaangaga, park,,Missing description
5196,"Pangsang Vanjyang, Ruby Valley","557C+4MF, 45100, naepaala",28.1628036,85.1716654,4.5,45100, monument,,Missing description
5197,Fins and fur,"ratana raoda 11, dharaana 56700, naepaala",26.8128452,87.2865178,4.8,dharaana, aquarium,,Missing description
5198,jitpur Bapts church,"4879+H74, Mahalaxmi Municipality 56800, naepaala",27.1139051,87.3181988,0.0,Mahalaxmi, church,,Missing description
5199,mahaalakashamaii manadaira,"sharaii mahaalakashamaii manadaira, Mahalaxmi Marga, bhakatapaura 44800, naepaala",27.6757344,85.4331444,3.9,Mahalaxmi Marga, hindu_temple,,Missing description
5200,Park Zone Hile,"28M7+HCG, dhanakautaa 56806, naepaala",27.0337544,87.3138163,0.0,dhanakautaa, park,,Missing description
5201,chaotalaunga paaraka basanatapaura taeharathauma,"4CH5+HHH, 57500, naepaala",27.1289317,87.4089807,4.8,57500, museum,,Missing description
5202,Hile Picnic Spot,"28R9+6F, dhanakautaa 56806, naepaala",27.0405253,87.3186919,0.0,dhanakautaa, picnic,,Missing description
5203,Gajar Park,"29C3+F4C, dhanakautaa 56800, naepaala",27.0209165,87.3522386,0.0,dhanakautaa, park,,Missing description
5204,"Soloman church,Chaubise-2,Tallo Todke","WG37+FJ6, 56800, naepaala",26.9036657,87.5140305,5.0,56800, church,,Missing description
5205,Rai Tol,"V6JM+Q5, aahaalae 56800, naepaala",26.8818936,87.232999,5.0,aahaalae, trek,,Missing description
5206,nauraii jaamae masajaida,"janakapaura 45600, naepaala",26.715806,85.906086,4.7,naepaala, mosque,,Missing description
5207,"paaekharaiyaa taala, dhalakaewara","XX59+HRR, Unnamed Road, maithailaa 45600, naepaala",26.9589997,85.9695236,4.4,Unnamed Road, park,,Missing description
5208,Dhalkebar Mashiha Church,"WXH7+X5X, mahaenadara raajamaaraga, maithailaa 45600, naepaala",26.9299781,85.9629835,5.0,mahaenadara raajamaaraga, church,,Missing description
5209,Mahajan pokhari,"QW8M+MPX, janakapaura 45600, naepaala",26.7667495,85.9343679,0.0,janakapaura, picnic,,Missing description
5210,nagaraaina,"nagaraaina, naepaala",26.626935,85.9355043,,naepaala, historic_site,,Missing description
5211,Laxminya Dam (bandh),"MW45+9HV, phaulagaamaa 45600, naepaala",26.6559907,85.9089188,5.0,phaulagaamaa, trek,,Missing description
5212,Nagai Dhunga,"JGC5+PRX, banaepaa, naepaala",27.6218596,85.5096187,5.0,banaepaa, hike,,Missing description
5213,Lukuwa dada laukauwaa daaँdaa,"GGQX+H2F, Balthali Resort Road, balathalaii 45200, naepaala",27.5389463,85.5475424,3.0,Balthali Resort Road, hike,,Missing description
5214,YADAV FAMILY,"PWFW+R39, janakapaura 45600, naepaala",26.7245404,85.9452191,0.0,janakapaura, hike,,Missing description
5215,Hanwa deurali (Kirat Sunuwar Cultural Museum ),"Hanwa Rd, haawaa 45500, naepaala",27.5623558,86.1791827,0.0,haawaa, museum,,Missing description
5216,ghayaanga daadaa,"Q23V+37R, Kuri Village, naepaala",27.7527294,86.0431483,5.0,Kuri Village, hike,,Missing description
5217,Gaurishankar temple dhadkhola gaauraiishamkara manadaira taokhaa ०१,"Tokha Road 1, kaathamaadaauँ 44600, naepaala",27.7927692,85.3317344,5.0,kaathamaadaauँ, hindu_temple,,Missing description
5218,Hathi chahara,"M28W+MC6, bhaimaeshawara nagarapaalaikaa 45500, naepaala",27.6668734,86.0460985,0.0,bhaimaeshawara, amusement_park,,Missing description
5219,Sailung Mangau,"H2F2+W3R, shaailaungaeshawaora 45500, naepaala",27.5748726,86.0001446,5.0,shaailaungaeshawaora, church,,Missing description
5220,Chor Sanghu,"G4VH+QW8, chayaamaa 45500, naepaala",27.5444046,86.1298286,0.0,chayaamaa, trek,,Missing description
5221,Nuwakot picnic place,"PFH3+6MP, Unnamed Road, daobhaana 32907, naepaala",27.7280834,83.4541896,4.0,Unnamed Road, picnic,,Missing description
5222,Rajarani Ralli,"2R92+2F3, taraipauraakaota 21400, naepaala",29.0175122,82.8011615,0.0,taraipauraakaota, museum,,Missing description
5223,Galli masta,"2RH3+8F2, taraipauraakaota 21400, naepaala",29.028273,82.803652,5.0,taraipauraakaota, tourist_attraction,,Missing description
5224,"Tripurasundari Municipality, Dolpa","2Q9R+GH9, taraipauraakaota 21400, naepaala",29.0187683,82.7910943,4.3,taraipauraakaota, picnic,,Missing description
5225,Chaku Christiya Mandali,"VWM6+6J, Chaku, naepaala",27.8831089,85.9115275,4.7,Chaku, church,,Missing description
5226,jaangagalaa bhanyajayaanga,"RWHH+25H, ranamaamaaikaota 21400, naepaala",28.8275576,82.9279808,5.0,ranamaamaaikaota, park,,Missing description
5227,daipa kaunada,"QXQR+RP, ranamaamaaikaota 22000, naepaala",28.7895565,82.9918639,0.0,ranamaamaaikaota, hike,,Missing description
5228,nabin,"8QFF+PCF, 10800, naepaala",29.3243232,80.7735413,0.0,10800, park,,Missing description
5229,Purbichauki Rural Municipality,"sailagadhaii-saaँphaebagara raajamaaraga, saanaagaauँ 10800, naepaala",29.2722911,81.0616524,3.5,saanaagaauँ, mosque,,Missing description
5230,kaunataa damamao,"R84M+MH basanatae khaolaa paula, baidayaapaura 21700, naepaala",28.8064038,81.3339104,0.0,baidayaapaura, aquarium,,Missing description
5231,sharaii bhawaanaii manadaira ।,"9259+337, daauda 10800, naepaala",29.3576521,81.0176589,5.0,daauda, hindu_temple,,Missing description
5232,Kothbada,"73RW+2R, kaadaamaanadaau 10800, naepaala",29.2900392,81.0970036,0.0,kaadaamaanadaau, hike,,Missing description
5233,small aqua,"dhapsi tokha, kaathamaadaauँ, naepaala",27.7509692,85.335862,4.8,kaathamaadaauँ, aquarium,,Missing description
5234,Siuchakwo Dyo (inadaraayanaii) 𑐳𑑂𑐫𑐹𑐔𑐵𑐎𑑂𑐰 𑐡𑑂𑐫𑑅,"M9HM+6V3, Unnamed Road, madhayapaura thaimai 44600, naepaala",27.6779954,85.3847291,5.0,Unnamed Road, hindu_temple,,Missing description
5235,Ashish Church,"Samakhusi Marg Chowk, kaathamaadaauँ 44600, naepaala",27.7299923,85.3163771,5.0,kaathamaadaauँ, church,,Missing description
5236,Ido homestayyy,"VG3R+G23, maelamachaii taalaamaaraanga sadaka, maelamachaii, naepaala",27.8537552,85.5400544,5.0,maelamachaii taalaamaaraanga sadaka, hike,,Missing description
5237,kae.aaii.saim.,"kae.aaii.saim., naepaala",29.1858524,80.9956787,,naepaala, tourist_attraction,,Missing description
5238,kaeaaii saimha gaauँpaalaikaa kaarayaalaya,"KI Singh 04, 10800, 10800, naepaala",29.1615886,80.9596328,4.2,10800, tourist_attraction,,Missing description
5239,"Pakari Gau, Silgadhi , Doti, Far-western region , Nepal","6XRV+C33, Silgadhi-Sanfebagar Hwy, daipaayala sailagadhaii 10800, naepaala",29.2410231,80.9926706,3.2,Silgadhi-Sanfebagar Hwy, tourist_attraction,,Missing description
5240,Doti,"Doti, daipaayala sailagadhaii 10800, naepaala",29.266667,80.983333,,daipaayala, tourist_attraction,,Missing description
5241,panyachamaukhaii padhanaiyaa taala,"QJ7F+JQW, atataraiiyaa 10900, naepaala",28.7641103,80.6244425,0.0,atataraiiyaa, aquarium,,Missing description
5242,Saipal Aquarium Shop,"RH52+V2J, atataraiiyaa 10900, naepaala",28.8097298,80.550002,5.0,atataraiiyaa, aquarium,,Missing description
5243,taraekainga gaaida taolaii saahasaika paraa laimaitaeda,"narasaimha chaoka maaraga, kaathamaadaauँ 44600, naepaala",27.7135933,85.3113309,5.0,kaathamaadaauँ, trek,,Missing description
5244,Gairigadh suspension bridge,"6W28+4F, daipaayala sailagadhaii 10800, naepaala",29.2003096,80.9162274,0.0,daipaayala, hike,,Missing description
5245,"saetaii-karanaalaii daobhaana,baenaighaata","Bogtan RM, naepaala",28.9661494,81.1038218,3.3,naepaala, park,,Missing description
5246,Bishnughaat tole,"M9RQ+P28, Bode school to sanotar, madhayapaura thaimai 44600, naepaala",27.6917892,85.3875738,5.0,Bode school to sanotar, monument,,Missing description
5247,Gandaki manasulu nursery forest and Animal farm,"XJMG+JVP, gaorakhaa 34000, naepaala",27.9841,84.6271934,0.0,gaorakhaa, zoo,,Missing description
5248,Gorkha International Travels & Treks,"thamaela bhagawataii maaraga, kaathamaadaauँ 44600, naepaala",27.7161347,85.3109024,4.8,kaathamaadaauँ, trek,,Missing description
5249,Gorkha Tourism,"gaorakhaa 34000, naepaala",27.9841839,84.6269824,0.0,naepaala, tourist_attraction,,Missing description
5250,Palungtar Municipal Temple,"3F2Q+97P, Road, paalaungataara, naepaala",28.0509649,84.4882024,0.0,Road, hindu_temple,,Missing description
5251,Shyauli Church (Mahatar),"3J2R+FRJ, daraaumdaii sadaka, sharaiinaathakaota 34000, naepaala",28.051223,84.6420177,3.5,daraaumdaii sadaka, church,,Missing description
5252,Syalkhola Dhara sayaalakhaolaa,"4G3J+2FM, 33600, naepaala",28.1025767,84.5311583,0.0,33600, amusement_park,,Missing description
5253,chaapa chaaaitaaraa,"XJJ9+RWC, gaorakhaa 34000, naepaala",27.9820603,84.6197657,0.0,gaorakhaa, museum,,Missing description
5254,VC gajae ghalae saamaudaayaka samgaraahalaya,"6P3V+3WV, naepaala",28.2027291,84.7448002,0.0,naepaala, museum,,Missing description
5255,Amrit Art Gallery,"JH7M+53Q, mahaenadara raajamaaraga, khaairahaanaii 44202, naepaala",27.6129626,84.582726,3.5,mahaenadara raajamaaraga, art_gallery,,Missing description
5256,Kasyap gotriya adhikari ajirkot lapsibot lamidada kul mandir,"hamsapaura, naepaala",28.1864329,84.6418604,4.5,naepaala, hindu_temple,,Missing description
5257,Sirandanda picnic area,"5MF9+VJ3, naepaala",28.1746498,84.6690471,0.0,naepaala, picnic,,Missing description
5258,Gandaki Village Trekking and Travel | Trekking in Nepal,"kathmandu, Paknajol Marg-16, Kathmandu | Hotel Dream City post-Box Karibote -16, kaathamaadaauँ 23437, naepaala",27.7129772,85.3085081,5.0,Paknajol Marg-16, trek,,Missing description
5259,shaiwa manadaira paaraka,"2PRH+C2M, masaela, naepaala",28.0409997,84.7276927,0.0,masaela, park,,Missing description
5260,taoraiwaarai paatala baeladaadaa,"road, gaorakhaa, naepaala",28.0386164,84.7649568,0.0,gaorakhaa, museum,,Missing description
5261,"Bhimsen Thapa Borlang Smriti Park, Borlang, Bhimsenthapa Rural Municipality, Gorkha","XPRX+JM, baoralaamga, naepaala",27.9915833,84.7491353,3.3,baoralaamga, monument,,Missing description
5262,Tinmane museum,"WJHR+G4Q, Taklung - Rainas Rd, takalaunga, naepaala",27.9288285,84.6403496,0.0,Taklung - Rainas Rd, museum,,Missing description
5263,Himalayan Arughat Bagaicha Church,"3R27+CXM, naepaala",28.0511038,84.8147576,5.0,naepaala, church,,Missing description
5264,"saeraanga gaumabaa,chauma","HV2V+CF9, baihai, naepaala",28.5510361,84.8937258,4.5,baihai, monument,,Missing description
5265,Jeovaah nissi prayer house,"3G9Q+VHM, Kudapani Tamghas Rd, raesaungagaa 32600, naepaala",28.0697253,83.5389979,5.0,Kudapani Tamghas Rd, church,,Missing description
5266,magaragaauuँ gabadae,"3GM3+J5, gawaadhaa 32600, naepaala",28.0841248,83.5029364,2.5,gawaadhaa, trek,,Missing description
5267,gaulamaii darabaara,"gaulamaii darabaara, 32600, naepaala",28.0213277,83.3226827,,32600, historic_site,,Missing description
5268,Bharse church,"3CFM+58, bhaarasae 32600, naepaala",28.0729731,83.4333009,3.5,bhaarasae, church,,Missing description
5269,chanadarakaota,"chanadarakaota, naepaala",28.1092552,83.4157635,,naepaala, historic_site,,Missing description
5270,kauwaँrakao chaaupaaraii,"X72F+XJ8, bautawala-daewadaha maaraga to, chaidaikaa 32700, naepaala",27.952171,83.274376,4.3,bautawala-daewadaha maaraga to, park,,Missing description
5271,Gol Pokhari,"452C+RR5, jaaisaiithaoka 32600, naepaala",28.1020115,83.1721189,3.0,jaaisaiithaoka, park,,Missing description
5272,pauuranaekao jangagala,"44FC+WP, dhaurakaota raajasathaala 32600, naepaala",28.1255098,83.1218589,0.0,dhaurakaota, hike,,Missing description
5273,arakaisae taaela,"64J8+965 gaa.paa 4, 32600, naepaala",28.2308994,83.1156066,0.0,32600, trek,,Missing description
5274,ralainga gaumabaa,"XWP4+MC4, Bargaun 21000, naepaala",29.9866375,81.9060781,5.0,Bargaun, mosque,,Missing description
5275,Chaugan Phaya,"2X43+399, thaehae 21000, naepaala",30.0051731,81.9534815,5.0,thaehae, hindu_temple,,Missing description
5276,Neem Trekking,"Mhepi Janamarga 191, kaathamaadaauँ 44600, naepaala",27.7260758,85.3091852,5.0,kaathamaadaauँ, trek,,Missing description
5277,Bogati Mastamandu Temple,"way Jogibada, Lampata, naepaala",29.6545845,81.8646097,4.4,Lampata, hindu_temple,,Missing description
5278,Narayangarh Church of Christ,"MCWP+P47, Rameshwor Marga, kha 44207, naepaala",27.6967663,84.4352719,4.0,Rameshwor Marga, church,,Missing description
5279,Goldhunga church of Christ,"Q75P+W3C, taarakaeshawara 44600, naepaala",27.759718,85.2851618,0.0,taarakaeshawara, church,,Missing description
5280,Koinonia dhapakhel church,"J8PH+F27, lalaitapaura 44700, naepaala",27.6361348,85.3274501,5.0,lalaitapaura, church,,Missing description
5281,Kharpunath sewa Pvt.Ltd (Kharpunath Travels & Tour ),"kaathamaadaauँ 44600, naepaala",27.6938494,85.2835132,0.0,naepaala, historic_site,,Missing description
5282,Chunikhel Gamcha Church,"Q969+364, baudhaanaiilakanatha 44600, naepaala",27.7601319,85.3680762,4.8,baudhaanaiilakanatha, church,,Missing description
5283,Humla tanjakot,"JQP2+JQ6, maailaa 21000, naepaala",29.6365278,81.7519054,0.0,maailaa, aquarium,,Missing description
5284,gajauramaukhaii dhaama,"VQWG+VCH, gajauramaukhaii 57300, naepaala",26.8971954,87.7760947,4.6,gajauramaukhaii, hindu_temple,,Missing description
5285,Beautiful Tea Garden,"VRPG+C4, jaitapaura 57300, naepaala",26.8861023,87.8253159,5.0,jaitapaura, picnic,,Missing description
5286,kirat Mangkhim kairaata maangakhaima,"W493+2WR, sauurayaodaya 57303, naepaala",26.9176039,88.1047693,4.2,sauurayaodaya, museum,,Missing description
5287,"paathaiibharaa manadaira, ilaama","R3GG+C7G, maechaii raajamaaraga, kaolabaunga 57300, naepaala",26.8261717,88.0756665,4.7,maechaii raajamaaraga, hindu_temple,,Missing description
5288,7thist Church,"WW6P+2G, iilaama 57300, naepaala",26.9085738,87.9361783,0.0,iilaama, church,,Missing description
5289,Overland Trek Nepal Pvt. Ltd.| Best Trekking Company of Nepal| Manaslu Trek | Everest Trek,"Before Rest up Kathmandu Hostel, Overland Trek Nepal, pakanaajaola maaraga 16, kaathamaadaauँ 44600, naepaala",27.7137559,85.3083155,5.0,Overland Trek Nepal, trek,,Missing description
5290,saachae daobhaana parayatana kashaetara chaulaachaulaii ४ ilaama(chula chuli 4),"chaulaachaulaii ४, chaulaachaulaii 4, naepaala",26.716431,87.7301374,0.0,chaulaachaulaii, park,,Missing description
5291,daadaagharae maaiilaakaae ghara,"WQRP+F45 phakphokthum-7, iilaama 57300, naepaala",26.9411323,87.7853738,0.0,iilaama, tourist_attraction,,Missing description
5292,maaiijaogamaaii gaauँpaalaikaa,"X23C+G4G, nayaaँ bajaara 57300, naepaala",26.9538182,88.0203227,4.8,nayaaँ, mosque,,Missing description
5293,batataauraii paiipala rauukha(baluwatar),"M677+9F5, kaotajahaaraii 22000, naepaala",28.6633796,82.2137387,0.0,kaotajahaaraii, park,,Missing description
5294,Chhedagad Municipality Office,"P2GH+WHF, dasaeraa 21500, naepaala",28.7273314,82.0288989,3.7,dasaeraa, mosque,,Missing description
5295,Jiwan Jyoti AG church,"VW2M+CX7, daha 21500, naepaala",28.8510125,81.9349215,3.0,daha, church,,Missing description
5296,"Dhada Gauu Masta Than (Temple) village ,Jajarkot","RWVG+262, daha 21500, naepaala",28.8425131,81.9255249,4.0,daha, hindu_temple,,Missing description
5297,Junichande,"WW2P+QMX, daha 21500, naepaala",28.9019781,81.9367369,1.0,daha, monument,,Missing description
5298,Jen Art,"RMQ2+R5H, saisahanaiyaa 22400, naepaala",27.8395541,82.6504739,0.0,saisahanaiyaa, art_gallery,,Missing description
5299,A.L Aquarium and sounds,"bhakatapaura 44800, naepaala",27.6764409,85.4298154,4.0,naepaala, aquarium,,Missing description
5300,Amdangi FWB Church,"M5X5+RC4, maechaiinagara 57200, naepaala",26.6995216,88.1585844,0.0,maechaiinagara, church,,Missing description
5301,Dhulabari Chowk,"dhaulaabaaraii raoda, maechaiinagara 57207, naepaala",26.6597928,88.1005783,4.2,maechaiinagara, historic_site,,Missing description
5302,New Life Fellowship Church,"MX2P+2X9, bairataamaoda 57204, naepaala",26.6501017,87.9875109,4.5,bairataamaoda, church,,Missing description
5303,Birtamod bairataamaoda,"JXVR+6Q3, bairataamaoda 57204, naepaala",26.6430125,87.9919219,4.0,bairataamaoda, historic_site,,Missing description
5304,"Barpeepal , (lovetree), birtamode,jhapa","barpepal toal, birtamod -1, bairataamaoda 57204, naepaala",26.6293058,87.9824758,3.6,birtamod -1, picnic,,Missing description
5305,Shubha Laxmi tole,"JX8R+RH6, bairataamaoda 57204, naepaala",26.6170369,87.9913761,0.0,bairataamaoda, hike,,Missing description
5306,Ansari nivas,"Damak 9, damaka 57217, naepaala",26.6579375,87.7016761,0.0,damaka, mosque,,Missing description
5307,Aarati Photo Studio & Art,"damaka 57217, naepaala",26.6591986,87.6994196,5.0,naepaala, art_gallery,,Missing description
5308,Rabi stand Gate,"MPF3+5MF, damaka 57217, naepaala",26.6729414,87.7041806,4.4,damaka, historic_site,,Missing description
5309,Chitrashala Gallery Flex Printing,"Megha tole road, bhadarapaura 57200, naepaala",26.5672869,88.0682157,5.0,bhadarapaura, art_gallery,,Missing description
5310,Welcome Gate of Arjundhara Municipality,"MX3V+FQC, shanaishacharae raoda, bairataamaoda 57204, naepaala",26.6536803,87.9943993,1.0,shanaishacharae raoda, historic_site,,Missing description
5311,Jharna waterfall,"MRFP+MXX, maahaamaaii 57300, naepaala",26.6742315,87.8374988,3.8,maahaamaaii, hike,,Missing description
5312,shaiwa samaaraka,"JRQR+M7R, Unnamed Road, shaiwasataakashaii 57200, naepaala",26.6392452,87.8406289,4.5,Unnamed Road, monument,,Missing description
5313,"Gauradaha Bazar, gaauraadaha bajaara","HP79+PFQ, Gauradaha Bazar Road, gaauraadaha 57200, naepaala",26.5642668,87.7188569,4.5,Gauradaha Bazar Road, historic_site,,Missing description
5314,daadaa taola,"JJ9V+9H8, uralaabaaraii ९, naepaala",26.618402,87.6439419,2.0,daaँdaakharaka, tourist_attraction,,Missing description
5315,Kripa Bible Church,"M38C+CQ7, dhaaijana, naepaala",26.666028,88.0719353,5.0,dhaaijana, church,,Missing description
5316,Country Oasis Trekking Agency & Village Resort,"Charpane to Rajgad Road, Barahdashi 57209, naepaala",26.5512883,87.9416444,4.8,Barahdashi, trek,,Missing description
5317,kaetaakaetaii chaaeka,"9232+6HF, naraakaota 21200, naepaala",29.353075,82.001408,5.0,naraakaota, park,,Missing description
5318,"Sinja Valley Lodge, Narakot","8XGJ+HR4, shanaiigaauuँ 21200, naepaala",29.3263848,81.9820635,3.7,shanaiigaauuँ, park,,Missing description
5319,"Susamachar Mandali, Chiudee","6WJJ+HH5, kaalaikaakhaetau 21200, naepaala",29.2313782,81.9314945,1.0,kaalaikaakhaetau, church,,Missing description
5320,Gothpani,"CVWR+QC, raakaathauma 45400, naepaala",27.4469769,85.8910345,5.0,raakaathauma, hike,,Missing description
5321,Dhangadhi Chowk,"MJX2+RG4, dhanagadhaii 10900, naepaala",28.6995803,80.6015185,4.0,dhanagadhaii, tourist_attraction,,Missing description
5322,TAULAHA GARDEN (taaulaaha gaaradaena),"MJR2+6RH, dhanagadhaii 10900, naepaala",28.6917216,80.6034981,3.3,dhanagadhaii, picnic,,Missing description
5323,Gramin Maihla Tatha Bal Bikash Center,"J4MG+RMW, lamakaii chauhaa 10901, naepaala",28.6346059,81.1267089,5.0,lamakaii, museum,,Missing description
5324,haraiyaalaii saamaudaayaika wana,"PX74+Q5, ghaodaaghaodaii 10900, naepaala",28.714476,80.9553876,0.0,ghaodaaghaodaii, park,,Missing description
5325,Ghodighodi,"JXH8+32R, ghaodaaghaodaii 10900, naepaala",28.627729,80.9650023,3.0,ghaodaaghaodaii, tourist_attraction,,Missing description
5326,baisharaama chaautaaraii dabblapul bazar Godchaura,"F2R8+C2J, thaapaapaura 10901, naepaala",28.4910775,81.0150176,5.0,thaapaapaura, hike,,Missing description
5327,maukataeshawara aaraya ghaata,"J957+G2X, Satdobato-Godavari Rd, gaodaawaraii 44709, naepaala",27.6088733,85.3626101,5.0,Satdobato-Godavari Rd, hindu_temple,,Missing description
5328,chaaumaalaa,"chaaumaalaa 10900, naepaala",28.7669539,80.7546952,,naepaala, tourist_attraction,,Missing description
5329,Dev Aquarium,"H02, chanadaraagairaii 44600, naepaala",27.6870579,85.2663422,4.5,chanadaraagairaii, aquarium,,Missing description
5330,Malika,"PXGX+GH, ghaodaaghaodaii 10900, naepaala",28.8001713,81.0272934,0.0,ghaodaaghaodaii, hike,,Missing description
5331,Sunpal waterfall,"RWR2+JM, maohanayaala 10900, naepaala",28.8415342,80.9016651,4.4,maohanayaala, trek,,Missing description
5332,"Hanuman Mandir , Godawori , Kailali","H14, 10900, naepaala",28.870904,80.57223,4.4,10900, monument,,Missing description
5333,sharaii samkata harana hanaumaana manadaira aasharama,"H278+JG8, jaoshaiipaura 10901, naepaala",28.5640368,81.016338,3.0,jaoshaiipaura, hindu_temple,,Missing description
5334,"Tandi Mandir, Manma, Kalikot","4JP7+VFR, maanamaa 21300, naepaala",29.1372147,81.6136904,5.0,maanamaa, hindu_temple,,Missing description
5335,Sipti lekh saipataii laekha,"7J9X+C4, saiunaa 21300, naepaala",29.2685089,81.647814,5.0,saiunaa, park,,Missing description
5336,Pili,"4JGJ+QFM, maanamaa 21300, naepaala",29.1269555,81.6311589,4.3,maanamaa, monument,,Missing description
5337,Tulchha memorial stationery,"FG2Q+338, badaiimaalaikaa 10600, naepaala",29.4501528,81.5377013,0.0,badaiimaalaikaa, monument,,Missing description
5338,paugaelaii maaii manadaira,"6R95+748, raamanaakaota 21300, naepaala",29.2181622,81.8078201,4.7,raamanaakaota, hindu_temple,,Missing description
5339,Palata Rural Municipality,"6P5M+GXW, raamanaakaota 21300, naepaala",29.2088617,81.734942,4.3,raamanaakaota, historic_site,,Missing description
5340,bhamakaenaii dhaama -Bhamkeni Dham,"25PF+33W, bhaiimadatata 10400, naepaala",29.0352293,80.1726965,4.6,bhaiimadatata, hindu_temple,,Missing description
5341,baedakaota taala,"Bedkot Lake, daaijaii 10400, naepaala",29.0233624,80.3199905,4.7,daaijaii, monument,,Missing description
5342,BALIDAN A.G CHURCH,"church road, Belauri Road 10, baelaauraii 10400, naepaala",28.7146079,80.3028364,4.6,Belauri, church,,Missing description
5343,ananata manadalaii,"Krishnapur-4, naepaala",28.9052475,80.4660256,0.0,naepaala, church,,Missing description
5344,sharaii baaijanaatha manadaira baanaii,"kaृshanapaura 10400, naepaala",28.8500966,80.4212258,4.8,naepaala, hindu_temple,,Missing description
5345,Haludey talogadho baitadi toll,"WGQR+M7, kaृshanapaura 10900, naepaala",28.9391461,80.5406354,0.0,kaृshanapaura, picnic,,Missing description
5346,Hebron Church,"W4VJ+QVH, bhaiimadatata 10400, naepaala",28.9444327,80.1322543,0.0,bhaiimadatata, church,,Missing description
5347,Maranatha A.G. Church,"VC28+87X, kaृshanapaura 10400, naepaala",28.8508403,80.4157625,5.0,kaृshanapaura, church,,Missing description
5348,Mama chok,"RGJ7+6FH Pabitra Basti, kaृshanapaura 10900, naepaala",28.8305738,80.5137368,0.0,kaृshanapaura, trek,,Missing description
5349,baeladaaँdaii gaauँpaalaikaa kaarayaalaya,"Q7H9+X6H, baeladanadaii 10400, naepaala",28.7799511,80.2681284,3.2,baeladanadaii, trek,,Missing description
5350,Bodgaun,"Banganga, 8, naepaala",27.6850491,83.1434573,4.0,8, monument,,Missing description
5351,Satbara nepal,"HX6C+222, mahaaraajagamja 32800, naepaala",27.56,82.97,5.0,mahaaraajagamja, park,,Missing description
5352,Himalayan Trekking Path Pvt.Ltd.,"kaathamaadaauँ 44600, naepaala",27.7349606,85.2900781,5.0,naepaala, trek,,Missing description
5353,baudadhawaataiikaa,"baudadhawaataiikaa, naepaala",27.7252988,83.0146526,,naepaala, tourist_attraction,,Missing description
5354,Sagrahawa,"J37Q+6G9, kapailawasatau 32800, naepaala",27.6130267,83.08886,4.2,kapailawasatau, monument,,Missing description
5355,Kanakmuni Buddha Park,"H4R4+34, kapailawasatau 32800, naepaala",27.5901994,83.1053578,0.0,kapailawasatau, park,,Missing description
5356,abhairaawa masajaida २,"F4XX+8JV, kapailawasatau 32800, naepaala",27.4983632,83.1490444,4.2,kapailawasatau, mosque,,Missing description
5357,Pokhara Picnic Spot,"5X96+XHQ, paokharaa, naepaala",28.1699693,83.9614983,5.0,paokharaa, picnic,,Missing description
5358,Great Machhapuchhre Trail (GMT),"maachhaapauchachharae 33700, naepaala",28.3858664,83.9342916,4.4,naepaala, hike,,Missing description
5359,Ethnic mission church,"5WRX+6P6, Chhorepatan, Pokhara, simaltuda 17, naepaala",28.1905357,83.9492679,5.0,Chhorepatan, church,,Missing description
5360,Pachabhaiya Zoological Park/Wildlife rescue center ENTRANCE,"5454+XHC, paokharaa 33700, naepaala",28.1599478,84.1063908,5.0,paokharaa, zoo,,Missing description
5361,bhaumae thaana manadaira (taparaanga),"8339+GWH, sailadaujauurae 33700, naepaala",28.3043827,84.0691796,5.0,sailadaujauurae, hindu_temple,,Missing description
5362,maadaii gaaँupaalaikaakao kaarayaalaya,"7442+88J, thaumaakaodaaँdaa 33700, naepaala",28.2558184,84.1007941,3.8,thaumaakaodaaँdaa, historic_site,,Missing description
5363,Shalom Jyoti AG Church,"6X86+GG8, paokharaa 33700, naepaala",28.2163494,83.9612982,4.5,paokharaa, church,,Missing description
5364,Rupakot Resort,"Maidan -6, Rupakot, paokharaa, naepaala",28.1554003,84.1301573,4.3,Rupakot, picnic,,Missing description
5365,raupaa taala jhaolaungagae paula,"5457+VH, laekhanaatha 33700, naepaala",28.159688,84.113891,4.8,laekhanaatha, hike,,Missing description
5366,kaashathamanadapa,"kaathamaadaauँ 44600, naepaala",27.7039105,85.3058891,4.6,naepaala, hindu_temple,,Missing description
5367,CREATING SCULPTURE,"Q986+336, baudhaanaiilakanatha 44600, naepaala",27.7652189,85.360133,0.0,baudhaanaiilakanatha, museum,,Missing description
5368,Tokha1 malung,"Q8PH+QM2, taokhaa 44600, naepaala",27.7868977,85.3291466,0.0,taokhaa, art_gallery,,Missing description
5369,hawa ko ghar,"Q7FG+MJM, taarakaeshawara 44600, naepaala",27.7742172,85.2765532,0.0,taarakaeshawara, mosque,,Missing description
5370,shaanataeshawara mahaadaewa parawaesha dawaara ️/ Shantitol Entrance Gate,"P8W2+X8H, taarakaeshawara 44600, naepaala",27.7471937,85.300684,5.0,taarakaeshawara, monument,,Missing description
5371,Fulbarigate,"P7VW+R62, taarakaeshawara 44600, naepaala",27.744511,85.295207,3.6,taarakaeshawara, trek,,Missing description
5372,Trek Ways Nepal,"bhagawaana bahaala maaraga 117-124, kaathamaadaauँ 44600, naepaala",27.7160043,85.3123977,5.0,kaathamaadaauँ, trek,,Missing description
5373,Panchakanya Mandir Syuchatar,"M7XH+R7J, naagaarajauna 44600, naepaala",27.6995924,85.278137,4.4,naagaarajauna, hindu_temple,,Missing description
5374,Samrakshanbid Smarak Salik Park (Conservationist Memorial Statue Park),"P69H+6GW, chanadaraagairaii 44600, naepaala",27.7181003,85.228837,4.1,chanadaraagairaii, monument,,Missing description
5375,Masjid Ahle Hadees (Islamic Center Kalimati Kathmandu Nepal,"M7WW+C7R, kaathamaadaauँ 44600, naepaala",27.6961226,85.2956263,4.4,kaathamaadaauँ, mosque,,Missing description
5376,Vision Baptist Church,"dhaulaikhaela maaraga, dhaulaikhaela 45200, naepaala",27.6173257,85.5553254,5.0,dhaulaikhaela, church,,Missing description
5377,"Devisthan,(Place of Hindhu Godess Bhagwati) Dhulikhel","JH69+5G3, dhaulaikhaela 45200, naepaala",27.610384,85.5687882,4.1,dhaulaikhaela, hindu_temple,,Missing description
5378,Chapleti,"JGVX+7QW, Banepa-RabiOP Rd, rabai opaii 45200, naepaala",27.6432408,85.5494411,4.4,Banepa-RabiOP Rd, historic_site,,Missing description
5379,Kathmandu Fun Valley,"JGMH+73X, banaepaa 45210, naepaala",27.6332252,85.5277488,2.0,banaepaa, amusement_park,,Missing description
5380,Balthali View Point,"HG5M+W98, Khopashi to Balthali, panaautaii 45216, naepaala",27.5597837,85.5334565,4.6,Khopashi to Balthali, trek,,Missing description
5381,haaँgaethaaँtaii chaautaarao,"MH6R+W25, paaँchakhaala 45212, naepaala",27.6622677,85.5901168,5.0,paaँchakhaala, park,,Missing description
5382,Panchkhal church,"MJ4G+W75, aranaikao raajamaaraga, paaँchakhaala 45212, naepaala",27.6572778,85.6258158,0.0,aranaikao raajamaaraga, church,,Missing description
5383,ramaa bhagawataii manadaira,"MH3X+H5, paaँchakhaala 45212, naepaala",27.6545389,85.5978302,0.0,paaँchakhaala, hindu_temple,,Missing description
5384,Dhandre Khola,"JMPJ+4X, paaँchakhaala, naepaala",27.6352902,85.6824173,3.0,paaँchakhaala, hike,,Missing description
5385,Himalayan Namobuddha Travel & Treks,"thamaela maaraga 1, kaathamaadaauँ 44600, naepaala",27.716072,85.3072338,4.8,kaathamaadaauँ, trek,,Missing description
5386,chaihaana daaँdaa,"PH26+4C6, nayaaँgaauँ daeupaura 45200, naepaala",27.7007369,85.5611318,0.0,nayaaँgaauँ, hike,,Missing description
5387,Shoreee Panchakanya Mandir,"M97G+QRW, ananatalaingagaeshawara, naepaala",27.6644845,85.3770982,0.0,ananatalaingagaeshawara, hindu_temple,,Missing description
5388,Magarchhap,"HPV3+H8, kharaelathaoka 45200, naepaala",27.5939375,85.7033125,0.0,kharaelathaoka, amusement_park,,Missing description
5389,Vhupaleshowr Mahadev Temple,"Temal rural municipality, -1, naepaala",27.5738843,85.7140979,0.0,-1, hindu_temple,,Missing description
5390,Thumki Picnic Spot,"Panauti-11, balathalaii 45216, naepaala",27.560006,85.5326756,4.6,balathalaii, picnic,,Missing description
5391,aँdhaeraii gasapaela characha,"C94G+JXW, baetainai 44100, naepaala",27.4066023,85.3774192,5.0,baetainai, church,,Missing description
5392,daikataela,"daikataela 56200, naepaala",27.2192868,86.7919009,,naepaala, mosque,,Missing description
5393,daikataela raupaakaota majhauwaagadhaii nagarapaalaikaa Diktel Rupakot Majhuwagadhi Municipality Office,"6Q8V+8VF, daikataela 56200, naepaala",27.2158165,86.794667,3.7,daikataela, mosque,,Missing description
5394,jailalaa adaalata khaotaanga maure,"6Q6V+FGH, daikataela 56200, naepaala",27.2111555,86.7937276,3.6,daikataela, mosque,,Missing description
5395,raupaakaota masajaida,"543V+H5G, Vhirchowk-Mohoriya Rd, raupaakaota 33700, naepaala",28.1539361,84.1429625,4.0,Vhirchowk-Mohoriya Rd, mosque,,Missing description
5396,aachaaraya kaula pauujaa manadaira Acharya Kul Pooja Temple,"6Q9X+35J, daikataela 56200, naepaala",27.2177232,86.7978904,5.0,daikataela, hindu_temple,,Missing description
5397,Khotang halesi,"5JQ9+G86, mahaadaewasathaana 56200, naepaala",27.1887909,86.6182736,3.3,mahaadaewasathaana, tourist_attraction,,Missing description
5398,Puma Picnic Park,"XR9X+XXP, daipalaunga 56200, naepaala",26.9699592,86.8499453,5.0,daipalaunga, picnic,,Missing description
5399,Ashish church sitapakha,"J8XR+RCW, mahaalakashamaii 44700, naepaala",27.6496284,85.3410598,5.0,mahaalakashamaii, church,,Missing description
5400,Bagaicha,"5 khuta Bagaicha, naepaala",26.9826779,86.8865224,0.0,naepaala, aquarium,,Missing description
5401,thaingagana haraiyao kharaka characha,"F7C4+7FH, payautaara 44700, naepaala",27.4706835,85.2562264,3.0,payautaara, church,,Missing description
5402,Baraha Pokhari (baraaha paokharaii),"8F49+763, baahaunadaaँdaa 33600, naepaala",28.3056472,84.4680544,4.5,baahaunadaaँdaa, monument,,Missing description
5403,raashataraiya wanasapatai udayaana,"H9WJ+X5W, Satdobato-Godavari Rd, gaodaawaraii 44709, naepaala",27.5974793,85.3804656,4.4,Satdobato-Godavari Rd, tourist_attraction,,Missing description
5404,National fishery research center,"H9XQ+V4F, Satdobato-Godavari Rd, gaodaawaraii 44709, naepaala",27.5996946,85.3877837,4.5,Satdobato-Godavari Rd, museum,,Missing description
5405,Bubble zone 7,"gaodaawaraii, naepaala",27.6123608,85.3571781,4.4,naepaala, aquarium,,Missing description
5406,First view point,"H9HW+8JC, Godawari - Phulchoki Rd, gaodaawaraii 45200, naepaala",27.5783216,85.3965066,4.5,Godawari - Phulchoki Rd, hike,,Missing description
5407,Koinonia Chapagaun Church,"J84C+WR2, saatadaobaatao-taiikaabhaairaba maaraga, chaapaagaa‌‍‍uँ 44700, naepaala",27.6072573,85.3220159,4.3,saatadaobaatao-taiikaabhaairaba maaraga, church,,Missing description
5408,laimabauu samgarahaalaya,"M848+QCC, Timba Sirak Factory, lalaitapaura 44700, naepaala",27.6568711,85.3160227,3.7,Timba Sirak Factory, museum,,Missing description
5409,iitaa paukhau,"M8CF+M47, taii chhaum galalaii, lalaitapaura 44600, naepaala",27.671667,85.3228122,4.0,taii chhaum galalaii, historic_site,,Missing description
5410,Susamchar Prachar Aashish Mandali,"36MQ+5CH, samaibhanajayaamga 33600, naepaala",28.0829784,84.2386688,4.0,samaibhanajayaamga, church,,Missing description
5411,sharaii naaga bhaairawa manadaira,"Tandrangkot, Madhyanepal-03, naepaala",28.1355779,84.2614055,5.0,Madhyanepal-03, hindu_temple,,Missing description
5412,Yingma Chhophel Ling Gumba,"577X+9WH, madhayanaepaala nagarapaalaikaa 33600, naepaala",28.1634309,84.2998438,4.5,madhayanaepaala, monument,,Missing description
5413,madhayanaepaala,"madhayanaepaala, naepaala",28.1578484,84.2464982,,naepaala, monument,,Missing description
5414,Pachvaiya Zoo And Wild Conservation Area,"5456+945, Unnamed Road, laekhanaatha 33700, naepaala",28.1583918,84.1103729,3.5,Unnamed Road, zoo,,Missing description
5415,Kumaltar sundarbazar,"4CFC+JG3, saunadarabajaara 33600, naepaala",28.1240201,84.4213062,0.0,saunadarabajaara, hindu_temple,,Missing description
5416,Ligligkot Picnic Spot,"3G6G+HQ4, paalaungataara, naepaala",28.0611774,84.5263916,0.0,paalaungataara, picnic,,Missing description
5417,Naruwal Pandhero,"59RV+82C, waesaiishahara 33600, naepaala",28.1908079,84.3925305,0.0,waesaiishahara, amusement_park,,Missing description
5418,saiuँdaiibaara,"79G3+JM8, saimapaanaii 33600, naepaala",28.2765491,84.3542049,0.0,saimapaanaii, park,,Missing description
5419,Marsyandi Trout Farm,"8C52+RQ, khaudaii 33600, naepaala",28.3095538,84.4019485,5.0,khaudaii, aquarium,,Missing description
5420,Mero Canvas,"saata ghaumataii maaraga 3, kaathamaadaauँ 44600, naepaala",27.715751,85.309327,4.9,kaathamaadaauँ, art_gallery,,Missing description
5421,Noccha Park,"JWFH+G5C, Road, janakapaura 45600, naepaala",26.6238001,85.9278993,3.2,Road, zoo,,Missing description
5422,Masjid East Irfani Gaushala,"WQ8J+RMP, gaaushaalaa 45700, naepaala",26.9171551,85.7816739,0.0,gaaushaalaa, mosque,,Missing description
5423,"Bansato Mai Mandir [Gaushala, Mahottari]","XRHP+X92, gaaushaalaa 45701, naepaala",26.9798883,85.8358983,0.0,gaaushaalaa, hindu_temple,,Missing description
5424,Gaushala Ground,"P84W+JFQ, chakarapatha, kaathamaadaauँ 44600, naepaala",27.7065966,85.3462188,4.0,chakarapatha, historic_site,,Missing description
5425,Sangrampur Church,"RRVR+63, haataiisarawaa 45700, naepaala",26.8432184,85.8414105,0.0,haataiisarawaa, church,,Missing description
5426,"Balawa jhulange pull,Nepal","PQRM+RWR, balawaa 45700, naepaala",26.7421178,85.7847694,4.0,balawaa, tourist_attraction,,Missing description
5427,shaiwa mamdaira,"PRGV+M22, Balawa - Janakpur Rd, badaiyaa banachaauraii 45700, naepaala",26.7266373,85.842526,3.7,Balawa - Janakpur Rd, hindu_temple,,Missing description
5428,bhaँgaahaa,"bhaँgaahaa, naepaala",26.8674431,85.8899959,,naepaala, monument,,Missing description
5429,Sonam lama home town,"RGCR+WQ, maelamachaii, naepaala",27.8222565,85.5419547,5.0,maelamachaii, park,,Missing description
5430,saonaamaaii manadaira,"VRF6+9X9, saonaamaaii 45700, naepaala",26.8733993,85.8124692,4.5,saonaamaaii, hindu_temple,,Missing description
5431,devi mandir,"MQRM+MV9, baradaibaasa-jalaeshawara raajamaaraga, kaolahauwaa bagaaichaa 45700, naepaala",26.6916714,85.7847224,0.0,baradaibaasa-jalaeshawara raajamaaraga, hindu_temple,,Missing description
5432,Mangalam Gaya Devi Memorial Land,"JPXW+79Q, naainahaii 45700, naepaala",26.6482084,85.7460251,0.0,naainahaii, monument,,Missing description
5433,ekadaaraa gaauँpaalaikaa ‍‍‍‍waadaa-४ kaarayaalaya,"MP9W+28P, jalaeshawaora raoda, halakhaoraii 45700, naepaala",26.6675965,85.7458106,4.0,jalaeshawaora raoda, historic_site,,Missing description
5434,Simrik Real Nepal Treks & Expedition (P) Ltd,"Nagarjun Municipality 2, kaathamaadaauँ 44611, naepaala",27.725334,85.278993,3.7,kaathamaadaauँ, trek,,Missing description
5435,Matihani clock tower,"JR6X+FHX, mataihaanaii 45700, naepaala",26.6112483,85.84898,2.0,mataihaanaii, historic_site,,Missing description
5436,Bikash Pokari,"VR33+MRQ, saonaamaaii 45700, naepaala",26.8542175,85.8046144,0.0,saonaamaaii, hike,,Missing description
5437,Loharpatti 3 Mahadaiya brahmasthan temple,"QV9Q+43X, mahaadaaiyaatapanapaura 45700, naepaala",26.7681574,85.888514,5.0,mahaadaaiyaatapanapaura, hindu_temple,,Missing description
5438,New Daman view point,"J462+G5G, H02, thaahaa 44100, naepaala",27.6113053,85.1004651,4.3,H02, park,,Missing description
5439,taa:pha:(laamapaataii),"J3P9+5RR, thaahaa 44100, naepaala",27.6354798,85.0697053,0.0,thaahaa, museum,,Missing description
5440,"Thaha Stamba thaahaa satambha sahaida paaraka, Sahid park","CXVX+2R, haetaaudaa 44100, naepaala",27.4425521,84.9995162,4.0,haetaaudaa, historic_site,,Missing description
5441,gaumabaa daaँdaa,"946V+VPC, haetaaudaa 44100, naepaala",27.362192,85.1441972,4.3,haetaaudaa, mosque,,Missing description
5442,Deukot view Tower,"GRQC+FMG, Unnamed Road, manaharai 44100, naepaala",27.5386758,84.8216984,4.3,Unnamed Road, park,,Missing description
5443,Rapti Riverside,"C2PH+MV4, New Rd, haetaaudaa 44100, naepaala",27.436637,85.0297074,4.0,New Rd, picnic,,Missing description
5444,Chisapanigadhi ᤛᤣᤘᤠᤖᤥ,"H45Q+MC9, kaulaekhaanaii - saisanaeraii - pharapainga sadaka, bhaimaphaedaii 44100, naepaala",27.5583903,85.1376475,4.3,kaulaekhaanaii - saisanaeraii - pharapainga sadaka, historic_site,,Missing description
5445,baishanau kaunada,"MVGQ+JH5, daaँdaakharaka, naepaala",27.6765223,84.8889756,0.0,daaँdaakharaka, park,,Missing description
5446,"Thokarkhola Waterfall Newarpani, Hetauda","FWMH+57V, haetaaudaa 44100, naepaala",27.482984,84.928165,3.7,haetaaudaa, amusement_park,,Missing description
5447,Cauliflower & Potato Statue,"J3CM+7G6, thaahaa 44100, naepaala",27.6206728,85.0837597,4.0,thaahaa, monument,,Missing description
5448,naepaala kaailaasha taraekainga paraa। laimaitaeda,"Khusibu Sadak 16, kaathamaadaauँ 46600, naepaala",27.7199869,85.3005014,4.9,kaathamaadaauँ, trek,,Missing description
5449,IMS Church Bhimphedi,"G4VC+5Q6, bhaimaphaedaii 44100, naepaala",27.5423246,85.122482,2.0,bhaimaphaedaii, church,,Missing description
5450,Dhorsing Picnic Spot,"G4Q4+6QP, bhaimaphaedaii 44100, naepaala",27.5380934,85.1069533,0.0,bhaimaphaedaii, picnic,,Missing description
5451,Toto Aquatics,"M65V+HGF, chanadaraagairaii 44600, naepaala",27.6589289,85.2437841,0.0,chanadaraagairaii, aquarium,,Missing description
5452,Royal Mountain Hotel and Restaurant,"G7RW+WP3, taanachaoka 33500, naepaala",28.5422639,84.2967802,4.8,taanachaoka, trek,,Missing description
5453,maaँchapaanaii banabhaoja kashaetara,"4X2P+GVJ, payauuthaana 22300, naepaala",28.101336,82.9871308,5.0,payauuthaana, picnic,,Missing description
5454,Dristi,"M28G+86F, manaanga gaawaisa 33500, naepaala",28.6658169,84.0255544,5.0,manaanga, tourist_attraction,,Missing description
5455,Temple de Nar,"M5JX+8HF, nara 33500, naepaala",28.6808025,84.1989367,4.4,nara, hindu_temple,,Missing description
5456,Namaste Manang,"Manjushree marga, kaathamaadaauँ 44600, naepaala",27.714319,85.2841075,5.0,kaathamaadaauँ, trek,,Missing description
5457,taraimauuratai chaoka,"F789+79R, taraimaurataii patha, wairaatanagara 56613, naepaala",26.4698809,87.2694713,3.9,taraimaurataii patha, monument,,Missing description
5458,Haraincha Chowk,"J95C+V5W, F062, wanaigaamaa 56600, naepaala",26.6097287,87.3704645,4.0,F062, historic_site,,Missing description
5459,"Sundarharaincha-4, Charaigoha","J7WV+V9Q, saunadara daulaaraii 56705, naepaala",26.647201,87.2934778,0.0,saunadara, historic_site,,Missing description
5460,Tree House,"MH73+2R, patharaii shanaishacharae 56600, naepaala",26.6625788,87.5545484,3.9,patharaii, historic_site,,Missing description
5461,saolataii chaauka,"HGMJ+H9, patharaii shanaishacharae 56600, naepaala",26.5838868,87.5309595,5.0,patharaii, aquarium,,Missing description
5462,Nurani masjid,"FH62+H79, daainaiyaa 56600, naepaala",26.4614144,87.5507172,4.3,daainaiyaa, mosque,,Missing description
5463,KIRAN RAJBANSHI,"GHMH+3CP, gaowainadapaura 3, naepaala",26.5327068,87.5785787,5.0,gaowainadapaura, historic_site,,Missing description
5464,Batarbari,"Nepal 🇳🇵, Sunawarshi ward no 4, naepaala",26.4915095,87.5218164,5.0,Sunawarshi, historic_site,,Missing description
5465,The Grace mission church kohabara,"GM55+W33, kaohawaaraa 57200, naepaala",26.5097636,87.6576736,5.0,kaohawaaraa, church,,Missing description
5466,Radhakrishna Tample,"GJGC+956, itaharaa 56600, naepaala",26.5259174,87.6203942,0.0,itaharaa, museum,,Missing description
5467,ram janaki mandir ratuwamai 6,"CJW6+9J6, saijauwaa 6, naepaala",26.4459039,87.6115216,0.0,saijauwaa, hindu_temple,,Missing description
5468,Tin Number Chowk taina nam. chaoँka,"Urlabari Ambari Rd 6, saijauwaa 56600, naepaala",26.4532433,87.6113513,4.2,saijauwaa, picnic,,Missing description
5469,Sijuwa Domana Ghat,"FMP2+7J, kaohawaaraa 57200, naepaala",26.4857167,87.6515664,0.0,kaohawaaraa, hike,,Missing description
5470,Mugum Karmarong Rural Municipality Ward No: 3 office,"HGHQ+VF, daolaphauu 21100, naepaala",29.578922,82.5378598,0.0,daolaphauu, mosque,,Missing description
5471,haimaalaya jaawaa gayaalaraii kayaaphae,"Airport road, Jomsom , Mustang, naepaala",28.7830141,83.7249804,4.6,Jomsom, art_gallery,,Missing description
5472,Mustang,"RV38+W5C, maukatainaatha 33100, naepaala",28.8048139,83.8653994,4.7,maukatainaatha, hindu_temple,,Missing description
5473,Upper Mustang Trek,"laomaamgathaamga 33100, naepaala",29.224849,83.8830346,4.2,naepaala, trek,,Missing description
5474,Jomsom welcome statue,"kaagabaenaii sadaka, jaomasaoma 33100, naepaala",28.8037077,83.7650848,5.0,jaomasaoma, monument,,Missing description
5475,Selfie Park,"RQMQ+PGG, maukatainaatha sadaka, kaagabaenaii 33100, naepaala",28.8343178,83.7888183,5.0,maukatainaatha sadaka, park,,Missing description
5476,parabhaukao manadalaii,"M8PW+V8J, Siddhicharan Marg, kaathamaadaauँ 44600, naepaala",27.6872364,85.3457369,4.5,Siddhicharan Marg, church,,Missing description
5477,daamaodara kaunadaa ataithai haausa,"3WVH+8G7, charamga 33100, naepaala",29.0933388,83.9288366,4.1,charamga, historic_site,,Missing description
5478,lao laomaamgathaamga darabaara,"King's Palace, laomaamgathaamga 33100, naepaala",29.1827322,83.9567512,4.6,laomaamgathaamga, mosque,,Missing description
5479,Home town of bibek,"7HPC+RQ, baagalaunga 33300, naepaala",28.2871058,83.5719216,0.0,baagalaunga, church,,Missing description
5480,Shiva Temple (shaiwa manadaira),"Dhaulagiri zone, Pangalithar, Modi-8, naepaala",28.2698531,83.7645014,0.0,Pangalithar, hindu_temple,,Missing description
5481,Myagdi niskot markabang church,"99VJ+M4P markabang church, naisakaota 33200, naepaala",28.3941865,83.3803337,0.0,naisakaota, church,,Missing description
5482,My aquarium world,"P8HF+XXG, paanaiipaokharaii raoda, kaathamaadaauँ 44600, naepaala",27.729956,85.325029,5.0,paanaiipaokharaii raoda, aquarium,,Missing description
5483,maalaikaa,"maalaikaa, naepaala",28.4128145,83.3852548,,naepaala, trek,,Missing description
5484,Malika Rural Municipality Office,"C97P+427, maagadaii darabaamga 33200, naepaala",28.412784,83.3850441,3.7,maagadaii, trek,,Missing description
5485,Khumi trek trail starting point -saripakha,"8WVX+2F5, ghaachaoka 33700, naepaala",28.3425246,83.9487309,4.7,ghaachaoka, trek,,Missing description
5486,Bhedabari Grace Church ( bhaedaabaaraii garaesa manadalaii ),"M8W4+P6G, Unnamed Road, gaaimdaakaota 33000, naepaala",27.6968183,84.3055647,3.0,Unnamed Road, church,,Missing description
5487,3AT Aquarium Shop,"PC2H+GMJ, naaraayanaghaata-maugalainga raajamaaraga, bharatapaura 44207, naepaala",27.7013464,84.4291445,5.0,naaraayanaghaata-maugalainga raajamaaraga, aquarium,,Missing description
5488,gaaidaakaota,"gaaidaakaota, naepaala",27.7115758,84.3745372,,naepaala, historic_site,,Missing description
5489,Bikash Chowk Gaidakot,"PC6F+4G8, gaaimdaakaota 33000, naepaala",27.7102778,84.423833,4.0,gaaimdaakaota, trek,,Missing description
5490,Abhisekh Mudabas Church,"P53F+5QX, daewachaulaii 33000, naepaala",27.7029954,84.1745002,3.8,daewachaulaii, church,,Missing description
5491,Nawalparasi east,"M345+VJC, daeuraalaii 33000, naepaala",27.6571887,84.059029,0.0,daeuraalaii, hindu_temple,,Missing description
5492,Thumki Devi Temple,"M24R+QH3, daeuraalaii 33000, naepaala",27.6568998,84.0414318,4.5,daeuraalaii, monument,,Missing description
5493,Naram Nawajagaran Holy Church,"R34M+RMX, naraama 33000, naepaala",27.8071117,84.0842281,4.0,naraama, church,,Missing description
5494,Jama Masjid-Bankatti,"FV3R+7XX, taraibaenaii 33007, naepaala",27.4532326,83.892496,4.3,taraibaenaii, mosque,,Missing description
5495,Music Gallery Bardaghat,"Daunne Devi Road Makar- 4, naepaala",27.5550327,83.7916626,5.0,naepaala, art_gallery,,Missing description
5496,baragada,"FQ7Q+M49, jaamaunaiyaa 33007, naepaala",27.4641705,83.7878695,0.0,jaamaunaiyaa, park,,Missing description
5497,Ramagrama Relic Stupa,"FMXJ+695, raamagaraama 33007, naepaala",27.4980247,83.6809918,4.4,raamagaraama, monument,,Missing description
5498,parataapapaura,"parataapapaura 33007, naepaala",27.4622794,83.8128265,,naepaala, historic_site,,Missing description
5499,"madana - aasharaita paaraka, daasadhaumgaa","QCHW+J8V, naaraayanaghaata-maugalainga raajamaaraga, kawailaasa 44200, naepaala",27.7791155,84.445808,4.4,naaraayanaghaata-maugalainga raajamaaraga, monument,,Missing description
5500,sharaii jaalapaa daewaii manadaira,"V455+P48, Devighat, Bidur, Nuwakot, Nepal, baidaura 44900, naepaala",27.859314,85.1077593,4.6,Devighat, hindu_temple,,Missing description
5501,Durbar Adventure Zipline Resort,"W565+6R8, baidaura 44900, naepaala",27.910565,85.1595801,4.3,baidaura, hike,,Missing description
5502,Belkotgadhi 10 dhansaar.,"V4CW+H96, 44900, naepaala",27.8714111,85.1459149,4.2,44900, tourist_attraction,,Missing description
5503,Earthquake Memorial Statue,"W48W+CR7, baidaura 44900, naepaala",27.9159804,85.1470501,5.0,baidaura, monument,,Missing description
5504,Baghmaara (baaghamaaraa),"W9R9+GXV, daupachaeshawaora maaraga, Sundaradevi VDC 44900, naepaala",27.9413566,85.3699296,4.5,daupachaeshawaora maaraga, picnic,,Missing description
5505,Shivapuri Top view,"R97P+4FV, 44900, naepaala",27.8128639,85.3861666,3.7,44900, picnic,,Missing description
5506,ghale gau pakha tadi-1,"X943+44W, raalaukaadaebaii 44900, naepaala",27.9553713,85.3528287,0.0,raalaukaadaebaii, park,,Missing description
5507,Lauke Waterfall,"R7PP+M4G, Unnamed Road, kakanaii 44900, naepaala",27.8366966,85.2853277,4.6,Unnamed Road, hike,,Missing description
5508,Thaprek Singare Jharana,"Panchakanya-4, naepaala",27.9110836,85.364418,0.0,naepaala, amusement_park,,Missing description
5509,Chautara,"V7RF+PW, kawailaasa 44900, naepaala",27.8919455,85.274112,0.0,kawailaasa, monument,,Missing description
5510,Jhankri Temple,"Tallo Richuwa, Manebhanjyang 6, 56100, naepaala",27.1928399,86.4653769,3.0,Manebhanjyang, hindu_temple,,Missing description
5511,karakalaabaaraii characha,"F629+C4, dauraagaauँ 45400, naepaala",27.4504001,86.2168694,0.0,dauraagaauँ, church,,Missing description
5512,Champadevi kakani,"9 kakani, naepaala",27.331058,86.3479944,5.0,naepaala, mosque,,Missing description
5513,jaatae gaau,"896F+FQ9, 56100, naepaala",27.3111679,86.3744903,3.0,56100, tourist_attraction,,Missing description
5514,Ganesh Mandir,"8G92+697, saidadhaicharana 56100, naepaala",27.3180422,86.5008726,4.1,saidadhaicharana, hindu_temple,,Missing description
5515,Khanivanjyang Okhaldhunga,"8J6Q+G2C, 56100, naepaala",27.3113062,86.6375078,3.2,56100, tourist_attraction,,Missing description
5516,alasaiidaaँdaa,"6M62+9QQ, 56200, naepaala",27.2109588,86.6519765,5.0,56200, hike,,Missing description
5517,Khijikati okhaldhunga myhome,"khaijaiikaataii 56100, naepaala",27.499073,86.3308383,0.0,naepaala, trek,,Missing description
5518,ख़utataekao daila,"C759+GMV, taarakaeraabaaraii 56100, naepaala",27.4088713,86.2691848,5.0,taarakaeraabaaraii, park,,Missing description
5519,Allau Jame Masjid,"waiiraganyaja 44300, naepaala",27.0222565,84.8390931,4.0,naepaala, mosque,,Missing description
5520,maula dhaokaa,"VG9W+87F, tauँdaikhaela maaraga, taanasaena 32500, naepaala",27.8682971,83.5456674,3.5,tauँdaikhaela maaraga, tourist_attraction,,Missing description
5521,Camping hill,"VGG6+C9, taanasaena 32500, naepaala",27.8760867,83.5109358,0.0,taanasaena, trek,,Missing description
5522,Rampur viewtower,"Rampur View Tower, View Tower Rd, raamapaura 32500, naepaala",27.8529021,83.89237,4.4,View Tower Rd, tourist_attraction,,Missing description
5523,Freedom picnic spot,"N18, raamapaura 32500, naepaala",27.8723881,83.9423628,0.0,raamapaura, picnic,,Missing description
5524,Butwal Jyoti Church,"PF6C+M53, bautawala 32907, naepaala",27.7116486,83.4703352,4.3,bautawala, church,,Missing description
5525,Ribdikot Rural Municipality,"VFHC+HWH, khasayaaulaii 32500, naepaala",27.8789358,83.472357,1.0,khasayaaulaii, historic_site,,Missing description
5526,isalaamaika madarasaa,"WMRF+Q5M, jagataradaewaii 33800, naepaala",27.9419882,83.6729384,3.7,jagataradaewaii, mosque,,Missing description
5527,Padkvangjaing Church,"RV62+RMJ, sailauwaa 32500, naepaala",27.8120871,83.8516438,0.0,sailauwaa, church,,Missing description
5528,Ephphatha Nepali Church,"M6HP+FX7, chanadaraagairaii 44600, naepaala",27.6786298,85.2373216,0.0,chanadaraagairaii, church,,Missing description
5529,pamnyachaeshawara manadaira,"MGCC+888, Unnamed Road, taukauchaa naalaa 45200, naepaala",27.6707917,85.5208282,4.6,Unnamed Road, hindu_temple,,Missing description
5530,NATIONAL FLAG PARK AND KATHMANDU VIEW POINT,"Q8X4+F63, Unnamed Road, taarakaeshawara 44600, naepaala",27.7986298,85.3055575,4.2,Unnamed Road, hike,,Missing description
5531,Jame Masjid Bhutaha Bazzar,"G4F7+RX6, jalapaapaura raoda, raamanagara bhautaahaa 56713, naepaala",26.5246088,87.1149047,4.9,jalapaapaura raoda, mosque,,Missing description
5532,paathaiibharaa manadaira aatharaaii,"6M84+VHP, 57500, naepaala",27.217208,87.6564467,4.0,57500, hindu_temple,,Missing description
5533,MIKLAJUNG-8 HANGSARI,"WH46+RMG, 8, naepaala",26.9070508,87.561705,5.0,8, picnic,,Missing description
5534,pawaitaraa chaautaaraii,"2FHF+45, panyachakanayaa paokharaii 57500, naepaala",27.0281744,87.471679,1.0,panyachakanayaa, museum,,Missing description
5535,Jorpokhari,"6R68+GWP, 57400, naepaala",27.2113441,87.8173307,0.0,57400, park,,Missing description
5536,ramaitae daaँdaa,"7QJ4+X7R, Khalte 57500, naepaala",27.2824762,87.7556562,4.7,Khalte, monument,,Missing description
5537,Yonghang nivas,"7RFQ+5JM, tharapau 57500, naepaala",27.2729625,87.8390469,0.0,tharapau, hike,,Missing description
5538,Kushma Art Project,"6M9H+HX, kaushamaa 33400, naepaala",28.2189509,83.6799625,5.0,kaushamaa, museum,,Missing description
5539,dhaungagaebaasa Dhungebas,"3M32+Q7, baehaulaiibaasa 33400, naepaala",28.0544912,83.6507362,0.0,baehaulaiibaasa, museum,,Missing description
5540,naayaba saaba manadaira,"2MQ4+VVQ, Parbat Huwas Mardikhola 33400, naepaala",28.0397145,83.6572355,3.0,Parbat, hindu_temple,,Missing description
5541,bhaalau pahaada,"4VQ5+WQX, pautalaiibajaara 33800, naepaala",28.1398558,83.8594928,4.2,pautalaiibajaara, amusement_park,,Missing description
5542,mauralaii masajaida,"taraibhauwana raajapatha 15, waiiraganyaja 44300, naepaala",27.0238475,84.8867029,4.3,waiiraganyaja, mosque,,Missing description
5543,Pokhariya Ajaj,"3QC6+R5, paokharaiiyaa 44300, naepaala",27.0720608,84.760479,0.0,paokharaiiyaa, park,,Missing description
5544,Janki Mandir,"3Q3C+583, paokharaiiyaa 44300, naepaala",27.0528563,84.7707982,0.0,paokharaiiyaa, hindu_temple,,Missing description
5545,Bahudarmai Temple / bahaudaramaaii manadaira,"3R6V+FGJ, baairaiyaa bairataa 44300, naepaala",27.0612259,84.8437521,5.0,baairaiyaa, hindu_temple,,Missing description
5546,Santa Kumari Pradhan agriculture,"5X58+R64, gadhaiimaaii 44400, naepaala",27.159681,84.9650414,0.0,gadhaiimaaii, museum,,Missing description
5547,Masjid-E-Nabwi,"4PQG+WCF, jaagaranaathapaura 44300, naepaala",27.1398237,84.7259867,0.0,jaagaranaathapaura, mosque,,Missing description
5548,Jagarnathpur stadium,"4PXG+2VG, jaagaranaathapaura 44300, naepaala",27.1475682,84.7271942,5.0,jaagaranaathapaura, park,,Missing description
5549,NLG Church Thori,"nairamala basataii 44300, naepaala",27.3100334,84.6512589,5.0,naepaala, church,,Missing description
5550,Jhakhara,"4P7H+7H4, masaihaanaii 44300, naepaala",27.1131376,84.7289442,0.0,masaihaanaii, tourist_attraction,,Missing description
5551,Jhyal Pati,"J85C+J83, lakashamaii parasaada daewakaotaa maaraga, thaechao 44700, naepaala",27.6088513,85.3208991,3.0,lakashamaii parasaada daewakaotaa maaraga, historic_site,,Missing description
5552,madhaubanaii paokharaa,"2QH2+4HF, maainapaura pakaahaa 44300, naepaala",27.0268221,84.7521464,0.0,maainapaura, park,,Missing description
5553,Bhitrikot Natural View Tower,"4VG2+F98, Unnamed Road, 22300, naepaala",28.1261588,82.8509588,4.1,Unnamed Road, museum,,Missing description
5554,Sivalaya Temple,"3VMH+XXX, payauuthaana 22300, naepaala",28.0850269,82.8799816,3.5,payauuthaana, hindu_temple,,Missing description
5555,Jhupakot Ground,"5Q84+92, waelabaasa 22300, naepaala",28.1659641,82.7551121,0.0,waelabaasa, picnic,,Missing description
5556,Swayambhu Art Gallery,"P78R+44P, Temple Marg, kaathamaadaauँ 44600, naepaala",27.7153498,85.2903199,4.3,Temple Marg, art_gallery,,Missing description
5557,Sea Shine Aquarium,"tamka parasaada ghaumataii sadaka, kaathamaadaauँ 44600, naepaala",27.6999348,85.3270036,3.9,kaathamaadaauँ, aquarium,,Missing description
5558,Jhimruk River,"Jhimruk River, naepaala",28.2108436,82.9980348,4.9,naepaala, art_gallery,,Missing description
5559,ukau bahaala rauudara warana mahaawaihaara,"lalaitapaura 44700, naepaala",27.6682072,85.3271945,4.6,naepaala, monument,,Missing description
5560,okharaenaii jharanaa,"QCWC+MV5, Unnamed Road, gaokaranaeshawara 44600, naepaala",27.7966453,85.4222403,4.2,Unnamed Road, hike,,Missing description
5561,Banasthali Children Park,"M6RH+X96, chanadaraagairaii 44600, naepaala",27.6928995,85.2291666,4.8,chanadaraagairaii, amusement_park,,Missing description
5562,Manthali Bazar View Point,"92FC+9FC, bhalauwaajaora 45400, naepaala",27.3734318,86.0211389,0.0,bhalauwaajaora, tourist_attraction,,Missing description
5563,raamaechhaapa jailalaa adaalata,"93J5+PHF, manathalaii 45400, naepaala",27.3818203,86.0589219,4.5,manathalaii, mosque,,Missing description
5564,manathalaii nagarapaalaikaa kaarayalaya,"93M5+4CC, manathalaii 45400, naepaala",27.3828242,86.0585096,4.1,manathalaii, mosque,,Missing description
5565,"ramjaita aarata, sainadhaulaii","6W46+XFJ m-Tech Computer Education, B.P. Highway, kamalaamaaii 45900, naepaala",27.2074579,85.911144,5.0,B.P. Highway, art_gallery,,Missing description
5566,"Damphu Danda (damaphau chaanga) - raoharaosaaiibaa, taemaala","GP7V+JJC, 45200, naepaala",27.5140748,85.7440179,3.8,45200, monument,,Missing description
5567,Picnic Park Japhe,"H36M+VH, japhae 45500, naepaala",27.5621362,86.0839886,0.0,japhae, picnic,,Missing description
5568,kayaauraiinaii dhaaraa,"HRH2+M6W, paokharaii chaauँraii gaa bai sa 45200, naepaala",27.5792482,85.8005763,5.0,paokharaii, amusement_park,,Missing description
5569,Gokulganga -3 Ramechhap,"H644+M7F ward no.3, rasanaalau 45400, naepaala",27.5566786,86.2056843,0.0,rasanaalau, tourist_attraction,,Missing description
5570,Archale,"94H8+QXM, manathalaii 45400, naepaala",27.3794687,86.1174089,2.8,manathalaii, church,,Missing description
5571,Tibetan Lama Thangka Painting school and Art Gallery,"P886+5GQ, kaathamaadaauँ 44600, naepaala",27.7154524,85.311379,4.9,kaathamaadaauँ, art_gallery,,Missing description
5572,Ramche dada,"C4F3+92V, tailapaumga 45400, naepaala",27.423499,86.1025481,0.0,tailapaumga, hike,,Missing description
5573,Tanbe Danda Hill (taaँbae daaँdaa),"kaalao chaautaaraa ।, kaathamaadaaum, jairaii, Base, naepaala",27.5449907,86.23592,4.6,kaathamaadaaum, museum,,Missing description
5574,"aaँpakao chaautaaraa, chaitaii","X6QV+4Q2, bhaoralae 45000, naepaala",27.9877964,85.2446875,0.0,bhaoralae, park,,Missing description
5575,naagau jharanaa,"38P7+RH, dhaunachae 45000, naepaala",28.087,85.314,5.0,dhaunachae, amusement_park,,Missing description
5576,parchyang Church Ministry,"276H+HQ, saramathalaii 45000, naepaala",28.011201,85.2755161,5.0,saramathalaii, mosque,,Missing description
5577,utataragayaa,"utataragayaa, naepaala",28.0166977,85.2136417,,naepaala, historic_site,,Missing description
5578,Kanu chawk,"W8M8+FR4, garaudaa 44500, naepaala",26.9336307,85.3170918,5.0,garaudaa, tourist_attraction,,Missing description
5579,AquaHus,"Gurhenwa , Tilahra, Dhaka, Bihar 845304, bhaarata",26.7441706,85.2296948,1.0,Tilahra, aquarium,,Missing description
5580,"Garuda, Rautahat","X828+CMF, garaudaa 44500, naepaala",26.9510568,85.3166642,4.2,garaudaa, historic_site,,Missing description
5581,Famous Art and Creation Flex Print,"Q77H+RJ9, gaaura 44500, naepaala",26.76453,85.2790342,5.0,gaaura, art_gallery,,Missing description
5582,Ghantaghar,"Gaur 5, gaaura 44500, naepaala",26.7660233,85.2722063,4.8,gaaura, monument,,Missing description
5583,Brindawan park,"29MW+P86, baisharaamapaura 44500, naepaala",27.0342912,85.3957749,3.0,baisharaamapaura, park,,Missing description
5584,Basant Memorial Computer Institute,"W8X9+X8R, garaudaa 44500, naepaala",26.9499809,85.3183035,5.0,garaudaa, monument,,Missing description
5585,Choti Masjid Jingadwa-05,"V7CG+HCF, jaimgadawaa baelawaichawaa 44500, naepaala",26.8713976,85.2760537,5.0,jaimgadawaa, mosque,,Missing description
5586,Shoreee siddi ganesh dya che luu jhya(gold window),"M9MP+J48, madhayapaura thaimai 44600, naepaala",27.6840398,85.3853428,5.0,madhayapaura, hindu_temple,,Missing description
5587,Dhanadi kabrastan,"W9G6+XX, gamaharaiiyaa 44500, naepaala",26.9274899,85.3624294,5.0,gamaharaiiyaa, church,,Missing description
5588,Church ( RAMTHALI),"747C+X29, naijagadha 44400, naepaala",27.2649287,85.1201045,1.0,naijagadha, church,,Missing description
5589,"Bijaypur,Rautahat","26P3+56W, chanadarapaura 44500, naepaala",27.0354868,85.2030774,3.7,chanadarapaura, art_gallery,,Missing description
5590,phatauwaabaijayapaura,"phatauwaabaijayapaura, naepaala",27.0066818,85.205397,,naepaala, monument,,Missing description
5591,Ramdi Palpa,"RJGM+4W4, chaidaiipaanaii 32500, naepaala",27.8252522,83.634843,3.7,chaidaiipaanaii, monument,,Missing description
5592,Wandering Trail Adventures,"P896+69M, kaathamaadaauँ 44600, naepaala",27.718081,85.3109223,5.0,kaathamaadaauँ, trek,,Missing description
5593,masajaida ra daragaaha,"W9F7+PJ2, dharamapaura 44500, naepaala",26.9242708,85.3640036,4.2,dharamapaura, mosque,,Missing description
5594,Madi,"7WVW+FVP, pauranachaaura 33700, naepaala",28.2937166,83.9472,5.0,pauranachaaura, park,,Missing description
5595,Sitaladevi Temple,"RGPX+8J7, taanasaena 32500, naepaala",27.835788,83.5490609,5.0,taanasaena, hindu_temple,,Missing description
5596,Simkhola,"6JFC+969, ghaodaagaauँ 22100, naepaala",28.2234121,82.6205983,0.0,ghaodaagaauँ, park,,Missing description
5597,Runtigadhi Gaupalika,"5GP3+FFW, jhaenaama 22100, naepaala",28.1862474,82.5036997,4.8,jhaenaama, aquarium,,Missing description
5598,sharaii sawaragadawaaraii mahaaparabhau janamasathala rauunataii raaelapaa,"7G2P+GQ4, sakhai 22100, naepaala",28.2512725,82.5369785,5.0,sakhai, hindu_temple,,Missing description
5599,Gothechaur Devi Temple gaothaechaaura daewai manadaira,"6RF9+JV, sairapaa 22100, naepaala",28.2240821,82.8197188,4.7,sairapaa, hindu_temple,,Missing description
5600,gamgaadaewa,"gamgaadaewa, naepaala",28.4684654,82.4198272,,naepaala, historic_site,,Missing description
5601,kasalaa -७ nam. bhalaibala phailada,"8Q85+8R5, jaaimaakasalaa 22100, naepaala",28.3157691,82.7596027,0.0,jaaimaakasalaa, park,,Missing description
5602,saunachhaharaii,"saunachhaharaii, naepaala",28.369932,82.8082938,,naepaala, historic_site,,Missing description
5603,60 SATHI MURII,"6PVP+56P, maijhaiinga 22100, naepaala",28.2429719,82.7355648,0.0,maijhaiinga, park,,Missing description
5604,Sisne Himal(pahada) saisanae haimaala(pahaadaa),"RJWM+67, saisanae 22000, naepaala",28.8455391,82.633158,4.2,saisanae, tourist_attraction,,Missing description
5605,Bhume Thakur Temple,"HMXQ+CPV, kharaelathaoka 45200, naepaala",27.5986018,85.6893059,0.0,kharaelathaoka, hindu_temple,,Missing description
5606,Kyubang Chaur,"HRMC+QXC 12, Nepal, Purbi, naepaala",28.5844426,82.8224216,0.0,Nepal, hindu_temple,,Missing description
5607,maaiikaidarakaa maa bhagawataii manadaira chaaurajahaaraii naakhairaa( raukauma),"J5FQ+WMC, kaalaagaauँ 22000, naepaala",28.6248197,82.1891407,5.0,kaalaagaauँ, hindu_temple,,Missing description
5608,Shital Pokhari,"JF99+787, mausaiikaota 22000, naepaala",28.6181615,82.4683078,3.9,mausaiikaota, picnic,,Missing description
5609,Kolbat,"Kalika Route 1, mausaiikaota 22000, naepaala",28.6562244,82.4627643,0.0,mausaiikaota, park,,Missing description
5610,paalaakaota darabaara,"MH23+MR2, paipala 22000, naepaala",28.6516406,82.554523,3.0,paipala, museum,,Missing description
5611,Badarpani (west rukum),"HF6M+QXQ, rauँghaa 22000, naepaala",28.5619604,82.4849693,0.0,rauँghaa, tourist_attraction,,Missing description
5612,Butwal View Point,"bautawala 32907, naepaala",27.6939356,83.4459767,4.2,naepaala, tourist_attraction,,Missing description
5613,Madina Masjid,"MCRM+Q97, bautawala 32907, naepaala",27.6919192,83.4334199,4.4,bautawala, mosque,,Missing description
5614,Gate to Nuwakot,"PF55+2C9, bautawala 32907, naepaala",27.7075316,83.4586122,4.2,bautawala, trek,,Missing description
5615,Hill Park Top Station,"PF2C+4W, bautawala 32907, naepaala",27.7008055,83.4725932,4.7,bautawala, hike,,Missing description
5616,Water Fun Park,"MF5C+G5W, tailaotatamaa 32907, naepaala",27.6588537,83.4704426,4.0,tailaotatamaa, amusement_park,,Missing description
5617,Nepal Juman Church,"JC9W+XV, tailaotatamaa 32903, naepaala",27.6199022,83.4472446,5.0,tailaotatamaa, church,,Missing description
5618,"paragataii patha, tailaotatamaa १२ - ९ namabara","JG4W+QRX, tailaotatamaa 32900, naepaala",27.6069828,83.5471003,5.0,tailaotatamaa, historic_site,,Missing description
5619,Bhairahawa Aquarium,"Maitree Path, saidadhaarathanagara 32900, naepaala",27.5015402,83.4490706,3.7,saidadhaarathanagara, aquarium,,Missing description
5620,Pakari Tree,"JHPJ+C89, daewadaha nagarapaalaikaa 32900, naepaala",27.6360473,83.5808707,4.3,daewadaha, tourist_attraction,,Missing description
5621,Baraily Kul Temple,"MG8C+MWC, Unnamed Road, daewadaha nagarapaalaikaa 32900, naepaala",27.6666879,83.522271,5.0,Unnamed Road, museum,,Missing description
5622,"Tharu Museum, Lumbini","G875+GM, laumabainaii saaँsakaृtaika 32900, naepaala",27.5137626,83.3092319,0.0,laumabainaii, museum,,Missing description
5623,sharaii ganaesha manadaira,"Rohini Gaunpalika Ward no.4, chhaipagaadaa, naepaala",27.5162561,83.5855125,5.0,chhaipagaadaa, hindu_temple,,Missing description
5624,"raohainaii patha , tailaotatamaa १२ , ९ namabara","JG4W+WVM, tailaotatamaa 32900, naepaala",27.6073474,83.5471744,5.0,tailaotatamaa, monument,,Missing description
5625,Kasht Khaira Park (MS Khan),"88H8+JX2, Kasht Khaira, Uttar Pradesh 273162, bhaarata",27.3288455,83.3170945,5.0,Kasht Khaira, park,,Missing description
5626,Marachahawa picnic spot,"GC4Q+J33 near, saidadhaarathanagara 32900, naepaala",27.5065039,83.4376974,0.0,saidadhaarathanagara, picnic,,Missing description
5627,Kotahimai Rural Municipality,"C8VX+CGX, Majhagawa 32900, naepaala",27.4436544,83.3488564,3.8,Majhagawa, tourist_attraction,,Missing description
5628,Oioi,"H86M+7C, kamaharaiyaa 32900, naepaala",27.5607231,83.3335862,0.0,kamaharaiyaa, hike,,Missing description
5629,Kailadeu salleriban,"MF58+2V, sayaalaapaakhaa 22000, naepaala",28.6574642,82.468344,0.0,sayaalaapaakhaa, hike,,Missing description
5630,taraiwaenaii khaolaa,"J3MC+3R5, thaahaa 44100, naepaala",27.6331166,85.0726882,0.0,thaahaa, tourist_attraction,,Missing description
5631,Pragya Thanka Art gallery,"MC3G+XGW, saurayawainaayaka, naepaala",27.6549715,85.4263227,0.0,saurayawainaayaka, art_gallery,,Missing description
5632,jaagaृtaii parashamsaa manadalaii,"69J2+2QV २ mailana bajaara, khaalaii 22200, naepaala",28.2301021,82.3518943,0.0,khaalaii, church,,Missing description
5633,Chautari,"MC56+6RX, F099, saurayawainaayaka, naepaala",27.6585491,85.4119755,4.0,F099, park,,Missing description
5634,Mattalo kaji,"G86H+67, shaibarathaa 22200, naepaala",28.5103219,82.328161,4.5,shaibarathaa, amusement_park,,Missing description
5635,baalaajau २२ dhaaraa,"P8M2+GVX, kaathamaadaauँ 44600, naepaala",27.7338701,85.3022279,4.3,kaathamaadaauँ, monument,,Missing description
5636,saelaphaii daaँdaa,"M225+2X5, 32809, naepaala",27.65,83.01,0.0,32809, picnic,,Missing description
5637,Arjun newpane,"88VR+4H6, 56900, naepaala",27.3427994,87.3413951,0.0,56900, museum,,Missing description
5638,"Pokhari Bazar ,Chainpur Nepal","8976+QQ8, chaainapaura 56900, naepaala",27.3144222,87.361965,4.8,chaainapaura, art_gallery,,Missing description
5639,sangakhauwaasabhaa pashau asapataala,"96F5+757, Hospital Rd, khaaँdabaaraii 56900, naepaala",27.373167,87.2079249,4.2,Hospital Rd, aquarium,,Missing description
5640,Majeya memorial stadium,"69RR+7PR, Mulkharka-Mangalbare Road, maadaii 56900, naepaala",27.2407251,87.3917633,5.0,Mulkharka-Mangalbare Road, monument,,Missing description
5641,Madi bagha Sankhuwasabha,"79MW+MHQ, maadaii 56900, naepaala",27.2842045,87.3964726,5.0,maadaii, picnic,,Missing description
5642,Simha Devi Kuwa,"96JC+89, khaaँdabaaraii 56900, naepaala",27.381353,87.222318,5.0,khaaँdabaaraii, amusement_park,,Missing description
5643,Panchkhapan,"9877+HFV, sayaabauna 56900, naepaala",27.3639795,87.3136851,0.0,sayaabauna, historic_site,,Missing description
5644,Sankhuwasabha,"9877+HFV, sayaabauna 56900, naepaala",27.3639795,87.3136851,0.0,sayaabauna, historic_site,,Missing description
5645,Jame Masjid Bhokraha,"J3FX+793, bhaokaraahaa 56713, naepaala",26.6231322,87.0985386,5.0,bhaokaraahaa, mosque,,Missing description
5646,masatayapaokharaii,"F7P5+6V6, matasayapaokharaii 56900, naepaala",27.4855374,87.2596448,4.6,matasayapaokharaii, park,,Missing description
5647,Chomti Hang Foot Print,"F579+W3M, saitalapaataii 56900, naepaala",27.4648473,87.1676825,5.0,saitalapaataii, museum,,Missing description
5648,Ks aquatic world,"kaathamaadaauँ 44600, naepaala",27.7365563,85.3329412,3.1,naepaala, aquarium,,Missing description
5649,Sankhuwasabha new home nagarkot,"PF8J+G9, mahaamanyajausharaii nagarakaota 44600, naepaala",27.7162864,85.4809562,0.0,mahaamanyajausharaii, tourist_attraction,,Missing description
5650,Sanga makhmal.ping,"JFMM+VHW, saaँgaa, naepaala",27.6347385,85.4839604,5.0,saaँgaa, tourist_attraction,,Missing description
5651,shiva dhara,"Q4FV+66X, makaalau 56900, naepaala",27.7731011,87.1431231,5.0,makaalau, hindu_temple,,Missing description
5652,"Newlife Apostolic Church, Tamaphok","695M+GW8, Tamaphok Gramin Marga, taamaaphaoka 56900, naepaala",27.20879,87.3848404,2.0,Tamaphok Gramin Marga, church,,Missing description
5653,Marrah's Pond,"HP4X+732, raajabairaaja raoda, malaetha 56400, naepaala",26.5556311,86.7476365,0.0,raajabairaaja raoda, amusement_park,,Missing description
5654,Ali Gallery,"Hatiya,kapda line, raajawairaaja 56400, naepaala",26.5392829,86.7465829,0.0,kapda line, art_gallery,,Missing description
5655,Binod khang,"HVV8+998, maainaakadaeraii 56400, naepaala",26.5934234,86.8658889,0.0,maainaakadaeraii, church,,Missing description
5656,Malahanaya (Gaman ydv),"FQ5R+MX3, raamapauraamalahanaiyaa 56400, naepaala",26.459134,86.7924133,0.0,raamapauraamalahanaiyaa, hike,,Missing description
5657,Khojpur babaji kuti Kabir Temple 🛕,"Khadak-5, khaojapaura 56400, naepaala",26.6415474,86.5957485,5.0,khaojapaura, hindu_temple,,Missing description
5658,khadaka,"khadaka, 56400, naepaala",26.6453658,86.6099211,,56400, historic_site,,Missing description
5659,Kalyanpur jungle,"MJCQ+HH, khaojapaura 56400, naepaala",26.671389,86.638889,0.0,khaojapaura, hike,,Missing description
5660,Basbitti Pond,"HPJM+WGJ, raajabairaaja raoda, raayapaura 56400, naepaala",26.5823267,86.7337668,5.0,raajabairaaja raoda, amusement_park,,Missing description
5661,Kushaha bazar wali Masjid,"MGJR+C68, kaushaahaa 56400, naepaala",26.6807793,86.5394922,0.0,kaushaahaa, mosque,,Missing description
5662,Masjid Alshayed umal Ammadha,"FMFR+H6F, phakairaa 56400, naepaala",26.4739451,86.6905403,3.0,phakairaa, mosque,,Missing description
5663,Shoreee Satyanarayan Memorial Trust,"Kankatta 56400, naepaala",26.4953022,86.6985931,0.0,naepaala, monument,,Missing description
5664,Puspendra garden,"kanyachanaraupa 56400, naepaala",26.6118546,86.9065376,5.0,naepaala, park,,Missing description
5665,Manakamana Shiv Mandir,"Tirahut-3 Piprahi, Chandranahar, 56400, naepaala",26.5897825,86.846549,4.5,Chandranahar, hindu_temple,,Missing description
5666,Ashok Art,"3J3J+M5X, laalabanadaii 45801, naepaala",27.0542414,85.6304658,4.7,laalabanadaii, art_gallery,,Missing description
5667,"haraiwana nagarapaalaikaa kaarayaalaya, saralaahaii","3HQ2+P86, haraiwana 45804, naepaala",27.0892649,85.5507678,3.3,haraiwana, historic_site,,Missing description
5668,Dhokejor Waterfall,"4HM6+WM, haraiwana 45804, naepaala",27.1347967,85.5617109,3.3,haraiwana, hike,,Missing description
5669,majaurabaa masajaida مسجد,"XHMP+F3H, lakashamaiipaura kaodarahaa, naepaala",26.9833034,85.5847599,0.0,lakashamaiipaura kaodarahaa, mosque,,Missing description
5670,Osho Shoreee Krishna Ashram,"2F5F+GHQ, Barahathawa - Nayaroad Rd, barahathawaa 45800, naepaala",27.0088448,85.4739867,4.3,Barahathawa - Nayaroad Rd, hike,,Missing description
5671,"Durga Mandir, Laxmipur, Balara-3, Sarlahi, Nepal","Q96C+WC6, Unnamed Road, balaaraa 45800, naepaala",26.762275,85.3710289,5.0,Unnamed Road, hindu_temple,,Missing description
5672,Godawari picnic sport,"H9VH+5QG, gaodaawaraii 44709, naepaala",27.5929271,85.3794377,0.0,gaodaawaraii, picnic,,Missing description
5673,Water fall,"4FXG+CRC, chanadarapaura 44100, naepaala",27.1485503,85.4770174,0.0,chanadarapaura, hike,,Missing description
5674,chaainapaura। chaauka,"Barhathawa, Malangawa Rd to, jaamaunaiyaa 45800, naepaala",26.9166138,85.5359264,0.0,Malangawa Rd to, park,,Missing description
5675,Chakraghatta rular,"WG63+58M, paidaraiiyaa 45800, naepaala",26.9104703,85.5033115,1.0,paidaraiiyaa, hindu_temple,,Missing description
5676,raamanagara,"raamanagara, gaaushaalaa, naepaala",26.9530559,85.8230251,,gaaushaalaa, historic_site,,Missing description
5677,"Ramnagar Rural Municipality, Office of The Rural Municipal Executive (raamanagara gaauँpaalaikaa, gaaँukaarayapaalaikaakao kaarayaalaya)","Ramnagar Bahaur 45800, naepaala",26.8417278,85.3830446,3.8,naepaala, historic_site,,Missing description
5678,Nalikot,"59Q9+G8, chanadarapaura, naepaala",27.1888347,85.3682679,0.0,chanadarapaura, trek,,Missing description
5679,Old picnic spot,"Q788+GCR, gaaura 44500, naepaala",26.7663726,85.2660261,0.0,gaaura, picnic,,Missing description
5680,RAZA MASJID,"VHPQ+7Q5, barahamapauraii 45800, naepaala",26.8856348,85.5894701,5.0,barahamapauraii, mosque,,Missing description
5681,"Nadhiman Lake, Sarlahi","chanadara nagara 45800, naepaala",26.932347,85.6248145,4.0,naepaala, picnic,,Missing description
5682,Kaudena Bahram Temple,"VG67+P28, kaaudaenaa 45800, naepaala",26.8617918,85.5125883,0.0,kaaudaenaa, hindu_temple,,Missing description
5683,gaularaiyaa chaauraii baatao,"WFWW+9P, sharaiipaura 45800, naepaala",26.9459542,85.4967887,5.0,sharaiipaura, park,,Missing description
5684,Aftab bhai,"W9HJ+28F, gamaharaiiyaa, naepaala",26.9275663,85.3807886,0.0,gamaharaiiyaa, mosque,,Missing description
5685,Haripurwa,"VMQH+XQW, haraipaurawaa 45800, naepaala",26.8899781,85.6794434,0.0,haraipaurawaa, church,,Missing description
5686,shahaida samaृtai paaraka,"4X37+MVM, kamalaamaaii 45900, naepaala",27.1042145,85.9646618,4.0,kamalaamaaii, park,,Missing description
5687,Sindhuli Children Park,"6W66+CP3, kamalaamaaii 45900, naepaala",27.2110218,85.9117946,0.0,kamalaamaaii, amusement_park,,Missing description
5688,Jarna kamitar,"27PF+PH3, daudhaaulaii 45900, naepaala",27.0367647,86.2739081,0.0,daudhaaulaii, amusement_park,,Missing description
5689,karaisachaiyanakao characha,"X7QF+R95, daudhaaulaii 45900, naepaala",26.9894686,86.2735129,0.0,daudhaaulaii, church,,Missing description
5690,Bhutta ko bhir,"26C7+RRW, daudhaaulaii 45900, naepaala",27.0228292,86.2147855,5.0,daudhaaulaii, trek,,Missing description
5691,Thashikhel Aquarium Shop,"Damodar Marg, lalaitapaura 44700, naepaala",27.6597658,85.3163966,4.1,lalaitapaura, aquarium,,Missing description
5692,Research Hub,"thamaela maaraga, kaathamaadaauँ 44600, naepaala",27.7175379,85.3119734,4.9,kaathamaadaauँ, trek,,Missing description
5693,Indrayani Mai,"PCPX+73P, shangakharaapaura 44600, naepaala",27.7357218,85.4477012,4.5,shangakharaapaura, hindu_temple,,Missing description
5694,Phikkal Gaupalika Sindhuli,"67F8+XMV, khaangasaanga 45900, naepaala",27.2249875,86.2666719,0.0,khaangasaanga, mosque,,Missing description
5695,saaँgaachaoka,"saaँgaachaoka, naepaala",27.6830438,85.7153754,,naepaala, tourist_attraction,,Missing description
5696,SANGACHWOK-DADUWA,"MPM8+656, saaँgaachaoka, naepaala",27.6830438,85.7153754,0.0,saaँgaachaoka, tourist_attraction,,Missing description
5697,Immanuel Church - Hile,"RQCC+P56, jalabairae 45308, naepaala",27.8217971,85.7704203,5.0,jalabairae, church,,Missing description
5698,Lane Nerubon Statue (laa naeraubaona jhaaँkaraiikao shaalaika),"PPXX+2P8, irakhau 45306, naepaala",27.7475305,85.7493263,5.0,irakhau, monument,,Missing description
5699,Jelsi mountain hill,"RGGG+32, maelamachaii, naepaala",27.825168,85.5250172,5.0,maelamachaii, park,,Missing description
5700,Shoreee Siddi Ganesh Temple,"M99Q+458, Thimi-Biruwa Rd, ananatalaingagaeshawara, naepaala",27.6677851,85.3879668,0.0,Thimi-Biruwa Rd, hindu_temple,,Missing description
5701,saelataoramao (Seltormo) pokhari,"2PR9+X5W, naepaala",28.0424805,85.7179475,5.0,naepaala, amusement_park,,Missing description
5702,paraiwarataita jaiiwana samgatai,"PQCQ+6CR, yaamaunaadaaँdaa 45314, naepaala",27.7206579,85.7885813,0.0,yaamaunaadaaँdaa, church,,Missing description
5703,saunakaoshaii,"saunakaoshaii, naepaala",27.7521315,85.8360881,,naepaala, mosque,,Missing description
5704,jaaimaana thaaipainaarayana manadaira paraisara,"VWVC+6WQ, phaulapaingakatataii, naepaala",27.8930843,85.9223634,5.0,phaulapaingakatataii, hindu_temple,,Missing description
5705,thaapaadhaara‍o,"QV83+R7H, maamkhaa 45302, naepaala",27.7670614,85.8532475,5.0,maamkhaa, amusement_park,,Missing description
5706,Kharidhunga view point,"PW4P+G74, taauthalaii, naepaala",27.7062626,85.935709,5.0,taauthalaii, picnic,,Missing description
5707,Immanuel Bible Missionary Church Barhabise,"QVRX+7QW, baara‍habaisae 45302, naepaala",27.7906754,85.8994843,5.0,baara‍habaisae, church,,Missing description
5708,Bagare Ganesh Temple (parai ganaesha shathaana),"QVXW+224, aranaikao raajamaaraga, baara‍habaisae 45302, naepaala",27.797522,85.8950747,5.0,aranaikao raajamaaraga, hindu_temple,,Missing description
5709,imalaii chaoka,"M645+WP9, sairaahaa 56500, naepaala",26.6572897,86.2093654,4.2,sairaahaa, historic_site,,Missing description
5710,Muslim tool,"R7M2+362, mairachaaiyaa 56500, naepaala",26.8324216,86.2503645,0.0,mairachaaiyaa, mosque,,Missing description
5711,Laxmi Temple Geruwaha - 01,"JF77+8R5, Unnamed Road, bhagawataipaura 56500, naepaala",26.6132524,86.4646224,3.0,Unnamed Road, hindu_temple,,Missing description
5712,"Zion Isai Church,Plamdu","GM5J+3QW, 56000, naepaala",27.5077408,86.6819545,5.0,56000, church,,Missing description
5713,khaulaala kaarakaii bamsha kaulapaujaa manadaira daewaalaii chaaura,"CJF4+78, daudhakaunada 56000, naepaala",27.4231425,86.6057503,0.0,daudhakaunada, hindu_temple,,Missing description
5714,"Nawajeevan Church, Salyankot","Salyantar Belung Road, 45100, naepaala",28.0268014,84.8693587,4.3,45100, church,,Missing description
5715,haongakhayaama nayaaii,"HMXF+GH, taakasainadau 56000, naepaala",27.5988404,86.6738835,0.0,taakasainadau, park,,Missing description
5716,Dhomboji Masjid,"3J9G+2J8, naepaalaganyaja 21900, naepaala",28.067557,81.6265939,4.0,naepaalaganyaja, mosque,,Missing description
5717,Rock Edict (chatataana abhailaekha),"MF9R+95X, mahaamanyajausharaii nagarakaota, naepaala",27.6684711,85.4905084,0.0,mahaamanyajausharaii nagarakaota, historic_site,,Missing description
5718,Bumburi ancient water well,"HMHR+G54, jaubhainga 56000, naepaala",27.5787597,86.6904605,0.0,jaubhainga, amusement_park,,Missing description
5719,Mahakulung Gaupalika,"GR7J+4H7, Bung Chowk Bung, gaudaela, naepaala",27.5127838,86.8314462,5.0,Bung Chowk Bung, mosque,,Missing description
5721,Pasang Lhamu Sherpa,"P992+Q78, baaudadhanaatha sadaka, kaathamaadaauँ 44600, naepaala",27.71941,85.350697,4.0,baaudadhanaatha sadaka, monument,,Missing description
5722,Selfie Danda,"JC4M+WFM, bhaakaanyajae 45400, naepaala",27.6073325,86.4336608,0.0,bhaakaanyajae, park,,Missing description
5723,Buktel,"G945+Q8J, raawaadaolau 56100, naepaala",27.506958,86.3582663,0.0,raawaadaolau, church,,Missing description
5724,osaiyana paaraka enada raisaorata,"Behind Sathi Fuel Center, 1, itaharaii 56705, naepaala",26.6513626,87.2803287,3.9,1, tourist_attraction,,Missing description
5725,isakaona manadaira,"R7FG+X7F, dharaana 56700, naepaala",26.824925,87.2756793,4.4,dharaana, hindu_temple,,Missing description
5726,Dharan Zero Point,"amara patha, dharaana 56700, naepaala",26.8299478,87.2866794,4.1,dharaana, historic_site,,Missing description
5727,sakhauwaa baota,"Dharan 11, dharaana 56700, naepaala",26.8184152,87.2588313,0.0,dharaana, historic_site,,Missing description
5728,Inaruwa Sunsari fish market,"J43X+53Q, AH2, inarauwaa 56710, naepaala",26.6029619,87.1477487,5.0,AH2, aquarium,,Missing description
5729,Umer Bin Khattab Jame Masjid Duhabi 4,"H7CJ+6F3, dauhawaii 56707, naepaala",26.5705219,87.2811705,5.0,dauhawaii, mosque,,Missing description
5730,Tharu Sanghralaya Building,"G7H5+5V, tamkaisainawaaraii 56613, naepaala",26.5252863,87.2580745,3.0,tamkaisainawaaraii, museum,,Missing description
5731,Eastblue aquarium,"M77G+R2V, H08, itaharaii 56705, naepaala",26.6646009,87.2750711,0.0,H08, aquarium,,Missing description
5732,sapataramgaii paaraka,"R67W+JV3, dharaana 56700, naepaala",26.8140201,87.2471611,3.7,dharaana, park,,Missing description
5733,Animals Forest,"Q6V3+5MF, bharaaula, naepaala",26.7929447,87.2041833,0.0,bharaaula, zoo,,Missing description
5734,kaृshana paranaamaii manadaira,"M76P+C29, itaharaii 56705, naepaala",26.6610411,87.2851056,4.6,itaharaii, hindu_temple,,Missing description
5735,daaitaa paokharaii,"chaimadaii, naepaala",26.500223,87.172951,4.0,naepaala, amusement_park,,Missing description
5736,Barju,"F69H+HM, raamaganyaja baelagachhaiyaa 56613, naepaala",26.4669282,87.2301283,0.0,raamaganyaja, hindu_temple,,Missing description
5737,shaanatai chaauka,"M442+VHJ, bhaokaraahaa 56713, naepaala",26.6572067,87.1013888,5.0,bhaokaraahaa, hindu_temple,,Missing description
5738,KhaNni Mobail GaLleRy MaNgalSen Achham,"47Q3+QHV, jibis Road, mangagalasaena 10700, naepaala",29.1394706,81.2539078,4.0,jibis Road, art_gallery,,Missing description
5739,Shoreestha Aquarium 1,"Guna Kamdev Marga, kaathamaadaauँ 44600, naepaala",27.7018058,85.3052383,4.2,kaathamaadaauँ, aquarium,,Missing description
5740,Achham,"482V+CQF, kauikaa 10700, naepaala",29.1010979,81.3444558,5.0,kauikaa, picnic,,Missing description
5741,Chapurwa MOSQUE,"GQ8P+6GW, Chaypurwa, kaृshananagara 32800, naepaala",27.5156138,82.7863342,4.3,Chaypurwa, mosque,,Missing description
5742,chhatrapal bhairabisthanmandir(achhami clique),"MC66+P96, saurayawainaayaka 44800, naepaala",27.6617732,85.4108782,0.0,saurayawainaayaka, hindu_temple,,Missing description
5743,Jalpa Devi temple,"58V5+36P, 10700, naepaala",29.1927119,81.308073,5.0,10700, hindu_temple,,Missing description
5744,Suyade ban,"775W+8VG, bainadhayawaasainaii 10700, naepaala",29.2583145,81.2972084,5.0,bainadhayawaasainaii, hike,,Missing description
5745,sauwaasa mauratai udhaoga enada maarawala aarata baagalaunga,"7HCX+PXX, shreenager tole, baagalaunga 33300, naepaala",28.2718943,83.600029,5.0,shreenager tole, art_gallery,,Missing description
5746,jaaimainaii nagarapaalaikaakao kaarayaalaya,"5JM7+4P4, kaushamaishaeraa 33300, naepaala",28.1827681,83.6143333,3.7,kaushamaishaeraa, monument,,Missing description
5747,jaaidaii sataiidhaungagaa bajaara,"Jaimini Municipality 07, jaaidaii, naepaala",28.1350985,83.6131685,5.0,jaaidaii, historic_site,,Missing description
5748,Hanuman statue,"7HQH+H7F, baagalaunga 33300, naepaala",28.2897815,83.5781644,4.0,baagalaunga, monument,,Missing description
5749,bhaedaii gaotha,"H29M+3P, baowaanga 33300, naepaala",28.5677099,83.0343461,5.0,baowaanga, hike,,Missing description
5750,Dhorpatan Hunting Reserve Office,"F3V3+2X9, 33300, naepaala",28.492481,83.0549767,4.6,33300, hike,,Missing description
5751,Vedigoth ward nine dhorpatan,"F22V+H96, 33300, naepaala",28.4514092,83.0434003,0.0,33300, hike,,Missing description
5752,"Deurali,Dhorpatan","FXF3+PG, naisaii 33300, naepaala",28.4742655,82.9537692,0.0,naisaii, hike,,Missing description
5753,sharaii kauchaepaanaii kaota manadaira,"5FQV+7VJ, Gajadaha-Baghkate Rd, daudhailaabhaataii 33300, naepaala",28.1882011,83.4946507,5.0,Gajadaha-Baghkate Rd, hindu_temple,,Missing description
5754,"Kathekhola -05 Gausara, Baglung Nepal","Kathekhola -05, Gausara, naepaala",28.2668086,83.4734714,5.0,Gausara, historic_site,,Missing description
5755,jadaibautaii paaraka,"C78W+FM5, Lammela 33300, naepaala",28.415876,83.2965384,0.0,Lammela, park,,Missing description
5756,baraahathaana chaaeka,"89X6+QF, taaraa gaawaisa 33200, naepaala",28.3494645,83.3612299,0.0,taaraa, park,,Missing description
5757,Chameri gufa,"765G+C77, 32600, naepaala",28.2585333,83.2256858,0.0,32600, museum,,Missing description
5758,Dashrathchand municapality 6 Titragau,"HCCG+6JX, dasharathachanada 10200, naepaala",29.5706161,80.4266085,0.0,dasharathachanada, park,,Missing description
5759,taladaaulaii,"CGPM+2M, paatana 10200, naepaala",29.4347435,80.5350835,0.0,paatana, trek,,Missing description
5760,jalalaekaa dhaara,"GJGC+9H5, 10200, naepaala",29.5258787,80.6214979,0.0,10200, park,,Missing description
5761,basanti upahyaya,"P895+CQM, kaathamaadaauँ 44600, naepaala",27.7185834,85.3094211,0.0,kaathamaadaauँ, hike,,Missing description
5762,Shoreee Dilasaini Mandir,"JJ2G+FX8, talalaadaehaii 10200, naepaala",29.6011516,80.6274137,3.8,talalaadaehaii, mosque,,Missing description
5763,"Chhina Jungle ""chhainaa dhaama""","HHWM+9PM, Kalagaun, 8, naepaala",29.5959702,80.5843111,5.0,Kalagaun, museum,,Missing description
5764,"Shoreee Bhawani Secondary School, Naura, jayaprithvi, Bajhang","G5W7+F6F, jayapaृthawaii 10500, naepaala",29.5461832,81.1630393,0.0,jayapaृthawaii, hindu_temple,,Missing description
5765,Seli Bajhang,"H553+8CV, Jayaprithvi, ward 6, seli 10500, naepaala",29.5583614,81.153553,5.0,Jayaprithvi, picnic,,Missing description
5766,Abhishek bohara,"H7JQ+G4, bhaataekhaolaa 10500, naepaala",29.5812832,81.2877731,0.0,bhaataekhaolaa, park,,Missing description
5767,Namuna Basti Hareet Park (Bal Maitri),"J83M+4G, chaapaagaa‌‍‍uँ 44700, naepaala",27.6028697,85.333872,5.0,chaapaagaa‌‍‍uँ, park,,Missing description
5768,Masta 7 lataun bajhang Nepal,"H874+W4, Masta 7, lataun 10500, naepaala",29.5646886,81.3053321,3.5,Masta, historic_site,,Missing description
5769,dauragaa bhawaanaii manadaira( Durga bhawani temple),"C4XX+PXQ, 10500, naepaala",29.4493319,81.1499931,5.0,10500, monument,,Missing description
5770,Tugiraa,"Saud kada, 10800, naepaala",29.3013951,80.8950163,0.0,10800, picnic,,Missing description
5771,Bajrabarahi Park,"J84M+X7H, jharauwaaraashaii 44700, naepaala",27.6074356,85.3332252,4.4,jharauwaaraashaii, park,,Missing description
5772,Machhegaun Bhasmasur Hiking,"M67V+2HC, chanadaraagairaii 44600, naepaala",27.6625723,85.2438775,0.0,chanadaraagairaii, hike,,Missing description
5773,3 Dhungi,"GX7W+4W, maaulaalaii 10500, naepaala",29.5127959,80.9973508,0.0,maaulaalaii, hike,,Missing description
5774,"Triveni Municipality, Toli Bajura","88XH+6WC Triveni Municipality Toli, Bajura 10600, naepaala",29.348054,81.3297655,3.0,Bajura, historic_site,,Missing description
5775,gaaumaula,"gaaumaula, naepaala",29.4759354,81.3940616,,naepaala, historic_site,,Missing description
5776,Jhilmiliya Mai Mandir.(jhailamailayaa maaii manadaira),"RHX8+WW8, Indo Nepal Border Trail, malamgawaa, naepaala",26.849799,85.5673332,4.2,Indo Nepal Border Trail, hindu_temple,,Missing description
5777,MASJID_E_BILAL,"Nepalgunj-19, basudevpur, naepaala",28.0756862,81.6696517,5.0,basudevpur, mosque,,Missing description
5778,Nepalgunj Gallery,"New Rd, naepaalaganyaja 21900, naepaala",28.0653922,81.6291387,4.5,naepaalaganyaja, art_gallery,,Missing description
5779,Evangelical Kundahar Church,"6245+2C5, paokharaa 33700, naepaala",28.205022,84.0086145,5.0,paokharaa, church,,Missing description
5780,Nice Aquarium House,"M8RW+CC7, shaanatainagara maaraga, kaathamaadaauँ 44600, naepaala",27.691043,85.346057,3.9,shaanatainagara maaraga, aquarium,,Missing description
5781,Aunshka patel,"XXMX+HGH, balairaamapaura 44400, naepaala",26.9839961,84.9988966,0.0,balairaamapaura, museum,,Missing description
5782,baudawaa iinaara (kakadaii),"Unnamed Road, kaolahawaii 44400, naepaala",27.0974603,85.125864,0.0,kaolahawaii, amusement_park,,Missing description
5783,chaau baatao 1.2.3.waadaa jaanae batao।,"56WR+XC6, bharatagamja raoda, naijagadha 44500, naepaala",27.1974058,85.2410236,0.0,bharatagamja raoda, park,,Missing description
5784,jaamaa masajaida abaubakara saidadaika,"644H+2G7, naijagadha 44401, naepaala",27.2050438,85.1287842,0.0,naijagadha, mosque,,Missing description
5785,Nijgadh bara,"644G+MVG, naijagadha 44401, naepaala",27.2066797,85.1271907,1.0,naijagadha, art_gallery,,Missing description
5786,Kisunpur Mosque,"V3WV+MGH, saimaraaunagadha 44400, naepaala",26.8967094,85.093857,3.8,saimaraaunagadha, mosque,,Missing description
5787,Arun Kumar kushwaha,"V4V5+97C, saimaraaunagadha 44400, naepaala",26.8933966,85.108132,0.0,saimaraaunagadha, trek,,Missing description
5788,Rajkishor baitha,"2W8H+4JH, Pheta, triveni, naepaala",27.0153182,84.9291192,0.0,Pheta, tourist_attraction,,Missing description
5789,Kalaiya Clock Tower,"22J3+X3Q, kalaaiyaa 44400, naepaala",27.0324684,85.0027217,0.0,kalaaiyaa, monument,,Missing description
5790,matha manadaira (pauraanao bajaara) waisharaamapaura raautahata,"Municipality, Bishrampur -02, naepaala",27.0220424,85.3721513,0.0,Bishrampur -02, hindu_temple,,Missing description
5791,metal Bridge,"F34X+VJG, aamabhanyajayaanga 44100, naepaala",27.4571816,85.0990811,5.0,aamabhanyajayaanga, hike,,Missing description
5792,Madina Masjid Bhadsar-5,"Bhandsar -5, bhaadasara, naepaala",26.8179023,85.5190482,4.6,bhaadasara, mosque,,Missing description
5793,daimaarakaeshana chaoka ️,"Rajapur Road 10, raajaapaura 21800, naepaala",28.4333871,81.0962325,0.0,raajaapaura, park,,Missing description
5794,Yazdani masjid daulatpur,"F4CP+FFC Yazdani masjid, raajaapaura 230125, naepaala",28.4711933,81.1361543,0.0,raajaapaura, mosque,,Missing description
5795,"Zion Ecclesia Prayer House, Bansgadhi, Bardiya, Nepal","7G29+GH3, pauurawa pashachaima raajamaaraga, baaँsagadhaii 21800, naepaala",28.2512693,81.5189507,3.7,pauurawa pashachaima raajamaaraga, church,,Missing description
5796,Dilli housing,"6HPJ+HJ, baaँsagadhaii 21800, naepaala",28.2364483,81.5816168,0.0,baaँsagadhaii, trek,,Missing description
5797,Dhunge Dhara Bode,"M9RR+JMF, madhayapaura thaimai 44600, naepaala",27.6915698,85.3916719,4.2,madhayapaura, amusement_park,,Missing description
5798,Thimi Pottery Square,"M9HM+PWG, madhayapaura thaimai 44600, naepaala",27.679326,85.3847605,4.4,madhayapaura, tourist_attraction,,Missing description
5799,Trekking and Mountaineering Services (TAMS) Nepal Pvt. Ltd.,"Gatthaghar Marg Madhyapur Thimi- 2, 44800, naepaala",27.6790837,85.3759101,0.0,44800, trek,,Missing description
5800,Ganesh Thumki,"P2QF+JC, bhaimaeshawara nagarapaalaikaa, naepaala",27.739022,86.0236017,0.0,bhaimaeshawara nagarapaalaikaa, hike,,Missing description
5801,Rai Treks & Expeditions (P)LTD,"jaorapaataii saunadaraiijala sadaka, gaokaranaeshawara 44603, naepaala",27.7391602,85.3929813,4.0,gaokaranaeshawara, trek,,Missing description
5802,Anugraha Sagarmatha Church,"24FC+24P, raanaiibaasa 57000, naepaala",27.0223818,87.1195817,0.0,raanaiibaasa, church,,Missing description
5803,Shivalaya Mandir The oldest Temple,"C38M+RM4, 57000, naepaala",27.4169999,87.0841951,0.0,57000, hindu_temple,,Missing description
5804,Dhaitar Outdoor Gym,"PJ62+QF, mahaadaewasathaana manadana 45200, naepaala",27.7118946,85.601144,0.0,mahaadaewasathaana, amusement_park,,Missing description
5805,Jama Masjid Dubarbona,"HF53+6Q, Laukaha, Bihar 56500, bhaarata",26.5579309,86.4546119,4.5,Laukaha, mosque,,Missing description
5806,Koinonia Bharatpur Church,"MC7C+F7C, ,CHITWAN, bharatapaura 44207, naepaala",27.6636918,84.4206312,4.5,, church,,Missing description
5807,Chitwan National Park Safari and tours,"bharatapaura 44200, naepaala",27.5971275,84.4827986,4.0,naepaala, tourist_attraction,,Missing description
5808,Bishajari Lake Entry Gate (Bharatpur Side),"MF53+WPG, bharatapaura 44207, naepaala",27.6598008,84.4543367,3.0,bharatapaura, historic_site,,Missing description
5809,paipaulasa paaraka,"Rapti 9, naepaala",27.6416394,84.6016598,5.0,naepaala, park,,Missing description
5810,Ayre niwas,"8H5R+GC7, amaragadhaii 10300, naepaala",29.3087981,80.5910567,0.0,amaragadhaii, hike,,Missing description
5811,Ninglad,"6C6X+62, parashauraama 10300, naepaala",29.2106108,80.4475801,0.0,parashauraama, park,,Missing description
5812,Nepal Alternative Treks & Expeditions,"Post Box No: 8169, House, Raniban Marg 136/205, Nagarjun, 01, kaathamaadaauँ 44600, naepaala",27.7384179,85.2857632,5.0,House, trek,,Missing description
5813,Tindu Tree,"RPV8+5HM, Mid Hill Hwy, naaraayana nagarapaalaikaa 21600, naepaala",28.842954,81.7164363,0.0,Mid Hill Hwy, park,,Missing description
5814,Jiban Jyoti Church,"RPQ5+QJR, Mid Hill Hwy, naaraayana nagarapaalaikaa 21600, naepaala",28.8397996,81.7080741,4.0,Mid Hill Hwy, church,,Missing description
5815,Qadari Masjid Dailekh,"Bhairabi gaupalika, daulalau 21600, naepaala",28.9038637,81.6302707,1.0,daulalau, mosque,,Missing description
5816,Naabistaan Jwala naabaisathaana jawaalaa,"RMW8+WF4, 21600, naepaala",28.8472575,81.6661472,5.0,21600, hindu_temple,,Missing description
5817,Palta,"MMHQ+QG, waiiraenadaranagara 21600, naepaala",28.6793125,81.6889375,0.0,waiiraenadaranagara, trek,,Missing description
5818,daumgaeshawara,"daumgaeshawara, 21600, naepaala",28.7619882,81.6634349,,21600, tourist_attraction,,Missing description
5819,pamchakaoshaii haotala enada laja,"VH3J+3JP bajaara, talalao daungagaeshawara, daulalau 21608, naepaala",28.8527045,81.5815776,5.0,talalao daungagaeshawara, tourist_attraction,,Missing description
5820,sharaiisathaana manadaira,"RMRG+9J5, F182, naaraayana nagarapaalaikaa 21600, naepaala",28.8408917,81.676608,4.5,F182, hindu_temple,,Missing description
5821,sharaii raama manadaira,"1, ghaoraahaii 00035, naepaala",28.0587625,82.4861053,0.0,ghaoraahaii, hindu_temple,,Missing description
5822,ZION ECCLESIA PRAYER HOUSE LAMAHI DANG,"VG8G+PXX, F138, lamahaii 22414, naepaala",27.8668614,82.5274851,0.0,F138, church,,Missing description
5823,"Satlok Ashram Lamahi,Dang","VG9C+XX7, lamahaii 22414, naepaala",27.8698811,82.5224339,4.0,lamahaii, hindu_temple,,Missing description
5824,"pond paaekharaii, gajauwaa khaaelaa najaika","VJ6J+CC, saisahanaiyaa 22400, naepaala",27.8610422,82.631023,0.0,saisahanaiyaa, amusement_park,,Missing description
5825,Kusheshwor Mahadev | kaushawaeshawara mahaadaewa manadaira,"M8RV+QQ3, Prayag Marg, kaathamaadaauँ 44600, naepaala",27.6918698,85.3444112,4.6,Prayag Marg, hindu_temple,,Missing description
5826,"babaii (sarayau)utatara baahainaii , daanga","297G+9W2, saaudaiyaara 22400, naepaala",28.0133805,82.3772769,0.0,saaudaiyaara, tourist_attraction,,Missing description
5827,Clear Sky Treks & Expedition Pvt. Ltd.,"khausaibaum waishanaumataii kainaara daaँya, kaathamaadaauँ 44600, naepaala",27.7215769,85.3010372,5.0,kaathamaadaauँ, trek,,Missing description
5828,Malikarjun dham,"PFPM+RQ5, apaii 10100, naepaala",29.7370145,80.4844731,4.3,apaii, trek,,Missing description
5829,jaamaachao gaumabaa,"P7W8+2PV, naagaarajauna 44600, naepaala",27.7451165,85.2667956,4.5,naagaarajauna, trek,,Missing description
5830,Royal Beach Nepal,"Khatauti khola, Dhading, Charundi, naepaala",27.7989708,84.7237705,4.1,Dhading, tourist_attraction,,Missing description
5831,Himalika Camp/Resort,"RP3W+48G, dhausasaa 45100, naepaala",27.8028305,84.7458374,4.3,dhausasaa, tourist_attraction,,Missing description
5832,Nilkanthwa jame masjid kalaiya 10,"XX76+C95, mataiarawaa 44400, naepaala",26.9635108,84.9610052,5.0,mataiarawaa, mosque,,Missing description
5833,Kafalpani dhading,"XR3X+H5F, nailakanatha 45100, naepaala",27.9539396,84.8479263,0.0,nailakanatha, hike,,Missing description
5834,Sasaha Church,"VVVF+QQ6, nailakanatha 45100, naepaala",27.8944234,84.8743989,4.0,nailakanatha, church,,Missing description
5835,"saidadha baabaa manadaira, dhaadainga","Siddha Baba Temple, nalaanga 45100, naepaala",27.8482364,84.812245,5.0,nalaanga, mosque,,Missing description
5836,"daamana paakharaina, Daman Pakhrin Statue","2XJ8+GHP, 45100, naepaala",28.0313487,84.9664521,1.0,45100, monument,,Missing description
5837,daeusairaii naena (chaautaaraa),"3X2X+XRF, 45100, naepaala",28.0524399,84.9995554,0.0,45100, hike,,Missing description
5838,"Punarjiwan Church, Gajuri Municipality-6, Bhashme","QWR5+JJJ Municipality, Bhashme, gajauraii 6, naepaala",27.7915839,84.909019,0.0,Bhashme, church,,Missing description
5839,Immunial Bible church,"XVWG+CG2, saunadarabajaara 45100, naepaala",27.996044,84.8762656,0.0,saunadarabajaara, church,,Missing description
5840,Kagate Childrens Park,"X8XJ+5F8, kaoshaii raajamaaraga, dhanakautaa 56800, naepaala",26.9979072,87.3312119,3.8,kaoshaii raajamaaraga, amusement_park,,Missing description
5841,chanadaramaa paokharaii,"X88V+3HQ, dhanakautaa 56800, naepaala",26.9652063,87.3439793,0.0,dhanakautaa, tourist_attraction,,Missing description
5842,waisharaanatai manadaira,"W8HC+M95, dhanakautaa 56800, naepaala",26.9291227,87.3209938,4.3,dhanakautaa, hindu_temple,,Missing description
5843,Saphaitar saphaaiitaara,"Shahidbhumi-1, naepaala",26.9109434,87.212243,0.0,naepaala, hindu_temple,,Missing description
5844,Janakpur zion,"QW2G+72X, janakapaura 45600, naepaala",26.7507452,85.925049,1.0,janakapaura, church,,Missing description
5845,Janakpur Old Rail,"PWMQ+6MF, janakapaura 45600, naepaala",26.7330832,85.9391371,5.0,janakapaura, historic_site,,Missing description
5846,Mithila chauk,"WX25+5W, maithailaa 45600, naepaala",26.9004028,85.9597926,0.0,maithailaa, park,,Missing description
5847,Barkati Jama Masjid,"VX79+P32, chhairaeshawaranaatha 45600, naepaala",26.8642508,85.9676263,5.0,chhairaeshawaranaatha, mosque,,Missing description
5848,chaurae kashaetara,"WXQX+6JC, chhairaeshawaranaatha 45600, naepaala",26.9380737,85.9990296,0.0,chhairaeshawaranaatha, hike,,Missing description
5849,lakashamaii gamgaa kaृshai pharama,"W69W+XF, ganaeshamaana chaaranaatha 45900, naepaala",26.919918,86.246246,0.0,ganaeshamaana, park,,Missing description
5850,"lakashamaii naaraayana manadaira, dhanasaraii, daudhaaailaii-११","W66M+C7, ganaeshamaana chaaranaatha 45600, naepaala",26.9110763,86.2331928,0.0,ganaeshamaana, hindu_temple,,Missing description
5851,Chhaghareya,"X447+5JQ, ganaeshamaana chaaranaatha 1, naepaala",26.9554673,86.1141045,0.0,ganaeshamaana, hindu_temple,,Missing description
5852,Shiv chuck,"R4XH+6G3, ganaeshamaana chaaranaatha 45600, naepaala",26.848019,86.128789,2.0,ganaeshamaana, hindu_temple,,Missing description
5853,ॐ shaiwa manadaira (Shiv Temple ),"W33F+8VM Birendra Bazar, ganaeshamaana chaaranaatha 45600, naepaala",26.903329,86.0746793,0.0,ganaeshamaana, hindu_temple,,Missing description
5854,Dhanush Mandir - Dhanushadham,"R3J4+7Q6, dhanaushaadhaama 45600, naepaala",26.8306745,86.0568996,4.5,dhanaushaadhaama, tourist_attraction,,Missing description
5855,Dhanusha Dham Temple,"R3J4+CQ6, dhanaushaadhaama 45600, naepaala",26.8304824,86.0570982,4.4,dhanaushaadhaama, hindu_temple,,Missing description
5856,Jugeshwarpur mandir,"R24P+27F, Jugeshwarpur 45600, naepaala",26.805053,86.0356809,0.0,Jugeshwarpur, hindu_temple,,Missing description
5857,Full Life Church,"M9C8+WCP, madhayapaura thaimaii 44600, naepaala",27.6722652,85.3660231,0.0,madhayapaura, church,,Missing description
5858,maithailaa baihaaraii,"maithailaa baihaaraii, 45600, naepaala",26.7817577,85.9855005,,45600, trek,,Missing description
5859,Nasu Dolakha,"M3GG+P9J, bhaimaeshawara nagarapaalaikaa 45500, naepaala",27.6768263,86.0759027,3.0,bhaimaeshawara, aquarium,,Missing description
5860,bhaimaeshawara,"bhaimaeshawara, naepaala",27.6689357,86.042453,,naepaala, aquarium,,Missing description
5861,"Deurali Gadi, Chyama","G4JG+M6, chayaamaa 45500, naepaala",27.5315755,86.1255996,5.0,chayaamaa, hindu_temple,,Missing description
5862,jaiiwaana dhaama manadalaii kaapataii ९ baaraekaota jaajarakaota,"27GV+C9F, naayakabaadaa 21500, naepaala",29.0260503,82.2934123,0.0,naayakabaadaa, church,,Missing description
5863,Kaji Kalu Panday Dada,"P69F+32X, kaathamaadaauँ 44600, naepaala",27.7177255,85.2226159,4.6,kaathamaadaauँ, monument,,Missing description
5864,sailagadhaii,"sailagadhaii, daipaayala sailagadhaii 10800, naepaala",29.2653847,80.9829631,,daipaayala, trek,,Missing description
5865,thaulaiigaada-karanaalaii daobhaana,"dhangalagaau, naepaala",28.9398133,80.9807454,4.0,naepaala, hike,,Missing description
5866,Historical meeting spot of Risedi Kot,"2QFG+J2R, 10800, naepaala",29.0241026,80.7750219,0.0,10800, historic_site,,Missing description
5867,Rani Pokhari,"7X8J+MV6, daipaayala sailagadhaii 10800, naepaala",29.266287,80.9811909,0.0,daipaayala, park,,Missing description
5868,Thumsi Pinic Spot,"P954+77F, gaaimdaakaota 33000, naepaala",27.7081997,84.3556831,3.5,gaaimdaakaota, picnic,,Missing description
5869,Ligligkot Museum,"3G4H+CH, paalaungataara, naepaala",28.0561272,84.5289445,0.0,paalaungataara, museum,,Missing description
5870,Rupinala trek trail,"7QG6+J3, uiyaa, naepaala",28.2765216,84.7602034,0.0,uiyaa, trek,,Missing description
5871,chaarakaunae dhamailaii kauwaa,"2FWM+J22, Road, paalaungataara, naepaala",28.0465194,84.4825073,3.0,Road, amusement_park,,Missing description
5872,"Ajirkot Rural Municipality, Bhachchek Gorkha","5J4X+84G, hamsapaura, naepaala",28.1558029,84.647886,4.7,hamsapaura, historic_site,,Missing description
5873,Padelchhap Raniban Harit Park (Indreni Picnic Spot),"XJRP+7R, gaorakhaa 34000, naepaala",27.990658,84.637005,0.0,gaorakhaa, picnic,,Missing description
5874,"Dharche Park, Larpak","6Q5J+228, Unnamed Road, laaparaaka, naepaala",28.2075418,84.780092,4.7,Unnamed Road, park,,Missing description
5875,Jharni (jhaaranaii) khaoralaa,"8Q7R+RW8, uiyaa, naepaala",28.3145262,84.7923326,5.0,uiyaa, park,,Missing description
5876,Resunga park,"37H3+48X, raesaungagaa 32600, naepaala",28.0778619,83.2533636,3.3,raesaungagaa, zoo,,Missing description
5877,Resunga,"3778+6VF, raesaungagaa 32600, naepaala",28.0630697,83.2671602,1.0,raesaungagaa, aquarium,,Missing description
5878,Musung,"8FPR+2RV, bhakaimalaii 33200, naepaala",28.3351545,83.4920159,0.0,bhakaimalaii, tourist_attraction,,Missing description
5879,SUNNI MOSQUE (masajaida),"Unnamed Road, 33007, naepaala",27.391961,83.8382888,3.5,33007, mosque,,Missing description
5880,"Statue of The First Martyre of Nepal, Captain Lakhan Thapa Magar","2G27+253, thaulao laumapaeka 32600, naepaala",28.0000901,83.5129645,1.0,thaulao, monument,,Missing description
5881,chailaaunae kharaka,"3G74+VP, phaokasainga 32600, naepaala",28.0647431,83.506835,0.0,phaokasainga, trek,,Missing description
5882,Gulmidarbar Rural Municipality,"27VV+FXJ, gaaudaakaota 32600, naepaala",28.0437097,83.2948893,3.8,gaaudaakaota, picnic,,Missing description
5883,Satyawati Temple - baudhaii satayawataii bajayaai manadaira,"2FWX+46M, laimaghaa 32600, naepaala",28.0453286,83.4980622,5.0,laimaghaa, hindu_temple,,Missing description
5884,satayawataii,"satayawataii, naepaala",27.9852432,83.4769026,,naepaala, historic_site,,Missing description
5885,Thorga chyurek,"WCXM+F52, rauurauu 32600, naepaala",27.9486745,83.432873,0.0,rauurauu, tourist_attraction,,Missing description
5886,sarasawataii manadaira kaunaakharaka,"34CW+3F7, Dhurkot Nayagaun, Nepal kunakharka, paipaladhaaraa, naepaala",28.0701604,83.1461929,0.0,Dhurkot Nayagaun, hindu_temple,,Missing description
5887,Bichitra Cave,"45C7+V83, 32600, naepaala",28.1221324,83.1632886,0.0,32600, monument,,Missing description
5888,Malika tol,"RG9P+8H, atataraiiyaa 10900, naepaala",28.8180539,80.5362976,4.6,atataraiiyaa, tourist_attraction,,Missing description
5889,Adanchuli Rural Manicipalityko samgarahaalaya,"MV66+JHW, sharaiinagara 21000, naepaala",29.6616316,81.8614874,3.0,sharaiinagara, historic_site,,Missing description
5890,Dudh daha,"M5GR+QCR, daaramaa 21000, naepaala",29.6769834,82.191013,4.5,daaramaa, hindu_temple,,Missing description
5891,Zero points,"JQFC+5PF, maailaa 21000, naepaala",29.6229442,81.7717901,0.0,maailaa, hike,,Missing description
5892,eka aulaalae halalaiinae dhaumgaa,"VP94+GMJ, 57300, naepaala",26.8688383,87.706656,0.0,57300, amusement_park,,Missing description
5893,Mount Carmel prayer house,"WRMC+54M, daeumaaii 57300, naepaala",26.9329235,87.8203313,0.0,daeumaaii, church,,Missing description
5894,Deumai ilam,"WQ6F+X89, dhausaenaii 57300, naepaala",26.9124224,87.7733308,0.0,dhausaenaii, historic_site,,Missing description
5895,"Dumping side of Deumai Municipality, Ilam","WRGJ+HM, daeumaaii 57300, naepaala",26.9264287,87.8317364,0.0,daeumaaii, historic_site,,Missing description
5896,maataa paathaiibharaa kaृshai baakharaa tathaa pashaupamchhaii wayawasaaya,"V3PR+8MR, iilaama 57300, naepaala",26.8858577,88.0916375,0.0,iilaama, zoo,,Missing description
5897,laapachaetaara,"VPGR+2VR, 2, naepaala",26.8751137,87.7421265,0.0,2, museum,,Missing description
5898,Kapra village,"H37G+M3, baamae 22200, naepaala",28.5649434,82.0760223,5.0,baamae, hike,,Missing description
5899,Ratna Prasad Neupane Memorial Garden,"Q2G8+9JG, sauwaanaaulaii 21500, naepaala",28.7759313,82.0165679,0.0,sauwaanaaulaii, monument,,Missing description
5900,"Rock Garden, Jiree","X7C7+X5, naayakabaadaa 21500, naepaala",28.972417,82.2628834,4.0,naayakabaadaa, park,,Missing description
5901,kaushaenaii (tairatha sathala),"R9P9+QC, khagaenakaota 21500, naepaala",28.8369423,82.3685658,0.0,khagaenakaota, hindu_temple,,Missing description
5902,phaulachaaulaii laekha।,"R5FX+28, dhaimae 21500, naepaala",28.822537,82.198357,0.0,dhaimae, museum,,Missing description
5903,jaajarakaota,"jaajarakaota, naepaala",28.8651497,82.1713632,,naepaala, historic_site,,Missing description
5904,Fish farm & resort,"Heaven park, bairataamaoda 00977, naepaala",26.6260514,87.9711825,4.1,bairataamaoda, park,,Missing description
5905,The Latte Art Books and Bakes,"Damak 06, damaka 57217, naepaala",26.6635862,87.7019725,4.2,damaka, art_gallery,,Missing description
5906,sawatanatara bayaapataisata characha,"JWW2+3C4, kanakaaii 57200, naepaala",26.6451327,87.9010803,4.8,kanakaaii, church,,Missing description
5907,Jhapa Kankai 1,"MW23+PJ3, kanakaaii 57200, naepaala",26.6517504,87.9040571,0.0,kanakaaii, hindu_temple,,Missing description
5908,halauwaagadha kaalaii khaolaa saimasaara parayaaparayatana baikaasa,"PXQP+R75, khaudaunaabaaraii 57300, naepaala",26.7395035,87.9857288,4.1,khaudaunaabaaraii, picnic,,Missing description
5909,All Nation Mission Center,"MVGJ+72R Nawa Jiwan Toll, Domukha Rd, shaiwasataakashaii 10, naepaala",26.675747,87.8800008,3.0,Domukha Rd, church,,Missing description
5910,lahaosae ilaama,"MVG4+C35, shaiwasataakashaii 57300, naepaala",26.6760146,87.8552304,4.5,shaiwasataakashaii, hike,,Missing description
5911,satataabharanaa mamgalabaarae khaanaepaanaii tayaangakaii baajaokhaeta,"Q32G+47, shaanatainagara 57200, naepaala",26.7503708,88.0756582,5.0,shaanatainagara, amusement_park,,Missing description
5912,bai emda bai kaृshai pharama,"Q3JM+Q8M, bairataamaoda 25700, naepaala",26.7819673,88.0832818,1.0,bairataamaoda, zoo,,Missing description
5913,"Kali Temple (Mandir), Haldibari-2 , Jhapa","H296+JWF, haladaiibaaraii 57200, naepaala",26.5690563,88.0122977,4.0,haladaiibaaraii, hindu_temple,,Missing description
5914,haladaiwaaraii,"haladaiwaaraii, 57200, naepaala",26.5591124,88.0216074,,57200, historic_site,,Missing description
5915,Animal Hospitals,"843X+7R5, chanadananaatha 21200, naepaala",29.3031459,82.1496049,0.0,chanadananaatha, zoo,,Missing description
5916,Sinja,"9X47+FJ2, dhaapaa 21200, naepaala",29.3561475,81.9640143,5.0,dhaapaa, tourist_attraction,,Missing description
5917,"Sinja, Jumla","M8X5+XG6, kaathamaadaauँ 44600, naepaala",27.6999404,85.3087591,5.0,kaathamaadaauँ, trek,,Missing description
5918,haimaalaya naepaala taraeka paraa। laimaitaeda,"Buddha-06, baudhaanaiilakanatha 44600, naepaala",27.735945,85.35887,4.5,baudhaanaiilakanatha, trek,,Missing description
5919,Dear arn,"5CH6+R4R, gauthaiichaaura 21200, naepaala",29.1796068,82.4102628,0.0,gauthaiichaaura, museum,,Missing description
5920,Shivpuri Dham,"PH8G+VVV, dhanagadhaii 10900, naepaala",28.7172284,80.5771842,4.4,dhanagadhaii, hindu_temple,,Missing description
5921,Dhancauri Forest,"PJ8H+WC, dhanagadhaii 10900, naepaala",28.7173552,80.6286095,0.0,dhanagadhaii, hike,,Missing description
5922,Kalika Mandir kailali tikapur kailali,"F3G6+3VF, taikaapaura 10901, naepaala",28.4751785,81.0621592,5.0,taikaapaura, hindu_temple,,Missing description
5923,Lamki Buspark,"J5G5+J7F, mahaenadara raajamaaraga, lamakaii chauhaa, naepaala",28.6265645,81.1581784,3.9,mahaenadara raajamaaraga, amusement_park,,Missing description
5924,"Lamki, kailali, Nepal","J5H2+5J8, chaauhaa 10901, naepaala",28.6279181,81.1515768,4.4,chaauhaa, aquarium,,Missing description
5925,Dhade Khola Picnic Area Rest Camp,"M5V6+C7, lamakaii chauhaa 10900, naepaala",28.693584,81.1606478,5.0,lamakaii, picnic,,Missing description
5926,mafiya ghar,"M27M+9GJ, mahaenadara raajamaaraga, daudaodhaaraa 10900, naepaala",28.6645934,81.0333424,0.0,mahaenadara raajamaaraga, park,,Missing description
5927,Immanuyal charch phalebisauna,"VVHQ+XXX, phalebisauna, maohanayaala 03, naepaala",28.88,80.89,0.0,phalebisauna, church,,Missing description
5928,Shoreeepur Church,"QJH2+XH4, atataraiiyaa 10900, naepaala",28.7798798,80.6014558,3.7,atataraiiyaa, church,,Missing description
5929,Deaurali(masaanaii)temple,"Chure-5, naepaala",28.9536518,80.6082541,0.0,naepaala, hindu_temple,,Missing description
5930,kaadalakaaudaii dhajaabaanayaa,"5M8R+XQ, baadalakaota 21300, naepaala",29.1674719,81.6919293,0.0,baadalakaota, hike,,Missing description
5931,Rasula Khaton Masjid (rasaulaa khaatauna masajaida),"3M65+VHW, naepaalaganyaja 21900, naepaala",28.0622821,81.6589627,3.7,naepaalaganyaja, mosque,,Missing description
5932,kaalaikaa phaedaii,"PC99+22W, way to kalika temple, gaaimdaakaota 33000, naepaala",27.7176177,84.4175888,3.5,way to kalika temple, hike,,Missing description
5933,Siddhibinayak Children Park (Janakitole -18),"X58F+XQQ, bhaiimadatata 10400, naepaala",28.9664736,80.1726815,5.0,bhaiimadatata, park,,Missing description
5934,Newly opened Heli Museum near by,"X59V+4QQ, H01, bhaiimadatata 10400, naepaala",28.9676885,80.1944108,5.0,H01, museum,,Missing description
5935,Shiva Kund Shiva Temple bhamka,"Unnamed Road, 10400, naepaala",28.9573614,80.2475249,4.8,10400, hindu_temple,,Missing description
5936,kaृshanapaura,"kaृshanapaura, naepaala",28.9052475,80.4660256,,naepaala, picnic,,Missing description
5937,Noori Mustafa masjid,"X3RC+W6W, Banbasa, Devipura, Uttarakhand 262310, bhaarata",28.992443,80.0705889,0.0,Banbasa, mosque,,Missing description
5938,Nepa Aquarium,"M8CM+XRM, Sahid Sukra Raj Marg, lalaitapaura 44700, naepaala",27.6724721,85.3345673,3.5,Sahid Sukra Raj Marg, aquarium,,Missing description
5939,Bethel jiwan jyoti church,"Q9RH+JXR gaupalika 4, 10400, naepaala",28.7916127,80.3799053,5.0,10400, church,,Missing description
5940,Esther mobile gallery,"Laljhadi, gaupalika.4, naepaala",28.7918593,80.3806228,5.0,gaupalika.4, art_gallery,,Missing description
5941,itaha Baba Dham,"Laljhadi Rural Municipality, 10405, naepaala",28.8126047,80.3865827,5.0,10405, hindu_temple,,Missing description
5942,A P MOUNT FRAMING GALLERY,"H3MM+4QW, kapailawasatau 32800, naepaala",27.5854588,83.0845963,0.0,kapailawasatau, art_gallery,,Missing description
5943,Kapilvastu arghakhanchi border,"Q39J+F6, waanagamgaa 32800, naepaala",27.7687506,83.080644,0.0,waanagamgaa, hike,,Missing description
5944,adawaitaiiya maachhaa anai paradaayaka kaenadara,"GF52+Q76, Daya Path, saidadhaarathanagara 32900, naepaala",27.5094144,83.4506034,4.5,Daya Path, aquarium,,Missing description
5945,Phedi Picnic Spot,"7VRF+M3C, dhamapausa 33700, naepaala",28.2916927,83.8726501,4.2,dhamapausa, picnic,,Missing description
5946,yaojanaakaara paraa taraekainga। laimaitaeda,"thamaela maaraga, kaathamaadaauँ 44600, naepaala",27.715033,85.311319,4.9,kaathamaadaauँ, trek,,Missing description
5947,Small memorial Dhara,"P8HW+9C8, chakarapatha, baudhaanaiilakanatha 44600, naepaala",27.7284039,85.3460431,0.0,chakarapatha, amusement_park,,Missing description
5948,Masjid Al-hail bewasayik talim and sanskritik kendra,"P8MP+54, kaathamaadaauँ 44600, naepaala",27.7328013,85.3353793,5.0,kaathamaadaauँ, mosque,,Missing description
5949,Sano pull skate park,"P7WX+PJ6, taarakaeshawara 44600, naepaala",27.7467756,85.2990227,5.0,taarakaeshawara, park,,Missing description
5950,shaanatai aaraadhanaa characha,"P8R3+X8Q, taarakaeshawara 44600, naepaala",27.7424599,85.3033545,4.5,taarakaeshawara, church,,Missing description
5951,taraekainga sathala naepaala,"chaakasaiiwaaraii maaraga, kaathamaadaauँ 44600, naepaala",27.7173109,85.3103694,5.0,kaathamaadaauँ, trek,,Missing description
5952,ramaesha waikala samaृtai saahaitaya parataishathaana,"P9JG+QMR, Sahid Park Rd, gaokaranaeshawara 44600, naepaala",27.731981,85.3766519,4.3,Sahid Park Rd, monument,,Missing description
5953,Dakshindhoka Shanti Park,"P9CP+RW5, gaokaranaeshawara 44600, naepaala",27.7220014,85.387372,3.7,gaokaranaeshawara, picnic,,Missing description
5954,sharaii sawasathaanaii maataa manadaira,"PFH9+9J5, shangakharaapaura 44600, naepaala",27.7283764,85.4691186,4.4,shangakharaapaura, hindu_temple,,Missing description
5955,saunataola,"PFH7+R8W, shangakharaapaura 44600, naepaala",27.7289838,85.4632553,4.7,shangakharaapaura, monument,,Missing description
5956,Old Dhulikhel Bazar,"JH93+Q5J, Inner Rd in DHulikhel, dhaulaikhaela 45200, naepaala",27.6195,85.5529028,3.0,Inner Rd in DHulikhel, historic_site,,Missing description
5957,A.S Aquarium fish and pet shop,"JGJC+643, Bus Park Road, banaepaa 45210, naepaala",27.6305191,85.5202904,4.4,Bus Park Road, aquarium,,Missing description
5958,Chandeshowori Thousand steps,"JGMM+QMR, banaepaa 45210, naepaala",27.6344776,85.5341555,4.5,banaepaa, hike,,Missing description
5959,Hamro furniture @ panauti,"HGQ7+XRQ, panaautaii 45209, naepaala",27.5899234,85.5145647,0.0,panaautaii, art_gallery,,Missing description
5960,Bhakunde B.A.M Church,"HJ2V+HW, kaashaiikhanada 45200, naepaala",27.5514079,85.6447547,3.0,kaashaiikhanada, church,,Missing description
5961,saunakaoshaii satatala,"GQRH+JX, kaaratataikae daeuraalaii 45200, naepaala",27.5415508,85.779921,0.0,kaaratataikae, museum,,Missing description
5962,khaorathaapae,"GGH6+23R, 45200, naepaala",27.52762,85.5101263,0.0,45200, park,,Missing description
5963,Mahankalchaur,"GG3H+79C, mahaamkaala chaaura 45200, naepaala",27.5031901,85.528379,0.0,mahaamkaala, hike,,Missing description
5964,Diktel View Tower,"6Q9R+PQ6, daikataela 56200, naepaala",27.2192868,86.7919009,0.0,daikataela, museum,,Missing description
5965,kautaii nk,"2Q5M+582, laichakaiiraamachae 56200, naepaala",27.0075122,86.7826427,0.0,laichakaiiraamachae, park,,Missing description
5966,Lubhu Art Gallery,"J9V9+9XP, sarasawaotaii taola sadaka, mahaalakashamaii, naepaala",27.6434639,85.3699225,0.0,sarasawaotaii taola sadaka, art_gallery,,Missing description
5967,sharaii mahaalakashamaiisathaana manadaira,"M869+VMH sharaii maahaalakashamaii manadaira, lalaitapaura 44700, naepaala",27.662726,85.3191733,4.6,lalaitapaura, hindu_temple,,Missing description
5968,Lamjung Pathibhara Temple lamajaunga paathaiibharaa manadaira,"59PV+QPH, Naruwal, waesaiishahara 33600, naepaala",28.1869375,84.3943594,5.0,Naruwal, hindu_temple,,Missing description
5969,around annapurna trek trail,"59WP+F7X, waesaiishahara 33600, naepaala",28.1962471,84.3857442,0.0,waesaiishahara, trek,,Missing description
5970,Narayanthan Mandir,"4CJ5+WWM, saunadarabajaara 33600, naepaala",28.1323343,84.4097872,5.0,saunadarabajaara, hindu_temple,,Missing description
5971,"sharaii kawaoi chahao daewaii manadaira, gailaunga","668Q+R4V, gailaunga 33600, naepaala",28.2171123,84.2378067,5.0,gailaunga, hindu_temple,,Missing description
5972,Bichhaur Church,"33600, naepaala",28.1901694,84.6132553,0.0,naepaala, church,,Missing description
5973,Dhami house ™,"P776+CR7, naagaarajauna 44600, naepaala",27.7134983,85.2620607,5.0,naagaarajauna, hindu_temple,,Missing description
5974,Dudh Pokhari daudha paokharaii,"F766+RJ, chaamae, naepaala",28.4620513,84.2615429,5.0,chaamae, historic_site,,Missing description
5975,Saadiya Collection nd trekking gears hub,"waesaiishahara 33600, naepaala",28.2362716,84.3737618,5.0,naepaala, trek,,Missing description
5976,NOORI JAMA MASJID,"JQWM+CPH, jalaeshawara 45700, naepaala",26.646088,85.7844044,3.3,jalaeshawara, mosque,,Missing description
5977,Jaleshwar Haat Bazaar,"Jaleshwar, Shankar Chowk-2, Mahottari, Nepal., baradaibaasa-jalaeshawara raajamaaraga, jalaeshawara 45700, naepaala",26.650737,85.7976738,4.0,Shankar Chowk-2, art_gallery,,Missing description
5978,Bardibas Baptist Church,"XVMR+VW4, baradaibaasa-jalaeshawara raajamaaraga, baradaibaasa 45701, naepaala",26.984659,85.8922742,4.1,baradaibaasa-jalaeshawara raajamaaraga, church,,Missing description
5979,"Jure Tole,Bardibas","WVQJ+M2J, baradaibaasa 45700, naepaala",26.9392102,85.8800083,4.1,baradaibaasa, historic_site,,Missing description
5980,gaaushaalaa raoda basa paaraka,"pauurawa pashachaima raajamaaraga, baradaibaasa 45701, naepaala",27.001634,85.8529777,3.7,baradaibaasa, park,,Missing description
5981,SHONA,"VH74+3C8, malamgawaa 45800, naepaala",26.8626548,85.5560635,3.0,malamgawaa, tourist_attraction,,Missing description
5982,Sundari Bagar Resort,"4W59+V29, taulasaii chaauda, naepaala",27.109663,85.9176149,5.0,taulasaii chaauda, picnic,,Missing description
5983,New Mithila Art Studio,"MQ2W+HV3, baradaibaasa-jalaeshawara raajamaaraga, jalaeshawara 45700, naepaala",26.651399,85.7971757,0.0,baradaibaasa-jalaeshawara raajamaaraga, art_gallery,,Missing description
5984,kaamgaraesa chaoka,"C2JP+X9P, haraii kaunyaja maaraga, haetaaudaa 44107, naepaala",27.4324573,85.0359426,3.9,haraii kaunyaja maaraga, historic_site,,Missing description
5985,kauralae damaara raoda,"C47G+GVJ, Unnamed Road, makawaanapauragadhaii 44100, naepaala",27.41384,85.1271494,0.0,Unnamed Road, park,,Missing description
5986,jaimadaara daaँdaa,"G4WQ+Q2P, bhaimaphaedaii १, naepaala",27.5469571,85.1375645,0.0,bhaimaphaedaii १, hike,,Missing description
5987,Maisthan Mandir,"6GXX+WXV, saigaanaa 33300, naepaala",28.2498642,83.5499238,0.0,saigaanaa, hindu_temple,,Missing description
5988,PRAKEN GOMPA,"M2FH+V5M, tamkaii manaamnga 33500, naepaala",28.6747139,84.0279106,5.0,tamkaii, monument,,Missing description
5989,Singhiya River Suspension Bridge,"C832+WFW, wairaatanagara 56613, naepaala",26.4048583,87.3011921,4.3,wairaatanagara, hike,,Missing description
5990,Shorei Manakamana Community Forest Consumer Group,"mahaenadara raajamaaraga, patharaii shanaishacharae 56600, naepaala",26.6611765,87.5553221,4.0,patharaii, museum,,Missing description
5991,Rangeli morang nepal Choprha,"FF9X+RMM, rangagaelaii 56600, naepaala",26.4696711,87.4992492,3.6,rangagaelaii, tourist_attraction,,Missing description
5992,sharaii jayaotai saamaudaayaika wana,"HGGF+C94, Milanchowk-Narayanchowk Road, wayarawana 56600, naepaala",26.5760147,87.5234497,3.0,Milanchowk-Narayanchowk Road, park,,Missing description
5993,Himalayan wildlife agro company Pvt.ltd,"madhaumalalaa 56600, naepaala",26.7444705,87.6468575,4.3,naepaala, zoo,,Missing description
5994,nayaaँ baatao chaoka,"GMJ7+M99, kaohawaaraa 57200, naepaala",26.5316542,87.6634915,1.0,kaohawaaraa, trek,,Missing description
5995,Believers Church,"GFFW+VJC, darabaeshaa 56600, naepaala",26.5246852,87.4965312,5.0,darabaeshaa, church,,Missing description
5996,raaraa taraekasa taurasa enada taraabhalasa,"pakanaajaola maaraga, kaathamaadaauँ 44600, naepaala",27.7180123,85.3095158,4.6,kaathamaadaauँ, trek,,Missing description
5997,Marpha,"RJ8W+355, maaraphaa 33100, naepaala",28.8151445,83.6454831,4.7,maaraphaa, tourist_attraction,,Missing description
5998,kajibhume Than Narchyang (kaajaibhaumae thaana naarachayaangaga ),"GMGH+H2H, narachayaamga 33200, naepaala",28.5264495,83.6775982,5.0,narachayaamga, hindu_temple,,Missing description
5999,waaraagaunga maukataikashaetara,"waaraagaunga maukataikashaetara, naepaala",28.8153374,83.8629004,,naepaala, historic_site,,Missing description
6000,thaubachaena gaumabaa,"5XM4+3FV, laomaamgathaamga 33100, naepaala",29.1828053,83.9562055,5.0,laomaamgathaamga, church,,Missing description
6001,Parbat beni,"8HR9+CW2, baenaii 33400, naepaala",28.3410073,83.5697603,4.8,baenaii, art_gallery,,Missing description
6002,Ganeshman Pillar,"J4VG+HMM, mahaenadara raajamaaraga, kaawaasaotaii 33000, naepaala",27.6439649,84.1266865,3.3,mahaenadara raajamaaraga, monument,,Missing description
6003,Tatribas (tataraataraiibaasa),"namauunaa raoda, gaaimdaakaota 33000, naepaala",27.7158268,84.3926003,3.0,gaaimdaakaota, tourist_attraction,,Missing description
6004,Narayan Arts & Painting Gallery,"P94V+5VR, gaaimdaakaota 33000, naepaala",27.7054813,84.3946499,1.0,gaaimdaakaota, art_gallery,,Missing description
6005,Devachuli lower view tower and a Devachuli temple,"Q57G+FQR, daewachaulaii 33000, naepaala",27.7637357,84.1768758,4.5,daewachaulaii, monument,,Missing description
6006,madhayawarataii maaraga,"M55M+XWW, daewachaulaii 33000, naepaala",27.659994,84.184835,0.0,daewachaulaii, historic_site,,Missing description
6007,Madhyabindu 13 mainaghat nawalpur,"J2X7+WV, basanata paura 33000, naepaala",27.6488405,84.0143857,0.0,basanata, church,,Missing description
6008,Bulingtar Rural Municipality Office,"R5PR+69W Kaligandaki Corridor, baulaingataara 33000, naepaala",27.8355033,84.1907308,4.4,baulaingataara, mosque,,Missing description
6009,Machedi Pratixyalaye,"Bungdikali 1 machedi Baudikali, Machedi Rd, 33001, naepaala",27.8538268,84.1038194,3.0,Machedi Rd, park,,Missing description
6010,Nepal Christian Revival Church binai tribeni dhungetadidhungetadi),"MRC7+CCH, dhaurakaota 33000, naepaala",27.6710707,83.8136047,3.0,dhaurakaota, church,,Missing description
6011,Tribeni Arts Devighat,"V455+FQF, baidaura 44900, naepaala",27.8586863,85.1094364,5.0,baidaura, art_gallery,,Missing description
6012,Shish Mahal Temple,"sharaiigajaenadaramaokashadaiwayadhaama, taraibaenaii dhaama, taraibaenaii raoda, taraibaenaii 33007, naepaala",27.4713999,83.9420225,4.3,taraibaenaii dhaama, monument,,Missing description
6013,South maoda manadaira,"mahaenadara raajamaaraga, baradaghaata 33007, naepaala",27.5535838,83.8022076,5.0,baradaghaata, museum,,Missing description
6014,Divya Nagar Fun Park,"GQRV+5P2, baradaghaata 33007, naepaala",27.5403988,83.7942551,5.0,baradaghaata, park,,Missing description
6015,Ramkrishna niwas,"R3QM+HJ9, dauipaipala 44900, naepaala",27.8389231,85.0841033,3.7,dauipaipala, hike,,Missing description
6016,Rumba jharna,"R9QQ+P56, samaunadaradaewaii 44900, naepaala",27.8392851,85.3878863,0.0,samaunadaradaewaii, hike,,Missing description
6017,isalaamaika saamsakaृtaika kaenadara,"M7PV+M27, kaathamaadaauँ 44600, naepaala",27.6866653,85.2923865,4.8,kaathamaadaauँ, mosque,,Missing description
6018,Sisnemul Panidhara,"W6QG+3FP, haladaekaalaiikaa 44900, naepaala",27.9377177,85.226206,0.0,haladaekaalaiikaa, amusement_park,,Missing description
6019,Surya chaur,"W598+QC8, baidaura 44900, naepaala",27.9194201,85.1660825,0.0,baidaura, trek,,Missing description
6020,Manebhanjyang stationery,"Harkapur-Okhaldhunga Road, 56100, naepaala",27.2149239,86.4446471,5.0,56100, art_gallery,,Missing description
6021,MANEBHANJYANG Circle maanaebhanyajayaanga sarakala,"6C5V+W26, taokasaela 56100, naepaala",27.209776,86.4425019,4.3,taokasaela, historic_site,,Missing description
6022,Ward no 1 Manebhanjyang,"6GPQ+CR2, maolaii 56100, naepaala",27.2360083,86.5394685,0.0,maolaii, historic_site,,Missing description
6023,Manebhaniyang,"Manebhaniyang, taokasaela 56100, naepaala",27.2,86.433333,,taokasaela, historic_site,,Missing description
6024,maanaebhanyajayaangaga paulaisa sataesana,"Harkapur-Okhaldhunga Road, 56100, naepaala",27.2144864,86.4477892,0.0,56100, historic_site,,Missing description
6025,Palwuñgba kwañma (Tom Hill),"X9P6+F2, daudhaaulaii 45900, naepaala",26.9861447,86.360012,0.0,daudhaaulaii, historic_site,,Missing description
6026,"Mhanegang (mahaanaegaanga banakhau, salalaenaii)","banakhau 45200, naepaala",27.3628008,85.6335062,5.0,naepaala, historic_site,,Missing description
6027,baela daaँdaa,"996H+P7X, khaijaii phalaamtae 56100, naepaala",27.3618654,86.3782198,0.0,khaijaii, hike,,Missing description
6028,Shoreeekantheswar mahadev,"Sunkoshi ga.pa, 56100, naepaala",27.2938853,86.3537055,0.0,56100, hindu_temple,,Missing description
6029,maolaunga,"maolaunga, 56100, naepaala",27.3662097,86.4223536,,56100, tourist_attraction,,Missing description
6030,haimaalaya kao kalaa wairaasata,"RP36+H5W, Lukla - Everest Base Camp Trekking Route, naamachae 56000, naepaala",27.8042113,86.7105031,5.0,Lukla - Everest Base Camp Trekking Route, art_gallery,,Missing description
6031,naagathaana chaoka,"9J2W+56P, naechaa baetaghaaraii baidaesaii 56000, naepaala",27.3504507,86.645567,0.0,naechaa, trek,,Missing description
6032,Chiuri Bote Daha,"7HQ4+RX, saidadhaicharana 56100, naepaala",27.2895631,86.5574002,0.0,saidadhaicharana, hike,,Missing description
6033,Majhitar,"966C+X6P, naramadaeshawaora 56100, naepaala",27.3624643,86.2205797,0.0,naramadaeshawaora, picnic,,Missing description
6034,Tansen park,"VHF4+HV6, Road, taanasaena 32500, naepaala",27.8739155,83.5571532,4.3,Road, park,,Missing description
6035,Tansen Bazaar Palpa,"taanasaena 32500, naepaala",27.8683959,83.545888,4.5,naepaala, monument,,Missing description
6036,raamapaura,"raamapaura, naepaala",27.8607884,83.8805925,,naepaala, tourist_attraction,,Missing description
6037,"Way to Rampur,Palpa","VJRR+2WV, paipaladaaँdaa - raamapaura raajamaaraga, paipala daamdaa 32500, naepaala",27.890144,83.642578,0.0,paipaladaaँdaa - raamapaura raajamaaraga, tourist_attraction,,Missing description
6038,thaulao paokharaa,"C3, chaapaakaota 33800, naepaala",27.8864216,83.8465616,0.0,chaapaakaota, museum,,Missing description
6039,"Om Gift And Art Gallery, Rampur","M82V+FJM, chaitarawana 44200, naepaala",27.651225,84.3440251,0.0,chaitarawana, art_gallery,,Missing description
6040,daurauna chhaapa,"RWQ6+8C2, raamapaura 32500, naepaala",27.8382605,83.911004,0.0,raamapaura, trek,,Missing description
6041,Hi-Fi Chapakhana (Arts),"M7QV+HPF, saainaamaainaa 32900, naepaala",27.6889298,83.2943569,0.0,saainaamaainaa, art_gallery,,Missing description
6042,DOBAN PARK,"PFXC+69H, daobhaana 32500, naepaala",27.7480567,83.4709926,5.0,daobhaana, amusement_park,,Missing description
6043,Mayur Stationery,"Milijuli-path Traffic Chowk, bautawala 32907, naepaala",27.7020151,83.4662401,4.6,bautawala, art_gallery,,Missing description
6044,paalapaa samgarahaalaya,"VG8W+9P8, baaimka maaraga, taanasaena 32500, naepaala",27.8659123,83.5468493,3.8,baaimka maaraga, art_gallery,,Missing description
6045,Mathagadhi Fort,"PJ43+GQQ, gaothaadaii 32500, naepaala",27.7063495,83.6044941,4.5,gaothaadaii, historic_site,,Missing description
6046,Balik arts,"3782+66X, Tansen-Ridi-Tamghas Road, raesaungagaa 32600, naepaala",28.0656082,83.2506029,0.0,Tansen-Ridi-Tamghas Road, art_gallery,,Missing description
6047,water Tap paanaii paiunaee thaauँ,"RJX9+V5G, naaraayanamataalaesa 32500, naepaala",27.8497056,83.6181581,0.0,naaraayanamataalaesa, amusement_park,,Missing description
6048,Bucephalus,"VH82+VHW, taanasaena 32500, naepaala",27.867245,83.5514474,0.0,taanasaena, church,,Missing description
6049,The Green Park,"paokharaathaoka 32500, naepaala",27.902646,83.516091,4.7,naepaala, picnic,,Missing description
6050,saaँdhautaara paokharaii,"phaidaima 57400, naepaala",27.0785838,87.8124462,5.0,naepaala, tourist_attraction,,Missing description
6051,taathalaii haaiita harasapaura,"MFGQ+2R5, mahaamanyajausharaii nagarakaota, naepaala",27.675014,85.4896144,4.0,mahaamanyajausharaii nagarakaota, hike,,Missing description
6052,"Gurung Museum,gauraungaga samgarahaalaya","9M4M+7CX, phaungalainga 57500, naepaala",27.3557379,87.6836205,3.0,phaungalainga, museum,,Missing description
6053,RP Art and Framing Center,"phaungalainga 57500, naepaala",27.3571533,87.6713569,0.0,naepaala, art_gallery,,Missing description
6054,Bantedara,"4W88+C3, maaiipaokharaii 57400, naepaala",27.1160883,87.9151722,5.0,maaiipaokharaii, trek,,Missing description
6055,maegha dala paaragharaii samaृtailaya,"panyachakanayaa paokharaii 57106, naepaala",27.028838,87.4690221,0.0,naepaala, monument,,Missing description
6056,Modibeni,"Modibeni, naepaala",28.2025957,83.6704139,,naepaala, trek,,Missing description
6057,gaidadhaem chaoka,"7J4P+9H7, kaushamaa 33400, naepaala",28.2558571,83.6360762,0.0,kaushamaa, museum,,Missing description
6058,Nilkantheshwar temple jaljala,"8MQ8+JF2, saalaijaa 33400, naepaala",28.3390273,83.6661131,4.4,saalaijaa, hindu_temple,,Missing description
6059,Basant Art Pokhariya,"Pokhariya Bazar Near Krishna Oil Store Pokhariya-2, paokharaiiyaa 44300, naepaala",27.0764738,84.764741,1.0,paokharaiiyaa, art_gallery,,Missing description
6060,"Noori Jamme Masjid, nauraii jaamamae masajaida","3Q5V+JMP, bahauarawaa bhaathaa 44300, naepaala",27.0591057,84.7942217,5.0,bahauarawaa, mosque,,Missing description
6061,"johari mai mandir, Balirampur parsa,","4R6J+VV3, baagaeshawaraii taitaraonaa 44300, naepaala",27.1121275,84.832184,5.0,baagaeshawaraii, hindu_temple,,Missing description
6062,saunadarabasataii maaraga,"Panauti-Kushadevi Rd, ra‍yaalae 45200, naepaala",27.5891971,85.4800067,5.0,ra‍yaalae, tourist_attraction,,Missing description
6063,Sudeep House,"Q362+PGM, gaoganapaanaii 45100, naepaala",27.7618422,85.0512992,5.0,gaoganapaanaii, historic_site,,Missing description
6064,Deurali dandaa,"F23V+2W, makawaanapauragadhaii 44100, naepaala",27.4526198,85.0448364,2.0,makawaanapauragadhaii, trek,,Missing description
6065,Bhedihari Shawshank ghat,"2PRJ+JP, laahaawarathakaraii 44300, naepaala",27.0415502,84.7318203,2.0,laahaawarathakaraii, park,,Missing description
6066,Bageshwori Nagarkot Suspension Bridge(baagaeshawaraii nagarakaota jhaolaungagae paula),"Suspension Bridge, Telkot Nagarkot Rd, mahaamanyajausharaii nagarakaota 44600, naepaala",27.7063484,85.4837236,4.7,Telkot Nagarkot Rd, hike,,Missing description
6067,Sarumarani 1 bangeshal,"4V23+M87, payauuthaana 22300, naepaala",28.1016595,82.8532928,0.0,payauuthaana, art_gallery,,Missing description
6068,sairasaiinae,"5WV2+5HF, launga 22300, naepaala",28.1929283,82.9014356,0.0,launga, park,,Missing description
6069,Aatitar,"4V23+M87, payauuthaana 22300, naepaala",28.1016595,82.8532928,0.0,payauuthaana, tourist_attraction,,Missing description
6070,Ram Sita Mandir,"HGP9+4C6, Tribeni Rd, panaautaii 45209, naepaala",27.5852938,85.5185196,5.0,Tribeni Rd, hindu_temple,,Missing description
6071,Ranajor khola,"95X3+FCQ, manathalaii 45400, naepaala",27.3987076,86.1535969,0.0,manathalaii, monument,,Missing description
6072,BP Park Museum baiipaii paaraka sangagarahaalaya,"CRP8+RM4, daumajaa 45900, naepaala",27.4376665,85.8165157,3.0,daumajaa, museum,,Missing description
6073,Purano Chapakharka Dhara,"J9QM+C33, mahaalakashamaii, naepaala",27.6384547,85.3827837,0.0,mahaalakashamaii, amusement_park,,Missing description
6074,red panda park,"J75V+8JC, Shivalaya 45500, naepaala",27.6083233,86.2940143,0.0,Shivalaya, park,,Missing description
6075,Likhu tamakoshi Rural municipality ward 4 office,"C674+5XF, 45400, naepaala",27.4129113,86.2074187,5.0,45400, aquarium,,Missing description
6076,Umakunda ground,"Unnamed Road, paraitaii 45400, naepaala",27.504972,86.2909874,4.8,paraitaii, historic_site,,Missing description
6077,Suryakunda Lake,"3CCH+P5, ghayaangaphaedaii 45000, naepaala",28.0718046,85.4279957,4.7,ghayaangaphaedaii, park,,Missing description
6078,AmaChhodingmo,"75XQ+XXX, gatalaanga 45000, naepaala",28.3,85.19,0.0,gatalaanga, church,,Missing description
6079,Jama Mosque,"sakhauwaa dhamaauraa 44515, naepaala",27.0135309,85.3423379,4.6,naepaala, mosque,,Missing description
6080,"Home Gallery - Best Furniture, Electronics & Mobile Suppliers In Nepal","Gaur, chapur highway, chanadarapaura 44515, naepaala",27.1172035,85.3565649,4.4,chapur highway, art_gallery,,Missing description
6081,Ram Naresh Cycle Pasal Garuda rauthat nepal,"Near Nepal Telecom office, Main Road Garuda Rautahat, garaudaa 44500, naepaala",26.9506722,85.3162073,0.0,Main Road Garuda Rautahat, trek,,Missing description
6082,Shekh sahjad,"Q6WW+RMP, baairaiyaa 44500, naepaala",26.7970807,85.2467398,0.0,baairaiyaa, museum,,Missing description
6083,Bhelhi Kmadei Bridge,"V7JM+HP5, sakhauuawaa 44500, naepaala",26.8813918,85.284355,0.0,sakhauuawaa, hike,,Missing description
6084,Rautahat Nepal,"285W+MFF, sakhauwaa dhamaauraa 44500, naepaala",27.0102165,85.345493,0.0,sakhauwaa, historic_site,,Missing description
6085,"parataikashaalaya, paokharabhainadaa raautahata","26WQ+FX6, kakanapaura 44500, naepaala",27.0473878,85.2399859,0.0,kakanapaura, historic_site,,Missing description
6086,masajaida malaahaii taola,"W8VQ+VG, garaudaa 44500, naepaala",26.944746,85.338822,0.0,garaudaa, mosque,,Missing description
6087,Jogauliya Masjid,"28F2+JHC, saimaraa bhawaanaiipaura 44515, naepaala",27.0240396,85.3013833,0.0,saimaraa, mosque,,Missing description
6088,BP Memorial & Clock Tower (Ghantaghar),"Q78C+CRX Gaur Bus Station, Bus Station Road, gaaura 44500, naepaala",26.7661056,85.2721047,0.0,Bus Station Road, monument,,Missing description
6089,Sea To Summit Trekking Tour In Nepal pvt.ltd,"baaudadha sadaka, kaathamaadaauँ 44600, naepaala",27.7221868,85.3618523,4.4,kaathamaadaauँ, trek,,Missing description
6090,Shanti prashansa church Gairigaun Tila Rolpa Nepal,"8GF4+PCF, gaairaiigaauँ 22100, naepaala",28.3242901,82.5060198,3.0,gaairaiigaauँ, church,,Missing description
6091,Mardi Himal Trek,"lawaanga ghalaela 33700, naepaala",28.4636442,83.9031994,4.8,naepaala, trek,,Missing description
6092,Uma tinbang pun nibas,"5HJX+4V, jaaulaiipaokharaii 22100, naepaala",28.1800765,82.5999151,0.0,jaaulaiipaokharaii, park,,Missing description
6093,Runtigadhi Gaupalika 8 Siulibang rolpa,"Jhenam 7, siulibanga, naepaala",28.2233093,82.4351393,4.0,siulibanga, mosque,,Missing description
6094,raunataiigadhaii,"raunataiigadhaii, naepaala",28.1829865,82.5058182,,naepaala, art_gallery,,Missing description
6095,rahul art allery and tatto house,"RJWX+738, saisahanaiyaa 22400, naepaala",27.8457175,82.6476619,0.0,saisahanaiyaa, art_gallery,,Missing description
6096,RUNTI,"7G2P+GQ4, sakhai 22100, naepaala",28.2503758,82.5378781,0.0,sakhai, hindu_temple,,Missing description
6097,chaanajaa,"5RW3+X3, sairapaa, naepaala",28.1974446,82.8026824,0.0,sairapaa, hike,,Missing description
6098,bhagawataii manadaira,"H6M6+W6P, kaalaagaauँ 22200, naepaala",28.5848116,82.210583,4.3,kaalaagaauँ, hindu_temple,,Missing description
6099,Maurakhara Goat Farm,"Syanibarkhu, Arebare 12, Radi 22000, naepaala",28.7663877,82.350498,0.0,Arebare, zoo,,Missing description
6100,baaँphaikaota gaauँpaalaikaakao kaarayaalaya,"MFJ8+VMG, baanaphaiikaota 22000, naepaala",28.682182,82.4667045,4.5,baanaphaiikaota, mosque,,Missing description
6101,Simrutu,"Tribeni 2, gaautamakaota, naepaala",28.9746532,82.5375809,0.0,gaautamakaota, hindu_temple,,Missing description
6106,kushma Bungee ,,28.223402,83.67462108,,, Tourist Attraction,jump,Description too short (< 10 words)
6129,Hanuman Dhoka,,27.70422183,85.30651258,,, Historical Ruins,this is old heritage site located in basantapur,Description too short (< 10 words)
6138,Baladhar Gupta Mahabihar,,27.6700873,85.32856034,,, Archaeological Site,Baladhar Gupta Mahabihar,Description too short (< 10 words)
6234,Mani Chaitya,,27.67356729,85.32549491,,, Religious Site,Mani Chaitya.,Description too short (< 10 words)
6235,kusunti Kumar Mandir,,27.66453933,85.31203508,,, Religious Site,kusunti kumar mandir.,Description too short (< 10 words)
6236,Dattanam Mahabihar,,27.67415282,85.32323347,,, Archaeological Site,Dattanam Mahabihar.,Description too short (< 10 words)
6241,Jalbinayak Mandir,,27.67920958,85.3164324,,, Religious Site,jalbinayak mandir.,Description too short (< 10 words)
6246,Degu Taleju Mandir,,27.67321217,85.32529207,,, Religious Site,Degu Taleju Mandir.,Description too short (< 10 words)
6277,Bagh Bhairab Temple,,27.6794183,85.27647687,,, Religious Site,sorry man,Description too short (< 10 words)
6318,Bajrayogini Mandir,,27.67682687,85.31453574,,, Religious Site,Bajrayogini Mandir.,Description too short (< 10 words)
6341,Mahabuddha Temple,,27.66894618,85.32734295,,, Religious Site,Mahabuddha Temple.,Description too short (< 10 words)
6347,Sankata Mandir,,27.67545482,85.32416185,,, Religious Site,Sankata Mandir.,Description too short (< 10 words)
6350,Baishabarna Mahabihar,,27.66979777,85.32708546,,, Archaeological Site,Baishabarna Mahabihar.,Description too short (< 10 words)
6351,Swanga Chibha,,27.67448627,85.31946095,,, Religious Site,Swanga Chibha.,Description too short (< 10 words)
6352,Jay Manohar Mahabihar,,27.67075271,85.3300597,,, Archaeological Site,Jay Manohar Mahabihar,Description too short (< 10 words)
6353,Jyotibarna Mahabihar,,27.67326977,85.32640385,,, Archaeological Site,Jyotibarna Mahabihar.,Description too short (< 10 words)
6355,Chabahal Stupa,,27.6762176,85.32068739,,, Monument,Chabahal Stupa.,Description too short (< 10 words)
6356,Akshayeshwor Mahabihar,,27.67914545,85.31701544,,, Archaeological Site,Akshayeshwor Mahabihar,Description too short (< 10 words)
6357,Rato Machchhindranath Jatra,,27.6587522,85.32471808,,, Tourist Attraction,Rato Machchhindranath Jatra.,Description too short (< 10 words)
6359,Krishna Mandir Sundhara ,,27.66972534,85.32785157,,, Religious Site,krishna mandir sunhara.,Description too short (< 10 words)
6360,Tago Chibha,,27.66835765,85.32705797,,, Religious Site,Tago Chibha.,Description too short (< 10 words)
6361,Sankata Marga Mandir Parisar,,27.6900539,85.30941272,,, Religious Site,sankata marga mandir parisar.,Description too short (< 10 words)
6362,Batsaladebi Mandir,,27.65396207,85.29592188,,, Religious Site,Batsaladebi Mandir.,Description too short (< 10 words)
6364,Debsthal Dakshinkali Mandir,,27.63884106,85.3420485,,, Religious Site,Debsthal Dakshinkali Mandir.,Description too short (< 10 words)
6365,Triswambhu Chaitya,,27.65051234,85.31758407,,, Monument,Truswambhu Chaitya.,Description too short (< 10 words)
6367,Balkumari Mandir Chakrabahil,,27.67091996,85.32491505,,, Religious Site,Balkumari Mandir Chakrabahil.,Description too short (< 10 words)
6368,Mani Mandap,,27.6745955,85.32416219,,, Religious Site,Mani Mandap.,Description too short (< 10 words)
6369,Balkumari Mandir,,27.67208593,85.33551631,,, Religious Site,Balkumari Mandir.,Description too short (< 10 words)
6371,Ganesh Mandir Patan Dhoka,,27.63713379,85.32803899,,, Religious Site,Ganesh Mandir Patan Dhoka.,Description too short (< 10 words)
6372,Gajalakshmi Murti,,27.67814902,85.3307906,,, Monument,Gajalakshmi Murti.,Description too short (< 10 words)
6375,Chakrabarna Mahabihar,,27.67343635,85.32137604,,, Archaeological Site,Chakrabarna Mahabihar,Description too short (< 10 words)
6376,Bidhyadhari Debi Mandir,,27.66926538,85.32747706,,, Religious Site,Bidhyadhari Debi Mandir,Description too short (< 10 words)
6379,Kumari Ghar,,27.66540813,85.31949649,,, Historical Ruins,kumari ghar,Description too short (< 10 words)
6380,Butwal Fulbari,,27.70590671,83.45598031,,, Natural Landmark,Butwal fulbari,Description too short (< 10 words)
6385,Rani Mahal,,27.92639732,83.52782864,,, Historical Ruins,RANIMAHALPALPA,Description too short (< 10 words)
6387,Ismakot,,27.68372196,85.309259,,, Natural Landmark,ISMAKOT,Description too short (< 10 words)
6389,Rishikesh Temple,,27.93455231,83.43726955,,, Religious Site,RISHIKESHMANDIR,Description too short (< 10 words)
6391,"Hill Park, Butwal",,27.69658183,83.47152237,,, Scenic View,HILL PARK BUTWAL,Description too short (< 10 words)
6409,Malikarjun Temple ,,29.73836763,80.49398856,,, Religious Site,"????????? ??? ??????????? ??????
??????????? ?????????? ? ?????????",Description too short (< 10 words)
6451,Bhimsen Jatra,,27.67380513,85.32518143,,, Tourist Attraction,Bhimsen Jatra.,Description too short (< 10 words)
