id,name,address,latitude,longitude,rating,second_word,types,description
5720,Panch Pokhari,"JR5X+GH4, 56000, naepaala",27.6087669,86.8489579,4.7,56000, Natural Landmark,"Panch Pokhari is famous for a pilgrim s travel destination for Hindus and Buddhists. The word Panch Pokhari means five Lake in Nepali. The word ""Panch"" means number five and ""Pokhari"" means lake. It lies at the altitude of 4514m and located Ramechhap district, northeast of the Kathmandu valley. This holy lake is unfolded recently for trekking and offers a striking view of panch Pokhari along with an adventuresome and thrilling trail with very few trekkers except for August.

The place is extensively toured by the devotee during Janai Purnima which is a religiously significant festival and falls in August. Numerous pilgrims make their way there to commemorate Janaipurnima every year. The believer takes a dip in the holy water of Jatapokhari as it is believed that it fulfills one s wishes and clears the past sins. The next day they hike to Panch Pokhari where pilgrims take bath in the lake and worship god.  

Explore the unexceeded pristine natural beauty of Paanch Pokhari along with stunning Himalayan ranges."
3828,Dupcheshwor Mahadev Mandir,"X92V+6XW, shaikharabaesaii 44900, naepaala",27.950624,85.3949454,4.6,shaikharabaesaii, Religious Site,"Dupcheshwor Mahadev Mandir is a renowned Hindu temple located in Nepal, specifically in the Nuwakot district. The temple is dedicated to Lord Shiva, one of the principal deities in Hinduism. Situated on a hilltop, the temple offers stunning panoramic views of the surrounding landscape. It is believed to hold great religious significance among devotees, attracting pilgrims from various parts of Nepal and beyond. The architecture of the temple reflects traditional Nepali craftsmanship, characterized by intricate wood carvings and pagoda-style structures. Devotees visit the temple to seek blessings, perform rituals, and participate in religious ceremonies, especially during auspicious occasions such as Mahashivratri. Dupcheshwor Mahadev Mandir stands as a symbol of spiritual reverence and cultural heritage in the region."
22,Patan Museum,"M8FG + 944, Seat - Saig: Lan, Lalitpur 44700, NEPAL",27.6733773,85.3253361,4.6,Seho 6 - Saig: Lan,"tourist_attraction, museum, point_of_interest, establishment","Patan Museum is housed in a courtyard within the Northernmost building complex of the Durbar area. The most picturesque setting of the palace that has been created in so small a place by piety and pride  is known now to the people as Keshav Narayan Chowk after a temple standing at the center of the courtyard dedicated to Keshavnarayan- a form of Lord Vishnu.This part is recorded in the history as Chaukot Durbar or four-cornered-fort-palace.In an International Campaign by UNESCO for safeguarding the monuments of Kathmandu valley, the Austrian Government joined hands with Nepal Government to preserve Patan Darbar Square. The ensuing project began in 1982 with the repair of Keshav Narayan Chowk that led finally to the transformation of a teaching museum to dessimination of knowldge on Buddhism prevailed in Patan- city of Art and Architecture.This is the first public museum in Nepal that has been created as an autonomous institution of this type managed by its own Board of Directors. The museum has been acclaimed, by the visitors, as one of the finest museums in South Asia. The popularity is growing day after day and is economically self sustained now.The collaborative effort of Austrian Government with Nepalese counterpart did not only restore the historical palace to its original grandeuer but also created a Model Cultural Institution in Nepal."
138,Kamal Pokhari Park,"P86G+49X, Kamal Pokhari St, Kathmandu 44600, Nepal",27.7103591,85.3259695,4.4,Kamal Pokhari St,"park, point_of_interest, establishment","Kamal Pokhari is a beautiful pond located in the heart of Kathmandu, Nepal. It holds a rich history and is considered a significant landmark in the city. Let s explore the fascinating story behind Kamal Pokhari.
The origins of Kamal Pokhari date back to ancient times, but the exact details are uncertain. It is believed to have been built during the Licchavi era, which was a long time ago. Throughout the years, the pond has served various purposes and has been cherished by the people of Kathmandu."
3800,Tribeni Dham,"FW3J+874, Bardaghat Road, baradaghaata 33007, naepaala",27.4531837,83.9306269,4.2,Bardaghat Road, Religious Site,"Triveni Dham is a famous pilgrimage site in Nawalparasi at the confluence of three rivers; Narayani (Gandaki), Sona and Tamasa Rivers. This holy pilgrimage site is sacred as it is depicted in many holy books of Varaha, Himavat and the Skanda Puranas and mentioned in many plays and drama of Kalidas. He was a Classical Sanskrit Author and considered as ancient greatest playwright and dramatist. His plays and poetry are based on Vedas, Ramanayas, Mahabbharat and Purans. As legends say, Apsaras along with Gods and Goddess used to come from heaven to take bath at this holy river.

Just across the River, there is a famous Valmiki Ashram, where Adi Kavi Maharishi Valmiki who was thief earlier wrote Hindu Epic Book, Ramayana.  Valmiki Ashram is linked to Ramayana, where Sita was sent to exile by Rama and her two sons Lava and Kusha were born. This is also the same place where Sita returned to her mother earth and now famous as Sita Patal Temple.  She is the daughter of Vumi (Earth) and adopted by King Janaka of Janakpur, Mithila Kingdom."
406,Central Zoo,"Jawalakhel Rd, Lalitpur 44600, Nepal",27.672704,85.3118294,4.0,Lalitpur,"zoo, point_of_interest, establishment","In 1995, Government of Nepal entrusted the management of Nepal s Central Zoo, the only zoo in Nepal, located at Jawalakhel in the Kathmandu Valley to NTNC for 30 years. Established as a private zoo in 1932 by the late Rana Prime Minister Juddha Samsher, it came under the ownership of Government of Nepal after the political changes of 1950 and remained under the management of various government departments before it s management was handed over to NTNC on the occasion of the Golden Jubilee Birthday Celebration of the Late Majesty King Birendra Bir Bikram Shah in December 1995.
The Trust aims to develop the Central Zoo as a center for ex-situ wildlife research and conservation education. The Central Zoo, with an area of about 6 ha., provides shelter to a total of 942 individual mammal, bird, fish and reptile of 127 species. It also serves as recreational center for the visitors. Central Zoo uniquely serves as a historical cultural site for diverse groups of people.
Over one million visitors come to enjoy the displays at the Central Zoo annually. The main source of income has been the revenue collected from the entry ticket sales. With an aim of generating public awareness and participation in nature and wildlife conservation, the Central Zoo has been successfully running a special membership based program called the  Friends of Zoo  (FOZ) with a network of schools in Kathmandu Valley. The animal management unit is improving and enriching the enclosures to provide better habitats for the zoo animals and are now in a better situation with the operation of a recently established  Animal Hospital . New displays, of national and international species, are often added in order to educate and to introduce the visitors to the different wild species from within the country and abroad. Increasingly the Central Zoo s role in wildlife rescue, release and rehabilitation is being recognized as an indispensible role for enhancing the wildlife national responsiveness capacity of the country, especially with growing incidents related to problem animal management, animal emergency, animal shelter and refuge, disease among others."
6109,Mangal Dharmadweep Mahavihar (Jhaur Bahi),,27.6723637,85.4330929,0.0,,Heritage Site,"Mangal Dharmadweep Mahavihar, which is located in Bhaktapur’s Golmadhi tole, is also known as Jhaur Bahi. In this Vihar, one of the five Dipankar Buddhas can be found.
Mangal Dharmadweep Mahavihar (Jhaur Bahi)
The Pauva arts are displayed here at Gunhi Punhi. This Vihar was constructed in the 13th century. Later, Jibtaj Bajraacharya’s descendants from Tadhichhen Baha renovated it (Tadhuchhen Bahal).
This Bahi, like the others, has a rectangular courtyard with modest chaityas. It also features the artwork of many Buddhas on its walls. Normally, the passage is less congested. During Samyak Mahadan, Pnchadan, and Gunla Parva, however, the site is packed with worshipers."
6110,Thupten Monastery ,,27.60616007,86.54928211,0.0,, Religious Site,"Thupten Choling Monastery is the well-known lama Trulsik Rinpoche fled from Rongbuk Gompa in Tibet to the Khumbu region during the Chinese invasion of Tibet in 1959, followed by a significant group of followers, including anis (nuns) and monks. He spent several years residing at Chiwong and other monasteries while aspiring to return to Tibet. Finally, in 1968, Rinpoche constructed Thupten Choling on donated property close to Junbesi. The monastery needed to be carefully constructed because it started to fall apart in the 1990s. After everything, he saw the location as a temporary retreat and continued to assume that he and his followers would be able to return to the homeland. However, when Chinese dominance over Tibet grew stronger and Buddhist leaders were forbidden from leaving, Rinpoche decided to establish a permanent residence at Thupten Choling in 2001.
The demolition of the ancient structures and ceremonial preparation for the new foundation marked the beginning of Thupten Choling's reconstruction. The friends of Trulsik Rinpoche provided generous financial support from Switzerland to help construct the new monastery, which Michael Schmitz planned. Mr. Schmitz and Helen Cawley, including the architecture, supply chains, and medical services, have overseen all aspects of the project. The rebuilding of the Thupten Choling monastery officially began in the year 2001.
Currently, several hundred Buddhist nuns and monks (80% of them being Tibetan refugees) live in the Thupten Choling monastery. As dozens of newcomers join the monasteries community each year, the population of the monastery only flourishes day by day.
However, the massive earthquake in April 2015 wrecked the beautiful infrastructure. This disaster caused severe damage to the ancient structures. During the rainy seasons, the monastery residents were compelled to live in tents because some of the walls had cracks in them.
The monks had requested financial assistance from Western organizations. The monastery has recently undergone a lot of necessary repairs and modernization, using solar energy for power consumption, electric cooktops for using it in the kitchen, etc."
6111,Bhadrakali Temple,,27.69927663,85.31685485,0.0,, Religious Site,"Bhadrakali Temple in Kathmandu
Bhadrakali is one of the powerful goddess of Nepal. Located near the Sahid Gate at the eastern side of Tudikhel is the temple of Bhadrakali. Also known as Shree Lumadhi Bhadrakali, the temple is considered as one of the most renowned  Shaktipith  of Nepal. A form of Goddess Kali, Bhadrakali in Sanskrit means  blessed, auspicious, beautiful and prosperous  and she is also known as  Gentle Kali . Another mane for the goddess is Lazzapith.The ancient writings in the Vayu Purana and Mahabharat explain the creation of Bhdrakali by Devi s wrath when Daksha insulted Lord Shiva during the great Ashvamedha Yagya (Horse Sacrifice). Tantra Rahasya mentions her rising from the north face of Lord Shiva, (Uttaramnaya Amnayas) which is blue in color and has three eyes.

She is often believed to take on a terrible aspect that is represented with three eyes and four, twelve or eighteen hands carrying a number of weapons with flames flowing from her head and a small tusk sticking out from her mouth.

According to the myths, a farmer used to plough some nearby land and kept his food (bread) on the side. The bread used to turn into gold so the temple got its name as Lumarhi/Lumdi Devi s temple as Lumdi in Newari means  golden bread .
It was built in the year 1817 and was previously known as  Mudule Thumpko . The temple is believed to be built after Goddess Bhadrakali told the priest to dig the hill where they found the statue of the goddess. Since then, the temple lies there and is protected by Nepal Army. It overlooks the Singha Durbar, Prime Ministerial office, on the eastern side.

According to another legend, a tantric practitioner named Saswat Bajra went to Kamaru Kamachya in India and worshipped Shri Bhadrakali. The goddess was happy with him and came to Nepal with him in a holy water pot (a Kalash). He went to run some errands hanging it on a tree at Jamal on the northern side of Rani Pokhari. But Kalika took the form of a small girl and walked away. A farmer met her on his way to the field and questioned her but she fell asleep at the same spot and he went away. He could not find her when he returned but saw Kalika s incarnation instead. Then, Saswat Bajra also saw the goddess and the place was established as the temple of Bhadrakali.

King Ratna Malla started the Astamatrika and Bhadrakali dance together which takes place every twelve years. Also on April 10th, there is a Bhairav Bhadrakali Jatra every year. People come to the temple with the hope of getting their wishes fulfilled. Often marriage ceremonies take place here and also the families sometimes use it as the picnic spot. Maximum number of devotees throngs to temple during Dashain and Ghode Jatra.

Amidst the chaos of the center of the Kathmandu city, one can definitely experience peace of mind at the courtyard of Bhadrakali temple."
6112,Dipankar Mahavihar,,27.6748852,85.4337626,0.0,,Heritage Site,"Located inside a barely walked alley between Kwathandou and Bekhal, Dipankar Mahavihar is the home of one of the Dipankar Buddhas of Bhaktapur. He is supposed as the main Dipankar Buddha, thus after him, the vihar is named.
The statue of Dipakhar Buddha at Dipankar Mahavihar
As per the available scriptures, it was built in N.S. 750. And, fortunately, it is still in good condition, able to perform daily worshipping rituals and participate in Panchadan and Samyak Dan like holy events.
Beside Dipankar Buddha, there stands a statue of Mahankal, Manjushree, Ganesh and Shiva-Parvati, in this Mahavihar tagging the Red Tara. Some folk legends mention that Tara used to speak and was kept inside the bar while she was trying to leave the place.
That is why many Tibetans and people from the Himalayan regions often pay a visit to this place.
The temple of Red Tara at the premises of Dipankar Mahavihar
The Mahavihar, however, is also come to know as the home of Kumari of Bhaktapur. Each year, during Dashain, the living goddess Kumari resides here for 15 days.
Although, there is not much movement in the area, when you cross upon that road, a fragrance of incense steal away your attention. There is peace in the air.
While analyzing the spiritual values of that Mahavihar, one cannot just ignore the architectural form. The combination of the temple and local residents seems quite distinct yet attractive. The struts are as beautiful as the other wooden pieces of Bhaktapur. They are well carved and presented.
Dipankar Mahavihar
Likewise, there are Dharmadhatu Chaitya, Bajradhatu Chaitya, Khamba Chaitya, Gaju Chaitya, a hymning place (Sattal) with some fascinating paintings and a stone conduit on its premises. It’s a place worth visiting although the presence of local residents make you feel quite awkward, at first.
Chaityas and Sattal at Dipankar Mahavihar"
6113,Kasthamandapa,,27.70391011,85.30588897,0.0,, Historical Ruins,"This architectural marvel of Nepal, locally known as Maru Sattal, built in pagoda-style architecture and believed to be made out of a single tree, collapsed during the 2015 earthquake. The initial attempts at its reconstruction were put off due to protests from public and conservationists demanding originality. The rebuilding has now kicked off and will certainly be completed by 2021.

It is believed that Kathmandu got its name from Kasthamandapa, which may have been built in the 7th century, the oldest temple built in the Lichhavi period - proving its historical significance"
6114,Jayakriti Mahavihar (Thathu Bahi),,27.6728031,85.4218875,0.0,,Heritage Site,"Jayakriti Mahavihar, also known as Thatu Bahi is one of the most prominent vihars of Bhaktapur. Each year, Samyak Panchadan like-substantial event takes place over there.
It is located at Itachhen, on the western arena of the Na: Pukhu (Guhyepokhari of Bhaktapur). A two-storeyed building made out of a traditional Nepalese style (currently functioning as a Shree Gyan Bijaya Primary School) is also the house of one of the Dipankar Buddhas of Bhaktapur.
There is a beautiful courtyard inside the building where one can find small chaityas and stupa along with exquisite wood’s working and the image of Padmapani Lokeshwora, the central deity of the Bahi.
The vihar is placed in the highland, that’s why it is called thatu Bahi.
The vihar, as mentioned in the inscriptions and scriptures ascertains that it is way older than other vihars. The presence of two Chaityas and a gate with Panchabuddha summarises that it was made in the Lichhavi era.
There is even some chatter saying Na: Pukhu was later made on the land of Thathu Bahi.
It is said that the vihar was also renovated by King Jitamitra Malla and Ugra Malla after Jaya Ratna Bajracharya, who was a member of Chatur Varna Mahavihar.
The mentioned date when Jaya Ratna Bajracharya renovated it was N.S.794 and only after that, the Thatu Bahi was started to call Jayakriti Mahavihar. Moreover, it still seems to be in a good condition."
6115,Chuma Ganesha Temple,,27.674545,85.430603,0.0,,Heritage Site,"The uniqueness of this city never disappoints you especially when it comes to the name of places and temples. The Chuma Ganesha temple, designated as the very first Ganesh temple of Bhaktapur somehow, too falls in such fanciful legends and in weird naming.
Being located in Chochhen tole of Bhaktapur made it geographically the temple situated in the upper part of the Bhaktapur Nagara. It is said that Chochhen originally came up after the term Choye Chongu Chhen which means the house of the upper part.
Chuma Ganesh temple, on the other hand also has its own legendary story. Even the origin of its name has a story. It is said that the rats of that area beyond their nature scared the cats. And when someone tries to investigate the matter, they found out the image of Lord Ganesh.
Chuma Ganesha
Legends say that the name Chuma is derived from the term Chu and Ma which respectively means the rat and line. Thus, assuming Lord Ganesha worshipped by the large line of mice, the name of the temple began to be called Chuma Ganesha.
However, there is one more story that is slightly different from the aforementioned yet the core story of being rats powerful is the same. As per the story, when the king saw a fight between cat and rat and saw cat losing into the rat. He got amazed and follow the rat. There he found the Chuma Ganesh.
After being blessed by him, he was also told that there is Bhadrakali in the south of the area. And he should go there and worship her. The king as ordered went there and worship her. Being pleased by the king, she then gave him instruction to build a nagara in between these two areas; Chuma Ganesha and Bhadrakali temple.
Next, the king establishes the Bhaktapur Nagar along with the first Ganesh temple, Astamatrikas and Astabhairavas.
Besides, the architecture of the temple is likewise quite unique. Although it is a pagoda-style temple, its false tire has multiple layers like design which indeed is unique and satisfactory for the eyes.
Chuma Ganesha Temple"
6116,Dahare Deurali,,28.14842708,83.74361889,0.0,, Religious Site,"It is one of the greatest religious temple of Parbat district of Nepal.It is presumed that devi vagwati one had lived in this place and did Puja and meditation.Dahare deurali is at 2266 m height from sea level. From this place,two famous mountain of Nepal: Dhaulagari and Annapurna is seen.Not only mountains all the district is seen from this place.Still 3-4 saints live here and conduct Puja and meditation every day.According to local people many of the divine saints are believed to live here.The weather always remains extreme here.Always strong wind blows here will the touch of god.You will feel some divine power in Dahare deurali."
6117,Bote Bora Pvt ltd ,,27.69651605,84.4169013,0.0,, Tourist Attraction,"""Bote Bora offers a Speed jet boat journey for the whole family, from 5 to 93 (and up!). We promise an exhilarating ride of spins, squeals and peals of laughter with the odd splash of pure white water spin. And there's nothing wrong with getting a bit wet when you're having this much fun!"""
6419,Shree Bhairabi Temple,,27.91255368,85.16364137,0.0,, Religious Site,"Shree Bhairabi Temple, situated in Nuwakot, Nepal, is a revered Hindu shrine dedicated to Goddess Bhairabi, a manifestation of the powerful goddess Shakti. Perched atop a hill, the temple commands stunning views of the surrounding valley and mountains. It is a significant pilgrimage site for devotees who come to pay homage and seek blessings from the goddess, particularly during festivals like Navaratri. The temple s architecture showcases traditional Nepali design elements, featuring intricate wood carvings and pagoda-style roofs. Its serene ambiance and religious significance attract visitors seeking spiritual solace and cultural immersion in the rich heritage of Nepal."
6151,Siddhi Kali Temple,,27.680754,85.383085,0.0,,Heritage Site,"Siddhi Kali temple of thimi is a mystery. As per an old local, Siddhi Kali is a combined form of a male and a female. Whereas the statue of Siddhi Kali exactly looks like the image of Lord Ganesha. Or, it might actually be the image of Lord Ganesha.
Leaving this conflict behind, if we talk about the temple’s architecture, then you surely would say that this is the most artistic temple of thimi. The intrinsic woodcarvings of the torans and struts of this temple are awe-inspiring. Perhaps, because of recently done repaintings, they look even more engaging. 
Carved Ganesha on the toran of Siddhi kali temple
Ganesha on the toran of siddhi kali temple
Although the name of the temple is Siddhi Kali, the temple is dedicated to Lord Shiva, Lord Ganesh, and Goddess Kali along with Lord Bhairava and Nava Durga. The Siddhikali temple is also called Inayekwo dyo. Reasonably, cause it is located at Inayekwo Tole.
The siddhi kali temple premises
This two-storeyed temple is made in Pagoda style which showcases 17th-century architecture.  But the legends say that this Shaktipitha emerged from the fall of the right eye of Sati Devi. If you have heard or read about Swasthani Barta Katha, then it will be easier for you to understand this matter.
The temple of Siddhi Kali
As per the story, when Sati Devi died after jumping into the Yagya Kunda of her father’s (Dakshya Prajapati) Yagya, her immortal body was carried around by Lord Shiva (her husband). Because the body was carried by Lord Shiva himself, it did not dare to perish. However, because of that, Lord shiva started to live in grief, not caring about the universe. The only thing that he cared about was her body thus he continued to carry her and roam around the globe.
Seeing this despair of Lord Shiva, Lord Vishnu appeared as a fly and make the body of Sati perishable. Which after her body start to fall apart one by one. In that process, wherever the body part of Sati fell, a Shaktipitha emerged in that place. Thus, Shiddhikali appears to be the place where Sati’s right eye fell.
The golden pinnacle of the Siddhi kali temple
Moreover, the gold-gilded copper roof of this temple elegantly manages to hold this huge number of Pataa, falling from the top of the roof. Well, it seems that those Pataas are hung during festivals only.
The Pataa (Patah) of the Siddhi Kali temple
There is one more thing that makes this temple quite distinct from others. The nailed cooking utensils at the upper storey of the temple. 
Besides, during Biska Jatra, the palanquins of Siddhikali lead the other six palanquins of Ganeshas. Those palanquins are Koshi Inaye Ganesha, Bishwo Binayak, Korki Inaye Ganesha, Gaamcha Inaye Ganesha, Raj Ganesha and Siwa Ganesha."
6452,Bhimsen Mandir,,27.67380979,85.32518243,0.0,, Religious Site,"The Bhimsen (or Bhimasena) temple is the northernmost of the major monuments in the Mangal Palace square, located directly adjacent to the Vishveshvar (Vishwanath) temple and diagonally opposite the Mani Mandapa pavilions and fountain to the southeast. Dedicated to Bhimsen, the god of trade among the Newars, the monument is of uncertain age but was rebuilt in 1682 by Shrinivas Malla (r. 1661-85) following a fire. Later reconstructions took place in 1934, following the great earthquake, and again in 1967. Although the temple was significantly damaged (though not leveled) in the April 2015 earthquake, it reopened in early 2022 after a thoroughgoing reconstruction that retained much material from its pre-earthquake form."
6443,Seto Bhairab Mandir,,27.62921073,85.33019213,0.0,, Religious Site,"Seto Bhairav is a significant deity in Hindu and Buddhist traditions, particularly revered in the Kathmandu Valley of Nepal. The term ""Seto"" means white, and ""Bhairav"" refers to a fierce manifestation of the god Shiva. Seto Bhairav is depicted as a white-faced deity, often with a third eye, and adorned with ornaments.

In Lalitpur, also known as Patan, Seto Bhairav is worshipped as one of the principal deities. The Seto Bhairav temple in Lalitpur is a notable pilgrimage site and cultural landmark. The temple is located in the Durbar Square area, which is renowned for its rich cultural heritage and ancient architecture.

Devotees visit the Seto Bhairav temple to seek blessings for protection, prosperity, and spiritual guidance. The deity is believed to possess immense power and is worshipped with great reverence during various festivals and religious ceremonies."
6125,Tripurasundari Dhungedhara (the stone conduit of Tripurasundari),,27.672749,85.430244,0.0,,Heritage Site,"The rectangular water conduit near Tripurasundari Temple is well known as the Dhungedhara (Lohahiti) of Tripurasundari. It is located at Tulachhen (north of the Jagannath temple of Tulachhen). Though the conduit is not functioning nowadays, it must have had great significance in past. Near the conduit, there is a pati (north side) which states that the conduit was built in N.S. 589 (1468 A.D.) by King Yakshya Malla.
Besides the extremely beautiful water conduit, there is a statue of Goddess Gajalaxmi, Vaikuntha Narayan Vishnu and a Shivalinga. This particular dhungedhara is also best known for one of the best images of Bhagirath."
6476,Jalbire Jharna,,27.8245691,84.52730438,0.0,, Natural Landmark,"Jalbire, a picturesque village nestled in the heart of Chitwan district, Nepal, is renowned for its pristine natural beauty and serene ambiance. Located near the southern border of the country, Jalbire offers visitors a tranquil retreat amidst lush greenery, cascading waterfalls, and enchanting landscapes. The village is a haven for nature lovers and adventure enthusiasts, boasting opportunities for trekking, birdwatching, and cultural immersion.Reaching Jalbire is relatively straightforward, with various transportation options available from major cities in Nepal. From Kathmandu, travelers can take a scenic bus ride to Bharatpur, the largest city in Chitwan district, which takes approximately 5-6 hours. From Bharatpur, local buses or taxis can be hired to reach Jalbire, a journey of around 2-3 hours. Alternatively, private transportation or organized tours offer a convenient way to reach Jalbire directly from Kathmandu or other nearby towns."
5161,Chamunda Mandir,"XH77+HM3, chaamaunadaa 21600, naepaala",28.9640348,81.5640932,0.0,chaamaunadaa, hindu_temple,"Located at lalipur, three storey Chamunda Temple is said to be dated at 3rd century AD. Everything indicates that this is a very ancient site in the valley.
Moreover, Shankhamul is one of the twelve ""most- sacred"" confluences in the Kathmandu valley as defined in the numerous chronicles that document the history and legends about the Kathmandu valley. The spaces where two or three rivers flow into each other across Nepal are all sacred sites. At Shankhamul, the Bagmati River that flows south from the Pashupati temple complex, and all the rivers that flow from the eastern part of the valley including the Manohara River merge. The river then continues its journey west, south and then out of the Kathmandu valley at Chobhar and then on to the Terai"
6412,Begnas Lake,,28.16989149,84.10970539,0.0,, Natural Landmark,"Among the hundreds of lakes, Begnas lake is one of the ideal freshwater lakes which is located in the Kaski district of Nepal and the second largest amongst the lakes in Pokhara valley. It is situated in the south-east of Pokhara, therefore it is one of the most visited places around Pokhara valley. You can say that Begnas Tal is an integral part of the Pokhara tour.

Boating in the Begnas Lake is comparatively cheaper than the Fewa Lake. Its low cost can be attributed to the fact that it lies away from the major city area. While having a boat ride, you can stop your boat in the middle of the lake and you can even swim in this freshwater. Nevertheless, you can park your boat around the corners and relax in peace by embracing the exceptional flora and fauna of Begnas lake. The area around Begnas Lake, with a number of resorts, is a popular destination for tourists visiting Pokhara.

If you re a hiking enthusiast, you can enjoy The Begnas Thulokote Hiking, part of the  Annapurna Royal Trek  which was completed by Charles, Prince of Wales in 1980. Enjoy this 6-hour excursion on the least explored area of the Pokhara region to see beautiful unspoiled countryside villages and a magnificent view of Annapurna and Machhapuchhre range. Your guide will take you along the trekking route that takes us to Kalikasthan village. It will take about 45 minutes to reach this small settlement, located on a hill that overlooks the Annapurna range."
6413,Ram Sita Vivah Mandap,,26.73097202,85.92498137,0.0,, Historical Ruins,"The place where Ram and Sita got married, Ram Janaki Vivah Mandap is visited by thousands of pilgrims to pay homage to Sita at the time of Vivah Panchami. The marriage day of Sita and Ram usually celebrated on the fifth day of the Shukla Paksha or waxing phase of moon in November/December. The mandap is a gorgeous structure made of marble located in the southwest region of the Janaki Mandir. It resembles a part of a palace with sturdy pillars, elegant arches and stunning domes. 

At the centre of the mandap, the legendary wedding ceremony is depicted. One can see idols of the couple, Goddess Sita and Lord Rama, sitting on a raised pedestal in the centre while some sages and their parents are seen seated on parallel pedestals facing each other. The idols are draped in colourful attires and give a sense of the ancient royal celebration. Devotees can offer their prayers and sit in complete silence to soak in the tranquil vibe of the temple. Those interested in getting a sneak peek into this epic union must visit the Ram Sita Vivah Mandap."
6414,Ganga Sagar,,26.72868394,85.9301349,0.0,, Natural Landmark,"Any pilgrimage is incomplete without a ritual bath in this pond which has never dried up. According to popular belief, water from the Seven Seas and all sacred places were collected, and this sacred pond called Ganga Sagar took shape."
6415,Dhanush Sagar,,26.72789368,85.92821879,0.0,, Natural Landmark,"This pond lies in front of Ram Mandir. It is said that the bow which Lord Shiva had given to King Janak during the Treta Yug was kept at this place for safekeeping, and the pond was built in the shape of the weapon."
6416,Dattatraya,,27.67310704,85.43538384,0.0,, Religious Site,"The artistic Dattatraya temple at Tanch Bahal in Bhaktapur is an excellent example of Nepal's cultural heritage. The temple was built by Adi Shankaracharya. It is mentioned that during Siddhinarsingh's time, his wife Gangarani built a three-storied temple in 709 AD. But many have said that this temple was built by Yakshamalla himself. Some say that Yakshamalle only rebuilt E 1427. It is difficult to say with certainty. Who built this temple? Inside the temple, there is a one-and-a-half-foot-tall idol of Dattatreya, the son of sage Atri and Sati Ansuya, symbolizing Brahma, Bishnu and Maheshwar. This idol can be seen by the devotees even when the temple is not open."
6417,Shree Sankat Mochan Temple,,26.73868217,85.92281012,0.0,, Religious Site,"Very famous temple of janakpur and situated in middle, located to the north-west corner of Barabigha. Most people visit this on Tuesday and saturday on the name of God Hanumaan. This is a big holy place for the supporters of God Hanumaan. Suggest tourists to visit and explore it for great feel"
6418,Taltaliya Park,,26.69998965,87.30123354,0.0,, Scenic View,"Taltalaiya is a famous wetland and the best place to visit in Eastern Nepal. It is located in Itahari, which is a sub-metropolitan city in the Sunsari district. This park covers a large area (about 76 hectares). Dense forests, natural lakes, a view tower, and a peaceful environment are major beauties of this park. Taltalaiya park is also famous for picnics, school field visits, and photo and video shoots. It takes an entry fee.This park has a mini zoo. It conserves some animals and birds, including porcupines, foxes, tortoises, horses, deer, wild cats, peacocks, turkeys, owls, etc. 

Beautiful stone sculptures make the park more attractive. It includes human and animal body sculptures i.e. Human heart statue and a fish statue.There are 5-7 lakes in Taltalaiya that offer boating. A well-managed Children s park includes swings, a merry-go-round, and other games. And yes, your children can also have fun there. 

Taltalaiya fun park is located just 5 km away from the Itahari highway. It takes about 30 minutes on an auto rickshaw or a city safari from Itahari Chowk. You can also go there in a personal vehicle."
6105,Aadipadma Mahavihar,,27.6733111,85.4352705,0.0,,Heritage Site,"Aadipadma Mahavihar is one of Bhaktapur’s oldest Vihars. Despite the lack of documentation detailing its origins, it is commonly referred to as Bhaktapur’s Jetho Vihar, which means “older one.” The vihar was referred to as Tombaha or Tungbaha in Rajbamsawali.
This Mahavihar is the place where both the Panchara (Pancha dan) and Samyak Mahadan begin. During Mohani, a kumari is also set up in front of this Vihar. All of this just demonstrates the location’s antiquity and historical significance.
Moreover, during Panchadan, all five Dipankar buddhas are welcomed at Aadipadma Mahaihar after gathering at Suryamandhi’s dabali (platform). Only after which, does the panchadan procedure begin.
The Vihar is located in Suryamadhi’s Taulachhen tole. Suryamadhi’s south-western corner has a short alley that leads directly to the vihar."
6420,Bhaleshwar Mahadev Temple,,27.66613832,85.20542247,0.0,, Religious Site,"The Bhaleshwar Mahadev Temple in Chandragiri is a revered Hindu temple situated in the Chandragiri municipality of Nepal. Dedicated to Lord Shiva, it holds significant religious importance for devotees, attracting pilgrims and tourists alike. The temple's serene location amidst lush greenery and panoramic views of the surrounding hills adds to its charm. Visitors can explore the intricate architecture, perform rituals, and soak in the spiritual ambiance of this ancient sacred site."
6421,Gopal Fun Park,,26.4603679,87.3076172,0.0,, Theme Park,"Gopal Fun Park, situated in Biratnagar, Nepal, is a popular amusement park and recreational destination for locals and tourists alike. This family-friendly park offers a wide range of attractions and activities for visitors of all ages.One of the main highlights of Gopal Fun Park is its array of thrilling rides and attractions, including roller coasters, bumper cars, Ferris wheels, and water slides. These rides provide an adrenaline rush and entertainment for thrill-seekers and families looking for excitement.In addition to rides, Gopal Fun Park features various other amenities and facilities for visitors to enjoy. These include food stalls serving snacks and refreshments, picnic areas for families and groups to relax and unwind, and lush green spaces for leisurely strolls and outdoor activities."
6422,Dream Garden,,26.50230281,87.29908073,0.0,, Scenic View,"Dream Garden, located in Biratnagar, Nepal, is a picturesque botanical garden and recreational space that offers a serene retreat from the hustle and bustle of the city. This tranquil oasis is a popular destination for locals and tourists seeking to reconnect with nature and enjoy moments of relaxation.The garden features lush greenery, vibrant flowers, and well-maintained pathways, creating a peaceful ambiance for visitors to explore and unwind. Tall trees provide shade and shelter, making it an ideal spot for leisurely walks, picnics, and outdoor gatherings with family and friends.Dream Garden also boasts a diverse collection of plant species, including exotic flowers, ornamental plants, and native vegetation, making it a haven for nature enthusiasts and photographers alike. Visitors can marvel at the beauty of the flora and fauna while immersing themselves in the tranquility of the surroundings."
6423,International Meditation Center Hall,,27.49034019,83.28030316,0.0,, Tourist Attraction,"The International Buddhist Hall and Meditation Centre is said to be a state-of-the-art facility, one that can host spiritual conferences, meetings, and meditation programmes, among others. It can host as many as 5,000 people. It has heating and cooling technology, sensor doors, a mosaic floor and speech translation facilities in 16 different languages. The umbrella-style roof was supposed to be made with soundproof and waterproof."
6424,Iskcon Chitwan,,27.69953103,84.45198895,0.0,, Religious Site,"ISKCON Chitwan refers to the International Society for Krishna Consciousness (ISKCON) temple located in Chitwan, Nepal. It is a branch of the global ISKCON organization, which follows the teachings of Bhaktivedanta Swami Prabhupada and promotes the practice of bhakti yoga, focusing on devotion to Lord Krishna. The ISKCON Chitwan temple serves as a center for spiritual activities such as kirtan (devotional singing), lectures, deity worship, and distribution of prasad (sanctified food). It also engages in various community welfare programs and cultural events to promote the teachings of Krishna consciousness in the region."
6425,Narayani River Bank Buddha Statue,,27.70034144,84.42350389,0.0,, Monument,"The Narayani Riverbank Buddha Statue is a prominent landmark located along the banks of the Narayani River in Chitwan, Nepal. This impressive statue depicts Lord Buddha in a serene meditative posture, symbolizing peace and enlightenment. Set against the backdrop of the river and surrounded by natural beauty, the statue serves as a spiritual focal point and a place for contemplation and reflection for locals and visitors alike. It stands as a testament to Nepal s rich Buddhist heritage and attracts pilgrims and tourists seeking spiritual solace and cultural immersion."
6426,Maula Kalika temple,,27.72767081,84.408854,0.0,, Religious Site,"The Maula Kalika temple ( Maulakalika Mandir) is situated on the hilltop, around a kilometer north of the East-West Highway in Gaindakot Municipality, ward numebr 1 of Nawalparasi district lying in the lap of the Narayani River in the mid-part of Nepal. Maula Kalika temple locally called danda kalika is located in the premises of holy religious site Devghat Dham. It is a famous religious pilgrimage and tourist site of the Nawalparasi district of Nepal.

Situated on the hilltop amidst dense green forest, it is gaining recognition as a spiritual Centrex as well as a holy place for fulfilling the wishes expressed by devotees and worshipers before the Goddess. Devotees throng the temple every morning to offer worships and prayers to the Goddess who is believed to materialize people s longings."
6427,Pashupatinath Temple,,27.71051165,85.34881236,0.0,, Religious Site,"Pashupatinath Temple (Nepali: ???? ????????? ??????) is a Hindu temple dedicated to Lord Pashupati, and is located in Kathmandu, Nepal near the Bagmati River. This is currently the largest temple in the world as well as one of the Oldest Temple"
6428,Swoyambhu Mahachaitya Nuwakot,,27.91749211,85.16829802,0.0,, Religious Site,"Swoyambhu Mahachaitya, also known as Swoyambhu Stupa, is a significant Buddhist monument located in Nuwakot, Nepal. The stupa holds religious and cultural importance and is believed to date back to ancient times. Swoyambhu is often regarded as one of the oldest and holiest Buddhist stupas in Nepal. It is situated atop a hill, offering panoramic views of the surrounding landscape. The stupa is adorned with traditional Buddhist symbols and sculptures, and it serves as a place of worship and meditation for Buddhist devotees. Pilgrims and tourists visit Swoyambhu Mahachaitya to pay the4ir respects, circumambulate the stupa, and soak in its spiritual ambiance. Its historical significance and architectural beauty make it a notable attraction in Nuwakot and a testament to Nepal s rich Buddhist heritage."
6429,Bandevi Mandir,,27.85705884,85.03561048,0.0,, Religious Site,"Bandevi Temple is a sacred Hindu shrine located in Nuwakot, Nepal. Dedicated to Goddess Bandevi, the temple holds significant religious importance among locals and pilgrims alike. The deity is revered as a protector and bestower of blessings upon devotees. The temple s architecture reflects traditional Nepali design, featuring intricate wood carvings and pagoda-style roofs. Situated amidst scenic surroundings, the temple offers a serene ambiance for worshippers and visitors. Devotees often visit the temple to offer prayers, seek blessings, and participate in religious ceremonies. Bandevi Temple serves as a cultural and spiritual hub in Nuwakot, contributing to the religious heritage of the region."
6430,Skywalk Tower,,27.70824242,85.3188883,0.0,, Tourist Attraction,"At Skywalk Nepal, we are redefining the very essence of event spaces, proudly introducing Nepal s first-ever Skywalk. Our towering marvel stands tall at 256 feet, offering a mesmerizing fusion of breathtaking views and world-class amenities. Nestled amidst the scenic beauty of the valley, Skywalk Nepal provides an exceptional event experience that combines awe-inspiring panoramas with state-of-the-art facilities.Skywalk Nepal is more than just a venue; it s a vision brought to life by our parent company, Wonders Nepal. Over five years in the making, this endeavor emerged as a public space aimed at uniting communities and creating unforgettable memories. Our mission is to offer a dynamic hub for diverse entertainment, networking, and cultural experiences, captivating both locals and tourists.Panoramic Views: Perched at 256 feet, our vantage point offers stunning panoramic views of mountains, valleys, and natural landscapes. The breathtaking scenery serves as an enchanting backdrop for events that leave guests awe-struck.Embark on a heart-pounding adventure with our glass-bottomed skywalk. Walk on air as you marvel at majestic views above and below, creating unforgettable moments."
6431,Harisiddhi Bhawani Mandir,,27.63697911,85.34041286,0.0,, Religious Site,"In Lalitpur Metropolitan City Ward No. 28, is a temple of Sri Harasiddhi Bhavani Trishakti Devi in a place called Harisiddhi. Harisiddhi was also called Jatal or Jala. This temple is located in the middle of Jatal (Harisidshi) settlement. Sri Harasiddhi Bhavani is seated on the first floor of the Harasiddhi Temple built in the style of a four-storey pagoda. Inside the temple, there are no idols of the goddess, only kalashes are installed. These Kalashes are worshiped as Shri Harasiddhi Bhavani Trishakti Devi. Among those kalashes, the seed head i.e., is the  mother goddess Harasiddhi , while the right kalash is worshiped as Bhairava and the right kalash is worshiped as Kumari."
6432,National Botanical Garden,,27.59693218,85.38014291,0.0,, Natural Landmark,"The national botanical garden is located at the base of Phulchowki hill, covering an area of 82 hectares and is surrounded by beautiful evergreen natural forests. Various indigenous plants such as ornamental plants, rock plants, rose cultivars, trees and shrubs, lilies, ferns, medicinal plants and native flora, aquatics, cacti, orchids are housed here for display."
6433,Brahmayani Temple,,27.67377098,85.44413472,0.0,, Religious Site,"Hindus in Nepal worship the Goddess Durga as well as other gods and goddesses, celebrating the victory of good over evil at Bhramayani temple during the 10th day of the Dashain Festival."
6434,Khanda Devi Temple,,27.46190796,85.92797672,0.0,, Religious Site,"Khandadevi is the historical site of Ramechhap district that is built with ancient stone walls. The temple Khandadevi is the fascinating Hindu temple of goddess Khanda Devi. In 1458, A shepherd built this temple in Ramechhap and is now the prominent cultural site of Ramechhap district. 

Khadadevi temple is also believed to be the godly abbot, bestowing true devotees with tremendous power and energy to fight evil forces. From Manthali, a central city in Ramechhap, it is an eight-hour drive to the temple. Buffaloes and other animals and birds like pigeons and hens are sacrificed to God here each day to achieve Her blessings. King Prithvi Narayan Shah, who conquered over small kingdoms divided into 22 and 24 states and unified them all into the sovereign land of Nepal , had made a Killa or Gadhi, meaning  fort  to safeguard Nepal from the British rule, which had then been ruling India under the name British East India Company. He built the fort in the vicinity of the temple, and the temple was visited by the King Prithvi Narayan Shah who was invigorated by the God to drive the foes away.

The Khadadevi temple derives its name from the age long ritual known as   Khado Jagaune , which means the festivity and prayers for weapons so that they will remain sharp and intact  for victory over any enemies."
6435,Nag Daha,,27.62444605,85.33284349,0.0,, Natural Landmark,"Nagdaha is a lake in the Dhapakhel Village Development Committee of Lalitpur District,with its rich history and its tranquility. 

It is a mysterious lake which is situated at about 4.5km from the Satdobato,The lake is believed to be about 5 hectares and to have originated from a stone tap inside Gaukhureshwor Temple, a temple on the north-western side of the lake. As the name suggests, Nagdaha ( Lake of Snakes) is believed to be the home of thousands of lakes. 

Another famous myth about this place is that a male serpent (a serpent king) lives in Taudaha and a female serpent is at Nagdaha. During the rainy season, the male serpent makes a journey to the town of Panauti in order to participate in a festival. It is said that he stays with the female serpent of Nagdaha on his way to and back from Panauti. This union of the nagas, mythical half serpent, half-human beings, results in heavy rain."
6436,Makwanpurgadhi,,27.42426021,85.1427778,0.0,, Historical Ruins,"Makwanpur Gadhi is a historical fort located in Makwanpur district of Nepal. It holds significance as a symbol of Nepal's struggle for independence against the British East India Company during the 19th century. The fort played a crucial role in the battle against the British forces in 1814-1816, known as the Anglo-Nepal War or the Gurkha War. Makwanpur Gadhi is now a popular tourist destination, attracting visitors interested in Nepal's history and heritage."
6437,GangaJamuna Temple,,28.08762867,84.91541868,0.0,, Religious Site,"Ganga Jamuna is considered as the Hindu Pilgrimage site where a religious fair is observed around the famous Tripura Sundari temple three days before the full moon in the first week of November. Here, you can observe a holy stone which is highly revered by the Hindu devotees and local people. It is believed that this holy stone preserves the divine power and is a source of perennial spring.Ganga Jamuna trek is a newly introduced short, moderate trekking in Dhading district. The twin waterfalls, Ganga & Jamuna are the main attraction of Ganga Jamuna trek. It is located in the north-west region of Kathmandu from where the diorama of Langtang range, Ganesh Himal, Shringi Himal, Manaslu range, Lamjung Himal, Himalchuli, Annapurna range and many other unnamed mountains and peaks is remarkable."
6438,Naag Pokhari,,28.2372295,84.68019163,0.0,, Natural Landmark,"Nage Pokhari, Ajirkot, Gorkha is one of the most amazing Tourism and attraction sites of Nepal. Nage Pokhari is located at an altitude of 3260m from sea level.The place is located in the Ajirkot Rural Municipality-1, Ghyachchok of Gorkha District. It has its religious importance. A big Pokhari is located here which is very unique as well as the main attraction of this place.On the occasion of Nage Panchami which falls on Baishak or Jestha, a huge Mela called Nage Mela happens every year. People from many places like Gorkha, Barpak, Lamjung, Tanahun, Chitwan, Kathmandu, etc. arrive at this time. So it is the right time to visit Nage Pokhari and see the festival too."
6439,Chitwan National Park,,27.57440478,84.49334392,0.0,, Natural Landmark,"The Chitwan National Park (CNP) is a world heritage property, and it also contains a Ramsar Site   Beeshazari Tal in its buffer zone. The CNP has a history of over 3 decades in park management and a rich experience in resolving conflicts between the park and the people.

It is a rich natural area in the Terai, the subtropical southern part of Nepal. A total of 68 species of mammals, 544 species of birds, 56 species of herpetofauna and 126 species of fish have been recorded in the park. The park is especially renowned for its protection of One Horned Rhinoceros, Royal Bengal Tiger and Gharial Crocodile."
6440,Sangcholing Monastery,,26.95996704,88.03566579,0.0,, Religious Site,"Sangcholing Monastery, one kilometer away from Nayabazar, is another religious tourist attraction. Built in 1980 B.S., the monastery has become a centre of pilgrimage for tourists from Nepal and India. The artistic architecture of the monastery delights everyone who visits. More than 1,000 people can reside inside this huge monastery at one time. Hundreds of Buddhist scriptures are kept in the temple, along with a statue of Buddha. There is a very attractive stupa on the northwest side of the monastery.
Since 2010, the monastery has been operated and protected by raising funds from the local Buddhist community. After the local Pemba Lama was initiated from the famous Golden Temple in Mysore, India, he significantly contributed to the development and history of this temple. Since 2059 B.S., the monastery has been under the care of Guru Pema Rinpoche of the Mysore monastery, India. It has since gained worldwide fame as a religious tourist spot. There is another monastery in Pharping, Nepal, under the patronage of Guru Pema Rinpoche.
The Japanese ambassador to Nepal once visited this monastery. Currently, a modern school has been established in the monastery. Apart from being involved in the regular work of the monastery, it also conducts religious functions in Dehradun, Delhi, and Sikkim in India. The monastery has been planting trees for wildlife and environmental protection. As a result, rare wild animals such as the red panda, peacock, deer, and rabbit have been protected. This monastery is being developed as a study and research centre for Buddhists. You can easily reach it by walking for half an hour from Nayabazar."
6441,Devghat Dham,,27.74293828,84.42308078,0.0,, Religious Site,"TRIBENI Devghat Dham is the most sacred as well as religious place located in the central part of Nepal. It is located at the tricentre of Tanahun, Nawalparasi and Chitwan as well as at the junction of Gandaki, Lumbini and Narayani Zones. It has an area of 54.34 square kilometers with natural, religious, archaelogical, historical as well as cultural importance. This is the place where the great rivers Kaligandaki and Trishuli meet together. The junction point of these great rivers is known as Devghat Beni."
6442,Dolkha Bhimsen Mandir,,27.67797859,86.07644772,0.0,, Religious Site,"Bhimeshwar Temple in Dolakha which is a
roofless temple constitutes the idol of Bhimsen
n the temple premises which is made of rough
stone and triangular in shape. Most people
regard this idol as Bhimsen but it has three
reincarnations: firstly as Bhimsen, secondly as
Goddess Bhagawati, and finally as Lord Shiva.
Hence, the temple has great religious and
equally historical value too. In addition, there
was a kingdom of Bhima that was blessed by
God Brahma at the side of the mountain peak
which is clearly mentioned in Shree
bhimeshwar Shivapuran. It is also mentioned
that people who lived in the Bhima's kingdom,
had to live the life of very difficulties and
sorrowful from the Bhima and they prayed to
god Shiva to save their lives. Then god Shiva
came from Gaurishanker and killed the king
Bhima. According to the history, the statue of
the god at that spot (Dolakha) was named
Bhimeshwar and hence Bhimeshwar temple
after the death of Bhima.3himeshwar Temple is a famous temple
desiccated to god Bhim located in Dolakha
bazar of Dolakha district of Nepal. It is one of
the oldest temples in Dolakha district
dedicated in Hindu god situated about 4.5
kilometers east from Charikot Bazaar. God
Bhimsen (also called as Bhim, Bhimeshwor)
was the second prince of Panch Pandav and
notably worshipped by the traders or
merchandizers as their will god. According to
Hindu mythology, god Bhimeshwar spends
among 12 years of exile time, he spent a year
n Dolakha and they used to speak a language
for that year called as Dolakhali Newari
Language. However, god Bhimeshwor is
considered as a supreme god for Newari
people."
6102,Shree Vishwokarma Agam Chhen,,27.6738883,85.4306298,0.0,,Heritage Site,"Shree Vishwakarma Agam Chhen, located at Tuchimala tole of Bhaktapur is one of Bhaktapur’s most distinctive architectural structures. After building the Nyatapola temple, the Awal people are reported to have built the Agam Chhen.
The most unusual aspect of its building is that, unlike any other wooden window, it has a window constructed of clay. That window is also known as Tellikata jhyal, which translates to “clay window.”
The architecture is said to be 318 years old, which corresponds to the age of the Nyatapola temple.
Furthermore, the architecture was recently rebuilt and launched. This is the second time it has been renovated. It is reported that it was initially renovated after the 1990 earthquake.
However, there appear to be planning to showcase it as one of Bhaktapur’s museums."
6152,Mahashila (Meldhunga),,28.11252394,83.67326824,0.0,, Natural Landmark,"Mahashila

Meldhunga, also known as Mahashila, one of the biggest rock/stone of Asia.

The name of Mahashila Gaupalika itself is derived from here.  Recently, they have built a small kind of park around Meldhunga which includes 108 Dhara(Taps), A temple of lord Ganesha, and a statue of Shiva along with Parvati, Kartikeya and Ganesha. 

The huge Mahashila plateau which approximately covers a volume of 1,30,000m3 is situated in Mahashila rural municipality. The Mahashila is considered to be the single largest rock in Nepal and is worshipped as symbol of lord Shiva.

The Mahashila is about 3 km from Lunkhu bazar and has recently been placed in the top hundred touristic destinations of Nepal.

How to get there ?
- From Kushma, it is around one hours drive via Kushma-Mudikuwa Suspension bridge-Kurgha-Lunkhu Deurali."
6153,Wane Layaku,,27.673234,85.435147,0.0,,Heritage Site,"Wane layaku of Dattatraya Square is very well hidden from the outside world. This layaku complex lies in the southwest corner of the Dattatraya temple. You need to go a little further from the rows of the restaurants to reach over there. Probably, that’s why it was never known to the world before.
However, this little complex is an important place from the point of view of history, culture, architecture and religion. As per the local anecdotes, the Taleju was first placed and worshipped over here. Later, it was transferred to the current Bhaktapur Durbar Square. Besides, this place is assumed one of the holiest places in Bhaktapur. No meat or sacrifice was ever allowed over here.
Also, during Dashain or the Mohni festival, there is a tradition of displaying a water clock in this Wane Layaku. Wane layaku, on the other hand literally means the eastern palace area. Here, wane means the east and layaku means palace or an important office area in the Nepal Bhasa. So, it actually makes sense, the naming of this place.
The complex, till today consists of the Wane Layaku itself (the Devagriha). It is made in the traditional Newa Agam Architectural style with the beautiful windows of the Malla era. The struts of this Devagriha are also carved with the beautiful figures of different deities.
It is said that there is a statue of Tulaja Bhawani in this Devagriha. With that, there is a Jaladroni (water tank) made in N.S. 770 and a plant, actually a tree in this complex. 
Many of you might have this thought that why even a tree is mentioned in this post. Yes, this tree is mentioned over here because it witnessed a large history and beheld a belief. It is said that the tree is as old as the Agam Chhen itself and it never needed any care to grow this large.
Moreover, there is one more tenet about this complex. Believe it or not, the rumours say that in this complex, no grass has ever grown till today. However, the roof seems exception in this case."
6154,Dharahara,,27.70054122,85.31212578,0.0,, Monument,"Dharahara is a popular tourist destination located at Sundhara Kathmandu. Nine-storey tower provides a beautiful panoramic and aesthetic view of Kathmandu valley. The historically significant monument was completely knocked down in the 2015 earthquake. It has been damaged and reconstructed several times.Dharahara, also called Bhimsen Tower, is a nine-storey (50.2m) tall tower at the centre of Kathmandu. It was built in 1832 A.D. by the Prime Minister of the time, Bhimsen Thapa of Nepal. Thapa built the tower under the orders of Queen Lalit Tripura Sundari.The first Dharahara was built eight years earlier in 1824 (1881 BS) at his residence, Janarala Bagh Bhimsen Thapa, situated at the south-east of Sundhara, near Bhotebahal of Kathmandu and got torn in half during the earthquake of 1834 and was never rebuilt. It was only a year later (in 1835) that Bhimsen Thapa built the second Dharahara, along with the Sundhara (the golden water spout), for Queen Lalit Tripura Sundari Devi. When it was built, the original tower had 18 storeys, reduced to 11 after another earthquake in 1934. It was destroyed in the 1935 earthquake and then Prime Minister Juddha Shumsher rebuilt it with nine storeys and a verandah.Dharahara was publicly opened after 2005 only. Before then, only authorised personnel were allowed to visit Dharahara.  The eighth floor of the tower held a circular balcony for spectators which used to provide a panoramic view of the Kathmandu valley.The 7.8 magnitude earthquake in 2015 completely destroyed Dharahara with only the base remaining. The Dharahara is said to have been broken into two parts before falling to the ground. This killed many people who were there to view the panoramic view from Dharahara. Many were injured and survived the tragedy.After the collapse of Dharahara in 2015, the new Dharahara was inaugurated on 24 April 2021, six years after the collapse. The new Dharahara looks similar to the old one. New Dharahara is equipped with modern amenities. It stands 72m high (236ft) and has 22 storeys. It has a garden, a museum and a fountain, as well as two lifts to make it more accessible. The new Dharahara will have a mini-exhibition theatre on the 18th floor, a mint museum, a  Green Park , a musical fountain, a vehicle parking area, a souvenir shop and a food court, among other attractions."
6155,Rajdevi Mata Temple,,26.72600249,85.94656711,0.0,, Religious Site,"The temple of patron deity of King Janak, Goddesses Raj Devi or Rajeshwari, lies on the north side of Ram Mandir is another compound, where during the Dashain festival, special worship is held in the morning and evening by devotees from Nepal and India. Local organizations make arrangements for these grand worshipping rituals. According to tradition, thousands of goats are sacrificed during Asthami-Nawami (eighth and ninth day of Dashain)in the Janakpurdham area. One of the largest temples of Rajbiraj, it is also accompanied by another temple beside it. The Chitragupta temple that lay on the right side of the temple itself is unique as the temple of Chitragupta is quite rare to find. It is said that while digging the place where the temple stands today, people found one pen along with Chitragupta. The pen is believed to belong to Chitragupta who is responsible for keeping the records of the people and their deeds while they lived on the earth. The pen is kept on auction every year and the highest bidder gets to keep the pen for a year. Besides the goddess, the statues of other gods like Lord Shiva, Ganesh, Vishnu were also found while digging and are enshrined in the temple. Devotees, not only from Rajbiraj but also from surrounding areas and most of the places of Nepal come to the temple to worship the goddess. There is also a podium for marriage (Vivaha Mandap) in the temple premises where the marriage ceremony is conducted.Rajeev temple holds great historical, religious, and cultural significance, not only in the life of people living in Rajbiraj but in the life of those living in other areas as well. However, the place and the temple is not so popular like other temples because of the inefficiency of the government in its promotion. Nevertheless, the temple holds high religious, cultural, and historical significance in Rajbiraj and the people living there."
6156,Tribikram Narayan Temple,,27.671652,85.428345,0.0,,Heritage Site,Tribikram Narayan temple is located on the southern arena of Yakshyashwor Mahadev Temple.  The temple is faced to the east and is made in the Shikhara style. It is said that the statue of the temple got lost which was of Tribikram Narayan. The temple was first made during the reign of King Jitamitra Malla.
6157,Yetachapari,,27.671856,85.428259,0.0,,Heritage Site,"Yetachapari is a long inn/resthouse that one can encounter in the south of the Bhaktapur Durbar Square. Nowadays, people prefer to call it Lamopati (a Nepalese word meaning long inn) rather than Yetachapari. Many of us might have had no idea about its original name before this.
This two-storeyed building was used to sit, to have an audience for the king, and observe cultural programs held in front of the palace or dabali (the traditional stage-like space). However, it is still used to sit and observe several festivals and events. Even when there are no festivals or events, one can simply enjoy the spectacular views of the Royal palaces and temples of Bhaktapur Durbar Square standing behind them.
Did you know that this Yetachapari was bigger than this?
Yes, it was big and was twice bigger than this. It was after the earthquake of 1990 that its reconstruction was made a bit far from the palace which traverses to a good space at Bhaktapur Durbar Square. Well, you couldn’t find such long inns as Yetachapari in Patan and Basantapur Durbar Square.
Well, you could find the old images of Lamopati in our old photo collection."
6158,Shree Ram Mandir,,26.72832729,85.92707148,0.0,, Religious Site,"This pagoda temple was built in 1782 by Amar Singh Thapa, while its gilded roof was bestowed by Rana Prime Minister Chandra Shumsher in 1907. This temple, which lies on the western banks of the holy Dhanush Sagar and to the southwest of Shree Janak Mandir, abounds in ancient idols. The modestly quaint temple is flocked by pilgrims during the occasion of Ram Navami and Dashain which are sacred and important annual festivals dedicated to Lord Rama. The opulent temple is a perfect attraction for those interested in exploring ancient cultures and experiencing its divine vibe. Ramayana, a poem of two soul mates, Sita and Ram, is often a reminder of Dharma and Dharmic Living. The couple who was meant to be together for life was separated by a demon of a King, Ravana, who wished to acquire Sita and make her his own. The poem was written by Sage Valmiki and narrates how Ram fought Ravana and rescued the love of his life. It is treated as an ancient epic and positions Sita and Ram as the Goddess and God not just because of their love for each other but also for their loyalty, purity, and their ability to become supreme beings. All this put together with other sacred beliefs form an integral part of the Hindu Culture. Therefore, Lord Ram is also worshipped along with Goddess Sita at her place of birth at the Ram Mandir which is located in a pleasant courtyard near the enchanting Janaki Temple."
6159,Thame Monastery ,,27.83025827,86.64457731,0.0,, Religious Site,"Thame Monastery is located on the southern sloping area of sumdur peak and up to Thame Village . It lies in solukhumbhu district to the Northeast of Kathamandu on the Nepal and Tibet Border. Thame monastery approached by a himalayas trail from Namche and one of the Airport Lukla for connecting to Kathamandu .Its approach is by a easy three days of trekking from lukla however considering acclimatization needs for the high altitude climbing. A four day trek is generally preferred. This trail crosses initially the bhote kosi  River and reached to Thame Village and from Thamevillage  we reached at Thame Monastery in 30 min . From thame monastery up hills way lead to sumdur peak and right way lead to Thengbo Village and Tashi Lapcha pass. In front of the monastery the views of shining snow with the panoramic views of Mt. Khangteka, Mt.Thamserku,Mt.kusumkhangkaru and several other peaks. Thame is mid way station of the trail to Tashi lapcha pass and Renjo pass one of the passes in three passes. All these areas from part of the entire khumbu region up to tibet border with an area of 1148 square kilometres (445sq m) encompassing the sagarmatha National Park. During the spring season the hills slopes in front of the thame are covered with flowering RHODODENDRONS and JUNIPER FOREST .
The monastery is constructed with stone masonry and Red clay. The lourtyard and store room are large to facilitate for the monks religious rites and Annual Activities.
The main Building has the Mandatory Dongkhang the prayers hall where a statue of Compassion buddha (Chenreyzig) Shakyamuni Buddha (Hoetpakme) and Guru Padmasambawa (Lotus Buddha) is deified."
6160,Tadhuchhen Bahal,,27.671856,85.429348,0.0,,Heritage Site,"Tadhuchhen Bahal or Ta: dhi chhen is more familiar as Chaturvarna Mahavihar. The bahal is also termed Bahal, Baha, or Vihar (Mahavihar) in the Nepalese term. That’s why it is called in various ways.
Tadhuchhen Bahal was ordered to erect by King Raya Malla. An inscription like-board in the Vihar clearly states that it was built in N.S. 611 (1492 A.D). It also states that the Kings: Ram Malla, Raya Malla, Ari Malla, and Avaya Malla collaboratively invited Jibchandra Bajracharya and ceremoniously made him the main Gubaju of the Bahal. 
This vihar is also called Surat Shree Chaturvarna Mahavihar. It is said that the pioneer priest of the Vihar, who was Jibchandra Bajracharya, was also the son of the famous Tantrik Gubaju of that era, Surat Bajracharya. Considering a tribute to him, the initial name of the Vihar was named Surat Shree Chaturvarna Mahavihar. 
Also, about calling the place the Kumari House, it’s not like the kumari of Bhaktapur resides over there. But yes, it is said that the initial kumari of Nepal was established over there. Additionally, King Ranajit Malla also had set some rules regarding Kumari in the place as well.
Perhaps, that’s why it is also called Kumari house. Nowadays, only during Dashain (Mohni), for a week, the former Kumari is brought up here to fulfill some holy rituals.
Things to notice on Tadhuchhen Bahal
The Tadhuchhen Bahal is an attractive component in itself though there are many other things that surpass your imagination. Being in this centuries-old monastery, you might get wonder, conceiving what exactly is this place.  It looks like a blend of Buddhism and Hinduism.
The courtyard of this Bahal is surrounded by a pha-cha (a walkway on four sides) and the enclosed quadrangle is paved with brick tiles (chikanapa). There is a twayamapau i.e. a toran (a semi-circular decorative panel that normally is made either of wood or metal) hung above the main entrance gate of the bahal and above the sanctum as well.
The courtyard of Tadhuchhen bahal
PC: bhaktapur.com/Praz santt
Basically, it is decorated symbolizing the three jewels or the five Buddhas of the deity inside the shrine. So, glancing at them not only made you realize the great artistic views but also the religious aspects of creating them.
Erecting various protective deities is another feature of the Bahās and the Bahis. That’s why you could see the wooden sculptures of Ganga-Jamuna right after the entrance on your right and left in the Bahal. Also, there are statues of Bhairava and Ganesh on the struts to protect the Bahal from all bad happenings.
It is said that the image of Mahānkālto overcomes all dangers and a Chetrapāl protected the shrine.  You would also encounter Stupas and a stone Mandal in the courtyard. There is a belief that the center of this Mandal has a figure of Manjughosh, a form of Manjushree. 
Close to the Dharmadhatumandal (the stone Mandal) of a courtyard, there is a base for sacrifice place called Jogisāla in Newāri. It is used for Homa or fire sacrifice rituals. Plus, there is a statue of panchadhyani buddha with its shakti. Besides all these spiritual monuments, you could somehow, also encounter quite impressive things over there.
Yes, while you are there, don’t avoid glancing at the struts of the eastern part of the shrine. There are some wooden portraitures that portray the punishment of limbo which are returned according to their karma. It is a fact that wherever the temple of Lokeshwor exists these kinds of portraitures also exist.
The image shows two persons with huge stomachs. As per the locals, those big men could eat only one grain at a time. It was their punishment. So, they always starve to the death.
PC: bhaktapur.com/Praz santt
The image shows the punishment for being the person who spread the rumors that he/she had only heard about and caused a fight against each other.
PC: bhaktapur.com/ Praz santt
Tadhuchhen bahal
PC: bhaktapur.com/ Praz santt
Sculpture of two persons at Tadhuchhen bahal PC: bhaktapur.com/ Praz santt
A carving depicting the punishment atTadhuchhen bahal PC: bhaktapur.com/Praz santt
Carving depicting creatures attacking a person at Tadhuchhen bahal PC: bhaktapur.com/ Praz santt
Where is Tadhuchhen Bahal located?
You don’t need to worry or walk too much to reach over there. Just walk a little to the east from the Bhaktapur Durbar Square, cross the long inn, and there you go, on your right-hand side, there is a door guarded by two stone images of lions. There it is. There are souvenir shops attached to the building.
Also, the famous Bara pasa: of Bhaktapur, covers some space of the bahal. It serves way more gratifying bara than you could ever have in your life. Both vegetarians and non-vegetarians could enjoy their kind of taste over there.
References: The book was written by Dr. Indra Shiddhi Bajracharya."
6161,"Wakupati Narayan Temple, Bhaktapur",,27.673405,85.437141,0.0,,Heritage Site,"Wakupati Narayan Temple is a two-story pagoda temple dedicated to Lord Vishnu, enclosed within a stone-paved courtyard. It is located at Suryamadhi, Bhaktapur. A few minutes of walk from Chyamasingha towards the west leads you to this temple.
This temple is also called Wakupati Changu Narayan temple. People who couldn’t go to Changunarayan for prayer choose to go to Wakupati Narayan temple. It is like a substitution of the Changu Narayan temple.
Wakupati Narayan temple and premises
About the erection of this temple, it is said that the temple was built in 1667. However, there is one interesting story regarding the emergence of the Wakupati Narayan, the deity. As per the story, one devotee of Narayan who daily went to Changu Narayan had to stop going there because of the harvesting works.
He was too busy to visit the temple thus he remembers the Narayan, pray spiritually and go to work. One evening when he was returning back home with the sack of paddy, he found the image of Lord Vishnu in his sack. Since it was found within the sack of paddy, it was named Wakupati Narayan.
Here, Wakupati Narayan simply means the seen Vishnu while carrying the sack of paddy.
The temple by date seems more archaic than the Nyatapola temple and is in very good shape today. Despite some damage to neighbouring buildings, the ornate, golden temple survived the 2015 quake outlasting various distinct quakes.
Well, while you visit this temple, you would surely note the entourage of five Garudas supported on pillars on the backs of turtles. This is the only place where one would see five Garudas standing back to back in a row. However, the nearest one seems like a devotee rather than the Garuda as in the Dattatraya temple. You can clearly recognize the human face in it. But there are wings too to call him human as well.
On the premises of Wakupati Narayan temple. PC: bhaktapur.com/ Praz Santt
Along with such mysterious creatures, there is an ancient stone tap inside the courtyard. Also, the stone scriptures of God and Goddesses. There is a statue of Lord Ganesha on the right side of the temple. Similarly, there is the image of Dasavatar of Lord Vishnu right behind the temple. You can have a guess recognising each of them while existing from that narrow space of the temple.
Nearby, there is a stone image of Goddess Saraswoti. There is even a temple of Chinna Masta, one among the Das Mahavidhyas on the southern arena of the main shrine.
The skeleton-like image in front of the tap of Wakupati Narayan temple premises. PC: Prashant Prajapati/bhaktapur.com
On the premise of Wakupati Narayan temple
A huge mass of people visits the temple at Ekadashi. Although, people stay up during the Nitya Puja as well. Each day, in the morn and on the eve, the Pujari of the temple performs daily worship. And to witness that, the nearby people especially the senior citizens gather over there. 
Just within a while, you could see the gang of these older people on the premises of this temple who tend to laugh and gossiping in the patis (resthouse) of Suryamadhi, a minute before. They reach over there in such a perfect time as if it’s their daily routine to be there.
And of course, perceiving those glimpse of old people who shares a sort of stories with each other, including strangers like us really brings a smile to your face. Thus, It would be great if you could reach there in the evening, around 6 pm.
Also, there is a belief among the local denizens that if people sit in the courtyard while visiting the temple, the back pain is cured. It is like the blessing of God. So the people of Bhaktapur, still sit there at least once while visiting the temple, even if they are in a super hurry.
Wait, there is more to explore on the premises of this temple. Among several patis and minor temples from the premises, the pati from the end of the east corner consists of more exaggerating wooden artworks. It looks like leaving unavoidable crafting is a sign of the then Nepalese architecture.
Wood carving at Wakupati Narayan temple (seems like a hunting scene) PC: Prashant Prajapati/bhaktapur.com"
6162,kailashnath Mahadev Statue,,27.64609488,85.47417982,0.0,, Monument,"Kailashnath Mahadev Statue (???????? ??????) is the world s tallest Shiva statue; according to the List of statues by height, Kailashnath Mahadev is the world s fortieth-tallest statue, four places below the Statue of Liberty. It is situated in Sanga, the border of Bhaktapur and Kavrepalanchwok districts in Nepal which is about 20 km from Kathmandu.
The statue is 144 feet high and made using copper, zinc, concrete and steel. According to the List of statues by height, Kailashnath Mahadev is the world s fortieth-tallest statue, four places below the Statue of Liberty."
6163,Annapurna ,,27.672179,85.428806,0.0,,Heritage Site,"Right behind the temple of Shiddi Laxmi, often called Lohan Dega, there is one unusual temple. Most of you might have noticed it, a temple where the supposed doors are filled with brick walls.
There is an even conflict about its name. Some people call it Shiddhi Laxmi temple, some say there is Annapurna inside the temple, and some claim that there is a Sriyantra which is a tantric symbol of Goddess Vatsala Devi.
Thus, let’s call this red temple the temple of Annapurna for now.
The structure of this temple is also unique. It is said that there used to be doors in all directions of the temple. But, today you can see the red brick walls over there instead of those doors. There is only one door in the southern part of the temple.
The founded inscription on the pedestal of Sriyanta claims that it dates back to N.S. 816 (Thursday, Feb 20, 1996 A.D)."
6164,Bulbule Taal,,28.58142441,81.61977706,0.0,, Natural Landmark,"Known for its distinct feature of creating natural bubbles, Bulbule taal is a natural water spring lake. Residing inside the beautiful scenic Bulbule Park, the place is great for family and friends gathering. The main attraction of this beautiful place is its unexplainable beauty and feature of the lake itself. Along with boating and fishing, one can have a natural paradise experience with varieties of floral attractions in the park."
6165,Nigoo pukhu(Dui pokhari),,27.678103,85.385944,0.0,,Heritage Site,"Duipokhari or the Nigoo pukhu, which literally means the two ponds is now one of the popular middles of Madhyapur thimi. People go and spend time over there. Children do swimming and visitors, boating.
First restored Nigoo Pukhu
But, it was not the same scenario a few years back. It has been transformed into that ancient styled pond after a long period. It is said that the pond was once dried up to welcome King Mahendra in Bhaktapur.
As per the cited stories, the locals didn’t find a good and wide place to do a grand welcome of the then King. Thus, they dried up the pond. But, unfortunately, it became a dry meadow and an un-managed field after that.
The concerned authority could not make it to its initial face until Mr Madan Sundar Shrestha, the Mayor of Madhyapur Thimi associated his work and post toward protecting these heritage sites.
One of the Nigoo Pukhu (two ponds)
These ponds hold a history of at least 300 years. The name of Queen Ganga came whenever the talks start about the erection of the pond. It is said that she erected these ponds to facilitate the locals with a water resource.
recently completed nigoo pukhu
As for one solution if somehow fire brokes or else. Moreover, the erection of the pond helps to be alive to the other water sources like the wells and stone spouts."
6166,Jalapa Devi Temple,,27.85929325,85.1078303,0.0,, Religious Site,"At the northern front of Devighat s Jalapadevi Temple in Nuwakot, half a dozen statues are scattered, while the temple premises are enclosed with barbed wire fencing. This location holds great significance for the Devighat Jatra, attracting numerous devotees who gather on the full moon day of the Nepali month of Chaitra to offer prayers at the temple. According to local legend, Devighat is believed to be the sacred site where the Tibetan king, Songten Gampo, solemnized his marriage with the Nepali princess Bhrikuti."
6167,Lokeshwor Temple (Hiranyavarna Mahavihar),,27.676189,85.38567,0.0,,Heritage Site,"Lokeshwor temple of the Madhyapur thimi is one of the most sacred temples of Nepal. However, it is also designated as the main Vihar of Madhyapur Thimi too. People of thimi call this temple Ta: Baha and Lukuna dyo. It is highly protected, using the metal bars and locked up tightly because of the several attempts of theft.
Inside the temple, there is a beautiful statue of Lokeshwor (Karunamaya) who is considered one powerful tantric deity. There seems a combined influence of Hinduism and Buddism in this temple.
Seems like Avalokitesvara
This two-tiered temple has a Vajra (the lighting bolt) in front of the temple which signifies the tantric qualities observed by the nearby small chaitya over.
Vajra at Lokeshwor temple"
6168,Shani Mandir,,26.45820827,87.27838414,0.0,, Religious Site,"Sani Mandir, located in Biratnagar, Nepal, is a renowned Hindu temple dedicated to the worship of Lord Shani, the deity associated with the planet Saturn in Hindu astrology. The temple holds significant religious importance for devotees who believe in seeking blessings for protection from malefic influences and obstacles in their lives.
Sani Mandir features traditional Hindu architecture, characterized by its distinct spire and intricate carvings. The temple complex includes the main shrine dedicated to Lord Shani, along with other smaller shrines dedicated to various Hindu deities.
Devotees from Biratnagar and surrounding areas visit Sani Mandir to offer prayers, perform rituals, and seek divine intervention. Saturdays, considered auspicious for worshipping Lord Shani, witness a particularly high influx of devotees."
6169,"Brass and Bronze museum of Bhaktapur, Nepal",,27.673652,85.435576,0.0,,Heritage Site,"The museum next to the woodcarving museum also used to be a Matha or Math. (Math over here is not the mathematics term but is a house specially made for the priests of the specific temple) The then Math, which is now representing a bunch of cases, all related to the metalwork is now, well known under the name of Brass and Bronze Museum.
However, one can enter this museum with the same ticket bought either in the National Art Gallery or the Woodcarving Museum.
The museum is filled with ancient exemplars just like the other museum does. But, it significantly has preserved the traditional utensils of different eras including the ceremonial lamps as well as the ritual vessels, which meant to make it one unique museum from others.
In some summon, it is also facing the problems of weaker lighting means similar to the Wood Carving Museum."
6170,Mayurbarna Mahabihar,,27.66918165,85.33042112,0.0,, Archaeological Site,"Mayurbarna Mahabihar, is a significant Buddhist monastery. It s renowned for its intricate architecture, including beautifully carved wooden beams and traditional Newari craftsmanship. The monastery serves as a center for Buddhist learning and meditation, attracting pilgrims and tourists alike. Established centuries ago, it holds historical and cultural importance in Nepal s religious landscape."
6171,"Wood carving museum of Bhaktapur, Nepal",,27.673286,85.435544,0.0,,Heritage Site,"Wood carving museum of Bhaktapur
Wood carving museum, you can find this well-garnished architecture on the left side of the Dattatraya temple. At once, it used to be the pujari math of Tachupal Chowk but now it is considered one of the significant museums of Bhaktapur.
OUTLINES OF CONTENTS
Wood carving museum of Bhaktapur
The ground floor of the wood carving museum
Some historical facts related to the wood carving museum
Nearby the wood carving museum
Just accessing through the main door and reaching the inner yard would leave you with a big wonderment. But yes, before reaching there, you need to show your yellow-colored ticket to the guards of the museum.
If you already have visited the National Art Museum of Bhaktapur Durbar  Square or the Brass and Bronze Museum, then you don’t need to buy another one here. The same ticket works for you.
The ground floor of the wood carving museum
The rich wood carvings start to appear as soon as you step into the wood carving museum. The windows of the following floors, the struts, and the wooden pillars, make us realize that yes, we are in the woodcarving museum.
In the straight corner, there is a mask of Jayamal often called Jaya or Jai. He was a far-famed wrestler of the Malla era.
In front of it, there is a stairway that leads you to the very top and the third floor of the building.
*On the museum’s first floor, there is a room filled with wall paintings. But nevertheless, you might not call it actually a wall painting because the paintings are painted on a wooden platform that is attached to the room’s walls.
There are paintings depicting the Ramayana and Krishna Leela stories. On the beam, there are paintings of Nava Durgas (Astamatrika), Lord Vishnu’s Dasa Avatar. The room is literally filled with paintings, as there are paintings even on the ceilings.
Now, coming back to the third floor, you will find some of the most exquisite pieces of wooden art over there.
The museum is like a paradise for art admirers and practitioners. There are several statues made in the woods which consist of the statue of Bhairava, Vishnu, Buddha, Nitya Devi, Tara, Bhrikuti, Ganesha, Shiva, and many others.
The most satisfying part of being in the museum is that you can take pictures of these centuries-old crafts.
With the statues, there are torans, wooden pillars, and even boxes (safes) of different eras.
Besides these things, there is one unique thing that indeed is quite different from the ancient newa culture. A tiny window made out of brick, not the woods.
There might be some sort of story behind outputting such a window. Yet, there is one more thing that not only surprises you but also startled you.
After entering the third floor of the museum, you will find a small room on your left-hand side. It mentions that there is a statue of Bhairava with shakti (shakti means his consort) and some wall paintings.
Even after keeping that thing in your mind before entering over there, you would probably get startled. So, keep calm and enjoy what’s inside there.
Some historical facts related to the wood carving museum
The building of the current wood carving museum, which initially came into existence during the reign of King Yakshya Malla with the most epigraphic temple of Bhaktapur, The Dattatreya Temple.
After the blessing of King Yakshya Malla, it was rebuilt in 1763. And again renovated by German experts as the wedding gift to the then King Birendra in 1979.
The peacock window, being the most alluring woodcraft from the 15th century, even today made us come for it. You have to leave the museum to go look for the window because the window is placed on the eastern side of the building. A narrow street facing south (next to the museum) leads to this masterpiece.
Nearby the wood carving museum
The museum, of course, with the dark rooms and brazen woodcraft, showcases the then wood carvings. Nearby, there are some mini souvenir shops with miniature wooden peacock windows. And the brass and bronze museum to share the ticket, for instance.
Besides, there are different cafes and restaurants along with a small old shop, on the left corner of the Dattatraya temple.
However, the earthquake of 2015 made the museum quite terrible. But, it’s worthy enough to widen your eyes for the classics."
6172,Sundhara,,27.672654,85.428699,0.0,,Heritage Site,"Sundhara; the golden conduit of Bhaktapur Durbar Square
Must be in amazement, estimating that where the ordeal Sundhara is in Bhaktapur?
OUTLINES OF CONTENTS
Sundhara; the golden conduit of Bhaktapur Durbar Square
About the making of Sundhara
More about the Sundhara
Well, Sundhara is one archaic conduit of Bhaktapur that lies within the Bhaktapur Durbar Square. It aesthetically is a very famous Hiti. Here, Hiti is a term, meaning the taps in the local language. Yes, this conduit that lies beneath the ground level is most commonly known as the Nagpokhari of the Durbar square.
Sundhara of Bhaktapur Durbar Square PC: Sameer Shakya
The conduit and its surroundings are all crafted and decorated through the images of serpents. Things might be the probable reason behind calling this golden conduit as Naag Pokhari. But in the studies, this conduit along with the pond was called Sundhara, which literally means the golden conduit.
You might also find people calling it Luhiti, which also means the golden conduit exactly in Nepal Bhasa ( most commonly known as the newari language).
Sundhara, on the other hand, is a symbol of unique aesthetic grace which is as its name is golden. It has one of the most extricating carvings on the mouth of the spout. The head of a non-castrated he-goat and the figures of different animals and Gods posing in that court really make you say, awe-inspiring.
Furthermore, in front of Sundhara, there is a diminutive pond, in the middle of which an image of gold-plated Naag with a wooden pillar does stand. Perhaps, that’s why people also call this arena Naag Pokhari rather than Sundhara.
Well, around the Sundhara and the pond, you can examine the brick thoroughfare with the stonewall enclosed by the amounts of the serpent including numerous figures of Gods and Goddesses.
Thus, it is unique.
About the making of Sundhara
Bhaktapur and its monuments, never stay emptied without an ambiguous and fascinating story. So, the same goes for this Sundhara.
King Jitmitra Malla, who seems to have contributed a lot to making temples, courtyards, and the palace itself was also one of the most creative kings of Bhaktapur. It is said that one night the Goddess Taleju obliged herself before King Jitamitra Malla, in his dream while the construction of the Thanthu royal palace was on, to the east of Taleju temple.
Know more about the Malla kings of Bhaktapur.
She then instructed him to make preparation for fetching water from the Mahadev river of Nagarkot to carry out the periodic worship of Taleju in the palace.
Consequently, water was then collected from around the smaller streams originating from Mahadev mountain in big storage. It was then diverted into a pond for necessary treatment and finally brought to the golden spout inside the palace through the Royal Cannel (Raj Kulo).
(That pond might be called today’s Mahadev Pokhari, where every year, on the month of Poush/Magh, devotees come and take bath as well as worship at the nearby Mahadev temple.)
The initiated work of constructing Sundhara along with the pond was begun in 1678 (798 Nepal Sambat) and completed in 1683 (803Nepal Sambat).
There is an even more impressive story recounted about this Sundhara. As per the anecdote, on the inauguration day of this Sundhara and pond, religious worship was offered to the Taleju Goddess invoking Tantrik Shakti, and a pair of white ducks were left to flow through this spout.
Legend has it that these ducks easily passed through the mouth of Sundhara turning into a smaller size. They were seen swimming in the pond. This process of appearing and disappearing of these ducks was said to be observed till some generations of the Malla period.
Sundhara of Bhaktapur Durbar Square
More about the Sundhara
The earliest water source of this conduit was Mahadev Pokhari, Nagarkot which later was taken over by the modern piped system.
However, amid the disruption of Raj Kulo, Sundhara also lost its natural source of water, and today, the modern piped system has been enlarged with the existing infrastructure of Sundhara. Though the water supply is limited and the water streams, for a few hours in the morning and evening for religious worship which also seems not regular.
The water Sundhara was used for the worship of the Thanthu palace. Also, the king and queen used to take bath in this conduit before leaving to have a rest near the Khopi (resting room).
The water of this conduit is still used to worship the Goddess Taleju. However, sometimes, the irregularity of the water flow compels to use of the encaged pond water nearby for religious worship in the Taleju temple.
Reference
Research paper on water and culture-Ganesh Khaniya"
6173,Nepal Art Council ,,27.69231814,85.32361787,0.0,, Art Gallery,"Nepal Art Council was established in 1962, Nepal Art Council is a leading non-profit organization focused on promoting arts and artists of Nepal.
Spread over an expansive 28,423 sq. ft, NAC provides the finest and most central state-of-the-art gallery space in Kathmandu today.
By pioneering the nurturing of artistic talent for over half a century; the Nepal Art Council has played a pivotal role in helping a new generation of contemporary Nepalese artists working in various genres, to emerge and attain the level of excellence we witness today."
6174,Salan Ganesh Temple and the pond,,27.673865,85.435101,0.0,,Heritage Site,"Within the sphere of Dattatreya Square, there are three more temples that hold both cultural and religious paramount. Among them,  the Salan Ganesh Temple is the one, which lies in the right-hand corner of the square.
A narrow street leads the way to the temple. The temple is particularly special because of the image of Lord Ganesh. But, it is not a sculpture. The image is rooted in a natural stone that has a symbolic form of Ganesha or the elephant-headed image.
Nowadays, it became more indistinguishable because of the red tika, covered all over it.
The Salan Ganesh is also sub-titled as the Adhi Ganesh among the asta Ganesh. During the procession process in Gai jatra, this temple is revolved by a bunch of people. Thus, because of that, it was called Salan Ganesha.
However, until today, the exact erection date of the temple has not been defined. Yet, some guesses call it the temple developed in the 13th century. Sumerialy, the date 1654 also arouses as its erected date. 
Salan Ganesha pokhari
Salan Ganesh Pokhari
The pond behind the Salan Ganesha Temple is said to be dedicated to the temple. That’s why it is named the Salan Ganesha pokhari. Consequently, the eve made this pond fill with young people as well as the old ones. While, for now, there is no use of this pond except for having a peaceful time with friends.
Furthermore, it is presumed that the pond might have been in existence since the 16 or 17th centuries. From then till today, this pond remains in its initial structure. Along with the length and width of 300 and 150 ft respectively.
Nearby, in the north direction of the pond, there is an Agam Chhen of the respective temple. The architecture is best known for its eccentric display of woodcarvings. All the torans, windows, doors, as well as struts, are shaped in beautiful patterns.
Salan Ganesh Agam Chhen PC: Praz Santt/bhaktapur.com"
6175,Taleju Temple,,27.91466874,85.16500929,0.0,, Religious Site,"Taleju Temple is a historic and revered Hindu temple located in Nuwakot, Nepal. Dedicated to Goddess Taleju Bhawani, the temple is an essential religious and cultural landmark in the region. Taleju Bhawani is considered to be a form of the Goddess Durga. The temple s architecture exemplifies traditional Newari craftsmanship, characterized by intricate wood carvings and pagoda-style architecture. The temple holds immense religious significance and is a focal point of festivals and ceremonies, particularly during Dashain, Nepal s biggest Hindu festival. Pilgrims and tourists visit the temple to offer prayers and seek blessings. Its historical and architectural significance, coupled with its religious importance, make Taleju Temple a must-visit attraction in Nuwakot."
6176,External Peace Flame,,27.4747659,83.27571893,0.0,, Monument,Tourists spending their vacation in Lumbini surely would not want to miss out on the chance of seeing the intriguing  Eternal Peace Flame  which fascinates the eyes of every first-time visitor. Eternal Peace Flame is located at the center of Lumbini Garden. Heading to Eternal Peace Flame is widely known to be a joyous occasion for those wanting to experience a cool thing to do in Lumbini Nepal.
6177,The existence of Laxmi Narayan temple in Dattatraya Square,,27.673637,85.434959,0.0,,Heritage Site,"There are so many Narayan temples within the Bhaktapur Nagar. So that people often get confused about the names of the temples. However, the places and their architecture, distinguish them from each other. The Laxmi Narayan temple stands out as the most unique Narayan temple in the Bhaktapur Nagar. 
Location wise, the Laxmi Narayan temple lies on the premises of Dattatreya Square. That, in the northern arena of the square.
Though this temple was erected in the 18th century, it still bears to stand in between us.
Architecturally, it is made off of multiple roofs. Which is more likely the traditional roofing style of Nepal. Although it is made in a traditional format, it still has some uniqueness. More than any other temple which seems similar to traditional architecture.
Moreover, on the other hand, this tiny heritage site is also a fine example of wood adeptness. One can observe the very well wood carvings in its entrances and torans.
Plus, there is a pair of lions too, in front of its entrance. That generally symbolizes the temple of Devi and the attending vehicles of Mahalaxmi. Since the temple is honoured to both Laxmi and Narayan, the statues of lions were established there. While the entrances are filled with carvings of snakes too.
Furthermore, the Laxminarayan temple is blessed with the pristine image of Laxmiarayan. But that doesn’t mean there are two statues of the deities i.e Laxmi and Narayan.
Instead, there is only one image which generally is of a combined form of Laxmi and Narayan. If you take an attentive look at the statue, then you realize it. That the statue actually has two different figures as well as bearings."
6178,Bhimsen temple of Bhaktapur,,27.673457,85.4348,0.0,,Heritage Site,"There are still several temples and heritage sites in Bhaktapur which has no evidence of their existence. Yet, they are standing in front of us. But, its history is somewhere else. No one accurately knows about them. In those dusting and busts of the city, the erection of the Bhimsen temple also got faded.
Somehow, the archaeologists presume, it was erected in 1605 CE. While some other sources dated it back to the 18th century.
This two-floored rectangular pagoda, the temple of Lord Bhimsen is located right in front of the Dattatreya Temple within the premises of Dattatrya square. Plus, it was renovated lately in the year 2018. However, it is standing in its initial structure until now. As the name of the temple assumes, it is the temple of lord Bhimsen.
The Bhimsen temple is often called Bhisindyo or Bhindyo by the local people.
This Bhimsen temple is extraordinarily large in length unlike any other temple in Bhaktapur. Plus, there are 7 pinnacles crowning in the tiny and pretended tier of the temple.
The windows, doors, and struts alike are filled with beautiful carvings. For instance, the temple is not only blessed with the Bhimsen but also with the statue of Draupati. Here, Draupati is one of the main characters of Mahabharata, who was also the wife of Panch Pandava.
Adding more, the ground floor of its looks like a resting place. Since it is open to everyone and has nothing except a big space. Within the same series, there is a doorway guarded by two stone images. Ultimately, that portal guides to the main temple of Bhimsen.
About the Lord Bhimsen
Bhimsen is a god with a red face, angry eyes, and a thick dark moustache. He is worshipped as the god of trade and commerce. Perhaps, because of that, every household has had its portrait, especially in the shops. They believe that the praying of Lord Bhimsen would bring good fortune and success in business.
Bhimsen
Usually, the local people come and worship in the temple but the traders often come on Saturday to do worship. It seems Saturday is one special day to worship Bhimsen. Besides that, the bhimsen is worshipped especially on Holi Purnima and Yomari Purnima.
Bhimsen pokhari of Bhaktapur
With the temple, a conduit is attached, right to its back. That is a conduit but for some unknown reason, it is also called a pond. That’s why that conduit along with the assumed pond is called Bhimsen pokhari.
Meanwhile, some shreds of evidence show up as the conduit made in the lichhavi period. The northern, as well as the southern steps, still have some sort of carving evidence.  That mentioned the name of some, of the then rulers of Bhaktapur like Raya Malla, Ram Malla, Rana Malla, and Bhim Malla. It was placed during its renovation.
With that, different classic statues like the statue of Narayan with four hands, Chandra, Surya, Ganesh, and some others are also established over there. Similarly, as the attraction, the conduit itself beholds the antique beauty.
The carvings relating to the crocodiles and torans giving shelter to the statue of Narayan above the sunken look so impressive."
6179,Krishna Temple,,27.66079175,84.42322159,0.0,, Religious Site,"The Krishna Temple in Bharatpur, Nepal, is a significant religious site dedicated to Lord Krishna. Situated in the heart of Bharatpur city, it is a renowned pilgrimage destination for devotees of Lord Krishna. The temple s architecture reflects traditional Nepali style, with intricate carvings and vibrant colors adorning its structure. Inside the temple, worshippers offer prayers and perform rituals to Lord Krishna, particularly during festivals like Janmashtami (Krishna s birthday) and other important Hindu celebrations. The Krishna Temple holds cultural and religious significance, attracting visitors seeking spiritual solace and cultural enrichment."
6180,Til Madhav Narayan Temple,,27.670725,85.429304,0.0,,Heritage Site,"Apart from researchers, it would be amazing if anyone in this generation is aware of the Til Madhav Narayan Temple.
OUTLINES OF CONTENTS
Til Madhav Narayan
Til Madhav Narayan, the deity who blesses the devotees with children
About the emergence of Til Madhav Narayan
The temple of Til Madhav Narayan is one of the most important temples of Nepal, as it is one of Nepal’s oldest temples, dating back to 238 N.S. (1118 A.D). Even yet, it manages to stand straight in a good position between us.
The temple is located just in front of the Nyatapola Temple, in the southern arena. However, it is hidden behind a wall of houses. You can enter the courtyard where the temple has been residing through one narrow open doorway.
Til Madhav Narayan Temple
PC: bhaktapur.com/ Prashant Prajapati
Til Madhav Narayan
Til Madhav Narayan is one of Lord Vishnu’s incarnations. Even if no one could enter the temple, the statue of Garuda, conch and wheel confirmed the presence of the deity. There is also Lord Natyeshwor, who is supposed to have been established there to protect Til Madhav Narayan.
According to the temple priest, the depiction of Til Madhav Narayan differs greatly from other renderings of Narayan. He explained that this statue only has three hands. Another restriction is that no worshipers are permitted to visit the shrine or even see the Lord Narayan statue.
And, yes, photography is not permitted inside the temple.
The temple is open from 4 a.m. to 8 p.m. During this period, the priest performs Nitya puja at around 5:30 a.m. and Sandhya Aarati at 5 p.m.
Furthermore, Til Madhav Narayan’s idol is also worshipped as Janai Dharan Narayan, who is said to be untouchable by the girls.
Til Madhav Narayan, the deity who blesses the devotees with children
A courtyard, in addition to the temple, is considered sacred by Bhaktapurians. Because Ihi, one of the most essential rituals of every newa girl, was sometimes performed there.
In addition, on important occasions, devotees from faraway regions such as Pharping and Panauti come here in the hope that the Lord may grant their wishes. According to the temple priest, if anybody obtains the clarified butter (Ghee) of the naval of the Til Madhav Narayan on the fourth day of the Magh, his/her request is granted.
It is a local belief.
On the day of Maghe Sankranti, the statue of Til Madhav Narayan is immersed in clarified butter and presented to worshippers after four days. It is often held that God fills the laps of individuals with children who are experiencing difficulties with childlessness.
As a result, it is also revered as the deity that bestows offspring on followers.
About the emergence of Til Madhav Narayan
According to legend, even after selling tons of sesame seeds, one trader noticed that he had many more sesame seeds than he should have, and it wasn’t even close to being finished. There he discovered the image of Til Madhav Narayan.
Since then, devotees have offered Sesame seeds (Til) to the deity on the day of Maghe Sankranti every year. In addition, the god is worshipped on the days of Janai Purnima and the Madhav Narayan Festival in Bhaktapur."
6181,Umbrella Street,,27.57058507,84.36064264,0.0,, Tourist Attraction,"Umbrella Street in Bharatpur, Nepal, is a colorful and vibrant pedestrian street adorned with hanging umbrellas overhead, creating a beautiful and unique canopy effect. It s a popular tourist attraction and photo spot, drawing visitors who enjoy strolling beneath the colorful umbrellas and capturing picturesque moments. The street is often decorated with additional lighting and decorations during festivals and special events, adding to its charm and appeal. Umbrella Street has become an iconic landmark in Bharatpur, contributing to the city s cultural ambiance and attracting both locals and tourists alike."
6182,Kileshwor Mahadev Temple,,27.716386,85.428078,0.0,,Heritage Site,"This tiny and two-storeyed temple on the premises of the Changu courtyard is called Kileshwor Mahadev Temple. People often call this temple the temple of Pasupatinath.
There is a shared belief that the lord Shiva gets settled over there to protect the hill. As the Changu Narayan temple, this temple also seems quite old and full of art and architecture. The struts behind the windows, and the upper section of the windows, show what a picturesque temple is.
The image of Umamaheshwor at Kileshwor temple PC: rockaroundtheworld
Moreover, the duplicate structure of this temple was made during the World Wood day 2016 celebrations in Nepal.  You can find the videos of it on youtube too. It says it took 9 days to complete it. With the resources of 531 timber pieces, 422 joints, and 7 tons of reclaimed sal wood."
6183,Rudrabarna Mahabihar,,27.66820681,85.32719443,0.0,, Archaeological Site,"Brief Introduction
Rudrabarna Mahabihar is one of the oldest and most well-preserved shrines of Patan. The shrine is popular for its beautiful courtyard.

General Information
The shrine lies south of Patan Durbar Square. You can recognize it by the entrance to which features two large stone lions and a plastered gateway topped with two modern plaster lions holding flags. This complex perfectly showcases Newari Buddhist architecture, art, and culture. 

The history of the Mahabihar has several anecdotes. You will find around 12 different accounts of this shrine being referenced in ancient texts. Popular consensus agree King Sivadev I of the Lichhavi dynasty erected the Rudrabarna Mahabihar. 

Cultural Religious Aspect
The shrine is culturally and religiously linked with the local Newars, specifically the Shakyas. There are acts of daily worship at the bihar. A priest and some elders of the local Shakya clan perform the rituals. Every male member of the Shakya clan is required to serve as a priest at the bihar for at least two weeks once in his lifetime.

Architecture Artistic Features
At the four corners of the bihar are four exotic statues of deities. The Mahabihar is adorned with many other beautiful metal artworks. Behind the Mahabihar is a spacious courtyard called Tago Chiba, which features a large white stupa in the center. Rows of houses surround the courtyard giving the shrine a communal vibe.

Events Functions
There are around 1200 Shakyas of various lineages as a part of the Sangh (Community) for this Mahabihar. Regular feasts are observed by the members of this Sangh in the Mahabihar. 

Visitor Information
As you exit along an alley from the east side of the Mahabihar, you will be able to see ancient houses and intricately carved windows. This path will also lead you to another Mahabihar called Hiranyabarna Mahabihar, which is popular among tourists as Golden Temple."
6184,Jesthabarna Mahabihar,,27.66995071,85.32385005,0.0,, Archaeological Site,"Jesthabarna Mahabihar, is prominent Buddhist monastery. It s known for its striking architecture and intricate artwork, reflecting traditional Newari craftsmanship. Jesthabarna  serves as a center for Buddhist education and meditation. With a rich history dating back many centuries, it holds cultural and religious significance in Nepal."
6185,Chinna Masta Temple,,27.716229,85.42796,0.0,,Heritage Site,"The Chinna Masta temple is completely dedicated to Chinna Masta Devi. The Changu’s inhabitants honour her as a local manifestation of Goddess Kali. She is thought to have existed before ancient times.
She accepted sacrifices since she is a tantric goddess. However, she is valued because of her sacrifice. According to legend, she decapitated herself in order to feed the ravenous Dakini and Varnini.
The Goddess of Chinna Masta
Almost every image of her shows that epigraphic story, where she retains her head in one hand. And, scimitar on the other hand. Plus, three spurts of blood mounting out from her neck and feeding Dakini, Varnini, and herself that blood.
This temple, over in the courtyard of Changu Narayan Temple has a single glided roof. And, in front of it, there are two miniature taleju bells. Moreover, it has two flags as well as guardians on both sides of the doors. The temple lies in the southeast corner of the courtyard."
6186,Balkumari Temple of Thimi,,27.675718,85.385297,0.0,,Heritage Site,"Balkumari of Madhyapur Thimi is worshipped as one of the four kumaris of Kathmandu Valley. The local people praise her as their guardian deity. They also perform their livelihood ceremonies like marriage, and Barthabandha over there.
OUTLINES OF CONTENTS
The legends about the Balkumari temple
Balkumari temple and the biska jatra
How to get there?
The Balkumari temple has a brick-paved rectangular courtyard. Also, the minor and major deities within it like the Digu Bhairava temple.
The temple itself is of a three-falsehood which has amusingly impressive hanging Pataas. It also has a column in front of it, which has a beautiful representation of a peacock. There were more peacocks in its tier corners. But they all were stolen, leaving one among them.
patah of Balkumari temple
That’s why it was once sealed with strong iron bars including the Balkumari temple. But now, the iron bars have been removed and the temple is in its initial face.
peacock on the roof of Balkumari temple
The legends about the Balkumari temple
The temple has a long story, nearly dating back to the 17th century. Of course, cause the temple was established at that time. The legends say that a merchant of Madhyapur usually went to Lubu for trading purposes along with his group. But he somehow fell in love with the princess of the Lubu and vice versa.
Soon, the princess also got pregnant. For that reason, she asked the merchant to take her away with him to the thimi. The merchant happily accepted her proposal but at the same time, he put a condition too.
The condition was that if she wanted to come to thimi with him, she must bring the balkumari with her.
That the princess also happily accepted and brought the deity to the thimi. From that time, the deity was permanently shifted to thimi.
Plus, there is a womb-like structure right above the idol of the deity. That, in some way, justifies the story of shifting the deity by the pregnant woman.
Balkumari temple and the biska jatra
BALKUMARI TEMPLE
PC: KTM guide
The Balkumari temple became a course of titling and tattling when it came to the Biska Jatra. Yes, because this temple is foremost related to the vermilion festival, ordinarily known as Sindur Jatra. The jatra initially starts from this temple. But her chariot is not rounded to the whole city as other chariots do.
Her chariot is taken up to the temple of Prachanda Bhairva. Since it is believed that the ancient thimi was bordered that place in the north.
How to get there?
The temple is not a challenging place to reach instead it is truly quick to reach there. Half an hour of a taxi ride drops you at the entrance of the temple from Baagbazaar. Alternatively, if you choose to ride a local bus, then it might take around 45 minutes of time to reach thimi.
The Naya thimi, the bus conductor as well as the locals call the place Naya Thimi. From where you have to walk for exactly 5 minutes. There, on your left-hand side, on your second turn, you would find the temple."
6187,Namobuddha Monastery,,27.57123326,85.58252698,0.0,, Religious Site,"This Tibetan Buddhist monument is one of the three most significant holy shrines in Nepal, and is the perfect place to take a glimpse into the monastic life. It is located in a region called Namobuddha that lies a little further ahead of Dhulikhel. Legend has it that this is the site where Prince Mahasatwo, who Buddha is believed to be a reincarnation of, gave up his life to save a tigress and her cubs.
The monastery features the stupa that is supposed to be the burial site of the prince, along with amazing views surrounding the monument that make it a popular tourist spot for the religious and non religious alike."
6188,Dharmakirti Mahabihar,,27.70966392,85.30979997,0.0,, Archaeological Site,"Dharmakirti Bihar is indeed located in Thahiti, Kathmandu, Nepal. It's a Buddhist monastery that holds historical and cultural significance in the region. In front of this Bihar, there is a stupa of Buddha, which is likely a focal point for religious activities and rituals. Additionally, nearby is the temple of the ""Matya Ajima,"" also known as the ""Temple of the Lost Mother."" 

Matya Ajima is a goddess revered by the Newar community in Nepal. The temple dedicated to her is an important religious site where devotees offer prayers and perform rituals. Thahiti area in Kathmandu is known for its concentration of religious and cultural landmarks, making it a significant destination for pilgrims and tourists alike."
6189,Badrinath temple,,27.672046,85.427455,0.0,,Heritage Site,"Badrinath temple is a 17th old century temple. It postured itself within Nepalese traditional roofing style.  That makes this temple more unique than others.
By the sequence, King Bhupatindra Malla erected that temple. That was of the shikhara style. Unfortunately, the devastating earthquake of 1990B.S. turned this temple into a Nepalese roofing style temple.
It sounds quite weird. But another devastating earthquake of April 2015 brought this temple in its real posture. Today, the temple is again in the same shape. Yes, it is in the shikhara style as it was originally built.
Moreover, the most valuable thing, that this temple consists of is the statue of the Harihar. It is a combining form of lord shiva and Vishnu. That people call Badri Narayan or Badrinath. That then turns out to be the name of this temple.
Consequently, as the Badrinath temple. Most of the people know this temple as one of the pilgrimages of char Dham temples too."
6190,Kalinchowk Bhagawati Temple,,27.75780573,86.03360144,0.0,, Religious Site,"Kalinchowk Bhagwati Temple is a Hindu shrine at KURI VILLAGE in Dolkha District of Nepal. It is situated in Kalinchowk VDC in Dolkha at the altitude of 3,842m from sea-level (Around 150 km from Kathmandu). It s a part of Gaurishankar Conservation Area (GCA)from where two rivers SunKosi and Tama Kosi river are originated. It is famous for Temple, panorama views of Mountains and snowing activities. Most of the People visit the place to enjoy the snow during the winter besides the mesmerising landscapes and splendid panoramic view of the Himalayan range. Kalinchok gets snow mainly at the end of December and it lasts till the end of February or mid-March. When there is snow, it is difficult for jeeps, buses and cars to reach the top of Kuri village."
6191,Kedarnath temple,,27.671913,85.427895,0.0,,Heritage Site,"The Kedarnath temple look-alike like the Badrinath Temple since both of them are made in terracotta form. The temple is called Kedarnath because of the statue of Kedaraeshwor that is established in the phallus of the temple.
This 17th-century temple is so eye-satisfying. Through which’s an eastern pedestal, you can observe the entire durbar area along with the rest house and temple of Vatsala Durga Temple. While from the western or the front pedestal of the temple, you can have a glimpse of the entire char Dham temple.
There are a total of five pinnacles in the temple including four sub-pinnacles. And, architecturally, they all turn in four directions. Despite that, it looks so splendid, of course, with the statues of lord shiva in it.
The stone pillars also seem fascinating with imaginative carvings.
The most dynamic king of the Malla era, King Bhupatindra Malla erected this temple."
6192,Rameshwor temple,,27.672174,85.427471,0.0,,Heritage Site,"Out of the four temples of Chardham temples, one is the Rameshwar temple. It is an open temple that stands with four artistic stone pillars. Somehow, this shiva temple tends to be called Rameshwar because of a darn.
The darn says that the initial Rameshwor temple was established by Lord Ram.  For that reason, people call this temple as Rameshwar Mahadev temple but ultimately, yes, it’s a shiva temple. Well, the Rameshwar temple of Bhaktapur is just a replica of the initial one that is in south India.
Consequently, this temple lies right in front of the Gopinath temple. While you enter from the west entrance to the durbar square, you can find this temple on your right-hand side.
The artistic king of the Malla era, King Bhupatindra Malla is credited for such beautiful work.
The shivaling of Jalhari and roof like backflipped lotus made this temple more elegant. There are no walls at all. So you can easily take a glimpse of the shivaling of the temple."
6193,Bhootnath Mahadev Temple,,26.72726845,85.93082992,0.0,, Religious Site,"Baba Bhootnath Temple is a renowned Hindu temple located at southeast of Gangasagar pond in Janakpur, Nepal. Dedicated to Lord Shiva, it holds significant religious importance for devotees.The are so many types of flowers in front and besides the temple. The temple's architecture reflects traditional style and it attracts pilgrims from various parts of Nepal and neighboring countries. The temple complex also includes other shrines and sacred ponds. Devotees often visit to offer prayers, perform rituals, and seek divine blessings.Har Har Mahadev"
6194,Radhakrishna temple,,27.672074,85.427638,0.0,,Heritage Site,"Within the premises of Bhaktapur durbar square, you can encounter different types of temples. Among them, the very first pagoda styled temple which you will encounter, while entering from the western gate to the Bhaktapur durbar square will be the Radhakrishna temple.
Yes, the temple is one of the best examples of spectacular wood carvings which you can observe on the doors and windows of the temple. The temple is one which is made out in traditional Nepalese style among Char Dham temples of Bhaktapur Durbar Square.
Also, the struts, are filled with the images of incarnations of Lord Vishnu and other deities. That makes this temple more refined and elegant.
This temple is popular as the Radhakrishna temple but alternatively, also recognizes under the name of Gopinath temple. Furthermore, This temple is also famous as the dwarikanath temple because of a statue established inside this temple.
The statue established inside the temple is of Lord Krishna. That seems more artistic and admiring. Not only the statue of Lord Krishna but also the statue of Balram and Radha are beautifully placed over there.
There is a guarding image of two stone lions and a standing pillar in front of the temple, which consists of a garuda image on its top."
6195,Gokarneshwor Mahadev Temple,,27.73927681,85.3877111,0.0,, Religious Site,"The Gokarneshwor Mahadev Temple is steeped in history, dating back to ancient times. Its name,  Gokarneshwor,  is derived from the Sanskrit words  Gokarna  (meaning cow s ear) and  Ishwor  (meaning God). According to Hindu mythology, Lord Shiva, the supreme deity, assumed the form of a cow and resided in this tranquil spot. Hence, the temple is believed to be the ear of the divine cow, making it a revered site for devotees and an essential part of Nepal s religious heritage.The temple s architecture is a testament to Nepal s rich cultural heritage. Built in the traditional pagoda style, the temple boasts intricate wooden carvings, ornate windows, and detailed sculptures that showcase the artistic prowess of ancient Nepali craftsmen. Pilgrims and tourists alike are captivated by the temple s exquisite design, which reflects the country s Pagoda architecture and architectural splendor.The Gokarneshwor Mahadev Temple is a hub of religious activities and rituals. Devotees flock to the temple to offer prayers, light incense, and present offerings to Lord Shiva. Mondays, considered auspicious in Hinduism, witness a significant influx of worshippers. Additionally, festivals such as Maha Shivaratri, a grand celebration dedicated to Lord Shiva, are observed with great fervor at this sacred site. During these events, the temple comes alive with devotional songs, vibrant processions, and spiritual fervency, making it a prominent spot for Hindu pilgrimage in Nepal."
6196,Bethanchok Narayansthan,,27.48430419,85.48369026,0.0,, Religious Site,"Bethanchowk   the king of the hills is one of the best nearby destinations for trekking and camping lovers who are looking for a short yet worthwhile and budget-friendly hiking and camping spot close to Kathmandu Valley. This is the highest hill in the Mahabharat range; located in the southern part of the Kavre district. At an elevation of 3,000m above sea level, astounding and breathtaking vistas encircle the Bethanchowk ridge.

The vistas from the top of Bethanchowk Hill are just beyond explanation. As we would be sighting it from above the clouds; the dramatic movements of clouds wandering and the mesmerizing sunset are the major highlights of this trek.  Whereas, the mountain ranges from east Makalu to Dhaulagiri in the west can be sighted from Bethanchowk. The sunrise view and the mountain ranges from Bethanchowk early in the morning are remarkable as well.Besides, this place has a religious significance as well. The actual name of this place is Bethanchowk Narayanthan. Named after the name of the Narayan temple on the top of this ridge. Likewise, there s a belief that Lord Shiva himself resides here on this ridge. And every year on the auspicious occasion of Falgun Purnima, the local Tamang people celebrate a special Mela (fair) on this holy ridge."
6197,Jagannath temple,,27.6721,85.4281,0.0,,Heritage Site,"The ancient evidence says that King Bhupatindra Malla is responsible for the erection of the Chardham temples of Bhaktapur. Along with the Jagannath temple, he also commenced the Badrinath temple, Kedarnath temple, and Rameshwar temple.
Yes, however, this Jagannath temple consists of a place among char Dham temples.
The current temple of Jagannath seems quite ordinary covered with a tin roof.  This one-story temple was three times bigger and of two stories on its erection. The ruinous earthquake of 1934 A.D. somehow spectacularly affects the physical appearance of this temple.
Nowadays, we can see a simple architecture assembled over there. So, it can protect the beautiful wood sculptures of Lord Krishna, Balaram, and Subhadra, erected inside the temple.
Image of Jagannath
The Jagana God Jatra
This, Jagana God Jatra is a very minor jatra of Bhaktapur. That is not forgotten continuously now. According to the events of the lunar year, this event falls on the second day of Dillathwa.
Yonder, dillathwa means the starting days of the ninth month, as of the Nepal sambat. On the occasion of the day, the statue of Jagannath is worshipped by its Pujari. That, with a special ritual. Meanwhile, a small group of people carries away the diety to roam the city."
6198,Chyasalin mandap,,27.671989,85.428588,0.0,,Heritage Site,"The octangular Chyasalin mandap pavilion is not a temple, despite the fact that most people mistake it for one.
Despite the fact that it is only a pavilion, it is one of the most stunning constructions of the Malla era. The kings of Bhaktapur, however, were not responsible for its construction. The entire credit goes to King Srinivas Malla, the then-King of Lalitpur who erected it as a sign of friendship.
Aside from that, there is an intriguing story concerning the Chyasalin mandap’s construction, which explains why it was built between the Pashupatinath temple and the 55-window palace. There is a Hindu concept that one should not live in front of the glorious deity.
And living directly in front of the Pashupatinath shrine was bad for both the king and the kingdom. Thus, Chyasalin Mandap is reported to be built in between them to avoid the temple’s powerful aurora from directly striking the palace.
This venue once was also a popular choice for the poetry contest. According to published knowledge, King Bhupatindra Malla and his consort once held a poetry competition at this spot.
This pavilion was also used to welcome royal guests, observe festivals, and enjoy the breathtaking sunset views.
Unfortunately, it was destroyed by the catastrophic earthquake of 1934 A.D. and lost its original form. Later, in 1992 A.D., the German architects graciously reinstall this covering at its original speed. They used steel and the ruins of the old chyasalin mandap there. As a result, it was completely impervious to the April 2015 earthquake."
6199,Gosaikunda Lake,,28.08331253,85.41060107,0.0,, Natural Landmark,"Naga Kunda and Gosikunda (Lakes) which seems most popular among the Pilgrims. However, Gosaikunda Lake is one of the pilgrimage places for all Hindus and Buddhist, where once in every year all the devotees from around many places of the country and even the Indian Hindus come to take a holy dip in the lake. Almost half of the year it gets frozen. Seasons from October to June the water of this lake get frozen because of the winter and the high altitudes. However, Gosaikunda Lake is the mainspring of Trishuli River of after it gets melted and sip down in the mountain."
6200,Lanpadegal,,27.672027,85.429012,0.0,,Heritage Site,"Lanpadegal is a representation of two monolith lions posing in front of Phashidegal. Yes, these are the shielders that allow you to ride in them and take selfies with the Bhaktapur Durbar Square as your backdrop.
Meaning of Lanpadegal
Coming to the lanpadegal, lanpadegal is the local name of those stone lions. Meanwhile, People started calling those stone lions lanpadegal. Because it stands as an obstruction in the road.
The lanpadegal consists of three newari words. Lan, pa, and dega ( degal). That means road, obstruction, and temple respectively. Therefore, people know this temple as a temple bothering the road. According to this, lanpadegal became the name of this site.
Lanpadegal, before the quake
There was a lovely three-story pagoda-style temple with an outstandingly artistic Harihar statue. According to legend, there were three Harihar temples within the durbar square, and this temple was one of them.
Aside from that, we are grateful that Harihar’s statue has been saved. It is now on display at the National Art Museum. And, those magnificent lions were established in front of the temple before the catastrophic earthquake of 1934 AD occurred in Nepal. Unfortunately, during the tragic earthquake of 1934 AD, that temple fell and was never rebuilt.
Nevertheless, you still can have a glimpse of stone-carved statues of lions as a chunk of that off-course temple."
6201,Silu Mahadev,,27.672402,85.429017,0.0,,Heritage Site,"Silu Mahadev is tallest temple of Bhaktapur durbar square. Devotees of Shiva worship this temple. Yet, most of the people call this temple Phasidega or Phasidegal rather than Silu Mahadev. Of course, due to the reason for its pumpkin-like architecture.
Moreover, this shikhara style temple stands right in the northeast corner of the 55 window palace. You can easily get that temple while you enter out from Bhaktapur durbar square to the east.
Also, the established guarding stones will help you to identify that temple. Those guarding stones include a pair of elephants, lions, and bulls. Somehow, these standing monoliths in front of this dome-like temple made you pass its five-layer platforms.
People believed that those five layers of platforms might be the symbol of Pancha Maha Preta. The Pancha Maha Preta include Rudra, ishwor, Vishnu, Brahma, and Sadashiv. The temple is blessed with the Shiva linga which was a mystery until the quake of 2015.
History says that during the reign of king Jitamitra Malla this temple came into existence. Although there is a want of resources about the erection of this temple. 
Silu Mahadev, after the earthquake of 2015
After the devastating earthquake of April 2015. That earthquake turned the temple into a plain space. Well, this is also a fact about this temple. That it was the least harmed temple of 1934’s earthquake among the structures of Bhaktapur durbar square.
But drastically, the earthquake made out some changes in the structure of that temple. Also, it holds a little damage to its pinnacle. And for now, it is in the under-construction process."
6202,Diyalo Bangala,,27.71054074,84.4359195,0.0,, Tourist Attraction,"Diyalo Bangala is a former palace used by the Nepalese royal family. It is located in Bharatpur, Nepal, near the Madan Ashrit Highway. Diyalo Bangala was built in the 1960s by King Mahendra. King Mahendra died at this palace on 31 January 1972."
6203,Nuwakot Palace ,,27.91390674,85.16457947,0.0,, Historical Ruins,"Nuwakot: A History in Nepal
Nuwakot, nestled on the banks of the Trishuli and Tandi Rivers, boasts a rich tapestry woven with stories of conquest, trade, and political significance. For over a millennium, its hilltop fort served as a watchful guardian, protecting the western entry to Kathmandu Valley. As a bustling hub for the Malla kings, Nuwakot facilitated trade between India and Tibet. Its strategic importance drew covetous eyes, and the fort endured numerous battles, most notably succumbing to a surprise attack by Prithvi Narayan Shah in 1744.
This pivotal victory by Shah marked a turning point in Nepalese history. Nuwakot became a crucial launching pad for Shah's conquest of the Kathmandu Valley, solidifying his kingdom's dominance. The echoes of history resonate further: Nuwakot nearly fell to Chinese forces during the Nepal-China conflict, and witnessed the first diplomatic meeting between Nepal and Britain.
Nuwakot's legacy is preserved in the majestic seven-story Durbar complex, expanded by Shah to cater to flourishing trade routes. The exquisite Malla-style architecture reflects the town's past grandeur, a testament to its role as a center of power and prosperity. In recognition of its significance, Nuwakot seeks inscription as a UNESCO World Heritage Site, ensuring its legacy shines for generations to come."
6204,Taleju bell ( Tagoun Ghan),,27.672008,85.428411,0.0,,Heritage Site,"The durbar square is a package of surprises, wherein every single step you find an alien creation. The giant bell in front of the golden gate is one among them.
The taleju bell is a symbol of devotion toward the goddess taleju, who is stoked inside the royal palace. It is said that the bell is rung during the worship of the goddess taleju.
The big bell is hung in an open platform above the four stone pillars. Factually, you can have a close glimpse of the statue of king bhupatindra Malla and the durbar area from that open platform.
Nevertheless, this enormous and astounding bell is one’s pennyworth of  King Ranjit Malla. The inscription mentioned on that bell authenticates that it commenced on Thursday, 6 January 1737 AD.
So, don’t miss out on a chance to take advantage of this beautiful creation, while you are in Bhaktapur."
6205,Nagarkot,,27.71703738,85.50457109,0.0,, Scenic View,"Nagarkot is a village in central Nepal, at the rim of the Kathmandu Valley. It s known for its views of the Himalayas, including Mount Everest to the northeast, which are especially striking at sunrise and sunset. The surrounding scrubland is laced with trails and home to many butterflies. To the west is the ancient, pagoda-style Changunarayan Temple, dedicated to Vishnu and a Hindu pilgrimage site."
6206,Layekuhiti ( Sunken hiti),,27.671932,85.428566,0.0,,Heritage Site,"Along with the temples and palaces, there is a magnificent stone spout named Layekuhiti in Bhaktapur durbar plaza. Layekuhit literally translates to the palace’s stone conduit.
It is stated that the conduit was created to facilitate water for the prayers of adjacent temples, notably Taleju Bhawani, the supreme god of the Malla dynasty. (Taleju temple is located in the palace’s inner courtyard, where non-Hindus are not permitted.)
Aside from its religious significance, the conduit is best recognized for its stunning stone sculptures and carvings. The mouths of conduits are engraved with crocodile and frog-like creatures. Above the water conduit, there is also a tantric image of five-faced bhairava and shakti.
King Bhupatindra Malla is claimed to have repaired this water conduit. Due to a lack of funding, its erection remained a mystery. As a basis, it is assumed that this hiti was already in place while the Yaksheswor temple was being built.
The tap, on the other hand, no longer strained the water. However, it was formerly a popular supply of drinking water for both visitors and pedestrians too."
6207,Siddhapokhari,,27.67166872,85.42030714,0.0,, Natural Landmark,"Siddha Pokhari, the biggest pond of Bhaktapur.Siddhapokhari is one of the busiest ponds of Bhaktapur. Mostly, teenagers and college students walk in and around this pond.
Siddhapokhari is also called  Ta Pukhu  which literally means the bigger pond. The term Ta and Pukhu are the Newari words which mean big and pond respectively.
This waterhole has a length of 171 m, 73m of width, and 3m of depth. It s an awesome place to spend the afternoon relaxing with the mesmerizing view."
6208,Bhairavanath temple,,27.671039,85.42952,0.0,,Heritage Site,"Bhairavanath temple is one sacred temple of Bhaktapur that lies at the central square of Bhaktapur, Taumadhi Square. This temple devoted to lord bhairava is one of the rectangular based temples of Bhaktapur. One could easily recognize this temple as it lies right behind the giant Nyatapola temple.
The Bhairavanath established in this temple is a formidable incarnation of lord shiva, who also prefers to name Kasi Vishwanath and Aakash bhairava. He is somehow famous for his obstreperous and stubborn character. 
Renovative history of Bhairavanath Temple
The shreds of evidence say that the temple was first inaugurated by King Ananda Deva in the 13th century. However, that area, before the establishment of the temple was already popular for the Shaivism pilgrims. It was well known as Lalitmaheshwor. Regarding which there are inscriptions found in the temple.
But, it was definitely not triple-roofed, then. During the reign of King Vishwa Malla, the temple was gracefully restored in a one-storeyed temple.
After, King Jagatjyoti Malla decorated it with golden roofs.
Likewise, in N.S. 788, King Jagat Prakash Malla established his own image along with his minister Chandrashekhar in the temple while having a grand worshipping.
Later on, King Bhupatindra Malla modified it into a triple roofed temple at around N.S. 837-38 (1718 AD) and added the seven golden pinnacles in it. (Renovation of Bhairavanath temple, Bhaktapur Municipality)
The reconstruction took time after the engineering of the Nyatapola temple.
Know more about the Malla kings of Bhaktapur.
By worse luck, the devasting earthquake of 1934AD collapsed it.  And optimistically reassembled in the same structure. The ruinous earthquake of April 2015 again, made this temple renovated. It also destroyed the tiny way, passing through the betal temple. That ultimately leads toward the interior part of the Bhairavanath temple.
The anecdote about Bhairavanath
With a renovative history, this temple also owns an interesting anecdote, passed orally by our ancestors. According to this, the lord bhairava of Varanasi once visited Bhaktapur to see bisket jatra.
Bisket jatra is one of the biggest jatras of the newar people. During the festival, the lord Bhairava somehow was recognized by a priest and he just cast a decoy spell on him. 
As a quick reaction, he started to sink into the terra firma to go back to Varanasi. But the priest didn’t let him go. As if, he grabs the head of Bhairava in his hand and decollates him with his sword. That’s why people say that the head doesn’t match the body of Kasi Vishwanath. It is also believed that the head is still treasured in a box of this temple."
6209,Pilot Baba Aashram,,27.63997386,85.42272348,0.0,, Religious Site,"Pilot Baba is the name of a sage who quit his job as a pilot, after seeing the effects of war and human conflict, to find true peace. Whereas an ashram is a sanctuary or holy place, and the ashram of Pilot Baba is set on a beautiful hill exploding with extensive views of the Kathmandu Valley. The hike is moderately easy, as you ll gain an approximate 650 m."
6210,Pottery Square ,,27.66946431,85.42775866,0.0,, Tourist Attraction,"At the Potter s Square, or Kumale Tol, we find potters giving shape and size to lumps of clay.   They make earthenware ranging from such household goods as pots, jars, stovepipes and disposable yogurt pots to cheap souvenirs such as animals and birds. As pottery in Bhaktapur is a family job, we can see entire families contributing to the work.  Because this square caters to tourists, the potters have the incentive to continue to work with traditional methods, using hand-powered wheels or forming clay by hand."
6211,Yakshyeshwor temple,,27.671761,85.428464,0.0,,Heritage Site,"The Yakshyeshwor temple or the Pashupatinath temple of Bhaktapur is one of the best contributions of the Malla dynasties. The temple still stands in between us, right behind the Vatsala Durga temple within the courtyard of Bhaktapur Durbar Square.
However, the temple today is praised as one of the oldest temples of Bhaktapur. The shreds of evidence say that it dates back to 1475AD. That means it was contributed to the hand of King Yakshya Malla.
Yes, the king Yakshya Malla, who ruled over  Bhaktapur from 1428 to 1482 A.D. He also made Bhaktapur a strong fort and expanded its territory.
More about the Malla kings of Bhaktapur.
Besides, this two-storeyed temple seems like one of the most beautiful examples of pagoda tradition, not only in Bhaktapur but also in the whole of Nepal. The temple is utterly filled with the then’s woodcarvings and its beauty.
All of the twenty-four wooden struts of the temple have different images of shiva and shakti. Even the doors have mythical characters, telling us untold stories. You can have a gander at those perfect carvings but their postures are a kind of erogenous.
Those postures are based on the traditional erotic text Kamasutra.
You can easily recognize this temple. Cause it looks completely different from the Vatsala Durga temple which stands behind it. Moreover, people recognize this temple as the Pashupatinath temple too.  And, that’s because it has a phallus established in the temple which looks like as in the original Pashupatinath temple of gaushala, Kathmandu."
6212,Dattatraya temple,,27.673737,85.435326,0.0,,Heritage Site,"Dattatraya temple is a circular styled (mandala-styled) temple that holds the prestige of being the only shrine, devoted to Dattatreya in Nepal. Though there is no such image of Dattatraya in the temple as normally, common people perceive (the image of Datttraya with three heads in one body- a combined form of Lord Shiva, Vishnu, and Bramha). 
OUTLINES OF CONTENTS
History of Dattatraya temple
More about Dattatraya Temple
The erotic carvings
The statues of Jaimal and Pratap
The story behind stone pillars
The temple is made out of one single tree
Instead, there lies the three images of Lord Dattatraya- Som, Durbasha, and Dutt accordingly on the left, middle, and right of the temple. 
This is the temple of Dattatreya yet, the symbols like garuda, conch, and chakra in front of the standing pillars of the temple show the priority of Lord Vishnu over there. In spite of that, the festivals and celebrations related to Lord Shiva seem to attract more devotees over here.
Every year, a large number of devotees from nearby districts Kathmandu, Lalitpur, and Kavre throng to Dattatreya temple for the worship of Lord Shiva every Monday in the month of Shrawan and every Wednesday in the month of Poush.
Likewise, during Teej and Sila Charhe (Maha Shiva Ratri), devotees from across the nation (especially from India) pay their devotion to Dattatraya prior to and after visiting Pasupatinath Temple.
Dattatraya temple
History of Dattatraya temple
The Dattatraya temple is also considered one of the major as well as oldest temples of Bhaktapur.
King Yaksha Malla, who ruled over the entire Nepalmandal from 1428 A.D. to 1482 A.D. is supposed to be the erector of this temple. As per the book, Illustrated Biography of Lord Duttatreya And His 24 Mentors, this temple was built in Nepal Sambat 590 (1470 A.D.) and was only single-storeyed then.
However, it is mentioned that the temple was opened to the public onward 1486 A.D, only after the demise of King Yakshya Malla, of course, before the reconstruction made by King Raya Malla (the son of King Yakshya Malla). He made it more attractive by adding stories to it in Nepal Sambat 615 (1495 A.D).
Wanna know more about the contributions of Malla Kings? Then the following link must be of your interest.
Malla Kings of Bhaktapur
Furthermore, the name of King Visva Malla also took its place when we talk about the overhanging balcony of the temple that was set up by him in 1548 AD.
Besides these dates of erections, there are other dates that enrol the history related to the Dattatraya temple. It is presumed that in 1769 A.D. when King Prithivi Narayan Shah conquered both Kathamndu and Patan before Bhaktapur, the king of those kingdoms, King Jaya Prakash Malla and Narsimha Malla respectively took shelter in this temple.
However, there is no documentation found about this statement that particularly mentions whether they hide in the Dattatraya temple or in the Bhaktapur Palace Complex. But, yes, they were given shelter in Bhaktapur.
More about Dattatraya Temple
Graphically, this temple stands in the eastern part of the Dattatreya square, commonly known as the Tachupal Tole where one can witness the liveliness of the devotees, the street markets, and youths with a cup of tea discussing various things, in the evening. Where also the devotees set their seats under the pedestals of the temple and make the environment so divine.
The erotic carvings
Well, this temple is not only counted as important because of its religious status but also because of the reflections of the ancient arts and architecture. Anyhow, that is knocked up in erotic ways. The first floor of the temple is filled with these kinds of carvings just like in the Pasupatinath temple of Bhaktapur Durbar Square.
erotic carving at Dattatraya temple
If you could notice there is even an image of a man holding some guitar-like instruments among the carvings.
How could anyone explain these kinds of carvings? Could it be just the imagination or there was such a civil society back there in Nepal?
Just like that, there are numerous things to ponder around Dattatraya Square.
The statues of Jaimal and Pratap
You can also see the statues of Jaimal and Pratap (Pattu) in front of the main entrance of this temple guarding as in the Nyatapola temple. They might represent the Rao Jaimal of Rathore, ruler of Badnor, and Patta of Kelwa, 16 years old defenders of the Chittor since they are always mentioned together for their bravery.
A statue established in front of the Dattaraya temple
One statue established in front of the Dattatraya temple
The story behind stone pillars
In front of the Dattatraya temple, one can observe a tall pillar upon which an idol of Garuda (vehicle of Lord Vishnu) is bidding Namaste toward the temple. Visitors who are quite unfamiliar with the Hindu religion might wonder what’s so special about this statue.
Well, it is quite rare to discern this tall pillar of an idol of Garuda in entire Nepal. Also, the facial structure of the statue seems quite unique as it was first considered to have been placed with a motive to set the statue of monk Dev Narayana Giri.
Garuda Dattatraya
But, the monograph did not let that happen, saying that the mortal should not be put higher than the God thus, it ended in a form of Garuda instead of the statue of the mentioned monk. The statue is fairly called the statue of Mahant (the monk) more than of a garuda.
The temple is made out of one single tree
There is a popular anecdote about the Dattatraya temple that says the whole temple f Dattatraya was built with the timbers of a single tree-like as in the darn of Kasthamandapa."
6213,Aakash Bhairab Mandir,,27.67348059,85.3277758,0.0,, Religious Site,"The temple of Akash Bhairav is supposed to have been a palace of the king of Nepal, Kiranti King Yalambar around 3100 3500 years back. The surrounding of Akash Bhairav is known as Yen to symbolize Ne of Nepal. Ne means Midland in Kiranti language. The head of the Aakash Bhairav was dug up several hundred years ago in Kathmandu. It is taken out once a year on the occasion of Yenya Festival and blessed by the Kumari, the living goddess who lives in the nearby Basantapur. This ceremony is held in the month of August/September. During the ceremony, large number of worshippers come to visit this temple. They offer Peda (sweets made from milk), flowers, money and several others things. We could have witnessed the late dynasty exchanging the swords with that of Akash Bhairav, most recently by the previous king Gyanendra of Nepal and late King Birendra of Nepal before him. In reality, they had made the offering and shown deep respect towards the historic icon."
6214,Siddhi Laxmi temple,,27.6721,85.4281,0.0,,Heritage Site,"Siddhi Laxmi temple of Bhaktapur Durbar Square is also called Lohan Dega, the stone temple. It was first positioned by King Jagat Prakash Malla on the southeast side of 55 windowed palaces. The temple is as beautiful as the Vatsala Durga temple but undoubtedly has more guardians.
As per some folk talks, the very first pair of guardians of the temple is related to the then’s society and human behaviour. It simply shows what happens when a child is raised by a father or a mother. The difference is shown there, all you need to do is go and find it.
Statue at Siddhi Laxmi temple
The fifteen steps stair of this temple somehow is the most attractive wedge, particularly one perfect spot for photography as well. There is a total of five plinths in the temple, where each plinth has a pair of a guardian.
As already mentioned, the very first plinth has a couple with a child and a dog with them, depicting an exciting story. Then comes the horses, rhinos, human-faced creatures, and at last, the camels. And here comes the things to ponder. 
Statue of Camel at Siddhi Laxmi temple PC: OLYMPUS DIGITAL CAMERA
Aren’t they quite unusual pairs to establish on the plinths of a temple? Besides, why camels and rhinos? They are not even found in Bhaktapur and possibly not found even in the nearby places of Bhaktapur.
Well, whatever might be the story behind it, they are now placed respectively from bottom to top. Besides these stunning stone carvings, this venerable temple set out a platform to enjoy the breathtaking festivals of Bhaktapur like Gai Jatra."
6215,The most fascinating Statue of King Bhupatindra Malla,,27.672017,85.42841,0.0,,Heritage Site,"The statue of King Bhupatindra Malla is one of the finest examples of metallic artworks, available in Bhaktapur. However, you have to go to the Taleju Bell (Tagou Ghan) to have a close-up sight and study the details of the statue.
The artwork on that representation of King Bhupatindra Malla is simply outstanding. This golden masterpiece is staged right opposite the golden gate, facing toward the north direction at Bhaktapur Durbar Square. 
You might also notice that this statue is quite different from most of the other king’s statues. Normally, the king’s statues portray their bravery. But, this statue, here shows the devotion of a king toward their worshipped deity.
Moreover, the figure of the king is posed in crossed leg posture, above the seats of snake (Naagaashan), lotus (Padmaashan), and lions on four corners (Simhaashan) of the pillar. The joined hands and a bowing head of the king is a rare scene to depict which you could encounter over there.
The statue of King Bhupatindra Malla has a bullet wound in the leg from the battle of Bhaktapur (November 10-12, 1769 A.D.).
So, don’t miss out on a chance to allocate it while you are in this ancient burg, Bhaktapur."
6216,Guhyeshwari Shaktipeeth Temple,,27.7113193,85.35339324,0.0,, Religious Site,"Guhyeshwari Temple is one of the revered holy temples. It lies about 1 km east of Pasupanath and is located near the banks of the Bagmati River in Kathmandu, Nepal. This temple is dedicated to Guhyeshwari. The goddess is also called Guhyekali. It is an important pilgrimage destination for general Hindu and especially for Tantric worshipers.The temple name originates from the Sanskrit words Guhya (Secret) and Ishwari (Goddess). In Lalitha Sahasranama the 707th name of Goddess is mentioned as  Guhyarupini  meaning The form of Goddess is beyond human perception and it is a secret. Another argument is that it is the secret 16th syllable of the Shodashi Mantra. Guhyeshwari is a Shakthi Peetha and is the place where Devi Sati s knees is believed to have fallen. Here Devi is worshipped as Mahamaya or Mahashira and Lord Shiva as Kapali.

The temple is also mentioned in the sacred texts of Kali tantra, Chandi tantra, Shiva tantra Rahasya as one of the most important places for gaining the power of tantra. The Vishwaswarup of goddess Guheshwori shows her as a many and different color headed goddess with innumerable hands. The temple possesses divine female energy force and is considered as the most power full tantra peeth as it is built above seventeen cremation ground.

Guhyeshwari Temple seems to be quite fragile and this temple is designed in Bhutanese pagoda style of architecture. Though the exterior of the temple is quite simple and not very enticing, but the ambiance of the temple is well adorned with flower motifs and patterns.The temple was constructed during the reign of King Shanker Dev of the Lichhavi period with the help of Narasingha Thakur, a Tantric. The temple was later renovated by King Pratap Malla in 1654 AD with the advice of Lambakarna Bhatta, a noted Tantric. Tantric rites are performed at the temple. The temple architecture is built in Bhutanese Pagoda style. Several musical instruments used during prayers were presented by King Rana Bhadur. The idols in the temple are made of gold and silver."
6217,Naxal Bhagawati Temple,,27.71269506,85.32880912,0.0,, Religious Site,"Naxal Bhagwati or Simwahini Bhagwati temple in Bhagwati Bahal of Naxal in Kathmandu district. This temple is considered to be a Lichhavi temple. Inside the temple, there is a magnificent and attractive idol of the goddess with eight arms carved on a black smooth stone. According to the Devmala genealogy, when King Bikram Keshari ruled the kingdom from Navsagar Maharani in ancient times, Kaligadh, the incarnation of Vishwakarma, made an idol and offered it to the Maharani. It is also mentioned that King Shankardev made a statue and set it up in 664 BCE and put it in a pit and filled it with stones. In the time of Licchavi king Grihapati Manadev, a skilled artist first made a statue of Palanchok Bhagwati and installed it there. However, it is said that the same artist made his second octagonal idol of Bhagwati, i.e. Naxal Bhagwati, with his left hand. He then cut off the left finger of this skilled artist, but he did not allow his artistry to diminish. Even after that, there is a legend that the same artist made a statue of Shobhabhagwati with his toes no matter how daring he was in his art. Thus, the artist who built these three temples is the same. According to the red seal records of 1838 BS, it is believed to have been built before the 16th century. The temple was renovated during the reign of Shri 3 Juddhashamsher after it collapsed in the great earthquake of 1990 BS. A fair is held here on the day of Vampire Chaturdashi. Bhairavi, Tundal Devi and Naxal Bhagwati of Nuwakot are the three sisters. It is also one of the various Shakti Piths in Nepal. In this temple complex, there are Shiva's temple, Hanuman's temple, artistic stone stream, Shiva lidg, Budhanilkantha, small stupa, and various idols of gods on the walls. This temple is full of woodwork and other arts. In this temple, there is always a crowd of devotees, but on the great festival of Nepalis, Vijayadashami, this Naxal Bhagwati is very important and attracts a lot of devotees. This temple is highly regarded by Hindus."
6218,Siddha Pokhari,,27.6717958,85.4195775,0.0,,Heritage Site,"Siddha Pokhari, the biggest pond of Bhaktapur
Siddhapokhari is one of the busiest ponds of Bhaktapur. Mostly, teenagers and college students walk in and around this pond.
OUTLINES OF CONTENTS
Siddha Pokhari, the biggest pond of Bhaktapur
The reason behind calling it Indra Daha
Siddha Pokhari Direction / Location
Siddha Pokhari, a religious site?
Dating Spot of Kathmandu Valley
Siddhapokhari is also called ‘Ta Pukhu’ which literally means the bigger pond. The term Ta and Pukhu are the Newari words which mean big and pond respectively.
This waterhole has a length of 171 m, 73m of width, and 3m of depth. It’s an awesome place to go in and feel the utmost freshness.
  The reason behind calling it Indra Daha
The shreds of evidence say that this glorious, as well as chronicle man-made pond, was fabricated by King Indrajit. That is why it is also called Indra Daha. However, there is another quest too, regarding the name of this pond being called Indra Daha.
Every year, during the Yenya Punhi (Indra Jatra), the idol of Indrayani is brought over here and is left bare for a whole night. Likewise, that day the pond is decorated with oil lamps. It looks like there is no such place in Bhaktapur more beautiful than the Siddhapokhari during that night.
Siddhapokhari during Indra jatra
People used to take bathe in Siddhapokhari before worshipping the idol of Indrayani. Consequently, all of these rituals are related to the god of gods, Indra. It shows some sort of relation of Siddhapokhari to the name Indra Daha.
Well, being this much old pond, it still seems in very good condition.
  Siddha Pokhari Direction / Location
You can easily locate this place. It is right behind the Bhaktapur Hospital, Dudhpati. If you take the bus from Bagbazaar, then you would reach over there within an hour. The conductor of the bus would drop you off right in front of the Siddhapokhari if you ask them to stop there. You can also find its direction with the help of nearby government offices like Juddha Barun Yantra and Bhaktapur District Veterinary.
Or, you could also follow up the map link shown on the right side of this page.
  Siddha Pokhari, a religious site?
Siddhapokhari indeed is a religious site. Most of the locals of Bhaktapur pay a visit over there to celebrate their Diwali or Dugu Puja. It is a ritual of worshipping the linage god of the clan a person belongs to. Thus, it is considered a highly important ritual and a place, profoundly pure.
Besides that, there are a lot of images of different gods and goddesses including Baraha, Buddha, Vishnu, Indra, Surya, and many more. Those images seem quite antiquated yet are still worshipped. As already mentioned, there is a great significance of Siddhapokhari during Indra Jatra too.
  Dating Spot of Kathmandu Valley
Nows days, it is popular as one of the best places for public dating spots inside Kathmandu valley. It is a public heritage site, no need to pay a fee to enter. Anyone can find enough refreshing open space inside Sidda Pokhari.  The couple can enjoy feeding fish ( buy food nearby store price range from Rs 50 to Rs100) and boating.
Siddha Pokhari is a well-maintained and clean place for love birds to enjoy a peaceful environment away from the crowded city.  Siddha Pokhari is the popular hangout spot to chill out and enjoy the sunset view inside Bhaktapur Municipality."
6219,Ugrachandi,,27.672312,85.427497,0.0,,Heritage Site,"The statue of Ugrachandi is one of the most beautiful sculptures, that you could find in Bhaktapur Durbar Square. The sculpture exudes a distinct vibe. Her facial expression when defeating a demon, the features of having pairs of hands with weapons in them, and the Karirihasta mudra is just remarkable.
Ugrachandi Bhagwati is known as the furious goddess in the area due to her characteristics. Even her name, Ugrachandi, signifies “the deity of great rage. Here, Ugra means “severe,” while Chandi refers to the angry female deity.
As we all know, King Bhupatindra Malla was a keen individual who enjoyed beautifying the Durbar area as well as building temples. According to legend, he proposed the statue of Ugrachandi Bhagwati in front of Basantapur Durbar in 1707, most likely after it had been renovated.
You can see this magnificent artwork on your left as you pass the tourist information office through the white concrete gate."
6220,Hyagrib Bhairab Mandir,,27.62938209,85.30208291,0.0,, Religious Site,"The temple of this deity is situated at Machhindra baha in Bungamati, Lalitpur. It is said to have been built by king Siddhi Narsingh Malla in the 16th century. This form is locally also known as Rundakunda. And the face of this deity can also be seen in the chariot of the Rato Machhindranth.
Hayagriva Bhairav: Hayagriva belongs to set of four Buddhist Bhairavas. Buddhist consider Bhairava as the protective and fierce deity who wears a scalp of a horse on his head and carries chains and fetters. The Buddhist idealism treats Bhairava as the ferocious horizon echoing with the vibration of Mind. In Tibet, Hayagriva is considered as the wrathful aspect of Avalokitesvara. In Hindu iconography Hayagriva is a horse-headed form of Lord Vishnu.
At the north-eastern corner of the Macchendra baha is the recently reconstructed Hayagriva Bhairava temple. The temple was destroyed in the 2005 AD earthquake. Though Hayagriva in Sanskrit means horse-necked deity, the image does not resonate any significance of it. Some historians believe that the temple was previously imageless, only a boulder was consecrated as a the sacred image.
A huge metallic image of Bhairava was placed in 1660 AD. This Bhairava is locally also known as Runda-kunda. An elaborate worshipping of the Bhairava of this temple takes place during the annual Manakamana Jatra."
6221,Sapta Patal Pokhari,,27.66646525,85.32307187,0.0,, Natural Landmark,"Sapta Patal Pokhari, located in Lalitpur district of Nepal, is a scenic and sacred site consisting of seven interconnected ponds, or ""pokharis,"" situated at the base of the Himalayas.apta Patal Pokhari is nestled in the hills of Lalitpur district, approximately 18 kilometers southwest of the Kathmandu Valley. 

The name ""Sapta Patal Pokhari"" translates to ""Seven Layered Ponds"" in English. According to local beliefs and Hindu mythology, these seven ponds are considered sacred and have religious significance. Devotees often visit the site for spiritual retreats, meditation, and religious rituals.In addition to its natural beauty and religious importance, Sapta Patal Pokhari holds cultural significance as a heritage site in Lalitpur district. It is a place where local traditions and customs are celebrated, and where visitors can experience the rich cultural heritage of the region."
6222,Golden gate,,27.672117,85.428415,0.0,,Heritage Site,"The golden and alluring attire, more worthwhile to see in Bhaktapur durbar square is the golden gate. Although this masterwork is erected near 55 Windowed Palace. It kindly can grab the attention of visitors.
Summerily, the rearmost Malla king of Bhaktapur, King Ranjit Malla is responsible for the erection of this epic masterpiece. This also leads to the fact this was the last contribution of Malla’s reign to the heritage of Bhaktapur.
The paragon dated back to 1757 AD, which artistically shows how different symbols, representations of deities, animals as well as ancient styles of architecture could perfectly be blended into one whittle.
However, Just standing in and taking a glimpse of this golden attire made you think about the ancient crafting skills and imaginations.
Golden gate
Alternately, local people allied this door as Swarnadwar (golden gate in Nepali). Also, the paladhvaka (gate of gatekeeper) and nepaladhvaka (gate of Nepal).
The gate was a purpose to dedicate to the Taleju Bhawani temple. The temple is placed inside the historical palace of Bhaktapur. Appreancely, artists then made this gate in pagoda roofing style. The concoction of bricks, mud mortar, stone, wood, and gold gilded copper gave shape to this gate. It is more like a complete package.
Flawlessly, made by mixing all the arts and the adulate of newa architecture.
However, describing the details of the gate is possibly not possible. You must go and see the facet of the door by yourself. You surely experience its resplendent beauty once you start studying it."
6223,55 window palace,,27.672364,85.428281,0.0,,Heritage Site,"Right behind a golden masterpiece, the golden gate, you can find another majestic masterpiece. Of course within the durbar square.  That master of the art is no other than 55 windowed palaces.
There, local persons also call these 55 windowed palaces, pachpannajhyale durbar. And in newari term nge nyapa jhya laaykoo. Consequently, this artistic fact holds back history from about 1427 AD. Before King Bhupatindra Malla remodelled it in the 17th century.
After succeeding originally constructed by king Yaksa Malla. Yes, this is also a fact. That it was just a building then when king Yaksha Malla concreted it.
A brief history of 55 window palace
Later on, when King Bhupatindra Malla became the emperor of Bhaktapur in 1696, he started the reconstruction of this palace. But, it is said that it took a time of 58 years to complete.
The palace was finally set during the reign of King Ranjit Malla in 1754 AD.  King Ranjit Malla, the son of King Bhupatindra Malla also contributed a lot to this palace. Unbearably, the tear downing earthquake of 1934 AD demolished the palace.
Despite that, the palace was remodelled, using the same windows and struts. But it was not in its usual shape. The palace once was also operated as the post office in Bhaktapur.
55 windowed palace as Bhaktapur city post office.
What’s inside the 55 window palace?
Meanwhile, one can observe the preeminent illustration of wood carvings of the Malla periods in this building. That somehow seems more attractive with black colouring. As you can observe, the first and second stories of the palace had a perfect reflection of wood carving.
The first story has doors alternating with small wood carved windows. And the second one is blessed with eleven deep carved windows in the front part. With a slanting torona over it.
You can notice the carvings of asta bhairava with his shakti. Also, the carved sculptures of Lord Ganesha and Lord Kumar in those toronas.
Besides, the walls of the first floor utter a lot about the then ruling environment. Images, that reflect the social as well as the royal lifestyles of Malla kings. That includes the wall painting of King Bhupatindra Malla himself and queen vishwo Laxmi.
Along with that, there are images of the vishwo rupa of lord bhairava with his shakti. The battleground of Ramayan. Drawings of different deities and many more. While the interior part of this palace is closed for so many years.
You may not able to see those paintings. But, roaming around this palace won’t be a waste. You still can explore wood carvings and ancient architecture."
6224,Agnishala,,27.67259121,85.32133179,0.0,, Religious Site,"Agnishala temple, a 4000 years old temple located at Patan in Kathmandu valley is famous for its religious importance in the Hindu religion. The temple is visited by the worshippers who want to set their anticipated misfortune arising from unfavorable Graha Dasha (Planetary Configuration). There are five kundas (Fire altars) inside the premises of the temple: Vishnu Kunda, Brahma Kunda, Shiva Kunda, Surya Kunda, and Savya Kunda. It is believed that a fire has been kept burning continuously (Eternal) for many years in the Vishnu kunda. Devotees perform hom (Religious ritual performed for happiness and well-being) in the holy fire of Vishnu kunda. The temple is considered as the most important shrines in Kathmandu Valley. During the festival of   Maghe Sankranti ( A festival to welcome spring), you can find a large number of crowd worshipping the Kundas and the holy fire. Buddha Jayani, the first of Kartik is considered as the anniversary date of the temple according to the holy priest. Hindu devotees from all around the world visit this temple at least once in their lifetime. We would recommend you to visit this religious temple if you are near the Kathmandu valley."
6225,Vatsala Durga Temple,,27.67196,85.428399,0.0,,Heritage Site,"Vatsala Durga temple is the white elegance of Bhaktapur Durbar Square. It looks more like the Krishna Mandir of Patan but it’s not the one. It is the temple of Tantric Shakti, Durga that is established in the form of Sri Yantra.
You can see a Kalash as the representation of Vatsala Durga in the temple which was possibly possible to observe only after the quake of April 2015. Before that, the temple used to be locked and people be like totally unknown about what actually is inside this temple?
As we still wonder about the sanctum deity of the Nyatapola.
The goddess once was used to be worshipped from that locked door but today, devotees could enter there and satisfyingly worship her.
It has nine pinnacles altogether. The small ones hold the temples with images of goddesses on the first floor, for instance. Thus, terming this Vatsala Durga temple, the temple of the temples would not be inappropriate. Similarly, the pair of lions and elephants in front of the entrance particularly shows the elegance of the temple.
You can feel the intense carvings by yourself, once you touch them.
Also, there is a big barking bell in front of the temple. The anecdote says that dogs start to bark and whine when it rings. It was established there by King Bhupatindra Malla in 1721 A.D. while he renovated it.
History says King Jagat Prakash Malla started the construction of the temple in 1672 AD. But, it was completed by King jitamitra Malla in 1674 AD. King Jitmitra Malla was the son of King Jagat Prakash Malla. So, this temple holds the contributions of two Malla kings at the same time.
Actually, we can count them on three. There comes a little contribution of King Bhupatindra Malla, after all, in the beautification of the temple.
You can check out the following link if you wanna know more about the Malla kings of Bhaktapur.
The Malla kings of Bhaktapur
By fair means, even after the devastating earthquake of 2015, it is giving pose to the coming generation with the same ethnic speciality but in fresh wear."
6226,Uperdangadi Chitwan,,27.86272257,84.62182308,0.0,, Natural Landmark,"Uperdangadi was Chitwan district's old headquarter. Uperdangadi a historical
place located in Ichchhakamana Rural Municipality , ward no.7 in Mahabharat
Parbhat range is at 1275 metres height from the sea level. This historical place
was built by the Sen king for military accommodation during medieval period.
Later on Prithvi Narayan Shah's grandson, Bahadur Shah's son, Satrubhanjan Shah
reconstructed Uperdangadi. Uperdangadi covers 639 square metres area and
there are royal palace, historical court, remainings of police and military
accomodation, Cannon at the four walls, Lord Shiva and Kalika temple at the
south, Lord Ganesh idol at the north and Bajrayogini and Balkumari temple inside
gadi. Uperdangadi is constructed from stones and limestones. We can view
Chitwan national park, Narayani river and rapti river from Uperdangadi. We can
even see tourist birds in this region ."
6227,Machchhindranath Ko Aama,,27.67108837,85.3244351,0.0,, Religious Site,"Machchhindranath ko Aama, also known as Yogambar, is a unique shrine near the bustling Lagankhel bus stop. Encircled by a white wall, it s easy to find, and holds deep significance for Buddhists who honor the temple's Mandap as ""Yogambar.""

While historical records are scarce, the shrine is tied to King Narendra Dev and houses a statue of Nag Raj. It's a focal point for local Tantric practices, where many esoteric rituals unfold. Known as a  Yoni  temple in Tantric tradition, it shelters around twelve gods and goddesses. A special goddess, plastered within the wall, is worshipped as Yogambar, and directly opposite, a shrine represents ""Machchhindranath ko Aama.""

Folklore and myths surround the temple s origins. One story tells of Rato Machchhindranath s mother weeping as her son was taken to Nepal Mandap or Kathmandu. The caretakers of Hiranyabarna Mahabihar comforted her, promising that Machchhindranath s journey was for the greater good of Nepal Mandap. In memory of this tale of maternal care and the deity s journey, these deities are revered. The Rato Machchhindranath Jatra is one of the festivals that celebrates their enduring legacy and devotion.

Written/Compiled by: Apekshya Khanal 

References: 
Book published by Lalitpur Ward No. 12"
6228,Doleshwar Mahadev Temple,,27.63886631,85.43840887,0.0,, Religious Site,"The Doleshwar temple is constructed in pagoda style. The temple is also known as Bimaleshwor and Sipare Mahadev and other names as per the local tongue and tradition. Inside the temple, there is a huge plain Shiva Linga (phallus). There are taps, a big idol of bull, a tall Trishul and other artifacts around with some constructions still underway.

Visiting this Shiva temple and offering milk and bel leaves to Lord Shiva is an important ritual for the Hindus or Lord Shiva devotees. The place which was unknown for thousands of years can be now called as a hidden gem. With the grace of Lord Shiva, it is an immense opportunity for the devotees to visit this sacred site and be blessed for the life time.

When you plan to visit Doleshwar, you can also visit other Shiva shrines like Ashapuri Mahadev Temple and Sanga, which are only few kilometers away. Sanga consists of Kailashnath Mahadev which is the world s tallest statue to Lord Shiva, standing 44 meters tall on a high hill. It can be an ideal day trip to visit all these shrines on a single day which can provide you an inner peace and evoke faith on god.

Doleshwar Mahadev is a temple of glory to all Hindu devotees around the world, and one must visit here to gain the ultimate religious experience, as some claim, the great opportunity to worship both the body and the head part of Lord Shiva is obtained only by the virtue acquired from multiple births."
6229,Jai Manohar Mahabihar,,27.67077994,85.33022331,0.0,, Archaeological Site,"Jai Manohar Mahabihar is renowned for its striking pagoda-style architecture and intricate woodcarvings, typical of traditional Newari craftsmanship. The monastery is dedicated to Manjushree, a bodhisattva associated with wisdom in Buddhism. It holds religious and cultural importance for Buddhists in the Kathmandu Valley and beyond.

Visitors to Jai Manohar Mahabihar can explore its courtyards, prayer halls, and shrines, experiencing the serene ambiance and admiring the intricate details of the architecture. The monastery also hosts various religious ceremonies and festivals throughout the year, attracting both local devotees and tourists interested in Buddhist culture and spirituality."
6230,Mani Mandap Mahabihar,,27.6745955,85.32416219,0.0,, Archaeological Site,"The Mani Mandap Mahabihar, also known as Mani mandap Mahabihar, is a historic Buddhist monastery located in Lalitpur, Nepal. This ancient structure holds significant religious and cultural importance and is considered one of the most important sites of Buddhist heritage in the region.

Built in the 17th century during the Malla period, the Mani Mandap Mahabihar is renowned for its exquisite Newari architecture and intricate woodcarvings. The monastery follows the traditional pagoda-style architecture typical of the Kathmandu Valley, with multiple tiers, intricately carved eaves, and ornate embellishments."
6231,Bikram Baba Temple,,27.550694,84.33859689,0.0,, Religious Site,"Originally revered solely by the Tharu community, the Bikram Baba Temple has evolved into a prominent pilgrimage site for devotees of various faiths. Located by the Rapti River near Jagatpur, this revered temple is known for fulfilling the desires of childless couples. 

Approximately 10-15 years ago, a local discovered a stone resembling Bikram Baba at the base of a tree. In Hindu mythology, Bikram Baba symbolizes a brave guardian. Since then, the site has attracted people from other backgrounds seeking to fulfill their wishes. Access to this sacred place is limited to a specific festival, celebrated over 10-15 days, drawing visitors from across Nepal for worship."
6232,Lumbini Museum,,27.48916627,83.27722197,0.0,, Art Gallery,"Located at the entrance of the Sacred Garden Area of Lumbini, the Birthplace of the Historical Buddha and a UNESCO World Heritage Property, the Lumbini Museum will be a true gem when it launches in early 2022. As the world s only contemporary museum of the Buddha and his Birthplace, the Museum will be the anchor that sets the stage and enhances a visitor s experience of Nepal s most sacred site. What happened here, some 2,600 years ago, shifted the consciousness of millions, and continues to resound with a universal clarity that impacts people in the most fundamental aspects of their life."
6233,Tal Barahi Temple,,28.20746227,83.95354668,0.0,, Religious Site,"The temple of Tal Barahi or Tal Barahi is located in Kaski district and is known popularly as the lake temple. Dedicated to goddess Durga, this temple stands alone in a small island in a section of Phewa Lake. While there are many stories associated with the temple, the most popular one among the people are that king Kulmandan Shah who was the first king of Kaski had a dream in which he saw the temple above the lake and the goddess asking him to construct it. He followed the instructions and build the temple.Tal Barahi Temple is a
small 2 story pagoda-
style temple devoted to the deity Tal Barahi.This Hindu temple in
nepal dedicated to Ajima in the boar manifestation, represation of the force of Shakti. Shakti is the Hindu mother goddess who is the origin of the univese creativity
and power. Shakti as a feminine power assumens several roles. In the form of Durga, Shakti protects the gogs from demons. Durga takes on the manifestation of Ajima in the form of a boar called
Barahi to pirece her evil enemies with her pointed tusks. Barahi is pictureds with the face of boar with a cup in one hand and
fish in other hand. As such, Barahi Temple is a very important center of worship for the Hindu devotees. Tourists are likely to see worshipers making their way to the temple on saturdays carrying
way to the temple on saturdays carrying animals fir sacrifice.The original structure of the temple is made of stone and has a thadched roof. The dramatic beauty of its location it self
attracts everyone. As the Temple is on a small island in fewa lake, the only way to visit it is by boat. tal barahi is one of the most famous pilgrimage sites in Nepal and countless Hindus come to worship the deity.The legend, has it that many years ago a deity named Barahi came here to see the local People here but later decided to live here permanently.The temple located in the heart the Pokhara
valley at lakeside and is easy to get to from any part of Pokhara. Talbarahi temple sits
on a small mound surrounded by the crystal-clear waters of fewa Lake. The only way of getting to the temple is by boat. Phewa Lake is the second biggest in
Nepal. It size measures in at 4 km by 1.5 km. The lake itself is a major attraction drawing those who enjoy water sports, families and those who simply love absorbing the beautiful scenery. The warm
waters are inviting and ideal for a trip on a little wooden boat, which can be rented along the shoreline. Along the Lakeside section of Phewa, visitors can explore the
various souvenir stores, bookshops and restaurants. Simply hop aboard a boat and
float out to the island in the center, to discover even more treasures."
6237,Ashok Stupa Ibahi,,27.67707589,85.32768795,0.0,, Archaeological Site,This Stupa is comparatively more complex and smaller than the other three Stupas. This is similar to the structure of Svayambhu Mahacaitya in Kathmandu. It is nearly circular and has a perimeter of 60.62 meters. It has five Buddha in the Vedika with their consorts except the Tathagata Vairocana. It has a Vedika of 1.5 meters and a dome of 5.5 meters in height. A square Harmika is constructed over the dome with 13 steps Cakravali and a parasol.
6238,Bhai Dega ,,27.67313196,85.32454809,0.0,, Religious Site,"Bhai Dega Temple, also known as Bhairabsthan or Bhai Dega Bahi, is a historic Hindu temple located in Lalitpur, Nepal. Situated in the heart of the city, this ancient temple holds significant religious and cultural importance for the local community.

The temple is dedicated to Lord Bhairab, a fierce manifestation of Lord Shiva, who is worshipped as the god of destruction and transformation in Hindu mythology. Lord Bhairab is often depicted with a fearsome appearance, adorned with skulls and wearing a garland of snakes."
6239,Bhat Bhateni Temple,,27.7195635,85.33104708,0.0,, Religious Site,"Kathmandu Municipility ward no. 5 Bhatbhateni temple located near Tangal road. It is an ancient pagoda style temple. Inside the temple are yellow goddess Bhateni and red goddess Bhat. This temple is also called Nepal Devi. There is a belief that worshiping this temple will cure the diseases of children, ghosts, vampires etc. There are various other deities in this temple complex. This temple is very crowded with devotees on Saturdays and Tuesdays."
6240,Bishwonath Mandir,,27.67363792,85.32508621,0.0,, Religious Site,"Bishwonath Temple, also known as Vishwanath Temple, is a revered Hindu temple located in Lalitpur, Nepal. Lalitpur, also known as Patan, is one of the three ancient cities in the Kathmandu Valley, renowned for its rich cultural heritage and historical significance. Bishwonath Temple holds a prominent place among the numerous temples and monuments that dot the landscape of Lalitpur.

The temple is dedicated to Lord Shiva, one of the principal deities in Hinduism, who is worshipped as Bishwonath, the ""Lord of the Universe."" It is believed to have been built during the reign of King Siddhi Narsingh Malla in the 17th century, although the exact date of its construction is not precisely known.

The main sanctum of the temple houses a sacred Shiva Lingam, a symbolic representation of Lord Shiva, which is worshipped by devotees who visit the temple seeking blessings, protection, and spiritual fulfillment. The temple complex also includes smaller shrines dedicated to various Hindu deities, along with pavilions and courtyards where religious rituals and ceremonies take place."
6242,Purnachandi Mandir,,27.67369127,85.32023007,0.0,, Religious Site,"Purnachandi Temple is located about 500 meters west of Patan's (Lalitpur's) Darbar Square. It is a tall, three-story pagoda standing at the south end of a small tear-drop shaped pond. While the temple was consecrated in 1635 during the reign of Siddhi Narasimha Malla (r. 1620-61), the present structure dates from the last quarter of the 17th century after the original monument was destroyed by fire."
6243,Krishna Mandir,,27.67356462,85.32495311,0.0,, Religious Site,"The Krishna temple on the west side of Patan's Darbar square was completed in 1637. Legend says that it was inspired by a dream. One night, King Siddhi Narasingh Malla (r. 1620-61) dreamt that the gods Krishna and Radha were standing in front of the palace. The King ordered a temple built on the same location. During a war with a neighboring kingdom a decade later, the King emerged victorious after calling on Krishna to vanquish his enemies. In gratitude, the King built a replica of the temple inside the Sundari Chauk courtyard.

The Krishna temple is built in the sikhara style common to north India and Bengal, a design technique found in monuments as far afield as Bagan, Myanmar. Beneath its 21 golden pinnacles are three floors. The first floor enshrines Krishna, the second Shiva (in the form of a linga), and the third Lokeshwor. Except for the ground floor, a series of chhatri pavilions frame the inner ambulatories; eight each are located at the corners and cardinal directions of the second and third levels, while the fourth level includes four ornamental chattri built directly into each face of the sikhara. On the ground floor, the inner walls of the wraparound gallery are divided into five bays on each side, with a door located at the center of each facade. The remaining bays feature scenes from the Ramayana and Mahabharata narrated in Newari script.

Krishna is believed to be an earthly incarnation of Vishnu; hence, images of Vishnu and his mount, Garuda, are found throughout the temple. Four full-size statues of Vishnu upon Garuda surround the base of the sikhara, while bas-reliefs of the same theme are located on the ground floor cornices. Depictions of the 10 avatars of Vishnu are also set on the outside face of the ground-level gallery. A freestanding statue of gided Garuda, mounted upon a pole, is set in front of the temple. It was erected by Siddhi Narasingh Malla about ten years after construction of the temple."
6244,Gunalakshmi Mahabihar,,27.67551293,85.3267589,0.0,, Archaeological Site,Newar Buddhism is one of the branches of Buddhism. One of the major elements of this branch of Buddhism is Mahavihara (????????) or Baha or great monastery. These monasteries have served as centers of learning in Newar Buddhism. These monasteries generally are built as a courtyard surrounded by two storied buildings consisting of halls. Some of these monasteries have been founded as early as fifth to twelfth century  Many of these mahaviharas are listed as historical monuments of Nepal.The following is a list of these mahaviharas.
6245,Pimbahal Pokhari,,27.67601777,85.32091135,0.0,, Natural Landmark,"Pimbahal Pokhari is a historic pond located in the Lalitpur district of Nepal, near the ancient town of Patan.Pimbahal Pokhari is situated in the Pimbahal area of Lalitpur, which is part of the Kathmandu Valley. It lies in close proximity to the famous Patan Durbar Square, a UNESCO World Heritage Site known for its rich cultural and architectural heritage.

Pimbahal Pokhari is believed to have been built during the medieval period, making it a significant historical site in the region. The pond served as a water source for the local community and played a vital role in the daily lives of the people living in the area.

The pond is surrounded by traditional Newari architecture, including old buildings, temples, and residential houses. The area around Pimbahal Pokhari reflects the traditional urban layout of the Kathmandu Valley, with narrow alleys, courtyards, and brick-paved streets."
6247,Bhringeshwor Mahadev Mandir,,27.63285124,85.31822009,0.0,, Religious Site,"Nepal's ancient Shivalinga in the sanctum sanctorum of the famous Bhringareshwar Mahadev temple at Sunakothi in Lalitpur district. The upper part of the Shivalinga, which is about 3 feet high and slightly sloping, is broken.

Behind the Shivalinga, i.e. from the main entrance, there are idols of various deities in a small khopa, while on the left side there are copper tridents and drums. While bathing the Shivalinga with the water of Gyan Kund, it was flowing from the left side. And there is also Om above. There is also a picture of Bhringareshwar temple in the upper part. A garland of rudraksha is hung on the left side and a garland of rudraksha is also placed on the top of the Shivalinga."
6248,Ashok Stupa Pulchowk,,27.67717158,85.31607432,0.0,, Archaeological Site,PUCHO THURA (WESTERN STUPA): The stupa is located on the busy Pulchowk intersection in the western end of Patan. The perimeter of this Stupa is 75.52 meters and it is 12 meters tall. It also has a Vedika of height 1.2 meters with one Tathagata in each direction. The dome is 6.5 meters tall is paved paved by firebrick. It does not have Harmika. The thirteen-ring Cakravalis are constructed directly over the dome in a square shaped pyramid structure. A Yasti caps the top.
6249,Kumarighar,,27.67378226,85.32173948,0.0,, Historical Ruins,"Kumari, Kumari Devi, or the Living Goddess is the tradition of worshipping a chosen virgin as manifestations of the divine female energy or Shakti in Dharmic Nepali religious traditions.

n Nepal, a Kumari is a prepubescent girl selected from the Shakya clan of the Nepalese Newari Buddhist community. The Kumari is also revered and worshiped by some of the country's Hindus. While there are several Kumaris throughout Nepal, with some cities having several, the best known is the Royal Kumari of Kathmandu, and she lives in the Kumari Ghar, a palace in the center of the city. The selection process for her is especially rigorous. As of 2023, the Royal Kumari of Kathmandu is Trishna Shakya, aged five, installed in September 2017. Unika Bajracharya, selected in April 2014 as the Kumari of Patan, is the second most important living goddess."
6250,Basuki Nag Mandir,,27.66592666,85.30693889,0.0,, Religious Site,"Basuki Nag Mandir is a Hindu temple.The Bashuki Nag Temple is dedicated to the serpent deity, Bashuki, an important figure in Hindu mythology. The history of this sacred space dates back to several centuries, revealing its importance in the religious landscape of Nepal. It is believed that the temple was constructed during the Licchavi period, which was known for its contributions to art and architecture from the 3rd to the 9th century AD.

Religious myths suggest that the temple marks the spot where the serpent deity Bashuki had its abode. In reverence, the inhabitants of Panauti have maintained and worshipped at the temple for generations, incorporating it into their unique blend of Hindu and Buddhist traditions."
6251,Chandeshwori Temple,,27.77748812,85.33955069,0.0,, Religious Site,"Chandeshwori temple located in the Tokha municipality of Kathmandu. It was built around the 13th century, making it one of the oldest temples in Nepal. The temple is dedicated to the Hindu Goddess Chandeshwori, who is believed to be a form of Parvati. The temple has a three-tiered pagoda style roof and is richly decorated with carvings. It is said to be a must-see destination in Kathmandu, as it offers a chance to learn about the ancient heritage of the city. It is one of the best temple in Nepal which you must visit.

Worship Method:
According to Hinduism, Chandeshwori Temple is a famous temple dedicated to the goddess Chandeshwari. The temple is located in Tokha, Kathmandu in Nepal. The worship method practiced at the temple includes traditional rituals and offerings. Devotees offer flowers, incense, and other gifts to the goddess, pray for blessings, and circumambulate the temple. They perform Pancha Shanti and Pancha Kanya peace and meditation practices. Devotees also offer Prasad (holy food) and water, which symbolizes the goddess and her power. Pujas and havans are conducted by the temple priests to invoke the goddess  blessings. There are numerous other rituals practiced at the temple such as worshipping the nine planets, singing devotional songs, and chanting hymns. This most visited temple in Nepal

Facts:
1. The Chandeshwori Temple is situated in Tokha, Kathmandu, Nepal.
2. The Temple was constructed in 1602 CE and is dedicated to goddess Chandeshwori. 
3. It is one of the four major manifestations of Goddess Durga and is believed to have been the site of the battle between Lord Shiva and the demon king Durgam. 
4. Chandeshwori Temple is the first of its kind in Nepal due to its intricately carved ceramic exterior and ornate sculptures. 
5. The famous Annual Chandeshwori Festival is held here every year in May to commemorate the victory of Goddess Durga over demon king Durgam and to receive blessings from the goddess. 
6. Many believers visit the Temple to receive blessings and to carry out rituals to fulfil their desires. 
7. The Chandeshwori Temple is a unique architectural marvel and is known for its ornate stone carvings and statues depicting goddess Durga and Lord Shiva. Here are some facts about the Nepal temple.These facts will help you understand why it is oldest temple list of the best temples in Nepal.

How to reach:
The Chandeshwori Temple of Tokha is located in the city of Kathmandu, which is the capital city of Nepal. The temple is located about 13.6 km from the city center. There are various ways to reach the temple. 
1) By Bus: From Kathmandu city centre, there are public buses going to Tokha. It takes about 40 minutes to reach Tokha. Once you reach there, Chandeshwori Temple is just 5 minutes walk away from the bus station. 
2) By Taxi: Taxis are the quickest way to reach Tokha. It takes about 30 minutes from Kathmandu city centre to reach the temple. 
3) By Car: You can also drive to the temple in your own car. It takes around 25 minutes from Kathmandu city centre. famous temples in Nepal."
6252,Phatak,,26.94168286,88.03523865,0.0,, Religious Site,"After traveling 10 km from Nayabazar and 2 km from Jaubari, you reach Phatak. It is one of the popular destinations for tourists to view the rural terrain along with dozens of snow ranges of Nepal and India. The road from Nepal to India and from India to Nepal connects this place on the border line between the two countries. From Phatak, one can enjoy the view of Kanchenjunga, Kumbhakarna, Manaslu, and other snow ranges.
After proceeding from Phatak inside Nepal, one reaches Tumling, Tanglu, and Meghma, the destinations of tourists from India to Europe. You have to hire a vehicle to reach here. Vehicles can be rented at any time in Nayabazar, the center of Maijogmai Rural Municipality. Since the road is unpaved, taking a private vehicle can be dangerous. Traveling by motorcycle is easier. Homestays are available for accommodation here."
6253,Mahalakshmi Sthan,,27.66364757,85.31814499,0.0,, Religious Site,"Mahalaxmisthan Temple located in Ward No. 5 in Thasikhel, Patan, Kathmandu District. The only way to reach the temple is on the right side of the road near Patan Hospital. The same road is right in front of the army barracks. The temple can also be reached via the Ringroad, by taking the turning at Mahalakshmisthan Chowk. This pagoda and artistic style temple looks very beautiful. This temple was built in 750 AD during the reign of King Siddhinar Singh Malla. From a classical point of view, Lakshmi is considered to be a little bigger and more important. According to the Puranas, they have a thousand hands. The brat style of this Mahalakshmi is different. During the daily worship of this temple, the door is closed and Gubhaju is performed. As this goddess is also considered as a Tantric goddess, there is a tradition of worshiping her according to the Tantric method. The practice of bringing worship from Gorkha Manakamana temple once in 12 years has been going on in this temple since the time of Ramshah. Inside the temple there are idols of Mahalakshmi and idols of various other small goddesses. There are also many small temples outside the temple. Mahalakshmi is very wide and green.

Author: Rajesh Dhungana"
6254,	Chapat Ganesh Mandir,,27.67131384,85.32896703,0.0,, Religious Site,"Chapat Ganesh Temple is Ganesh temple located at Chapat,Bagmati. Ganesh god is considered to possess the power of removing obstacles, curing diseases, helping in completing difficult tasks. He is worshiped  before doing any special tasks for success and easily coms over endeavors. Tuesday is the special day to visit the Chapat Ganesh temple and beside this it is saturday. People don t forget to bring god favourite offering like radish, ladoos and sesame seed balls."
6255,Rudrayani Mandir,,27.67241756,85.29707624,0.0,, Religious Site,"The famous Rudrayani Devi temple located in Khokna, Lalitpur district. This pagoda style temple is very attractive. This temple is located in Khokana Chowk. The origin of this temple was built by King Amar Malla. These goddesses have been established here according to the important message of this king in his dream to settle seven hundred houses in this khokana and establish Rudrayani Devi. Inside the temple, there are idols of 11 deities including Mahakali, Kali and Ganesh on the upper floor. There is also a temple of Shrikhand where garlic is not offered. There is a deity stone which is said to be the perfect stone of the goddess. It is considered as of Mahadev's Ardhangini. Local devotees worship this goddess as a family goddess. There is also a fair on the days of Ashwin Shukla Tritiya and Karthik Punirma and on this day a large crowd of devotees gathers here. On this occasion, 11 idols are worshiped outside. Traditional style dance is also shown in the procession here. This dance has been going on since the time of King Bishnu Malla. Even after being taken to Kathmandu for 12 years, dance is shown. Chickens and pigs are not sacrificed in this temple."
6256,Bouddha ,,27.72146891,85.36203498,0.0,, Religious Site,"Boudha Stupa, also known as Boudhanath, Khasti Chaitya and Khsa Chaitya, stands as an architectural wonder and a spiritual icon in the heart of Kathmandu, Nepal. Nestled approximately 11 kilometers to the northeast of the city center, this massive stupa boasts a mandala design that ranks it among the largest spherical stupas in Nepal and across the globe.The rich history of Boudha Stupa finds its roots in the deep layers of Nepalese and Tibetan traditions. Believed to enshrine the sacred relics of Kassapa Buddha, the stupa s importance transcends borders. It is strategically located on the ancient trade route from Tibet, where travelers would enter the Kathmandu Valley via the village of Sankhu in the northeast corner, then continue toward the smaller Chabahil Stupa, also known as  Little Boudhanath.  From there, it crosses the Bagmati River into Lalitpur, bypassing the main city of Kathmandu.One of the most iconic features of Boudha Stupa is the captivating Eyes of Buddha, which adorn its imposing structure. These eyes, painted on all four sides of the stupa, are often described as inscrutable, impassive, empathetic, and shrewd. They gaze out in the four cardinal directions, observing the world and conveying a profound sense of wisdom and compassion."
6257,Minnath Mandir,,27.66991623,85.32436671,0.0,, Religious Site,"The longest chariot festival of Nepal that presently has the city of Patan up in joy, the Rato Machhindranath Jatra needs no introduction. The 48-foot chariot is an instantly recognisable symbol of Lalitpur and its rich culture and attracts people from all over the country. But little is known about the smaller chariot of the god popularly known as Min nath which accompanies Machhindranath along its journey through the old routes of the city.

And this is rather baffling when you consider that the festival of Min nath is older, its cult has been worshipped in Patan for longer and it belongs to the same Lokeshwor deific group as Machhindranath (Padmapani Lokeshwor). Known by many names including Chakbaha Dyo in Nepal Bhasa and Jattadhari (dreadlocks) Lokeshwor in Sanskrit and Nepali, this god residing in Tangal is the one who welcomes his famous counterpart, called Bunga Dyo and Karunamaya too, into the city, leads the way from Pulchowk to Nuga: (Sundhara) and then follows closely behind for the remaining journey."
6258,Bangalamukhi Mandir,,27.67635804,85.32592608,0.0,, Religious Site,"Baglamukhi temple is situated in Patan, Lalitpur. It is one of the famous temples of Devi in Kathmandu valley. The temple is very important from the religious point of view. Inside the temple, you can find various other small temples. Most of the devotees especially visit this temple on Thursday as it is considered as the day of Goddess Bhagwati. According to the legend, it is believed that a demon named Bagala used to torture the people living in this place, people worshipped Goddess Baglamukhi for rescue. Then one day Goddess Baglamukhi came and Killed the demon. After that day people started worshipping Goddess Baglamukhi and established this temple in her name. We would recommend you visit this religious place and Patan durbar square which is located near this temple."
6259,Harishankar Mandir,,27.6730898,85.32493098,0.0,, Religious Site,"The temple is renowned for its unique architecture, featuring intricate stone carvings and exquisite craftsmanship that reflect the rich cultural heritage of Nepal. Its pagoda-style structure and ornate decorations makes it a prominent landmark in Lalitpur.

Devotees visit the Harishankar Temple to seek blessings from Lord Shiva, the presiding deity of the temple, and to offer prayers and rituals for prosperity and well-being. The temple also holds cultural and religious festivals throughout the year, drawing large crowds of devotees who come to participate in the celebrations"
6260,Uttare Pokhari (North Pond),,26.94814015,88.01953599,0.0,, Natural Landmark,"After a journey of 500 meters from Nayabazar, you reach the North Pond. Located in the middle of a dense forest, the North Pond is full of natural beauty. This pond is not only beautiful but also religiously significant. On the day of Bala Chaturdashi, the pond is crowded with devotees who sow seeds.
Domestic tourist traffic is increasing due to the construction of pathways around the pond. Consequently, the touristic importance of North Pond has increased. Although the pond is in the middle of the forest, you cannot see any leaves in the water. It is believed that if any leaf falls into the pond, birds will pick it up and remove it.
Due to the habitat of the endangered red panda and various birds in the forest around the pond, it has also become a research centre for ornithologists and wildlife experts. After a 15-minute walk from Nayabazar, you will reach North Pond. A trip to Maijogmai is not complete without viewing this pond. It is enjoyable to carry light food and water while visiting the pond."
6261,Sat Tale Waterfall,,26.94163025,88.03539924,0.0,, Natural Landmark,"In the river that flows between Ward No. 3 and 5 of Maijogmai Rural Municipality, there is a waterfall that falls from seven stories above. The waterfall is named Sat Tale Jharna as it falls continuously in seven distinct stages. Sat Tale Waterfall is another attractive tourist destination of Maijogmai. This internal tourism spot lies at the meeting point of Wards 3 and 5 of Maijogmai Rural Municipality. The waterfall, falling from a height of 42 meters, along with the surrounding natural beauty, delights visitors.
The physical development of the waterfall area, a centre of attraction for both domestic and foreign tourists, is being undertaken by the Rural Municipality. If the waterfall is promoted and publicized, it can become a major attraction for tourists from neighbouring countries, including India. Visitors are fascinated not only by the sound of the waterfall but also by the chirping of various bird species in the middle of the forest. Tourists who come here often bathe in the waterfall and take photos.
To reach the waterfall area, you have to travel 6 kilometres from the centre of Maijogmai Rural Municipality, Nayabazar. Vehicles can be used to reach here only during winter. Since there are homestays at Dewan Chowk near the waterfall, it is convenient for visitors to stay."
6262,Tareveer,,26.94361545,88.03590517,0.0,, Tourist Attraction,"Tareveer, a religious and touristic place located in Maijogmai Rural Municipality-1, is relatively unknown. The head of the big cliff is the place of the powerful goddess. Sacrifices were offered to the goddess here. Nowadays, sacrifices have stopped. It is believed that lighting a lakh batti in Devithan will fulfil one's wishes. The number of devotees who come to visit Devithan is significant. Now a staircase has been built to go from the foot of the cliff to Devithan. After climbing about 500 stairs, you reach Devithan.
This lonely cliff, which is about 3 km west of Nayabazar, is an area with potential for tourism. Tareveer, which has a high cliff, is the habitat of the endangered vulture. Hundreds of vultures come here in one season of the year. From November to March-April, you can see vultures here. This place is considered suitable for bird studies.
In the Tareveer area in the middle of the dense forest, one can observe the habitat of wild animals and view many parts of Maijogmai Rural Municipality area."
6263,Mani Ganesh Mandir,,27.67392271,85.32543389,0.0,, Religious Site,"Ancient Mani Ganesh Temple in Patan Durbar area, a historic town in Lalitpur district. The temple is located near the Bhimsen Temple in the Durbar area and the historic Mangal Dhungedhara, i.e. on the side of the road. In the sanctum sanctorum of this pagoda style Mani Ganesh temple there is a very attractive idol of Mani Ganesha with 6 arms of red color. There are idols of Nanda, Bhindi and Laxminarayan and other deities around this Mani Ganesh temple. King Siddhinar Singh Malla is believed to have worshiped this gem of Ganesha before taking any new action. This temple was very dilapidated and was restored in the 17th century. This temple of Mani Ganesh is very artistic and attractive. Devotees of Lord Ganesha worship at this temple on Tuesdays, especially on Tuesdays, according to the Hindu religion. In Hinduism, Lord Ganesha is worshiped as the god of success, good fortune and good fortune. In Hinduism, other deities are worshiped only after worshiping Lord Ganesha first."
6264,kan Dewata Mandir,,27.68658482,85.31527838,0.0,, Religious Site,"Kaan Devasthan, also known as Kaan Mandir, is a revered Hindu temple located in Lalitpur, Nepal. This temple holds significant religious importance for devotees, particularly those who worship Lord Shiva.

The name ""Kaan Devasthan"" translates to ""Temple of the Ear"" in English. According to local legend, the temple derives its name from a mythological story where Lord Shiva, in the form of a mendicant, once visited the area. As he lay down to rest, he pressed his ear into the ground, leaving an impression that later became the site of the temple.

Kaan Devasthan is dedicated to Lord Shiva, one of the principal deities in Hinduism. The temple features a simple yet elegant architecture, typical of traditional Nepali temple design. It is adorned with intricate woodcarvings, religious motifs, and colorful decorations, reflecting the cultural heritage of the region."
6265,Yashodhara Mahabihar,,27.67435087,85.32131402,0.0,, Archaeological Site,"Ticketing: No tickets required

Directions: 2-3 minutes walk to the West from Patan Durbar Square, OR, 5 minute walk to the East 
from Lalitpur Municipality office. 

Parking: Motorbike parking available in the front of the premises; 4-wheeler parking is available in the nearby tourism office."
6266,Yognarendra Salik,,27.67325226,85.32504329,0.0,, Religious Site,"The 8-meter-tall stone pillar supports statues of King Yoganarendra Malla (r. 1685-1705) and his two wives. Similar pillars exist at the Darbar squares in Kathmandu and Bhaktapur. The king is depicted seated on a lotus, his hands folded in the a jali gesture. He is clad in elegant clothes, wears a Newar hat and carries a sword and a shield on his left side. A cobra (n?ga) rises protectively behind him, with a small bird perched atop the cobra s head. The queen on his left is also protected by a five-headed n?ga."
6267,Shree Krishna Pranami Mandir ,,27.71315512,85.37583595,0.0,, Religious Site,"Pranami Dharma propagates monotheism. i.e. belief in one Supreme Power, Namely Poorna Brahma Sacchidanand (Satchidanand)Parmatma. The informal foundation of Pranami Dharma was laid during the Braj and Raas Leela (Krishna Leela) in Dwapar,r approximately 5000 years ago in this ephemeral world. It considers Shri Krishna of Braj and Raas leela as an embodiment of Poornabrahm Parmatma or the Supreme Lord. It was founded by Nijanand Swami Acharya Shri Devchandra ji. Hence, the religion first started as Nijanand Sampradaya and later came to be known as Shri Krishna Pranami Dharma. Nijanand also means   Nij (Self) Anand (Bliss)- Bliss of the Self. Our scripture is Tartam Sagar which is also known as Swaroop Saheb, and is a Book of REVELATIONS. It was revealed through Mahamati Prannath approximately 350-400 years ago. Mahamati Prannath ji, was the disciple of Shri Devchandra ji and He is responsible for propagation of its philosophy across Indian Subcontinent. The philosophy helps in a clear demarcation of Self (atma/soul), Overself (par-atma), Supreme Self or Supreme Lord (Parmatma) in the ethereal world and of ego, mind and body in the ephemeral world and goes on to describe the relationship between them. It helps in understanding not only how but also why - the reason- the universe and world was created. Sundarsath (as the followers of Pranami Dharma are called) follow the path of love as is between a Lover and the Beloved. This is only possible if a person is able to rise above the bodily existence and can dwell on the level of spirit/soul while remaining in the ephemeral existence. The philosophy helps in making sense of the various deities, demi-Gods and Goddesses as are expressed in Philosophy of Sanatan Dharma. It expounds on the essence of various religious scriptures of the west and goes on to show that the diversity between them is unwanted. In essence all religions talk about the Same Lord Supreme, but are called by different names. It clearly answers the following questions   Who am I? Where am I from? What is my purpose of being in this world? Who is my origin? What is the relationship with my Origin? The Sundarsath greet each other using the word Pranam, meaning I bow to the spirit in you which is the embodiment of Supreme Lord, Sat-Chid-Anand meaning Truth-Consciousness-Bliss. Any one, who can love One Lord Supreme as a Beloved, is actually following the path of a Pranami, even though, one is not aware of one s relationship with the Lord Supreme. If one gains the knowledge one has with the Lord Supreme, the ease with which one can attain Him is unparalleled. The sundarsath follow a concept of an Asht-prahar (asht-eight//prahar-consists of 3hours) seva pooja (love permeated prayer) to keep a constant awareness of the nearness to and relationship with Lord Almighty around the clock."
6268,Changu Museum,,27.71644527,85.42918509,0.0,, Art Gallery,"Changunarayan is an ancient place,  said Baishnav Raj Shrestha, the Changu Museum s founder and curator.  People used to come here and ask me:  Aren t there more things to see?   So I decided if I can show them about the history, culture and religion of Nepal, they will be satisfied. So I thought about it, planned it and established it.  Shrestha, the mastermind behind the whole operation, has successfully created an engaging, awe-inspiring and culturally enriching museum that is absorbing for tourists and Nepalis alike. Foreign visitors will leave Changu Museum with a deeper respect for the heritage and traditions of the country and Nepalis will leave with a greater understanding and deference for their own roots.

The Changu Museum, which has been in operation for 11 years and is the only private museum in the country, not only preserves some of the most astounding and eccentric relics in Nepal, but also focuses on the history and origins of Changunarayan itself. Changunarayan, a short drive from Kathmandu, is nestled on a hilltop between Bhaktapur and Nagarkot. The main draw of the village is the temple located at the top of a long ascent of brick steps that cuts through the neat and orderly town, which is named as one of Nepal s seven UNESCO World Heritage Sites."
6269,Narayanhiti Palace,,27.7150734,85.31773511,0.0,, Historical Ruins,"Narayanhiti Palace Museum is established on the backdrop of the beginning of The Federal Democratic Republic of Nepal. Ten years of people s war and nineteen days of people s movement played decisive role for the major political shift in the country. In line with the political changes, Narayanhiti Royal Palace was converted into a public museum and was inaugurated by the then Prime Minister Girija Prasad Koirala on 15 June, 2008.After the marriage of Bir Shumsher s two daughters with King Prithvi Bir Bikram Shah, the royal residence of Shah Kings moved from Hanumandhoka to Narayanhiti. Since then, the successors of the Shah Kings continued to reside in the Narayanhiti palace. However, Narayanhiti palace was partially damaged during the great earthquake in 1934 killing two infant princesses, daughters of King Tribhuvan. Then, Tribhuvan Sadan was constructed as designed by a Nepali architect Surya Jung Thapa with new Portico and Grand Staircase. And it was in this building where the scene of 2001 Royal Massacre took place. Following the royal massacre the building was demolished.The present structure of the palace was designed by a foreign architect Benjamin Polk. The construction began in 1963 AD and was completed in 1969 AD.The entire palace complex covers an area of 383850 square meters. The palace buildings have occupied total area of 40,820 square feet. Narayanhiti Palace has 52 rooms called  baithak  and are named after the districts of Nepal. Likewise, the main entrances of this palace are named after the mountains of Nepal. The palace building includes reception hall, living rooms, private chamber of the royal family, rooms to house the visiting heads of state, dining halls, kitchen, among others. Among them, only 31 rooms are open for public viewing at present."
6270,Kali Mandir,,26.4573225,87.28014903,0.0,, Religious Site,"The most iconic venue of Biratnagar, it is also regarded as the guardian deity of the City. The Kalisthan or Kali Mandir was transferred or derived from the older Kali Mandir in Rangeli in around 1915 AD or 1972 BS when the headquarter of the earnest while Morang District was shifted from Rangeli to Biratnagar. This temple, along with the District Office and Land Revenue office were relocated into the newer Biratnagar city, thus encouraging locals to come and settle in the new city. The older temple is still situated in the city of Rangeli. The temple is the center place of worship during the Dashain festivals when people line up for hours infront of the temple during the 7th to 9th of the Dashain festival. There is an altar for sacrificing animals during the event.The temple was revamped into its current form in early 2000 and has since retained the traditional pagoda styled roof at the top and is cladded with marbles on its facades. There is a central temple, an altar, space for conducting prayers and also a seven decade old Dharmashala in its backyard. The temple also has its numerous and iconic bells which are regularly rung during the evening 'Aarati' (prayer). It is located right into the heart of the oldest and most vibrant market of Biratnagar in the Bazaradda."
6271,Jyotirlingeshwor Mahadev Temple,,27.73199416,85.46486987,0.0,, Religious Site,"An ancient and famous temple of Jyotirlingeshwar Mahadev Temple located in Sakwa Tole, Shankharapur Municipality, Ward No. 7, Kathmandu District. This Mahadev is the Jyotirlingeshwar Mahadeva described in the Lingapurana at the north-eastern corner of Sankhu. This idol of Mahadev is about 18 inches long and its sphere is about 12 inches round and inclined towards the north-west angle. After the devastating earthquake of 2072, this temple was destroyed and changed to its present form. When researching the period and how this temple of Mahadev was built, it can be said that it is a very ancient place as its description is mentioned in the Himabatkhand. According to legend, the sin of eating gluttony, taking away food, water and food from others is expiation by worshiping this Shivalinga. Similarly, there is also a statement that a Brahmin named Papi Saisthimukh got liberation from the teachings of Haritamuni when he offered prayers here on the 15th day of Baisakh Shukla. It is mentioned that God Birupaksha also enjoyed this shrine. Among the 64 Shivlinga of Nepal, this is also considered as one of the Shivlinga. This place in Sankhu Bazar is also a sacred religious place. Where apart from this Mahadev there are more than a dozen other Lingeshwaras. A very attractive and artistic statue of Ganesh, Bhairav, Saraswati, Budhanilkanth, Narayan, Triratna, Satyanarayan, ancient inscriptions etc. are located in a very wide area. This place, which is a mine of sculpture, is also very important from a religious and tourist point of view due to the artistic form of the sculpture."
6272,Swayambhunath ,,27.71503385,85.29041531,0.0,, Religious Site,"Swayambhu literally means ""self-existent one"". Believed to date back to 460 A.D., it was built by King Manadeva and by the 13th century, it had become an important center of Buddhism. Legend has it that Swayambhu was born out of a lotus flower that bloomed in the middle of a lake that once spread across the Kathmandu Valley once was. The largest image of the Sakyamuni Buddha in Nepal sits on a high pedestal on the western boundary of Swayambhu beside the Ring Road. Behind the hilltop is a temple dedicated to Manjusri or Saraswati - the Goddess of learning. Chaityas, statues and shrines of Buddhist and Hindu deities fill the stupa complex. The base of the hill is almost entirely surrounded by prayer wheels and deities. Devotees can be seen circumambulating the stupa at all times.

Exceedingly steep stone steps that lead up to the shrine is quite a challenge. However, there is also a motor road going up almost to the top from where it is a short walk. A large number of Buddhists and Hindus alike visit Swayambhu throughout the day. This shrine is perhaps the best place to observe religious harmony in Nepal. The largest crowds of people are seen here on Buddha's birthday which usually falls in May each year."
6273,Aadeshwar Mahadev Temple,,27.72270504,85.27093543,0.0,, Religious Site,"Ancient Adeshwar Mahadev Temple in Ichangu, Nagarjun Municipality, Kathmandu District. It is located on Hill from the main road of Ichangu. Surrounded by natural greenery, the temple complex has Lichhavi-era inscriptions, Durga temple, Buddha statue, Hanuman statue, Ganesh statue, Paati and Pouwa. The Shivling in the sanctum sanctorum of the temple is very attractive."
6274,Durga Temple,,26.95534689,88.01988803,0.0,, Religious Site,"There is a temple of Goddess Durga on the north side of Nayabazar. In front of the temple of Goddess Durga, there is a huge statue of Lord Ganesha. The temples of Durga and Ganesha are sacred places for the residents of the Nayabazar area, which has more than 150 households. From daily worship to special festivals, these temple areas are full of devotees."
6275,Maitidevi Temple,,27.70587459,85.3340059,0.0,, Religious Site,"Maitidevi Temple, the parental home of all goddesses (Devi) is believed to be a very powerful temple located by the side of the road in Maitidevi, Gyaneshwor. The delicate woodwork and metal craft structure of the Maitidevi temple is considered different in comparison to the pagoda-style structure like most of the Hindu temples in Kathmandu valley. According to the legend, the temple was formed after a divine peacock appeared and turned everything it touched into gold. The Mayur Kunda, the brahmana can also be found by the side of the temple. The two stones lions guarding the entrance of the temple, the huge peepal tree with its expanding branches arching over the temple is considered as a divine architecture that shelters the temple from heat and rain. A crematorium (Shamshan Ghat) lies a few feet away on the right-hand side of the temple which is considered as the most integral part of the temple by the priest of the Maitidevi Temple. According to the priest, the prayer in its original form requires them to burn the human skulls but since nowadays it is considered as monstrously cruel and crime so they make a human face on a large dollop of ghee and burn it instead. It is said that offering Jal (water) to Maitidevi before darshan of the popular temple in Gorkha District Manakamana Devi ensures the fulfillment of the pilgrim s wish. The present structure of the temple was built at the beginning of the 20th Century by Rana Prime Minister Chandra Shumsher while the earlier structure was built by Anshu Verma, a warrior under Lichhavi King Shiva Dev."
6276,Uma Maheshwor Temple,,27.67992512,85.27467242,0.0,, Religious Site,"It is said that Bishwo Nath (source) from Patan (made endowments to) built this temple and installed idols of Bhawani Shankar which is now known as Bhawani Shankar Uma Maheshwor. The idol was installed in respect of Shiva and his concort Parvati, both immensely worshipped by Hindus.Inside the temple, inscriptions dated 1662 AD, 1678 AD, 1679 AD, 1687 AD 1715 AD (782 NS, 798 NS, 779 NS, 807 NS and 835 NS) can be found. Idols of Saraswati, Maheshmardini and Ganesh are also placed inside temple.

Architectural Characteristics
The temple stoods as an example of extraordinary Newah temple architecture. This three tiered temple rests on a raised platform of four successive plinths made of brick.A stone stairway leads to ground floor of temple where a circumambulatory space is also provided in the form of Verandah. Two elephants in the first plinth guard the entry way. Inner core brickwall and twenty number of beautifully carved exterior columns support the upper structure. Just below the first roof, a verandah like space is provided instead of solid wall normally seen in other temples.The brick walls are provided with decorated doors and windows. All the three roofs are finished with jhingati tiles and supported from below by decorative timber struts. The struts consists of images of gods/goddesses. The temple is topped by metal gajur and a metal banner is hanged down from gajur to first tier in the front side. As Uma Maheshwor temple is located in high elevation, it provides the good views of Kathmandu and immediate surroundings."
6278,Ashok Stupa Teta,,27.66540655,85.33562964,0.0,, Archaeological Site,This Stupa is located about 200 meters east of the Tyagal Tole of Patan near the Eastern ring road. This Stupa is comparatively bigger than the other two Stupas in the perimeter. The perimeter of this Stupa is 75.83 meters and height 10.4 meters. It has fire Vedica of height 1.6 meters with one Tathagata in each direction. The dome of 4.5m in height is paved with firebricks. A square-shaped Harmika enshrines the dome. No pre-18th-century inscription can be found on the structure. There are three stone inscriptions led in the Vedika. Two inscriptions are completely damaged and not legible and the one inscription left by the Tathagata Ratnasambhava is hardly readable.
6279,Switzerland Park,,27.71504581,85.23427499,0.0,, Scenic View,"Switzerland Park is a park made by National Environment Conservation Programme Nepal ran by Chairman. Puspa Raj Panday under.

In this place we can visit as picnic spot, entertaining and many more fun activities in this site"
6280,Changu Narayan Temple,,27.71559215,85.43073893,0.0,,Heritage Site,"Changu Narayan Temple, located in the town of Changu in Bhaktapur, Nepal, is a revered Hindu temple dedicated to Lord Vishnu, the preserver divine force in Hinduism. With a rich history dating back nearly 3000 years, the temple was originally built in the 4th century under the Lichhavi dynasty by King Mandev. The pagoda-style temple, featuring a double-storied structure adorned with intricate carvings, stands as one of the oldest temples in the Kathmandu Valley. Guarded by sculptures of lions, the temple has four doors and is renowned for its exceptional craftsmanship in stone, wood, and metal.

The historical significance of Changu Narayan Temple is profound, representing the cultural evolution of the Kathmandu Valley. Despite facing reconstruction in 1702 AD after a major fire incident, the temple retains its architectural and artistic splendor. The site showcases diverse artworks, including carvings of the ten incarnations of Vishnu and various multi-armed Tantric goddesses. Changu Narayan Temple s story is linked to the demise of Sati in Nepal. Legend has it that Raja Prithvi Narayan Shah, a king in the 18th century, saw a widow about to perform Sati   which involved burning herself on her husband s funeral pyre. He was horrified and intervened, stopping her from performing it. Subsequently he issued a royal decree banning Sati throughout Nepal and eventually it disappeared from society altogether.
Today, the temple stands as a testament to progress and hope as it was instrumental in ending Sati, Nepal s barbaric practice of ritualistic killing. People from around the globe visit this iconic site to pay their respects to Lord Vishnu and gain insight into Nepal s vibrant culture and history."
6281,Nagpokhari Pond,,27.71336741,85.32428171,0.0,, Natural Landmark,"Nag Pokhari, also known as ??? ?????, is a historic artificial pond located in Naxal, Kathmandu. Constructed in the 17th century by Queen Subarna Prabha, this pond measures approximately 125 feet in length, 65 feet in width, and about 7 feet deep. It features a park surrounding it and is notable for a prominent statue of a golden snake positioned at its center.

Nag Pokhari holds significant religious importance, particularly for Hindus, as it is a key site for the celebration of Naga Panchami, during which many devotees gather to pay homage. The area also includes various temples, including the temple of Santoshi Mata, enhancing its cultural and spiritual relevance."
6282,Gahana Pokhari Pond,,27.71664539,85.33290233,0.0,, Natural Landmark,"Gahana Pokhari, located in Handigaun, Kathmandu, has a rich historical background that dates back to ancient times. It is particularly known for its association with the Gahana Khojne Jatra (Search for Ornaments festival), celebrated annually by the Newari community.
Ancient Significance: Handigaun, where Gahana Pokhari is situated, was once the ancient capital of Nepal during the reign of the Verma, Gupta, and Licchavi kings until the 8th century. The area is steeped in history, reflecting the cultural wealth of its past.
Cultural Mythology: The pond is linked to a local legend involving Goddess Tundal Devi, who is said to have lost her jewelry while swimming in the pond with her sisters. This myth forms the basis of the ""Gahana Khojne Jatra"", where devotees reenact the search for her lost ornaments during the festival."
6283,Tundaldevi Mandir,,27.72670042,85.33524457,0.0,, Religious Site,"Tunaldevi Temple, also known as Tunaldewi, is a significant Hindu temple located in the Kathmandu Valley, Nepal. It is dedicated to the goddess Tunaldevi, who is revered by devotees for her protective and benevolent qualities.
The temple has deep historical roots, with its origins linked to local legends and traditions. It is believed to be a site of worship for centuries, reflecting the rich spiritual heritage of the region.
Tunaldevi Temple features traditional Nepali architectural elements, including intricate carvings and a pagoda-style structure that is common in many temples throughout Nepal.
The temple serves as an important pilgrimage site for locals, especially during festivals and auspicious days when devotees gather to offer prayers and seek blessings from the goddess.
Located conveniently within the Kathmandu Valley, Tunaldevi Temple is accessible by public transportation and private vehicles, making it easy for visitors to reach.
The temple plays a vital role in the local community, hosting various rituals and ceremonies that foster a sense of unity among worshippers.
Overall, Tunaldevi Temple stands as an essential spiritual center in the Kathmandu Valley, embodying the traditions and devotion of Hindu worship in the region."
6284,Katyayini Mandir,,27.6951367,85.34557175,0.0,, Religious Site,"Katyayani Temple, located in Old Baneshwar, Kathmandu, is a significant Hindu temple dedicated to Goddess Katyayani, a form of Durga. This temple is revered for its spiritual importance and attracts numerous devotees.
Goddess Katyayani is worshipped as a fierce form of Shakti, known for slaying the buffalo demon Mahishasura. She is considered the sixth among the Navadurga, the nine forms of Durga worshipped during the festival of Navaratri.
The temple features traditional Nepali architectural elements and provides a serene environment for worship and meditation.
The temple serves as a center for various religious activities and rituals, especially during festivals like Navaratri when many devotees visit to seek blessings.
Katyayani Temple is open daily, allowing devotees to make offerings and participate in prayers throughout the year.
Situated in Old Baneshwar, it is easily accessible for both locals and tourists visiting Kathmandu.
Overall, Katyayani Temple holds a prominent place in the spiritual landscape of Kathmandu, embodying the rich traditions of Hindu worship and community engagement."
6285,Chunadevi Temple,,27.74707801,85.34521367,0.0,, Religious Site,"Chundevi Temple is a prominent Hindu temple located on the outskirts of Kathmandu, Nepal, specifically on the way to the Chandragiri hills. It is dedicated to Goddess Chundevi, who is considered a form of Shakti.
The temple is believed to have been established in the 16th century and has since become an important pilgrimage site for devotees seeking blessings from the goddess.
Chundevi Temple features traditional Nepali architectural elements, including a pagoda-style structure that is common in many temples across the region.
The temple is particularly popular during festivals and auspicious days, drawing large crowds of worshippers. It is believed that visiting the temple and offering prayers can fulfill one s wishes.
Situated at a scenic spot, the temple offers panoramic views of the Kathmandu Valley and surrounding hills, making it a popular destination not only for spiritual reasons but also for its natural beauty.
Chundevi Temple is accessible by public transportation and private vehicles, making it convenient for both locals and tourists to visit.
Overall, Chundevi Temple serves as an important spiritual center in Kathmandu, reflecting the rich traditions of Hindu worship and community engagement in the region."
6286,Bhaktapur Museum,,27.67213401,85.42781632,0.0,, Art Gallery,"Nestled within Bhaktapur Palace, the National Art Gallery unveils a treasure trove of Nepali art and artifacts. Founded in 1960, the gallery safeguards centuries-old sculptures, intricate paintings, ancient manuscripts, and exquisite metalwork.
Step into the ground floor's Stone Art Section, where time travel begins. Marvel at stone inscriptions dating back to 1468 AD, etched during the reigns of Lichhavi kings. Admire magnificent sculptures, predominantly from Bhaktapur, showcasing Nepal's early medieval to medieval stone artistry. Don't miss the four-faced Shivalinga, the captivating Harihar sculpture, and the celestial Surya statue.
Ascend to the first floor, where vibrant hues and delicate brushstrokes come alive. Immerse yourself in the world of Paubhas, traditional Nepali religious scroll paintings. Be captivated by the intricate depictions of deities like Vasundhara Mandala, Ganesh with Shakti, and the mighty Mahisa Sambhara. Treasured ancient manuscripts and covers, some dating back to the 11th and 13th centuries, await in the central showcases. Let your gaze wander through the mesmerizing corridors adorned with watercolors of aquatic creatures, mythical dragons, and various birds, a testament to Nepalese medieval folk art.
Your artistic journey continues at the Woodcarving Museum, housed in the historic Pujari Math, a ten-minute stroll from Durbar Square. This former priestly residence, one of the Kathmandu Valley's oldest, now exhibits exquisite wood carvings from bygone eras. Witness the grandeur of the Mara Vijaya, the captivating Pooja Devi, and the intricate Viswaroop and Aryatara sculptures. Finally, at the Brass & Bronze Museum, discover a fascinating collection of metalware used by nobility and the Newar community. From religious objects like kalash and incense stands to intriguing spittoons, each piece whispers tales of a bygone era.
The National Art Gallery is an artistic oasis, inviting you to delve into Nepal's rich cultural heritage. So, wander its halls, marvel at its treasures, and let the art speak to your soul."
6287,Pachali Bhairab Mandir,,27.6941327,85.30521322,0.0,, Religious Site,"Pachali Bhairab is a significant temple located in Kathmandu, Nepal, dedicated to the deity Bhairav, an aspect of Lord Shiva. Established by King Gunakamadev, it serves as a cultural and religious landmark, particularly associated with the annual Pachali Bhairav Jatra.
The temple's origins trace back to the 11th century, and it has been an important site for Newar culture. The festival of Pachali Bhairav Jatra, celebrated once every twelve years, involves elaborate rituals and processions that highlight the temple's significance in local traditions.

During the festival, the head of state participates in a ceremonial sword exchange known as Khadga Siddhi, symbolizing the transfer of divine power. The event is marked by vibrant celebrations that include music, dance, and offerings to various deities.


Pachali Bhairab Temple features traditional Nepali architecture with intricate carvings and a serene ambiance. It is surrounded by numerous smaller shrines and stone sculptures, contributing to its status as an open-air museum of art and culture.


Overall, Pachali Bhairab stands as a vital spiritual and cultural hub in Kathmandu, embodying the rich heritage of the Newar community."
6288,Chhetrapati Swaan-Chhapu Ganeshthan,,27.71049509,85.30976828,0.0,, Religious Site,"Swaan-Chhapu Ganesh Temple, also known as Chhetrapati Ganesh Temple, is a significant Hindu temple located in the Chhetrapati area of Kathmandu, Nepal. This temple is dedicated to Lord Ganesha, who is worshipped as the remover of obstacles and the god of beginnings.
Key Features
Cultural Landmark:
The Swaan-Chhapu Ganesh Temple is an important cultural landmark in Kathmandu, drawing devotees from the local area and beyond. It encapsulates ancient Hindu worship traditions and serves as a source of inspiration for the community.
Historical Significance:
The temple has a rich history that spans hundreds of years, making it a venerable site for worship. It is particularly busy on Tuesdays, when many devotees come to seek blessings from Lord Ganesha.
Architecture:
The temple features traditional pagoda-style architecture, common in many Nepali temples. Its intricate designs and serene atmosphere contribute to its appeal as a place of worship.
Location:
Swaan-Chhapu Ganesh Temple is situated on Swachapu Marga, between Chhetrapati Chowk and Thahity Chowk, making it easily accessible for locals and visitors.
Community Role:
The temple plays a vital role in the community's spiritual life, hosting various religious activities and festivals that foster a sense of unity among worshippers.
Overall, Swaan-Chhapu Ganesh Temple stands as a symbol of faith and devotion in Kathmandu, reflecting the enduring legacy of Lord Ganesha's blessings in the lives of those who visit."
6289,"Krishna Mandir, Damaitole",,27.70676842,85.30481525,0.0,, Religious Site,"Krishna Mandir, located in Damaitole, is a significant Hindu temple dedicated to Lord Krishna. Here are some key details about the temple:
Key Features
Historical Background:
Krishna Mandir is known for its historical significance and is part of the rich cultural heritage of the region. It is often associated with various festivals and rituals dedicated to Lord Krishna.
Architecture:
The temple features traditional Nepali architectural styles, showcasing intricate carvings and designs that reflect the artistry of local craftsmen.
Cultural Significance:
The temple plays an important role in the community, especially during festivals such as Krishna Janmashtami, when devotees gather to celebrate the birth of Lord Krishna.
Location:
Situated in Damaitole, this temple is accessible to both locals and visitors, making it a popular site for worship and cultural gatherings.
Community Engagement:
Krishna Mandir serves as a hub for religious activities and community events, fostering a sense of unity among worshippers.
Overall, Krishna Mandir in Damaitole is a vital part of the spiritual landscape in Kathmandu, reflecting the devotion of its followers and the rich traditions associated with Lord Krishna."
6290,Jagannath Mandir,,27.67027384,85.31954527,0.0,, Religious Site,"Jagannath Temple is the oldest structure in the Durbar Square area, claimed to have been constructed by Pratap Malla, but historical evidence suggests that it was built by Mahendra Malla, back in 1563. The two-storeyed temple is built on a three-tiered platform and is famous for the erotic carvings on its roof. Apart from its historical and religious importance, get ready to be surprised by the intricate carvings on the walls."
6291,Shree Kaal Bhairav Temple,,27.70477576,85.30712429,0.0,, Religious Site,"Kaal Bhairav is a significant Hindu shrine located in Kathmandu Durbar Square, a UNESCO World Heritage Site. This temple is dedicated to Kaal Bhairav, a fierce manifestation of Lord Shiva, and is known for its imposing 12-foot statue carved from a single block of stone.
Key Features
Historical Background:
The statue of Kaal Bhairav is believed to date back to the 5th or 6th century and was later placed in its current location by King Pratap Malla in the 17th century after being discovered in a paddy field.
Iconography:
Kaal Bhairav is depicted with six arms, stepping over a dead body while holding a decapitated head in one hand. This fierce representation symbolizes his role as the god of time and death, embodying both destruction and protection.
Cultural Significance:
The temple serves as a spiritual center for devotees who seek blessings for overcoming challenges such as diseases and enemies. It is also associated with justice; historically, it was believed that those who lied in front of Kaal Bhairav would face dire consequences.
Festivals:
The festival of Bhairav Ashtami or Bhairav Jayanti is celebrated with great enthusiasm at this site, attracting numerous devotees.
Location:
Kaal Bhairav is situated in the southwestern corner of Kathmandu Durbar Square, making it easily accessible for visitors exploring this historic area.
Overall, Kaal Bhairav stands as a powerful symbol of faith and justice in Hindu culture, drawing worshippers who revere him for his protective qualities and fierce nature."
6292,Bhimsensthan-Bhin: Dyo Temple,,27.70258804,85.30429255,0.0,, Religious Site,"Bhin Dyo Temple, also known as Bhimsen Temple, is located in the heart of Kathmandu, specifically in the area of Bhaktapur. Here are some key details about the temple:
Key Features
Deity:
The temple is dedicated to Bhimsen, a deity revered for his strength and protection, particularly by traders and merchants who seek his blessings for success in their business ventures.
Historical Significance:
The temple has deep historical roots and is associated with the life of Bhimsen Thapa, a prominent Prime Minister of Nepal during the early 19th century. His legacy is intertwined with the temple's importance in local culture.
Architecture:
Bhimsen Temple features traditional Nepali architecture, characterized by intricate wood carvings and detailed stonework that reflect the artistic heritage of the Malla period.
Cultural Importance:
The temple serves as a vital community hub where various religious activities and festivals are celebrated, fostering a sense of unity among local worshippers.
Location:
Situated in Bhaktapur, it is easily accessible for both locals and tourists exploring this historic area known for its rich cultural heritage.
Community Engagement:
Devotees frequently visit the temple to offer prayers and perform rituals, especially during festivals dedicated to Bhimsen, enhancing its significance in local culture.
Overall, Bhin Dyo Temple (Bhimsen Temple) stands as an important spiritual site in Kathmandu, reflecting the deep devotion of its followers and the rich traditions associated with Bhimsen in Nepali culture."
6293,Kalikasthan Mandir,,27.70315205,85.32648213,0.0,, Religious Site,"Kalikasthan Temple is located in the Dillibazar area. This temple is dedicated to Goddess Kali and is an important site for local worshippers.
Key Features
Deity:
The temple is dedicated to Goddess Kali, a fierce and powerful form of the divine feminine, worshipped for strength and protection.
Cultural Significance:
Kalikasthan Temple is a vital spiritual center, especially during festivals like Dashain and Navratri, when many devotees visit to offer prayers and perform rituals.
Architecture:
The temple features traditional Nepali architectural elements, showcasing intricate designs that reflect the cultural heritage of the region.
Community Role:
It serves as a community hub where various religious activities take place, fostering a sense of unity among worshippers.
Accessibility:
Located in a central area of Kathmandu, Kalikasthan Temple is easily accessible by public transportation, making it convenient for both locals and tourists.
Overall, Kalikasthan Temple in Ward No. 29 is an important spiritual site that embodies the devotion of its followers and the rich traditions associated with Goddess Kali in Nepali culture."
6294,Ghanta Ghar Kathmandu,,27.70756156,85.31690195,0.0,, Historical Ruins,"Ghanta Ghar, also known as the Clock Tower, is a historic landmark located in Kathmandu, Nepal. Here are some key details about this significant structure:
Overview
Historical Significance:
Ghanta Ghar is the oldest clock tower in Nepal, built by Rana Prime Minister Bir Shumsher in 1934. It was designed to resemble Big Ben in London, reflecting the Western architectural influence during the Rana era.
Location:
The clock tower is situated in front of Rani Pokhari and near Trichandra College, making it a central point in Kathmandu.
Architecture:
The original structure was constructed using bricks and wood, featuring a distinct architectural style that blends traditional Nepali elements with European influences. After being damaged in the 1934 earthquake, it was rebuilt and has undergone various renovations since then.
Cultural Importance:
Ghanta Ghar serves not only as a timekeeper for the city but also as a symbol of modernization and historical significance in Kathmandu. It acts as a meeting point for locals and tourists alike.
Current Status:
The clock tower remains an important heritage site, attracting visitors who appreciate its historical value and architectural beauty. It continues to function as a public clock, although concerns have been raised about its maintenance and the skills required to keep it operational.
Conclusion
Ghanta Ghar stands as a testament to Kathmandu's rich history and cultural heritage, embodying the transition from the feudal era to modernity while serving as a beloved landmark for residents and visitors."
6295,Baneshwor Temple- ???????? ???????????,,27.69566512,85.33726729,0.0,, Religious Site,Baneshwor Mahadevsthan is a significant Hindu Temple located in the Baneshwor area of Kathmandu. This temple is dedicated to Lord Shiva amd is an important site for local devotees
6296,Babarmahal Palace,,27.69458661,85.32253325,0.0,, Historical Ruins,"Baber Mahal, also known as Baber Mahal Revisited, is a unique heritage complex located in the heart of Kathmandu, Nepal, near the Singha Durbar government offices. Originally built as a royal residence during the Rana period, the complex has been transformed into a vibrant commercial venue that combines history with modern amenities.
The site was developed in the late 19th century by Chandra Sekhar Jang Bahadur Rana and reflects the architectural style of the Rana era. It has been preserved and renovated to maintain its historical significance while adapting to contemporary uses.
Baber Mahal Revisited features a blend of shops, restaurants, and cultural spaces. The complex is known for its serene environment, offering a tranquil escape from the bustling city. Visitors can enjoy upscale dining options, artisanal shops, and art galleries within the beautifully restored buildings.
While it serves as a commercial hub, Baber Mahal also acts as a museum of Rana architecture, showcasing the rich cultural heritage of Nepal. It has become a popular destination for both locals and tourists seeking to experience Kathmandu's history in a modern context.
Overall, Baber Mahal stands as an important landmark that encapsulates Kathmandu's architectural beauty and cultural evolution."
6297,Kaiser Mahal Palace,,27.71469773,85.31450674,0.0,, Historical Ruins,"Kaiser Mahal is a historic Rana palace located in Kathmandu, Nepal, west of the Narayanhiti Palace. Originally built in 1895 for Kaiser Shamsher Jang Bahadur Rana, the palace complex features an impressive array of courtyards, gardens, and buildings, showcasing unique Edwardian architectural elements.
Historically significant, Kaiser Mahal has undergone various changes since the fall of the Rana regime. It was sold to the Government of Nepal and now houses the Kaiser Library and the Public Procurement Monitoring Office. The library, established by Kaiser Shamsher, contains around 28,000 volumes and serves as both a library and a small museum showcasing his extensive collection of books and artifacts.
The palace was partially damaged during the April 2015 earthquake but has since undergone retrofitting to preserve its historical architecture while enhancing safety standards. As of June 2024, it has been fully operational as a government office following extensive renovations."
6298,Banbatika Park,,27.65274119,83.48242505,0.0,, Scenic View,"Banbatika Park is a famous park located in
Tilottama, Shankarnagar in the coordinate of
27.6527416and 83.4824252 in Rupendehi
district of Nepal. This batikais considered as a
ocal holidaying spot near BishwaSukh Shanti
Buddha Vihar. The park provides plenty of
items for the entertainment of children
including mini zoo, swings, sun, shade, flowers,
safe drinking water, and safe open space to run
around and play. Route no.1 microbus takes
you there from Golpark via TraffickChowk,
Milanchowk,Jogikutiin Shakarnagarchowk. The
park is considered as the local peaceful
tourism place and center for eco-
tourism.Banbatika park is a kind of forest park
and usually known for picnic spots and small
zoo for visitors and Research Centre."
6299,Kankeshwor Mandir,,27.70716796,85.30269094,0.0,, Religious Site,"Kankeshwar Temple, also known as Kankeshwari Temple, is located in the Kalimati area of Kathmandu, Nepal. This temple is dedicated to Goddess Durga and is an important site for local Hindu worship.
The temple is approximately 185 years old and has become a significant cultural landmark in the region. It is associated with various local traditions and rituals, particularly during the Dashain festival, when devotees gather to honor the goddess.
Kankeshwar Temple features traditional Nepali architecture, characterized by its intricate carvings and a serene ambiance. Inside the temple, there are no statues; instead, it houses tantric stones representing Chamunda, a fierce incarnation of the goddess.
The temple gained recognition in 2016 when it became part of the UNESCO Heritage Walk, highlighting its importance alongside other historical sites in Kathmandu. It attracts many visitors, especially during festivals, serving as a center for community worship and cultural activities.
Overall, Kankeshwar Temple stands as a vital spiritual and cultural hub in Kalimati, reflecting the rich heritage of the local community."
6300,Nil Saraswati Mandir,,27.72002477,85.32594837,0.0,, Religious Site,"Neel Saraswati Temple, located in Lazimpat, Kathmandu, is a revered Hindu temple dedicated to Goddess Neel Saraswati, a form of the goddess Tara. This temple is particularly significant for students and scholars, as it is associated with knowledge and wisdom.
The temple is believed to have been established by Gunakamdev and has roots dating back to the end of the Malla period. The idol of Neel Saraswati has been worshipped by both Hindus and Buddhists, reflecting its cultural significance.
The temple features traditional Nepali architectural styles and includes idols of Saraswati depicted with harps, books, and garlands, symbolizing knowledge and learning.
Neel Saraswati Temple is especially popular during the festival of Basant Panchami (Saraswati Puja), when devotees gather to worship the goddess and seek blessings for academic success. The temple becomes a hub for students during this time.
The temple offers a serene environment conducive to meditation, attracting visitors looking for peace and spiritual reflection.
Situated in a central location in Kathmandu, the temple is easily accessible by public transport and is a popular destination for both locals and tourists.
Overall, Neel Saraswati Temple serves as an important spiritual center in Kathmandu, embodying the rich traditions of Hindu worship and the pursuit of knowledge."
6301,Sauraha Tharu Village ,,27.58752401,84.49377744,0.0,, Tourist Attraction,"The village tour is famous for close and personal observation of the Tharu culture. Tourists like to take village tour to witness the daily lifestyle and activities of the Tharu community. The Tharu community reside along the entire length of the Terai plains of Nepal but Chitwan is especially popular for their traditional culture. There is a choice between foot or tonka ride for village tour. It is advisable to take the aid of a guide during the tour to better understand the local customs.

During tours you can experience the uniquely placed culture of the Tharu people relish what their culture is like in the Tharu Village Museum in the heart of Sauraha Bachhauli. For centuries, the Tharu have lived very closed to this protected area and hence their tradition reflects their intimate relationship with the natural world. Visit the Tharu village and share their world with them as you reach out to touch another culture.

To know more about the lifestyle and culture of Tharu people you can find books at the shops located at the Sauraha. You can tour the Tharu Village by yourself with the help of map or you can get the guide also for this and some hotels and travel agencies also arrange this service."
6302,Ram Mandir Battisputali ,,27.70682066,85.34076523,0.0,, Religious Site,"Ram Mandir, located in Gaushala, Kathmandu, is a significant Hindu temple dedicated to Lord Rama. It is situated in a prominent area that is easily accessible for devotees and visitors.
Key Features of Ram Mandir, Gaushala
Cultural Significance:
The temple is an important site for Hindu worship, particularly during festivals such as Ram Navami, when many devotees gather to celebrate the birth of Lord Rama.
Architecture:
The temple features traditional Nepali architectural elements, showcasing intricate designs and craftsmanship that reflect the cultural heritage of the region.
Location:
Ram Mandir is conveniently located in Gaushala, a bustling area near Pashupatinath Temple, making it a popular stop for pilgrims visiting the nearby sacred sites.
Community Engagement:
The temple serves as a community hub where locals come together for religious activities, festivals, and social gatherings.
Accessibility:
Being situated in a central location within Kathmandu, Ram Mandir is easily reachable by public transportation and is within walking distance from other significant landmarks.
Overall, Ram Mandir in Gaushala plays a vital role in the spiritual landscape of Kathmandu, offering a place for worship and community interaction among devotees of Lord Rama."
6303,Kotilingeshwor Mahadev Mandir,,27.70514978,85.30720476,0.0,, Religious Site,"Kotilingeshwor Temple, also known as Kotilingeshwar Mahadev Temple, is a significant Hindu temple located in the Massangalli area of Kathmandu, Nepal. Here are some key details about the temple:
Key Features
Deity:
The temple is dedicated to Lord Shiva, specifically in his form as Kotilingeshwar. It is a revered site for devotees who seek blessings and spiritual fulfillment.
Architecture:
The temple features traditional Nepali architecture, with intricate carvings and designs that reflect the cultural heritage of the region.
Cultural Significance:
Kotilingeshwor Temple is an important pilgrimage site, especially during festivals such as Maha Shivaratri, when many devotees visit to offer prayers and perform rituals.
Location:
Situated in Massangalli, the temple is easily accessible for both locals and tourists, making it a popular destination for worship and cultural exploration.
Community Engagement:
The temple serves as a community hub where various religious activities and events take place, fostering a sense of unity among worshippers.
Overall, Kotilingeshwor Temple stands as an important spiritual site in Kathmandu, reflecting the deep devotion of its followers and the rich traditions associated with Lord Shiva in Nepali culture."
6304,Lumbini,,27.46938349,83.27562036,0.0,, Tourist Attraction,"Lumbini is the Buddha s birthplace, located at Rupandehi, Nepal, is one of the world s most important spiritual sites and attracts Buddhist pilgrims from around the world. Today you can visit over twenty-five Buddhist monasteries built by diverse countries from Vietnam to France, study Buddhism, meditate and visit the birthplace within the sacred Mayadevi Gardens.
Mayadevi Temple is the most sacred site in the Lumbini Garden where archaeologists have identified the exact spot where Lord Buddha was born. Inscriptions on the Ashoka Pillar nearby also refer to the spot as his birthplace. It is said that the newly born Prince Siddhartha (later became the Buddha) took his first seven steps and delivered his peace message to humanity here.
The birth took place in the beautiful Sal grove, which is now the focal point of the Lumbini Garden. Mayadevi, the Queen of Shakya King Suddhodhana of Kapilvastu, while passing through the Lumbini Garden, on the day of Baishakha Purnima (full moon day of May in 623 BC) took a bath in the the Sacred Pond Pushkarini and soon after gave birth to Prince Siddhartha.


Visit the remarkably beautiful monasteries built by countries such as China, Japan, Sri Lanka, Myanmar, Germany, France and many more; admire the spectacular and diverse architecture they showcase. Soak up the peaceful atmosphere and above all, visit the Mayadevi Temple which dates back 2,200 years.
Walk around the garden or find a quiet spot to contemplate. The focal point for pilgrims is a sandstone carving depicting the birth of the Buddha, believed to have been left here by the Malla King Ripu Malla, in the 14th century, when Mayadevi was worshipped as an incarnation of a Hindu mother goddess. The Ashoka Pillar was built by the great Indian Emperor Ashoka who became a devout Buddhist while visiting the birthplace of the Buddha back in 249 BC.
Visit the Panditarama Vipassana Center for some yoga and meditation and interact with the monks who live in the vicinity of the monasteries, devoting their time to bringing peace and harmony to all sentient beings through devotion and religious worship.


The Lumbini Garden covers an area of 2.56 sq km and encompasses three zones each covering one square mile connected with walkways and a canal. The area has a sub-tropical climate with hot summers, very wet monsoon and pleasant winters. Winter is the best time to visit."
6305,World Peace Pagoda,,27.49890316,83.2762718,0.0,, Monument,"The Lumbini World Peace Pagoda is located in the
north of the park. It was built by Japan and is 41
meters high. Need to go by bike. It was built with
donations from Japanese Buddhists. The shape is
somewhat similar to the Peace Pagoda in Pokhara.
The golden statue in the white pagoda depicts the
posture of the Buddha when he was born. There is a
cemetery near the base of the pagoda to
commemorate the killing by anti-Buddhists during
the construction of the pagoda. Japanese monk."
6306,Gorkha Durbar Palace ,,28.00437408,84.62871484,0.0,, Historical Ruins,"Gorkha Durbar, the Royal Palace of Nepal, is a magnificent and historic site that holds immense cultural and religious significance. Perched atop a hill overlooking the snow-capped peaks of the Himalayas, the palace was once the seat of power for the Shah Empire, who unified present-day Nepal.
The palace dates back to the mid-1600s, and its grounds are home to intricate Newari-style temples that share the origins of the Nepali national identity. Gorkha Durbar played a pivotal role in the unification of Nepal, serving as the strategic base for King Prithvi Narayan Shah and his successors as they consolidated dozens of principalities through diplomacy and conquest.
The palace's architecture is a fascinating blend of Newari and Mughal styles, with intricately carved timber frames, fired brick walls, and some stone facades. The central palace features elaborately painted columns, throne rooms, and personal apartments, while flanking faith structures honor clan deities with vaulted sanctums housing stones or sculptures.
Gorkha Durbar is not just a historical landmark; it is also a vibrant cultural and religious center. Major festivals like Dashain see the palace's courtyards packed with devotees, and the Goddess Kali temple holds annual blood sacrifices upholding longstanding covenants with the clan deity.
The palace's significance extends beyond its physical structures. It embodies the Nepali national identity and serves as a reminder of the country's rich history and proud heritage. Gorkha Durbar is a must-visit for anyone interested in learning more about Nepal's culture and history."
6307,Shanti Stupa,,28.20103702,83.94479664,0.0,, Monument,"The World peace pagoda or Shanti Stupa is the first one that was build. Located on top of the Ananda hill, one has to do a bit of trekking in order to reach the temple. The temple was built in Buddhist pagoda style and is painted in a brilliant white. The temple gives a whole view of the Annapurna mountain ranges, Pokara city and Phewa lake. The Shanti Stupa was built just after world war 2 to inspire peace for all races and creeds."
6308,Shree Bindhyabasini Temple,,28.23796673,83.98420315,0.0,, Religious Site,"Shree Bindhyabasini Temple, located in Pokhara, Nepal, is a revered Hindu shrine dedicated to Goddess Bindhyabasini. Perched on a hilltop, it offers panoramic views of the city and the Annapurna mountain range. Pilgrims flock to this sacred site to seek blessings and participate in religious ceremonies. The temple's rich history, cultural significance, and picturesque surroundings make it a must-visit destination for both devotees and tourists.

The temple comes with its own beauty which makes the temple a beautiful place for tourists.
Situated at a height of 3000 ft. above sea level and dedicated to Goddess Bhagawati, this is one of the oldest temple in pokhara valley.
 Situated on a hillock near busy old bazaar of pokhara, this wonderful religious landmark has immense natural beauty and is worshiped by Hindus and Buddhist alike.Worshipers flock to this place to perform animal sacrifice especially on saturdays. you can clearly observe beauty of Machhapuchhere/annapurna Himalyan range from this Temple."
6309,Bhaktapur Durbar Square,,27.67207409,85.42810215,0.0,, Historical Ruins,"Bhaktapur Durbar Square"" the city is also known, is a museum of medieval art and architecture with many examples of sculpture, woodcarving and colossal pagoda temples consecrated to different gods and goddesses which is 15 km far from Kathmandu. It is a conglomeration of pagoda and shikhara-style temples grouped around a fifty-five window palace of brick and wood. The square is one of the most charming architectural showpieces of the Valley as it highlights the ancient arts of Nepal. The golden effigies of kings perched on the top of stone monoliths, the guardian deities looking out from their sanctuaries, the wood carvings in every place-struts, lintels, uprights, tympanums, gateways and windows-all seem to form a well-orchestrated symphony. Pottery and weaving are its major traditional industries."
6310,Manga Hiti,,27.67365251,85.32535342,0.0,, Natural Landmark,"Manga Hiti was built by Bh?ravi (King Manadeva s daughter s son) in 570 CE. It is still being used by the local community for day-to-day activities and religious purposes.
Manga Hiti is one of the most significant monuments in the Patan Darbar Square. It is located adjacent to the former royal palace complex, and was further developed as a part it in the later period.
The three water spouts of the Manga Hiti are intricately carved, depicting both mythical and real creatures. The creatures are expertly carved in an overlapping and layered manner. The fine craftsmanship is particularly prominent in the sophisticated design of the middle spout. The first creature that adorns the elongated spout is the mythical Makara with a wide-open mouth.
Second, a water buffalo, depicted with a coiled mustache, protrudes from Makara's mouth. At last, a fish, similarly carved with a wide-open mouth, protrudes from the buffalo's mouth, forming the mouth of the spout. Garuda s head forms the uppermost part of the spout and its wings are on the sides, behind the Makara image. There is also a depiction of merpeople behind the Garuda s feet. The other two spouts have similar iconographic programs."
6311,Maibeni,,26.94320359,88.03508375,0.0,, Natural Landmark,"Among the four rivers of Ilam, the Maibeni area is a sacred place for religious tourism at the confluence of Mai and Jogmai Khola. According to Hindu religion and culture, it is believed that taking a Makar bath on Maghe Sankranti will give you the merit of having done penance for one kalpa. Therefore, every Maghe Sankranti, it is customary to take a bath in a holy place and earn merit. A grand fair is held on this day in Dobhan Maibeni at the confluence of Mai and Jogmai. Along with offering sacrifices, Maghe Sankranti is celebrated by flying a pair of pigeons and taking a Makar bath. People come from Panchthar, Taplejung, Bhojpur, Darjeeling, Sikkim, and other places to take part in the fair in Maibeni.
Citizens from Nepal, India, and Bhutan come to Maibeni, the meeting place of Ilam Municipality and Maijogmai Rural Municipality. The Maibeni Mela, started by the then Chief of eastern Nepal, Gajraj Singh Thapa during the Rana period, attracts people of all castes and age groups.
On the occasion of Makar Sankranti, there is a crowd of people who bathe, perform puja, offer sacrifices, fly pigeons, do business, and have fun at the week-long fair. Maikhola is worshiped as the goddess of power. Mai Khola, which has its source in Sandakpur in Ilam, is known as the Kankai River when it reaches Jhapa along with other rivers. At the fair, sugarcane and oranges produced locally are bought and sold, and traditional art and cultural performances such as Dhan (Paddy) dance and Maruni dance are showcased. You have to travel for 4 hours on foot to reach Maibeni from Nayabazar and one hour by car."
6312,Thumkerani,,26.9432822,88.03542472,0.0,, Natural Landmark,"Thumkerani is another tourist spot in Maijogmai. After traveling 5 km from Nayabazar, you reach Thumkerani. In recent times, Thumkerani has become known as a sunrise and sunset viewing centre. Consequently, the number of domestic tourists is increasing day by day. Although there are many high places in Ilam to watch the sunrise, Thumkerani is the first choice for tourists as it is the closest spot to see the sunrise from Ilam headquarters, Ilam Bazar. Thumkerani can be reached after a 1-hour journey by car from Ilam Bazar to Nayabazar via Soyang. Tourists have no problem staying in the Thumkerani area as homestays are now operating.

In the months of March, April, May, September, October, November, and December, more tourists visit the Thumke area. From Thumkerani, which is 2,400 meters above sea level, one can observe all 10 local levels of Ilam as well as the beautiful plains of Terai. The view of Darjeeling and Kharsang, the tourist cities of neighbouring India, is also enjoyable."
6313,Aahalbhanjyang,,26.94246505,88.0356051,0.0,, Scenic View,"Aahalbhanjyang is an area that can be reached after traveling 8 kilometers north from the administrative centre of Maijogmai. Located in Maijogmai Rural Municipality-2, Aahalbhanjyang is a centre of attraction for people from all over the world who come to see and research the endangered red panda.
Tourists from various countries reach Aahalbhanjyang via Nepal and India to see red pandas, which are protected in the dense forests of Sandakpur and Maijogmai Rural Municipality.
With the start of tourism promotion through red panda protection, homestays have been established in the Aahalbhanjyang area. The homestay operation has not only increased the income of local residents but also created employment opportunities in the village."
6314,Jaubari,,26.94277678,88.03660288,0.0,, Natural Landmark,"Jaubari tourist area is the confluence of Maijogmai-2 and Sandakpur Rural Municipality-5. October to April is the peak tourist season in Jaubari. From the Indian side, you can reach Bhanjyang via a pitch road and reach Jaubari in 15 minutes from Tumling, attracting many Indian tourists.
Jaubari is an affordable destination, attracting Bengali tourists from West Bengal, India. Rain in the rainy season, misty fog, and heavy snowfall in winter are major attractions in Jaubari. Upon reaching Jaubari, one can also enjoy watching the glaciers.
There are seven homestays operating in Jaubari to accommodate tourists. There are large and well-organized hotels in Tumling near the Indian border Dashagaja. Electricity and telecommunication services are available in Jaubari. At an altitude of 2,900 meters above sea level, it snows in November and January. Jaubari, which is the habitat of red pandas, sees a large presence of native and foreign wildlife conservation workers.
Tourists who come to reach Sandakpur also return from Jaubari because the sunrise view is exceptional here. Not only the view of sunrise and sunset from Ramite hill of Jaubari but also the view of Mount Kanchenjunga captivates everyone. A part of the highest peak, Everest, can also be seen from here. From Jaubari, one can observe Jhapa district and the cities and rivers of India."
6315,Mount Everest,,28.00179625,86.85369892,0.0,, Natural Landmark,"Reach the highest point on earth or choose to live out your dream by standing at the foot of Mt. Everest (8,848 m).

The Everest region in Nepal is more than just climbing and trekking, it is a life-changing experience and some see it as a journey close to achieving Nirvana. Located in the northeastern province of Nepal, this region is in a world of its own with vast glaciers, icefalls, the highest mountains, deep valleys, precarious settlements, and hardy people challenging the harshest conditions thrown at them by nature in the thin air of high altitude.

Passing through legendary Sherpa villages, the trek is a mix of deep cultural and spiritual experiences and physical challenges that test your strength and endurance. Buddhist lamas, monks and nuns led by Rinpoches (reincarnate at mas) serve the predominantly Sherpa communities from their gompas (monasteries)."
6316,Guranse,,26.94296269,88.03653885,0.0,, Scenic View,"One has to travel 14 km on an unpaved road from Nayabazar to reach Guranse, which is between Meghma and Tumling, 1.5 km from Meghma and 6 km from Tumbad. There is a small settlement in the Guranse area, which is the starting point of the famous Jogmai river of Ilam. This settlement serves as a dining and lodging area for tourists trekking in the Himalayan region.
Followers of Buddhism have built a monastery in the Guranse area. There are precious stones in this area. Buddhist script is written in the Tibetan language on these stones. When and who wrote those scripts is a matter of research. The attractive Buddhist script carved on the mountain rocks draws the attention of every tourist. The letters engraved on the large stones are decorated with different colours. Since homestays are operating in the Guranse area, it has become convenient for tourists to stay."
6317,Tanglu,,26.9419662,88.0353684,0.0,, Scenic View,"After going uphill for 2 km from Tumling, you reach Tanglu, an area surrounded by nature. Tanglu, in Maijogmai Rural Municipality-2, is at an altitude of 3,700 meters above sea level. Tanglu has gained popularity among thousands of tourists who enjoy the mountain scenery and nature. Anyone who reaches Tanglu will be delighted to take pictures with the snow range in the background.
When the weather is clear, one can see the cities of India, the plains of the Terai, and even the Koshi River of Nepal from here. In the evening, enjoying the view of shimmering Kharsang and Darjeeling, as well as the hill above the Tanglu pond, is something special. There is a guest house on the Indian side in Tanglu, which is located in the Nepal-India border area, while there is a homestay facility in the Nepalese settlement.
Tanglu can be reached after traveling about 16 km from the centre of Maijogmai, Nayabazar. You have to take a rental vehicle to reach here. Because of the dirt roads, the journey is not as fast as expected. In this area too, there is more movement of Indian tourists than domestic tourists."
6319,Birat Durbar,,26.37632669,87.27054069,0.0,, Historical Ruins,"King Birat s Palace is located at Biratnagar-18 in Morang district of Nepal. It lies in the Terai region of eastern Part of Nepal near India-Nepal border. It is one of the unexplored places in Nepal having lots of potential to attract the national and the international tourists. King Birat s palace is said to be built by King Birat.The kingdom of King Birat is said to be spread from DharanVijaypur (366m altitude) in the north to Ganges River (Holy River for the people following hindu religion) in the south. It is said that, during the period of Mahabharat, Pandavas stayed in this place secretly for many years. Therefore, the name of the place where Birat s Palace is located is called Bediyari.The total area of the Palace is 2.5 square kilometer. The first revealing of the palace was done in 2027BS. During the first reveal, a 50 room ancient building inside the palace was found as still underground.Long back in 1973 BS (1971 AD) a lock weighted merely 80 kilogram was reported to have been found during the construction of the Biratnagar- Rangeli road section of Hulaki Highway. As per the reports, the lock was then given to the then General Keshar Samsher who was on a visit to Morang District for hunting purposes. The lock was then taken by General Keshar Sumsher for research. The team found that the lock was made around 3100 years ago and said to be the lock of Birat s Palace. Bhatiyari, a village of Morang district, has housed a big mass of bricks from the ancient age. The locals reported it to be the Emperor Birat s Palace.Birat s Palace is also one of the religious places for those who follow Hindu religion. It is said that Pandavas and Lord Krishna resided in this palace during the Mahabharata period. Therefore, this place is considered one of the religious places beside a historical place.Birat s palace has lots of religious and historical paramount. Therefore, this palace is currently preserved by constructing a brick wall around it. Small museum is also now constructed near Birat s Palace, where ancient bangles, clay lamps, bricks, clay pots, sitting mats made of stone, the sculptures of different gods and goddesses, dyes used to make food items prepared during the festival seasons and many other items found in the Birat s Palace are preserved."
6320,Pathibhara Devi Temple,,27.42911333,87.76821418,0.0,, Religious Site,"Pathibhara is a famous pilgrimage site in Taplejung district. The Pathibhara Temple is an important religious place for Hindus and Buddhists. It is at a height of 12,000 feet in Taplejung district. This sacred site of Pathibhara, the goddess of faith and purity, is located at the headquarters of Taplejung district, 19.5 km from Fungling. Located northeast at a height of 3794m.
It is one day walk from Fungling Market. This temple is frequented by devotees throughout the year. The goddess s name is called  Paithivara Devi , with its beautiful, adorable shape as like full of rice. The local Limbu communities of Taplejung recognize the Pathibhara as  Mukumlung . In citrus,  fist  means strength or force,  malung  means plant. That is, limbo species appear to be the source or path of power or force.There are many festivals and genres related to the origin of the Pathibhara Goddess. It is said: In ancient times the shepherds of Pathibhara had kept their flocks at Pathibhara. One day suddenly seeing the unexpected, the herds of herds disappeared. In such an unimaginable event, the Goddess gave a vision to the stunned and bewildered shepherds, instructing them to worship the sheep without sacrificing their origins and motifs.
Attentive shepherds sacrificed the most noble lamb by offering devotional worship at the Goddess-shaped site. What was more sacrificed was the hundreds of lost sheep that had appeared in the same place as before, the blood of the sacrificial lambs falling to the slaughter as water lost in the sand.
Seeing this, the shepherds shouted cheerfully to the goddess. It is worth remembering that hundreds of sheep, goats and herds are sacrificed daily to the Pathibhara Goddess. But at the sacristy, any visitor who has lost blood, limited, can have direct experience and observation. In view of the number of sacrifices offered to the goddess, a pool of blood would have to be collected here, but it would not. That is why it is believed that the blood-goddess Pathibhara accepts the sacrifices offered by devotees affectionately.
Today, the glory of Goddess Pathibhara, belief and faith in the goddess has reached beyond the boundaries of the village, district and country. As a result, thousands of devout devotees from all over the country and abroad continue to visit the deity."
6321,Shree Panchmukhi Hanuman Mandir,,26.45605691,87.28011517,0.0,, Religious Site,"Hanuman Mandir is a Hindu temple dedicated to Lord Hanuman, located in Biratnagar. The temple is situated near the
main market area of Biratnagar and is easily accessible by road. The temple is known for its unique architecture, with a red and white
facade and intricate carvings on the walls. Inside the temple, there is a statue of Lord Hanuman who is revered as a symbol of
strength, devotion, and loyalty in Hindu mythology. In the first floor there is Ram Durbar (Home of Shree Ram) which is dedicated to Lord Ram ,one of the Avatar of
Vishnu according to the Hindu Mythology."
6322,Trishuli River Rafting Adventure,,27.87423324,84.60441453,0.0,, Tourist Attraction,"Start in Charaundi and end in Kathmandu! With the Explorer tour Trishuli River Rafting Adventure, you have a 2 days tour package taking you through Charaundi, Nepal and 2 other destinations in Nepal. Trishuli River Rafting Adventure includes accommodation, an expert guide, meals, transport and more."
6323,Dahakhani,,27.7699996,84.54999989,0.0,, Natural Landmark,"Dahakhani is a beautiful touristic village in Chitwan District in Bagmati Province of southern Nepal. At the time of the 2011 Nepal census it had a population of 4,803 people living in 939 individual."
6324,Uppardang Gadi,,27.76183638,84.58289014,0.0,, Scenic View,Upperdang Gadi is situated at an altitude of 1275m above the sea level located in Chitwan district of central Nepal. It is famous for hiking and culture experience.
6325,Bal Gauri Mai,,27.80301174,84.60098801,0.0,, Religious Site,"Bal Gauri Pathivari mai is the holy temple of hindu people loacted in Ichchhakaman chitwan, Nepal."
6326,Sri Durga Temple,,27.82503462,84.52139178,0.0,, Religious Site,Sir Durga Temple is the Holy temple of hindu people specially to worship for God Durga. This Temple is opened during Dashain fastival.
6327,Umit Jharana,,27.81846375,84.46723362,0.0,, Natural Landmark,"Umit Jharana is the famous and beautiful warterfall with fresh water. Located in ichchhakamana Chitwan, Nepal."
6328,Simali Gaun,,27.76834274,84.53081572,0.0,, Natural Landmark,"Chitwan is famous in Nepal for mustard growing and production of mustard oil. This popularity of the mustard in Chitwan is attributed to the predominant soil type silt, resulting from the flooding of the Narayani River and its tributaries."
6329,Gardash,,27.74413839,84.54917746,0.0,, Natural Landmark,"Gardash is a beautiful village famous for photography and beautiful view. Located in chitwan, ichchhakamana Nepal."
6330,Kamalbari,,27.86675512,84.59341815,0.0,, Natural Landmark,"Kamalbari is a flower garden a tourist place. It is loacted in ichchhakamana, Chitwan, Nepal."
6331,Kabilas Chauki dada,,27.79527542,84.46869442,0.0,, Scenic View,"Kabilas Chauki dada is a beautiful viewpoint to see beautifull scene and view with greenary nature. It is located in ichchhakamana, Chitwan, NEpal."
6332,Thumki dada view homestay(Hadigaun),,27.79234357,84.50069888,0.0,, Tourist Attraction,Thumki dada view homestay(Hadigaun) is the home stay to see the beautiful sunsine view and beautiful. It is located in ichchhakamana Chitwan Nepal.
6333,Gairibari jharana,,27.74999037,84.57010439,0.0,, Natural Landmark,Gauribari Jharana is the Beautiful waterfall Jharana located in Chitwan. This is waterfall is better to spend your time during summer.
6334,Naagdaha  Ichchhakamana,,27.83176639,84.60986009,0.0,, Natural Landmark,"Naagdaha Ichchhakaman is a lesser-known yet enchanting destination located in the Chitwan district of Nepal. This serene spot is a perfect blend of natural beauty and cultural significance, offering a peaceful retreat for visitors. Nestled amidst lush greenery and surrounded by the tranquility of nature, Naagdaha Ichchhakaman is a lake that holds great religious and historical importance for the local community.

The name ""Naagdaha"" translates to ""Serpent Lake,"" and it is steeped in mythological tales. According to local legends, the lake is home to a Naag, a serpent deity that is highly revered in Hindu culture. The presence of this deity is believed to bring prosperity and protect the surrounding area. Each year, locals perform rituals and offer prayers to appease the serpent god, seeking blessings for good fortune and protection from natural calamities.

The surrounding area of Naagdaha Ichchhakaman is equally captivating. It is an ideal spot for nature lovers and bird watchers. The lush vegetation and the calm waters of the lake create a habitat for various species of birds and aquatic life. Early mornings and late afternoons are the best times to visit, as the serene environment is perfect for meditation and reflection. The reflections of the surrounding hills and trees on the lake s surface add to the picturesque beauty of the place, making it a haven for photographers.

Culturally, Naagdaha Ichchhakaman holds a significant place in the hearts of the local people. The lake and its surroundings are often the site of community gatherings and festivals. One of the most prominent festivals celebrated here is Naag Panchami, during which devotees from different parts of the region come together to honor the serpent deity with offerings of milk, flowers, and rice. This festival not only reinforces the spiritual connection but also strengthens the community bonds.

In recent years, efforts have been made to promote Naagdaha Ichchhakaman as a tourist destination. Sustainable tourism practices are being encouraged to preserve the natural and cultural heritage of the area. Local guides and community members play a crucial role in educating visitors about the significance of the lake and the need to maintain its pristine condition. As more people discover the charm of Naagdaha Ichchhakaman, it is hoped that the site will gain the recognition it deserves while preserving its serene and sacred atmosphere.

In conclusion, Naagdaha Ichchhakaman is a hidden gem in the Chitwan district, offering a unique blend of natural beauty and cultural richness. Whether you are a nature enthusiast, a spiritual seeker, or someone looking for a tranquil escape, this serene lake has something to offer. The harmony between the natural environment and the cultural practices surrounding the lake makes it a truly special destination worth exploring."
6335,Kathmandu Durbar Square ,,27.70418021,85.30645542,0.0,, Historical Ruins,"Kathmandu s Durbar Sq was where the city s kings were once crowned and legitimised, and from where they ruled (durbar means palace). As such, the square remains the traditional heart of the old town and Kathmandu s most spectacular legacy of traditional architecture. The square bore the brunt of Kathmandu's 2015 earthquake damage. Half a dozen temples collapsed, as did several towers in the Hanuman Dhoka palace complex, but it's still a fabulous complex. Reconstruction will continue for years.
Although most of the square dates from the 17th and 18th centuries (many of the original buildings are much older), a great deal of rebuilding happened after the great earthquake of 1934. The entire square was designated a Unesco World Heritage Site in 1979.

The Durbar Sq area is actually made up of three loosely linked squares. To the south is the open Basantapur Sq area, a former royal elephant stables that now houses souvenir stalls and off which runs Freak St. The main Durbar Sq area is to the west. Running northeast is a second part of Durbar Sq, which contains the entrance to the Hanuman Dhoka and an assortment of temples. From this open area Makhan Tole, at one time the main road in Kathmandu and still the most interesting street to walk down, continues northeast."
6336,Namaste Falls,,26.87399934,87.33206017,0.0,, Natural Landmark,"Namaste Falls is located in Bhedetar village development committee of Dhankuta district. It is popular among domestic tourists. The falls are about 80 meters high. Domestic tourists from Jhapa, Dhankuta, Morang and Sunsari visit this falls in large. One can see a rainbow-like, seven-colour formation while standing close to the waterfall. It is in the shape of Namasthe. The falls are also frequently visited by researchers."
6337,Sarangkot,,28.24614948,83.94788872,0.0,, Scenic View,"From the far north to the far south, including the Phewa Lake, Sarangkot peak provides a panoramic view of Pokhara. Tourists drive up the hill to see the sunrise from the top of the hill's view tower. Sarangkot provides a relaxing and admiring the breathtaking views of the mountains on one side and Phewa Lake on the other. 

Sarangkot has just been considered one of the top paragliding destinations in the world. Travelers now can quench their adrenaline thirst by participating in activities such as hiking, zip lining, bird watching and paragliding, from Sarangkot to name a few.  From Sarangkot, the vista of the Annapurna Himalaya is mystical. From here, a panoramic view of Himalayan peaks stretches from Dhaulagiri (8167m) in the west to Machhapuchhare (6997m), the tent-like peak of Annapurna II (7937m), and Lamjung (6983m) in the east.

Paragliding from Sarangkot to lakeside, Sarangkot sunrise and sunset tour, Panaromic view of the mountains, Sanangkot zipline, and Bird watching are some of the major tourist attractions of Sarangkot."
6338,Jaya Bageshwori Temple,,27.71073721,85.34412369,0.0,, Religious Site,"A miracle at the Bageshwori temple - In 1926 ( Nepali calendar 1983) Padma Kumari Devi Singh (11 yrs) who lived in Kailash Bhawan, Gharbari Tole road (Ward-2), Nepalgunj, went to pray at the Bageshwori temple as on that day she was very sad. The temple was empty and even the 'Bajes' (Brahmins) were not to be seen. She sat at the single open door of the temple closed her eyes and prayed. When she opened her eyes she saw a small child, very poor (like a beggar child) in a long ragged garment standing before her. The child said 'lah' (in nepali lah means take) and put something in Padma's palm and closed it.
When Padma opened her hand there was nothing there and when she looked up, the child had disappeared. The incident had occurred in a matter of a second. It was with the blessings of the Goddess Bageshwori that the very next day Thakur Ananda Swarup Singh (father of Padma Kumari Devi) received a proposal for her marriage which he accepted and in 1930 at Singha Durbar,Kathmandu, Padma Kumari Devi was married to Maj-Gen. Mahabir S. J. B. Rana son of Late Shri Col. Maharajkumar Prakash S. J. B. Rana (who was the maker of the Junge Mahadev temple at Nepalgunj) and grandson of Cdg. Gen. Shri Tin Maharaj Sir Bhim Shumsher Jung Bahadur Rana, Maharaj of Lamjanj and Kaski, who was Prime Minister of Nepal. Since then the number of visitors in the temple has increased at a very high rate.
People believe that whatever they would wish for there, would be granted to them. With the blessings of the Goddess Bageswori, Maj. Gen. Mahabir S. J. B. Rana was Gov. of Ilam, Nepal, Gov. Dhankuta (he was the first to modernise the tea estates in the late 1930s & early 1940s), Mbr Advisory Assembly-1951, Minister for Planning & Development: 1951-1955, Mines, Electricity, Forest-1951-1953, Home-Affairs-1953-1954, Industry & Commerce-1953-1955, Agriculture & Food-1953-1955 and Civil Supplies-1953-1954, Nepal. In 1952 Maj. Gen. Mahabir SJB Rana was Special Ambassador at the Funeral of King George VI"
6339,Ratnakar Mahabihar,,27.67378226,85.32173948,0.0,, Archaeological Site,"Ratnakar Mahavihar, also known as Ratnakar Mahabihar, is a Buddhist monastery located in the Lalitpur district of Nepal. Lalitpur, also known as Patan, is one of the three ancient cities in the Kathmandu Valley, renowned for its rich cultural heritage.

Ratnakar Mahavihar is situated in the heart of Lalitpur city, near its historic Durbar Square. The monastery is dedicated to the practice and teachings of Buddhism and serves as a center for religious activities, meditation, and education.

Like many monasteries in Nepal, Ratnakar Mahavihar features traditional Newari architecture, with intricately carved wooden windows, doors, and facades. It provides a serene and tranquil environment for devotees and visitors alike to immerse themselves in Buddhist spirituality and culture."
6340,Yampi Mahabihar,,27.67673503,85.32785526,0.0,, Archaeological Site,"The 2000-year-old Yampi Mahabihar is located in Behilachhe Tol, Ward No. 9 of Patan, Lalitpur District. This Bihar is also older than other Bihars. The builder of this Bihar also built seven stupas inside it which can be easily seen inside Bihar."
6342,Batuk Bhairav Temple ,,27.66453214,85.32421684,0.0,, Religious Site,"Batuk Bhairabh Temple is a one storey pagoda style temple topped with a brass roof at the crossroad in Lagankhel, the heart of Patan district. Unlike other temples, this one doesn t have an idol rather a stone-shrine is worshipped as Bhairabh accompanied by Lord Ganesh, Lord Kumar and Goddess Kumari in the inner sanctum. Many believe that Batuk Bhairabh is a family deity of God Minnath. According to the legend, King Amshuvarma of Lichhavi Period built this temple after his return from Prayag visit between 595 CE   621 CE, then Juddha Shumsher Rana refurbished it in 1912 B.S.

Lord Shiva divined himself as wrathful Bhairabh to scare off Brahma and Bishnu when a dispute on who is the greatest of all erupted between these three gods. It is believed that Shiva cut off one of five heads of Brahma when he counter-argued that Brahma was the greatest for being the Creator. According to the ancient text Shakti Sangam from Kali Khanda scripture, Batuk Bhairav was born to kill the demon Aapad who gained a powerful boon from Brahma. Aapad misused his powers to create havoc in all three worlds; heaven, hell and earth. Infuriated Gods to punish the demon for his misdeeds created a five year old boy with their combined powers. The boy was Batuk Bhairabh, the living embodiment of time and space. Aapad couldn t be killed in present, past or future time zones because of his boon, so Batuk momentarily paused the Kalachakra (time), ripped Aapad s body apart and saved the entire living creature.


People worship Batuk Bhairabh to get rid of Sani Dosh, the obstacles created by the planet Saturn. Weak Saturn results in insomnia, laziness, and many physical, mental and psychological losses and not only to oneself but to immediate family members too. In easier terms, life and lifestyle go down south because of Sani Dosh. Worshipping Batuk Bhairabh on a specific day of a week for a specific number of days will help one alleviate their problems. People also feed black dogs, Bhairabh s animal form on Saturdays as a service to Him."
6343,Rato Machchhindranath Mandir,,27.67034035,85.32287657,0.0,, Religious Site,"The Rato Machhendranath Temple is located in a huge courtyard known as Ta Baha, about 400 meters south of Patan s (Lalitpur s) Darbar Square. The temple celebrates Machhendranath (also known as Matsyendra), an influential early 10th century yogi who recognized the god Shiva as his teacher and practiced in the Indic regions of the time. It was built in 1673 on the foundations of earlier temples that had stood here since the 15th century. The temple is a towering Newar-style pagoda with three layers of declining roofs in its physical structure. Sheet metal (possibly copper) covers the roof surfaces, which are supported by 20 struts on the first and second levels, and twelve struts on the upper level. Avalokitevara is shown in a variety of stances on each of the 52 struts, typically with one or more extra sets of arms. There are miniature vignettes depicting scenarios from Buddhist hells, such as boiling alive, on the bottom registers of the struts, beneath Avalokitevara s feet. Other vignettes are of a gentler tone, with lesser deities supporting Avalokitevara on pedestals. The front-facing side (here, the north) is adorned with a huge variety of pots and pans mounted to tables, seemingly defying gravity, as is the case with many Newar pagodas. A lengthy pataka strip hangs from the temple s top to practically ground level in front of it, allowing Machhendranath/Avalokitevara to descend to earth."
6344,Bajrakirti Mahabihar,,27.67336449,85.32728327,0.0,, Archaeological Site,"Bajrakriti Mahabihar is a renowned Buddhist monastery located in Nepal. It holds significance as a center for Buddhist teachings, meditation, and cultural practices. The monastery is known for its historical importance and architectural beauty, attracting pilgrims and visitors seeking spiritual enlightenment. It serves as a hub for the preservation and promotion of Buddhist traditions in Nepal and beyond."
6345,Ichchhakamana Goddess,,27.87759083,84.59247435,0.0,, Religious Site,"Ichchhakamana goddess is one of the seven sisters of Manakamana goddess and
the name of the local level is named from the Ichchhakamana goddess name. It is
believed that our wishes are fulfilled after visiting this temple. Ichchhakamana
temple is located at 1800 metres height from the sea level . We can see dense
green forests, mountains, terai lands, rhododendron forests, Himalayan ranges,
Ganesh Himal, Machhapurchhe Himal from Ichchhakamana temple. During the
winter season we can see oranges in the fields on the way to ichchhakamana
temple. Every year Panchami mela festival is celebrated at Ichchhakamana temple
during which thousands of pilgrimages from all over Nepal visit this temple.
Ichchhakamana temple is under reconstruction these days."
6346,Siraichuli Chitwan,,27.76228229,84.63130938,0.0,, Scenic View,"Siraichuli is renowed as the tallest peak of Chitwan district . Siraichuli is located at
1945 metres height from the sea level. Siraichuli is situated in Ichchhakamana
Rural Municipality ward no.2. From Siraichuli which is situated in the Mahabharat
Parbhat range one can view Sunrise, Gurung villages, Chepang villages, beautiful
hilly landscapes,Himalayan Mountain ranges, Rhododendron covering the hills
and Historical Siddhababa temple"
6348,Char Dham Mandir,,27.69138916,85.31064888,0.0,, Religious Site,"Char Dham is a place of worship in Lalitpur, Bagmati Province. Char Dham is situated nearby to the place of worship dhalkashor mahadev and the church Lalitpur Christian Assembly."
6349,Ugrachandi Mandir,,27.67477538,85.3144888,0.0,, Religious Site,"The charming Ugrachandi Mandir, which is also known as Tamakhdyah, lies in the local tole of Patan. This square, four-storey temple with a hip roof made of flat sheets has an air of mystery. The first recorded mention of the temple is from 1702 CE, but its true age is not known. 

Inside, the temple houses the fierce goddess Ugrachandi, the mother deity of the Tamrakar clan. Hence, this gives the temple its Newar name, Tamakahdyah which means  the goddess of Tamkrakars . According to legend, she was brought from Kathmandu to Patan through tantric magic. 

The goddess is still revered in this modern age. Despite holding its ancient religious values, many physical changes have been added to this ancient site. In 1756 and 1761 a beautiful wooden torana was added to the temple. Today, an iconic stone under a copper torana in the sanctum represents Ugrachandi exuding divine peace.

The divinity of this temple is kept alive by various rituals and worship. A Newar Upadhyaya Brahmin conducts daily rituals, supported by the Tamrakar community. Various Tamkrakar Guthi (local Newari communities) involve themselves by sponsoring different religious events at this temple.

Among these events, key activities of the shrine include the regular Ugrachandi worship. This occurs between the full moon of the month Baishakh and the sixth day of the brighter half of the month Jestha. Here also occurs the grand Tahguthi Puha with animal sacrifice and a community feast. 
These vibrant rituals and ceremonies breathe life into the temple, making it not just a structure of stone and wood but a living symbol of the Tamrakar people's faith and culture.

Written/Compiled by: Apekshya Khanal


References:
1.https://danam.cats.uni-heidelberg.de/report/ec53aef0-70f0-11ea-b99f-0242ac130006
2.https://commons.wikimedia.org/wiki/File:Ugrachandi_Temple_Jawalakhel_Lalitpur_Nepal_Rajesh_Dhungana_(4).jpg"
6354,Hiranyabarna Mahavihar,,27.67517667,85.32459319,0.0,, Archaeological Site,"Golden temple is officially known as Hiranya Varna Mahavihar or locally as Kwa Bahal. The translation means  Gold-colored Great Monastery . It is perhaps the second most popular attraction in Patan after Patan Durbar Square. The temple was built in 1409 and is in fact a Newari Buddhist monastery. The name  golden temple  came about through tourism and a shortening of it s translation more than it actually being made of pure gold. Most of the temple is actually polished gilt copper which gives it a fantastic golden shine. Inside the main courtyard there are probably enough artifacts to keep most historians happy for a full day. Please note that that leather items are not permitted inside temple.Golden Temple (Kwa Bahal) in Patan
Hiranya Varna Mahavihar or Golden Temple is only a five-minute walk from Patan Durbar Square in Lalitpur. Yet many people in the immediate neighborhood and Kathmandu don t know about it. Though named Golden Temple, it is actually a Buddhist monastery with gilded metal plates covering most of its frontage. The monastery has a ticketing service of fifty rupees for foreigners. When asked what about the Golden Temple appeals to them, a foreign couple said,  We are fascinated by the architecture of this closed courtyard Buddhist monastery which is unique. The carvings have a lot of detail. And, it is so peaceful. This three-roof monastery was built in the 12th Century by King Bhaskar Verma and is adorned with a golden facade, four large gateways, a clock tower, and two lion sculptures. The main priest here is only twelve years old, replaced after a month of service. The place is a serene getaway from the hustle and bustle of the busy Patan alleys. It is clean with seating spaces to relax and to forget about your worries for a bit while marveling over the temple s deep cultural significance and intricate architecture."
6358,Balkumari Temple,,27.67582478,85.38532024,0.0,, Religious Site,"Balkumari of Madhyapur Thimi is worshipped as one of the four kumaris of Kathmandu Valley. The local people praise her as their guardian deity. They also perform their livelihood ceremonies like marriage, and Barthabandha over there.The Balkumari temple has a brick-paved rectangular courtyard. Also, the minor and major deities within it like the Digu Bhairava temple.The temple itself is of a three-falsehood which has amusingly impressive hanging Pataas. It also has a column in front of it, which has a beautiful representation of a peacock. There were more peacocks in its tier corners. But they all were stolen, leaving one among them.That s why it was once sealed with strong iron bars including the Balkumari temple. But now, the iron bars have been removed and the temple is in its initial face."
6363,Hasapota Ganesh Mandir,,27.680714,85.3103069,0.0,, Religious Site,"Housed along the road from Jhamiskhel to Bakundol, the Hasapota Ganesh Temple stands as a beacon of devotion and history. This sacred shrine, established during the illustrious Malla era, venerates Ganesh as one of the principal deities of the Newars. With its statue facing the west, it symbolizes an ancient connection to the spiritual and temporal realms.

The chronicles of its renovation are meticulously inscribed on the right side of the temple. You will find inscriptions recounting restorations from the years 2001 B.S. and 2033 B.S. The temple's current incarnation owes its existence to the Hasapota Ganesh Dharmik Byabasta Samiti, who rebuilt it with reverence in 2075 B.S.

A myth whispers through the ages, telling of a saint from Lhasa who meditated deeply at this site, dreaming of constructing the ""Hasapota Palace."" His untimely death left his vision unfulfilled, but his devotion transformed the place into a revered sanctuary known as ""Lhasa Hasapota."" Over time, this name evolved, giving the temple its current identity. This tale hints at a historical reverence among Buddhists, adding a rich layer to its spiritual tapestry.

Remnants of the Lichchhavi era still linger in the temple's precincts. Here idols of Nawadurga and a sacred Shiva Linga find their home. Behind the temple, an artistic Sattal structure stands as a testament to the architectural beauty of the past. On the right, a complex dedicated to religious bhajans invites devotees to lose themselves in melodic worship.

Among the many rituals and festivals celebrated here, the Dipankar Yatra stands out. The festival is primarily a part of Hiranyabarna Mahabihar. However, it weaves together the vibrant tapestry of the culture of both Hiranyabarna Mahabihar and Hasapota Ganesh Temple.

This temple, steeped in myth and history, stands as a symbol of unwavering devotion, a bridge between the past and present. It is a sacred space where the divine continues to inspire and uplift all who enter its hallowed grounds.


Written/Compiled by: Apekshya Khanal

References:
https://lmcityward3.com/sampada"
6366,Bhimsen Mandir Bhinddyolakshi,,27.67380513,85.32518143,0.0,, Religious Site,"At the northern edge of Patan Durbar Square, the stunning three-tiered Bhimsen Mandir Bhinddyolakshi temple rises majestically. Its grandeur is emphasized by a singular rectangular base. Two stone lions stand guard at the entrance, symbols of strength and protection. On the western wall, a beautiful colonnaded opening and a door await those seeking divine blessings.

The temple honors Bhimsen or Bhindya?, who is revered as the deity of trade among the Newars. The temple is honored as one of Patan Durbar Square's eight treasures. Lalitpur, famed for its fine arts, houses four main Bhimsen temples. Among these Bhimsen temples, the Bhinddyolakshi temple is considered the oldest one.  Each has its own story and importance, reflecting the lasting devotion to this revered deity.  

Along with its religious significance, the temple also reflects the fine artistry of the Newars. The surface view of the temple in itself is quite grand and easy to notice. However, inside the temple. various shrines of revered deities can be found. When you enter the temple, a stone staircase ascends towards a sanctum where Bhimasena's statue stands. Nearby, statues of Draupadi, Bhairava, and Kali add vibrancy to the temple's ambiance.

Most of the temple's origin s history remains veiled in mystery. Yet, some documentation tells of its reconstruction in 1682 by Shrinivas Malla, rising from the ashes of a fierce fire. Through tremors in 1934 and 1967, it endured a lot of damage yet stood resilient. Despite the scars of the 2015 quake, its doors reopened in 2022 after reconstruction in its ancient form.

Written/Compiled by: Apekshya Khanal

References:
Book published by Lalitpur Municipality Ward Number 12"
6370,Shakya Singh Bihar,,27.66986688,85.32593044,0.0,, Archaeological Site,"Shakya Sinha Vihar is a Buddhist temple in Lalitpur, Bagmati Province. Shakya Sinha Vihar is situated nearby to the archaeological site Thapahiti Water spout and the place of worship Guji baha."
6373,Sundari Chowk,,27.67271809,85.3251013,0.0,, Historical Ruins,"Sundari Chowk with an entrance guarded by the three impressive statues of Hindu deities Hanuman, Ganesh and Narsingha. It is one of the three main courtyards in Patan Durbar Square and is located south of its more famous neighbour, Mul Chowk. Relatively smaller than Mul Chowk, this area is arranged around a carved sunken water tank known as Tusha Hiti and has the Bhandarkhal water tank which was once the main supply tank royal palace.

Built in 1647, this Chowk had been under reconstruction as a part of the UNESCO World Heritage Site and the north, south and west wings here were near completion when Nepal was struck by a massive earthquake in 2015. It was however the east wing which was severely destroyed, owing to its old architecture. After restoration work which lasted for almost 3 years, Sundari Chowk was reopened in 2018 and made available for exhibitions and to the public."
6374,Bhedetar Bazar,,26.87181577,87.3263826,0.0,, Tourist Attraction,"Bhedetar is not just a destination point but also a transit in Eastern Nepal. It acts as an escape from the baking sun in summer and extreme cold in winter and a transit point to journey into hilly regions. The bazaar of Bhedetar is full of agricultural products like chilly (akabare khorsani), tomatoes, oranges, and varieties of green leafy vegetables. The popular Dhankute biscuit and other local sweets are available in the bazaar that people take as souvenirs of Bhedetar. The bazaar has several teashops and restaurants which serve yummy thukpa (noodle soup) with pork sukuti (preserved meat)."
6377,Bishnu Debi Mandir,,27.73021831,85.35089778,0.0,, Religious Site,"There is a temple of this Vaishnavi goddess in a small forest on the right side of the place called Yapa on the downhill road to Bhaisepati in Lalitpur district. The shadow of the tree covers the whole temple. The stones of these goddesses are on the ground. There are also idols of other deities nearby. There is also an idol of Garuna in front of the idol of Bhagwati which is the power of Vishnu. Regarding the origin of this goddess, Mananga fell in this place when Lord Shiva was carrying the dead body of Sati Devi. Therefore, this place is also considered as Shaktipith. Vaishnavi is one of the many powers of Lord Bishnu. According to the Markandeya Purana, Vaishnavi has four arms and in these hands she is a goddess with a conch shell, a mace and a lotus. Devotees throng the temple of this goddess on Saturdays, Tuesdays and on the great festival of Nepalis, Bijayadashami. This goddess is also considered as the goddess of magic."
6378,Shree Bachha Mahabihar,,27.67542958,85.31951493,0.0,, Archaeological Site,"Shree Bachha Mahabihar is a prominent Buddhist monastery located in Nepal. It holds significant religious and cultural importance for Buddhists in Nepal and around the world. The monastery serves as a center for Buddhist teachings, meditation practices, and community gatherings. It attracts pilgrims and visitors seeking spiritual guidance and enlightenment."
6381,Swatha Narayan Mandir,,27.67563318,85.3278623,0.0,, Religious Site,"The Swatha Narayan Temple is renowned for its ancient architecture and religious significance. It features intricate carvings, sculptures, and inscriptions that depict various mythological scenes and deities from Hinduism. The temple's architecture reflects the rich artistic heritage of Nepal, blending traditional Newari styles with influences from Indian and Tibetan architectural traditions.

Devotees and visitors flock to the Swatha Narayan Temple to offer prayers and seek blessings from Lord Vishnu. The temple complex also includes smaller shrines dedicated to other Hindu deities, as well as courtyards where religious ceremonies and rituals take place.

The temple is surrounded by a peaceful and serene atmosphere, with lush greenery and panoramic views of the Kathmandu Valley. From the temple's elevated position, visitors can enjoy breathtaking vistas of the cityscape, including the nearby Swayambhunath Stupa, also known as the Monkey Temple, which is another iconic religious site in Kathmandu."
6382,Ashok Stupa Lagankhel,,27.66501286,85.32339508,0.0,, Archaeological Site,"Among the four Stupas of Patan, the southern mound is known as Lagan Khel Stupa or Lagan Thura Stupa. It is the largest among the four, measuring 47.40 meters in diameter and 11.80 meters in height. The mound is crowned by a recent structure, a miniature cenotaph added on the top. The shrines of Tathagatas were presumable added in 1878; even as others were added to the eastern mound in 1846.An inscription tells us that on the western Stupa the Tathagatas were already in place by 1455."
6383, Sikali Mandir,,27.64353532,85.28550217,0.0,, Religious Site,"Sikali Temple lies in the southern part of Kathmandu Valley at an approximate distance of 10 KM. The temple is located in an isolated place, outside of the main settlements, but the surrounding is heavenly.

Sikali Mai Temple is a huge Three-storey temple, where goddess Rudrayani is worshipped and is considered as the protector of the locals and localities.

It is also believed that once Sikhi Buddha had come and taught Dhamma for locals."
6384,Pakadi Tree,,27.64931079,83.57021693,0.0,, Natural Landmark,"The famous pakari plant in Devdah Municipality Ward No. 9 of Rupandehi District. This plant is called Pakad or Falaksha. Its scientific name is Ficus benjamina. This very beautiful and attractive pakari plant is also considered to be a buddhakalin plant. Because it is believed that Gautama Buddha also performed penance sitting under this tree. This pakari plant in the middle of the field has 7 levels. Its estimated circumference is 82 feet and height is 96 feet. Its branches spread all around, forming a circle of about 500 square feet. It is also the official tree of Bangkok. It is surrounded by walls on all sides for the protection of this tree. After entering from the entrance, this very wide tree is very amazing. Its branches are very thick and green leaves are visible from the roots. Surprisingly, its leaves are green throughout the year, the leaves never dry up. Crows, black kite and vultures never live in this pakari's bot. No nest of birds can be seen in this tree. Elephants will never go near this tree. If there is any kind of damage to this tree, it is considered unlucky, so no one dares to cut its branches. According to the locals, this plant is considered to be a tree for the Buddha, so local and foreign Buddhists come here and perform chanting, worship and recitation. Besides, there is a crowd of people who come to see this pakari tree every day. This tree is considered to be the biggest tree in Nepal, but this tree is also said to be the biggest tree in Asia. After this tree became famous, now the name of this place also remained Pakari. Koliya Nagar i.e. Devdaha is about 5 minutes away from Devdaha, the ancient place of mother and father-in-law of Gautama Buddha, and it is 2 km away from East-West highway located in Devdaha municipality.


REFERENCE: https://commons.wikimedia.org/wiki/File:Pakari_Tree_(Ficus_benjamina)_Buddha_Tree_Pakari_Devadaha_Rupendehi_District_Nepal_Rajesh_Dhungana_(12).jpg"
6386,Statue of Yalambar,,26.95550887,88.02121606,0.0,, Monument,"At the end of Nayabazar, there is a statue of Kirant King Yalambar along with Sakela Than. Yalambar, on a white horse with a long bow drawn, looks like he is about to go to war. Visitors to the market do not miss taking selfies here."
6388,Tilaurakot,,27.55179854,83.04687738,0.0,, Archaeological Site,"It was in the ancient city of Kapilavastu that Prince Siddhartha was raised from his birth until the age of 29. This was the capital of the ancient Sakya Kingdom, where the prince was treated to a lavish life of luxury   a way of life that he would ultimately reject to begin his spiritual journey.

When he was 29 years old, Prince Siddhartha left through the eastern gate of Kapilavastu, to start the path to enlightenment as Buddha. Today, you can stand in this exact same spot and look out through the gate, onto the green fields that saw the first steps of this epic journey. This moment has become an important part of modern spiritual journeys.

The remains of the ancient capital are in modern-day Tilaurakot and much of them have been excavated and restored, while archaeological work is still taking place to uncover even more parts of the city and insights into the life of Siddhartha Gautama.

As a major civic centre from about the 9th century BC until the 3rd century AD, there would once have been many grand buildings here. Already, experts have uncovered palace structures, temples, roads and ponds. Some of the artefacts that have been found during excavations are on display at the nearby Kapilavastu Museum.
Tilaurakot is also an important site for Hinduism and you ll notice a rustic modern Hindu temple dedicated to the deity Samai Mai within the ancient walls, where people regularly come to worship.
As you walk through the site at Tilaurakot, you ll get a sense of the scale of the city where Buddha grew up   but you ll also appreciate how isolated he was here, protected by his father. It s not hard to imagine how, as a young prince, he would have looked beyond the walls of Kapilavastu and felt there was something deeper that he needed to uncover.

REFERENCE :

https://commons.wikimedia.org/wiki/File:Pakari_Tree_(Ficus_benjamina)_Buddha_Tree_Pakari_Devadaha_Rupendehi_District_Nepal_Rajesh_Dhungana_(12).jpg"
6390,Tumling,,26.94166164,88.03621296,0.0,, Scenic View,"Maijogmai Rural Municipality-2, Tumling of Ilam, is another important tourist area. From Tumling, visitors can see Kanchenjunga, Kumbhakarna, Makalu, Everest, and other mountains. People come here to watch the sunrise and sunset and to see the rare wild animal, the Red Panda.
Tumling is a favourite of wildlife experts and researchers as it is a red panda area and bird sanctuary. Butterflies of the Dhairi species are also found here. Dozens of species of rhododendron adorn Tumling like a bride. Anyone who comes to Tumling in March and April calls it the garden of flowers.
Most tourists coming here are from the Bengal region of India. The number of people coming for trekking from Mumbai, Delhi, and Hyderabad is also significant. Tumling is one of the top 10 tourist destinations in India. It snows here in winter, and in the rainy season, it feels like playing hide and seek among the thick fog.
After traveling about 15 km from Nayabazar, you reach Tumling. The Gurung community lives in this area at an altitude of 2,970 meters. Tumling is the residential area for hundreds of tourists who go on a trek to Sandakpur, the tourist area where the highest number of snow ranges can be seen.
Tumling is reached by a journey of about 10.5 kilometers from the Nepal-India border area Manebhanjyang and 29 kilometers from Fikkal Chowk in Ilam via Nayabazar and Jaubari. As it is also the head of the sacred Jogmai river, Tumling has religious significance. There is only a human settlement on the Nepalese side in the Tumling area, while the Sinhalela National Park is located on the Indian side. This area is always full of tourists."
6392,Meghma Monastry,,26.95425398,88.02056964,0.0,, Religious Site,"The monastery in Meghma is a famous religious tourist spot in Maijogmai-2. This monastery is equally important for Buddhists and researchers who go on a trek across the Nepal-India border. The seven-decade-old Buddha statue in the Sangchen Ngyur Hosal Dekshen Choling Monastery is considered one of the world's rarest. In the monastery, one can see an artistic presentation of different activities of human life, including scenes depicting sexual games, in 180 statues. That is why it is said that children should not see the idols here. These statues are symbols of peace and revolution.
Pujas are performed with great pomp on Buddha Purnima in the monastery. Western and Indian tourists visit this monastery, which is crowded with devotees during other Buddhist festivals as well. Although there were similar idols in Patala in Tibet and Japan, both were later destroyed. According to locals, this is the only remaining idol of its kind in the world.
Meghma, which is 40 km northeast of the Ilam headquarters, can be reached by a journey of about 10 km from the border at Manebhanjyang through the eastern pass Pashupatinagar. Similarly, Meghma can also be reached from Fikkal via Nayabazar and Jaubari. This area is also considered excellent in terms of biological and natural beauty, along with the views of Kanchenjunga, Kumbhakarna, and other snow-capped ranges."
6393,Nayabazar,,26.9537806,88.02033562,0.0,, Natural Landmark,"Established in 2011 B.S., the historical Nayabazar is the administrative centre of Maijogmai Rural Municipality. The municipality office is located here. Nayabazar has its own historical and cultural significance. Elders say this market was established by Balaguru. A big fair is held every year on the day of Balachaturdashi in Nayabazar. A statue of the endangered red panda in the centre of the market welcomes newcomers. Nayabazar, which is shrouded in fog most of the time, is a piece of heaven.
An idol of Sant Balaguru has been constructed near the market area. Balaguru Shivalaya Dham is also located here. The Shivalaya temple is known as the centre of Hindu religion, as Gurukul education teachings are conducted there.
A fair is organized at the temple on the day of Balachaturdashi. The movement of devotees and tourists from Nepal and India during the fair has helped to promote tourism. Since there is a tradition of sowing satbiu (virtuous seed) during the fair at Shivalaya Dham, there is a crowd of devotees from Nepal and India. Nayabazar has also introduced itself as a centre for buying and selling agricultural products such as cardamom and potatoes. Another attraction here is the Durga temple in the Nayabazar area."
6394,Malupokhari,,26.94268652,88.03429786,0.0,, Natural Landmark,"Malupokhari, of religious and touristic importance, is another attraction of Maijogmai. On the northeast side of the pond is the Sakela Than of the Rai caste. There is a Shiva temple on the south side. The pond and its surrounding areas, which are shrouded in thick fog, attract tourists.
Malupokhari protects the religious culture of different castes in one place. It takes half an hour on foot to reach this pond, which is 2 km southeast of Nayabazar, and there is a dirt road for transport.
The Malupokhari area, located in the midst of dense forest, has become a centre for domestic tourists. The Rural Municipality has been preparing a master plan for the construction of infrastructure in the Malupokhari area, which is also a water reservoir. Malu pond is also of great importance in the conservation of water resources.
A hall has been built for the devotees on the northeast side of the pond. Religious programs are organized here. To the north is the Sakela Than of the Kirant castes. In the Than area, 'Limchungbung', the flower of Kirant civilization, is found. There is a Shiva temple on the south side of the pond. A palanquin has been made for the devotees to sit inside the pool complex. To the north of the temple, there is an attractive stage, where programs of various religious castes are held."
6395,Balaguru Shivalaya Dham,,26.95449486,88.02025113,0.0,, Religious Site,"Balaguru Shivalaya Dham is located on a hill towards the southwest of Nayabazar. This temple, located in Maijogmai Rural Municipality-1, holds historical significance. Here stands an attractive three-storied temple dedicated to Shiva, which is open to devotees at any time, with regular puja performed daily.
Balaguru's idol is placed on the east side of the temple, and his tomb is in front of the temple. Experts say that Balaguru established Nayabazar around the year 2011 B.S. after clearing the dense forest. Around the year 2006, Balaguru came to this area and started living in a hut. In the Sanskrit Gurukul in this temple complex, students study Sanskrit language, literature, grammar, and rituals, and live in residential accommodations."
6396,Mahadevasthan,,26.9431997,88.0357895,0.0,, Religious Site,"Mahadevasthan is another religious tourist spot in Maijogmai Rural Municipality. Mahadevasthan, which attracts domestic and foreign tourists, is located in Maijogmai-2. It is believed that visiting Mahadevasthan will fulfill your wishes. A fair is held here every year.
There is a cave inside Mahadevasthan, in the middle of a large rock. The Rural Municipality plans to study and research the cave and promote tourism. To reach Mahadevasthan, which is about 6 km from Nayabazar, you have to walk for an hour from there. You have to use a dirt road if you want to take a vehicle. Mahadevasthan is near Nayabazar, so you have to return to Nayabazar to stay overnight."
6397,Dha Tala Mandir,,27.68503743,85.32441063,0.0,, Religious Site,"Lying in the converging point of the Rudramati and Bagmati rivers in Jwagal lies the Dha: Tala Mandir. It is one of the sacred Nadhi Ghat Devsthal and is revered as one of the eight Asthamatrika. This shrine, established during the Shah dynasty, may be relatively new, but it carries an ancient spirit. The original statue of the shrine was stolen, and it was re-consecrated on the 16th of Ashar, 2051 B.S., restoring its sacred presence.

This beautiful pagoda-style shrine is dedicated to the deity Dhan Wantari Barahi of Dhalaut. Locals also refer to this temple simply as Dhan Wantari Barahi. Adorned with thirteen intricately carved tudals, the shrine is a feast for the eyes. The entrance gate is designed in the classical Newa Aakhi Jhyal style. It features stunning symbols of Surya, Ganesh, Chandra, Kumar, and Kalash, each carved with remarkable detail and care.

Guarded by two stone lions, the principal deity sits in serene majesty. The shrine also houses other revered figures like Laxmi, Shiva, Ganesha, Bhairav, Buddha, and Chitragupta, creating a heavenly gathering under one roof. Each idol stands as a testament to the rich tapestry of beliefs and the profound artistry that breathes life into stone.

The worship rituals here are a symphony of devotion. Worshippers offer akshata (rice), light diyas, incense, and flowers, creating a beautiful and serene atmosphere that envelops the senses. The rituals are simple yet profound, reflecting a deep connection to the divine. This shrine, with its Malla-style pagoda architecture, is not just a place of worship but a living gallery of devotion, history, and artistic beauty.

This shrine remains a beacon of spiritual peace. It invites all to experience its divine embrace and witness the sacred blend of faith and artistry. Whether you come seeking solace, inspiration, or a glimpse into a rich cultural heritage, the Dhan Wantari Barahi shrine stands ready to welcome you. 

Written/Compiled by: Apekshya Khanal"
6398,Tengboche Monastery ,,27.8362408,86.76340587,0.0,, Religious Site,"Tengboche Monastery (or Thyangboche Monastery), also known as Dawa Choling Gompa, in the Tengboche village in Khumjung in the Khumbu region of eastern Nepal is a Tibetan Buddhist monastery of the Sherpa community. Situated at 3,867 metres (12,687 ft), the monastery is the largest gompa in the Khumbu region of Nepal. It was built in 1916 by Lama Gulu with strong links to its mother monastery known as the Rongbuk Monastery in Tibet. In 1934, it was destroyed by an earthquake and was subsequently rebuilt. In 1989, it was destroyed for a second time by a fire and then rebuilt with the help of volunteers and international assistance.
Tengboche monastery is amidst the Sagarmatha National Park (a UNESCO World Heritage Site of ""outstanding universal value ), draped with a panoramic view of the Himalayan Mountains, including the well-known peaks of Tawache, Everest, Nuptse, Lhotse, Ama Dablam, and Thamserku.
Tengboche is the terminus site of the ""Sacred Sites Trail Project"" of the Sagarmatha National Park that attracts large number of tourists for trekking and mountaineering. It is a circular trail that covers 10 monasteries in a clockwise direction terminating in the Tengboche Monastery."
6399,Nritya Vatsala Temple,,27.67161082,85.42842049,0.0,, Religious Site,"The Vatsala temple built by King Jitamitra Malla was damaged in the year's earthquake and is now merely a red-floor temple, while the remaining two temples are still present. These three Vatsaladevi temples are known as ""Yantra Vatsala,""
""Kalash Vatsala,"" and ""Dance Vatsala,"" respectively. Vatsaladevi assumed the guise of MATA DURGA (PARBATI) in order to unite women and Lord Yaksheshwar (Pashupatinath of Bhaktapur). The strength of the goddess inside a temple can be determined by looking at the temple's form. This temple's second floor includes four directions, eight miniature temples on each corner, and nine temples in the center. Indrayani is in the North, Barahi is in the West, Bhadrakali is in the South, and Mahakali is in the East, with a Mahakali statue in the east and Khetrapal Bhairav at the four corners. It is apparent from this that this temple houses a great deity."
6400,Manakamana Temple,,27.90421392,84.58403377,0.0,, Religious Site,"The Manakamana Temple is a holy Hindu site in Nepal's Gorkha district. The temple is on top of a hill and looks out over the valley of the Trishuli River and the beautiful Himalayas in the distance. The name of the temple comes from two words: ""Mana,"" which means ""heart,"" and ""Kamana,"" which means ""wish."" The temple is dedicated to the Goddess Manakamana, who is thought to be an incarnation of the Goddess Bhagwati. So, many people call Manakamana the ""Goddess of the Heart's Wishes.""

Pilgrims from all over Nepal and nearby countries come to this temple because they are sure that Goddess Manakamana will help them get what they want if they make the trip to ask for her blessings. In the past, the trip meant a hard climb up the hill. But since the Manakamana Cable Car was built, the journey has become easier, bringing in even more tourists and religious people.

The building is very important to history and culture. The story that goes with it is about a queen who was thought to have divine powers but died in a sad way. Later, a farmer is said to have found the spot where the queen was honored as a goddess, which led to the building of the temple.

Today, the Manakamana Temple is not only a place of worship, but also a symbol of Nepal's rich cultural history and spiritual customs.For Hindus, Muktinath Temple is one of the 108 Divya Desams or holy abodes of Lord Vishnu, the god of preservation. It is believed that a pilgrimage to this sacred site can help to break the cycle of birth and death (samsara), granting salvation (moksha) to the devotees. In addition, Muktinath is one of the eight most sacred shrines in the Hindu tradition, known as the Swayam Vyakta Kshetras, where Lord Vishnu is said to have manifested himself. Devotees visiting the temple often take a ritual bath in the 108 sacred water spouts, known as Mukti Dhara, and the two holy ponds, Mukti Kunda and Saraswati Kunda, to cleanse themselves of sins and achieve spiritual purification.For Hindus, Muktinath Temple is one of the 108 Divya Desams or holy abodes of Lord Vishnu, the god of preservation. It is believed that a pilgrimage to this sacred site can help to break the cycle of birth and death (samsara), granting salvation (moksha) to the devotees. In addition, Muktinath is one of the eight most sacred shrines in the Hindu tradition, known as the Swayam Vyakta Kshetras, where Lord Vishnu is said to have manifested himself. Devotees visiting the temple often take a ritual bath in the 108 sacred water spouts, known as Mukti Dhara, and the two holy ponds, Mukti Kunda and Saraswati Kunda, to cleanse themselves of sins and achieve spiritual purification."
6401,Pangboche Monastery ,,27.85709468,86.78826727,0.0,, Religious Site,"Pangboche, a hidden gem nestled in the lap of the Himalayas. This picturesque village, located in the Solukhumbu District of Nepal, offers a truly extraordinary experience for those seeking adventure, tranquility, and cultural immersion. Prepare to be enchanted as we unravel the captivating wonders of Pangboche and its surrounding treasures. From sacred monasteries to stunning landscapes, this extraordinary destination has it all.
Pangboche is renowned for its ancient and historically significant monastery, Pangboche Gompa. Believed to have been founded in the 17th century, it is one of the oldest Sherpa monasteries in the Khumbu region. The monastery holds religious ceremonies, rituals, and festivals that offer a glimpse into the spiritual practices and beliefs of the Sherpa community. Its architectural style and intricate artwork reflect the rich cultural heritage of the region. The monastery houses ancient artifacts, sacred religious texts, and intricate wall paintings. It is also known for its ""Yeti Scalp"" relic, which is claimed to be the scalp of a mythical Yeti creature."
6402,Nepal Folk Musical Instrument Museum,,27.69234664,85.31445377,0.0,, Art Gallery,"The founder of the museum, Kadel is not a musician himself but a genuine admirer of the musical traditions. His dedication to his passion has driven him to keep up with his collection and sustain the cultural heritage. The museum now showcases 655 distinct Nepali folk musical instruments among more than 1350 from all over the country. The impressive fact about this museum is that all the musical instruments are either bought or newly made by the local artisans. No instrument is taken from any place where artists still play them. Only those, which are not in use are brought and kept in the museum. That way, the local artists can continue playing live music, keeping up the vibrance of the melodies. 
Folk music is not much in practice these days, which makes it a priority to save them. If it is forgotten, it is not just the music that we lose; we lose our culture, we lose our history. The folk musical instruments are simple, made from whatever is found from the surrounding. Inspired by the sound of nature: the waterfalls, blowing of the wind, mooning of cattle, chirping of birds, even the shape of the instruments is influenced by the nature. The Hiti Manga, for instance, is a fine replica of the water spouts in Kathmandu, producing music similar to the sound of water filled in a pot from the spout."
6403,Kopan Monastery,,27.74233885,85.36491349,0.0,, Religious Site,"Kopan Monastery, nestled near Boudhanath on the outskirts of Kathmandu, Nepal, is a haven for Tibetan Buddhist study and practice. Founded in 1969 by Lama Thubten Yeshe and Lama Thubten Zopa Rinpoche, Kopan has garnered international acclaim for its dedication to teaching Buddhism to Westerners.
More than just a monastery, Kopan has blossomed into a complex encompassing two distinct institutions: the Kopan Monastery atop Kopan Hill and the nearby Khachoe Ghakyil Ling Nunnery, established in 1979 to empower women with spiritual and practical education modelled after the monks' program. The nunnery's remarkable growth, from 4 nuns to 400 in under 35 years, is a testament to its dedication and the generosity of supporters who utilize platforms like GoFundMe to fuel its expansion.
Beyond its educational pursuits, Kopan Monastery has become a vibrant community hub, welcoming hundreds of visitors every Saturday from 10 AM to 4 PM. While closed to the public on weekdays, these designated hours offer Kathmandu residents and tourists alike a chance to immerse themselves in the monastery's serene atmosphere, participate in guided meditations, and soak in the wisdom dispensed by resident monks and teachers. Kopan Monastery stands as a beacon of Buddhist scholarship and spiritual practice, attracting both dedicated students and curious travelers seeking a glimpse into the rich tapestry of Tibetan Buddhist culture."
6404,Pujari Math,,27.66682693,85.49030324,0.0,, Religious Site,"Pujari Matha beautiful combination of fine masterpieces of wood carvings
Behind and to the right of the Dattatraya temple stands the sumptuous Pujari Math. The Dattatraya square is surrounded by seven Math, most of which have been transformed into museums or shops. Pujari Math is the best among the entire Math s and the most richly architecture, w hich is the largest and most famous religious institution in Bhaktapur in the 16th century. It was built by King Yaksha Malla in the 15th century and was used for the storage of donations and contributions until late 20th century. Until a few years back an annual caravan of Tibetan lamas used to bring tributes to the monastery. The Math got reconstructed during Vishwa Malla s reign in the mid 16th century. During those days, it was known for the production of herbal medicines and people traveled from far and wide to receive instruction in the art of medicine Then, after being destroyed by the earthquake of 1934 A.D. the German government with its financial and technical support renovated it and presented it to the crown prince Birendra Bir Bikram Shah Dev on the occasion of his wedding in 1979 A.D. .

Now, the top floor of the Math is a home to the wood carving Museum, the Math itself is a beautiful combination of fine masterpieces of wood carvings in the forms of doors and windows. The wood carving museum here has a splendid collection of antique carvings. A set of 14 roof Struts, image of Vasundhara(1st century), Tantric images of Vishnu Vishwa Roop with 30 arms and 17 faces and a mouth in its Bhairab(17th century), Puja Devi(15th century) etc. are a few to mention here. This four story with three inner courtyards has incomparable masterpieces of hanging windows around the inside of each courtyard. The building itself is famous for the virtuously carved Peacock Window  down the narrow side alley and a courtyard decorated with cavorting wild boars, monkey and Makara."
6405,Nyatapola Temple,,27.67135905,85.42932825,0.0,, Religious Site,"Nyatapola Temple is the Hindu temple dedicated to the goddess Siddhi Laxmi and Durga. Nyatapola is the Newari language in which the Nyata means 5 storeys and Pola means roof. Thus, meaning the 5 storied roof temple. This temple is one of the main tourist destinations of the Bhaktapur Durbar Square. Many tourists are fascinated by its arts and architecture. This beautifully sculptured building is considered one of the tallest pagodas in the country. The temple stood tall and proud in the Bhaktapur Durbar Square area.  Nyatapola temple is the example of true art and architecture of the Nepali culture. The temple not only has the architectural value but also the traditional and cultural values. The visitors from all round the country as well as International tourists visit this place.

Location of Nyatapola Temple:
Nyatapola Temple is the five storeys pagoda style temple located in the Bhaktapur district of Nepal. The temple is in front of the Bhairab Temple. It rests on the base of the five levels with four Ganesh shrines in each corner of the temple. This five storeys temple with a five tier roof that stands just over thirty metres high can be reached by walking a few steps that will lead you to the top of the platform."
6406,Janaki Mandir,,26.73037492,85.92555234,0.0,, Religious Site,"Dedicated to Goddess Sita, Janaki Mandir is the biggest temple in Nepal located in Janakpur. It is constructed at the place where Goddess Sita was born. The attraction is now considered as a religiously important monument and a heritage site but is still an active temple for devotees. Anybody seeking a slice of the legend of Ramayana must visit the divine Janaki Temple. 

The Janaki Mandir is an examplar of Hindu-Koiri Nepali architecture having a stunning white facade. The 3 storied temple is built entirely of stones and marbles, while the 60 rooms inside are adorned with Nepali flag, engravings, paintings, beautiful lattice windows and turrets. The Janaki temple is predominantly thronged by devotees during auspicious occasions and festivals like the Ram Navami, Vivah Panchami, Dashain, Deepavali, and Holi. Pilgrims come in from all around Nepal, Sri Lanka and India to worship the Goddess who is deemed an epitome of courage, purity, selflessness, dedication, loyalty and feminine virtues."
6407,Dharma Dham,,27.61724754,84.51172108,0.0,, Religious Site,"Dharmadham : Shrikrishna Pranami Temple  Dharmadham  in Jirauna, Ratnanagar has become a tourist attraction. Tourists are attracted to the shrine as it is built in an attractive art style. It is known as the model temple of the district.Chairman of the shrine Shyam Baral informed that the temple is also crowded with religious tourists from other districts. According to him, at least 200 to 500 religious tourists visit the temple daily.Inside the temple, attractive sculptures of Radha and Krishna have been made. Modern but traditionally carved windows and doors, golden walls and artistic tundals add to the beauty of the shrine. Gajur, which looks like a roof of gold, has added more beauty to it. The scene where Krishna played with his friend in Brindavan is also carved.  Dharmadham."
6408,Kedareshwor Mahadev Temple,,28.20318044,83.96491639,0.0,, Religious Site,"The Kedareshwar Mahadev Mani temple is a relatively new temple dedicated to the Hindu god Shiva who is also known as ""Kedareshwar"". Located in Pokhara-Komagane friendship park it's an easy walk to reach. Though you will have to walk to the back of the park to locate it. Kedareshwar Mahadev Mani temple in Pokhara There are several small shrines and temples around Pokhara. However the region lacks the impressive temple structures that surround the Kathmandu Valley. There's a historic and geo-political reason for that. The Malla's Kingdom and the Newari people were mainly localed in the Kathmandu Valley. Only trading routes passed through Pokhara and even at that it was miniimal. The Kedareshwar Mahadev Mani temple is one of the few larger temples in the area.edareshwar Mahadev Mani temple is a new temple based on Newari pagoda design. It's very similar to what you would see in Kathmandu, Patan or Bhaktapur. If you've not been to these cities then it's worth coming here to see one temple of this particular style..

Instead of copying please consider buying one of my travel guides to Nepal. They are great value. Have much more content. Are easy to read and most importantly they help support my website and the original content that I write. Thank you!"
6410,Khuwalung,,26.9098868,87.16192463,0.0,, Scenic View,"Khuwalung is a large rock in the middle of the Arun River a few meters above the confluence of the Arun and Tamor rivers at Triveni, bordering Dhankuta, Udaipur and Bhojpur. Khuwalung is the center of religious and cultural faith of the entire Kirat community.The water of Saptakoshi flows east-west in this place and the river Tamor comes from the north.Khuwalung is a place associated with the primitive civilization of Kiranti. Engineers are warning that the government s attempt to destroy this area, which is mentioned in the Kirant scripture Mundum and the ancestors went to different areas from here, is an attack on identity and faith.According to Mundum folklore, the ancestors of the Kirant community are believed to have been divided from the Khuwalung area. According to Mundum scholars, many groups have repeatedly crossed Khuwalung and after crossing Khuwalung, the Kirantis have found their way.Khuwalung was closed when the Kiranti ancestors crossed it. The first group sacrificed Jureli birds to open Khuwalung.After the bird s blood was spilled, Khuwalung opened and the first group crossed the river. Soon after, the second group arrived and after inflicting blood on Khuwalung by slightly injuring his own disciple s finger, Khuwalung is believed to be open forever and they too are believed to have crossed the Koshi and climbed the hill."
6411,Siddhakali Temple,,27.17332623,87.04583796,0.0,, Religious Site,"Siddhakali Temple is one of the famous Hindu temples in Nepal. It is located in the headquarters of Bhojpur district, Eastern Nepal.This temple is situated at the top of the hill, near Bhojpur bazaar. Visitors have to walk upstairs for 5 minutes to reach the main gate of the temple.Siddhakali Temple is situated 3 km away from Bhojpur airport. But it takes only 7 minutes to reach here from the Bhojpur bus stop. There are about 4 small temples with great architecture. They have a red color. Large numbers of big as well as small bells have been kept here."
6444,Ganeshthan Mandir,,27.70707392,84.44284262,0.0,, Religious Site,"Ganesh Mandir Bharatpur It is believed that the original structure of the temple was built in the fifteenth century by Muni Makunda, King of Palap. The modern temple was built in 1952, during the reign of King Mahendra.
The Ganeshthan Temple (Baseni) is one of the most famous Hindu temples in the ancient city of Bharatpur, Nepal. Every Tuesday, people from different parts of Bharatpur come to pray to the Hindu deity Ganesha at the temple.This Lord Ganesh temple premises is of a great significance for hindu devotees. The premises contains temples of other Hindu Gods and Goddesses as well. The giant clay-image of Lord Ganesh can attract anyone here."
6445,Mahaboudhha,,27.66894614,85.32734295,0.0,, Religious Site,"Mahabuddha temple is dedicated to Siddhartha Gautama, the historical Buddha. Its construction was initiated by priest Abhaya Raj of Patan and a member of the Uku Baha monastery (of which the Mahabuddha is now a branch). The temple is often called ""the temple of a thousand Buddhas"" because a Buddha image is engraved on every brick. Its sikhara is modeled on the Mahabodhi Temple at Bodhgaya, India which Abhaya Raj visited and wished to emulate. When he returned to Nepal, he was installed as coinmaker by the king a lucrative operation as his advanced knowledge of copper production was in high demand. This may have provided him with the financial means to sponsor the monument."
6446,Karyabinayak Mandir,,27.63192802,85.30239204,0.0,, Religious Site,"Karya Binayak Temple (??????????? ??????) is a Hindu temple located in Lalitpur District at about 10 kilometres south of Kathmandu. Binayak is a common alternative name of Ganesh, the elephant headed God. Son of lord Shiva, he is believed to manifest good luck and hence is he worshipped first in almost all religious and auspicious occasions. The Karya Binayak directly translates to  Work Ganesh  (Karya = Work, Binayak = Ganesh). Before people begin any work, project and any new endeavour, they often worship Karya Binayak first. As guided by faith, Tuesday and Saturday are regarded as auspicious days to visit the temple.
The temple is small yet artistic one, bells are on all facades of the temple and two metal flags on each side of the door makes it look more vintage. Not to forget the rodent, the vehicle of the Ganesh, facing the shrine brightly in the courtyard is a signature of all Ganesh temples and is noticeable even from the distance."
6447,Tusa Hiti,,27.67269192,85.32511404,0.0,, Natural Landmark,"Tusa Hiti, also known as Tusha Hiti or Tusha Hit, is a historic stone spout located in Lalitpur, Nepal. Spouts like Tusa Hiti are traditional water sources that have been an integral part of the Kathmandu Valley's urban infrastructure for centuries, providing clean water for drinking, bathing, and religious rituals.

Tusa Hiti is believed to have been constructed during the Malla period, which lasted from the 12th to the 18th century. The Malla rulers, known for their patronage of art, architecture, and culture, commissioned the construction of many public amenities, including stone spouts like Tusa Hiti, as a way to serve the needs of the local population."
6448,Budhanilkantha Temple,,27.77797116,85.36207689,0.0,, Religious Site,"Budhanilkantha Temple is an open-air shrine located at the foothills of the Shivpuri Hill in Kathmandu Valley. It is dedicated to Lord Vishnu and houses an exceptional idol of the presiding deity seen in a reclining posture in a pool of water. It is the largest stone statue in Nepal.

Budhanilkantha Temple attracts not just devotees but also tourists in large numbers, especially during the occasion of Haribondhini Ekadashi Mela, which is held annually on the 11th day of Kartik month of the Hindus (October/ November)."
6449,Char Narayan Mandir,,27.67338914,85.32485856,0.0,, Religious Site,"Char Narayan in Lalitpur refers to a famous Hindu temple complex
dedicated to Lord Vishnu in his CharNarayan form. This temple complex is located in Lalitpur, Nepal, and is a significant religious and cultural landmark in the region. The Char Narayan temple is believed to have been built in the 17th century during the reign of King Srinivasa Malla of the
Malla dynasty. It consists of four main shrines, each dedicated to one of the Char Narayan forms of Lord Vishnu: Vasudeva, Sankarshana, Pradyumna and Aniruddha. The temple complex
also includes other smaller shrines, pavilions, and a sacred pond. It attracts devotees and tourists alike due to its historical importance, architectural beauty, and religious significance in Hinduism."
6450,Bhubaneshwori Temple,,27.7806989,85.27881073,0.0,, Religious Site,"Bhubaneshwari temple is on the way to Shivapuri hiking point. It is known as a goddess and the architecture reflects ancient Hindu temples. From the Bhubaneshwori you can see the aerial view of Kathmandu valley, hills, forest, and Shivapuri. Hiking starts from Tinpiple chowk. You need to climb the straight stairs which are topped by the stone which were carved. Almost 1000 footsteps you need to climb the ladder. During the Hiking, there is Panchmane which has the 5 mannas that have historical values and norms. It is the best place for the visit and the opportunity to learn about the historical value. Ancient king Prithvi Narayan used the road route during the war and the old route for Kathmandu Nuwakot. To date, the Nepalese army also used this route to bring the pulpit in the Dashain festival from the Gorkha to Kathmandu for Worship. After the Army check post, we will start hiking. Shivapuri has different animals and species and birds. After the 45-minute hike, we will reach the Tarkeshwor temple. Temple is known as Mahadev temple ."
6108,Indra Varna Mahavihar (Inabaha),,27.6723734,85.4341177,0.0,,Heritage Site,"Indra Varna Mahavihar locally called Inabaha and Indra Varta Mahavihar is one of the important Mahavihar of Bhaktapur. It is assumed that in N.S.741 when King Jagarjyoti Malla was ruling over Nepalmandal, Devsingha Buddhacharya bought land from Hari in Badimangal Yugtole and made the Vihar.
In the names of the erectors, Dev Singh, Jaya Singha and Melu Singha’s names come first. And the very same Devsingha also established a statue of Dipankar Buddha in N.S.749 in the name of his son Devadas.
There is also the image of Pragyaparamita and Avalokiteshwora on the right and the left side of the main deity, Achhobhya Buddha.
The vihar is also famous for a certain event named Barhe Chukegu. It is a part of the traditional Buddhist Chudakarma ritual where the boys of Bajracharyas and Shakyas go through Acharya Abhisheka. The event is more likely considered as a Tantric in grace rite that qualifies any Bajarcharya to become a priest.
During Gunla, daily bhajans (singing hymns ) are regulated there.
However, the torans of the vihar is in bizarre conditions. There are no images of the replicated deity in it. Besides, the architecture of the vihar also seems devastated by the 2015 earthquake. Even though there are people living there.
Indra Varna Mahavihar (Inabaha)
Nevertheless, the temple-like architecture at the top of the building with two Pattas (Patah) hanging around it gives quite a traditional taste. Also, the wall paintings are abnormally beautiful."
6453,Mul Chowk,,27.67292021,85.32519149,0.0,, Historical Ruins,"South of the Patan Museum, a gateway opens onto the stately Mul Chowk, the largest and oldest of the Royal Palace s three main chowk (squares). The original buildings were destroyed by fire in 1662 but rebuilt just three years later by Srinivasa Malla. The temples in the courtyard were restored in 2014 and the surrounding walls and buildings were quickly restored after the 2015 earthquake.In the centre of the square is the small, gilded, central Bidyapith Temple, beside a wooden post used to secure animals for sacrifices. The central deity is Yantaju, a form of Durga, and a personal deity to the Malla kings.On the south side of the square is the Taleju Bhawani Temple, flanked by statues of the river goddesses Ganga, on a tortoise, and Jamuna, on a makara. The upper galleries now form part of the museum's architectural displays, with fine examples of carved wooden struts."
6454,Patan Durbar Square,,27.67269764,85.3253209,0.0,, Historical Ruins,"Patan durbar square is situated at the heart of Lalitpur district preserving a huge collection of fine art and architecture carved and inscribed on woods and metals by our ancestors. This city is very famous for temples, shrines, statues, monuments, festivals, culture, etc. that reflects our ancestor s crafting skills. Even now, if we walk the small alleys of Patan we can hear the tapping of tiny hammers as craftsmen work on various ornaments and idols. Lalitpur is the second largest town of Kathmandu valley and is separated by the Bagmati River from Kathmandu. It is around 5 km away from Kathmandu. One can reach Patan in around 30 mins from Thamel depending on the traffic."
6455,Jhor Waterfall,,27.80112316,85.32185985,0.0,, Natural Landmark,Jhor Waterfall is one of the renowned waterfalls among Kathmandu people which lies in Tokha Mahankal. Jhor Waterfall ( Jharna) is most popular among the teenage. Neary Kathmandu and the natural spring water then what you can expect more to beat the heat in the summer. Water from Shivapuri National Park is the main source of this waterfall. Jhor lies in the border between Kathmandu and Nuwakot district.
6456,Bhootkhel Park,,27.76404694,85.32929057,0.0,, Scenic View,"Bhootkhel is a mysterious place in the Newar town of Tokha, Nepal. The name Bhootkhel is said to come from the Nepali words ""bhoot"" (ghost) and ""khel"" (play or game). Locals say that ghosts play football in the cemetery on the sidelines of a large football field in Bhootkhel. 
Bhutkhel Chaur in Tokha is believed to have been a battleground for gods and demons in the past. The town of Tokha has many temples, including the Masankali Temple in Bhutkhel Tol, which is also known as Shree Pigan Dya in Newari. The pagoda-style temple has idols of goddesses like Masankali, Navdurga, Bhairav, Kumari, and Mahalakshmi. The temple also has an inscription on the right and left sides of the sanctum sanctorum, which proves the temple's antiquity. 
Tokha is also known for its production of chaku, a delicacy made from raw sugarcane juice. The name Tokha comes from the Newari words ""Tu"", meaning ""sugarcane"" and ""Khya"" meaning ""field""."
6457,Chandragiri Hills,,27.66675159,85.2057497,0.0,, Scenic View,"""Chandragiri Hill"", which has the historical and religious significance of Nepal, has recently become the main choice of local and foreign tourists.It is a historical fact that Prithvi Narayan Shah, king of the Shah dynasty, during the campaign of unification of Nepal, observed from this Chandragiri hill and thought of unification of Kathmandu Valley (then Nepal Khaldo) is found in the history of Nepal state formation. That is why Prithvi Narayan Shah's statue has also been built on this hill. The statue associated with the said history becomes the main attraction of anyone who comes there and they take pictures with this statue.

Similarly, there is a temple of Bhaleshwar Mahadev at that place. Because there is a legend that Mahadev actually originated here, many Nepalese and Indian citizens have come here due to its religious importance. Thus, in addition to internal and external tourists, this hill has become an attractive destination for those who study history and religion."
6458,Ghansikuwa,,27.96313162,84.33114605,0.0,, Scenic View,"Ghansikuwa is a famous tourist destination in Tanahu District in the Gandaki Zone of Gandaki Province, Nepal. It is famous for a pond constructed by Ghansi, a local who worked as grass cutter. Bhanubhakta was inspired by the activity of the Ghanshi, so he has noticeably mentioned him in his creations. Today, you can see the statues of Bhanubhakta and Ghanshi, inside the park premises and the well preserved pond, left to the park. The cool air flowing from the nearby Chisaudi Khola and easy access to the place, has made the place an attractive travel destination during weekends."
6459, Mayadevi Temple,,27.46964111,83.27578465,0.0,, Religious Site,"The Mayadevi temple is situated inside the Lumbini garden of Lumbini Development Zone. It is the heart of Lumbini and the Greater Lumbini Buddhist Circuit (GLBC). It is one of the most ancient temples and sacred sites in the Lumbini Garden where the archaeologists have recognized the exact spot where Lord Buddha was born and took his first seven steps.

People can see the different pieces of evidence associated with the birth of Lord Buddha inside and out of the temple."
6460,Chilancho Stupa,,27.6769296,85.27792225,0.0,, Archaeological Site,"The word Chilancho is formed from two Newah words: Chilan means eternal and Cho means Hill top. Therefore, Chilancho Stupa literally means the eternal stupa located on the top of the hill. The overall complex is a Buddhist Monastery complex which is locally known as Chilancho Baha:. But, it is known as Jagatpal Maha Vihar in historical records whereas people of Patan and Kathmandu call it as Kyapu Baha;.Archaeologists believe the Chaityas here are different than other places and thus hold greater importance from archaeological point of view. Cultural Activities Regular worshipping.On day of Buddha Purnima, Jatra procession is conducted from here. Ashwin Purnima is celebrated. Likewise, other rituals like  Ihi  ceremony and  Bratabandha  (Ketapuja) are also conducted here. Moreover, occasional cultural events like Mha Puja, exhibition etc. are also conducted due to plenty of open space available."
6461,Dakshinkali Temple,,27.60510655,85.26346983,0.0,, Religious Site,"The Dakshinkali Temple is located only a kilometer away from the village of Pharping. It is one of the most important temples in Nepal and is dedicated to the fierce and feared Goddess Kali. The fame of this temple lies in its rituals and traditions. Twice a week, animals are sacrificed at this religious place - uncastrated male goats and cockerels in particular   as an offering to the ferocious spouse of Lord Shiva.

The Dakshinkali Temple derives its name from a compound of the words 'Dakshin', which means 'south', and the name 'Kali', which signifies the deity that is worshipped here.  The idol of the Goddess is seen standing on top of a corpse, portraying the triumph of good over evil. Embellished with a sword in one hand, a skull cap in another, and a severed head in the third, the four-armed idol represents an image of a strong, empowered divine being who has arrived to conquer evil and emerge as victorious. The temple was built in 1855 by Rani Rashmoni, a devotee of Kali."
6462,Siddha Gufa ,,27.94830503,84.41904237,0.0,, Natural Landmark,"Siddha Gufa (Cave) is the largest cave in Nepal
and second largest cave in South Asia
providing amazing experience of darkness of a
cave or a small world without light which is
ocated in Bimalnagar village of Tanahun
district of western Nepal. The cave is about a
half kilometer inside depth and about 50
meters in height which can feet about 2500
people inside of it. Being the largest cave in the
country, it obviously offers or provides the best
experiences of experience or come into contact
with the dark environment, bats chattering
mice moving and many more. The hiking trail
towards the cave slippery and stone path, so
special attention should be given while hiking.Siddha Gufa trek can be started from Bandipur
(which is also a popular tourist destination).
From Bandipur to Siddha Cave, the trip is about
a half day with a small hike of around one and
a half hours. The hiking trail starts from the
north end of the village and the path is not so
good but not so difficult too. In contrast to this
route, you can also hike from Bimalnagar which
is in Prithivi Highway up to the cave, which only
takes around 45 minutes to reach the
destination (i.e.cave). At the entrance of the
gate, there are many guides and they cost
Rs.200 and flashlights are also available for
hire. It is recommended to take or hire a guide
to visit the cave. Cave entrance fee is only
Rs.20 for Nepalese citizen. Inside the cave, you
can experience a little world without light which
is found to be very adventurous as well as
enjoyable and memorable too. The cave opens
at 7 am in the morning and closes at 7 pm in
the evening"
6463,Shailung Hundred Hillocks,,27.64790299,85.93196517,0.0,, Scenic View,"The Nepali word  Shailung  in the Tamang language means a hundred Shailung   Hundred Hillocks. It is also called as Shillong. Dozens of Shailung   Hundred Hillocks like piles of rice. Some high and some low. From every hillock, you can see the Snowy white Mountains. Dozens of mountains from Annapurna, Manaslu, Lamjung to Ganesh Himal, Langtang, Gaurishankar, Sagarmatha, and numbers of the mountain in the west.
Located in Shailung Rural Municipality on the border of Dolakha and Ramechhap, the highest hill in the Mahabharata, Shailung, is becoming a tourist destination of choice. Shillong, which has been under siege for some time, has recently been developing as a new attractive tourist destination for domestic and foreign tourists.At an altitude of 3,300 meters, on a large plain with 100 different shapes, Shailung attracts tourists. The natural beauty of the snow-capped Shillong hills is being explored and the number of tourists enjoying the snow is also increasing."
6464,Chiwong Monastery ,,27.69916765,86.74163723,0.0,, Religious Site,"The Chiwong Monastery is perched a cliff, at an altitude of 9,000 feet - a 3-hour walk from the Phaplu airport, in the Solu Khumbu district of eastern Nepal.
The Solu Khumbu, signifies the lower and upper valley's of the Everest region, and is home to the legendary Sherpa people. With magnificent Himalayan sunrises, golden sunsets, stark natural splendor, and the dance of prayer flags against the wind, the Solu Khumbu is the gateway to Mt.Everest (8,848m), the highest mountain in the world.
The Sherpas regard the Solu Khumbu as Beyul - a sacred valley. In this remote part of Nepal bordering Tibet, Buddhism survives with a deep faith and resonance, and is filled with Buddhist monasteries, including Chiwong."
6465,Bhandarkhal Garden,,27.67286533,85.32573698,0.0,, Scenic View,"Bhandarkhal Garden, located in Lalitpur, Nepal, is a historic garden and public recreational space known for its serene ambiance and lush greenery. Situated on the southern slope of the Kathmandu Valley, this picturesque garden offers panoramic views of the surrounding hills and valleys, making it a popular destination for locals and tourists alike.

Originally established during the Malla period, Bhandarkhal Garden has a rich history dating back several centuries. It served as a royal retreat and pleasure garden for the Malla kings and nobility, providing a tranquil sanctuary away from the hustle and bustle of the city."
6466,Champa Devi Temple,,27.646162,85.25390709,0.0,, Religious Site,"Champadevi Hill is a famous hiking trail near and around Kathmandu Valley and one of the best destinations for a day trip. With a height of 2285 meters, this hill is the third tallest peak encircling the Kathmandu valley.Champadevi is named after the Champadevi temple which is devoted to Goddess Champa Devi, one of the various forms of Goddess Parvati or Durga. The sacred Hindu site is located at the top of the hill. It is said that it guards the valley against evils which is also called Champawati. This day hiking through lovely chilly alpine woods to Champadevi top provides a unique opportunity to see the entire Kathmandu Valley from a panoramic view. Not only can we see the Kathmandu valley, including Kathmandu, Lalitpur, and Bhaktapur districts, but we can also get the sight of Kirtipur, Pharping village, and Dakshinkali Temple. Mountain peaks such as Mt. Ganesh, Mt. Langtang Lirung, Mt. Annapurna, Mt. Gaurishankar, and Mt. Everest can all be seen from this hiking site. We will also enjoy fantastic views over the villages of Bungmati and Khokana, Patan Durbar Square, Lake Taudaha, and Swayambhunath Stupa."
6467,Bhedetar View Tower,,26.86112466,87.31928213,0.0,, Scenic View,"The viewpoint of Bhedetar is also known as Charles Point or Shailung Danda. The name Charles Point is because the Royal Prince Charles of the UK climbed the hilltop during his visit to Bhedetar in the 1980s. The prince was happy with the majestic mountains like Mt Kumbhakarna, Mt. Makalu, Mt. Kanchenjunga, Mt. Everest, etc. from the hill. The tower is a multistoried building with a number of stairs in a circle. The view of sixteen districts is visible from the top of the tower."
6468,Kanyam,,26.86337478,88.08274778,0.0,, Natural Landmark,"Kanyam is a tourist destination in Illam District of Nepal. It lies in Suryodaya Municipality in Illam District in the Province No. 1 of eastern Nepal. Kanyam is known for its green tea garden and picnic spots. The first foundation is planted by Late King Birendra with the long-term vision in tea sector. Kanyam is also known as  queen of the eastern Nepal  due to its natural environment and gateway to the famous sunrise point.Kanyam is known for its natural beauty, it s called Queen of eastern Nepal for a reason, Tea Garden and the pine trees have covered the hills and the view is breath taking, also its chilled foggy weather is like a cherry on the cake which provides heavenly view which amazes everyone. Because of its Beauty it attracts the tourists from different parts of the country and also outside of the country.Kanyam is gifted with natural beauty, A majestic view of sunrise over tea garden, and the sunset under the tea garden of Kanyam is to die for. You shouldn t miss the beautiful view of sunrise and sunset while staying in Kanyam."
6469,Shree Antu,,26.89035804,88.11937602,0.0,, Scenic View,"Shree Antu, one of nature s wonders in Ilam, Nepal, a heavenly place on the outskirts of Darjeeling, India, and south of Kanchenjunga, is a must-visit destination while exploring Nepal from the east. Traveling to Shree Antu would be one of life s most rewarding experiences, which allows you to learn about diverse cultures while exploring the naturally expanding region.

The majestic golden view of the sunrise above Mt. Kanchenjunga from a view tower lures tourists to Shree Antu. Along with that, Mai Pokhari, a home for diverse flora, fauna, and the sacred pond of Goddess Bhagwati, is the place where you can spend your day appreciating the beauty of nature. Besides, you can also enjoy boating in Mai Pokhari. And if you are fond of hiking, there is a cave named Gufa Patal, which offers a splendid view of mountains and hills and is quite popular among tourists for hiking from Shree Antu to Gufa Patal."
6470,Taleju Mandir,,27.67306252,85.32538963,0.0,, Religious Site,"Taleju is the tutelary deity of the Malla kings of Kathmandu Valley. The temple in Patan was built by Siddhinarasingh Malla in 1620 CE.
Taleju Temple is situated at the north east corner of the M?la Coka (LAL1260), the major courtyard of Patan Darbar Square. Taleju Mandira is of a particularly unique design. Its three-tiered temple structure rises high above the north east corner of M?la Coka, exhibiting a multi-tiered (pagoda) typology. The temple is supported by a monolithic base measuring approximately 600 cm (width)   450 cm (depth)   870 cm (height). The composition of this base has not been investigated, but it likely contains brick, mud and possibly stone. Taleju Mandira was almost certainly built at the same time as the M?la Coka, as it is surrounded by and shares walls with the palace building. M?la Coka was completed in the 1660s and Taleju Mandira in the 1670s (see Gutschow 2011, 319)."
6471,Meghma,,26.94209144,88.0359501,0.0,, Scenic View,"From Meghma, at the head of Maijogmai Rural Municipality, you can see beautiful scenery. This area, which is about 17 km north of Nayabazar, is highly preferred by tourists. Meghma is a tourist area that can be reached by traveling one and a half kilometres from Tanglu. The Meghma area, at an altitude of 2,600 meters, has the only historical Buddhist monastery with many statues in the world. On the Indian side is the Sinhalela National Park, while on the Nepali side, the settlement has gained popularity in terms of religion.
The Buddhist temple welcomes tourists who come to Meghma. The supernatural weather here makes the tourist's mind happy when it unfolds and covers the Monastery in a blink of an eye.
Being a mountainous settlement, the area is covered with fog during rain and snow in winter. This variety of weather has contributed to attracting tourists. Thousands of tourists reach Meghma through Darjeeling in India and Fikkal and Nayabazar in Ilam, Nepal. There are hotels and homestays for visitors here. An Indian Border Security Force camp is located nearby in Meghma. You have to take a rental vehicle to reach here."
6472,kumbheshwor Mahadev Mandir,,27.67655486,85.3259995,0.0,, Religious Site,"Kumbheshwar Temple (Nepali: ?????????? ??????) is one of the oldest Hindu temples, situated 200m from the northern part of Patan Durbar Square. It was built in the 14th century (around 1392) by King Jayasthiti Malla which makes it the oldest temple in Patan. It is one of the two free-standing, five-story temples, the other being the famous Nyatapola temple of Bhaktapur. The temple is noted for its graceful proportions and fine woodcarvings and is dedicated to Shiva, as indicated by the large Nandi, or bull, facing the temple."
6473,IchhaKamana Mandir,,27.87142712,84.6248134,0.0,, Religious Site,"The Ichchhakamana Temple, located in the northwestern part of Makwanpur District, is a counterpart to the Manakamana Temple in Gorkha. According to legend, the goddesses of these temples were sisters who cursed each other, leading to Manakamana receiving many visitors and sacrifices, while Ichchhakamana remains less frequented. The temple, believed to be built by Mukunda Sen, features a simple two-roofed design and a finely crafted idol of the deity, known for fulfilling devotees' wishes."
6474,Shree Satya Narayan Mandir,,26.46158201,87.28162257,0.0,, Religious Site,"Shree Satya Narayan Mandir, located in Biratnagar, Nepal, is a prominent Hindu temple dedicated to Lord Satya Narayan, an incarnation of Lord Vishnu. The temple holds significant religious significance for Hindus, especially those who adhere to the Satya Narayan Puja tradition, which involves performing rituals to worship Lord Satya Narayan for prosperity, happiness, and fulfillment of wishes.The temple is characterized by its traditional Hindu architecture, featuring intricate carvings, colorful decorations, and a towering spire. Inside the temple, there is a sanctum sanctorum where the main deity, Lord Satya Narayan, is enshrined and worshipped by devotees.Devotees from Biratnagar and neighboring areas visit Shree Satya Narayan Mandir to participate in puja ceremonies, offer prayers, and seek blessings for various auspicious occasions such as birthdays, weddings, and housewarming ceremonies. The temple is particularly crowded on days of religious significance, such as Purnima (full moon) and Ekadashi (eleventh day of the lunar cycle)."
6475,Taleju Bhawani Temple,,27.70491491,85.30804647,0.0,, Religious Site,"The magnificent Taleju temple, located in Durbar Square of Kathmandu, is dedicated to the clan Goddess of Malla kings, Devi Taleju Bhawani. Traditionally, entry into the temple was restricted to kings but has now been extended to the Hindus. It is believed that the temple was constructed in the shape of a Yantra, as was directed by the Devi herself. In the middle of Durbar Square, the temple, set atop a pedestal, is a stunning sight that reminds people of its rich heritage and cannot be missed even when the square is bustling with activities. The Degu Taleju Temple is not open to all. However, on the special occasion of Dasain, devotees can enter to offer prayers to the Goddess. The rest of the time, tourists can explore the shrine from the outside."
6104,wakupati narayan,,27.67338638,85.43708654,0.0,, Religious Site,wakupati narayan temple suited at Bhaktapur suryamadi tole nearby dattatrya temple
6118,Salan Ganesh Dyo Chhen,,27.673937,85.434589,0.0,,Heritage Site,"Salan Ganesh Dyo Chhen is the god house of Salan Ganesh Temple. However, it is more famous as Agam dyo chhen than the dyo chhen.
The dyo chhen of Salan Ganesh is an exceptional architectural illustration. Unlike other dyo chhen (god’s house), which looks more like a residence but this dyo chhen owns some features matching the temple. Equivalently, it’s rare to find double torans even in temples too. Besides a pinnacle (Gajur) and beautiful carvings over struts, windows and doors made it more of a diversion to the orbs.
Agam dyo chhen
PC: Praz Santt/bhaktapur.com
The flanking stone lions’ home although is declared a world heritage site, yet we are not allowed to observe the interior. Because it still remains occupied by the local resident thus it’s not open to the public.
About the age of the dyo chhen, there is no exact record regarding its erection yet there are some guesses which tells us that it might have been built when the Salan Ganesh temple was built. It somehow makes sense too. Considering, the dyo chhen is of Salan Ganesh temple, it could have been built during the same time period.
The struts and the carvings
PC: Praz Santt/bhaktapur.com
Moreover, the famous architect Mr Wolfgang Korn also remarks that it may be incorrect to describe buildings of this type as temples because they are called even on Newari Dyochhens, which means god’s house. However, only the replica of god is quartered over there.
Well, it’s quite easy to find this architecture foregoing the parade of local residences. On the northern alley of Salan Ganesh puku, the last building to the very west is the dyo chhen of Salan Ganesh Temple.
References-
orientalarchitecture.com"
6119,Aesamari Sattal of Taumadhi Square,,27.671034,85.429155,0.0,,Heritage Site,"Many of you might have heard about the word Aesamari Sattal and some might know which exactly the architecture is. Aesamari Sattal is non-other than that building, which resides right in front of the Nyatapola temple where “New Cafe Nyatapola” exists.
That building was said to be used by the priest who came to Bhaktapur, especially for the Biska Jatra. Also, the building was said to be the house of the essential elements of the biska jatra festival. 
There are numerous stories related to this particular building. It is said that there used to be a puja each year during Biska jatra in the Taumadhi square. That puja was specially held for the salvation of those spirits who had an unfortunate death. And the sages were said to make the big bread (roti or mari) in this particular place, thus it started to be called Aesamari Sattal.
Moreover, Aesamari Sattal is also unique in the aspect of depicting exceptional woodcarvings. Especially the erotic carvings. In the struts of this building, we can see numerous characters and their actions, beautifully depicting the then lifestyle.
Erotic carving at Nyatapola cafe PC: Praz Santt/Bhaktapur.com
You can check out more carvings like this on the Erotic carvings on the architecture of Bhaktapur."
6120,Davis Fall Pokhara,,28.18924504,83.95866383,0.0,, Natural Landmark,"Forming a tunnel of around 500m reaching the bottom, Davis Fall is an extraordinary waterfall with its natural phenomenon. It was named so because a swiss couple Davi when were swimming the female drowned there and on her father request , it was named Davis fall called  Patale chhago . This is one of the most visited places in Nepal.After exiting the tunnel, the water passes through a cave called Gupteshwor Mahadev Cave or  cave beneath the ground . The Phewa Lake dam is the water source. The cave also acts as a tourism site because it has complex designs and people even forget the way inside the cave. ????????????

The falls are located right before the Tashi Ling Tibetan Camp on the road that leads to Butwal. You can either hire a taxi or take a bus from Phewa Lakeside to arrive at the falls. To make your trip a little more venturesome and to experience the town s beauty at its best, you can also rent a bike or a scooty to reach the attraction.

It was on July 31, 1961, when a Swiss couple Davi made their visit to this enchanting place

Grab your camera and head to Devil s fall, known locally as the Patale Chhango. This beautiful waterfall is located about 2 kilometres south-west of the Pokhara Airport on the Siddhartha Highway."
6121,Jetha Ganesh Temple,,27.670098,85.427818,0.0,,Heritage Site,"The Jestha/Jetha Ganesh temple of pottery square dates back to the year 1646. Unlike other temples around, the Jetha Ganesh temple was not built by any king or the prince. Instead, it is said that it was donated by a wealthy person.
The architecture of the temple seems normal to us cause it’s a two-storeyed pagoda styled temple. But the importance of it does not rely on its normal architectural design. This temple is extraordinary because of the images of Astamatrika and Astabhairava. They are beautifully carved on the temple’s struts, which is very rare to find in any temple, even in the entire Kathmandu Valley.
Astamatrika at Jetha Ganesh temple
Moreover, each year during the Biska Jatra,  a Lyo Sin Dyo without arms (Lha maru Lyo Sin Dyo) is raised on the premises of this temple."
6122,Taragaun Museum,,27.72019652,85.35617486,0.0,, Art Gallery,"The Taragaon Museum is a private museum located in Kathmandu. It is located in the northern part of the city near the Bouddhanath stupa.It is situated on the ground of the Taragaon Regency hotel, which owns the museum. The museum is supported by the Saraf Foundation. The museum features a permanent collection in three of its building and a contemporary art gallery.
The permanent exhibition is titled ""ARCHIVING FOR THE FUTURE"" which is a curated display that explores the juncture of time, architecture, and archives documented through memory and people and highlights the role of archiving in preserving and promoting our shared heritage for future generations.
The Nepal Architecture Archive (NAA), officially founded in 2016, is housed on the sprawling premises of the Taragaon Museum. This growing and versatile archive with rare photographs, books, surveys, blueprints, objects, and invaluable notes serves as readings of Nepal's fast-changing urban landscapes and cultural nuances. Documented over the years by numerous international and local visiting scholars and artists, the archive houses collected and donated material by over a hundred contributors whose research maps histories of varied architectural elements and materials for future understanding and documentation.
Niels Gutschow curated a collection of works by architects, anthropologists, artists, cartographers, engineers, photographers, planners, researchers, and advisors to the government for public viewing across the seven buildings of Carl Pruscha's Taragaon Hostel, converted into the Taragaon Museum in 2014. The fascinating architectural structures with their brick walls, niches, and large round windows proved to be a space that spurred curiosity in the direction of the architectural archive to understand Nepal's (primarily Kathmandu Valley) architectural landscapes and the changes it has undergone over the past few decades. The earlier exhibition display focused on academically highlighting photographs, etchings, maps, plans, and drawings. Taking a cue from these elements, this show of the permanent collection of NAA aims to open up access to a broader audience who will, over time, become the keepers and future contributors of the archive and the conveners of their museum, and their histories and futures at Taragaon Next."
6123,Bhajyapukhu of Bhaktapur,,27.670663,85.421144,0.0,,Heritage Site,"Bhajyapukhu or Bhajupokhari of Bhaktapur is recently renovating under the act of Bhaktapur Municipality. This pond seems like a hidden pond of Bhaktapur cause it is labelled beside the line of various restaurants and local residences. But it is very easy to locate this pond. 
It lies right behind the Shiddhapokhari of Bhaktapur, on the southern arena. All you need to do is cross the road toward the south of Shiddhapokhari. Make the traditional pati to your right( which has a small outdoor shop) and keep going. Within a few steps, you would be standing on the northeast corner of the Bhajupokhari.
People used to play football in the pond, lightly a few years back because there was no water in this pond. It was totally dried up and was only limited in the name of the history of Bhaktapur. Even, in the history of Bhaktapur, there is no accurate information about this pond.
Regarding Culture Activist, Om Dhaubhadel, Bhajupokhari was built by a general commander of King Jitamitra Malla, Bhagiram Pradhananga (Bhaju Kasaju/ Bhaju Kasa). By whom’s name, the pond is named Bhajuya Pukhu which means the pond of Bhaju. Later, it started to be called Bhajupukhu and then Bhajyapukhu. However, people also prefer to call it Bhajupokhari which all means the pond named by Bhaju.
Since there is no exact information regarding the erection period of the pond, considering the life ventures of Bhaju Kasa, it is guessed that it probably was built during N.S. 811/812. However, it is no sure date of its erection.
For the reconstruction of the pond, some pre-research and excavation work was also held in that area by the team of Historian and Culture Activist Dr Purushottam Lochan Shrestha. Surprisingly, some facts regarding the preceding temple and its antiquity have been unveiled. 
As per the study, there used to be a shikhara styled temple with an image of Jaleshwor. The temple is said to be built in the middle of the pond just like in the Ranipokhari of Kathmandu.
Likewise, it is assumed that the Bhajupokhari of Bhaktapur was made to replicate the Ranipokhari of Kathmandu. More or less, it is also believed that an earthquake ruined the pond along with its history, making it still a mystery."
6124,Muktinath Temple,,28.81694665,83.8717963,0.0,, Religious Site,"Muktinath is a Vishnu temple, sacred to both Hindus and Buddhists. It is located in Muktinath Valley at the foot of the Thorong La mountain pass in Mustang, Nepal. It is one of the world s highest temples. The site is close to the village of Ranipauwa, which is sometimes mistakenly called Muktinath.Situated at an altitude of 3,710 meters (12,172 feet) at the base of the Thorong La mountain pass in the Mustang district, Muktinath is a highly venerated sacred place for both Hindus and Buddhists.Hindus call the site Mukti Kshetra, which literally means the  place of salvation  and it is one of the most ancient temples of the God Vishnu and the Vaishnava tradition in Nepal. The shrine is considered to be one of the eight sacred places known as Svayam Vyakta Ksetras (the other seven being Srirangam, Srimushnam, Tirupati, Naimisharanya, Totadri, Pushkar and Badrinath), as well as one of the 108 Divya Desam, or holy places of worship of Lord Vishnu. Additionally, it is also one of the 51 Shakti Pitha goddess sites.For Hindus, Muktinath Temple is one of the 108 Divya Desams or holy abodes of Lord Vishnu, the god of preservation. It is believed that a pilgrimage to this sacred site can help to break the cycle of birth and death (samsara), granting salvation (moksha) to the devotees. In addition, Muktinath is one of the eight most sacred shrines in the Hindu tradition, known as the Swayam Vyakta Kshetras, where Lord Vishnu is said to have manifested himself. Devotees visiting the temple often take a ritual bath in the 108 sacred water spouts, known as Mukti Dhara, and the two holy ponds, Mukti Kunda and Saraswati Kunda, to cleanse themselves of sins and achieve spiritual purification.For Buddhists, particularly those following the Vajrayana tradition, Muktinath Temple holds great importance as one of the 24 Tantric places where the guru Padmasambhava, also known as Guru Rinpoche, is believed to have meditated. The presence of the temple within the Annapurna Conservation Area, which is home to numerous ancient Buddhist monasteries, further solidifies its significance within the Buddhist tradition. Buddhists believe that visiting Muktinath can help them attain spiritual enlightenment and progress on their path to achieving Buddhahood.

The harmonious coexistence of Hindu and Buddhist beliefs at Muktinath Temple is a testament to the shared spiritual heritage and mutual respect between these two ancient religions. This unique blend of religious significance, combined with the temple's awe-inspiring natural surroundings, makes Muktinath a truly special pilgrimage site for devotees from all walks of life."
6103,Betana Wetland,,26.65927619,87.43206767,0.0,, Natural Landmark,"The Betana Wetland Area, also known as Betana Simsar, is a popular regional tourist attraction of Eastern Nepal located on Belbari municipality in Morang district. It is about 15 km from Itahari and can be easily reached by local vehicles or auto-rickshas. Betana wetland is at an altitude of about 123 meters above sea level and has a land coverage of 5.5 ha. This wetland features a scenic landscape including a lake, saal (shorearobusta)trees, and also is a habitat to various endangered flora and fauna of Nepal. This place is famous mainly among the local people as an ideal destination for spending some peaceful time in nature, carrying out refreshing recreational activities, boating, as a picnic spot and is also favored by couples for spending some moment together.

This wetland is designed and managed in a very attracting and captivating way to attract a same visitor more than once. Betana wetland region is also rich in its biodiversity and is home to many endangered plants and animals such as tortoise, fishes, variety of birds, and a collection of indigenous and rare flora and faunas. A zoo has been constructed inside the area and other statues and structures like bridges have been added to make the whole area more attractive. The forest area of this wetland is around 175 ha and it is a part of the popular Char Kose Jhadi jungle. The major portion of the forests is covered by saal trees, khair-sisoo trees and a mixed forest. A small portion of the forest area is filled with tombstones of the Kirati people. The huge forest area is home to different species of flora and fauna including some species that are rare in the whole world.The pond s depth varies from 0.5 to 1.5 m during the dry season to 1 to 2.5 m during the monsoon season. Fishing is strictly banned inside the terrain and feeding fish for fun is a common practice here. A glimpse of rare tortoise can be seen sometimes, if one gets too lucky. Similarly, the marshland region is home to a variety of birds species including migratory birds. A total of 49 different species of birds have been said to be reported from this wetland area. This profusion of green lush vegetation along with beautiful lake and wetland herbs and shrubs creates a captivating view while adding to the ecological importance of the region.

The opposite side of the entrance of Betana wetland houses various small food shops that provide a variety of local and delicious food items such as buff sukuti, pork sekuwa, thukpa, locally crafted beverages, etc. Inside the wetland area certain portions are divided into picnic spots, perches and restrooms. The wetland can be easily assessed as its entry ticket price costs Nrs 20 and other amenities such as boating and picnic spots reservation can also be under a fair amount not exceedingly more than five hundred."
6126,Gupteshwor Mahadev,,28.18942825,83.9572322,0.0,, Religious Site,"History of the Gupteshwor Mahadev Cave

The cave was allegedly discovered in the 16th century by some local men who stumbled upon it when clearing some grass. Within the dark cave they discovered many shrines and statues dedicated to Shiva and other Hindu deities. These included Mahadev and Parvati, Nageswor and Saraswati. Towards the read of the cave the men discover that a waterfall ran through it. Further inspection revealed to them that the water fall came from Patale Chhango (later known as: Davis falls).

Outside the Gupteshwor Mahadev Cave

Before you even enter into the cave itself there are things to see. After walking through the roadside archway you ll have a dozen or so souvenir stalls to peruse. Though you will probably be better off buying in Lakeside or better yet Kathmandu. Before the ticket counter is a a round concrete balcony of sorts. It gives you a close look at the cave entrance and the statues leading up to it. After you buy you ticket you will will enter down the large spiral staircase. It s here where you ll see many modern statues and plaster works depicting everything from semi-clad ladies to bearded men and Nepali deities. There seems to be a take on some of the Kathmandu Valley s erotic carvings here as many of the sculptures are of a sensual nature.

Inside the Gupteshwor Mahadev Cave

As you enter the cave you ll discover how dark it is inside. There is lighting but it s only a series of small light bulbs. A head torch comes in handy as you descend a little to the first unusual sight. A cow shed. While primarily a religious site, the cow is a statue over a Shiva lingam. It s being developed more as a tourist attraction these days.You are free to enter inside the small little tunnel like shed. If you leave a donation you can receive a drink of milk. Though you might have to ask for it too. There is no live cow. Continuing on the 40 or so meters down the cave passing other small statues and shrines you ll come across the main Shiva temple which has a strict rule about no photography. There are guards or caretakers watching out for this. Continue on past the temple to the second part of the cave which is about 140 meters in length. Here the walls open up and you can see some nice colors in the cave walls. Further again and you ll come across a metal staircase leading downwards. You ll hear the waterfall ahead from here. This part is often closed during the monsoon season. Do be careful as the staircase and ground is quite slippery. Once you have descended the staircase you will have to walk across some uneven rocky ground until you get to an area with a view of the waterfall."
6127,Jagannath temple of Tulachhen,,27.672578,85.430088,0.0,,Heritage Site,"Bhaktapur, without an unspecified reason, is not designated as the city of temples. You see, each corner of the path and chowks of Bhaktapur contains some kind of shrine. Somewhence, you would also find temples with different architecture but of the same names. Referring to this case, you can find one Jagannath temple in Durbar Square and another one at Tulachhen.
The temple of Jagannath which lies at Tulachhen is also one of the important temples of Bhaktapur. After witnessing a pillar with fine Garuda’s statue and big plinths, historians somehow assumed that it must be a grand temple. Though, today the temple is only one-storeyed but is able to protect the beautiful images of Jagannath.
The image of Jagannath
In the temple, the statue of Krishna is represented as Balbhadra Jagannath and is in Nil Varna which means Blue in colour. Likewise, the statue of Subhadra and Balaram( Baladev) are in Rakta Varna and Sweta Varna respectively.
Jagannath, Subhadra and baladev
As per the foundation of the temple, it is stated that it was built during the reign of King Prana Malla in N.S.663. Also, it was assumed to be built in Shikhara style.
However, we do now see the structure of the temple built after the quake of 1990."
6128,The image of Chatur Narayan,,27.67245,85.430346,0.0,,Heritage Site,"This image of Chatur Narayan (the four Narayan) is located right in front of the Jagannath temple of Tulachhen.  Most people tend to call this place, Markandaya Talau too, correlating to the Jagannath temple’s glory. By the style of the statue, it is assumed that it must be made during the 15th century.
The Lord Vishnu (Narayan) in this statue is in Samabhangaasan holding a lotus (Padma), the Indestructible Mace Of Lord Vishnu (Kaumodaki), a conch (Shankha) and the Unstoppable Disc Of Lord Vishnu (Sudarshana Chakra) in each of his four hands. Perhaps, because the place was once called a Talau (lake), the image of that Chatur Narayan is also worshipped as Jalhari. However,  to this day, regular puja is not conducted over there."
6130,Digu Bhairava Temple,,27.679148,85.385708,0.0,,Heritage Site,"Digu Bhairava Temple is one of the most prominent temples of Digu tole, thimi. The locals worship Digu Bhairava as their linage deity. Thus, the southern door of the temple is always kept open for the populace while the other door (the eastern one) is open on bare occasions.
It is a two-storeyed temple made in N.S. 600 (B.S. 1536) and one can easily reach over there. All you need to do is follow the same main road of thimi. Nearby, you could also find the temple of Digu Ganesha, Brihaspati, Narayan, Mahadeva, Chaitya, Dabalis and Patis.
Well, on one of those pati, one of the famous jatras of thimi, the tongue piercing one takes place that in each year after the day of Yenya Punhi (Indra jatra). Also, the temple is whirled by the palanquins during Biska jatra, stating that it is one of the most important temples of Thimi."
6131,Kakre Bihar,,28.562976,81.62050797,0.0,, Archaeological Site,"A small hillock in the middle of Surkhet valley, Kakre Vihar is home to ruins of a 12th-century stone temple, which shows that the people of the region practiced Hinduism along with Buddhism. The carved stones and bronze statues reflect the images of Buddha and many Hindu Gods and Goddesses including Saraswati and Ganesh. Embracing an amazing view of Birendranagar, this beautiful place continuously ranks as one of the most important tourist destinations. Thousands of people come to this area for religious purposes as well as to experience the rich atmosphere of nature."
6132,Bish Hazari Lake,,27.61804429,84.43761567,0.0,, Natural Landmark,"Bish Hazari (20 Thousand) lake is in the southern corner of Bharatpur. The lake is very attractive for the bird lovers and serves as an important bird watching center. The lake area houses lots of crocodiles and thus is equally attractive for the reptile lovers. The Lake Lies nearby Chitwan National Park. Bish hazari lake lies just 5 km south from the city center (Chaubishkothi) of Bharatpur.
There are various reason to call the lake as Bish Hajari taal. The meaning of Bish Hajari is Twenty Thousand (20,000). The first reason to call it Bish Hajar is: there are lots of small and big lakes and its counting is to much, more than thousand so it is called 20,000 Lake. The another reason to call it Bish Hajari is when we see the lake from the sky, the shape of the lake is like 20,000.
The lake likes inside Chitwan National park has good environment there. Some wild animals specially crocodiles and rhinos are found often near Bish Hajari Taal. Different birds migrate to Bish Hajar Taal from the Northern Pole of the earth in search of Suitable environment. In winter the Northern poles are very cold and to escape from the massive cold, birds migrate to Bish Hajari Taal.
It depends how you would like to go to Bish Hajari Taal. By walking from Bharatpur or Sauraha or by Jeep or by Cycling. One has to pay the National Park entry fee and if you choose by Jeep or by cycling, you have to pay for Jeep or Cycle too."
6133,Bakhachhen Mahadev Temple and Siwa Ganesh temple,,27.677666,85.386782,0.0,,Heritage Site,"The inscription found near this, Bakhachhen Mahadev temple states that it was built in N.S. 561 (1498 B.S.) which also made this temple, the oldest heritage site of Thimi. It is situated at Siwatole of Thimi. Around 110m east from the main road of Thimi and Thimi Layaku area.
It is a two-storeyed temple made in the pagoda style, facing toward the west. The gold-glided pinnacle, Shivalinga and traditional roofing style of this temple give an obsolete faithful vibe. 
beautiful toran of Bakhachhen Mahadev temple
Nearby, there is another temple designed in the same outlet, named Siwa Ganesha temple. But, it is faced toward the south. By the architectural state, one can determine that it looks older than the other one.
However, it doesn’t end the number of temples located in that area. There is also a temple of Gaurishankhar, Bhairava, Siddhi Ganesha, Bu: Mahadyo (self emerged Mahadev), Golakhu Dyo (the nine deities) including various statues of god and goddesses which are both historically and culturally important.
Along with that, there is a pati, a dabali, Kunda (pond), dhungedhara (stone spout) and a chaitya.
Pati on the premises of Bakhachhen Mahadev and Siwa Ganesh temple
water spout near Siwa Ganesh temple
Source: Gantabya Madhyapur Thimi"
6134,kankalini Temple,,26.55100404,86.89268919,0.0,, Religious Site,"Kankalini Temple is a famous temple and Shakti Peethas in Eastern Nepal. It is situated in Bhardaha VDC, Saptari, 19 km east of district headquarter Rajbiraj and also near to Indian Border Birpur. This Temple is a main attraction for Nepal and Indian Pilgrims. People are likely to come here in Bada Dashain. Some thousands of goats are sacrificed here during Dashain. The temple lies near Mahendra Highway Bhardah section.
According to History and Hindu Legend during establishment of human village in Bhardaha, they found a stone statue of Durga while digging land there. At that time they settled the statue in Kankalini temple and start worshiping. It is believed that devotee wish come true when they pray goddess with great devotion."
6135,Gunakriti Mahavihar,,27.679547,85.386079,0.0,,Heritage Site,"Gunakriti Mahavihar is one of the ancient Vihars of Madhyapur Thimi. Being located at Digu Tole made it also called Digu Baha. To reach over there, all you have to do is follow the main road of thimi towards the north, until and at the end you see this Mahavihar on your right-hand side. 
Well, the inscriptions found here state that this Vihar is way older. As per the inscription, it was once renovated in N.S. 808. Likewise, the two golden images of Dipankar Buddha (one small and another big) was installed there in N.S. 684 (B.S.1621) and N.S. 689 (B.S. 1626).
Do you know that those images of Dipankar Buddha are roamed around in Thimi, Nagadesh and Bode on the day of Panchadan? That event is called Dipankar Jatra.
Besides, there is a  chaitya in this Mahavihar that is made anciently, recalling the lichhavi style of architecture. It apparently is the best thing to observe over there. However, there is one more statue of Bauddha Guru Padmasambhava which make this Vihar even more attractive.
Source: Gantabya Madhyapur thimi"
6136,Sankata,,27.70208094,85.31216785,0.0,, Religious Site,"Sankata Temple, is one of the temples located at Te Bahal, Kathmandu, Nepal. Sankata is a popular divinity who is worshipped, especially on Saturdays, to ward off bad luck and sickness. Sankata is worshipped by Buddhist as well who accredit the shrine to Chanda Mahoroshan."
6137,Vishnu Kunda (Sungaa Pukhu),,27.67721,85.38384,0.0,,Heritage Site,"Vishnu Kunda or Sungaa Pukhu is a historical pond that remained dry for so long. But in the year, 2075 it was again restored traditionally.
Though this pond is not as big as Nigoo Pukhu, it had some sort of religious significance. In past, there used to hold a grand mela on the day of Gatha Muga cha: re.
This pond is about 600 m ahead (towards north) from Chardobato chowk. And, nearby there is a Compost Mal Kendra which produces agricultural chemicals using Japanese technology. That’s why many national and international groups visit this area for study purposes."
6139,Shree 3 Vishnu Bir mai Temple (Sungaa Dyo),,27.676203,85.384033,0.0,,Heritage Site,"Shree 3 Vishnu Bir Mai temple is one of the mattering temples of Thimi which is situated at Sungaa tole of Madhyapur Thimi. Perhaps, that’s why the temple is also called Sungaa Dyo. Or, maybe because of the name of Sungaa Dyo, the place started to call Sungaa Tole. 
Shree 3 Vishnu Bir Mai temple
Whatever the reason might be behind this naming but one thing is clear that this temple has a lot of significance. This temple is also called the temple of Vaishnavi, the shakti of Lord Vishnu.
Deities of Vishnu Bir Mai temple
During the Biska Jatra, the palanquin of this temple (the khat of Vishnu Bir) leads to the other five Ganesha’s palanquins. With that, there held a solo jatra of its called Vishnu Vir Khat Jatra at the end of the Baishak where its palanquin is roamed around the entire thimi. (Here, thimi is referring as the main thimi area)
The legends say that this temple was faced west and had 12 corners in the past. Meanwhile, today it is faced towards the east and is made in Gumbaj style. The temple houses unshaped images of God and Goddesses. In front of which, one can encounter a statue of Garuda, doing Namaste (adjoining hands position) and a hanging Pataah.
Hanging pataah of Vishnu Bir mai temple
Likewise, in the courtyard of this temple, you can find fine patis (resthouses) to perform daily rituals and Bhajans. There is a replica of Shiddhi kali on the northwest corner of the courtyard and a small image of Saraswoti.
Taking a western alley from Balkumari Temple would take approximately a few minutes of walk to reach over there."
6140,Nava Durga Temple,,27.67514297,85.43580243,0.0,, Religious Site,"Normally temple is always open for devotees but Specially Kojagrat Purnima,Last day of Every Vijaya Dashmi head of State will worship. This is tradition of this temple."
6141,Thimi Layaku,,27.6774,85.386132,0.0,,Heritage Site,"Because of the location of Thimi Layaku, which is situated beside the main road, it became very easy for the wanderers to locate it out. Going straight ahead toward north from Balkumari temple (157m) would eventually lead you toward Thimi Layaku.
Today, the layaku (palace) of Thimi is functioning as the Aadarsha Secondary School. Although it is functioning as a school, some portion of this area is still used for cultural activities. The activities regarding Bhairava Dance, Taleju and many other culture-related activities are conducted from here. That’s why it is also called the cultural centre of Thimi.
Besides the cultural values, this place seems important for religious purposes. Each year during Biska jatra the statues of Balkumari are put over there, who is the main deity of Sindoor jatra. Also, the courtyard which has the Taleju temple is remarkably attractive although the section is still under construction.
Thimi layaku courtyard under construction
taleju at thimi layaku
toran of taleju temple
one unique window at Taleju courtyard-thimi layaku
newly placed windows-thimi layaku"
6142,Ranipokhari of Bhaktapur,,27.672136,85.415147,0.0,,Heritage Site,"There is a Ranipokhari in Bhaktapur. Most people might have had no idea about this historic pond’s existence before the issue of its reconstruction. The mighty pond is said to be 40 years older than the Ranipokhari of Kathmandu. That’s why the Ranipokhari of Kathmandu used to be called “Nhu Pukhu “ which means the New pond. However, this Ranipokhari of Bhaktapur is not as big as Kathmandu’s.
Ranipokhari of Bhaktapur
As per the historian Dr Purushottam Lochan Shrestha, the Ranipokhari of Bhaktapur was ordered to be built by King Jagat Jyoti Malla, one of the greatest kings of Bhaktapur. It is assumed that he ordered the building of the pond in remembrance of his wife, Queen Rajlaxmi.
The found inscriptions state that it was built in 1687B.S.(1630 A.D, 750N.S.) within a timeframe of 5 months only. Later, it was renovated by King Jitmitra Malla in 1735. During the renovation, several statues of gods and goddesses were believed to be installed there. However, there are no signs of those artefacts in the current Ranipokhari.
Ranipokhari of Bhaktapur PC: bhaktapur.com/Prasant Prajapati
Unfolding history somehow reveals the facts that the pond was severally destroyed during the invasions of Kantipur and Lalitpur in Bhaktapur. Also, the artefacts appeared to be stolen during that time.  
It is said that there used to be a snake statue in the middle of the pond. As per some folklore, there stood the head of the “BasukiNaag” in this pond. Likewise, the body and the tails in the Shiddhapokhari and Na pukhu respectively. 
(These three ponds Ranipokhari, Shiddhapokhari and Na: Pukhu (Guhyepokhari) are considered sisters ponds.)
Besides the historical importance, it has another reason to be an important place to the Bhaktapurians. The Prajapati, Awal, Jochhen, Maharjan, Bhujitu, Rajlawat people of Bhaktapur do their digu puja at the premises of Ranipokhari. Moreover, they certainly perform the Ihi as well as the Bartabanda ceremony over there.
Ranipokhari of Bhaktapur PC: bhaktapur.com/Prasant Prajapati
On the southern part of Ranipokhari, there is a “Sattal” which had great use in the past. It is said that when Bhaktapur used to welcome Harishiddhi Naach and Naradevi Naach that used to be held once in 12 years, the dancers, as well as their team, used to rest in that Sattal before entering the Bhaktapur Nagar.
Sattal at Ranipokhari of Bhaktapur PC: Bhaktapur.com/ Praz Santt
Similarly, during Biska Jatra, a khadga used to come from Hanuman Dhoka Durbar which was also used to first settle down at the same sattal before entering Bhaktapur.
Ranipokhari now is open to the public as well.
(It was actually closed for the public since 2040 B.S. The land was used for army training and was under the control of the current Sainik Awasiya Vidhyalaya.)"
6143,Haleshi MahaDev,,27.19352242,86.62214667,0.0,, Religious Site,"Deep within the foothills of eastern Nepal, nestled amidst the verdant embrace of the Khotang district, lies a sacred tapestry woven by time and faith. Here, nestled at an altitude of 3,100 to 4,734 feet above sea level, the awe-inspiring Halesi-Maratika Caves stand as a testament to the rich spiritual heritage of the region.
Known as the Halesi Mahadev Temple by Hindus and the sacred abode of Padmasambhava for Buddhists, these mystical caves have resonated with pilgrims for centuries. Hindus revere the caves as the haven where Mahadeva, a form of Lord Shiva, sought refuge from the formidable demon Bhasmasur. For Buddhists, it is the hallowed ground where the legendary Guru Padmasambhava attained enlightenment, leaving behind a legacy of Vajrayana practices that continue to captivate spiritual seekers even today.

But the magic of Halesi-Maratika transcends religious boundaries. The Kirat Rai community, indigenous to the region, also consider these caves a sacred ancestral site, worshipping Halesi as a revered deity. This confluence of faiths and cultures imbues the atmosphere with a unique, almost palpable energy, drawing visitors from far and wide to bask in its radiant glow.
So, whether you seek spiritual solace, historical intrigue, or simply a breathtaking escape into the lap of nature, the Halesi-Maratika Caves beckon with their timeless allure. Come, discover the secrets whispered by the wind through ancient caves, feel the pulse of a vibrant tapestry of faith, and find yourself at the heart of a sacred story that continues to unfold in the mystical mountains of Nepal."
6144,Siddhi Ganesh Temple and Dyo Chhen,,27.683984,85.385395,0.0,,Heritage Site,"Siddhi Ganesh Temple of Nyagya Tole is worshipped as the main deity of Nagadesha. Each year, the palanquin of Siddhi Ganesh used to be taken at Balkumari temple, during Biska Jatra. It was the only palanquin that used to depart from Nagadesha. And, only after the presence of the palanquin of Siddhi Ganesha, the Balkumari Jatra used to starts.
Siddhi Ganesh temple
Perhaps, because the Siddhi Ganesha is assumed as the eldest son of Balkumari, he used to possess such priority. But unfortunately, today this series of acts are not performed. Moreover, some people assumed Siddhi Ganesha as Kumar too.
The temple of Siddhi Ganesh is located inside a courtyard and guess what, the entrance of the temple is no other than its dyo chhen. After entering the Dyo Chhen, you need to walk toward the north. You could encounter a pond, minor temples, people playing cards on nearby pati, while you walk toward the temple.
Way to Siddhi Ganesh temple
locals nearby Siddhi Ganesh temple
Also, you can sense the fragrance of green veggies while discerning people tieing them.
The temple is assumed to be built in N.S. 600 (B.S.1536) whereas the dyo chhen was built in N.S. 916 (B.S. 1898). This three-storeyed golden roofed temple is now having some renovations while the dyo chhen itself is becoming one of the main attractions of this place.
Dyo chhen of Siddhi Ganesh Temple
The Siddhi Ganesh Dyo chhen depicts one of the beautiful woodcarvings output of thimi. The Dyo chhen is used to store the image of Siddhi Ganesha, Palanquin and other objects that are used in cultural activities. However, it is gaining more attention because of its golden window. The window is said to be made out of gold that’s why it is engraved under the iron bars.
It is said that before the erection of dyo chhen, the image of Siddhi Ganesh was placed in the house of local residences. Each year to the house of nearby residences."
6145,Kalika Bhagwati Temple,,28.25510124,83.61356277,0.0,,0,"High a top the southern shores of the Kali Gandaki River in western Nepal, nestled amidst the bustling town of B glung, stands the majestic Kalika Bhagawati Temple. Dedicated to the fierce Hindu goddess Kali, consort of Shiva and embodiment of female power, this sacred site reigns as a major destination for pilgrims and enthusiasts alike.
Within the expansive courtyard, accessed through four grand entrances facing the cardinal directions, lies a vibrant tapestry of devotion. Smaller temples dedicated to deities like Shiva, Radha Krishna, and Lakshmi Narayan stand alongside the central shrine, offering a diverse spiritual landscape for visitors. The air buzzes with fervent chants and rituals, culminating in the grand festivals of Chaite-Dashain and Dashain, where thousands flock to pay their respects and seek blessings from the divine.
Legend whispers of the temple's origins, tracing them back to a royal dowry gifted by King Manimukunda Sen to his son-in-law, Pratap Narayan Singh Malla. The idol, imbued with divine power, refused to be moved after a storm-wracked night, leaving the king no choice but to build a sanctuary around it, the very site that now pulsates with spiritual energy.
While tradition once saw animal sacrifices performed within the temple grounds, a shift towards compassion has prevailed. In 2016, the sacrificial practice of pigeons was replaced by their symbolic release, a testament to the temple's embrace of a gentler, more peaceful form of devotion. Whether seeking spiritual solace, admiring architectural splendor, or simply basking in the vibrant atmosphere, the Kalika Bhagawati Temple stands as a beacon of faith and cultural richness in the heart of Nepal.
I hope this paraphrased version retains the essence of the original text while being concise and engaging."
6146,Divyashwori temple,,27.674303,85.359739,0.0,,Heritage Site,"Divyashwori temple is one unique temple of Nepal. Probably in the entire nation, there is one such temple that has this kinda architectural characteristic. It along with the 5 main pinnacles owns a total of 13 pinnacles.  
It is the temple of Divyashwori, located 50m south of the lokanthali chowk. It is said that the temple along with the main pinnacle is made in Sriyantra form. Moreover, there is an amazing statue of Guhyakali inside the temple. Her image is also quite unique like the name and structure of the temple.
Her image has 11 heads and about 108 hands, surrounded by all serpents. Also, it is assumed that it might be the first temple ever dedicated to her in the entire world. It is said that she was established there by a Tantrik named Dibya in B.S. 1950.
Most of the devotees there offer her the pure water of coconuts and sacrifices are strictly prohibited. On top of that, there is a Sai bhajan and Yog centre on the premises of this temple."
6147,Budhasubba Temple,,26.82324223,87.29362076,0.0,, Religious Site,"The Buddha Subba Temple stands as a renowned religious sanctuary, particularly revered by the people of Eastern Nepal. This establishment is steeped in numerous folklore tales and is intertwined with various superstitious beliefs. It is most celebrated for its reputation as a serene haven where individuals seek to imbue their wishes with happiness and good fortune.

In the local culture, young couples subscribe to the belief that encircling colorful strings around the trunks of trees and etching their names onto the bark will usher in enduring happiness and a life shared together. Adjacent to the temple complex, there are also a couple of shops offering souvenirs for visitors to commemorate their visit. Additionally, the Buddha Subba Temple provides a modest parking facility situated at the primary entrance of the temple complex."
6148,Nil Barahi Temple,,27.695441,85.396436,0.0,,Heritage Site,"Nil Barahi temple is located in the northern arena of the historical city Tigani. It is Balkumari Temple, considered one of the four Barahi of the Kathmandu Valley. There is a natural stone inside the temple which represents the Nil Barahi herself. 
There is no roof in this temple which additionally make it a distinct temple. It is said that during the reign of King Vikram Sen, this deity was established over there adopting the Tantrik way. Besides the Nil barahi temple, there are other images of Astamatrika, bhairava and pati on its premises.
Other deities at Nil Barahi temple premises PC: Bhaktapur.com/Praz Santt
Nil Barahi temple premises
Moreover, this prominent place is important for both Hindus and Buddhists. Meanwhile, a lot of people worship this temple as Dhana Barahi too. 
Nil Barahi temple
A palanquin from this temple is prepared to participate in the Sindoor Jatra where an image of Nil barahi with 3 eyes and four hands is set aside. This image of her however always remained at Dyo Chhen. Besides, the legendary Nil Barahi Dance is also closely related to this temple.
This temple is at quite a height and a small jungle leads the way up there. So, it’s naturally a refreshing place.
Jungle area near Nil Barahi temple
Way to the Nil Barahi temple
There is a picnic spot too. Considering these features, the municipality organized to make it an eco-park. From where the Kathmandu valley, as well as Changu Narayan temple, can be seen very firmly.  
Western view from Nil Barahi temple
The eastern view from Nil Barahi temple"
6149,Mahalaxmi temple of Bode,,27.690791,85.390987,0.0,,Heritage Site,"Mahalaxmi temple is one of the most beautiful as well as giant temples of Madhyapur Thimi which has a lot of cultural and historical significance. It is located at Bhangutole of Bode and each year during Biska jatra (Sindoor Jatra), the palanquin of this temple leads another eight palanquins. With that, many cultural, as well as religious activities, are conducted in this temple. That’s why it is an important temple.
Although there is no information regarding the establishment of this temple, it is ensured that it was already built before N.S. 749 (B.S. 1686). Likewise, there is an inscription that states, that a golden Aakhi window (Aakhijhya) was offered there in N.S. 810 (B.S.1747).
The Mahalaxmi temple
This Mahalaxmi temple of Bode is also counted among the four Mahalaxmi of Kathmandu valley. Inside the temple, there are two stone images representing Bhairava and Mahalaxmi. But those stones are put in the upright position. As per the local darn, when they became uncontrollable and started to eat humans, they were placed like that.
There are other minor temples of Lord Ganesh, Nasa dyo and Chaitya on the premises of the Mahalaxmi temple.
Nasa dyo at Mahalaxmi temple
Ganesh mandir on the premises of Mahalaxmi temple
Moreover, a lingo is rose up and fall down on the premises of this temple during Biska Jatra. And, the foremost one of the most popular dances of thimi, Nil Barahi Naach and Gana, must rotate this temple to complete their journey."
6150,Phewa Lake,,28.21506444,83.94531682,0.0,, Natural Landmark,"Formerly called Baidam Tal, Phewa Lake is one of the most popular lake in Nepal attracting hundred thousands of tourists every year. In the south east section of Phewa lake, there lies a small island where Talbarahi temple is located. Phewa lake is located at an altitude of 742 m (2,434 ft) and covers an area of about 4.43 km2 (1.7 sq mi). It has an average depth of about 8.6 m (28 ft) and a maximum depth of 24 m (79 ft). Maximum water capacity of the lake is approximately 43,000,000 cubic metres (35,000 acre?ft). The Annapurna range on the north is only about 28 km (linear distance) away from the lake.

The lake is also famous for the reflection of mount Machhapuchhre and other mountain peaks of the Annapurna and Dhaulagiri ranges on its surface. The Tal Barahi Temple is situated on an island in the lake. It is located 4 km from the city s centre Chipledhunga. Phewa Tal is the travellers  focal point in Pokhara, and is the second largest lake in Nepal. In contrast to the gaudy tourist development of Lakeside, the steep southwestern shore is densely forested and alive with birdlife. The lush Rani Ban, or Queen s Forest, bestows an emerald hue to the lake. You can take to the lake in one of the brightly painted doongas (boats) available for rent at Lakeside. Many people walk or cycle around the lakeshore   the trek up to the World Peace Pagoda affords breathtaking views over the tal to the mountains beyond."
6107,Lokeshwor temple of Bhaktapur,,27.6720761,85.4253176,0.0,,Heritage Site,"Bhaktapur’s Lokeshwor temple, also known as Karunamaya, is a gorgeous temple located within the municipal limits of Bhaktapur. The temple is surrounded by local homes, moreover, the temple’s backside is rather attached to a house too.
Legend has it that when Lichhavi King Narendra Deva was ready to introduce Rato Machhindranatha (Lord Karunamaya) to Nepal, it was determined to establish one of the three designated locations. The contemporary Lokeshwor temple, Silu Mahadeva (Phasidegal), and Aankha Bahal were those three locations.
These locations are claimed to have been picked by a bird who was thought to be Lord Karunamaya’s emissary. The entire procedure was carried out under the auspices of tantrism.
As a result, these sites were regarded as the holiest. When the task of establishing Karunamaya was not completed, Baladeva, King Narendra Deva’s son, established a Padmapani Lokeshwor there.
Padmapani Lokeshwor is a Hindu god who appears to always be holding a lotus in his palm. He is also known as the Lashkar dyo (Laska dyo) and Bhaktapur’s Karunamaya.
The Jet Varna vihar is another name for it. It has Gaju Chaityas, Khamba Chaityas, Bajra Khatu Chaityas, Dharma Khatu, Vimba, Lokeshwor, and Dharma Dhatu Mandir on its premises.
Reference legend: Ganesh Ranjeet"
